9561.4bf2dc71.js:2 div
9561.4bf2dc71.js:2 由于“保留日志”的原因，已阻止console.clear()
9561.4bf2dc71.js:2 ƒ l(){}
9561.4bf2dc71.js:2 由于“保留日志”的原因，已阻止console.clear()
9561.4bf2dc71.js:2 (索引)toStringlastIndexdotAllflagsglobalhasIndicesignoreCasemultilinesourcestickyunicodeunicodeSets(索引)toStringlastIndexdotAllflagsglobalhasIndicesignoreCasemultilinesourcestickyunicodeunicodeSetsdepƒ0false''falsefalsefalsefalse' 'falsefalsefalseObject
9561.4bf2dc71.js:2 由于“保留日志”的原因，已阻止console.clear()
9561.4bf2dc71.js:2 Fri Mar 13 2026 14:47:47 GMT+0800 (中国标准时间)
9561.4bf2dc71.js:2 由于“保留日志”的原因，已阻止console.clear()
9561.4bf2dc71.js:2 {}
9561.4bf2dc71.js:2 由于“保留日志”的原因，已阻止console.clear()
utils.ts:137 unknown mouseout事件触发 MouseEvent {isTrusted: true, screenX: 1879, screenY: 98, clientX: 1875, clientY: 18, …}
utils.ts:137 unknown mouseout事件触发 MouseEvent {isTrusted: true, screenX: 1717, screenY: 146, clientX: 1713, clientY: 66, …}
utils.ts:137 unknown mouseleave事件触发 MouseEvent {isTrusted: true, screenX: 1717, screenY: 146, clientX: 1713, clientY: 66, …}
utils.ts:137 unknown mouseout事件触发 MouseEvent {isTrusted: true, screenX: 1473, screenY: 196, clientX: 1469, clientY: 116, …}
utils.ts:137 unknown mouseout事件触发 MouseEvent {isTrusted: true, screenX: 1223, screenY: 235, clientX: 1219, clientY: 155, …}
utils.ts:137 unknown mouseleave事件触发 MouseEvent {isTrusted: true, screenX: 1223, screenY: 235, clientX: 1219, clientY: 155, …}
utils.ts:137 unknown mouseout事件触发 MouseEvent {isTrusted: true, screenX: 1159, screenY: 243, clientX: 1155, clientY: 163, …}
utils.ts:137 unknown mouseleave事件触发 MouseEvent {isTrusted: true, screenX: 1159, screenY: 243, clientX: 1155, clientY: 163, …}
utils.ts:137 unknown mouseout事件触发 MouseEvent {isTrusted: true, screenX: 786, screenY: 193, clientX: 782, clientY: 113, …}
utils.ts:137 unknown mouseleave事件触发 MouseEvent {isTrusted: true, screenX: 786, screenY: 193, clientX: 782, clientY: 113, …}
utils.ts:137 unknown mouseleave事件触发 MouseEvent {isTrusted: true, screenX: 786, screenY: 193, clientX: 782, clientY: 113, …}
utils.ts:137 unknown mouseleave事件触发 MouseEvent {isTrusted: true, screenX: 786, screenY: 193, clientX: 782, clientY: 113, …}
utils.ts:137 unknown mouseleave事件触发 MouseEvent {isTrusted: true, screenX: 786, screenY: 193, clientX: 782, clientY: 113, …}
utils.ts:137 unknown mouseleave事件触发 MouseEvent {isTrusted: true, screenX: 786, screenY: 193, clientX: 782, clientY: 113, …}
utils.ts:137 unknown mouseout事件触发 MouseEvent {isTrusted: true, screenX: 711, screenY: 162, clientX: 707, clientY: 82, …}
utils.ts:137 unknown mouseout事件触发 MouseEvent {isTrusted: true, screenX: 689, screenY: 153, clientX: 685, clientY: 73, …}
utils.ts:137 unknown mouseleave事件触发 MouseEvent {isTrusted: true, screenX: 689, screenY: 153, clientX: 685, clientY: 73, …}
utils.ts:137 unknown mouseleave事件触发 MouseEvent {isTrusted: true, screenX: 689, screenY: 153, clientX: 685, clientY: 73, …}
utils.ts:137 unknown mouseout事件触发 MouseEvent {isTrusted: true, screenX: 661, screenY: 142, clientX: 657, clientY: 62, …}
utils.ts:137 unknown mouseleave事件触发 MouseEvent {isTrusted: true, screenX: 661, screenY: 142, clientX: 657, clientY: 62, …}
utils.ts:137 unknown mouseleave事件触发 MouseEvent {isTrusted: true, screenX: 661, screenY: 142, clientX: 657, clientY: 62, …}
utils.ts:137 unknown mouseleave事件触发 MouseEvent {isTrusted: true, screenX: 661, screenY: 142, clientX: 657, clientY: 62, …}
utils.ts:137 unknown mouseleave事件触发 MouseEvent {isTrusted: true, screenX: 661, screenY: 142, clientX: 657, clientY: 62, …}
utils.ts:137 unknown mouseleave事件触发 MouseEvent {isTrusted: true, screenX: 661, screenY: 142, clientX: 657, clientY: 62, …}
utils.ts:137 unknown mouseleave事件触发 MouseEvent {isTrusted: true, screenX: 661, screenY: 142, clientX: 657, clientY: 62, …}
utils.ts:137 unknown mouseleave事件触发 MouseEvent {isTrusted: true, screenX: 661, screenY: 142, clientX: 657, clientY: 62, …}
utils.ts:137 unknown mouseleave事件触发 MouseEvent {isTrusted: true, screenX: 661, screenY: 142, clientX: 657, clientY: 62, …}
utils.ts:137 unknown mouseleave事件触发 MouseEvent {isTrusted: true, screenX: 661, screenY: 142, clientX: 657, clientY: 62, …}
utils.ts:137 unknown mouseout事件触发 MouseEvent {isTrusted: true, screenX: 630, screenY: 130, clientX: 626, clientY: 50, …}
utils.ts:137 unknown mouseout事件触发 MouseEvent {isTrusted: true, screenX: 604, screenY: 119, clientX: 600, clientY: 39, …}
utils.ts:137 unknown mouseout事件触发 MouseEvent {isTrusted: true, screenX: 574, screenY: 107, clientX: 570, clientY: 27, …}
utils.ts:137 unknown mouseleave事件触发 MouseEvent {isTrusted: true, screenX: 574, screenY: 107, clientX: 570, clientY: 27, …}
utils.ts:137 unknown mouseleave事件触发 MouseEvent {isTrusted: true, screenX: 574, screenY: 107, clientX: 570, clientY: 27, …}
utils.ts:137 unknown mouseleave事件触发 MouseEvent {isTrusted: true, screenX: 574, screenY: 107, clientX: 570, clientY: 27, …}
utils.ts:137 unknown mouseout事件触发 MouseEvent {isTrusted: true, screenX: 482, screenY: 73, clientX: 478, clientY: -7, …}
utils.ts:137 unknown mouseleave事件触发 MouseEvent {isTrusted: true, screenX: 482, screenY: 73, clientX: 478, clientY: -7, …}
utils.ts:137 unknown mouseleave事件触发 MouseEvent {isTrusted: true, screenX: 482, screenY: 73, clientX: 478, clientY: -7, …}
utils.ts:137 unknown mouseleave事件触发 MouseEvent {isTrusted: true, screenX: 482, screenY: 73, clientX: 478, clientY: -7, …}
utils.ts:137 unknown mouseleave事件触发 MouseEvent {isTrusted: true, screenX: 482, screenY: 73, clientX: 478, clientY: -7, …}
utils.ts:137 unknown mouseleave事件触发 MouseEvent {isTrusted: true, screenX: 482, screenY: 73, clientX: 478, clientY: -7, …}
utils.ts:137 unknown mouseleave事件触发 MouseEvent {isTrusted: true, screenX: 482, screenY: 73, clientX: 478, clientY: -7, …}
utils.ts:137 unknown mouseleave事件触发 MouseEvent {isTrusted: true, screenX: 482, screenY: 73, clientX: 478, clientY: -7, …}
utils.ts:137 unknown mouseleave事件触发 MouseEvent {isTrusted: true, screenX: 482, screenY: 73, clientX: 478, clientY: -7, …}
utils.ts:137 unknown mouseleave事件触发 MouseEvent {isTrusted: true, screenX: 482, screenY: 73, clientX: 478, clientY: -7, …}
9561.4bf2dc71.js:2 div
9561.4bf2dc71.js:2 由于“保留日志”的原因，已阻止console.clear()
9561.4bf2dc71.js:2 ƒ l(){}
9561.4bf2dc71.js:2 由于“保留日志”的原因，已阻止console.clear()
9561.4bf2dc71.js:2 (索引)toStringlastIndexdotAllflagsglobalhasIndicesignoreCasemultilinesourcestickyunicodeunicodeSets(索引)toStringlastIndexdotAllflagsglobalhasIndicesignoreCasemultilinesourcestickyunicodeunicodeSetsdepƒ0false''falsefalsefalsefalse' 'falsefalsefalseObject
9561.4bf2dc71.js:2 由于“保留日志”的原因，已阻止console.clear()
9561.4bf2dc71.js:2 Fri Mar 13 2026 14:47:47 GMT+0800 (中国标准时间)
9561.4bf2dc71.js:2 由于“保留日志”的原因，已阻止console.clear()
9561.4bf2dc71.js:2 {}
9561.4bf2dc71.js:2 由于“保留日志”的原因，已阻止console.clear()
9561.4bf2dc71.js:2 div
9561.4bf2dc71.js:2 由于“保留日志”的原因，已阻止console.clear()
9561.4bf2dc71.js:2 ƒ l(){}
9561.4bf2dc71.js:2 由于“保留日志”的原因，已阻止console.clear()
9561.4bf2dc71.js:2 (索引)toStringlastIndexdotAllflagsglobalhasIndicesignoreCasemultilinesourcestickyunicodeunicodeSets(索引)toStringlastIndexdotAllflagsglobalhasIndicesignoreCasemultilinesourcestickyunicodeunicodeSetsdepƒ0false''falsefalsefalsefalse' 'falsefalsefalseObject
9561.4bf2dc71.js:2 由于“保留日志”的原因，已阻止console.clear()
9561.4bf2dc71.js:2 Fri Mar 13 2026 14:47:47 GMT+0800 (中国标准时间)
9561.4bf2dc71.js:2 由于“保留日志”的原因，已阻止console.clear()
9561.4bf2dc71.js:2 {}
9561.4bf2dc71.js:2 由于“保留日志”的原因，已阻止console.clear()
utils.ts:137 unknown focus事件触发 Event {isTrusted: true, type: 'focus', target: Window, currentTarget: Window, eventPhase: 2, …}
utils.ts:137 unknown beforeunload事件触发 BeforeUnloadEvent {isTrusted: true, returnValue: '', type: 'beforeunload', target: document, currentTarget: Window, …}
utils.ts:137 unknown pagehide事件触发 PageTransitionEvent {isTrusted: true, persisted: false, type: 'pagehide', target: document, currentTarget: Window, …}
utils.ts:137 unknown visibilitychange事件触发 Event {isTrusted: true, type: 'visibilitychange', target: document, currentTarget: Window, eventPhase: 1, …}
已导航到https://zsgl.lzlj.com/znWeb/znPortal/
dailyPointsPanel.ts:16 [每日积分] panel: 构造函数被调用
dailyPointsPanel.ts:20 [每日积分] panel: init方法被调用
log.ts:179 [debug 14:51:22 ] Start document state: loading
mooc.ts:8 create mooc
log.ts:188 [info 14:51:22 ] 当前平台：zsgl
mooc.ts:27 mooc start ZsglCourse {event: {…}, taskList: Array(0), courseDetailData: Array(0), timerManager: TimerManager, taskIndex: 0}
log.ts:179 [debug 14:51:22 ] 初始化course课程任务
log.ts:179 [debug 14:51:22 ] 当前页面URL: https://zsgl.lzlj.com/znWeb/znPortal/#/home/courseDetail/N005778
log.ts:179 [debug 14:51:22 ] 当前页面hash: #/home/courseDetail/N005778
log.ts:179 [debug 14:51:22 ] 设置HTTP钩子，监听: queryCourseDetail.do
webim.min.js:1 navigator.userAgent=mozilla/5.0 (windows nt 10.0; win64; x64) applewebkit/537.36 (khtml, like gecko) chrome/145.0.0.0 safari/537.36 edg/145.0.0.0
webim.min.js:1 BROWSER_INFO: type=chrome, ver=145.0.0.0
log.ts:179 [debug 14:51:22 ] 拦截到HTTP请求: /znWeb/znPortal/lang/zh.json
9561.4bf2dc71.js:2 div
9561.4bf2dc71.js:2 由于“保留日志”的原因，已阻止console.clear()
9561.4bf2dc71.js:2 ƒ l(){}
9561.4bf2dc71.js:2 由于“保留日志”的原因，已阻止console.clear()
main.2faaeed8.js:1 0530-1
9561.4bf2dc71.js:2 (索引)toStringlastIndexdotAllflagsglobalhasIndicesignoreCasemultilinesourcestickyunicodeunicodeSets(索引)toStringlastIndexdotAllflagsglobalhasIndicesignoreCasemultilinesourcestickyunicodeunicodeSetsdepƒ0false''falsefalsefalsefalse' 'falsefalsefalseObject
9561.4bf2dc71.js:2 由于“保留日志”的原因，已阻止console.clear()
main.2faaeed8.js:1 showSearch true
9561.4bf2dc71.js:2 Fri Mar 13 2026 14:51:22 GMT+0800 (中国标准时间)
9561.4bf2dc71.js:2 由于“保留日志”的原因，已阻止console.clear()
log.ts:179 [debug 14:51:23 ] 拦截到HTTP请求: /learn/app/clientapi/home/pc/queryHomeChannelModule.do?pageId=SY0010092&sid=067F3550EE4E4D26B7F8729EB5F5EFF6&os=99
log.ts:179 [debug 14:51:23 ] 拦截到HTTP请求: /learn/app/clientapi/home/getPcGlobalManagement.do?pageId=SY0010092&sid=067F3550EE4E4D26B7F8729EB5F5EFF6&os=99
log.ts:179 [debug 14:51:23 ] 拦截到HTTP请求: /learn/app/getGlobalTimestamp.do?os=99&sid=067F3550EE4E4D26B7F8729EB5F5EFF6
9561.4bf2dc71.js:2 {}
9561.4bf2dc71.js:2 由于“保留日志”的原因，已阻止console.clear()
main.2faaeed8.js:1 showSearch true
log.ts:179 [debug 14:51:23 ] 拦截到HTTP请求: /learn/app/clientapi/home/pc/userPermissions.do?os=99&sid=067F3550EE4E4D26B7F8729EB5F5EFF6
log.ts:179 [debug 14:51:23 ] 拦截到HTTP请求: /learn/app/clientapi/home/pc/queryHomeGlobalInfo.do?pageId=SY0010092&sid=067F3550EE4E4D26B7F8729EB5F5EFF6&os=99
log.ts:179 [debug 14:51:23 ] 拦截到HTTP请求: /learn/app/clientapi/message/getMessageListType.do?sid=067F3550EE4E4D26B7F8729EB5F5EFF6&os=99
dailyPointsPanel.ts:22 [每日积分] panel: window.onload 触发
dailyPointsPanel.ts:318 [每日积分] panel: 初始化消息监听
log.ts:179 [debug 14:51:23 ] 每日积分模式初始化完成 {learning: {…}, contribution: {…}, interaction: {…}, lastUpdate: 1773384683110, isRunning: false}
log.ts:179 [debug 14:51:23 ] document.addEventListener(load)
log.ts:179 [debug 14:51:23 ] OperateCard 课程详情数据长度: 0
log.ts:197  [warn 14:51:23 ] 课程详情数据为空，等待数据...
Warn @ log.ts:197
eval @ course.ts:190
eval @ course.ts:8
__awaiter @ course.ts:4
OperateCard @ course.ts:187
eval @ course.ts:64
eval @ course.ts:8
__awaiter @ course.ts:4
eval @ course.ts:57
mooc.ts:30 mooc初始化完成 ZsglCourse {event: {…}, taskList: Array(0), courseDetailData: Array(0), timerManager: TimerManager, taskIndex: 0}
mooc.ts:31 Next() {
        return new Promise((resolve) => {
            if (this.taskList.length >= this.taskIndex) {
                resolve(this.taskList[this.taskIndex]);
                return this.taskIn… 'mooc.Next'
log.ts:179 [debug 14:51:23 ] runMoocTask 开始执行任务:
log.ts:179 [debug 14:51:23 ] 拦截到HTTP请求: /learn/app/clientapi/misc/queryVasOperation2NativeList.do?sid=067F3550EE4E4D26B7F8729EB5F5EFF6&os=99
main.2faaeed8.js:1 --------------- Fri Mar 13 2026 14:51:23 GMT+0800 (中国标准时间)
log.ts:179 [debug 14:51:23 ] 拦截到HTTP请求: /learn/app/clientapi/home/pc/queryUserHomeList.do?time=1773384683333&sid=067F3550EE4E4D26B7F8729EB5F5EFF6&os=99
main.2faaeed8.js:1 showSearch true
main.2faaeed8.js:1 showSearch true
9561.4bf2dc71.js:2 div
9561.4bf2dc71.js:2 由于“保留日志”的原因，已阻止console.clear()
9561.4bf2dc71.js:2 ƒ l(){}
9561.4bf2dc71.js:2 由于“保留日志”的原因，已阻止console.clear()
9561.4bf2dc71.js:2 (索引)toStringlastIndexdotAllflagsglobalhasIndicesignoreCasemultilinesourcestickyunicodeunicodeSets(索引)toStringlastIndexdotAllflagsglobalhasIndicesignoreCasemultilinesourcestickyunicodeunicodeSetsdepƒ0false''falsefalsefalsefalse' 'falsefalsefalseObject
9561.4bf2dc71.js:2 由于“保留日志”的原因，已阻止console.clear()
9561.4bf2dc71.js:2 Fri Mar 13 2026 14:51:22 GMT+0800 (中国标准时间)
9561.4bf2dc71.js:2 由于“保留日志”的原因，已阻止console.clear()
9561.4bf2dc71.js:2 {}
9561.4bf2dc71.js:2 由于“保留日志”的原因，已阻止console.clear()
main.2faaeed8.js:1 com.mlearning.paznluzhoulaojiao appId-------
log.ts:179 [debug 14:51:23 ] 拦截到HTTP请求: /learn/app/newPersonDetail.do?sid=067F3550EE4E4D26B7F8729EB5F5EFF6&os=99
log.ts:179 [debug 14:51:23 ] 拦截到HTTP请求: /learn-login/queryUserInfoBound.do?os=99&sid=067F3550EE4E4D26B7F8729EB5F5EFF6
log.ts:179 [debug 14:51:23 ] 拦截到HTTP请求: /learn/app/clientapi/knowledgecloud/home/getPermissionStatus.do?sid=067F3550EE4E4D26B7F8729EB5F5EFF6&os=99
9561.4bf2dc71.js:2  react-intl-universal key "7da531ec" not defined in zh
warningHandler @ 9561.4bf2dc71.js:2
value @ 9561.4bf2dc71.js:2
p @ 9561.4bf2dc71.js:2
16504 @ 2269.5c46b420.chunk.js:1
n @ main.2faaeed8.js:1
79181 @ 8222.6209a852.chunk.js:1
n @ main.2faaeed8.js:1
12491 @ 808.d56623c9.chunk.js:1
n @ main.2faaeed8.js:1
Promise.then
(匿名) @ main.2faaeed8.js:1
(匿名) @ 9561.4bf2dc71.js:2
Cs @ 9561.4bf2dc71.js:2
wc @ 9561.4bf2dc71.js:2
_c @ 9561.4bf2dc71.js:2
dc @ 9561.4bf2dc71.js:2
(匿名) @ 9561.4bf2dc71.js:2
t.unstable_runWithPriority @ 9561.4bf2dc71.js:2
qo @ 9561.4bf2dc71.js:2
Xo @ 9561.4bf2dc71.js:2
$o @ 9561.4bf2dc71.js:2
ic @ 9561.4bf2dc71.js:2
enqueueSetState @ 9561.4bf2dc71.js:2
b.setState @ 9561.4bf2dc71.js:2
(匿名) @ main.2faaeed8.js:1
u @ 9561.4bf2dc71.js:2
(匿名) @ 9561.4bf2dc71.js:2
(匿名) @ 9561.4bf2dc71.js:2
r @ 9561.4bf2dc71.js:2
s @ 9561.4bf2dc71.js:2
Promise.then
r @ 9561.4bf2dc71.js:2
s @ 9561.4bf2dc71.js:2
(匿名) @ 9561.4bf2dc71.js:2
(匿名) @ 9561.4bf2dc71.js:2
(匿名) @ main.2faaeed8.js:1
za @ 9561.4bf2dc71.js:2
$i @ 9561.4bf2dc71.js:2
Cs @ 9561.4bf2dc71.js:2
wc @ 9561.4bf2dc71.js:2
_c @ 9561.4bf2dc71.js:2
dc @ 9561.4bf2dc71.js:2
ic @ 9561.4bf2dc71.js:2
Gc @ 9561.4bf2dc71.js:2
(匿名) @ 9561.4bf2dc71.js:2
pc @ 9561.4bf2dc71.js:2
el @ 9561.4bf2dc71.js:2
render @ 9561.4bf2dc71.js:2
(匿名) @ main.2faaeed8.js:1
u @ 9561.4bf2dc71.js:2
(匿名) @ 9561.4bf2dc71.js:2
(匿名) @ 9561.4bf2dc71.js:2
r @ 9561.4bf2dc71.js:2
s @ 9561.4bf2dc71.js:2
Promise.then
r @ 9561.4bf2dc71.js:2
s @ 9561.4bf2dc71.js:2
(匿名) @ 9561.4bf2dc71.js:2
(匿名) @ 9561.4bf2dc71.js:2
(匿名) @ main.2faaeed8.js:1
(匿名) @ main.2faaeed8.js:1
u @ 9561.4bf2dc71.js:2
(匿名) @ 9561.4bf2dc71.js:2
(匿名) @ 9561.4bf2dc71.js:2
r @ 9561.4bf2dc71.js:2
s @ 9561.4bf2dc71.js:2
Promise.then
r @ 9561.4bf2dc71.js:2
s @ 9561.4bf2dc71.js:2
Promise.then
r @ 9561.4bf2dc71.js:2
s @ 9561.4bf2dc71.js:2
(匿名) @ 9561.4bf2dc71.js:2
(匿名) @ 9561.4bf2dc71.js:2
49209 @ main.2faaeed8.js:1
n @ main.2faaeed8.js:1
(匿名) @ main.2faaeed8.js:1
n.O @ main.2faaeed8.js:1
(匿名) @ main.2faaeed8.js:1
(匿名) @ main.2faaeed8.js:1
(匿名) @ main.2faaeed8.js:1
(匿名) @ main.2faaeed8.js:1
9561.4bf2dc71.js:2  react-intl-universal key "9516572f" not defined in zh
warningHandler @ 9561.4bf2dc71.js:2
value @ 9561.4bf2dc71.js:2
p @ 9561.4bf2dc71.js:2
16504 @ 2269.5c46b420.chunk.js:1
n @ main.2faaeed8.js:1
79181 @ 8222.6209a852.chunk.js:1
n @ main.2faaeed8.js:1
12491 @ 808.d56623c9.chunk.js:1
n @ main.2faaeed8.js:1
Promise.then
(匿名) @ main.2faaeed8.js:1
(匿名) @ 9561.4bf2dc71.js:2
Cs @ 9561.4bf2dc71.js:2
wc @ 9561.4bf2dc71.js:2
_c @ 9561.4bf2dc71.js:2
dc @ 9561.4bf2dc71.js:2
(匿名) @ 9561.4bf2dc71.js:2
t.unstable_runWithPriority @ 9561.4bf2dc71.js:2
qo @ 9561.4bf2dc71.js:2
Xo @ 9561.4bf2dc71.js:2
$o @ 9561.4bf2dc71.js:2
ic @ 9561.4bf2dc71.js:2
enqueueSetState @ 9561.4bf2dc71.js:2
b.setState @ 9561.4bf2dc71.js:2
(匿名) @ main.2faaeed8.js:1
u @ 9561.4bf2dc71.js:2
(匿名) @ 9561.4bf2dc71.js:2
(匿名) @ 9561.4bf2dc71.js:2
r @ 9561.4bf2dc71.js:2
s @ 9561.4bf2dc71.js:2
Promise.then
r @ 9561.4bf2dc71.js:2
s @ 9561.4bf2dc71.js:2
(匿名) @ 9561.4bf2dc71.js:2
(匿名) @ 9561.4bf2dc71.js:2
(匿名) @ main.2faaeed8.js:1
za @ 9561.4bf2dc71.js:2
$i @ 9561.4bf2dc71.js:2
Cs @ 9561.4bf2dc71.js:2
wc @ 9561.4bf2dc71.js:2
_c @ 9561.4bf2dc71.js:2
dc @ 9561.4bf2dc71.js:2
ic @ 9561.4bf2dc71.js:2
Gc @ 9561.4bf2dc71.js:2
(匿名) @ 9561.4bf2dc71.js:2
pc @ 9561.4bf2dc71.js:2
el @ 9561.4bf2dc71.js:2
render @ 9561.4bf2dc71.js:2
(匿名) @ main.2faaeed8.js:1
u @ 9561.4bf2dc71.js:2
(匿名) @ 9561.4bf2dc71.js:2
(匿名) @ 9561.4bf2dc71.js:2
r @ 9561.4bf2dc71.js:2
s @ 9561.4bf2dc71.js:2
Promise.then
r @ 9561.4bf2dc71.js:2
s @ 9561.4bf2dc71.js:2
(匿名) @ 9561.4bf2dc71.js:2
(匿名) @ 9561.4bf2dc71.js:2
(匿名) @ main.2faaeed8.js:1
(匿名) @ main.2faaeed8.js:1
u @ 9561.4bf2dc71.js:2
(匿名) @ 9561.4bf2dc71.js:2
(匿名) @ 9561.4bf2dc71.js:2
r @ 9561.4bf2dc71.js:2
s @ 9561.4bf2dc71.js:2
Promise.then
r @ 9561.4bf2dc71.js:2
s @ 9561.4bf2dc71.js:2
Promise.then
r @ 9561.4bf2dc71.js:2
s @ 9561.4bf2dc71.js:2
(匿名) @ 9561.4bf2dc71.js:2
(匿名) @ 9561.4bf2dc71.js:2
49209 @ main.2faaeed8.js:1
n @ main.2faaeed8.js:1
(匿名) @ main.2faaeed8.js:1
n.O @ main.2faaeed8.js:1
(匿名) @ main.2faaeed8.js:1
(匿名) @ main.2faaeed8.js:1
(匿名) @ main.2faaeed8.js:1
(匿名) @ main.2faaeed8.js:1
9561.4bf2dc71.js:2  react-intl-universal key "c6dd8b8f" not defined in zh
warningHandler @ 9561.4bf2dc71.js:2
value @ 9561.4bf2dc71.js:2
p @ 9561.4bf2dc71.js:2
16504 @ 2269.5c46b420.chunk.js:1
n @ main.2faaeed8.js:1
79181 @ 8222.6209a852.chunk.js:1
n @ main.2faaeed8.js:1
12491 @ 808.d56623c9.chunk.js:1
n @ main.2faaeed8.js:1
Promise.then
(匿名) @ main.2faaeed8.js:1
(匿名) @ 9561.4bf2dc71.js:2
Cs @ 9561.4bf2dc71.js:2
wc @ 9561.4bf2dc71.js:2
_c @ 9561.4bf2dc71.js:2
dc @ 9561.4bf2dc71.js:2
(匿名) @ 9561.4bf2dc71.js:2
t.unstable_runWithPriority @ 9561.4bf2dc71.js:2
qo @ 9561.4bf2dc71.js:2
Xo @ 9561.4bf2dc71.js:2
$o @ 9561.4bf2dc71.js:2
ic @ 9561.4bf2dc71.js:2
enqueueSetState @ 9561.4bf2dc71.js:2
b.setState @ 9561.4bf2dc71.js:2
(匿名) @ main.2faaeed8.js:1
u @ 9561.4bf2dc71.js:2
(匿名) @ 9561.4bf2dc71.js:2
(匿名) @ 9561.4bf2dc71.js:2
r @ 9561.4bf2dc71.js:2
s @ 9561.4bf2dc71.js:2
Promise.then
r @ 9561.4bf2dc71.js:2
s @ 9561.4bf2dc71.js:2
(匿名) @ 9561.4bf2dc71.js:2
(匿名) @ 9561.4bf2dc71.js:2
(匿名) @ main.2faaeed8.js:1
za @ 9561.4bf2dc71.js:2
$i @ 9561.4bf2dc71.js:2
Cs @ 9561.4bf2dc71.js:2
wc @ 9561.4bf2dc71.js:2
_c @ 9561.4bf2dc71.js:2
dc @ 9561.4bf2dc71.js:2
ic @ 9561.4bf2dc71.js:2
Gc @ 9561.4bf2dc71.js:2
(匿名) @ 9561.4bf2dc71.js:2
pc @ 9561.4bf2dc71.js:2
el @ 9561.4bf2dc71.js:2
render @ 9561.4bf2dc71.js:2
(匿名) @ main.2faaeed8.js:1
u @ 9561.4bf2dc71.js:2
(匿名) @ 9561.4bf2dc71.js:2
(匿名) @ 9561.4bf2dc71.js:2
r @ 9561.4bf2dc71.js:2
s @ 9561.4bf2dc71.js:2
Promise.then
r @ 9561.4bf2dc71.js:2
s @ 9561.4bf2dc71.js:2
(匿名) @ 9561.4bf2dc71.js:2
(匿名) @ 9561.4bf2dc71.js:2
(匿名) @ main.2faaeed8.js:1
(匿名) @ main.2faaeed8.js:1
u @ 9561.4bf2dc71.js:2
(匿名) @ 9561.4bf2dc71.js:2
(匿名) @ 9561.4bf2dc71.js:2
r @ 9561.4bf2dc71.js:2
s @ 9561.4bf2dc71.js:2
Promise.then
r @ 9561.4bf2dc71.js:2
s @ 9561.4bf2dc71.js:2
Promise.then
r @ 9561.4bf2dc71.js:2
s @ 9561.4bf2dc71.js:2
(匿名) @ 9561.4bf2dc71.js:2
(匿名) @ 9561.4bf2dc71.js:2
49209 @ main.2faaeed8.js:1
n @ main.2faaeed8.js:1
(匿名) @ main.2faaeed8.js:1
n.O @ main.2faaeed8.js:1
(匿名) @ main.2faaeed8.js:1
(匿名) @ main.2faaeed8.js:1
(匿名) @ main.2faaeed8.js:1
(匿名) @ main.2faaeed8.js:1
9561.4bf2dc71.js:2  react-intl-universal key "f56ec717" not defined in zh
warningHandler @ 9561.4bf2dc71.js:2
value @ 9561.4bf2dc71.js:2
p @ 9561.4bf2dc71.js:2
16504 @ 2269.5c46b420.chunk.js:1
n @ main.2faaeed8.js:1
79181 @ 8222.6209a852.chunk.js:1
n @ main.2faaeed8.js:1
12491 @ 808.d56623c9.chunk.js:1
n @ main.2faaeed8.js:1
Promise.then
(匿名) @ main.2faaeed8.js:1
(匿名) @ 9561.4bf2dc71.js:2
Cs @ 9561.4bf2dc71.js:2
wc @ 9561.4bf2dc71.js:2
_c @ 9561.4bf2dc71.js:2
dc @ 9561.4bf2dc71.js:2
(匿名) @ 9561.4bf2dc71.js:2
t.unstable_runWithPriority @ 9561.4bf2dc71.js:2
qo @ 9561.4bf2dc71.js:2
Xo @ 9561.4bf2dc71.js:2
$o @ 9561.4bf2dc71.js:2
ic @ 9561.4bf2dc71.js:2
enqueueSetState @ 9561.4bf2dc71.js:2
b.setState @ 9561.4bf2dc71.js:2
(匿名) @ main.2faaeed8.js:1
u @ 9561.4bf2dc71.js:2
(匿名) @ 9561.4bf2dc71.js:2
(匿名) @ 9561.4bf2dc71.js:2
r @ 9561.4bf2dc71.js:2
s @ 9561.4bf2dc71.js:2
Promise.then
r @ 9561.4bf2dc71.js:2
s @ 9561.4bf2dc71.js:2
(匿名) @ 9561.4bf2dc71.js:2
(匿名) @ 9561.4bf2dc71.js:2
(匿名) @ main.2faaeed8.js:1
za @ 9561.4bf2dc71.js:2
$i @ 9561.4bf2dc71.js:2
Cs @ 9561.4bf2dc71.js:2
wc @ 9561.4bf2dc71.js:2
_c @ 9561.4bf2dc71.js:2
dc @ 9561.4bf2dc71.js:2
ic @ 9561.4bf2dc71.js:2
Gc @ 9561.4bf2dc71.js:2
(匿名) @ 9561.4bf2dc71.js:2
pc @ 9561.4bf2dc71.js:2
el @ 9561.4bf2dc71.js:2
render @ 9561.4bf2dc71.js:2
(匿名) @ main.2faaeed8.js:1
u @ 9561.4bf2dc71.js:2
(匿名) @ 9561.4bf2dc71.js:2
(匿名) @ 9561.4bf2dc71.js:2
r @ 9561.4bf2dc71.js:2
s @ 9561.4bf2dc71.js:2
Promise.then
r @ 9561.4bf2dc71.js:2
s @ 9561.4bf2dc71.js:2
(匿名) @ 9561.4bf2dc71.js:2
(匿名) @ 9561.4bf2dc71.js:2
(匿名) @ main.2faaeed8.js:1
(匿名) @ main.2faaeed8.js:1
u @ 9561.4bf2dc71.js:2
(匿名) @ 9561.4bf2dc71.js:2
(匿名) @ 9561.4bf2dc71.js:2
r @ 9561.4bf2dc71.js:2
s @ 9561.4bf2dc71.js:2
Promise.then
r @ 9561.4bf2dc71.js:2
s @ 9561.4bf2dc71.js:2
Promise.then
r @ 9561.4bf2dc71.js:2
s @ 9561.4bf2dc71.js:2
(匿名) @ 9561.4bf2dc71.js:2
(匿名) @ 9561.4bf2dc71.js:2
49209 @ main.2faaeed8.js:1
n @ main.2faaeed8.js:1
(匿名) @ main.2faaeed8.js:1
n.O @ main.2faaeed8.js:1
(匿名) @ main.2faaeed8.js:1
(匿名) @ main.2faaeed8.js:1
(匿名) @ main.2faaeed8.js:1
(匿名) @ main.2faaeed8.js:1
9561.4bf2dc71.js:2  react-intl-universal key "bd875341" not defined in zh
warningHandler @ 9561.4bf2dc71.js:2
value @ 9561.4bf2dc71.js:2
p @ 9561.4bf2dc71.js:2
16504 @ 2269.5c46b420.chunk.js:1
n @ main.2faaeed8.js:1
79181 @ 8222.6209a852.chunk.js:1
n @ main.2faaeed8.js:1
12491 @ 808.d56623c9.chunk.js:1
n @ main.2faaeed8.js:1
Promise.then
(匿名) @ main.2faaeed8.js:1
(匿名) @ 9561.4bf2dc71.js:2
Cs @ 9561.4bf2dc71.js:2
wc @ 9561.4bf2dc71.js:2
_c @ 9561.4bf2dc71.js:2
dc @ 9561.4bf2dc71.js:2
(匿名) @ 9561.4bf2dc71.js:2
t.unstable_runWithPriority @ 9561.4bf2dc71.js:2
qo @ 9561.4bf2dc71.js:2
Xo @ 9561.4bf2dc71.js:2
$o @ 9561.4bf2dc71.js:2
ic @ 9561.4bf2dc71.js:2
enqueueSetState @ 9561.4bf2dc71.js:2
b.setState @ 9561.4bf2dc71.js:2
(匿名) @ main.2faaeed8.js:1
u @ 9561.4bf2dc71.js:2
(匿名) @ 9561.4bf2dc71.js:2
(匿名) @ 9561.4bf2dc71.js:2
r @ 9561.4bf2dc71.js:2
s @ 9561.4bf2dc71.js:2
Promise.then
r @ 9561.4bf2dc71.js:2
s @ 9561.4bf2dc71.js:2
(匿名) @ 9561.4bf2dc71.js:2
(匿名) @ 9561.4bf2dc71.js:2
(匿名) @ main.2faaeed8.js:1
za @ 9561.4bf2dc71.js:2
$i @ 9561.4bf2dc71.js:2
Cs @ 9561.4bf2dc71.js:2
wc @ 9561.4bf2dc71.js:2
_c @ 9561.4bf2dc71.js:2
dc @ 9561.4bf2dc71.js:2
ic @ 9561.4bf2dc71.js:2
Gc @ 9561.4bf2dc71.js:2
(匿名) @ 9561.4bf2dc71.js:2
pc @ 9561.4bf2dc71.js:2
el @ 9561.4bf2dc71.js:2
render @ 9561.4bf2dc71.js:2
(匿名) @ main.2faaeed8.js:1
u @ 9561.4bf2dc71.js:2
(匿名) @ 9561.4bf2dc71.js:2
(匿名) @ 9561.4bf2dc71.js:2
r @ 9561.4bf2dc71.js:2
s @ 9561.4bf2dc71.js:2
Promise.then
r @ 9561.4bf2dc71.js:2
s @ 9561.4bf2dc71.js:2
(匿名) @ 9561.4bf2dc71.js:2
(匿名) @ 9561.4bf2dc71.js:2
(匿名) @ main.2faaeed8.js:1
(匿名) @ main.2faaeed8.js:1
u @ 9561.4bf2dc71.js:2
(匿名) @ 9561.4bf2dc71.js:2
(匿名) @ 9561.4bf2dc71.js:2
r @ 9561.4bf2dc71.js:2
s @ 9561.4bf2dc71.js:2
Promise.then
r @ 9561.4bf2dc71.js:2
s @ 9561.4bf2dc71.js:2
Promise.then
r @ 9561.4bf2dc71.js:2
s @ 9561.4bf2dc71.js:2
(匿名) @ 9561.4bf2dc71.js:2
(匿名) @ 9561.4bf2dc71.js:2
49209 @ main.2faaeed8.js:1
n @ main.2faaeed8.js:1
(匿名) @ main.2faaeed8.js:1
n.O @ main.2faaeed8.js:1
(匿名) @ main.2faaeed8.js:1
(匿名) @ main.2faaeed8.js:1
(匿名) @ main.2faaeed8.js:1
(匿名) @ main.2faaeed8.js:1
9561.4bf2dc71.js:2  react-intl-universal key "e2d15efb" not defined in zh
warningHandler @ 9561.4bf2dc71.js:2
value @ 9561.4bf2dc71.js:2
p @ 9561.4bf2dc71.js:2
value @ 808.d56623c9.chunk.js:1
Xi @ 9561.4bf2dc71.js:2
$i @ 9561.4bf2dc71.js:2
Cs @ 9561.4bf2dc71.js:2
wc @ 9561.4bf2dc71.js:2
_c @ 9561.4bf2dc71.js:2
dc @ 9561.4bf2dc71.js:2
(匿名) @ 9561.4bf2dc71.js:2
t.unstable_runWithPriority @ 9561.4bf2dc71.js:2
qo @ 9561.4bf2dc71.js:2
Xo @ 9561.4bf2dc71.js:2
j @ 9561.4bf2dc71.js:2
M.port1.onmessage @ 9561.4bf2dc71.js:2
9561.4bf2dc71.js:2  react-intl-universal key "f5444d4a" not defined in zh
warningHandler @ 9561.4bf2dc71.js:2
value @ 9561.4bf2dc71.js:2
p @ 9561.4bf2dc71.js:2
value @ 808.d56623c9.chunk.js:1
Xi @ 9561.4bf2dc71.js:2
$i @ 9561.4bf2dc71.js:2
Cs @ 9561.4bf2dc71.js:2
wc @ 9561.4bf2dc71.js:2
_c @ 9561.4bf2dc71.js:2
dc @ 9561.4bf2dc71.js:2
(匿名) @ 9561.4bf2dc71.js:2
t.unstable_runWithPriority @ 9561.4bf2dc71.js:2
qo @ 9561.4bf2dc71.js:2
Xo @ 9561.4bf2dc71.js:2
j @ 9561.4bf2dc71.js:2
M.port1.onmessage @ 9561.4bf2dc71.js:2
9561.4bf2dc71.js:2  react-intl-universal key "1655dd5f" not defined in zh
warningHandler @ 9561.4bf2dc71.js:2
value @ 9561.4bf2dc71.js:2
p @ 9561.4bf2dc71.js:2
value @ 808.d56623c9.chunk.js:1
Xi @ 9561.4bf2dc71.js:2
$i @ 9561.4bf2dc71.js:2
Cs @ 9561.4bf2dc71.js:2
wc @ 9561.4bf2dc71.js:2
_c @ 9561.4bf2dc71.js:2
dc @ 9561.4bf2dc71.js:2
(匿名) @ 9561.4bf2dc71.js:2
t.unstable_runWithPriority @ 9561.4bf2dc71.js:2
qo @ 9561.4bf2dc71.js:2
Xo @ 9561.4bf2dc71.js:2
j @ 9561.4bf2dc71.js:2
M.port1.onmessage @ 9561.4bf2dc71.js:2
9561.4bf2dc71.js:2  react-intl-universal key "e7d2e85a" not defined in zh
warningHandler @ 9561.4bf2dc71.js:2
value @ 9561.4bf2dc71.js:2
p @ 9561.4bf2dc71.js:2
value @ 808.d56623c9.chunk.js:1
Xi @ 9561.4bf2dc71.js:2
$i @ 9561.4bf2dc71.js:2
Cs @ 9561.4bf2dc71.js:2
wc @ 9561.4bf2dc71.js:2
_c @ 9561.4bf2dc71.js:2
dc @ 9561.4bf2dc71.js:2
(匿名) @ 9561.4bf2dc71.js:2
t.unstable_runWithPriority @ 9561.4bf2dc71.js:2
qo @ 9561.4bf2dc71.js:2
Xo @ 9561.4bf2dc71.js:2
j @ 9561.4bf2dc71.js:2
M.port1.onmessage @ 9561.4bf2dc71.js:2
9561.4bf2dc71.js:2  react-intl-universal key "447595d5" not defined in zh
warningHandler @ 9561.4bf2dc71.js:2
value @ 9561.4bf2dc71.js:2
p @ 9561.4bf2dc71.js:2
(匿名) @ 8222.6209a852.chunk.js:1
hi @ 9561.4bf2dc71.js:2
Cs @ 9561.4bf2dc71.js:2
wc @ 9561.4bf2dc71.js:2
_c @ 9561.4bf2dc71.js:2
dc @ 9561.4bf2dc71.js:2
(匿名) @ 9561.4bf2dc71.js:2
t.unstable_runWithPriority @ 9561.4bf2dc71.js:2
qo @ 9561.4bf2dc71.js:2
Xo @ 9561.4bf2dc71.js:2
j @ 9561.4bf2dc71.js:2
M.port1.onmessage @ 9561.4bf2dc71.js:2
main.2faaeed8.js:1 showSearch true
9561.4bf2dc71.js:2  react-intl-universal key "e2d15efb" not defined in zh
warningHandler @ 9561.4bf2dc71.js:2
value @ 9561.4bf2dc71.js:2
p @ 9561.4bf2dc71.js:2
value @ 808.d56623c9.chunk.js:1
Xi @ 9561.4bf2dc71.js:2
$i @ 9561.4bf2dc71.js:2
Cs @ 9561.4bf2dc71.js:2
wc @ 9561.4bf2dc71.js:2
_c @ 9561.4bf2dc71.js:2
dc @ 9561.4bf2dc71.js:2
(匿名) @ 9561.4bf2dc71.js:2
t.unstable_runWithPriority @ 9561.4bf2dc71.js:2
qo @ 9561.4bf2dc71.js:2
Xo @ 9561.4bf2dc71.js:2
j @ 9561.4bf2dc71.js:2
M.port1.onmessage @ 9561.4bf2dc71.js:2
9561.4bf2dc71.js:2  react-intl-universal key "f5444d4a" not defined in zh
warningHandler @ 9561.4bf2dc71.js:2
value @ 9561.4bf2dc71.js:2
p @ 9561.4bf2dc71.js:2
value @ 808.d56623c9.chunk.js:1
Xi @ 9561.4bf2dc71.js:2
$i @ 9561.4bf2dc71.js:2
Cs @ 9561.4bf2dc71.js:2
wc @ 9561.4bf2dc71.js:2
_c @ 9561.4bf2dc71.js:2
dc @ 9561.4bf2dc71.js:2
(匿名) @ 9561.4bf2dc71.js:2
t.unstable_runWithPriority @ 9561.4bf2dc71.js:2
qo @ 9561.4bf2dc71.js:2
Xo @ 9561.4bf2dc71.js:2
j @ 9561.4bf2dc71.js:2
M.port1.onmessage @ 9561.4bf2dc71.js:2
9561.4bf2dc71.js:2  react-intl-universal key "1655dd5f" not defined in zh
warningHandler @ 9561.4bf2dc71.js:2
value @ 9561.4bf2dc71.js:2
p @ 9561.4bf2dc71.js:2
value @ 808.d56623c9.chunk.js:1
Xi @ 9561.4bf2dc71.js:2
$i @ 9561.4bf2dc71.js:2
Cs @ 9561.4bf2dc71.js:2
wc @ 9561.4bf2dc71.js:2
_c @ 9561.4bf2dc71.js:2
dc @ 9561.4bf2dc71.js:2
(匿名) @ 9561.4bf2dc71.js:2
t.unstable_runWithPriority @ 9561.4bf2dc71.js:2
qo @ 9561.4bf2dc71.js:2
Xo @ 9561.4bf2dc71.js:2
j @ 9561.4bf2dc71.js:2
M.port1.onmessage @ 9561.4bf2dc71.js:2
9561.4bf2dc71.js:2  react-intl-universal key "e7d2e85a" not defined in zh
warningHandler @ 9561.4bf2dc71.js:2
value @ 9561.4bf2dc71.js:2
p @ 9561.4bf2dc71.js:2
value @ 808.d56623c9.chunk.js:1
Xi @ 9561.4bf2dc71.js:2
$i @ 9561.4bf2dc71.js:2
Cs @ 9561.4bf2dc71.js:2
wc @ 9561.4bf2dc71.js:2
_c @ 9561.4bf2dc71.js:2
dc @ 9561.4bf2dc71.js:2
(匿名) @ 9561.4bf2dc71.js:2
t.unstable_runWithPriority @ 9561.4bf2dc71.js:2
qo @ 9561.4bf2dc71.js:2
Xo @ 9561.4bf2dc71.js:2
j @ 9561.4bf2dc71.js:2
M.port1.onmessage @ 9561.4bf2dc71.js:2
9561.4bf2dc71.js:2  react-intl-universal key "447595d5" not defined in zh
warningHandler @ 9561.4bf2dc71.js:2
value @ 9561.4bf2dc71.js:2
p @ 9561.4bf2dc71.js:2
(匿名) @ 8222.6209a852.chunk.js:1
hi @ 9561.4bf2dc71.js:2
Qi @ 9561.4bf2dc71.js:2
Cs @ 9561.4bf2dc71.js:2
wc @ 9561.4bf2dc71.js:2
_c @ 9561.4bf2dc71.js:2
dc @ 9561.4bf2dc71.js:2
(匿名) @ 9561.4bf2dc71.js:2
t.unstable_runWithPriority @ 9561.4bf2dc71.js:2
qo @ 9561.4bf2dc71.js:2
Xo @ 9561.4bf2dc71.js:2
j @ 9561.4bf2dc71.js:2
M.port1.onmessage @ 9561.4bf2dc71.js:2
log.ts:179 [debug 14:51:23 ] 拦截到HTTP请求: /learn/app/clientapi/course/queryCourseDetail.do?os=99&sid=067F3550EE4E4D26B7F8729EB5F5EFF6
log.ts:179 [debug 14:51:23 ] 拦截到HTTP请求: /learn/app/clientapi/course/relatedResources.do?courseId=N005778&type=2&sid=067F3550EE4E4D26B7F8729EB5F5EFF6&os=99
log.ts:179 [debug 14:51:23 ] 拦截到HTTP请求: /learn/app/clientapi/course/queryCourseBaseInfo.do?courseId=N005778&sid=067F3550EE4E4D26B7F8729EB5F5EFF6&os=99
log.ts:179 [debug 14:51:23 ] 拦截到HTTP请求: /learn/app/clientapi/user/personDetail.do?searchedUserId=51A0C28038F643F59B89D714776508D3&sid=067F3550EE4E4D26B7F8729EB5F5EFF6&os=99
main.2faaeed8.js:1 showSearch true
9561.4bf2dc71.js:2  react-intl-universal key "e2d15efb" not defined in zh
warningHandler @ 9561.4bf2dc71.js:2
value @ 9561.4bf2dc71.js:2
p @ 9561.4bf2dc71.js:2
value @ 808.d56623c9.chunk.js:1
Xi @ 9561.4bf2dc71.js:2
$i @ 9561.4bf2dc71.js:2
Cs @ 9561.4bf2dc71.js:2
wc @ 9561.4bf2dc71.js:2
_c @ 9561.4bf2dc71.js:2
dc @ 9561.4bf2dc71.js:2
(匿名) @ 9561.4bf2dc71.js:2
t.unstable_runWithPriority @ 9561.4bf2dc71.js:2
qo @ 9561.4bf2dc71.js:2
Xo @ 9561.4bf2dc71.js:2
$o @ 9561.4bf2dc71.js:2
ic @ 9561.4bf2dc71.js:2
enqueueSetState @ 9561.4bf2dc71.js:2
b.setState @ 9561.4bf2dc71.js:2
(匿名) @ 808.d56623c9.chunk.js:1
u @ 9561.4bf2dc71.js:2
(匿名) @ 9561.4bf2dc71.js:2
(匿名) @ 9561.4bf2dc71.js:2
r @ 9561.4bf2dc71.js:2
s @ 9561.4bf2dc71.js:2
Promise.then
r @ 9561.4bf2dc71.js:2
s @ 9561.4bf2dc71.js:2
(匿名) @ 9561.4bf2dc71.js:2
(匿名) @ 9561.4bf2dc71.js:2
value @ 808.d56623c9.chunk.js:1
F @ 9561.4bf2dc71.js:2
(匿名) @ 9561.4bf2dc71.js:2
Ec @ 9561.4bf2dc71.js:2
t.unstable_runWithPriority @ 9561.4bf2dc71.js:2
qo @ 9561.4bf2dc71.js:2
kc @ 9561.4bf2dc71.js:2
dc @ 9561.4bf2dc71.js:2
(匿名) @ 9561.4bf2dc71.js:2
t.unstable_runWithPriority @ 9561.4bf2dc71.js:2
qo @ 9561.4bf2dc71.js:2
Xo @ 9561.4bf2dc71.js:2
j @ 9561.4bf2dc71.js:2
M.port1.onmessage @ 9561.4bf2dc71.js:2
9561.4bf2dc71.js:2  react-intl-universal key "f5444d4a" not defined in zh
warningHandler @ 9561.4bf2dc71.js:2
value @ 9561.4bf2dc71.js:2
p @ 9561.4bf2dc71.js:2
value @ 808.d56623c9.chunk.js:1
Xi @ 9561.4bf2dc71.js:2
$i @ 9561.4bf2dc71.js:2
Cs @ 9561.4bf2dc71.js:2
wc @ 9561.4bf2dc71.js:2
_c @ 9561.4bf2dc71.js:2
dc @ 9561.4bf2dc71.js:2
(匿名) @ 9561.4bf2dc71.js:2
t.unstable_runWithPriority @ 9561.4bf2dc71.js:2
qo @ 9561.4bf2dc71.js:2
Xo @ 9561.4bf2dc71.js:2
$o @ 9561.4bf2dc71.js:2
ic @ 9561.4bf2dc71.js:2
enqueueSetState @ 9561.4bf2dc71.js:2
b.setState @ 9561.4bf2dc71.js:2
(匿名) @ 808.d56623c9.chunk.js:1
u @ 9561.4bf2dc71.js:2
(匿名) @ 9561.4bf2dc71.js:2
(匿名) @ 9561.4bf2dc71.js:2
r @ 9561.4bf2dc71.js:2
s @ 9561.4bf2dc71.js:2
Promise.then
r @ 9561.4bf2dc71.js:2
s @ 9561.4bf2dc71.js:2
(匿名) @ 9561.4bf2dc71.js:2
(匿名) @ 9561.4bf2dc71.js:2
value @ 808.d56623c9.chunk.js:1
F @ 9561.4bf2dc71.js:2
(匿名) @ 9561.4bf2dc71.js:2
Ec @ 9561.4bf2dc71.js:2
t.unstable_runWithPriority @ 9561.4bf2dc71.js:2
qo @ 9561.4bf2dc71.js:2
kc @ 9561.4bf2dc71.js:2
dc @ 9561.4bf2dc71.js:2
(匿名) @ 9561.4bf2dc71.js:2
t.unstable_runWithPriority @ 9561.4bf2dc71.js:2
qo @ 9561.4bf2dc71.js:2
Xo @ 9561.4bf2dc71.js:2
j @ 9561.4bf2dc71.js:2
M.port1.onmessage @ 9561.4bf2dc71.js:2
9561.4bf2dc71.js:2  react-intl-universal key "1655dd5f" not defined in zh
warningHandler @ 9561.4bf2dc71.js:2
value @ 9561.4bf2dc71.js:2
p @ 9561.4bf2dc71.js:2
value @ 808.d56623c9.chunk.js:1
Xi @ 9561.4bf2dc71.js:2
$i @ 9561.4bf2dc71.js:2
Cs @ 9561.4bf2dc71.js:2
wc @ 9561.4bf2dc71.js:2
_c @ 9561.4bf2dc71.js:2
dc @ 9561.4bf2dc71.js:2
(匿名) @ 9561.4bf2dc71.js:2
t.unstable_runWithPriority @ 9561.4bf2dc71.js:2
qo @ 9561.4bf2dc71.js:2
Xo @ 9561.4bf2dc71.js:2
$o @ 9561.4bf2dc71.js:2
ic @ 9561.4bf2dc71.js:2
enqueueSetState @ 9561.4bf2dc71.js:2
b.setState @ 9561.4bf2dc71.js:2
(匿名) @ 808.d56623c9.chunk.js:1
u @ 9561.4bf2dc71.js:2
(匿名) @ 9561.4bf2dc71.js:2
(匿名) @ 9561.4bf2dc71.js:2
r @ 9561.4bf2dc71.js:2
s @ 9561.4bf2dc71.js:2
Promise.then
r @ 9561.4bf2dc71.js:2
s @ 9561.4bf2dc71.js:2
(匿名) @ 9561.4bf2dc71.js:2
(匿名) @ 9561.4bf2dc71.js:2
value @ 808.d56623c9.chunk.js:1
F @ 9561.4bf2dc71.js:2
(匿名) @ 9561.4bf2dc71.js:2
Ec @ 9561.4bf2dc71.js:2
t.unstable_runWithPriority @ 9561.4bf2dc71.js:2
qo @ 9561.4bf2dc71.js:2
kc @ 9561.4bf2dc71.js:2
dc @ 9561.4bf2dc71.js:2
(匿名) @ 9561.4bf2dc71.js:2
t.unstable_runWithPriority @ 9561.4bf2dc71.js:2
qo @ 9561.4bf2dc71.js:2
Xo @ 9561.4bf2dc71.js:2
j @ 9561.4bf2dc71.js:2
M.port1.onmessage @ 9561.4bf2dc71.js:2
9561.4bf2dc71.js:2  react-intl-universal key "e7d2e85a" not defined in zh
warningHandler @ 9561.4bf2dc71.js:2
value @ 9561.4bf2dc71.js:2
p @ 9561.4bf2dc71.js:2
value @ 808.d56623c9.chunk.js:1
Xi @ 9561.4bf2dc71.js:2
$i @ 9561.4bf2dc71.js:2
Cs @ 9561.4bf2dc71.js:2
wc @ 9561.4bf2dc71.js:2
_c @ 9561.4bf2dc71.js:2
dc @ 9561.4bf2dc71.js:2
(匿名) @ 9561.4bf2dc71.js:2
t.unstable_runWithPriority @ 9561.4bf2dc71.js:2
qo @ 9561.4bf2dc71.js:2
Xo @ 9561.4bf2dc71.js:2
$o @ 9561.4bf2dc71.js:2
ic @ 9561.4bf2dc71.js:2
enqueueSetState @ 9561.4bf2dc71.js:2
b.setState @ 9561.4bf2dc71.js:2
(匿名) @ 808.d56623c9.chunk.js:1
u @ 9561.4bf2dc71.js:2
(匿名) @ 9561.4bf2dc71.js:2
(匿名) @ 9561.4bf2dc71.js:2
r @ 9561.4bf2dc71.js:2
s @ 9561.4bf2dc71.js:2
Promise.then
r @ 9561.4bf2dc71.js:2
s @ 9561.4bf2dc71.js:2
(匿名) @ 9561.4bf2dc71.js:2
(匿名) @ 9561.4bf2dc71.js:2
value @ 808.d56623c9.chunk.js:1
F @ 9561.4bf2dc71.js:2
(匿名) @ 9561.4bf2dc71.js:2
Ec @ 9561.4bf2dc71.js:2
t.unstable_runWithPriority @ 9561.4bf2dc71.js:2
qo @ 9561.4bf2dc71.js:2
kc @ 9561.4bf2dc71.js:2
dc @ 9561.4bf2dc71.js:2
(匿名) @ 9561.4bf2dc71.js:2
t.unstable_runWithPriority @ 9561.4bf2dc71.js:2
qo @ 9561.4bf2dc71.js:2
Xo @ 9561.4bf2dc71.js:2
j @ 9561.4bf2dc71.js:2
M.port1.onmessage @ 9561.4bf2dc71.js:2
9561.4bf2dc71.js:2  react-intl-universal key "447595d5" not defined in zh
warningHandler @ 9561.4bf2dc71.js:2
value @ 9561.4bf2dc71.js:2
p @ 9561.4bf2dc71.js:2
(匿名) @ 8222.6209a852.chunk.js:1
hi @ 9561.4bf2dc71.js:2
Qi @ 9561.4bf2dc71.js:2
Cs @ 9561.4bf2dc71.js:2
wc @ 9561.4bf2dc71.js:2
_c @ 9561.4bf2dc71.js:2
dc @ 9561.4bf2dc71.js:2
(匿名) @ 9561.4bf2dc71.js:2
t.unstable_runWithPriority @ 9561.4bf2dc71.js:2
qo @ 9561.4bf2dc71.js:2
Xo @ 9561.4bf2dc71.js:2
$o @ 9561.4bf2dc71.js:2
ic @ 9561.4bf2dc71.js:2
enqueueSetState @ 9561.4bf2dc71.js:2
b.setState @ 9561.4bf2dc71.js:2
(匿名) @ 808.d56623c9.chunk.js:1
u @ 9561.4bf2dc71.js:2
(匿名) @ 9561.4bf2dc71.js:2
(匿名) @ 9561.4bf2dc71.js:2
r @ 9561.4bf2dc71.js:2
s @ 9561.4bf2dc71.js:2
Promise.then
r @ 9561.4bf2dc71.js:2
s @ 9561.4bf2dc71.js:2
(匿名) @ 9561.4bf2dc71.js:2
(匿名) @ 9561.4bf2dc71.js:2
value @ 808.d56623c9.chunk.js:1
F @ 9561.4bf2dc71.js:2
(匿名) @ 9561.4bf2dc71.js:2
Ec @ 9561.4bf2dc71.js:2
t.unstable_runWithPriority @ 9561.4bf2dc71.js:2
qo @ 9561.4bf2dc71.js:2
kc @ 9561.4bf2dc71.js:2
dc @ 9561.4bf2dc71.js:2
(匿名) @ 9561.4bf2dc71.js:2
t.unstable_runWithPriority @ 9561.4bf2dc71.js:2
qo @ 9561.4bf2dc71.js:2
Xo @ 9561.4bf2dc71.js:2
j @ 9561.4bf2dc71.js:2
M.port1.onmessage @ 9561.4bf2dc71.js:2
9561.4bf2dc71.js:2  react-intl-universal key "e2d15efb" not defined in zh
warningHandler @ 9561.4bf2dc71.js:2
value @ 9561.4bf2dc71.js:2
p @ 9561.4bf2dc71.js:2
value @ 808.d56623c9.chunk.js:1
Xi @ 9561.4bf2dc71.js:2
$i @ 9561.4bf2dc71.js:2
Cs @ 9561.4bf2dc71.js:2
wc @ 9561.4bf2dc71.js:2
_c @ 9561.4bf2dc71.js:2
dc @ 9561.4bf2dc71.js:2
(匿名) @ 9561.4bf2dc71.js:2
t.unstable_runWithPriority @ 9561.4bf2dc71.js:2
qo @ 9561.4bf2dc71.js:2
Xo @ 9561.4bf2dc71.js:2
$o @ 9561.4bf2dc71.js:2
ic @ 9561.4bf2dc71.js:2
enqueueSetState @ 9561.4bf2dc71.js:2
b.setState @ 9561.4bf2dc71.js:2
(匿名) @ 808.d56623c9.chunk.js:1
u @ 9561.4bf2dc71.js:2
(匿名) @ 9561.4bf2dc71.js:2
(匿名) @ 9561.4bf2dc71.js:2
r @ 9561.4bf2dc71.js:2
s @ 9561.4bf2dc71.js:2
Promise.then
r @ 9561.4bf2dc71.js:2
s @ 9561.4bf2dc71.js:2
(匿名) @ 9561.4bf2dc71.js:2
(匿名) @ 9561.4bf2dc71.js:2
value @ 808.d56623c9.chunk.js:1
F @ 9561.4bf2dc71.js:2
(匿名) @ 9561.4bf2dc71.js:2
Ec @ 9561.4bf2dc71.js:2
t.unstable_runWithPriority @ 9561.4bf2dc71.js:2
qo @ 9561.4bf2dc71.js:2
kc @ 9561.4bf2dc71.js:2
dc @ 9561.4bf2dc71.js:2
(匿名) @ 9561.4bf2dc71.js:2
t.unstable_runWithPriority @ 9561.4bf2dc71.js:2
qo @ 9561.4bf2dc71.js:2
Xo @ 9561.4bf2dc71.js:2
j @ 9561.4bf2dc71.js:2
M.port1.onmessage @ 9561.4bf2dc71.js:2
9561.4bf2dc71.js:2  react-intl-universal key "f5444d4a" not defined in zh
warningHandler @ 9561.4bf2dc71.js:2
value @ 9561.4bf2dc71.js:2
p @ 9561.4bf2dc71.js:2
value @ 808.d56623c9.chunk.js:1
Xi @ 9561.4bf2dc71.js:2
$i @ 9561.4bf2dc71.js:2
Cs @ 9561.4bf2dc71.js:2
wc @ 9561.4bf2dc71.js:2
_c @ 9561.4bf2dc71.js:2
dc @ 9561.4bf2dc71.js:2
(匿名) @ 9561.4bf2dc71.js:2
t.unstable_runWithPriority @ 9561.4bf2dc71.js:2
qo @ 9561.4bf2dc71.js:2
Xo @ 9561.4bf2dc71.js:2
$o @ 9561.4bf2dc71.js:2
ic @ 9561.4bf2dc71.js:2
enqueueSetState @ 9561.4bf2dc71.js:2
b.setState @ 9561.4bf2dc71.js:2
(匿名) @ 808.d56623c9.chunk.js:1
u @ 9561.4bf2dc71.js:2
(匿名) @ 9561.4bf2dc71.js:2
(匿名) @ 9561.4bf2dc71.js:2
r @ 9561.4bf2dc71.js:2
s @ 9561.4bf2dc71.js:2
Promise.then
r @ 9561.4bf2dc71.js:2
s @ 9561.4bf2dc71.js:2
(匿名) @ 9561.4bf2dc71.js:2
(匿名) @ 9561.4bf2dc71.js:2
value @ 808.d56623c9.chunk.js:1
F @ 9561.4bf2dc71.js:2
(匿名) @ 9561.4bf2dc71.js:2
Ec @ 9561.4bf2dc71.js:2
t.unstable_runWithPriority @ 9561.4bf2dc71.js:2
qo @ 9561.4bf2dc71.js:2
kc @ 9561.4bf2dc71.js:2
dc @ 9561.4bf2dc71.js:2
(匿名) @ 9561.4bf2dc71.js:2
t.unstable_runWithPriority @ 9561.4bf2dc71.js:2
qo @ 9561.4bf2dc71.js:2
Xo @ 9561.4bf2dc71.js:2
j @ 9561.4bf2dc71.js:2
M.port1.onmessage @ 9561.4bf2dc71.js:2
9561.4bf2dc71.js:2  react-intl-universal key "1655dd5f" not defined in zh
warningHandler @ 9561.4bf2dc71.js:2
value @ 9561.4bf2dc71.js:2
p @ 9561.4bf2dc71.js:2
value @ 808.d56623c9.chunk.js:1
Xi @ 9561.4bf2dc71.js:2
$i @ 9561.4bf2dc71.js:2
Cs @ 9561.4bf2dc71.js:2
wc @ 9561.4bf2dc71.js:2
_c @ 9561.4bf2dc71.js:2
dc @ 9561.4bf2dc71.js:2
(匿名) @ 9561.4bf2dc71.js:2
t.unstable_runWithPriority @ 9561.4bf2dc71.js:2
qo @ 9561.4bf2dc71.js:2
Xo @ 9561.4bf2dc71.js:2
$o @ 9561.4bf2dc71.js:2
ic @ 9561.4bf2dc71.js:2
enqueueSetState @ 9561.4bf2dc71.js:2
b.setState @ 9561.4bf2dc71.js:2
(匿名) @ 808.d56623c9.chunk.js:1
u @ 9561.4bf2dc71.js:2
(匿名) @ 9561.4bf2dc71.js:2
(匿名) @ 9561.4bf2dc71.js:2
r @ 9561.4bf2dc71.js:2
s @ 9561.4bf2dc71.js:2
Promise.then
r @ 9561.4bf2dc71.js:2
s @ 9561.4bf2dc71.js:2
(匿名) @ 9561.4bf2dc71.js:2
(匿名) @ 9561.4bf2dc71.js:2
value @ 808.d56623c9.chunk.js:1
F @ 9561.4bf2dc71.js:2
(匿名) @ 9561.4bf2dc71.js:2
Ec @ 9561.4bf2dc71.js:2
t.unstable_runWithPriority @ 9561.4bf2dc71.js:2
qo @ 9561.4bf2dc71.js:2
kc @ 9561.4bf2dc71.js:2
dc @ 9561.4bf2dc71.js:2
(匿名) @ 9561.4bf2dc71.js:2
t.unstable_runWithPriority @ 9561.4bf2dc71.js:2
qo @ 9561.4bf2dc71.js:2
Xo @ 9561.4bf2dc71.js:2
j @ 9561.4bf2dc71.js:2
M.port1.onmessage @ 9561.4bf2dc71.js:2
9561.4bf2dc71.js:2  react-intl-universal key "e7d2e85a" not defined in zh
warningHandler @ 9561.4bf2dc71.js:2
value @ 9561.4bf2dc71.js:2
p @ 9561.4bf2dc71.js:2
value @ 808.d56623c9.chunk.js:1
Xi @ 9561.4bf2dc71.js:2
$i @ 9561.4bf2dc71.js:2
Cs @ 9561.4bf2dc71.js:2
wc @ 9561.4bf2dc71.js:2
_c @ 9561.4bf2dc71.js:2
dc @ 9561.4bf2dc71.js:2
(匿名) @ 9561.4bf2dc71.js:2
t.unstable_runWithPriority @ 9561.4bf2dc71.js:2
qo @ 9561.4bf2dc71.js:2
Xo @ 9561.4bf2dc71.js:2
$o @ 9561.4bf2dc71.js:2
ic @ 9561.4bf2dc71.js:2
enqueueSetState @ 9561.4bf2dc71.js:2
b.setState @ 9561.4bf2dc71.js:2
(匿名) @ 808.d56623c9.chunk.js:1
u @ 9561.4bf2dc71.js:2
(匿名) @ 9561.4bf2dc71.js:2
(匿名) @ 9561.4bf2dc71.js:2
r @ 9561.4bf2dc71.js:2
s @ 9561.4bf2dc71.js:2
Promise.then
r @ 9561.4bf2dc71.js:2
s @ 9561.4bf2dc71.js:2
(匿名) @ 9561.4bf2dc71.js:2
(匿名) @ 9561.4bf2dc71.js:2
value @ 808.d56623c9.chunk.js:1
F @ 9561.4bf2dc71.js:2
(匿名) @ 9561.4bf2dc71.js:2
Ec @ 9561.4bf2dc71.js:2
t.unstable_runWithPriority @ 9561.4bf2dc71.js:2
qo @ 9561.4bf2dc71.js:2
kc @ 9561.4bf2dc71.js:2
dc @ 9561.4bf2dc71.js:2
(匿名) @ 9561.4bf2dc71.js:2
t.unstable_runWithPriority @ 9561.4bf2dc71.js:2
qo @ 9561.4bf2dc71.js:2
Xo @ 9561.4bf2dc71.js:2
j @ 9561.4bf2dc71.js:2
M.port1.onmessage @ 9561.4bf2dc71.js:2
9561.4bf2dc71.js:2  react-intl-universal key "447595d5" not defined in zh
warningHandler @ 9561.4bf2dc71.js:2
value @ 9561.4bf2dc71.js:2
p @ 9561.4bf2dc71.js:2
(匿名) @ 8222.6209a852.chunk.js:1
hi @ 9561.4bf2dc71.js:2
Qi @ 9561.4bf2dc71.js:2
Cs @ 9561.4bf2dc71.js:2
wc @ 9561.4bf2dc71.js:2
_c @ 9561.4bf2dc71.js:2
dc @ 9561.4bf2dc71.js:2
(匿名) @ 9561.4bf2dc71.js:2
t.unstable_runWithPriority @ 9561.4bf2dc71.js:2
qo @ 9561.4bf2dc71.js:2
Xo @ 9561.4bf2dc71.js:2
$o @ 9561.4bf2dc71.js:2
ic @ 9561.4bf2dc71.js:2
enqueueSetState @ 9561.4bf2dc71.js:2
b.setState @ 9561.4bf2dc71.js:2
(匿名) @ 808.d56623c9.chunk.js:1
u @ 9561.4bf2dc71.js:2
(匿名) @ 9561.4bf2dc71.js:2
(匿名) @ 9561.4bf2dc71.js:2
r @ 9561.4bf2dc71.js:2
s @ 9561.4bf2dc71.js:2
Promise.then
r @ 9561.4bf2dc71.js:2
s @ 9561.4bf2dc71.js:2
(匿名) @ 9561.4bf2dc71.js:2
(匿名) @ 9561.4bf2dc71.js:2
value @ 808.d56623c9.chunk.js:1
F @ 9561.4bf2dc71.js:2
(匿名) @ 9561.4bf2dc71.js:2
Ec @ 9561.4bf2dc71.js:2
t.unstable_runWithPriority @ 9561.4bf2dc71.js:2
qo @ 9561.4bf2dc71.js:2
kc @ 9561.4bf2dc71.js:2
dc @ 9561.4bf2dc71.js:2
(匿名) @ 9561.4bf2dc71.js:2
t.unstable_runWithPriority @ 9561.4bf2dc71.js:2
qo @ 9561.4bf2dc71.js:2
Xo @ 9561.4bf2dc71.js:2
j @ 9561.4bf2dc71.js:2
M.port1.onmessage @ 9561.4bf2dc71.js:2
log.ts:179 [debug 14:51:23 ] 课程详情请求响应: {"code":0,"body":{"activtiyPrice":0,"advertArr":[],"author":"","averageScore":"4.9","bowseNumber":"3681","canComment":"1","canDownload":"0","canFF":"0","canRate":"1","chapters":[],"classifyList":[{"courseId":"","fullName":"企业管理>安全环保","fullPath":"7|6|5|||7|7|6","id":"776","name":"安全环保","pageId":"","parentId":"765","type":"COURSE_AREA"}],"clockInInterval":0,"clockInNum":0,"commission":0,"completionReportInterval":5,"courseFileArr":[{"chapterExamScore":null,"chapterExamTime":null,"chapterPaperId":"
log.ts:179 [debug 14:51:23 ] 课程详情数据 [{…}]
log.ts:179 [debug 14:51:23 ] 拦截到HTTP请求: /learn/app/clientapi/user/isOpenHumanSocietyVas.do?sid=067F3550EE4E4D26B7F8729EB5F5EFF6&os=99
9561.4bf2dc71.js:2  react-intl-universal key "e2d15efb" not defined in zh
warningHandler @ 9561.4bf2dc71.js:2
value @ 9561.4bf2dc71.js:2
p @ 9561.4bf2dc71.js:2
value @ 808.d56623c9.chunk.js:1
Xi @ 9561.4bf2dc71.js:2
$i @ 9561.4bf2dc71.js:2
Cs @ 9561.4bf2dc71.js:2
wc @ 9561.4bf2dc71.js:2
_c @ 9561.4bf2dc71.js:2
dc @ 9561.4bf2dc71.js:2
(匿名) @ 9561.4bf2dc71.js:2
t.unstable_runWithPriority @ 9561.4bf2dc71.js:2
qo @ 9561.4bf2dc71.js:2
Xo @ 9561.4bf2dc71.js:2
$o @ 9561.4bf2dc71.js:2
ic @ 9561.4bf2dc71.js:2
enqueueSetState @ 9561.4bf2dc71.js:2
b.setState @ 9561.4bf2dc71.js:2
(匿名) @ 808.d56623c9.chunk.js:1
u @ 9561.4bf2dc71.js:2
(匿名) @ 9561.4bf2dc71.js:2
(匿名) @ 9561.4bf2dc71.js:2
r @ 9561.4bf2dc71.js:2
s @ 9561.4bf2dc71.js:2
Promise.then
r @ 9561.4bf2dc71.js:2
s @ 9561.4bf2dc71.js:2
(匿名) @ 9561.4bf2dc71.js:2
(匿名) @ 9561.4bf2dc71.js:2
value @ 808.d56623c9.chunk.js:1
F @ 9561.4bf2dc71.js:2
(匿名) @ 9561.4bf2dc71.js:2
Ec @ 9561.4bf2dc71.js:2
t.unstable_runWithPriority @ 9561.4bf2dc71.js:2
qo @ 9561.4bf2dc71.js:2
kc @ 9561.4bf2dc71.js:2
dc @ 9561.4bf2dc71.js:2
(匿名) @ 9561.4bf2dc71.js:2
t.unstable_runWithPriority @ 9561.4bf2dc71.js:2
qo @ 9561.4bf2dc71.js:2
Xo @ 9561.4bf2dc71.js:2
j @ 9561.4bf2dc71.js:2
M.port1.onmessage @ 9561.4bf2dc71.js:2
9561.4bf2dc71.js:2  react-intl-universal key "f5444d4a" not defined in zh
warningHandler @ 9561.4bf2dc71.js:2
value @ 9561.4bf2dc71.js:2
p @ 9561.4bf2dc71.js:2
value @ 808.d56623c9.chunk.js:1
Xi @ 9561.4bf2dc71.js:2
$i @ 9561.4bf2dc71.js:2
Cs @ 9561.4bf2dc71.js:2
wc @ 9561.4bf2dc71.js:2
_c @ 9561.4bf2dc71.js:2
dc @ 9561.4bf2dc71.js:2
(匿名) @ 9561.4bf2dc71.js:2
t.unstable_runWithPriority @ 9561.4bf2dc71.js:2
qo @ 9561.4bf2dc71.js:2
Xo @ 9561.4bf2dc71.js:2
$o @ 9561.4bf2dc71.js:2
ic @ 9561.4bf2dc71.js:2
enqueueSetState @ 9561.4bf2dc71.js:2
b.setState @ 9561.4bf2dc71.js:2
(匿名) @ 808.d56623c9.chunk.js:1
u @ 9561.4bf2dc71.js:2
(匿名) @ 9561.4bf2dc71.js:2
(匿名) @ 9561.4bf2dc71.js:2
r @ 9561.4bf2dc71.js:2
s @ 9561.4bf2dc71.js:2
Promise.then
r @ 9561.4bf2dc71.js:2
s @ 9561.4bf2dc71.js:2
(匿名) @ 9561.4bf2dc71.js:2
(匿名) @ 9561.4bf2dc71.js:2
value @ 808.d56623c9.chunk.js:1
F @ 9561.4bf2dc71.js:2
(匿名) @ 9561.4bf2dc71.js:2
Ec @ 9561.4bf2dc71.js:2
t.unstable_runWithPriority @ 9561.4bf2dc71.js:2
qo @ 9561.4bf2dc71.js:2
kc @ 9561.4bf2dc71.js:2
dc @ 9561.4bf2dc71.js:2
(匿名) @ 9561.4bf2dc71.js:2
t.unstable_runWithPriority @ 9561.4bf2dc71.js:2
qo @ 9561.4bf2dc71.js:2
Xo @ 9561.4bf2dc71.js:2
j @ 9561.4bf2dc71.js:2
M.port1.onmessage @ 9561.4bf2dc71.js:2
9561.4bf2dc71.js:2  react-intl-universal key "1655dd5f" not defined in zh
warningHandler @ 9561.4bf2dc71.js:2
value @ 9561.4bf2dc71.js:2
p @ 9561.4bf2dc71.js:2
value @ 808.d56623c9.chunk.js:1
Xi @ 9561.4bf2dc71.js:2
$i @ 9561.4bf2dc71.js:2
Cs @ 9561.4bf2dc71.js:2
wc @ 9561.4bf2dc71.js:2
_c @ 9561.4bf2dc71.js:2
dc @ 9561.4bf2dc71.js:2
(匿名) @ 9561.4bf2dc71.js:2
t.unstable_runWithPriority @ 9561.4bf2dc71.js:2
qo @ 9561.4bf2dc71.js:2
Xo @ 9561.4bf2dc71.js:2
$o @ 9561.4bf2dc71.js:2
ic @ 9561.4bf2dc71.js:2
enqueueSetState @ 9561.4bf2dc71.js:2
b.setState @ 9561.4bf2dc71.js:2
(匿名) @ 808.d56623c9.chunk.js:1
u @ 9561.4bf2dc71.js:2
(匿名) @ 9561.4bf2dc71.js:2
(匿名) @ 9561.4bf2dc71.js:2
r @ 9561.4bf2dc71.js:2
s @ 9561.4bf2dc71.js:2
Promise.then
r @ 9561.4bf2dc71.js:2
s @ 9561.4bf2dc71.js:2
(匿名) @ 9561.4bf2dc71.js:2
(匿名) @ 9561.4bf2dc71.js:2
value @ 808.d56623c9.chunk.js:1
F @ 9561.4bf2dc71.js:2
(匿名) @ 9561.4bf2dc71.js:2
Ec @ 9561.4bf2dc71.js:2
t.unstable_runWithPriority @ 9561.4bf2dc71.js:2
qo @ 9561.4bf2dc71.js:2
kc @ 9561.4bf2dc71.js:2
dc @ 9561.4bf2dc71.js:2
(匿名) @ 9561.4bf2dc71.js:2
t.unstable_runWithPriority @ 9561.4bf2dc71.js:2
qo @ 9561.4bf2dc71.js:2
Xo @ 9561.4bf2dc71.js:2
j @ 9561.4bf2dc71.js:2
M.port1.onmessage @ 9561.4bf2dc71.js:2
9561.4bf2dc71.js:2  react-intl-universal key "e7d2e85a" not defined in zh
warningHandler @ 9561.4bf2dc71.js:2
value @ 9561.4bf2dc71.js:2
p @ 9561.4bf2dc71.js:2
value @ 808.d56623c9.chunk.js:1
Xi @ 9561.4bf2dc71.js:2
$i @ 9561.4bf2dc71.js:2
Cs @ 9561.4bf2dc71.js:2
wc @ 9561.4bf2dc71.js:2
_c @ 9561.4bf2dc71.js:2
dc @ 9561.4bf2dc71.js:2
(匿名) @ 9561.4bf2dc71.js:2
t.unstable_runWithPriority @ 9561.4bf2dc71.js:2
qo @ 9561.4bf2dc71.js:2
Xo @ 9561.4bf2dc71.js:2
$o @ 9561.4bf2dc71.js:2
ic @ 9561.4bf2dc71.js:2
enqueueSetState @ 9561.4bf2dc71.js:2
b.setState @ 9561.4bf2dc71.js:2
(匿名) @ 808.d56623c9.chunk.js:1
u @ 9561.4bf2dc71.js:2
(匿名) @ 9561.4bf2dc71.js:2
(匿名) @ 9561.4bf2dc71.js:2
r @ 9561.4bf2dc71.js:2
s @ 9561.4bf2dc71.js:2
Promise.then
r @ 9561.4bf2dc71.js:2
s @ 9561.4bf2dc71.js:2
(匿名) @ 9561.4bf2dc71.js:2
(匿名) @ 9561.4bf2dc71.js:2
value @ 808.d56623c9.chunk.js:1
F @ 9561.4bf2dc71.js:2
(匿名) @ 9561.4bf2dc71.js:2
Ec @ 9561.4bf2dc71.js:2
t.unstable_runWithPriority @ 9561.4bf2dc71.js:2
qo @ 9561.4bf2dc71.js:2
kc @ 9561.4bf2dc71.js:2
dc @ 9561.4bf2dc71.js:2
(匿名) @ 9561.4bf2dc71.js:2
t.unstable_runWithPriority @ 9561.4bf2dc71.js:2
qo @ 9561.4bf2dc71.js:2
Xo @ 9561.4bf2dc71.js:2
j @ 9561.4bf2dc71.js:2
M.port1.onmessage @ 9561.4bf2dc71.js:2
9561.4bf2dc71.js:2  react-intl-universal key "447595d5" not defined in zh
warningHandler @ 9561.4bf2dc71.js:2
value @ 9561.4bf2dc71.js:2
p @ 9561.4bf2dc71.js:2
(匿名) @ 8222.6209a852.chunk.js:1
hi @ 9561.4bf2dc71.js:2
Qi @ 9561.4bf2dc71.js:2
Cs @ 9561.4bf2dc71.js:2
wc @ 9561.4bf2dc71.js:2
_c @ 9561.4bf2dc71.js:2
dc @ 9561.4bf2dc71.js:2
(匿名) @ 9561.4bf2dc71.js:2
t.unstable_runWithPriority @ 9561.4bf2dc71.js:2
qo @ 9561.4bf2dc71.js:2
Xo @ 9561.4bf2dc71.js:2
$o @ 9561.4bf2dc71.js:2
ic @ 9561.4bf2dc71.js:2
enqueueSetState @ 9561.4bf2dc71.js:2
b.setState @ 9561.4bf2dc71.js:2
(匿名) @ 808.d56623c9.chunk.js:1
u @ 9561.4bf2dc71.js:2
(匿名) @ 9561.4bf2dc71.js:2
(匿名) @ 9561.4bf2dc71.js:2
r @ 9561.4bf2dc71.js:2
s @ 9561.4bf2dc71.js:2
Promise.then
r @ 9561.4bf2dc71.js:2
s @ 9561.4bf2dc71.js:2
(匿名) @ 9561.4bf2dc71.js:2
(匿名) @ 9561.4bf2dc71.js:2
value @ 808.d56623c9.chunk.js:1
F @ 9561.4bf2dc71.js:2
(匿名) @ 9561.4bf2dc71.js:2
Ec @ 9561.4bf2dc71.js:2
t.unstable_runWithPriority @ 9561.4bf2dc71.js:2
qo @ 9561.4bf2dc71.js:2
kc @ 9561.4bf2dc71.js:2
dc @ 9561.4bf2dc71.js:2
(匿名) @ 9561.4bf2dc71.js:2
t.unstable_runWithPriority @ 9561.4bf2dc71.js:2
qo @ 9561.4bf2dc71.js:2
Xo @ 9561.4bf2dc71.js:2
j @ 9561.4bf2dc71.js:2
M.port1.onmessage @ 9561.4bf2dc71.js:2
808.d56623c9.chunk.js:1  Uncaught (in promise) TypeError: Failed to execute 'removeChild' on 'Node': parameter 1 is not of type 'Node'.
    at 808.d56623c9.chunk.js:1:10947
    at u (9561.4bf2dc71.js:2:4080981)
    at Generator._invoke (9561.4bf2dc71.js:2:4080769)
    at Generator.next (9561.4bf2dc71.js:2:4081410)
    at r (9561.4bf2dc71.js:2:5831066)
    at s (9561.4bf2dc71.js:2:5831269)
    at 9561.4bf2dc71.js:2:5831328
    at new Promise (<anonymous>)
    at a.getIsWatermark (9561.4bf2dc71.js:2:5831209)
    at 808.d56623c9.chunk.js:1:11517
(匿名) @ 808.d56623c9.chunk.js:1
u @ 9561.4bf2dc71.js:2
(匿名) @ 9561.4bf2dc71.js:2
(匿名) @ 9561.4bf2dc71.js:2
r @ 9561.4bf2dc71.js:2
s @ 9561.4bf2dc71.js:2
(匿名) @ 9561.4bf2dc71.js:2
(匿名) @ 9561.4bf2dc71.js:2
(匿名) @ 808.d56623c9.chunk.js:1
u @ 9561.4bf2dc71.js:2
(匿名) @ 9561.4bf2dc71.js:2
(匿名) @ 9561.4bf2dc71.js:2
r @ 9561.4bf2dc71.js:2
s @ 9561.4bf2dc71.js:2
Promise.then
r @ 9561.4bf2dc71.js:2
s @ 9561.4bf2dc71.js:2
(匿名) @ 9561.4bf2dc71.js:2
(匿名) @ 9561.4bf2dc71.js:2
value @ 808.d56623c9.chunk.js:1
F @ 9561.4bf2dc71.js:2
(匿名) @ 9561.4bf2dc71.js:2
Ec @ 9561.4bf2dc71.js:2
t.unstable_runWithPriority @ 9561.4bf2dc71.js:2
qo @ 9561.4bf2dc71.js:2
kc @ 9561.4bf2dc71.js:2
dc @ 9561.4bf2dc71.js:2
(匿名) @ 9561.4bf2dc71.js:2
t.unstable_runWithPriority @ 9561.4bf2dc71.js:2
qo @ 9561.4bf2dc71.js:2
Xo @ 9561.4bf2dc71.js:2
j @ 9561.4bf2dc71.js:2
M.port1.onmessage @ 9561.4bf2dc71.js:2
9561.4bf2dc71.js:2 div
9561.4bf2dc71.js:2 由于“保留日志”的原因，已阻止console.clear()
9561.4bf2dc71.js:2 ƒ l(){}
9561.4bf2dc71.js:2 由于“保留日志”的原因，已阻止console.clear()
9561.4bf2dc71.js:2 (索引)toStringlastIndexdotAllflagsglobalhasIndicesignoreCasemultilinesourcestickyunicodeunicodeSets(索引)toStringlastIndexdotAllflagsglobalhasIndicesignoreCasemultilinesourcestickyunicodeunicodeSetsdepƒ0false''falsefalsefalsefalse' 'falsefalsefalseObject
9561.4bf2dc71.js:2 由于“保留日志”的原因，已阻止console.clear()
9561.4bf2dc71.js:2 Fri Mar 13 2026 14:51:22 GMT+0800 (中国标准时间)
9561.4bf2dc71.js:2 由于“保留日志”的原因，已阻止console.clear()
9561.4bf2dc71.js:2 {}
9561.4bf2dc71.js:2 由于“保留日志”的原因，已阻止console.clear()
log.ts:179 [debug 14:51:24 ] 等待课程数据... 1
log.ts:179 [debug 14:51:24 ] 拦截到HTTP请求: /learn/app/clientapi/trainingclass/training/item/selectResourceRule.do?resourceId=N005778&resourceType=0&sid=067F3550EE4E4D26B7F8729EB5F5EFF6&os=99
log.ts:179 [debug 14:51:24 ] 拦截到HTTP请求: /learn/app/clientapi/screenShot/queryScreenShotInfo.do?os=99&sid=067F3550EE4E4D26B7F8729EB5F5EFF6
main.2faaeed8.js:1  The provided value 'Middle' is not a valid enum value of type CanvasTextBaseline.
ye @ main.2faaeed8.js:1
e.showWatermark @ 808.d56623c9.chunk.js:1
(匿名) @ 808.d56623c9.chunk.js:1
setTimeout
(匿名) @ 808.d56623c9.chunk.js:1
u @ 9561.4bf2dc71.js:2
(匿名) @ 9561.4bf2dc71.js:2
(匿名) @ 9561.4bf2dc71.js:2
r @ 9561.4bf2dc71.js:2
s @ 9561.4bf2dc71.js:2
(匿名) @ 9561.4bf2dc71.js:2
(匿名) @ 9561.4bf2dc71.js:2
value @ 808.d56623c9.chunk.js:1
F @ 9561.4bf2dc71.js:2
(匿名) @ 9561.4bf2dc71.js:2
Ec @ 9561.4bf2dc71.js:2
t.unstable_runWithPriority @ 9561.4bf2dc71.js:2
qo @ 9561.4bf2dc71.js:2
kc @ 9561.4bf2dc71.js:2
dc @ 9561.4bf2dc71.js:2
(匿名) @ 9561.4bf2dc71.js:2
t.unstable_runWithPriority @ 9561.4bf2dc71.js:2
qo @ 9561.4bf2dc71.js:2
Xo @ 9561.4bf2dc71.js:2
j @ 9561.4bf2dc71.js:2
M.port1.onmessage @ 9561.4bf2dc71.js:2
9561.4bf2dc71.js:2 div
9561.4bf2dc71.js:2 由于“保留日志”的原因，已阻止console.clear()
9561.4bf2dc71.js:2 ƒ l(){}
9561.4bf2dc71.js:2 由于“保留日志”的原因，已阻止console.clear()
9561.4bf2dc71.js:2 (索引)toStringlastIndexdotAllflagsglobalhasIndicesignoreCasemultilinesourcestickyunicodeunicodeSets(索引)toStringlastIndexdotAllflagsglobalhasIndicesignoreCasemultilinesourcestickyunicodeunicodeSetsdepƒ0false''falsefalsefalsefalse' 'falsefalsefalseObject
9561.4bf2dc71.js:2 由于“保留日志”的原因，已阻止console.clear()
9561.4bf2dc71.js:2 Fri Mar 13 2026 14:51:22 GMT+0800 (中国标准时间)
9561.4bf2dc71.js:2 由于“保留日志”的原因，已阻止console.clear()
9561.4bf2dc71.js:2 {}
9561.4bf2dc71.js:2 由于“保留日志”的原因，已阻止console.clear()
9561.4bf2dc71.js:2  react-intl-universal key "e2d15efb" not defined in zh
warningHandler @ 9561.4bf2dc71.js:2
value @ 9561.4bf2dc71.js:2
p @ 9561.4bf2dc71.js:2
value @ 808.d56623c9.chunk.js:1
Xi @ 9561.4bf2dc71.js:2
$i @ 9561.4bf2dc71.js:2
Cs @ 9561.4bf2dc71.js:2
wc @ 9561.4bf2dc71.js:2
_c @ 9561.4bf2dc71.js:2
dc @ 9561.4bf2dc71.js:2
(匿名) @ 9561.4bf2dc71.js:2
t.unstable_runWithPriority @ 9561.4bf2dc71.js:2
qo @ 9561.4bf2dc71.js:2
Xo @ 9561.4bf2dc71.js:2
$o @ 9561.4bf2dc71.js:2
ic @ 9561.4bf2dc71.js:2
enqueueSetState @ 9561.4bf2dc71.js:2
b.setState @ 9561.4bf2dc71.js:2
(匿名) @ 808.d56623c9.chunk.js:1
u @ 9561.4bf2dc71.js:2
(匿名) @ 9561.4bf2dc71.js:2
(匿名) @ 9561.4bf2dc71.js:2
r @ 9561.4bf2dc71.js:2
s @ 9561.4bf2dc71.js:2
Promise.then
r @ 9561.4bf2dc71.js:2
s @ 9561.4bf2dc71.js:2
Promise.then
r @ 9561.4bf2dc71.js:2
s @ 9561.4bf2dc71.js:2
Promise.then
r @ 9561.4bf2dc71.js:2
s @ 9561.4bf2dc71.js:2
Promise.then
r @ 9561.4bf2dc71.js:2
s @ 9561.4bf2dc71.js:2
(匿名) @ 9561.4bf2dc71.js:2
(匿名) @ 9561.4bf2dc71.js:2
value @ 808.d56623c9.chunk.js:1
F @ 9561.4bf2dc71.js:2
(匿名) @ 9561.4bf2dc71.js:2
Ec @ 9561.4bf2dc71.js:2
t.unstable_runWithPriority @ 9561.4bf2dc71.js:2
qo @ 9561.4bf2dc71.js:2
kc @ 9561.4bf2dc71.js:2
dc @ 9561.4bf2dc71.js:2
(匿名) @ 9561.4bf2dc71.js:2
t.unstable_runWithPriority @ 9561.4bf2dc71.js:2
qo @ 9561.4bf2dc71.js:2
Xo @ 9561.4bf2dc71.js:2
j @ 9561.4bf2dc71.js:2
M.port1.onmessage @ 9561.4bf2dc71.js:2
9561.4bf2dc71.js:2  react-intl-universal key "cb38f75d" not defined in zh
warningHandler @ 9561.4bf2dc71.js:2
value @ 9561.4bf2dc71.js:2
p @ 9561.4bf2dc71.js:2
value @ 808.d56623c9.chunk.js:1
Xi @ 9561.4bf2dc71.js:2
$i @ 9561.4bf2dc71.js:2
Cs @ 9561.4bf2dc71.js:2
wc @ 9561.4bf2dc71.js:2
_c @ 9561.4bf2dc71.js:2
dc @ 9561.4bf2dc71.js:2
(匿名) @ 9561.4bf2dc71.js:2
t.unstable_runWithPriority @ 9561.4bf2dc71.js:2
qo @ 9561.4bf2dc71.js:2
Xo @ 9561.4bf2dc71.js:2
$o @ 9561.4bf2dc71.js:2
ic @ 9561.4bf2dc71.js:2
enqueueSetState @ 9561.4bf2dc71.js:2
b.setState @ 9561.4bf2dc71.js:2
(匿名) @ 808.d56623c9.chunk.js:1
u @ 9561.4bf2dc71.js:2
(匿名) @ 9561.4bf2dc71.js:2
(匿名) @ 9561.4bf2dc71.js:2
r @ 9561.4bf2dc71.js:2
s @ 9561.4bf2dc71.js:2
Promise.then
r @ 9561.4bf2dc71.js:2
s @ 9561.4bf2dc71.js:2
Promise.then
r @ 9561.4bf2dc71.js:2
s @ 9561.4bf2dc71.js:2
Promise.then
r @ 9561.4bf2dc71.js:2
s @ 9561.4bf2dc71.js:2
Promise.then
r @ 9561.4bf2dc71.js:2
s @ 9561.4bf2dc71.js:2
(匿名) @ 9561.4bf2dc71.js:2
(匿名) @ 9561.4bf2dc71.js:2
value @ 808.d56623c9.chunk.js:1
F @ 9561.4bf2dc71.js:2
(匿名) @ 9561.4bf2dc71.js:2
Ec @ 9561.4bf2dc71.js:2
t.unstable_runWithPriority @ 9561.4bf2dc71.js:2
qo @ 9561.4bf2dc71.js:2
kc @ 9561.4bf2dc71.js:2
dc @ 9561.4bf2dc71.js:2
(匿名) @ 9561.4bf2dc71.js:2
t.unstable_runWithPriority @ 9561.4bf2dc71.js:2
qo @ 9561.4bf2dc71.js:2
Xo @ 9561.4bf2dc71.js:2
j @ 9561.4bf2dc71.js:2
M.port1.onmessage @ 9561.4bf2dc71.js:2
9561.4bf2dc71.js:2  react-intl-universal key "f5444d4a" not defined in zh
warningHandler @ 9561.4bf2dc71.js:2
value @ 9561.4bf2dc71.js:2
p @ 9561.4bf2dc71.js:2
value @ 808.d56623c9.chunk.js:1
Xi @ 9561.4bf2dc71.js:2
$i @ 9561.4bf2dc71.js:2
Cs @ 9561.4bf2dc71.js:2
wc @ 9561.4bf2dc71.js:2
_c @ 9561.4bf2dc71.js:2
dc @ 9561.4bf2dc71.js:2
(匿名) @ 9561.4bf2dc71.js:2
t.unstable_runWithPriority @ 9561.4bf2dc71.js:2
qo @ 9561.4bf2dc71.js:2
Xo @ 9561.4bf2dc71.js:2
$o @ 9561.4bf2dc71.js:2
ic @ 9561.4bf2dc71.js:2
enqueueSetState @ 9561.4bf2dc71.js:2
b.setState @ 9561.4bf2dc71.js:2
(匿名) @ 808.d56623c9.chunk.js:1
u @ 9561.4bf2dc71.js:2
(匿名) @ 9561.4bf2dc71.js:2
(匿名) @ 9561.4bf2dc71.js:2
r @ 9561.4bf2dc71.js:2
s @ 9561.4bf2dc71.js:2
Promise.then
r @ 9561.4bf2dc71.js:2
s @ 9561.4bf2dc71.js:2
Promise.then
r @ 9561.4bf2dc71.js:2
s @ 9561.4bf2dc71.js:2
Promise.then
r @ 9561.4bf2dc71.js:2
s @ 9561.4bf2dc71.js:2
Promise.then
r @ 9561.4bf2dc71.js:2
s @ 9561.4bf2dc71.js:2
(匿名) @ 9561.4bf2dc71.js:2
(匿名) @ 9561.4bf2dc71.js:2
value @ 808.d56623c9.chunk.js:1
F @ 9561.4bf2dc71.js:2
(匿名) @ 9561.4bf2dc71.js:2
Ec @ 9561.4bf2dc71.js:2
t.unstable_runWithPriority @ 9561.4bf2dc71.js:2
qo @ 9561.4bf2dc71.js:2
kc @ 9561.4bf2dc71.js:2
dc @ 9561.4bf2dc71.js:2
(匿名) @ 9561.4bf2dc71.js:2
t.unstable_runWithPriority @ 9561.4bf2dc71.js:2
qo @ 9561.4bf2dc71.js:2
Xo @ 9561.4bf2dc71.js:2
j @ 9561.4bf2dc71.js:2
M.port1.onmessage @ 9561.4bf2dc71.js:2
9561.4bf2dc71.js:2  react-intl-universal key "1655dd5f" not defined in zh
warningHandler @ 9561.4bf2dc71.js:2
value @ 9561.4bf2dc71.js:2
p @ 9561.4bf2dc71.js:2
value @ 808.d56623c9.chunk.js:1
Xi @ 9561.4bf2dc71.js:2
$i @ 9561.4bf2dc71.js:2
Cs @ 9561.4bf2dc71.js:2
wc @ 9561.4bf2dc71.js:2
_c @ 9561.4bf2dc71.js:2
dc @ 9561.4bf2dc71.js:2
(匿名) @ 9561.4bf2dc71.js:2
t.unstable_runWithPriority @ 9561.4bf2dc71.js:2
qo @ 9561.4bf2dc71.js:2
Xo @ 9561.4bf2dc71.js:2
$o @ 9561.4bf2dc71.js:2
ic @ 9561.4bf2dc71.js:2
enqueueSetState @ 9561.4bf2dc71.js:2
b.setState @ 9561.4bf2dc71.js:2
(匿名) @ 808.d56623c9.chunk.js:1
u @ 9561.4bf2dc71.js:2
(匿名) @ 9561.4bf2dc71.js:2
(匿名) @ 9561.4bf2dc71.js:2
r @ 9561.4bf2dc71.js:2
s @ 9561.4bf2dc71.js:2
Promise.then
r @ 9561.4bf2dc71.js:2
s @ 9561.4bf2dc71.js:2
Promise.then
r @ 9561.4bf2dc71.js:2
s @ 9561.4bf2dc71.js:2
Promise.then
r @ 9561.4bf2dc71.js:2
s @ 9561.4bf2dc71.js:2
Promise.then
r @ 9561.4bf2dc71.js:2
s @ 9561.4bf2dc71.js:2
(匿名) @ 9561.4bf2dc71.js:2
(匿名) @ 9561.4bf2dc71.js:2
value @ 808.d56623c9.chunk.js:1
F @ 9561.4bf2dc71.js:2
(匿名) @ 9561.4bf2dc71.js:2
Ec @ 9561.4bf2dc71.js:2
t.unstable_runWithPriority @ 9561.4bf2dc71.js:2
qo @ 9561.4bf2dc71.js:2
kc @ 9561.4bf2dc71.js:2
dc @ 9561.4bf2dc71.js:2
(匿名) @ 9561.4bf2dc71.js:2
t.unstable_runWithPriority @ 9561.4bf2dc71.js:2
qo @ 9561.4bf2dc71.js:2
Xo @ 9561.4bf2dc71.js:2
j @ 9561.4bf2dc71.js:2
M.port1.onmessage @ 9561.4bf2dc71.js:2
9561.4bf2dc71.js:2  react-intl-universal key "e7d2e85a" not defined in zh
warningHandler @ 9561.4bf2dc71.js:2
value @ 9561.4bf2dc71.js:2
p @ 9561.4bf2dc71.js:2
value @ 808.d56623c9.chunk.js:1
Xi @ 9561.4bf2dc71.js:2
$i @ 9561.4bf2dc71.js:2
Cs @ 9561.4bf2dc71.js:2
wc @ 9561.4bf2dc71.js:2
_c @ 9561.4bf2dc71.js:2
dc @ 9561.4bf2dc71.js:2
(匿名) @ 9561.4bf2dc71.js:2
t.unstable_runWithPriority @ 9561.4bf2dc71.js:2
qo @ 9561.4bf2dc71.js:2
Xo @ 9561.4bf2dc71.js:2
$o @ 9561.4bf2dc71.js:2
ic @ 9561.4bf2dc71.js:2
enqueueSetState @ 9561.4bf2dc71.js:2
b.setState @ 9561.4bf2dc71.js:2
(匿名) @ 808.d56623c9.chunk.js:1
u @ 9561.4bf2dc71.js:2
(匿名) @ 9561.4bf2dc71.js:2
(匿名) @ 9561.4bf2dc71.js:2
r @ 9561.4bf2dc71.js:2
s @ 9561.4bf2dc71.js:2
Promise.then
r @ 9561.4bf2dc71.js:2
s @ 9561.4bf2dc71.js:2
Promise.then
r @ 9561.4bf2dc71.js:2
s @ 9561.4bf2dc71.js:2
Promise.then
r @ 9561.4bf2dc71.js:2
s @ 9561.4bf2dc71.js:2
Promise.then
r @ 9561.4bf2dc71.js:2
s @ 9561.4bf2dc71.js:2
(匿名) @ 9561.4bf2dc71.js:2
(匿名) @ 9561.4bf2dc71.js:2
value @ 808.d56623c9.chunk.js:1
F @ 9561.4bf2dc71.js:2
(匿名) @ 9561.4bf2dc71.js:2
Ec @ 9561.4bf2dc71.js:2
t.unstable_runWithPriority @ 9561.4bf2dc71.js:2
qo @ 9561.4bf2dc71.js:2
kc @ 9561.4bf2dc71.js:2
dc @ 9561.4bf2dc71.js:2
(匿名) @ 9561.4bf2dc71.js:2
t.unstable_runWithPriority @ 9561.4bf2dc71.js:2
qo @ 9561.4bf2dc71.js:2
Xo @ 9561.4bf2dc71.js:2
j @ 9561.4bf2dc71.js:2
M.port1.onmessage @ 9561.4bf2dc71.js:2
9561.4bf2dc71.js:2  react-intl-universal key "b698998e" not defined in zh
warningHandler @ 9561.4bf2dc71.js:2
value @ 9561.4bf2dc71.js:2
p @ 9561.4bf2dc71.js:2
value @ 8222.6209a852.chunk.js:1
Le @ 9561.4bf2dc71.js:2
(匿名) @ 9561.4bf2dc71.js:2
pe @ 9561.4bf2dc71.js:2
e.track @ 9561.4bf2dc71.js:2
n @ 9561.4bf2dc71.js:2
pe @ 9561.4bf2dc71.js:2
d.render @ 9561.4bf2dc71.js:2
Xi @ 9561.4bf2dc71.js:2
$i @ 9561.4bf2dc71.js:2
Cs @ 9561.4bf2dc71.js:2
wc @ 9561.4bf2dc71.js:2
_c @ 9561.4bf2dc71.js:2
dc @ 9561.4bf2dc71.js:2
(匿名) @ 9561.4bf2dc71.js:2
t.unstable_runWithPriority @ 9561.4bf2dc71.js:2
qo @ 9561.4bf2dc71.js:2
Xo @ 9561.4bf2dc71.js:2
$o @ 9561.4bf2dc71.js:2
ic @ 9561.4bf2dc71.js:2
enqueueSetState @ 9561.4bf2dc71.js:2
b.setState @ 9561.4bf2dc71.js:2
(匿名) @ 808.d56623c9.chunk.js:1
u @ 9561.4bf2dc71.js:2
(匿名) @ 9561.4bf2dc71.js:2
(匿名) @ 9561.4bf2dc71.js:2
r @ 9561.4bf2dc71.js:2
s @ 9561.4bf2dc71.js:2
Promise.then
r @ 9561.4bf2dc71.js:2
s @ 9561.4bf2dc71.js:2
Promise.then
r @ 9561.4bf2dc71.js:2
s @ 9561.4bf2dc71.js:2
Promise.then
r @ 9561.4bf2dc71.js:2
s @ 9561.4bf2dc71.js:2
Promise.then
r @ 9561.4bf2dc71.js:2
s @ 9561.4bf2dc71.js:2
(匿名) @ 9561.4bf2dc71.js:2
(匿名) @ 9561.4bf2dc71.js:2
value @ 808.d56623c9.chunk.js:1
F @ 9561.4bf2dc71.js:2
(匿名) @ 9561.4bf2dc71.js:2
Ec @ 9561.4bf2dc71.js:2
t.unstable_runWithPriority @ 9561.4bf2dc71.js:2
qo @ 9561.4bf2dc71.js:2
kc @ 9561.4bf2dc71.js:2
dc @ 9561.4bf2dc71.js:2
(匿名) @ 9561.4bf2dc71.js:2
t.unstable_runWithPriority @ 9561.4bf2dc71.js:2
qo @ 9561.4bf2dc71.js:2
Xo @ 9561.4bf2dc71.js:2
j @ 9561.4bf2dc71.js:2
M.port1.onmessage @ 9561.4bf2dc71.js:2
9561.4bf2dc71.js:2  react-intl-universal key "7c1b3891" not defined in zh
warningHandler @ 9561.4bf2dc71.js:2
value @ 9561.4bf2dc71.js:2
p @ 9561.4bf2dc71.js:2
value @ 8222.6209a852.chunk.js:1
Le @ 9561.4bf2dc71.js:2
(匿名) @ 9561.4bf2dc71.js:2
pe @ 9561.4bf2dc71.js:2
e.track @ 9561.4bf2dc71.js:2
n @ 9561.4bf2dc71.js:2
pe @ 9561.4bf2dc71.js:2
d.render @ 9561.4bf2dc71.js:2
Xi @ 9561.4bf2dc71.js:2
$i @ 9561.4bf2dc71.js:2
Cs @ 9561.4bf2dc71.js:2
wc @ 9561.4bf2dc71.js:2
_c @ 9561.4bf2dc71.js:2
dc @ 9561.4bf2dc71.js:2
(匿名) @ 9561.4bf2dc71.js:2
t.unstable_runWithPriority @ 9561.4bf2dc71.js:2
qo @ 9561.4bf2dc71.js:2
Xo @ 9561.4bf2dc71.js:2
$o @ 9561.4bf2dc71.js:2
ic @ 9561.4bf2dc71.js:2
enqueueSetState @ 9561.4bf2dc71.js:2
b.setState @ 9561.4bf2dc71.js:2
(匿名) @ 808.d56623c9.chunk.js:1
u @ 9561.4bf2dc71.js:2
(匿名) @ 9561.4bf2dc71.js:2
(匿名) @ 9561.4bf2dc71.js:2
r @ 9561.4bf2dc71.js:2
s @ 9561.4bf2dc71.js:2
Promise.then
r @ 9561.4bf2dc71.js:2
s @ 9561.4bf2dc71.js:2
Promise.then
r @ 9561.4bf2dc71.js:2
s @ 9561.4bf2dc71.js:2
Promise.then
r @ 9561.4bf2dc71.js:2
s @ 9561.4bf2dc71.js:2
Promise.then
r @ 9561.4bf2dc71.js:2
s @ 9561.4bf2dc71.js:2
(匿名) @ 9561.4bf2dc71.js:2
(匿名) @ 9561.4bf2dc71.js:2
value @ 808.d56623c9.chunk.js:1
F @ 9561.4bf2dc71.js:2
(匿名) @ 9561.4bf2dc71.js:2
Ec @ 9561.4bf2dc71.js:2
t.unstable_runWithPriority @ 9561.4bf2dc71.js:2
qo @ 9561.4bf2dc71.js:2
kc @ 9561.4bf2dc71.js:2
dc @ 9561.4bf2dc71.js:2
(匿名) @ 9561.4bf2dc71.js:2
t.unstable_runWithPriority @ 9561.4bf2dc71.js:2
qo @ 9561.4bf2dc71.js:2
Xo @ 9561.4bf2dc71.js:2
j @ 9561.4bf2dc71.js:2
M.port1.onmessage @ 9561.4bf2dc71.js:2
9561.4bf2dc71.js:2  react-intl-universal key "625fb26b" not defined in zh
warningHandler @ 9561.4bf2dc71.js:2
value @ 9561.4bf2dc71.js:2
p @ 9561.4bf2dc71.js:2
value @ 8222.6209a852.chunk.js:1
Le @ 9561.4bf2dc71.js:2
(匿名) @ 9561.4bf2dc71.js:2
pe @ 9561.4bf2dc71.js:2
e.track @ 9561.4bf2dc71.js:2
n @ 9561.4bf2dc71.js:2
pe @ 9561.4bf2dc71.js:2
d.render @ 9561.4bf2dc71.js:2
Xi @ 9561.4bf2dc71.js:2
$i @ 9561.4bf2dc71.js:2
Cs @ 9561.4bf2dc71.js:2
wc @ 9561.4bf2dc71.js:2
_c @ 9561.4bf2dc71.js:2
dc @ 9561.4bf2dc71.js:2
(匿名) @ 9561.4bf2dc71.js:2
t.unstable_runWithPriority @ 9561.4bf2dc71.js:2
qo @ 9561.4bf2dc71.js:2
Xo @ 9561.4bf2dc71.js:2
$o @ 9561.4bf2dc71.js:2
ic @ 9561.4bf2dc71.js:2
enqueueSetState @ 9561.4bf2dc71.js:2
b.setState @ 9561.4bf2dc71.js:2
(匿名) @ 808.d56623c9.chunk.js:1
u @ 9561.4bf2dc71.js:2
(匿名) @ 9561.4bf2dc71.js:2
(匿名) @ 9561.4bf2dc71.js:2
r @ 9561.4bf2dc71.js:2
s @ 9561.4bf2dc71.js:2
Promise.then
r @ 9561.4bf2dc71.js:2
s @ 9561.4bf2dc71.js:2
Promise.then
r @ 9561.4bf2dc71.js:2
s @ 9561.4bf2dc71.js:2
Promise.then
r @ 9561.4bf2dc71.js:2
s @ 9561.4bf2dc71.js:2
Promise.then
r @ 9561.4bf2dc71.js:2
s @ 9561.4bf2dc71.js:2
(匿名) @ 9561.4bf2dc71.js:2
(匿名) @ 9561.4bf2dc71.js:2
value @ 808.d56623c9.chunk.js:1
F @ 9561.4bf2dc71.js:2
(匿名) @ 9561.4bf2dc71.js:2
Ec @ 9561.4bf2dc71.js:2
t.unstable_runWithPriority @ 9561.4bf2dc71.js:2
qo @ 9561.4bf2dc71.js:2
kc @ 9561.4bf2dc71.js:2
dc @ 9561.4bf2dc71.js:2
(匿名) @ 9561.4bf2dc71.js:2
t.unstable_runWithPriority @ 9561.4bf2dc71.js:2
qo @ 9561.4bf2dc71.js:2
Xo @ 9561.4bf2dc71.js:2
j @ 9561.4bf2dc71.js:2
M.port1.onmessage @ 9561.4bf2dc71.js:2
9561.4bf2dc71.js:2  react-intl-universal key "aa98ad92" not defined in zh
warningHandler @ 9561.4bf2dc71.js:2
value @ 9561.4bf2dc71.js:2
p @ 9561.4bf2dc71.js:2
value @ 8222.6209a852.chunk.js:1
Le @ 9561.4bf2dc71.js:2
(匿名) @ 9561.4bf2dc71.js:2
pe @ 9561.4bf2dc71.js:2
e.track @ 9561.4bf2dc71.js:2
n @ 9561.4bf2dc71.js:2
pe @ 9561.4bf2dc71.js:2
d.render @ 9561.4bf2dc71.js:2
Xi @ 9561.4bf2dc71.js:2
$i @ 9561.4bf2dc71.js:2
Cs @ 9561.4bf2dc71.js:2
wc @ 9561.4bf2dc71.js:2
_c @ 9561.4bf2dc71.js:2
dc @ 9561.4bf2dc71.js:2
(匿名) @ 9561.4bf2dc71.js:2
t.unstable_runWithPriority @ 9561.4bf2dc71.js:2
qo @ 9561.4bf2dc71.js:2
Xo @ 9561.4bf2dc71.js:2
$o @ 9561.4bf2dc71.js:2
ic @ 9561.4bf2dc71.js:2
enqueueSetState @ 9561.4bf2dc71.js:2
b.setState @ 9561.4bf2dc71.js:2
(匿名) @ 808.d56623c9.chunk.js:1
u @ 9561.4bf2dc71.js:2
(匿名) @ 9561.4bf2dc71.js:2
(匿名) @ 9561.4bf2dc71.js:2
r @ 9561.4bf2dc71.js:2
s @ 9561.4bf2dc71.js:2
Promise.then
r @ 9561.4bf2dc71.js:2
s @ 9561.4bf2dc71.js:2
Promise.then
r @ 9561.4bf2dc71.js:2
s @ 9561.4bf2dc71.js:2
Promise.then
r @ 9561.4bf2dc71.js:2
s @ 9561.4bf2dc71.js:2
Promise.then
r @ 9561.4bf2dc71.js:2
s @ 9561.4bf2dc71.js:2
(匿名) @ 9561.4bf2dc71.js:2
(匿名) @ 9561.4bf2dc71.js:2
value @ 808.d56623c9.chunk.js:1
F @ 9561.4bf2dc71.js:2
(匿名) @ 9561.4bf2dc71.js:2
Ec @ 9561.4bf2dc71.js:2
t.unstable_runWithPriority @ 9561.4bf2dc71.js:2
qo @ 9561.4bf2dc71.js:2
kc @ 9561.4bf2dc71.js:2
dc @ 9561.4bf2dc71.js:2
(匿名) @ 9561.4bf2dc71.js:2
t.unstable_runWithPriority @ 9561.4bf2dc71.js:2
qo @ 9561.4bf2dc71.js:2
Xo @ 9561.4bf2dc71.js:2
j @ 9561.4bf2dc71.js:2
M.port1.onmessage @ 9561.4bf2dc71.js:2
9561.4bf2dc71.js:2  react-intl-universal key "fe033787" not defined in zh
warningHandler @ 9561.4bf2dc71.js:2
value @ 9561.4bf2dc71.js:2
p @ 9561.4bf2dc71.js:2
value @ 8222.6209a852.chunk.js:1
Le @ 9561.4bf2dc71.js:2
(匿名) @ 9561.4bf2dc71.js:2
pe @ 9561.4bf2dc71.js:2
e.track @ 9561.4bf2dc71.js:2
n @ 9561.4bf2dc71.js:2
pe @ 9561.4bf2dc71.js:2
d.render @ 9561.4bf2dc71.js:2
Xi @ 9561.4bf2dc71.js:2
$i @ 9561.4bf2dc71.js:2
Cs @ 9561.4bf2dc71.js:2
wc @ 9561.4bf2dc71.js:2
_c @ 9561.4bf2dc71.js:2
dc @ 9561.4bf2dc71.js:2
(匿名) @ 9561.4bf2dc71.js:2
t.unstable_runWithPriority @ 9561.4bf2dc71.js:2
qo @ 9561.4bf2dc71.js:2
Xo @ 9561.4bf2dc71.js:2
$o @ 9561.4bf2dc71.js:2
ic @ 9561.4bf2dc71.js:2
enqueueSetState @ 9561.4bf2dc71.js:2
b.setState @ 9561.4bf2dc71.js:2
(匿名) @ 808.d56623c9.chunk.js:1
u @ 9561.4bf2dc71.js:2
(匿名) @ 9561.4bf2dc71.js:2
(匿名) @ 9561.4bf2dc71.js:2
r @ 9561.4bf2dc71.js:2
s @ 9561.4bf2dc71.js:2
Promise.then
r @ 9561.4bf2dc71.js:2
s @ 9561.4bf2dc71.js:2
Promise.then
r @ 9561.4bf2dc71.js:2
s @ 9561.4bf2dc71.js:2
Promise.then
r @ 9561.4bf2dc71.js:2
s @ 9561.4bf2dc71.js:2
Promise.then
r @ 9561.4bf2dc71.js:2
s @ 9561.4bf2dc71.js:2
(匿名) @ 9561.4bf2dc71.js:2
(匿名) @ 9561.4bf2dc71.js:2
value @ 808.d56623c9.chunk.js:1
F @ 9561.4bf2dc71.js:2
(匿名) @ 9561.4bf2dc71.js:2
Ec @ 9561.4bf2dc71.js:2
t.unstable_runWithPriority @ 9561.4bf2dc71.js:2
qo @ 9561.4bf2dc71.js:2
kc @ 9561.4bf2dc71.js:2
dc @ 9561.4bf2dc71.js:2
(匿名) @ 9561.4bf2dc71.js:2
t.unstable_runWithPriority @ 9561.4bf2dc71.js:2
qo @ 9561.4bf2dc71.js:2
Xo @ 9561.4bf2dc71.js:2
j @ 9561.4bf2dc71.js:2
M.port1.onmessage @ 9561.4bf2dc71.js:2
9561.4bf2dc71.js:2  react-intl-universal key "40e20dd4" not defined in zh
warningHandler @ 9561.4bf2dc71.js:2
value @ 9561.4bf2dc71.js:2
p @ 9561.4bf2dc71.js:2
value @ 8222.6209a852.chunk.js:1
Le @ 9561.4bf2dc71.js:2
(匿名) @ 9561.4bf2dc71.js:2
pe @ 9561.4bf2dc71.js:2
e.track @ 9561.4bf2dc71.js:2
n @ 9561.4bf2dc71.js:2
pe @ 9561.4bf2dc71.js:2
d.render @ 9561.4bf2dc71.js:2
Xi @ 9561.4bf2dc71.js:2
$i @ 9561.4bf2dc71.js:2
Cs @ 9561.4bf2dc71.js:2
wc @ 9561.4bf2dc71.js:2
_c @ 9561.4bf2dc71.js:2
dc @ 9561.4bf2dc71.js:2
(匿名) @ 9561.4bf2dc71.js:2
t.unstable_runWithPriority @ 9561.4bf2dc71.js:2
qo @ 9561.4bf2dc71.js:2
Xo @ 9561.4bf2dc71.js:2
$o @ 9561.4bf2dc71.js:2
ic @ 9561.4bf2dc71.js:2
enqueueSetState @ 9561.4bf2dc71.js:2
b.setState @ 9561.4bf2dc71.js:2
(匿名) @ 808.d56623c9.chunk.js:1
u @ 9561.4bf2dc71.js:2
(匿名) @ 9561.4bf2dc71.js:2
(匿名) @ 9561.4bf2dc71.js:2
r @ 9561.4bf2dc71.js:2
s @ 9561.4bf2dc71.js:2
Promise.then
r @ 9561.4bf2dc71.js:2
s @ 9561.4bf2dc71.js:2
Promise.then
r @ 9561.4bf2dc71.js:2
s @ 9561.4bf2dc71.js:2
Promise.then
r @ 9561.4bf2dc71.js:2
s @ 9561.4bf2dc71.js:2
Promise.then
r @ 9561.4bf2dc71.js:2
s @ 9561.4bf2dc71.js:2
(匿名) @ 9561.4bf2dc71.js:2
(匿名) @ 9561.4bf2dc71.js:2
value @ 808.d56623c9.chunk.js:1
F @ 9561.4bf2dc71.js:2
(匿名) @ 9561.4bf2dc71.js:2
Ec @ 9561.4bf2dc71.js:2
t.unstable_runWithPriority @ 9561.4bf2dc71.js:2
qo @ 9561.4bf2dc71.js:2
kc @ 9561.4bf2dc71.js:2
dc @ 9561.4bf2dc71.js:2
(匿名) @ 9561.4bf2dc71.js:2
t.unstable_runWithPriority @ 9561.4bf2dc71.js:2
qo @ 9561.4bf2dc71.js:2
Xo @ 9561.4bf2dc71.js:2
j @ 9561.4bf2dc71.js:2
M.port1.onmessage @ 9561.4bf2dc71.js:2
9561.4bf2dc71.js:2  react-intl-universal key "447595d5" not defined in zh
warningHandler @ 9561.4bf2dc71.js:2
value @ 9561.4bf2dc71.js:2
p @ 9561.4bf2dc71.js:2
(匿名) @ 8222.6209a852.chunk.js:1
hi @ 9561.4bf2dc71.js:2
Qi @ 9561.4bf2dc71.js:2
Cs @ 9561.4bf2dc71.js:2
wc @ 9561.4bf2dc71.js:2
_c @ 9561.4bf2dc71.js:2
dc @ 9561.4bf2dc71.js:2
(匿名) @ 9561.4bf2dc71.js:2
t.unstable_runWithPriority @ 9561.4bf2dc71.js:2
qo @ 9561.4bf2dc71.js:2
Xo @ 9561.4bf2dc71.js:2
$o @ 9561.4bf2dc71.js:2
ic @ 9561.4bf2dc71.js:2
enqueueSetState @ 9561.4bf2dc71.js:2
b.setState @ 9561.4bf2dc71.js:2
(匿名) @ 808.d56623c9.chunk.js:1
u @ 9561.4bf2dc71.js:2
(匿名) @ 9561.4bf2dc71.js:2
(匿名) @ 9561.4bf2dc71.js:2
r @ 9561.4bf2dc71.js:2
s @ 9561.4bf2dc71.js:2
Promise.then
r @ 9561.4bf2dc71.js:2
s @ 9561.4bf2dc71.js:2
Promise.then
r @ 9561.4bf2dc71.js:2
s @ 9561.4bf2dc71.js:2
Promise.then
r @ 9561.4bf2dc71.js:2
s @ 9561.4bf2dc71.js:2
Promise.then
r @ 9561.4bf2dc71.js:2
s @ 9561.4bf2dc71.js:2
(匿名) @ 9561.4bf2dc71.js:2
(匿名) @ 9561.4bf2dc71.js:2
value @ 808.d56623c9.chunk.js:1
F @ 9561.4bf2dc71.js:2
(匿名) @ 9561.4bf2dc71.js:2
Ec @ 9561.4bf2dc71.js:2
t.unstable_runWithPriority @ 9561.4bf2dc71.js:2
qo @ 9561.4bf2dc71.js:2
kc @ 9561.4bf2dc71.js:2
dc @ 9561.4bf2dc71.js:2
(匿名) @ 9561.4bf2dc71.js:2
t.unstable_runWithPriority @ 9561.4bf2dc71.js:2
qo @ 9561.4bf2dc71.js:2
Xo @ 9561.4bf2dc71.js:2
j @ 9561.4bf2dc71.js:2
M.port1.onmessage @ 9561.4bf2dc71.js:2
9561.4bf2dc71.js:2  react-intl-universal key "b698998e" not defined in zh
warningHandler @ 9561.4bf2dc71.js:2
value @ 9561.4bf2dc71.js:2
p @ 9561.4bf2dc71.js:2
value @ 8222.6209a852.chunk.js:1
Le @ 9561.4bf2dc71.js:2
(匿名) @ 9561.4bf2dc71.js:2
pe @ 9561.4bf2dc71.js:2
e.track @ 9561.4bf2dc71.js:2
n @ 9561.4bf2dc71.js:2
Xi @ 9561.4bf2dc71.js:2
$i @ 9561.4bf2dc71.js:2
Cs @ 9561.4bf2dc71.js:2
wc @ 9561.4bf2dc71.js:2
_c @ 9561.4bf2dc71.js:2
dc @ 9561.4bf2dc71.js:2
(匿名) @ 9561.4bf2dc71.js:2
t.unstable_runWithPriority @ 9561.4bf2dc71.js:2
qo @ 9561.4bf2dc71.js:2
Xo @ 9561.4bf2dc71.js:2
$o @ 9561.4bf2dc71.js:2
ic @ 9561.4bf2dc71.js:2
enqueueSetState @ 9561.4bf2dc71.js:2
b.setState @ 9561.4bf2dc71.js:2
(匿名) @ 808.d56623c9.chunk.js:1
u @ 9561.4bf2dc71.js:2
(匿名) @ 9561.4bf2dc71.js:2
(匿名) @ 9561.4bf2dc71.js:2
r @ 9561.4bf2dc71.js:2
s @ 9561.4bf2dc71.js:2
Promise.then
r @ 9561.4bf2dc71.js:2
s @ 9561.4bf2dc71.js:2
Promise.then
r @ 9561.4bf2dc71.js:2
s @ 9561.4bf2dc71.js:2
Promise.then
r @ 9561.4bf2dc71.js:2
s @ 9561.4bf2dc71.js:2
Promise.then
r @ 9561.4bf2dc71.js:2
s @ 9561.4bf2dc71.js:2
(匿名) @ 9561.4bf2dc71.js:2
(匿名) @ 9561.4bf2dc71.js:2
value @ 808.d56623c9.chunk.js:1
F @ 9561.4bf2dc71.js:2
(匿名) @ 9561.4bf2dc71.js:2
Ec @ 9561.4bf2dc71.js:2
t.unstable_runWithPriority @ 9561.4bf2dc71.js:2
qo @ 9561.4bf2dc71.js:2
kc @ 9561.4bf2dc71.js:2
dc @ 9561.4bf2dc71.js:2
(匿名) @ 9561.4bf2dc71.js:2
t.unstable_runWithPriority @ 9561.4bf2dc71.js:2
qo @ 9561.4bf2dc71.js:2
Xo @ 9561.4bf2dc71.js:2
j @ 9561.4bf2dc71.js:2
M.port1.onmessage @ 9561.4bf2dc71.js:2
9561.4bf2dc71.js:2  react-intl-universal key "7c1b3891" not defined in zh
warningHandler @ 9561.4bf2dc71.js:2
value @ 9561.4bf2dc71.js:2
p @ 9561.4bf2dc71.js:2
value @ 8222.6209a852.chunk.js:1
Le @ 9561.4bf2dc71.js:2
(匿名) @ 9561.4bf2dc71.js:2
pe @ 9561.4bf2dc71.js:2
e.track @ 9561.4bf2dc71.js:2
n @ 9561.4bf2dc71.js:2
Xi @ 9561.4bf2dc71.js:2
$i @ 9561.4bf2dc71.js:2
Cs @ 9561.4bf2dc71.js:2
wc @ 9561.4bf2dc71.js:2
_c @ 9561.4bf2dc71.js:2
dc @ 9561.4bf2dc71.js:2
(匿名) @ 9561.4bf2dc71.js:2
t.unstable_runWithPriority @ 9561.4bf2dc71.js:2
qo @ 9561.4bf2dc71.js:2
Xo @ 9561.4bf2dc71.js:2
$o @ 9561.4bf2dc71.js:2
ic @ 9561.4bf2dc71.js:2
enqueueSetState @ 9561.4bf2dc71.js:2
b.setState @ 9561.4bf2dc71.js:2
(匿名) @ 808.d56623c9.chunk.js:1
u @ 9561.4bf2dc71.js:2
(匿名) @ 9561.4bf2dc71.js:2
(匿名) @ 9561.4bf2dc71.js:2
r @ 9561.4bf2dc71.js:2
s @ 9561.4bf2dc71.js:2
Promise.then
r @ 9561.4bf2dc71.js:2
s @ 9561.4bf2dc71.js:2
Promise.then
r @ 9561.4bf2dc71.js:2
s @ 9561.4bf2dc71.js:2
Promise.then
r @ 9561.4bf2dc71.js:2
s @ 9561.4bf2dc71.js:2
Promise.then
r @ 9561.4bf2dc71.js:2
s @ 9561.4bf2dc71.js:2
(匿名) @ 9561.4bf2dc71.js:2
(匿名) @ 9561.4bf2dc71.js:2
value @ 808.d56623c9.chunk.js:1
F @ 9561.4bf2dc71.js:2
(匿名) @ 9561.4bf2dc71.js:2
Ec @ 9561.4bf2dc71.js:2
t.unstable_runWithPriority @ 9561.4bf2dc71.js:2
qo @ 9561.4bf2dc71.js:2
kc @ 9561.4bf2dc71.js:2
dc @ 9561.4bf2dc71.js:2
(匿名) @ 9561.4bf2dc71.js:2
t.unstable_runWithPriority @ 9561.4bf2dc71.js:2
qo @ 9561.4bf2dc71.js:2
Xo @ 9561.4bf2dc71.js:2
j @ 9561.4bf2dc71.js:2
M.port1.onmessage @ 9561.4bf2dc71.js:2
9561.4bf2dc71.js:2  react-intl-universal key "625fb26b" not defined in zh
warningHandler @ 9561.4bf2dc71.js:2
value @ 9561.4bf2dc71.js:2
p @ 9561.4bf2dc71.js:2
value @ 8222.6209a852.chunk.js:1
Le @ 9561.4bf2dc71.js:2
(匿名) @ 9561.4bf2dc71.js:2
pe @ 9561.4bf2dc71.js:2
e.track @ 9561.4bf2dc71.js:2
n @ 9561.4bf2dc71.js:2
Xi @ 9561.4bf2dc71.js:2
$i @ 9561.4bf2dc71.js:2
Cs @ 9561.4bf2dc71.js:2
wc @ 9561.4bf2dc71.js:2
_c @ 9561.4bf2dc71.js:2
dc @ 9561.4bf2dc71.js:2
(匿名) @ 9561.4bf2dc71.js:2
t.unstable_runWithPriority @ 9561.4bf2dc71.js:2
qo @ 9561.4bf2dc71.js:2
Xo @ 9561.4bf2dc71.js:2
$o @ 9561.4bf2dc71.js:2
ic @ 9561.4bf2dc71.js:2
enqueueSetState @ 9561.4bf2dc71.js:2
b.setState @ 9561.4bf2dc71.js:2
(匿名) @ 808.d56623c9.chunk.js:1
u @ 9561.4bf2dc71.js:2
(匿名) @ 9561.4bf2dc71.js:2
(匿名) @ 9561.4bf2dc71.js:2
r @ 9561.4bf2dc71.js:2
s @ 9561.4bf2dc71.js:2
Promise.then
r @ 9561.4bf2dc71.js:2
s @ 9561.4bf2dc71.js:2
Promise.then
r @ 9561.4bf2dc71.js:2
s @ 9561.4bf2dc71.js:2
Promise.then
r @ 9561.4bf2dc71.js:2
s @ 9561.4bf2dc71.js:2
Promise.then
r @ 9561.4bf2dc71.js:2
s @ 9561.4bf2dc71.js:2
(匿名) @ 9561.4bf2dc71.js:2
(匿名) @ 9561.4bf2dc71.js:2
value @ 808.d56623c9.chunk.js:1
F @ 9561.4bf2dc71.js:2
(匿名) @ 9561.4bf2dc71.js:2
Ec @ 9561.4bf2dc71.js:2
t.unstable_runWithPriority @ 9561.4bf2dc71.js:2
qo @ 9561.4bf2dc71.js:2
kc @ 9561.4bf2dc71.js:2
dc @ 9561.4bf2dc71.js:2
(匿名) @ 9561.4bf2dc71.js:2
t.unstable_runWithPriority @ 9561.4bf2dc71.js:2
qo @ 9561.4bf2dc71.js:2
Xo @ 9561.4bf2dc71.js:2
j @ 9561.4bf2dc71.js:2
M.port1.onmessage @ 9561.4bf2dc71.js:2
9561.4bf2dc71.js:2  react-intl-universal key "aa98ad92" not defined in zh
warningHandler @ 9561.4bf2dc71.js:2
value @ 9561.4bf2dc71.js:2
p @ 9561.4bf2dc71.js:2
value @ 8222.6209a852.chunk.js:1
Le @ 9561.4bf2dc71.js:2
(匿名) @ 9561.4bf2dc71.js:2
pe @ 9561.4bf2dc71.js:2
e.track @ 9561.4bf2dc71.js:2
n @ 9561.4bf2dc71.js:2
Xi @ 9561.4bf2dc71.js:2
$i @ 9561.4bf2dc71.js:2
Cs @ 9561.4bf2dc71.js:2
wc @ 9561.4bf2dc71.js:2
_c @ 9561.4bf2dc71.js:2
dc @ 9561.4bf2dc71.js:2
(匿名) @ 9561.4bf2dc71.js:2
t.unstable_runWithPriority @ 9561.4bf2dc71.js:2
qo @ 9561.4bf2dc71.js:2
Xo @ 9561.4bf2dc71.js:2
$o @ 9561.4bf2dc71.js:2
ic @ 9561.4bf2dc71.js:2
enqueueSetState @ 9561.4bf2dc71.js:2
b.setState @ 9561.4bf2dc71.js:2
(匿名) @ 808.d56623c9.chunk.js:1
u @ 9561.4bf2dc71.js:2
(匿名) @ 9561.4bf2dc71.js:2
(匿名) @ 9561.4bf2dc71.js:2
r @ 9561.4bf2dc71.js:2
s @ 9561.4bf2dc71.js:2
Promise.then
r @ 9561.4bf2dc71.js:2
s @ 9561.4bf2dc71.js:2
Promise.then
r @ 9561.4bf2dc71.js:2
s @ 9561.4bf2dc71.js:2
Promise.then
r @ 9561.4bf2dc71.js:2
s @ 9561.4bf2dc71.js:2
Promise.then
r @ 9561.4bf2dc71.js:2
s @ 9561.4bf2dc71.js:2
(匿名) @ 9561.4bf2dc71.js:2
(匿名) @ 9561.4bf2dc71.js:2
value @ 808.d56623c9.chunk.js:1
F @ 9561.4bf2dc71.js:2
(匿名) @ 9561.4bf2dc71.js:2
Ec @ 9561.4bf2dc71.js:2
t.unstable_runWithPriority @ 9561.4bf2dc71.js:2
qo @ 9561.4bf2dc71.js:2
kc @ 9561.4bf2dc71.js:2
dc @ 9561.4bf2dc71.js:2
(匿名) @ 9561.4bf2dc71.js:2
t.unstable_runWithPriority @ 9561.4bf2dc71.js:2
qo @ 9561.4bf2dc71.js:2
Xo @ 9561.4bf2dc71.js:2
j @ 9561.4bf2dc71.js:2
M.port1.onmessage @ 9561.4bf2dc71.js:2
9561.4bf2dc71.js:2  react-intl-universal key "fe033787" not defined in zh
warningHandler @ 9561.4bf2dc71.js:2
value @ 9561.4bf2dc71.js:2
p @ 9561.4bf2dc71.js:2
value @ 8222.6209a852.chunk.js:1
Le @ 9561.4bf2dc71.js:2
(匿名) @ 9561.4bf2dc71.js:2
pe @ 9561.4bf2dc71.js:2
e.track @ 9561.4bf2dc71.js:2
n @ 9561.4bf2dc71.js:2
Xi @ 9561.4bf2dc71.js:2
$i @ 9561.4bf2dc71.js:2
Cs @ 9561.4bf2dc71.js:2
wc @ 9561.4bf2dc71.js:2
_c @ 9561.4bf2dc71.js:2
dc @ 9561.4bf2dc71.js:2
(匿名) @ 9561.4bf2dc71.js:2
t.unstable_runWithPriority @ 9561.4bf2dc71.js:2
qo @ 9561.4bf2dc71.js:2
Xo @ 9561.4bf2dc71.js:2
$o @ 9561.4bf2dc71.js:2
ic @ 9561.4bf2dc71.js:2
enqueueSetState @ 9561.4bf2dc71.js:2
b.setState @ 9561.4bf2dc71.js:2
(匿名) @ 808.d56623c9.chunk.js:1
u @ 9561.4bf2dc71.js:2
(匿名) @ 9561.4bf2dc71.js:2
(匿名) @ 9561.4bf2dc71.js:2
r @ 9561.4bf2dc71.js:2
s @ 9561.4bf2dc71.js:2
Promise.then
r @ 9561.4bf2dc71.js:2
s @ 9561.4bf2dc71.js:2
Promise.then
r @ 9561.4bf2dc71.js:2
s @ 9561.4bf2dc71.js:2
Promise.then
r @ 9561.4bf2dc71.js:2
s @ 9561.4bf2dc71.js:2
Promise.then
r @ 9561.4bf2dc71.js:2
s @ 9561.4bf2dc71.js:2
(匿名) @ 9561.4bf2dc71.js:2
(匿名) @ 9561.4bf2dc71.js:2
value @ 808.d56623c9.chunk.js:1
F @ 9561.4bf2dc71.js:2
(匿名) @ 9561.4bf2dc71.js:2
Ec @ 9561.4bf2dc71.js:2
t.unstable_runWithPriority @ 9561.4bf2dc71.js:2
qo @ 9561.4bf2dc71.js:2
kc @ 9561.4bf2dc71.js:2
dc @ 9561.4bf2dc71.js:2
(匿名) @ 9561.4bf2dc71.js:2
t.unstable_runWithPriority @ 9561.4bf2dc71.js:2
qo @ 9561.4bf2dc71.js:2
Xo @ 9561.4bf2dc71.js:2
j @ 9561.4bf2dc71.js:2
M.port1.onmessage @ 9561.4bf2dc71.js:2
9561.4bf2dc71.js:2  react-intl-universal key "40e20dd4" not defined in zh
warningHandler @ 9561.4bf2dc71.js:2
value @ 9561.4bf2dc71.js:2
p @ 9561.4bf2dc71.js:2
value @ 8222.6209a852.chunk.js:1
Le @ 9561.4bf2dc71.js:2
(匿名) @ 9561.4bf2dc71.js:2
pe @ 9561.4bf2dc71.js:2
e.track @ 9561.4bf2dc71.js:2
n @ 9561.4bf2dc71.js:2
Xi @ 9561.4bf2dc71.js:2
$i @ 9561.4bf2dc71.js:2
Cs @ 9561.4bf2dc71.js:2
wc @ 9561.4bf2dc71.js:2
_c @ 9561.4bf2dc71.js:2
dc @ 9561.4bf2dc71.js:2
(匿名) @ 9561.4bf2dc71.js:2
t.unstable_runWithPriority @ 9561.4bf2dc71.js:2
qo @ 9561.4bf2dc71.js:2
Xo @ 9561.4bf2dc71.js:2
$o @ 9561.4bf2dc71.js:2
ic @ 9561.4bf2dc71.js:2
enqueueSetState @ 9561.4bf2dc71.js:2
b.setState @ 9561.4bf2dc71.js:2
(匿名) @ 808.d56623c9.chunk.js:1
u @ 9561.4bf2dc71.js:2
(匿名) @ 9561.4bf2dc71.js:2
(匿名) @ 9561.4bf2dc71.js:2
r @ 9561.4bf2dc71.js:2
s @ 9561.4bf2dc71.js:2
Promise.then
r @ 9561.4bf2dc71.js:2
s @ 9561.4bf2dc71.js:2
Promise.then
r @ 9561.4bf2dc71.js:2
s @ 9561.4bf2dc71.js:2
Promise.then
r @ 9561.4bf2dc71.js:2
s @ 9561.4bf2dc71.js:2
Promise.then
r @ 9561.4bf2dc71.js:2
s @ 9561.4bf2dc71.js:2
(匿名) @ 9561.4bf2dc71.js:2
(匿名) @ 9561.4bf2dc71.js:2
value @ 808.d56623c9.chunk.js:1
F @ 9561.4bf2dc71.js:2
(匿名) @ 9561.4bf2dc71.js:2
Ec @ 9561.4bf2dc71.js:2
t.unstable_runWithPriority @ 9561.4bf2dc71.js:2
qo @ 9561.4bf2dc71.js:2
kc @ 9561.4bf2dc71.js:2
dc @ 9561.4bf2dc71.js:2
(匿名) @ 9561.4bf2dc71.js:2
t.unstable_runWithPriority @ 9561.4bf2dc71.js:2
qo @ 9561.4bf2dc71.js:2
Xo @ 9561.4bf2dc71.js:2
j @ 9561.4bf2dc71.js:2
M.port1.onmessage @ 9561.4bf2dc71.js:2
8222.6209a852.chunk.js:1 2222
log.ts:179 [debug 14:51:24 ] 拦截到HTTP请求: /learn/app/clientapi/course/commenthead.do?os=99&sid=067F3550EE4E4D26B7F8729EB5F5EFF6
log.ts:179 [debug 14:51:24 ] 拦截到HTTP请求: /learn/app/clientapi/course/comment.do?os=99&sid=067F3550EE4E4D26B7F8729EB5F5EFF6
log.ts:179 [debug 14:51:24 ] 拦截到HTTP请求: /learn/app/clientapi/course/play/queryStatus.do?courseWareId=1750217705867&courseId=N005778&bizType=0&bizId=&sid=067F3550EE4E4D26B7F8729EB5F5EFF6&os=99
log.ts:179 [debug 14:51:24 ] 拦截到HTTP请求: /learn/app/clientapi/course/uploadCourseLearnStatus.do?os=99&sid=067F3550EE4E4D26B7F8729EB5F5EFF6
log.ts:179 [debug 14:51:24 ] 拦截到HTTP请求: /learn/app/getGlobalTimestamp.do?os=99&sid=067F3550EE4E4D26B7F8729EB5F5EFF6
log.ts:179 [debug 14:51:24 ] 拦截到HTTP请求: /learn/app/clientapi/course/preview.do?coursewareId=1750217705867&sid=067F3550EE4E4D26B7F8729EB5F5EFF6&os=99
log.ts:179 [debug 14:51:24 ] 拦截到HTTP请求: /learn/app/clientapi/misc/queryVasOperation2NativeList.do?os=99&sid=067F3550EE4E4D26B7F8729EB5F5EFF6
log.ts:179 [debug 14:51:24 ] 寻找taskDiv 固本强基.mp4
log.ts:179 [debug 14:51:24 ] 构建任务 1: 固本强基.mp4 类型: video
factory.ts:33 创建课程任务: video
log.ts:179 [debug 14:51:24 ] zsglVideo开始初始化任务 {hasLearned: '0', fileName: '固本强基.mp4', cwType: 'video', jobIndex: 0, courseId: 'N005778', …}
log.ts:179 [debug 14:51:24 ] 任务 1 初始化完成
log.ts:197  [warn 14:51:24 ] runMoocTask reload true ZsglCourse {event: {…}, taskList: Array(1), courseDetailData: Array(1), timerManager: TimerManager, taskIndex: 0}
Warn @ log.ts:197
eval @ mooc.ts:57
eval @ event.ts:30
callEvent @ event.ts:29
eval @ course.ts:229
fulfilled @ course.ts:5
Promise.then
step @ course.ts:7
eval @ course.ts:8
__awaiter @ course.ts:4
eval @ course.ts:216
setInterval
setInterval @ utils.ts:203
eval @ course.ts:216
eval @ course.ts:8
__awaiter @ course.ts:4
processCourseData @ course.ts:213
eval @ course.ts:198
setInterval
setInterval @ utils.ts:203
eval @ course.ts:193
eval @ course.ts:8
__awaiter @ course.ts:4
OperateCard @ course.ts:187
eval @ course.ts:64
eval @ course.ts:8
__awaiter @ course.ts:4
eval @ course.ts:57
log.ts:179 [debug 14:51:24 ] runTask 开始执行任务: false
log.ts:179 [debug 14:51:24 ] runTask 开始执行任务:
log.ts:179 [debug 14:51:24 ] zsglVideo开始执行任务 <span class=​"jss204">​固本强基.mp4​</span>​
log.ts:179 [debug 14:51:24 ] 播放器初始化配置 {mute: false, multiple: 1}
log.ts:179 [debug 14:51:24 ] [播放尝试] 第 1 次 {src: '', currentSrc: '', readyState: 0, hasSource: false}
9561.4bf2dc71.js:2  react-intl-universal key "e2d15efb" not defined in zh
warningHandler @ 9561.4bf2dc71.js:2
value @ 9561.4bf2dc71.js:2
p @ 9561.4bf2dc71.js:2
value @ 808.d56623c9.chunk.js:1
Xi @ 9561.4bf2dc71.js:2
$i @ 9561.4bf2dc71.js:2
Cs @ 9561.4bf2dc71.js:2
wc @ 9561.4bf2dc71.js:2
_c @ 9561.4bf2dc71.js:2
dc @ 9561.4bf2dc71.js:2
(匿名) @ 9561.4bf2dc71.js:2
t.unstable_runWithPriority @ 9561.4bf2dc71.js:2
qo @ 9561.4bf2dc71.js:2
Xo @ 9561.4bf2dc71.js:2
$o @ 9561.4bf2dc71.js:2
se @ 9561.4bf2dc71.js:2
Tn @ 9561.4bf2dc71.js:2
eval @ video.ts:41
eval @ video.ts:8
__awaiter @ video.ts:4
eval @ video.ts:27
Start @ video.ts:27
eval @ mooc.ts:121
fulfilled @ mooc.ts:5
Promise.then
step @ mooc.ts:7
eval @ mooc.ts:8
__awaiter @ mooc.ts:4
runTask @ mooc.ts:107
eval @ mooc.ts:59
eval @ event.ts:30
callEvent @ event.ts:29
eval @ course.ts:229
fulfilled @ course.ts:5
Promise.then
step @ course.ts:7
eval @ course.ts:8
__awaiter @ course.ts:4
eval @ course.ts:216
setInterval
setInterval @ utils.ts:203
eval @ course.ts:216
eval @ course.ts:8
__awaiter @ course.ts:4
processCourseData @ course.ts:213
eval @ course.ts:198
setInterval
setInterval @ utils.ts:203
eval @ course.ts:193
eval @ course.ts:8
__awaiter @ course.ts:4
OperateCard @ course.ts:187
eval @ course.ts:64
eval @ course.ts:8
__awaiter @ course.ts:4
eval @ course.ts:57
9561.4bf2dc71.js:2  react-intl-universal key "cb38f75d" not defined in zh
warningHandler @ 9561.4bf2dc71.js:2
value @ 9561.4bf2dc71.js:2
p @ 9561.4bf2dc71.js:2
value @ 808.d56623c9.chunk.js:1
Xi @ 9561.4bf2dc71.js:2
$i @ 9561.4bf2dc71.js:2
Cs @ 9561.4bf2dc71.js:2
wc @ 9561.4bf2dc71.js:2
_c @ 9561.4bf2dc71.js:2
dc @ 9561.4bf2dc71.js:2
(匿名) @ 9561.4bf2dc71.js:2
t.unstable_runWithPriority @ 9561.4bf2dc71.js:2
qo @ 9561.4bf2dc71.js:2
Xo @ 9561.4bf2dc71.js:2
$o @ 9561.4bf2dc71.js:2
se @ 9561.4bf2dc71.js:2
Tn @ 9561.4bf2dc71.js:2
eval @ video.ts:41
eval @ video.ts:8
__awaiter @ video.ts:4
eval @ video.ts:27
Start @ video.ts:27
eval @ mooc.ts:121
fulfilled @ mooc.ts:5
Promise.then
step @ mooc.ts:7
eval @ mooc.ts:8
__awaiter @ mooc.ts:4
runTask @ mooc.ts:107
eval @ mooc.ts:59
eval @ event.ts:30
callEvent @ event.ts:29
eval @ course.ts:229
fulfilled @ course.ts:5
Promise.then
step @ course.ts:7
eval @ course.ts:8
__awaiter @ course.ts:4
eval @ course.ts:216
setInterval
setInterval @ utils.ts:203
eval @ course.ts:216
eval @ course.ts:8
__awaiter @ course.ts:4
processCourseData @ course.ts:213
eval @ course.ts:198
setInterval
setInterval @ utils.ts:203
eval @ course.ts:193
eval @ course.ts:8
__awaiter @ course.ts:4
OperateCard @ course.ts:187
eval @ course.ts:64
eval @ course.ts:8
__awaiter @ course.ts:4
eval @ course.ts:57
9561.4bf2dc71.js:2  react-intl-universal key "f5444d4a" not defined in zh
warningHandler @ 9561.4bf2dc71.js:2
value @ 9561.4bf2dc71.js:2
p @ 9561.4bf2dc71.js:2
value @ 808.d56623c9.chunk.js:1
Xi @ 9561.4bf2dc71.js:2
$i @ 9561.4bf2dc71.js:2
Cs @ 9561.4bf2dc71.js:2
wc @ 9561.4bf2dc71.js:2
_c @ 9561.4bf2dc71.js:2
dc @ 9561.4bf2dc71.js:2
(匿名) @ 9561.4bf2dc71.js:2
t.unstable_runWithPriority @ 9561.4bf2dc71.js:2
qo @ 9561.4bf2dc71.js:2
Xo @ 9561.4bf2dc71.js:2
$o @ 9561.4bf2dc71.js:2
se @ 9561.4bf2dc71.js:2
Tn @ 9561.4bf2dc71.js:2
eval @ video.ts:41
eval @ video.ts:8
__awaiter @ video.ts:4
eval @ video.ts:27
Start @ video.ts:27
eval @ mooc.ts:121
fulfilled @ mooc.ts:5
Promise.then
step @ mooc.ts:7
eval @ mooc.ts:8
__awaiter @ mooc.ts:4
runTask @ mooc.ts:107
eval @ mooc.ts:59
eval @ event.ts:30
callEvent @ event.ts:29
eval @ course.ts:229
fulfilled @ course.ts:5
Promise.then
step @ course.ts:7
eval @ course.ts:8
__awaiter @ course.ts:4
eval @ course.ts:216
setInterval
setInterval @ utils.ts:203
eval @ course.ts:216
eval @ course.ts:8
__awaiter @ course.ts:4
processCourseData @ course.ts:213
eval @ course.ts:198
setInterval
setInterval @ utils.ts:203
eval @ course.ts:193
eval @ course.ts:8
__awaiter @ course.ts:4
OperateCard @ course.ts:187
eval @ course.ts:64
eval @ course.ts:8
__awaiter @ course.ts:4
eval @ course.ts:57
9561.4bf2dc71.js:2  react-intl-universal key "1655dd5f" not defined in zh
warningHandler @ 9561.4bf2dc71.js:2
value @ 9561.4bf2dc71.js:2
p @ 9561.4bf2dc71.js:2
value @ 808.d56623c9.chunk.js:1
Xi @ 9561.4bf2dc71.js:2
$i @ 9561.4bf2dc71.js:2
Cs @ 9561.4bf2dc71.js:2
wc @ 9561.4bf2dc71.js:2
_c @ 9561.4bf2dc71.js:2
dc @ 9561.4bf2dc71.js:2
(匿名) @ 9561.4bf2dc71.js:2
t.unstable_runWithPriority @ 9561.4bf2dc71.js:2
qo @ 9561.4bf2dc71.js:2
Xo @ 9561.4bf2dc71.js:2
$o @ 9561.4bf2dc71.js:2
se @ 9561.4bf2dc71.js:2
Tn @ 9561.4bf2dc71.js:2
eval @ video.ts:41
eval @ video.ts:8
__awaiter @ video.ts:4
eval @ video.ts:27
Start @ video.ts:27
eval @ mooc.ts:121
fulfilled @ mooc.ts:5
Promise.then
step @ mooc.ts:7
eval @ mooc.ts:8
__awaiter @ mooc.ts:4
runTask @ mooc.ts:107
eval @ mooc.ts:59
eval @ event.ts:30
callEvent @ event.ts:29
eval @ course.ts:229
fulfilled @ course.ts:5
Promise.then
step @ course.ts:7
eval @ course.ts:8
__awaiter @ course.ts:4
eval @ course.ts:216
setInterval
setInterval @ utils.ts:203
eval @ course.ts:216
eval @ course.ts:8
__awaiter @ course.ts:4
processCourseData @ course.ts:213
eval @ course.ts:198
setInterval
setInterval @ utils.ts:203
eval @ course.ts:193
eval @ course.ts:8
__awaiter @ course.ts:4
OperateCard @ course.ts:187
eval @ course.ts:64
eval @ course.ts:8
__awaiter @ course.ts:4
eval @ course.ts:57
9561.4bf2dc71.js:2  react-intl-universal key "e7d2e85a" not defined in zh
warningHandler @ 9561.4bf2dc71.js:2
value @ 9561.4bf2dc71.js:2
p @ 9561.4bf2dc71.js:2
value @ 808.d56623c9.chunk.js:1
Xi @ 9561.4bf2dc71.js:2
$i @ 9561.4bf2dc71.js:2
Cs @ 9561.4bf2dc71.js:2
wc @ 9561.4bf2dc71.js:2
_c @ 9561.4bf2dc71.js:2
dc @ 9561.4bf2dc71.js:2
(匿名) @ 9561.4bf2dc71.js:2
t.unstable_runWithPriority @ 9561.4bf2dc71.js:2
qo @ 9561.4bf2dc71.js:2
Xo @ 9561.4bf2dc71.js:2
$o @ 9561.4bf2dc71.js:2
se @ 9561.4bf2dc71.js:2
Tn @ 9561.4bf2dc71.js:2
eval @ video.ts:41
eval @ video.ts:8
__awaiter @ video.ts:4
eval @ video.ts:27
Start @ video.ts:27
eval @ mooc.ts:121
fulfilled @ mooc.ts:5
Promise.then
step @ mooc.ts:7
eval @ mooc.ts:8
__awaiter @ mooc.ts:4
runTask @ mooc.ts:107
eval @ mooc.ts:59
eval @ event.ts:30
callEvent @ event.ts:29
eval @ course.ts:229
fulfilled @ course.ts:5
Promise.then
step @ course.ts:7
eval @ course.ts:8
__awaiter @ course.ts:4
eval @ course.ts:216
setInterval
setInterval @ utils.ts:203
eval @ course.ts:216
eval @ course.ts:8
__awaiter @ course.ts:4
processCourseData @ course.ts:213
eval @ course.ts:198
setInterval
setInterval @ utils.ts:203
eval @ course.ts:193
eval @ course.ts:8
__awaiter @ course.ts:4
OperateCard @ course.ts:187
eval @ course.ts:64
eval @ course.ts:8
__awaiter @ course.ts:4
eval @ course.ts:57
9561.4bf2dc71.js:2  react-intl-universal key "447595d5" not defined in zh
warningHandler @ 9561.4bf2dc71.js:2
value @ 9561.4bf2dc71.js:2
p @ 9561.4bf2dc71.js:2
(匿名) @ 8222.6209a852.chunk.js:1
hi @ 9561.4bf2dc71.js:2
Qi @ 9561.4bf2dc71.js:2
Cs @ 9561.4bf2dc71.js:2
wc @ 9561.4bf2dc71.js:2
_c @ 9561.4bf2dc71.js:2
dc @ 9561.4bf2dc71.js:2
(匿名) @ 9561.4bf2dc71.js:2
t.unstable_runWithPriority @ 9561.4bf2dc71.js:2
qo @ 9561.4bf2dc71.js:2
Xo @ 9561.4bf2dc71.js:2
$o @ 9561.4bf2dc71.js:2
se @ 9561.4bf2dc71.js:2
Tn @ 9561.4bf2dc71.js:2
eval @ video.ts:41
eval @ video.ts:8
__awaiter @ video.ts:4
eval @ video.ts:27
Start @ video.ts:27
eval @ mooc.ts:121
fulfilled @ mooc.ts:5
Promise.then
step @ mooc.ts:7
eval @ mooc.ts:8
__awaiter @ mooc.ts:4
runTask @ mooc.ts:107
eval @ mooc.ts:59
eval @ event.ts:30
callEvent @ event.ts:29
eval @ course.ts:229
fulfilled @ course.ts:5
Promise.then
step @ course.ts:7
eval @ course.ts:8
__awaiter @ course.ts:4
eval @ course.ts:216
setInterval
setInterval @ utils.ts:203
eval @ course.ts:216
eval @ course.ts:8
__awaiter @ course.ts:4
processCourseData @ course.ts:213
eval @ course.ts:198
setInterval
setInterval @ utils.ts:203
eval @ course.ts:193
eval @ course.ts:8
__awaiter @ course.ts:4
OperateCard @ course.ts:187
eval @ course.ts:64
eval @ course.ts:8
__awaiter @ course.ts:4
eval @ course.ts:57
9561.4bf2dc71.js:2  react-intl-universal key "b698998e" not defined in zh
warningHandler @ 9561.4bf2dc71.js:2
value @ 9561.4bf2dc71.js:2
p @ 9561.4bf2dc71.js:2
value @ 8222.6209a852.chunk.js:1
Le @ 9561.4bf2dc71.js:2
(匿名) @ 9561.4bf2dc71.js:2
pe @ 9561.4bf2dc71.js:2
e.track @ 9561.4bf2dc71.js:2
n @ 9561.4bf2dc71.js:2
Xi @ 9561.4bf2dc71.js:2
$i @ 9561.4bf2dc71.js:2
Cs @ 9561.4bf2dc71.js:2
wc @ 9561.4bf2dc71.js:2
_c @ 9561.4bf2dc71.js:2
dc @ 9561.4bf2dc71.js:2
(匿名) @ 9561.4bf2dc71.js:2
t.unstable_runWithPriority @ 9561.4bf2dc71.js:2
qo @ 9561.4bf2dc71.js:2
Xo @ 9561.4bf2dc71.js:2
$o @ 9561.4bf2dc71.js:2
ic @ 9561.4bf2dc71.js:2
enqueueSetState @ 9561.4bf2dc71.js:2
b.setState @ 9561.4bf2dc71.js:2
(匿名) @ 8222.6209a852.chunk.js:1
u @ 9561.4bf2dc71.js:2
(匿名) @ 9561.4bf2dc71.js:2
(匿名) @ 9561.4bf2dc71.js:2
r @ 9561.4bf2dc71.js:2
s @ 9561.4bf2dc71.js:2
Promise.then
r @ 9561.4bf2dc71.js:2
s @ 9561.4bf2dc71.js:2
(匿名) @ 9561.4bf2dc71.js:2
(匿名) @ 9561.4bf2dc71.js:2
(匿名) @ 8222.6209a852.chunk.js:1
e.initCourse @ 8222.6209a852.chunk.js:1
(匿名) @ 8222.6209a852.chunk.js:1
ka @ 9561.4bf2dc71.js:2
xa @ 9561.4bf2dc71.js:2
Ec @ 9561.4bf2dc71.js:2
t.unstable_runWithPriority @ 9561.4bf2dc71.js:2
qo @ 9561.4bf2dc71.js:2
kc @ 9561.4bf2dc71.js:2
dc @ 9561.4bf2dc71.js:2
(匿名) @ 9561.4bf2dc71.js:2
t.unstable_runWithPriority @ 9561.4bf2dc71.js:2
qo @ 9561.4bf2dc71.js:2
Xo @ 9561.4bf2dc71.js:2
$o @ 9561.4bf2dc71.js:2
ic @ 9561.4bf2dc71.js:2
enqueueSetState @ 9561.4bf2dc71.js:2
b.setState @ 9561.4bf2dc71.js:2
(匿名) @ 808.d56623c9.chunk.js:1
u @ 9561.4bf2dc71.js:2
(匿名) @ 9561.4bf2dc71.js:2
(匿名) @ 9561.4bf2dc71.js:2
r @ 9561.4bf2dc71.js:2
s @ 9561.4bf2dc71.js:2
Promise.then
r @ 9561.4bf2dc71.js:2
s @ 9561.4bf2dc71.js:2
Promise.then
r @ 9561.4bf2dc71.js:2
s @ 9561.4bf2dc71.js:2
Promise.then
r @ 9561.4bf2dc71.js:2
s @ 9561.4bf2dc71.js:2
Promise.then
r @ 9561.4bf2dc71.js:2
s @ 9561.4bf2dc71.js:2
(匿名) @ 9561.4bf2dc71.js:2
(匿名) @ 9561.4bf2dc71.js:2
value @ 808.d56623c9.chunk.js:1
F @ 9561.4bf2dc71.js:2
(匿名) @ 9561.4bf2dc71.js:2
Ec @ 9561.4bf2dc71.js:2
t.unstable_runWithPriority @ 9561.4bf2dc71.js:2
qo @ 9561.4bf2dc71.js:2
kc @ 9561.4bf2dc71.js:2
dc @ 9561.4bf2dc71.js:2
(匿名) @ 9561.4bf2dc71.js:2
t.unstable_runWithPriority @ 9561.4bf2dc71.js:2
qo @ 9561.4bf2dc71.js:2
Xo @ 9561.4bf2dc71.js:2
j @ 9561.4bf2dc71.js:2
M.port1.onmessage @ 9561.4bf2dc71.js:2
9561.4bf2dc71.js:2  react-intl-universal key "7c1b3891" not defined in zh
warningHandler @ 9561.4bf2dc71.js:2
value @ 9561.4bf2dc71.js:2
p @ 9561.4bf2dc71.js:2
value @ 8222.6209a852.chunk.js:1
Le @ 9561.4bf2dc71.js:2
(匿名) @ 9561.4bf2dc71.js:2
pe @ 9561.4bf2dc71.js:2
e.track @ 9561.4bf2dc71.js:2
n @ 9561.4bf2dc71.js:2
Xi @ 9561.4bf2dc71.js:2
$i @ 9561.4bf2dc71.js:2
Cs @ 9561.4bf2dc71.js:2
wc @ 9561.4bf2dc71.js:2
_c @ 9561.4bf2dc71.js:2
dc @ 9561.4bf2dc71.js:2
(匿名) @ 9561.4bf2dc71.js:2
t.unstable_runWithPriority @ 9561.4bf2dc71.js:2
qo @ 9561.4bf2dc71.js:2
Xo @ 9561.4bf2dc71.js:2
$o @ 9561.4bf2dc71.js:2
ic @ 9561.4bf2dc71.js:2
enqueueSetState @ 9561.4bf2dc71.js:2
b.setState @ 9561.4bf2dc71.js:2
(匿名) @ 8222.6209a852.chunk.js:1
u @ 9561.4bf2dc71.js:2
(匿名) @ 9561.4bf2dc71.js:2
(匿名) @ 9561.4bf2dc71.js:2
r @ 9561.4bf2dc71.js:2
s @ 9561.4bf2dc71.js:2
Promise.then
r @ 9561.4bf2dc71.js:2
s @ 9561.4bf2dc71.js:2
(匿名) @ 9561.4bf2dc71.js:2
(匿名) @ 9561.4bf2dc71.js:2
(匿名) @ 8222.6209a852.chunk.js:1
e.initCourse @ 8222.6209a852.chunk.js:1
(匿名) @ 8222.6209a852.chunk.js:1
ka @ 9561.4bf2dc71.js:2
xa @ 9561.4bf2dc71.js:2
Ec @ 9561.4bf2dc71.js:2
t.unstable_runWithPriority @ 9561.4bf2dc71.js:2
qo @ 9561.4bf2dc71.js:2
kc @ 9561.4bf2dc71.js:2
dc @ 9561.4bf2dc71.js:2
(匿名) @ 9561.4bf2dc71.js:2
t.unstable_runWithPriority @ 9561.4bf2dc71.js:2
qo @ 9561.4bf2dc71.js:2
Xo @ 9561.4bf2dc71.js:2
$o @ 9561.4bf2dc71.js:2
ic @ 9561.4bf2dc71.js:2
enqueueSetState @ 9561.4bf2dc71.js:2
b.setState @ 9561.4bf2dc71.js:2
(匿名) @ 808.d56623c9.chunk.js:1
u @ 9561.4bf2dc71.js:2
(匿名) @ 9561.4bf2dc71.js:2
(匿名) @ 9561.4bf2dc71.js:2
r @ 9561.4bf2dc71.js:2
s @ 9561.4bf2dc71.js:2
Promise.then
r @ 9561.4bf2dc71.js:2
s @ 9561.4bf2dc71.js:2
Promise.then
r @ 9561.4bf2dc71.js:2
s @ 9561.4bf2dc71.js:2
Promise.then
r @ 9561.4bf2dc71.js:2
s @ 9561.4bf2dc71.js:2
Promise.then
r @ 9561.4bf2dc71.js:2
s @ 9561.4bf2dc71.js:2
(匿名) @ 9561.4bf2dc71.js:2
(匿名) @ 9561.4bf2dc71.js:2
value @ 808.d56623c9.chunk.js:1
F @ 9561.4bf2dc71.js:2
(匿名) @ 9561.4bf2dc71.js:2
Ec @ 9561.4bf2dc71.js:2
t.unstable_runWithPriority @ 9561.4bf2dc71.js:2
qo @ 9561.4bf2dc71.js:2
kc @ 9561.4bf2dc71.js:2
dc @ 9561.4bf2dc71.js:2
(匿名) @ 9561.4bf2dc71.js:2
t.unstable_runWithPriority @ 9561.4bf2dc71.js:2
qo @ 9561.4bf2dc71.js:2
Xo @ 9561.4bf2dc71.js:2
j @ 9561.4bf2dc71.js:2
M.port1.onmessage @ 9561.4bf2dc71.js:2
9561.4bf2dc71.js:2  react-intl-universal key "625fb26b" not defined in zh
warningHandler @ 9561.4bf2dc71.js:2
value @ 9561.4bf2dc71.js:2
p @ 9561.4bf2dc71.js:2
value @ 8222.6209a852.chunk.js:1
Le @ 9561.4bf2dc71.js:2
(匿名) @ 9561.4bf2dc71.js:2
pe @ 9561.4bf2dc71.js:2
e.track @ 9561.4bf2dc71.js:2
n @ 9561.4bf2dc71.js:2
Xi @ 9561.4bf2dc71.js:2
$i @ 9561.4bf2dc71.js:2
Cs @ 9561.4bf2dc71.js:2
wc @ 9561.4bf2dc71.js:2
_c @ 9561.4bf2dc71.js:2
dc @ 9561.4bf2dc71.js:2
(匿名) @ 9561.4bf2dc71.js:2
t.unstable_runWithPriority @ 9561.4bf2dc71.js:2
qo @ 9561.4bf2dc71.js:2
Xo @ 9561.4bf2dc71.js:2
$o @ 9561.4bf2dc71.js:2
ic @ 9561.4bf2dc71.js:2
enqueueSetState @ 9561.4bf2dc71.js:2
b.setState @ 9561.4bf2dc71.js:2
(匿名) @ 8222.6209a852.chunk.js:1
u @ 9561.4bf2dc71.js:2
(匿名) @ 9561.4bf2dc71.js:2
(匿名) @ 9561.4bf2dc71.js:2
r @ 9561.4bf2dc71.js:2
s @ 9561.4bf2dc71.js:2
Promise.then
r @ 9561.4bf2dc71.js:2
s @ 9561.4bf2dc71.js:2
(匿名) @ 9561.4bf2dc71.js:2
(匿名) @ 9561.4bf2dc71.js:2
(匿名) @ 8222.6209a852.chunk.js:1
e.initCourse @ 8222.6209a852.chunk.js:1
(匿名) @ 8222.6209a852.chunk.js:1
ka @ 9561.4bf2dc71.js:2
xa @ 9561.4bf2dc71.js:2
Ec @ 9561.4bf2dc71.js:2
t.unstable_runWithPriority @ 9561.4bf2dc71.js:2
qo @ 9561.4bf2dc71.js:2
kc @ 9561.4bf2dc71.js:2
dc @ 9561.4bf2dc71.js:2
(匿名) @ 9561.4bf2dc71.js:2
t.unstable_runWithPriority @ 9561.4bf2dc71.js:2
qo @ 9561.4bf2dc71.js:2
Xo @ 9561.4bf2dc71.js:2
$o @ 9561.4bf2dc71.js:2
ic @ 9561.4bf2dc71.js:2
enqueueSetState @ 9561.4bf2dc71.js:2
b.setState @ 9561.4bf2dc71.js:2
(匿名) @ 808.d56623c9.chunk.js:1
u @ 9561.4bf2dc71.js:2
(匿名) @ 9561.4bf2dc71.js:2
(匿名) @ 9561.4bf2dc71.js:2
r @ 9561.4bf2dc71.js:2
s @ 9561.4bf2dc71.js:2
Promise.then
r @ 9561.4bf2dc71.js:2
s @ 9561.4bf2dc71.js:2
Promise.then
r @ 9561.4bf2dc71.js:2
s @ 9561.4bf2dc71.js:2
Promise.then
r @ 9561.4bf2dc71.js:2
s @ 9561.4bf2dc71.js:2
Promise.then
r @ 9561.4bf2dc71.js:2
s @ 9561.4bf2dc71.js:2
(匿名) @ 9561.4bf2dc71.js:2
(匿名) @ 9561.4bf2dc71.js:2
value @ 808.d56623c9.chunk.js:1
F @ 9561.4bf2dc71.js:2
(匿名) @ 9561.4bf2dc71.js:2
Ec @ 9561.4bf2dc71.js:2
t.unstable_runWithPriority @ 9561.4bf2dc71.js:2
qo @ 9561.4bf2dc71.js:2
kc @ 9561.4bf2dc71.js:2
dc @ 9561.4bf2dc71.js:2
(匿名) @ 9561.4bf2dc71.js:2
t.unstable_runWithPriority @ 9561.4bf2dc71.js:2
qo @ 9561.4bf2dc71.js:2
Xo @ 9561.4bf2dc71.js:2
j @ 9561.4bf2dc71.js:2
M.port1.onmessage @ 9561.4bf2dc71.js:2
9561.4bf2dc71.js:2  react-intl-universal key "aa98ad92" not defined in zh
warningHandler @ 9561.4bf2dc71.js:2
value @ 9561.4bf2dc71.js:2
p @ 9561.4bf2dc71.js:2
value @ 8222.6209a852.chunk.js:1
Le @ 9561.4bf2dc71.js:2
(匿名) @ 9561.4bf2dc71.js:2
pe @ 9561.4bf2dc71.js:2
e.track @ 9561.4bf2dc71.js:2
n @ 9561.4bf2dc71.js:2
Xi @ 9561.4bf2dc71.js:2
$i @ 9561.4bf2dc71.js:2
Cs @ 9561.4bf2dc71.js:2
wc @ 9561.4bf2dc71.js:2
_c @ 9561.4bf2dc71.js:2
dc @ 9561.4bf2dc71.js:2
(匿名) @ 9561.4bf2dc71.js:2
t.unstable_runWithPriority @ 9561.4bf2dc71.js:2
qo @ 9561.4bf2dc71.js:2
Xo @ 9561.4bf2dc71.js:2
$o @ 9561.4bf2dc71.js:2
ic @ 9561.4bf2dc71.js:2
enqueueSetState @ 9561.4bf2dc71.js:2
b.setState @ 9561.4bf2dc71.js:2
(匿名) @ 8222.6209a852.chunk.js:1
u @ 9561.4bf2dc71.js:2
(匿名) @ 9561.4bf2dc71.js:2
(匿名) @ 9561.4bf2dc71.js:2
r @ 9561.4bf2dc71.js:2
s @ 9561.4bf2dc71.js:2
Promise.then
r @ 9561.4bf2dc71.js:2
s @ 9561.4bf2dc71.js:2
(匿名) @ 9561.4bf2dc71.js:2
(匿名) @ 9561.4bf2dc71.js:2
(匿名) @ 8222.6209a852.chunk.js:1
e.initCourse @ 8222.6209a852.chunk.js:1
(匿名) @ 8222.6209a852.chunk.js:1
ka @ 9561.4bf2dc71.js:2
xa @ 9561.4bf2dc71.js:2
Ec @ 9561.4bf2dc71.js:2
t.unstable_runWithPriority @ 9561.4bf2dc71.js:2
qo @ 9561.4bf2dc71.js:2
kc @ 9561.4bf2dc71.js:2
dc @ 9561.4bf2dc71.js:2
(匿名) @ 9561.4bf2dc71.js:2
t.unstable_runWithPriority @ 9561.4bf2dc71.js:2
qo @ 9561.4bf2dc71.js:2
Xo @ 9561.4bf2dc71.js:2
$o @ 9561.4bf2dc71.js:2
ic @ 9561.4bf2dc71.js:2
enqueueSetState @ 9561.4bf2dc71.js:2
b.setState @ 9561.4bf2dc71.js:2
(匿名) @ 808.d56623c9.chunk.js:1
u @ 9561.4bf2dc71.js:2
(匿名) @ 9561.4bf2dc71.js:2
(匿名) @ 9561.4bf2dc71.js:2
r @ 9561.4bf2dc71.js:2
s @ 9561.4bf2dc71.js:2
Promise.then
r @ 9561.4bf2dc71.js:2
s @ 9561.4bf2dc71.js:2
Promise.then
r @ 9561.4bf2dc71.js:2
s @ 9561.4bf2dc71.js:2
Promise.then
r @ 9561.4bf2dc71.js:2
s @ 9561.4bf2dc71.js:2
Promise.then
r @ 9561.4bf2dc71.js:2
s @ 9561.4bf2dc71.js:2
(匿名) @ 9561.4bf2dc71.js:2
(匿名) @ 9561.4bf2dc71.js:2
value @ 808.d56623c9.chunk.js:1
F @ 9561.4bf2dc71.js:2
(匿名) @ 9561.4bf2dc71.js:2
Ec @ 9561.4bf2dc71.js:2
t.unstable_runWithPriority @ 9561.4bf2dc71.js:2
qo @ 9561.4bf2dc71.js:2
kc @ 9561.4bf2dc71.js:2
dc @ 9561.4bf2dc71.js:2
(匿名) @ 9561.4bf2dc71.js:2
t.unstable_runWithPriority @ 9561.4bf2dc71.js:2
qo @ 9561.4bf2dc71.js:2
Xo @ 9561.4bf2dc71.js:2
j @ 9561.4bf2dc71.js:2
M.port1.onmessage @ 9561.4bf2dc71.js:2
9561.4bf2dc71.js:2  react-intl-universal key "fe033787" not defined in zh
warningHandler @ 9561.4bf2dc71.js:2
value @ 9561.4bf2dc71.js:2
p @ 9561.4bf2dc71.js:2
value @ 8222.6209a852.chunk.js:1
Le @ 9561.4bf2dc71.js:2
(匿名) @ 9561.4bf2dc71.js:2
pe @ 9561.4bf2dc71.js:2
e.track @ 9561.4bf2dc71.js:2
n @ 9561.4bf2dc71.js:2
Xi @ 9561.4bf2dc71.js:2
$i @ 9561.4bf2dc71.js:2
Cs @ 9561.4bf2dc71.js:2
wc @ 9561.4bf2dc71.js:2
_c @ 9561.4bf2dc71.js:2
dc @ 9561.4bf2dc71.js:2
(匿名) @ 9561.4bf2dc71.js:2
t.unstable_runWithPriority @ 9561.4bf2dc71.js:2
qo @ 9561.4bf2dc71.js:2
Xo @ 9561.4bf2dc71.js:2
$o @ 9561.4bf2dc71.js:2
ic @ 9561.4bf2dc71.js:2
enqueueSetState @ 9561.4bf2dc71.js:2
b.setState @ 9561.4bf2dc71.js:2
(匿名) @ 8222.6209a852.chunk.js:1
u @ 9561.4bf2dc71.js:2
(匿名) @ 9561.4bf2dc71.js:2
(匿名) @ 9561.4bf2dc71.js:2
r @ 9561.4bf2dc71.js:2
s @ 9561.4bf2dc71.js:2
Promise.then
r @ 9561.4bf2dc71.js:2
s @ 9561.4bf2dc71.js:2
(匿名) @ 9561.4bf2dc71.js:2
(匿名) @ 9561.4bf2dc71.js:2
(匿名) @ 8222.6209a852.chunk.js:1
e.initCourse @ 8222.6209a852.chunk.js:1
(匿名) @ 8222.6209a852.chunk.js:1
ka @ 9561.4bf2dc71.js:2
xa @ 9561.4bf2dc71.js:2
Ec @ 9561.4bf2dc71.js:2
t.unstable_runWithPriority @ 9561.4bf2dc71.js:2
qo @ 9561.4bf2dc71.js:2
kc @ 9561.4bf2dc71.js:2
dc @ 9561.4bf2dc71.js:2
(匿名) @ 9561.4bf2dc71.js:2
t.unstable_runWithPriority @ 9561.4bf2dc71.js:2
qo @ 9561.4bf2dc71.js:2
Xo @ 9561.4bf2dc71.js:2
$o @ 9561.4bf2dc71.js:2
ic @ 9561.4bf2dc71.js:2
enqueueSetState @ 9561.4bf2dc71.js:2
b.setState @ 9561.4bf2dc71.js:2
(匿名) @ 808.d56623c9.chunk.js:1
u @ 9561.4bf2dc71.js:2
(匿名) @ 9561.4bf2dc71.js:2
(匿名) @ 9561.4bf2dc71.js:2
r @ 9561.4bf2dc71.js:2
s @ 9561.4bf2dc71.js:2
Promise.then
r @ 9561.4bf2dc71.js:2
s @ 9561.4bf2dc71.js:2
Promise.then
r @ 9561.4bf2dc71.js:2
s @ 9561.4bf2dc71.js:2
Promise.then
r @ 9561.4bf2dc71.js:2
s @ 9561.4bf2dc71.js:2
Promise.then
r @ 9561.4bf2dc71.js:2
s @ 9561.4bf2dc71.js:2
(匿名) @ 9561.4bf2dc71.js:2
(匿名) @ 9561.4bf2dc71.js:2
value @ 808.d56623c9.chunk.js:1
F @ 9561.4bf2dc71.js:2
(匿名) @ 9561.4bf2dc71.js:2
Ec @ 9561.4bf2dc71.js:2
t.unstable_runWithPriority @ 9561.4bf2dc71.js:2
qo @ 9561.4bf2dc71.js:2
kc @ 9561.4bf2dc71.js:2
dc @ 9561.4bf2dc71.js:2
(匿名) @ 9561.4bf2dc71.js:2
t.unstable_runWithPriority @ 9561.4bf2dc71.js:2
qo @ 9561.4bf2dc71.js:2
Xo @ 9561.4bf2dc71.js:2
j @ 9561.4bf2dc71.js:2
M.port1.onmessage @ 9561.4bf2dc71.js:2
9561.4bf2dc71.js:2  react-intl-universal key "40e20dd4" not defined in zh
warningHandler @ 9561.4bf2dc71.js:2
value @ 9561.4bf2dc71.js:2
p @ 9561.4bf2dc71.js:2
value @ 8222.6209a852.chunk.js:1
Le @ 9561.4bf2dc71.js:2
(匿名) @ 9561.4bf2dc71.js:2
pe @ 9561.4bf2dc71.js:2
e.track @ 9561.4bf2dc71.js:2
n @ 9561.4bf2dc71.js:2
Xi @ 9561.4bf2dc71.js:2
$i @ 9561.4bf2dc71.js:2
Cs @ 9561.4bf2dc71.js:2
wc @ 9561.4bf2dc71.js:2
_c @ 9561.4bf2dc71.js:2
dc @ 9561.4bf2dc71.js:2
(匿名) @ 9561.4bf2dc71.js:2
t.unstable_runWithPriority @ 9561.4bf2dc71.js:2
qo @ 9561.4bf2dc71.js:2
Xo @ 9561.4bf2dc71.js:2
$o @ 9561.4bf2dc71.js:2
ic @ 9561.4bf2dc71.js:2
enqueueSetState @ 9561.4bf2dc71.js:2
b.setState @ 9561.4bf2dc71.js:2
(匿名) @ 8222.6209a852.chunk.js:1
u @ 9561.4bf2dc71.js:2
(匿名) @ 9561.4bf2dc71.js:2
(匿名) @ 9561.4bf2dc71.js:2
r @ 9561.4bf2dc71.js:2
s @ 9561.4bf2dc71.js:2
Promise.then
r @ 9561.4bf2dc71.js:2
s @ 9561.4bf2dc71.js:2
(匿名) @ 9561.4bf2dc71.js:2
(匿名) @ 9561.4bf2dc71.js:2
(匿名) @ 8222.6209a852.chunk.js:1
e.initCourse @ 8222.6209a852.chunk.js:1
(匿名) @ 8222.6209a852.chunk.js:1
ka @ 9561.4bf2dc71.js:2
xa @ 9561.4bf2dc71.js:2
Ec @ 9561.4bf2dc71.js:2
t.unstable_runWithPriority @ 9561.4bf2dc71.js:2
qo @ 9561.4bf2dc71.js:2
kc @ 9561.4bf2dc71.js:2
dc @ 9561.4bf2dc71.js:2
(匿名) @ 9561.4bf2dc71.js:2
t.unstable_runWithPriority @ 9561.4bf2dc71.js:2
qo @ 9561.4bf2dc71.js:2
Xo @ 9561.4bf2dc71.js:2
$o @ 9561.4bf2dc71.js:2
ic @ 9561.4bf2dc71.js:2
enqueueSetState @ 9561.4bf2dc71.js:2
b.setState @ 9561.4bf2dc71.js:2
(匿名) @ 808.d56623c9.chunk.js:1
u @ 9561.4bf2dc71.js:2
(匿名) @ 9561.4bf2dc71.js:2
(匿名) @ 9561.4bf2dc71.js:2
r @ 9561.4bf2dc71.js:2
s @ 9561.4bf2dc71.js:2
Promise.then
r @ 9561.4bf2dc71.js:2
s @ 9561.4bf2dc71.js:2
Promise.then
r @ 9561.4bf2dc71.js:2
s @ 9561.4bf2dc71.js:2
Promise.then
r @ 9561.4bf2dc71.js:2
s @ 9561.4bf2dc71.js:2
Promise.then
r @ 9561.4bf2dc71.js:2
s @ 9561.4bf2dc71.js:2
(匿名) @ 9561.4bf2dc71.js:2
(匿名) @ 9561.4bf2dc71.js:2
value @ 808.d56623c9.chunk.js:1
F @ 9561.4bf2dc71.js:2
(匿名) @ 9561.4bf2dc71.js:2
Ec @ 9561.4bf2dc71.js:2
t.unstable_runWithPriority @ 9561.4bf2dc71.js:2
qo @ 9561.4bf2dc71.js:2
kc @ 9561.4bf2dc71.js:2
dc @ 9561.4bf2dc71.js:2
(匿名) @ 9561.4bf2dc71.js:2
t.unstable_runWithPriority @ 9561.4bf2dc71.js:2
qo @ 9561.4bf2dc71.js:2
Xo @ 9561.4bf2dc71.js:2
j @ 9561.4bf2dc71.js:2
M.port1.onmessage @ 9561.4bf2dc71.js:2
9561.4bf2dc71.js:2  react-intl-universal key "b698998e" not defined in zh
warningHandler @ 9561.4bf2dc71.js:2
value @ 9561.4bf2dc71.js:2
p @ 9561.4bf2dc71.js:2
value @ 8222.6209a852.chunk.js:1
Le @ 9561.4bf2dc71.js:2
(匿名) @ 9561.4bf2dc71.js:2
pe @ 9561.4bf2dc71.js:2
e.track @ 9561.4bf2dc71.js:2
n @ 9561.4bf2dc71.js:2
Xi @ 9561.4bf2dc71.js:2
$i @ 9561.4bf2dc71.js:2
Cs @ 9561.4bf2dc71.js:2
wc @ 9561.4bf2dc71.js:2
_c @ 9561.4bf2dc71.js:2
dc @ 9561.4bf2dc71.js:2
(匿名) @ 9561.4bf2dc71.js:2
t.unstable_runWithPriority @ 9561.4bf2dc71.js:2
qo @ 9561.4bf2dc71.js:2
Xo @ 9561.4bf2dc71.js:2
$o @ 9561.4bf2dc71.js:2
ic @ 9561.4bf2dc71.js:2
enqueueSetState @ 9561.4bf2dc71.js:2
b.setState @ 9561.4bf2dc71.js:2
(匿名) @ 8222.6209a852.chunk.js:1
u @ 9561.4bf2dc71.js:2
(匿名) @ 9561.4bf2dc71.js:2
(匿名) @ 9561.4bf2dc71.js:2
r @ 9561.4bf2dc71.js:2
s @ 9561.4bf2dc71.js:2
Promise.then
r @ 9561.4bf2dc71.js:2
s @ 9561.4bf2dc71.js:2
(匿名) @ 9561.4bf2dc71.js:2
(匿名) @ 9561.4bf2dc71.js:2
e.initCourse @ 8222.6209a852.chunk.js:1
(匿名) @ 8222.6209a852.chunk.js:1
ka @ 9561.4bf2dc71.js:2
xa @ 9561.4bf2dc71.js:2
Ec @ 9561.4bf2dc71.js:2
t.unstable_runWithPriority @ 9561.4bf2dc71.js:2
qo @ 9561.4bf2dc71.js:2
kc @ 9561.4bf2dc71.js:2
dc @ 9561.4bf2dc71.js:2
(匿名) @ 9561.4bf2dc71.js:2
t.unstable_runWithPriority @ 9561.4bf2dc71.js:2
qo @ 9561.4bf2dc71.js:2
Xo @ 9561.4bf2dc71.js:2
$o @ 9561.4bf2dc71.js:2
ic @ 9561.4bf2dc71.js:2
enqueueSetState @ 9561.4bf2dc71.js:2
b.setState @ 9561.4bf2dc71.js:2
(匿名) @ 808.d56623c9.chunk.js:1
u @ 9561.4bf2dc71.js:2
(匿名) @ 9561.4bf2dc71.js:2
(匿名) @ 9561.4bf2dc71.js:2
r @ 9561.4bf2dc71.js:2
s @ 9561.4bf2dc71.js:2
Promise.then
r @ 9561.4bf2dc71.js:2
s @ 9561.4bf2dc71.js:2
Promise.then
r @ 9561.4bf2dc71.js:2
s @ 9561.4bf2dc71.js:2
Promise.then
r @ 9561.4bf2dc71.js:2
s @ 9561.4bf2dc71.js:2
Promise.then
r @ 9561.4bf2dc71.js:2
s @ 9561.4bf2dc71.js:2
(匿名) @ 9561.4bf2dc71.js:2
(匿名) @ 9561.4bf2dc71.js:2
value @ 808.d56623c9.chunk.js:1
F @ 9561.4bf2dc71.js:2
(匿名) @ 9561.4bf2dc71.js:2
Ec @ 9561.4bf2dc71.js:2
t.unstable_runWithPriority @ 9561.4bf2dc71.js:2
qo @ 9561.4bf2dc71.js:2
kc @ 9561.4bf2dc71.js:2
dc @ 9561.4bf2dc71.js:2
(匿名) @ 9561.4bf2dc71.js:2
t.unstable_runWithPriority @ 9561.4bf2dc71.js:2
qo @ 9561.4bf2dc71.js:2
Xo @ 9561.4bf2dc71.js:2
j @ 9561.4bf2dc71.js:2
M.port1.onmessage @ 9561.4bf2dc71.js:2
9561.4bf2dc71.js:2  react-intl-universal key "7c1b3891" not defined in zh
warningHandler @ 9561.4bf2dc71.js:2
value @ 9561.4bf2dc71.js:2
p @ 9561.4bf2dc71.js:2
value @ 8222.6209a852.chunk.js:1
Le @ 9561.4bf2dc71.js:2
(匿名) @ 9561.4bf2dc71.js:2
pe @ 9561.4bf2dc71.js:2
e.track @ 9561.4bf2dc71.js:2
n @ 9561.4bf2dc71.js:2
Xi @ 9561.4bf2dc71.js:2
$i @ 9561.4bf2dc71.js:2
Cs @ 9561.4bf2dc71.js:2
wc @ 9561.4bf2dc71.js:2
_c @ 9561.4bf2dc71.js:2
dc @ 9561.4bf2dc71.js:2
(匿名) @ 9561.4bf2dc71.js:2
t.unstable_runWithPriority @ 9561.4bf2dc71.js:2
qo @ 9561.4bf2dc71.js:2
Xo @ 9561.4bf2dc71.js:2
$o @ 9561.4bf2dc71.js:2
ic @ 9561.4bf2dc71.js:2
enqueueSetState @ 9561.4bf2dc71.js:2
b.setState @ 9561.4bf2dc71.js:2
(匿名) @ 8222.6209a852.chunk.js:1
u @ 9561.4bf2dc71.js:2
(匿名) @ 9561.4bf2dc71.js:2
(匿名) @ 9561.4bf2dc71.js:2
r @ 9561.4bf2dc71.js:2
s @ 9561.4bf2dc71.js:2
Promise.then
r @ 9561.4bf2dc71.js:2
s @ 9561.4bf2dc71.js:2
(匿名) @ 9561.4bf2dc71.js:2
(匿名) @ 9561.4bf2dc71.js:2
e.initCourse @ 8222.6209a852.chunk.js:1
(匿名) @ 8222.6209a852.chunk.js:1
ka @ 9561.4bf2dc71.js:2
xa @ 9561.4bf2dc71.js:2
Ec @ 9561.4bf2dc71.js:2
t.unstable_runWithPriority @ 9561.4bf2dc71.js:2
qo @ 9561.4bf2dc71.js:2
kc @ 9561.4bf2dc71.js:2
dc @ 9561.4bf2dc71.js:2
(匿名) @ 9561.4bf2dc71.js:2
t.unstable_runWithPriority @ 9561.4bf2dc71.js:2
qo @ 9561.4bf2dc71.js:2
Xo @ 9561.4bf2dc71.js:2
$o @ 9561.4bf2dc71.js:2
ic @ 9561.4bf2dc71.js:2
enqueueSetState @ 9561.4bf2dc71.js:2
b.setState @ 9561.4bf2dc71.js:2
(匿名) @ 808.d56623c9.chunk.js:1
u @ 9561.4bf2dc71.js:2
(匿名) @ 9561.4bf2dc71.js:2
(匿名) @ 9561.4bf2dc71.js:2
r @ 9561.4bf2dc71.js:2
s @ 9561.4bf2dc71.js:2
Promise.then
r @ 9561.4bf2dc71.js:2
s @ 9561.4bf2dc71.js:2
Promise.then
r @ 9561.4bf2dc71.js:2
s @ 9561.4bf2dc71.js:2
Promise.then
r @ 9561.4bf2dc71.js:2
s @ 9561.4bf2dc71.js:2
Promise.then
r @ 9561.4bf2dc71.js:2
s @ 9561.4bf2dc71.js:2
(匿名) @ 9561.4bf2dc71.js:2
(匿名) @ 9561.4bf2dc71.js:2
value @ 808.d56623c9.chunk.js:1
F @ 9561.4bf2dc71.js:2
(匿名) @ 9561.4bf2dc71.js:2
Ec @ 9561.4bf2dc71.js:2
t.unstable_runWithPriority @ 9561.4bf2dc71.js:2
qo @ 9561.4bf2dc71.js:2
kc @ 9561.4bf2dc71.js:2
dc @ 9561.4bf2dc71.js:2
(匿名) @ 9561.4bf2dc71.js:2
t.unstable_runWithPriority @ 9561.4bf2dc71.js:2
qo @ 9561.4bf2dc71.js:2
Xo @ 9561.4bf2dc71.js:2
j @ 9561.4bf2dc71.js:2
M.port1.onmessage @ 9561.4bf2dc71.js:2
9561.4bf2dc71.js:2  react-intl-universal key "625fb26b" not defined in zh
warningHandler @ 9561.4bf2dc71.js:2
value @ 9561.4bf2dc71.js:2
p @ 9561.4bf2dc71.js:2
value @ 8222.6209a852.chunk.js:1
Le @ 9561.4bf2dc71.js:2
(匿名) @ 9561.4bf2dc71.js:2
pe @ 9561.4bf2dc71.js:2
e.track @ 9561.4bf2dc71.js:2
n @ 9561.4bf2dc71.js:2
Xi @ 9561.4bf2dc71.js:2
$i @ 9561.4bf2dc71.js:2
Cs @ 9561.4bf2dc71.js:2
wc @ 9561.4bf2dc71.js:2
_c @ 9561.4bf2dc71.js:2
dc @ 9561.4bf2dc71.js:2
(匿名) @ 9561.4bf2dc71.js:2
t.unstable_runWithPriority @ 9561.4bf2dc71.js:2
qo @ 9561.4bf2dc71.js:2
Xo @ 9561.4bf2dc71.js:2
$o @ 9561.4bf2dc71.js:2
ic @ 9561.4bf2dc71.js:2
enqueueSetState @ 9561.4bf2dc71.js:2
b.setState @ 9561.4bf2dc71.js:2
(匿名) @ 8222.6209a852.chunk.js:1
u @ 9561.4bf2dc71.js:2
(匿名) @ 9561.4bf2dc71.js:2
(匿名) @ 9561.4bf2dc71.js:2
r @ 9561.4bf2dc71.js:2
s @ 9561.4bf2dc71.js:2
Promise.then
r @ 9561.4bf2dc71.js:2
s @ 9561.4bf2dc71.js:2
(匿名) @ 9561.4bf2dc71.js:2
(匿名) @ 9561.4bf2dc71.js:2
e.initCourse @ 8222.6209a852.chunk.js:1
(匿名) @ 8222.6209a852.chunk.js:1
ka @ 9561.4bf2dc71.js:2
xa @ 9561.4bf2dc71.js:2
Ec @ 9561.4bf2dc71.js:2
t.unstable_runWithPriority @ 9561.4bf2dc71.js:2
qo @ 9561.4bf2dc71.js:2
kc @ 9561.4bf2dc71.js:2
dc @ 9561.4bf2dc71.js:2
(匿名) @ 9561.4bf2dc71.js:2
t.unstable_runWithPriority @ 9561.4bf2dc71.js:2
qo @ 9561.4bf2dc71.js:2
Xo @ 9561.4bf2dc71.js:2
$o @ 9561.4bf2dc71.js:2
ic @ 9561.4bf2dc71.js:2
enqueueSetState @ 9561.4bf2dc71.js:2
b.setState @ 9561.4bf2dc71.js:2
(匿名) @ 808.d56623c9.chunk.js:1
u @ 9561.4bf2dc71.js:2
(匿名) @ 9561.4bf2dc71.js:2
(匿名) @ 9561.4bf2dc71.js:2
r @ 9561.4bf2dc71.js:2
s @ 9561.4bf2dc71.js:2
Promise.then
r @ 9561.4bf2dc71.js:2
s @ 9561.4bf2dc71.js:2
Promise.then
r @ 9561.4bf2dc71.js:2
s @ 9561.4bf2dc71.js:2
Promise.then
r @ 9561.4bf2dc71.js:2
s @ 9561.4bf2dc71.js:2
Promise.then
r @ 9561.4bf2dc71.js:2
s @ 9561.4bf2dc71.js:2
(匿名) @ 9561.4bf2dc71.js:2
(匿名) @ 9561.4bf2dc71.js:2
value @ 808.d56623c9.chunk.js:1
F @ 9561.4bf2dc71.js:2
(匿名) @ 9561.4bf2dc71.js:2
Ec @ 9561.4bf2dc71.js:2
t.unstable_runWithPriority @ 9561.4bf2dc71.js:2
qo @ 9561.4bf2dc71.js:2
kc @ 9561.4bf2dc71.js:2
dc @ 9561.4bf2dc71.js:2
(匿名) @ 9561.4bf2dc71.js:2
t.unstable_runWithPriority @ 9561.4bf2dc71.js:2
qo @ 9561.4bf2dc71.js:2
Xo @ 9561.4bf2dc71.js:2
j @ 9561.4bf2dc71.js:2
M.port1.onmessage @ 9561.4bf2dc71.js:2
9561.4bf2dc71.js:2  react-intl-universal key "aa98ad92" not defined in zh
warningHandler @ 9561.4bf2dc71.js:2
value @ 9561.4bf2dc71.js:2
p @ 9561.4bf2dc71.js:2
value @ 8222.6209a852.chunk.js:1
Le @ 9561.4bf2dc71.js:2
(匿名) @ 9561.4bf2dc71.js:2
pe @ 9561.4bf2dc71.js:2
e.track @ 9561.4bf2dc71.js:2
n @ 9561.4bf2dc71.js:2
Xi @ 9561.4bf2dc71.js:2
$i @ 9561.4bf2dc71.js:2
Cs @ 9561.4bf2dc71.js:2
wc @ 9561.4bf2dc71.js:2
_c @ 9561.4bf2dc71.js:2
dc @ 9561.4bf2dc71.js:2
(匿名) @ 9561.4bf2dc71.js:2
t.unstable_runWithPriority @ 9561.4bf2dc71.js:2
qo @ 9561.4bf2dc71.js:2
Xo @ 9561.4bf2dc71.js:2
$o @ 9561.4bf2dc71.js:2
ic @ 9561.4bf2dc71.js:2
enqueueSetState @ 9561.4bf2dc71.js:2
b.setState @ 9561.4bf2dc71.js:2
(匿名) @ 8222.6209a852.chunk.js:1
u @ 9561.4bf2dc71.js:2
(匿名) @ 9561.4bf2dc71.js:2
(匿名) @ 9561.4bf2dc71.js:2
r @ 9561.4bf2dc71.js:2
s @ 9561.4bf2dc71.js:2
Promise.then
r @ 9561.4bf2dc71.js:2
s @ 9561.4bf2dc71.js:2
(匿名) @ 9561.4bf2dc71.js:2
(匿名) @ 9561.4bf2dc71.js:2
e.initCourse @ 8222.6209a852.chunk.js:1
(匿名) @ 8222.6209a852.chunk.js:1
ka @ 9561.4bf2dc71.js:2
xa @ 9561.4bf2dc71.js:2
Ec @ 9561.4bf2dc71.js:2
t.unstable_runWithPriority @ 9561.4bf2dc71.js:2
qo @ 9561.4bf2dc71.js:2
kc @ 9561.4bf2dc71.js:2
dc @ 9561.4bf2dc71.js:2
(匿名) @ 9561.4bf2dc71.js:2
t.unstable_runWithPriority @ 9561.4bf2dc71.js:2
qo @ 9561.4bf2dc71.js:2
Xo @ 9561.4bf2dc71.js:2
$o @ 9561.4bf2dc71.js:2
ic @ 9561.4bf2dc71.js:2
enqueueSetState @ 9561.4bf2dc71.js:2
b.setState @ 9561.4bf2dc71.js:2
(匿名) @ 808.d56623c9.chunk.js:1
u @ 9561.4bf2dc71.js:2
(匿名) @ 9561.4bf2dc71.js:2
(匿名) @ 9561.4bf2dc71.js:2
r @ 9561.4bf2dc71.js:2
s @ 9561.4bf2dc71.js:2
Promise.then
r @ 9561.4bf2dc71.js:2
s @ 9561.4bf2dc71.js:2
Promise.then
r @ 9561.4bf2dc71.js:2
s @ 9561.4bf2dc71.js:2
Promise.then
r @ 9561.4bf2dc71.js:2
s @ 9561.4bf2dc71.js:2
Promise.then
r @ 9561.4bf2dc71.js:2
s @ 9561.4bf2dc71.js:2
(匿名) @ 9561.4bf2dc71.js:2
(匿名) @ 9561.4bf2dc71.js:2
value @ 808.d56623c9.chunk.js:1
F @ 9561.4bf2dc71.js:2
(匿名) @ 9561.4bf2dc71.js:2
Ec @ 9561.4bf2dc71.js:2
t.unstable_runWithPriority @ 9561.4bf2dc71.js:2
qo @ 9561.4bf2dc71.js:2
kc @ 9561.4bf2dc71.js:2
dc @ 9561.4bf2dc71.js:2
(匿名) @ 9561.4bf2dc71.js:2
t.unstable_runWithPriority @ 9561.4bf2dc71.js:2
qo @ 9561.4bf2dc71.js:2
Xo @ 9561.4bf2dc71.js:2
j @ 9561.4bf2dc71.js:2
M.port1.onmessage @ 9561.4bf2dc71.js:2
9561.4bf2dc71.js:2  react-intl-universal key "fe033787" not defined in zh
warningHandler @ 9561.4bf2dc71.js:2
value @ 9561.4bf2dc71.js:2
p @ 9561.4bf2dc71.js:2
value @ 8222.6209a852.chunk.js:1
Le @ 9561.4bf2dc71.js:2
(匿名) @ 9561.4bf2dc71.js:2
pe @ 9561.4bf2dc71.js:2
e.track @ 9561.4bf2dc71.js:2
n @ 9561.4bf2dc71.js:2
Xi @ 9561.4bf2dc71.js:2
$i @ 9561.4bf2dc71.js:2
Cs @ 9561.4bf2dc71.js:2
wc @ 9561.4bf2dc71.js:2
_c @ 9561.4bf2dc71.js:2
dc @ 9561.4bf2dc71.js:2
(匿名) @ 9561.4bf2dc71.js:2
t.unstable_runWithPriority @ 9561.4bf2dc71.js:2
qo @ 9561.4bf2dc71.js:2
Xo @ 9561.4bf2dc71.js:2
$o @ 9561.4bf2dc71.js:2
ic @ 9561.4bf2dc71.js:2
enqueueSetState @ 9561.4bf2dc71.js:2
b.setState @ 9561.4bf2dc71.js:2
(匿名) @ 8222.6209a852.chunk.js:1
u @ 9561.4bf2dc71.js:2
(匿名) @ 9561.4bf2dc71.js:2
(匿名) @ 9561.4bf2dc71.js:2
r @ 9561.4bf2dc71.js:2
s @ 9561.4bf2dc71.js:2
Promise.then
r @ 9561.4bf2dc71.js:2
s @ 9561.4bf2dc71.js:2
(匿名) @ 9561.4bf2dc71.js:2
(匿名) @ 9561.4bf2dc71.js:2
e.initCourse @ 8222.6209a852.chunk.js:1
(匿名) @ 8222.6209a852.chunk.js:1
ka @ 9561.4bf2dc71.js:2
xa @ 9561.4bf2dc71.js:2
Ec @ 9561.4bf2dc71.js:2
t.unstable_runWithPriority @ 9561.4bf2dc71.js:2
qo @ 9561.4bf2dc71.js:2
kc @ 9561.4bf2dc71.js:2
dc @ 9561.4bf2dc71.js:2
(匿名) @ 9561.4bf2dc71.js:2
t.unstable_runWithPriority @ 9561.4bf2dc71.js:2
qo @ 9561.4bf2dc71.js:2
Xo @ 9561.4bf2dc71.js:2
$o @ 9561.4bf2dc71.js:2
ic @ 9561.4bf2dc71.js:2
enqueueSetState @ 9561.4bf2dc71.js:2
b.setState @ 9561.4bf2dc71.js:2
(匿名) @ 808.d56623c9.chunk.js:1
u @ 9561.4bf2dc71.js:2
(匿名) @ 9561.4bf2dc71.js:2
(匿名) @ 9561.4bf2dc71.js:2
r @ 9561.4bf2dc71.js:2
s @ 9561.4bf2dc71.js:2
Promise.then
r @ 9561.4bf2dc71.js:2
s @ 9561.4bf2dc71.js:2
Promise.then
r @ 9561.4bf2dc71.js:2
s @ 9561.4bf2dc71.js:2
Promise.then
r @ 9561.4bf2dc71.js:2
s @ 9561.4bf2dc71.js:2
Promise.then
r @ 9561.4bf2dc71.js:2
s @ 9561.4bf2dc71.js:2
(匿名) @ 9561.4bf2dc71.js:2
(匿名) @ 9561.4bf2dc71.js:2
value @ 808.d56623c9.chunk.js:1
F @ 9561.4bf2dc71.js:2
(匿名) @ 9561.4bf2dc71.js:2
Ec @ 9561.4bf2dc71.js:2
t.unstable_runWithPriority @ 9561.4bf2dc71.js:2
qo @ 9561.4bf2dc71.js:2
kc @ 9561.4bf2dc71.js:2
dc @ 9561.4bf2dc71.js:2
(匿名) @ 9561.4bf2dc71.js:2
t.unstable_runWithPriority @ 9561.4bf2dc71.js:2
qo @ 9561.4bf2dc71.js:2
Xo @ 9561.4bf2dc71.js:2
j @ 9561.4bf2dc71.js:2
M.port1.onmessage @ 9561.4bf2dc71.js:2
9561.4bf2dc71.js:2  react-intl-universal key "40e20dd4" not defined in zh
warningHandler @ 9561.4bf2dc71.js:2
value @ 9561.4bf2dc71.js:2
p @ 9561.4bf2dc71.js:2
value @ 8222.6209a852.chunk.js:1
Le @ 9561.4bf2dc71.js:2
(匿名) @ 9561.4bf2dc71.js:2
pe @ 9561.4bf2dc71.js:2
e.track @ 9561.4bf2dc71.js:2
n @ 9561.4bf2dc71.js:2
Xi @ 9561.4bf2dc71.js:2
$i @ 9561.4bf2dc71.js:2
Cs @ 9561.4bf2dc71.js:2
wc @ 9561.4bf2dc71.js:2
_c @ 9561.4bf2dc71.js:2
dc @ 9561.4bf2dc71.js:2
(匿名) @ 9561.4bf2dc71.js:2
t.unstable_runWithPriority @ 9561.4bf2dc71.js:2
qo @ 9561.4bf2dc71.js:2
Xo @ 9561.4bf2dc71.js:2
$o @ 9561.4bf2dc71.js:2
ic @ 9561.4bf2dc71.js:2
enqueueSetState @ 9561.4bf2dc71.js:2
b.setState @ 9561.4bf2dc71.js:2
(匿名) @ 8222.6209a852.chunk.js:1
u @ 9561.4bf2dc71.js:2
(匿名) @ 9561.4bf2dc71.js:2
(匿名) @ 9561.4bf2dc71.js:2
r @ 9561.4bf2dc71.js:2
s @ 9561.4bf2dc71.js:2
Promise.then
r @ 9561.4bf2dc71.js:2
s @ 9561.4bf2dc71.js:2
(匿名) @ 9561.4bf2dc71.js:2
(匿名) @ 9561.4bf2dc71.js:2
e.initCourse @ 8222.6209a852.chunk.js:1
(匿名) @ 8222.6209a852.chunk.js:1
ka @ 9561.4bf2dc71.js:2
xa @ 9561.4bf2dc71.js:2
Ec @ 9561.4bf2dc71.js:2
t.unstable_runWithPriority @ 9561.4bf2dc71.js:2
qo @ 9561.4bf2dc71.js:2
kc @ 9561.4bf2dc71.js:2
dc @ 9561.4bf2dc71.js:2
(匿名) @ 9561.4bf2dc71.js:2
t.unstable_runWithPriority @ 9561.4bf2dc71.js:2
qo @ 9561.4bf2dc71.js:2
Xo @ 9561.4bf2dc71.js:2
$o @ 9561.4bf2dc71.js:2
ic @ 9561.4bf2dc71.js:2
enqueueSetState @ 9561.4bf2dc71.js:2
b.setState @ 9561.4bf2dc71.js:2
(匿名) @ 808.d56623c9.chunk.js:1
u @ 9561.4bf2dc71.js:2
(匿名) @ 9561.4bf2dc71.js:2
(匿名) @ 9561.4bf2dc71.js:2
r @ 9561.4bf2dc71.js:2
s @ 9561.4bf2dc71.js:2
Promise.then
r @ 9561.4bf2dc71.js:2
s @ 9561.4bf2dc71.js:2
Promise.then
r @ 9561.4bf2dc71.js:2
s @ 9561.4bf2dc71.js:2
Promise.then
r @ 9561.4bf2dc71.js:2
s @ 9561.4bf2dc71.js:2
Promise.then
r @ 9561.4bf2dc71.js:2
s @ 9561.4bf2dc71.js:2
(匿名) @ 9561.4bf2dc71.js:2
(匿名) @ 9561.4bf2dc71.js:2
value @ 808.d56623c9.chunk.js:1
F @ 9561.4bf2dc71.js:2
(匿名) @ 9561.4bf2dc71.js:2
Ec @ 9561.4bf2dc71.js:2
t.unstable_runWithPriority @ 9561.4bf2dc71.js:2
qo @ 9561.4bf2dc71.js:2
kc @ 9561.4bf2dc71.js:2
dc @ 9561.4bf2dc71.js:2
(匿名) @ 9561.4bf2dc71.js:2
t.unstable_runWithPriority @ 9561.4bf2dc71.js:2
qo @ 9561.4bf2dc71.js:2
Xo @ 9561.4bf2dc71.js:2
j @ 9561.4bf2dc71.js:2
M.port1.onmessage @ 9561.4bf2dc71.js:2
log.ts:179 [debug 14:51:24 ] 拦截到HTTP请求: https://zsglcdn.lzlj.com/learn/app/clientapi/course/drm/m3u8/getPlaylist.do?sourceId=1750217705867&znTid=1CF9ECDBC5D448DCA76A1FBEBDEAA7B9&wsSecret=7825551178f713539c37ebd7210fc43e&wsTime=69b4084c&wsVersion=3&sid=067F3550EE4E4D26B7F8729EB5F5EFF6
9561.4bf2dc71.js:2 div
9561.4bf2dc71.js:2 由于“保留日志”的原因，已阻止console.clear()
9561.4bf2dc71.js:2 ƒ l(){}
9561.4bf2dc71.js:2 由于“保留日志”的原因，已阻止console.clear()
9561.4bf2dc71.js:2 (索引)toStringlastIndexdotAllflagsglobalhasIndicesignoreCasemultilinesourcestickyunicodeunicodeSets(索引)toStringlastIndexdotAllflagsglobalhasIndicesignoreCasemultilinesourcestickyunicodeunicodeSetsdepƒ0false''falsefalsefalsefalse' 'falsefalsefalseObject
9561.4bf2dc71.js:2 由于“保留日志”的原因，已阻止console.clear()
9561.4bf2dc71.js:2 Fri Mar 13 2026 14:51:22 GMT+0800 (中国标准时间)
9561.4bf2dc71.js:2 由于“保留日志”的原因，已阻止console.clear()
9561.4bf2dc71.js:2 {}
9561.4bf2dc71.js:2 由于“保留日志”的原因，已阻止console.clear()
log.ts:179 [debug 14:51:25 ] 0 播放时间
log.ts:179 [debug 14:51:25 ] [播放速率] 设置播放速率为 1x
log.ts:179 [debug 14:51:25 ] 拦截到HTTP请求: https://zsglcdn.lzlj.com/learn/app/clientapi/course/drm/m3u8/getPlayParams.do?os=999&os=99&sourceId=1750217705867&sid=067F3550EE4E4D26B7F8729EB5F5EFF6
8222.6209a852.chunk.js:1  Uncaught (in promise) NotAllowedError: play() failed because the user didn't interact with the document first.
(匿名) @ 8222.6209a852.chunk.js:1
u.emit @ 7631.455825e0.chunk.js:2
E.emit @ 7631.455825e0.chunk.js:2
E.trigger @ 7631.455825e0.chunk.js:2
m.onManifestLoaded @ 7631.455825e0.chunk.js:2
u.emit @ 7631.455825e0.chunk.js:2
E.emit @ 7631.455825e0.chunk.js:2
E.trigger @ 7631.455825e0.chunk.js:2
e.handleTrackOrLevelPlaylist @ 7631.455825e0.chunk.js:2
e.loadsuccess @ 7631.455825e0.chunk.js:2
e.readystatechange @ 7631.455825e0.chunk.js:2
(匿名) @ agent.min.js:1
XMLHttpRequest.send
(匿名) @ agent.min.js:1
e.loadInternal @ 7631.455825e0.chunk.js:2
e.load @ 7631.455825e0.chunk.js:2
e.load @ 7631.455825e0.chunk.js:2
e.onManifestLoading @ 7631.455825e0.chunk.js:2
u.emit @ 7631.455825e0.chunk.js:2
E.emit @ 7631.455825e0.chunk.js:2
E.trigger @ 7631.455825e0.chunk.js:2
E.loadSource @ 7631.455825e0.chunk.js:2
(匿名) @ 8222.6209a852.chunk.js:1
u @ 9561.4bf2dc71.js:2
(匿名) @ 9561.4bf2dc71.js:2
(匿名) @ 9561.4bf2dc71.js:2
r @ 9561.4bf2dc71.js:2
s @ 9561.4bf2dc71.js:2
Promise.then
r @ 9561.4bf2dc71.js:2
s @ 9561.4bf2dc71.js:2
(匿名) @ 9561.4bf2dc71.js:2
(匿名) @ 9561.4bf2dc71.js:2
(匿名) @ 8222.6209a852.chunk.js:1
e.handleInitCourse @ 8222.6209a852.chunk.js:1
e.initCourse @ 8222.6209a852.chunk.js:1
(匿名) @ 8222.6209a852.chunk.js:1
ka @ 9561.4bf2dc71.js:2
xa @ 9561.4bf2dc71.js:2
Ec @ 9561.4bf2dc71.js:2
t.unstable_runWithPriority @ 9561.4bf2dc71.js:2
qo @ 9561.4bf2dc71.js:2
kc @ 9561.4bf2dc71.js:2
dc @ 9561.4bf2dc71.js:2
(匿名) @ 9561.4bf2dc71.js:2
t.unstable_runWithPriority @ 9561.4bf2dc71.js:2
qo @ 9561.4bf2dc71.js:2
Xo @ 9561.4bf2dc71.js:2
$o @ 9561.4bf2dc71.js:2
ic @ 9561.4bf2dc71.js:2
enqueueSetState @ 9561.4bf2dc71.js:2
b.setState @ 9561.4bf2dc71.js:2
(匿名) @ 808.d56623c9.chunk.js:1
u @ 9561.4bf2dc71.js:2
(匿名) @ 9561.4bf2dc71.js:2
(匿名) @ 9561.4bf2dc71.js:2
r @ 9561.4bf2dc71.js:2
s @ 9561.4bf2dc71.js:2
Promise.then
r @ 9561.4bf2dc71.js:2
s @ 9561.4bf2dc71.js:2
Promise.then
r @ 9561.4bf2dc71.js:2
s @ 9561.4bf2dc71.js:2
Promise.then
r @ 9561.4bf2dc71.js:2
s @ 9561.4bf2dc71.js:2
Promise.then
r @ 9561.4bf2dc71.js:2
s @ 9561.4bf2dc71.js:2
(匿名) @ 9561.4bf2dc71.js:2
(匿名) @ 9561.4bf2dc71.js:2
value @ 808.d56623c9.chunk.js:1
F @ 9561.4bf2dc71.js:2
(匿名) @ 9561.4bf2dc71.js:2
Ec @ 9561.4bf2dc71.js:2
t.unstable_runWithPriority @ 9561.4bf2dc71.js:2
qo @ 9561.4bf2dc71.js:2
kc @ 9561.4bf2dc71.js:2
dc @ 9561.4bf2dc71.js:2
(匿名) @ 9561.4bf2dc71.js:2
t.unstable_runWithPriority @ 9561.4bf2dc71.js:2
qo @ 9561.4bf2dc71.js:2
Xo @ 9561.4bf2dc71.js:2
j @ 9561.4bf2dc71.js:2
M.port1.onmessage @ 9561.4bf2dc71.js:2
log.ts:179 [debug 14:51:25 ] 拦截到HTTP请求: https://zsglcdn.lzlj.com/learn/app/filehub/0001/formal/course/2025/06/18/624BC63C0BE7410F8018E3E88C583229/1750217705867_s_0.ts
9561.4bf2dc71.js:2 div
9561.4bf2dc71.js:2 由于“保留日志”的原因，已阻止console.clear()
9561.4bf2dc71.js:2 ƒ l(){}
9561.4bf2dc71.js:2 由于“保留日志”的原因，已阻止console.clear()
9561.4bf2dc71.js:2 (索引)toStringlastIndexdotAllflagsglobalhasIndicesignoreCasemultilinesourcestickyunicodeunicodeSets(索引)toStringlastIndexdotAllflagsglobalhasIndicesignoreCasemultilinesourcestickyunicodeunicodeSetsdepƒ0false''falsefalsefalsefalse' 'falsefalsefalseObject
9561.4bf2dc71.js:2 由于“保留日志”的原因，已阻止console.clear()
9561.4bf2dc71.js:2 Fri Mar 13 2026 14:51:22 GMT+0800 (中国标准时间)
9561.4bf2dc71.js:2 由于“保留日志”的原因，已阻止console.clear()
9561.4bf2dc71.js:2 {}
9561.4bf2dc71.js:2 由于“保留日志”的原因，已阻止console.clear()
log.ts:179 [debug 14:51:25 ] [播放尝试] 第 2 次 {src: 'blob:https://zsgl.lzlj.com/f5d447c9-580f-48d0-855c-2e3e9bb52ce8', currentSrc: 'blob:https://zsgl.lzlj.com/f5d447c9-580f-48d0-855c-2e3e9bb52ce8', readyState: 0, hasSource: true}
log.ts:179 [debug 14:51:25 ] [播放速率] 设置播放速率为 1x
log.ts:179 [debug 14:51:25 ] [自动恢复] 视频暂停，点击播放按钮 <button class=​"vjs-big-play-button" type=​"button" title=​"Play Video" aria-disabled=​"false">​…​</button>​
8222.6209a852.chunk.js:1  Uncaught (in promise) NotAllowedError: play() failed because the user didn't interact with the document first.
(匿名) @ 8222.6209a852.chunk.js:1
clickPlayButton @ video.ts:144
tryPlay @ video.ts:110
setTimeout
tryPlay @ video.ts:119
waitForVideoSourceAndPlay @ video.ts:122
initPlayer @ video.ts:80
handleTaskDivClick @ video.ts:35
eval @ video.ts:41
eval @ video.ts:8
__awaiter @ video.ts:4
eval @ video.ts:27
Start @ video.ts:27
eval @ mooc.ts:121
fulfilled @ mooc.ts:5
Promise.then
step @ mooc.ts:7
eval @ mooc.ts:8
__awaiter @ mooc.ts:4
runTask @ mooc.ts:107
eval @ mooc.ts:59
eval @ event.ts:30
callEvent @ event.ts:29
eval @ course.ts:229
fulfilled @ course.ts:5
Promise.then
step @ course.ts:7
eval @ course.ts:8
__awaiter @ course.ts:4
eval @ course.ts:216
setInterval
setInterval @ utils.ts:203
eval @ course.ts:216
eval @ course.ts:8
__awaiter @ course.ts:4
processCourseData @ course.ts:213
eval @ course.ts:198
setInterval
setInterval @ utils.ts:203
eval @ course.ts:193
eval @ course.ts:8
__awaiter @ course.ts:4
OperateCard @ course.ts:187
eval @ course.ts:64
eval @ course.ts:8
__awaiter @ course.ts:4
eval @ course.ts:57
9561.4bf2dc71.js:2 div
9561.4bf2dc71.js:2 由于“保留日志”的原因，已阻止console.clear()
9561.4bf2dc71.js:2 ƒ l(){}
9561.4bf2dc71.js:2 由于“保留日志”的原因，已阻止console.clear()
9561.4bf2dc71.js:2 (索引)toStringlastIndexdotAllflagsglobalhasIndicesignoreCasemultilinesourcestickyunicodeunicodeSets(索引)toStringlastIndexdotAllflagsglobalhasIndicesignoreCasemultilinesourcestickyunicodeunicodeSetsdepƒ0false''falsefalsefalsefalse' 'falsefalsefalseObject
9561.4bf2dc71.js:2 由于“保留日志”的原因，已阻止console.clear()
9561.4bf2dc71.js:2 Fri Mar 13 2026 14:51:22 GMT+0800 (中国标准时间)
9561.4bf2dc71.js:2 由于“保留日志”的原因，已阻止console.clear()
9561.4bf2dc71.js:2 {}
9561.4bf2dc71.js:2 由于“保留日志”的原因，已阻止console.clear()
8222.6209a852.chunk.js:1 commonFull true
8222.6209a852.chunk.js:1 window.outerWidth 1920
8222.6209a852.chunk.js:1 screen.availWidth 1920
8222.6209a852.chunk.js:1 windowF11Full false
8222.6209a852.chunk.js:1 isFullScreen true
9561.4bf2dc71.js:2  react-intl-universal key "b698998e" not defined in zh
warningHandler @ 9561.4bf2dc71.js:2
value @ 9561.4bf2dc71.js:2
p @ 9561.4bf2dc71.js:2
value @ 8222.6209a852.chunk.js:1
Le @ 9561.4bf2dc71.js:2
(匿名) @ 9561.4bf2dc71.js:2
pe @ 9561.4bf2dc71.js:2
e.track @ 9561.4bf2dc71.js:2
n @ 9561.4bf2dc71.js:2
Xi @ 9561.4bf2dc71.js:2
$i @ 9561.4bf2dc71.js:2
Cs @ 9561.4bf2dc71.js:2
wc @ 9561.4bf2dc71.js:2
_c @ 9561.4bf2dc71.js:2
dc @ 9561.4bf2dc71.js:2
(匿名) @ 9561.4bf2dc71.js:2
t.unstable_runWithPriority @ 9561.4bf2dc71.js:2
qo @ 9561.4bf2dc71.js:2
Xo @ 9561.4bf2dc71.js:2
$o @ 9561.4bf2dc71.js:2
ic @ 9561.4bf2dc71.js:2
enqueueSetState @ 9561.4bf2dc71.js:2
b.setState @ 9561.4bf2dc71.js:2
e.playOrPause @ 8222.6209a852.chunk.js:1
(匿名) @ 8222.6209a852.chunk.js:1
setTimeout
e.listenCutScreen @ 8222.6209a852.chunk.js:1
(匿名) @ 8222.6209a852.chunk.js:1
u @ 9561.4bf2dc71.js:2
(匿名) @ 9561.4bf2dc71.js:2
(匿名) @ 9561.4bf2dc71.js:2
r @ 9561.4bf2dc71.js:2
s @ 9561.4bf2dc71.js:2
Promise.then
r @ 9561.4bf2dc71.js:2
s @ 9561.4bf2dc71.js:2
(匿名) @ 9561.4bf2dc71.js:2
(匿名) @ 9561.4bf2dc71.js:2
(匿名) @ 8222.6209a852.chunk.js:1
ka @ 9561.4bf2dc71.js:2
xa @ 9561.4bf2dc71.js:2
Ec @ 9561.4bf2dc71.js:2
t.unstable_runWithPriority @ 9561.4bf2dc71.js:2
qo @ 9561.4bf2dc71.js:2
kc @ 9561.4bf2dc71.js:2
dc @ 9561.4bf2dc71.js:2
(匿名) @ 9561.4bf2dc71.js:2
t.unstable_runWithPriority @ 9561.4bf2dc71.js:2
qo @ 9561.4bf2dc71.js:2
Xo @ 9561.4bf2dc71.js:2
$o @ 9561.4bf2dc71.js:2
ic @ 9561.4bf2dc71.js:2
enqueueSetState @ 9561.4bf2dc71.js:2
b.setState @ 9561.4bf2dc71.js:2
(匿名) @ 808.d56623c9.chunk.js:1
u @ 9561.4bf2dc71.js:2
(匿名) @ 9561.4bf2dc71.js:2
(匿名) @ 9561.4bf2dc71.js:2
r @ 9561.4bf2dc71.js:2
s @ 9561.4bf2dc71.js:2
Promise.then
r @ 9561.4bf2dc71.js:2
s @ 9561.4bf2dc71.js:2
Promise.then
r @ 9561.4bf2dc71.js:2
s @ 9561.4bf2dc71.js:2
Promise.then
r @ 9561.4bf2dc71.js:2
s @ 9561.4bf2dc71.js:2
Promise.then
r @ 9561.4bf2dc71.js:2
s @ 9561.4bf2dc71.js:2
(匿名) @ 9561.4bf2dc71.js:2
(匿名) @ 9561.4bf2dc71.js:2
value @ 808.d56623c9.chunk.js:1
F @ 9561.4bf2dc71.js:2
(匿名) @ 9561.4bf2dc71.js:2
Ec @ 9561.4bf2dc71.js:2
t.unstable_runWithPriority @ 9561.4bf2dc71.js:2
qo @ 9561.4bf2dc71.js:2
kc @ 9561.4bf2dc71.js:2
dc @ 9561.4bf2dc71.js:2
(匿名) @ 9561.4bf2dc71.js:2
t.unstable_runWithPriority @ 9561.4bf2dc71.js:2
qo @ 9561.4bf2dc71.js:2
Xo @ 9561.4bf2dc71.js:2
j @ 9561.4bf2dc71.js:2
M.port1.onmessage @ 9561.4bf2dc71.js:2
9561.4bf2dc71.js:2  react-intl-universal key "7c1b3891" not defined in zh
warningHandler @ 9561.4bf2dc71.js:2
value @ 9561.4bf2dc71.js:2
p @ 9561.4bf2dc71.js:2
value @ 8222.6209a852.chunk.js:1
Le @ 9561.4bf2dc71.js:2
(匿名) @ 9561.4bf2dc71.js:2
pe @ 9561.4bf2dc71.js:2
e.track @ 9561.4bf2dc71.js:2
n @ 9561.4bf2dc71.js:2
Xi @ 9561.4bf2dc71.js:2
$i @ 9561.4bf2dc71.js:2
Cs @ 9561.4bf2dc71.js:2
wc @ 9561.4bf2dc71.js:2
_c @ 9561.4bf2dc71.js:2
dc @ 9561.4bf2dc71.js:2
(匿名) @ 9561.4bf2dc71.js:2
t.unstable_runWithPriority @ 9561.4bf2dc71.js:2
qo @ 9561.4bf2dc71.js:2
Xo @ 9561.4bf2dc71.js:2
$o @ 9561.4bf2dc71.js:2
ic @ 9561.4bf2dc71.js:2
enqueueSetState @ 9561.4bf2dc71.js:2
b.setState @ 9561.4bf2dc71.js:2
e.playOrPause @ 8222.6209a852.chunk.js:1
(匿名) @ 8222.6209a852.chunk.js:1
setTimeout
e.listenCutScreen @ 8222.6209a852.chunk.js:1
(匿名) @ 8222.6209a852.chunk.js:1
u @ 9561.4bf2dc71.js:2
(匿名) @ 9561.4bf2dc71.js:2
(匿名) @ 9561.4bf2dc71.js:2
r @ 9561.4bf2dc71.js:2
s @ 9561.4bf2dc71.js:2
Promise.then
r @ 9561.4bf2dc71.js:2
s @ 9561.4bf2dc71.js:2
(匿名) @ 9561.4bf2dc71.js:2
(匿名) @ 9561.4bf2dc71.js:2
(匿名) @ 8222.6209a852.chunk.js:1
ka @ 9561.4bf2dc71.js:2
xa @ 9561.4bf2dc71.js:2
Ec @ 9561.4bf2dc71.js:2
t.unstable_runWithPriority @ 9561.4bf2dc71.js:2
qo @ 9561.4bf2dc71.js:2
kc @ 9561.4bf2dc71.js:2
dc @ 9561.4bf2dc71.js:2
(匿名) @ 9561.4bf2dc71.js:2
t.unstable_runWithPriority @ 9561.4bf2dc71.js:2
qo @ 9561.4bf2dc71.js:2
Xo @ 9561.4bf2dc71.js:2
$o @ 9561.4bf2dc71.js:2
ic @ 9561.4bf2dc71.js:2
enqueueSetState @ 9561.4bf2dc71.js:2
b.setState @ 9561.4bf2dc71.js:2
(匿名) @ 808.d56623c9.chunk.js:1
u @ 9561.4bf2dc71.js:2
(匿名) @ 9561.4bf2dc71.js:2
(匿名) @ 9561.4bf2dc71.js:2
r @ 9561.4bf2dc71.js:2
s @ 9561.4bf2dc71.js:2
Promise.then
r @ 9561.4bf2dc71.js:2
s @ 9561.4bf2dc71.js:2
Promise.then
r @ 9561.4bf2dc71.js:2
s @ 9561.4bf2dc71.js:2
Promise.then
r @ 9561.4bf2dc71.js:2
s @ 9561.4bf2dc71.js:2
Promise.then
r @ 9561.4bf2dc71.js:2
s @ 9561.4bf2dc71.js:2
(匿名) @ 9561.4bf2dc71.js:2
(匿名) @ 9561.4bf2dc71.js:2
value @ 808.d56623c9.chunk.js:1
F @ 9561.4bf2dc71.js:2
(匿名) @ 9561.4bf2dc71.js:2
Ec @ 9561.4bf2dc71.js:2
t.unstable_runWithPriority @ 9561.4bf2dc71.js:2
qo @ 9561.4bf2dc71.js:2
kc @ 9561.4bf2dc71.js:2
dc @ 9561.4bf2dc71.js:2
(匿名) @ 9561.4bf2dc71.js:2
t.unstable_runWithPriority @ 9561.4bf2dc71.js:2
qo @ 9561.4bf2dc71.js:2
Xo @ 9561.4bf2dc71.js:2
j @ 9561.4bf2dc71.js:2
M.port1.onmessage @ 9561.4bf2dc71.js:2
9561.4bf2dc71.js:2  react-intl-universal key "625fb26b" not defined in zh
warningHandler @ 9561.4bf2dc71.js:2
value @ 9561.4bf2dc71.js:2
p @ 9561.4bf2dc71.js:2
value @ 8222.6209a852.chunk.js:1
Le @ 9561.4bf2dc71.js:2
(匿名) @ 9561.4bf2dc71.js:2
pe @ 9561.4bf2dc71.js:2
e.track @ 9561.4bf2dc71.js:2
n @ 9561.4bf2dc71.js:2
Xi @ 9561.4bf2dc71.js:2
$i @ 9561.4bf2dc71.js:2
Cs @ 9561.4bf2dc71.js:2
wc @ 9561.4bf2dc71.js:2
_c @ 9561.4bf2dc71.js:2
dc @ 9561.4bf2dc71.js:2
(匿名) @ 9561.4bf2dc71.js:2
t.unstable_runWithPriority @ 9561.4bf2dc71.js:2
qo @ 9561.4bf2dc71.js:2
Xo @ 9561.4bf2dc71.js:2
$o @ 9561.4bf2dc71.js:2
ic @ 9561.4bf2dc71.js:2
enqueueSetState @ 9561.4bf2dc71.js:2
b.setState @ 9561.4bf2dc71.js:2
e.playOrPause @ 8222.6209a852.chunk.js:1
(匿名) @ 8222.6209a852.chunk.js:1
setTimeout
e.listenCutScreen @ 8222.6209a852.chunk.js:1
(匿名) @ 8222.6209a852.chunk.js:1
u @ 9561.4bf2dc71.js:2
(匿名) @ 9561.4bf2dc71.js:2
(匿名) @ 9561.4bf2dc71.js:2
r @ 9561.4bf2dc71.js:2
s @ 9561.4bf2dc71.js:2
Promise.then
r @ 9561.4bf2dc71.js:2
s @ 9561.4bf2dc71.js:2
(匿名) @ 9561.4bf2dc71.js:2
(匿名) @ 9561.4bf2dc71.js:2
(匿名) @ 8222.6209a852.chunk.js:1
ka @ 9561.4bf2dc71.js:2
xa @ 9561.4bf2dc71.js:2
Ec @ 9561.4bf2dc71.js:2
t.unstable_runWithPriority @ 9561.4bf2dc71.js:2
qo @ 9561.4bf2dc71.js:2
kc @ 9561.4bf2dc71.js:2
dc @ 9561.4bf2dc71.js:2
(匿名) @ 9561.4bf2dc71.js:2
t.unstable_runWithPriority @ 9561.4bf2dc71.js:2
qo @ 9561.4bf2dc71.js:2
Xo @ 9561.4bf2dc71.js:2
$o @ 9561.4bf2dc71.js:2
ic @ 9561.4bf2dc71.js:2
enqueueSetState @ 9561.4bf2dc71.js:2
b.setState @ 9561.4bf2dc71.js:2
(匿名) @ 808.d56623c9.chunk.js:1
u @ 9561.4bf2dc71.js:2
(匿名) @ 9561.4bf2dc71.js:2
(匿名) @ 9561.4bf2dc71.js:2
r @ 9561.4bf2dc71.js:2
s @ 9561.4bf2dc71.js:2
Promise.then
r @ 9561.4bf2dc71.js:2
s @ 9561.4bf2dc71.js:2
Promise.then
r @ 9561.4bf2dc71.js:2
s @ 9561.4bf2dc71.js:2
Promise.then
r @ 9561.4bf2dc71.js:2
s @ 9561.4bf2dc71.js:2
Promise.then
r @ 9561.4bf2dc71.js:2
s @ 9561.4bf2dc71.js:2
(匿名) @ 9561.4bf2dc71.js:2
(匿名) @ 9561.4bf2dc71.js:2
value @ 808.d56623c9.chunk.js:1
F @ 9561.4bf2dc71.js:2
(匿名) @ 9561.4bf2dc71.js:2
Ec @ 9561.4bf2dc71.js:2
t.unstable_runWithPriority @ 9561.4bf2dc71.js:2
qo @ 9561.4bf2dc71.js:2
kc @ 9561.4bf2dc71.js:2
dc @ 9561.4bf2dc71.js:2
(匿名) @ 9561.4bf2dc71.js:2
t.unstable_runWithPriority @ 9561.4bf2dc71.js:2
qo @ 9561.4bf2dc71.js:2
Xo @ 9561.4bf2dc71.js:2
j @ 9561.4bf2dc71.js:2
M.port1.onmessage @ 9561.4bf2dc71.js:2
9561.4bf2dc71.js:2  react-intl-universal key "aa98ad92" not defined in zh
warningHandler @ 9561.4bf2dc71.js:2
value @ 9561.4bf2dc71.js:2
p @ 9561.4bf2dc71.js:2
value @ 8222.6209a852.chunk.js:1
Le @ 9561.4bf2dc71.js:2
(匿名) @ 9561.4bf2dc71.js:2
pe @ 9561.4bf2dc71.js:2
e.track @ 9561.4bf2dc71.js:2
n @ 9561.4bf2dc71.js:2
Xi @ 9561.4bf2dc71.js:2
$i @ 9561.4bf2dc71.js:2
Cs @ 9561.4bf2dc71.js:2
wc @ 9561.4bf2dc71.js:2
_c @ 9561.4bf2dc71.js:2
dc @ 9561.4bf2dc71.js:2
(匿名) @ 9561.4bf2dc71.js:2
t.unstable_runWithPriority @ 9561.4bf2dc71.js:2
qo @ 9561.4bf2dc71.js:2
Xo @ 9561.4bf2dc71.js:2
$o @ 9561.4bf2dc71.js:2
ic @ 9561.4bf2dc71.js:2
enqueueSetState @ 9561.4bf2dc71.js:2
b.setState @ 9561.4bf2dc71.js:2
e.playOrPause @ 8222.6209a852.chunk.js:1
(匿名) @ 8222.6209a852.chunk.js:1
setTimeout
e.listenCutScreen @ 8222.6209a852.chunk.js:1
(匿名) @ 8222.6209a852.chunk.js:1
u @ 9561.4bf2dc71.js:2
(匿名) @ 9561.4bf2dc71.js:2
(匿名) @ 9561.4bf2dc71.js:2
r @ 9561.4bf2dc71.js:2
s @ 9561.4bf2dc71.js:2
Promise.then
r @ 9561.4bf2dc71.js:2
s @ 9561.4bf2dc71.js:2
(匿名) @ 9561.4bf2dc71.js:2
(匿名) @ 9561.4bf2dc71.js:2
(匿名) @ 8222.6209a852.chunk.js:1
ka @ 9561.4bf2dc71.js:2
xa @ 9561.4bf2dc71.js:2
Ec @ 9561.4bf2dc71.js:2
t.unstable_runWithPriority @ 9561.4bf2dc71.js:2
qo @ 9561.4bf2dc71.js:2
kc @ 9561.4bf2dc71.js:2
dc @ 9561.4bf2dc71.js:2
(匿名) @ 9561.4bf2dc71.js:2
t.unstable_runWithPriority @ 9561.4bf2dc71.js:2
qo @ 9561.4bf2dc71.js:2
Xo @ 9561.4bf2dc71.js:2
$o @ 9561.4bf2dc71.js:2
ic @ 9561.4bf2dc71.js:2
enqueueSetState @ 9561.4bf2dc71.js:2
b.setState @ 9561.4bf2dc71.js:2
(匿名) @ 808.d56623c9.chunk.js:1
u @ 9561.4bf2dc71.js:2
(匿名) @ 9561.4bf2dc71.js:2
(匿名) @ 9561.4bf2dc71.js:2
r @ 9561.4bf2dc71.js:2
s @ 9561.4bf2dc71.js:2
Promise.then
r @ 9561.4bf2dc71.js:2
s @ 9561.4bf2dc71.js:2
Promise.then
r @ 9561.4bf2dc71.js:2
s @ 9561.4bf2dc71.js:2
Promise.then
r @ 9561.4bf2dc71.js:2
s @ 9561.4bf2dc71.js:2
Promise.then
r @ 9561.4bf2dc71.js:2
s @ 9561.4bf2dc71.js:2
(匿名) @ 9561.4bf2dc71.js:2
(匿名) @ 9561.4bf2dc71.js:2
value @ 808.d56623c9.chunk.js:1
F @ 9561.4bf2dc71.js:2
(匿名) @ 9561.4bf2dc71.js:2
Ec @ 9561.4bf2dc71.js:2
t.unstable_runWithPriority @ 9561.4bf2dc71.js:2
qo @ 9561.4bf2dc71.js:2
kc @ 9561.4bf2dc71.js:2
dc @ 9561.4bf2dc71.js:2
(匿名) @ 9561.4bf2dc71.js:2
t.unstable_runWithPriority @ 9561.4bf2dc71.js:2
qo @ 9561.4bf2dc71.js:2
Xo @ 9561.4bf2dc71.js:2
j @ 9561.4bf2dc71.js:2
M.port1.onmessage @ 9561.4bf2dc71.js:2
9561.4bf2dc71.js:2  react-intl-universal key "fe033787" not defined in zh
warningHandler @ 9561.4bf2dc71.js:2
value @ 9561.4bf2dc71.js:2
p @ 9561.4bf2dc71.js:2
value @ 8222.6209a852.chunk.js:1
Le @ 9561.4bf2dc71.js:2
(匿名) @ 9561.4bf2dc71.js:2
pe @ 9561.4bf2dc71.js:2
e.track @ 9561.4bf2dc71.js:2
n @ 9561.4bf2dc71.js:2
Xi @ 9561.4bf2dc71.js:2
$i @ 9561.4bf2dc71.js:2
Cs @ 9561.4bf2dc71.js:2
wc @ 9561.4bf2dc71.js:2
_c @ 9561.4bf2dc71.js:2
dc @ 9561.4bf2dc71.js:2
(匿名) @ 9561.4bf2dc71.js:2
t.unstable_runWithPriority @ 9561.4bf2dc71.js:2
qo @ 9561.4bf2dc71.js:2
Xo @ 9561.4bf2dc71.js:2
$o @ 9561.4bf2dc71.js:2
ic @ 9561.4bf2dc71.js:2
enqueueSetState @ 9561.4bf2dc71.js:2
b.setState @ 9561.4bf2dc71.js:2
e.playOrPause @ 8222.6209a852.chunk.js:1
(匿名) @ 8222.6209a852.chunk.js:1
setTimeout
e.listenCutScreen @ 8222.6209a852.chunk.js:1
(匿名) @ 8222.6209a852.chunk.js:1
u @ 9561.4bf2dc71.js:2
(匿名) @ 9561.4bf2dc71.js:2
(匿名) @ 9561.4bf2dc71.js:2
r @ 9561.4bf2dc71.js:2
s @ 9561.4bf2dc71.js:2
Promise.then
r @ 9561.4bf2dc71.js:2
s @ 9561.4bf2dc71.js:2
(匿名) @ 9561.4bf2dc71.js:2
(匿名) @ 9561.4bf2dc71.js:2
(匿名) @ 8222.6209a852.chunk.js:1
ka @ 9561.4bf2dc71.js:2
xa @ 9561.4bf2dc71.js:2
Ec @ 9561.4bf2dc71.js:2
t.unstable_runWithPriority @ 9561.4bf2dc71.js:2
qo @ 9561.4bf2dc71.js:2
kc @ 9561.4bf2dc71.js:2
dc @ 9561.4bf2dc71.js:2
(匿名) @ 9561.4bf2dc71.js:2
t.unstable_runWithPriority @ 9561.4bf2dc71.js:2
qo @ 9561.4bf2dc71.js:2
Xo @ 9561.4bf2dc71.js:2
$o @ 9561.4bf2dc71.js:2
ic @ 9561.4bf2dc71.js:2
enqueueSetState @ 9561.4bf2dc71.js:2
b.setState @ 9561.4bf2dc71.js:2
(匿名) @ 808.d56623c9.chunk.js:1
u @ 9561.4bf2dc71.js:2
(匿名) @ 9561.4bf2dc71.js:2
(匿名) @ 9561.4bf2dc71.js:2
r @ 9561.4bf2dc71.js:2
s @ 9561.4bf2dc71.js:2
Promise.then
r @ 9561.4bf2dc71.js:2
s @ 9561.4bf2dc71.js:2
Promise.then
r @ 9561.4bf2dc71.js:2
s @ 9561.4bf2dc71.js:2
Promise.then
r @ 9561.4bf2dc71.js:2
s @ 9561.4bf2dc71.js:2
Promise.then
r @ 9561.4bf2dc71.js:2
s @ 9561.4bf2dc71.js:2
(匿名) @ 9561.4bf2dc71.js:2
(匿名) @ 9561.4bf2dc71.js:2
value @ 808.d56623c9.chunk.js:1
F @ 9561.4bf2dc71.js:2
(匿名) @ 9561.4bf2dc71.js:2
Ec @ 9561.4bf2dc71.js:2
t.unstable_runWithPriority @ 9561.4bf2dc71.js:2
qo @ 9561.4bf2dc71.js:2
kc @ 9561.4bf2dc71.js:2
dc @ 9561.4bf2dc71.js:2
(匿名) @ 9561.4bf2dc71.js:2
t.unstable_runWithPriority @ 9561.4bf2dc71.js:2
qo @ 9561.4bf2dc71.js:2
Xo @ 9561.4bf2dc71.js:2
j @ 9561.4bf2dc71.js:2
M.port1.onmessage @ 9561.4bf2dc71.js:2
9561.4bf2dc71.js:2  react-intl-universal key "40e20dd4" not defined in zh
warningHandler @ 9561.4bf2dc71.js:2
value @ 9561.4bf2dc71.js:2
p @ 9561.4bf2dc71.js:2
value @ 8222.6209a852.chunk.js:1
Le @ 9561.4bf2dc71.js:2
(匿名) @ 9561.4bf2dc71.js:2
pe @ 9561.4bf2dc71.js:2
e.track @ 9561.4bf2dc71.js:2
n @ 9561.4bf2dc71.js:2
Xi @ 9561.4bf2dc71.js:2
$i @ 9561.4bf2dc71.js:2
Cs @ 9561.4bf2dc71.js:2
wc @ 9561.4bf2dc71.js:2
_c @ 9561.4bf2dc71.js:2
dc @ 9561.4bf2dc71.js:2
(匿名) @ 9561.4bf2dc71.js:2
t.unstable_runWithPriority @ 9561.4bf2dc71.js:2
qo @ 9561.4bf2dc71.js:2
Xo @ 9561.4bf2dc71.js:2
$o @ 9561.4bf2dc71.js:2
ic @ 9561.4bf2dc71.js:2
enqueueSetState @ 9561.4bf2dc71.js:2
b.setState @ 9561.4bf2dc71.js:2
e.playOrPause @ 8222.6209a852.chunk.js:1
(匿名) @ 8222.6209a852.chunk.js:1
setTimeout
e.listenCutScreen @ 8222.6209a852.chunk.js:1
(匿名) @ 8222.6209a852.chunk.js:1
u @ 9561.4bf2dc71.js:2
(匿名) @ 9561.4bf2dc71.js:2
(匿名) @ 9561.4bf2dc71.js:2
r @ 9561.4bf2dc71.js:2
s @ 9561.4bf2dc71.js:2
Promise.then
r @ 9561.4bf2dc71.js:2
s @ 9561.4bf2dc71.js:2
(匿名) @ 9561.4bf2dc71.js:2
(匿名) @ 9561.4bf2dc71.js:2
(匿名) @ 8222.6209a852.chunk.js:1
ka @ 9561.4bf2dc71.js:2
xa @ 9561.4bf2dc71.js:2
Ec @ 9561.4bf2dc71.js:2
t.unstable_runWithPriority @ 9561.4bf2dc71.js:2
qo @ 9561.4bf2dc71.js:2
kc @ 9561.4bf2dc71.js:2
dc @ 9561.4bf2dc71.js:2
(匿名) @ 9561.4bf2dc71.js:2
t.unstable_runWithPriority @ 9561.4bf2dc71.js:2
qo @ 9561.4bf2dc71.js:2
Xo @ 9561.4bf2dc71.js:2
$o @ 9561.4bf2dc71.js:2
ic @ 9561.4bf2dc71.js:2
enqueueSetState @ 9561.4bf2dc71.js:2
b.setState @ 9561.4bf2dc71.js:2
(匿名) @ 808.d56623c9.chunk.js:1
u @ 9561.4bf2dc71.js:2
(匿名) @ 9561.4bf2dc71.js:2
(匿名) @ 9561.4bf2dc71.js:2
r @ 9561.4bf2dc71.js:2
s @ 9561.4bf2dc71.js:2
Promise.then
r @ 9561.4bf2dc71.js:2
s @ 9561.4bf2dc71.js:2
Promise.then
r @ 9561.4bf2dc71.js:2
s @ 9561.4bf2dc71.js:2
Promise.then
r @ 9561.4bf2dc71.js:2
s @ 9561.4bf2dc71.js:2
Promise.then
r @ 9561.4bf2dc71.js:2
s @ 9561.4bf2dc71.js:2
(匿名) @ 9561.4bf2dc71.js:2
(匿名) @ 9561.4bf2dc71.js:2
value @ 808.d56623c9.chunk.js:1
F @ 9561.4bf2dc71.js:2
(匿名) @ 9561.4bf2dc71.js:2
Ec @ 9561.4bf2dc71.js:2
t.unstable_runWithPriority @ 9561.4bf2dc71.js:2
qo @ 9561.4bf2dc71.js:2
kc @ 9561.4bf2dc71.js:2
dc @ 9561.4bf2dc71.js:2
(匿名) @ 9561.4bf2dc71.js:2
t.unstable_runWithPriority @ 9561.4bf2dc71.js:2
qo @ 9561.4bf2dc71.js:2
Xo @ 9561.4bf2dc71.js:2
j @ 9561.4bf2dc71.js:2
M.port1.onmessage @ 9561.4bf2dc71.js:2
8222.6209a852.chunk.js:1  Uncaught (in promise) NotAllowedError: play() failed because the user didn't interact with the document first.
e.playOrPause @ 8222.6209a852.chunk.js:1
(匿名) @ 8222.6209a852.chunk.js:1
setTimeout
e.listenCutScreen @ 8222.6209a852.chunk.js:1
(匿名) @ 8222.6209a852.chunk.js:1
u @ 9561.4bf2dc71.js:2
(匿名) @ 9561.4bf2dc71.js:2
(匿名) @ 9561.4bf2dc71.js:2
r @ 9561.4bf2dc71.js:2
s @ 9561.4bf2dc71.js:2
Promise.then
r @ 9561.4bf2dc71.js:2
s @ 9561.4bf2dc71.js:2
(匿名) @ 9561.4bf2dc71.js:2
(匿名) @ 9561.4bf2dc71.js:2
(匿名) @ 8222.6209a852.chunk.js:1
ka @ 9561.4bf2dc71.js:2
xa @ 9561.4bf2dc71.js:2
Ec @ 9561.4bf2dc71.js:2
t.unstable_runWithPriority @ 9561.4bf2dc71.js:2
qo @ 9561.4bf2dc71.js:2
kc @ 9561.4bf2dc71.js:2
dc @ 9561.4bf2dc71.js:2
(匿名) @ 9561.4bf2dc71.js:2
t.unstable_runWithPriority @ 9561.4bf2dc71.js:2
qo @ 9561.4bf2dc71.js:2
Xo @ 9561.4bf2dc71.js:2
$o @ 9561.4bf2dc71.js:2
ic @ 9561.4bf2dc71.js:2
enqueueSetState @ 9561.4bf2dc71.js:2
b.setState @ 9561.4bf2dc71.js:2
(匿名) @ 808.d56623c9.chunk.js:1
u @ 9561.4bf2dc71.js:2
(匿名) @ 9561.4bf2dc71.js:2
(匿名) @ 9561.4bf2dc71.js:2
r @ 9561.4bf2dc71.js:2
s @ 9561.4bf2dc71.js:2
Promise.then
r @ 9561.4bf2dc71.js:2
s @ 9561.4bf2dc71.js:2
Promise.then
r @ 9561.4bf2dc71.js:2
s @ 9561.4bf2dc71.js:2
Promise.then
r @ 9561.4bf2dc71.js:2
s @ 9561.4bf2dc71.js:2
Promise.then
r @ 9561.4bf2dc71.js:2
s @ 9561.4bf2dc71.js:2
(匿名) @ 9561.4bf2dc71.js:2
(匿名) @ 9561.4bf2dc71.js:2
value @ 808.d56623c9.chunk.js:1
F @ 9561.4bf2dc71.js:2
(匿名) @ 9561.4bf2dc71.js:2
Ec @ 9561.4bf2dc71.js:2
t.unstable_runWithPriority @ 9561.4bf2dc71.js:2
qo @ 9561.4bf2dc71.js:2
kc @ 9561.4bf2dc71.js:2
dc @ 9561.4bf2dc71.js:2
(匿名) @ 9561.4bf2dc71.js:2
t.unstable_runWithPriority @ 9561.4bf2dc71.js:2
qo @ 9561.4bf2dc71.js:2
Xo @ 9561.4bf2dc71.js:2
j @ 9561.4bf2dc71.js:2
M.port1.onmessage @ 9561.4bf2dc71.js:2
9561.4bf2dc71.js:2 div
9561.4bf2dc71.js:2 由于“保留日志”的原因，已阻止console.clear()
9561.4bf2dc71.js:2 ƒ l(){}
9561.4bf2dc71.js:2 由于“保留日志”的原因，已阻止console.clear()
9561.4bf2dc71.js:2 (索引)toStringlastIndexdotAllflagsglobalhasIndicesignoreCasemultilinesourcestickyunicodeunicodeSets(索引)toStringlastIndexdotAllflagsglobalhasIndicesignoreCasemultilinesourcestickyunicodeunicodeSetsdepƒ0false''falsefalsefalsefalse' 'falsefalsefalseObject
9561.4bf2dc71.js:2 由于“保留日志”的原因，已阻止console.clear()
9561.4bf2dc71.js:2 Fri Mar 13 2026 14:51:22 GMT+0800 (中国标准时间)
9561.4bf2dc71.js:2 由于“保留日志”的原因，已阻止console.clear()
9561.4bf2dc71.js:2 {}
9561.4bf2dc71.js:2 由于“保留日志”的原因，已阻止console.clear()
utils.ts:137 unknown resize事件触发 Event {isTrusted: true, type: 'resize', target: video#course-video_html5_api.vjs-tech, currentTarget: Window, eventPhase: 1, …}
log.ts:179 [debug 14:51:26 ] [播放速率] 设置播放速率为 1x
log.ts:179 [debug 14:51:26 ] [自动恢复] 视频暂停，点击播放按钮 <button class=​"vjs-big-play-button" type=​"button" title=​"Play Video" aria-disabled=​"false">​…​</button>​
8222.6209a852.chunk.js:1  Uncaught (in promise) NotAllowedError: play() failed because the user didn't interact with the document first.
e.getMetaDuration @ 8222.6209a852.chunk.js:1
getMetaDuration @ 8222.6209a852.chunk.js:1
onLoadedMetadata @ 2269.5c46b420.chunk.js:1
m @ 9561.4bf2dc71.js:2
w @ 9561.4bf2dc71.js:2
(匿名) @ 9561.4bf2dc71.js:2
E @ 9561.4bf2dc71.js:2
C @ 9561.4bf2dc71.js:2
S @ 9561.4bf2dc71.js:2
D @ 9561.4bf2dc71.js:2
kn @ 9561.4bf2dc71.js:2
le @ 9561.4bf2dc71.js:2
Dn @ 9561.4bf2dc71.js:2
zn @ 9561.4bf2dc71.js:2
An @ 9561.4bf2dc71.js:2
8222.6209a852.chunk.js:1  Uncaught (in promise) NotAllowedError: play() failed because the user didn't interact with the document first.
(匿名) @ 8222.6209a852.chunk.js:1
clickPlayButton @ video.ts:144
video.addEventListener.once @ video.ts:128
log.ts:179 [debug 14:51:26 ] 拦截到HTTP请求: https://zsglcdn.lzlj.com/learn/app/filehub/0001/formal/course/2025/06/18/624BC63C0BE7410F8018E3E88C583229/1750217705867_s_1.ts
log.ts:179 [debug 14:51:26 ] [播放速率] 设置播放速率为 1x
log.ts:179 [debug 14:51:26 ] [自动恢复] 视频暂停，点击播放按钮 <button class=​"vjs-big-play-button" type=​"button" title=​"Play Video" aria-disabled=​"false">​…​</button>​
 unknown seeking事件触发 Event {isTrusted: true, type: 'seeking', target: video#course-video_html5_api.vjs-tech, currentTarget: video#course-video_html5_api.vjs-tech, eventPhase: 2, …}
8222.6209a852.chunk.js:1  Uncaught (in promise) 
(匿名) @ 8222.6209a852.chunk.js:1
clickPlayButton @ webpack://cxmooc-too…/zsgl/video.ts?:144
video.addEventListener.once @ webpack://cxmooc-too…/zsgl/video.ts?:135
 unknown seeked事件触发 Event {isTrusted: true, type: 'seeked', target: video#course-video_html5_api.vjs-tech, currentTarget: video#course-video_html5_api.vjs-tech, eventPhase: 2, …}
 
 由于“保留日志”的原因，已阻止console.clear()
 
 由于“保留日志”的原因，已阻止console.clear()
 (索引)toStringlastIndexdotAllflagsglobalhasIndicesignoreCasemultilinesourcestickyunicodeunicodeSets(索引)toStringlastIndexdotAllflagsglobalhasIndicesignoreCasemultilinesourcestickyunicodeunicodeSetsdepƒ0false''falsefalsefalsefalse' 'falsefalsefalseObject
 由于“保留日志”的原因，已阻止console.clear()
 Fri Mar 13 2026 14:51:22 GMT+0800 (中国标准时间)
 由于“保留日志”的原因，已阻止console.clear()
 {}
 由于“保留日志”的原因，已阻止console.clear()
 [debug 14:51:27 ] 拦截到HTTP请求: /learn/app/clientapi/course/progress/reportLearnProgress.do?os=99&sid=067F3550EE4E4D26B7F8729EB5F5EFF6
 
 由于“保留日志”的原因，已阻止console.clear()
 
 由于“保留日志”的原因，已阻止console.clear()
 (索引)toStringlastIndexdotAllflagsglobalhasIndicesignoreCasemultilinesourcestickyunicodeunicodeSets(索引)toStringlastIndexdotAllflagsglobalhasIndicesignoreCasemultilinesourcestickyunicodeunicodeSetsdepƒ0false''falsefalsefalsefalse' 'falsefalsefalseObject
 由于“保留日志”的原因，已阻止console.clear()
 Fri Mar 13 2026 14:51:22 GMT+0800 (中国标准时间)
 由于“保留日志”的原因，已阻止console.clear()
 {}
 由于“保留日志”的原因，已阻止console.clear()
 report success
 [debug 14:51:27 ] 拦截到HTTP请求: https://zsglcdn.lzlj.com/learn/app/filehub/0001/formal/course/2025/06/18/624BC63C0BE7410F8018E3E88C583229/1750217705867_s_2.ts
 
 由于“保留日志”的原因，已阻止console.clear()
 
 由于“保留日志”的原因，已阻止console.clear()
 (索引)toStringlastIndexdotAllflagsglobalhasIndicesignoreCasemultilinesourcestickyunicodeunicodeSets(索引)toStringlastIndexdotAllflagsglobalhasIndicesignoreCasemultilinesourcestickyunicodeunicodeSetsdepƒ0false''falsefalsefalsefalse' 'falsefalsefalseObject
 由于“保留日志”的原因，已阻止console.clear()
 Fri Mar 13 2026 14:51:22 GMT+0800 (中国标准时间)
 由于“保留日志”的原因，已阻止console.clear()
 {}
 由于“保留日志”的原因，已阻止console.clear()
 
 由于“保留日志”的原因，已阻止console.clear()
 
 由于“保留日志”的原因，已阻止console.clear()
 (索引)toStringlastIndexdotAllflagsglobalhasIndicesignoreCasemultilinesourcestickyunicodeunicodeSets(索引)toStringlastIndexdotAllflagsglobalhasIndicesignoreCasemultilinesourcestickyunicodeunicodeSetsdepƒ0false''falsefalsefalsefalse' 'falsefalsefalseObject
 由于“保留日志”的原因，已阻止console.clear()
 Fri Mar 13 2026 14:51:22 GMT+0800 (中国标准时间)
 由于“保留日志”的原因，已阻止console.clear()
 {}
 由于“保留日志”的原因，已阻止console.clear()
 [debug 14:51:28 ] 拦截到HTTP请求: https://zsglcdn.lzlj.com/learn/app/filehub/0001/formal/course/2025/06/18/624BC63C0BE7410F8018E3E88C583229/1750217705867_s_3.ts
 
 由于“保留日志”的原因，已阻止console.clear()
 
 由于“保留日志”的原因，已阻止console.clear()
 (索引)toStringlastIndexdotAllflagsglobalhasIndicesignoreCasemultilinesourcestickyunicodeunicodeSets(索引)toStringlastIndexdotAllflagsglobalhasIndicesignoreCasemultilinesourcestickyunicodeunicodeSetsdepƒ0false''falsefalsefalsefalse' 'falsefalsefalseObject
 由于“保留日志”的原因，已阻止console.clear()
 Fri Mar 13 2026 14:51:22 GMT+0800 (中国标准时间)
 由于“保留日志”的原因，已阻止console.clear()
 {}
 由于“保留日志”的原因，已阻止console.clear()
 unknown blur事件触发 Event {isTrusted: true, type: 'blur', target: Window, currentTarget: Window, eventPhase: 2, …}
 
 由于“保留日志”的原因，已阻止console.clear()
 
 由于“保留日志”的原因，已阻止console.clear()
 (索引)toStringlastIndexdotAllflagsglobalhasIndicesignoreCasemultilinesourcestickyunicodeunicodeSets(索引)toStringlastIndexdotAllflagsglobalhasIndicesignoreCasemultilinesourcestickyunicodeunicodeSetsdepƒ0false''falsefalsefalsefalse' 'falsefalsefalseObject
 由于“保留日志”的原因，已阻止console.clear()
 Fri Mar 13 2026 14:51:22 GMT+0800 (中国标准时间)
 由于“保留日志”的原因，已阻止console.clear()
 {}
 由于“保留日志”的原因，已阻止console.clear()
 [debug 14:51:29 ] [自动恢复] 视频暂停，尝试恢复播放
 [debug 14:51:29 ] [自动恢复] 视频暂停，点击播放按钮 
8222.6209a852.chunk.js:1  Uncaught (in promise) 
(匿名) @ 8222.6209a852.chunk.js:1
clickPlayButton @ webpack://cxmooc-too…/zsgl/video.ts?:144
eval @ webpack://cxmooc-too…/zsgl/video.ts?:158
setInterval
setInterval @ webpack://cxmooc-too…utils/utils.ts?:203
setupVideoAutoResume @ webpack://cxmooc-too…/zsgl/video.ts?:155
handleTaskDivClick @ webpack://cxmooc-too…c/zsgl/video.ts?:36
eval @ webpack://cxmooc-too…c/zsgl/video.ts?:41
eval @ webpack://cxmooc-too…oc/zsgl/video.ts?:8
__awaiter @ webpack://cxmooc-too…oc/zsgl/video.ts?:4
eval @ webpack://cxmooc-too…c/zsgl/video.ts?:27
Start @ webpack://cxmooc-too…c/zsgl/video.ts?:27
eval @ webpack://cxmooc-too…c/mooc/mooc.ts?:121
fulfilled @ webpack://cxmooc-too…src/mooc/mooc.ts?:5
Promise.then
step @ webpack://cxmooc-too…src/mooc/mooc.ts?:7
eval @ webpack://cxmooc-too…src/mooc/mooc.ts?:8
__awaiter @ webpack://cxmooc-too…src/mooc/mooc.ts?:4
runTask @ webpack://cxmooc-too…c/mooc/mooc.ts?:107
eval @ webpack://cxmooc-too…rc/mooc/mooc.ts?:59
eval @ webpack://cxmooc-too…/utils/event.ts?:30
callEvent @ webpack://cxmooc-too…/utils/event.ts?:29
eval @ webpack://cxmooc-too…zsgl/course.ts?:229
fulfilled @ webpack://cxmooc-too…c/zsgl/course.ts?:5
Promise.then
step @ webpack://cxmooc-too…c/zsgl/course.ts?:7
eval @ webpack://cxmooc-too…c/zsgl/course.ts?:8
__awaiter @ webpack://cxmooc-too…c/zsgl/course.ts?:4
eval @ webpack://cxmooc-too…zsgl/course.ts?:216
setInterval
setInterval @ webpack://cxmooc-too…utils/utils.ts?:203
eval @ webpack://cxmooc-too…zsgl/course.ts?:216
eval @ webpack://cxmooc-too…c/zsgl/course.ts?:8
__awaiter @ webpack://cxmooc-too…c/zsgl/course.ts?:4
processCourseData @ webpack://cxmooc-too…zsgl/course.ts?:213
eval @ webpack://cxmooc-too…zsgl/course.ts?:198
setInterval
setInterval @ webpack://cxmooc-too…utils/utils.ts?:203
eval @ webpack://cxmooc-too…zsgl/course.ts?:193
eval @ webpack://cxmooc-too…c/zsgl/course.ts?:8
__awaiter @ webpack://cxmooc-too…c/zsgl/course.ts?:4
OperateCard @ webpack://cxmooc-too…zsgl/course.ts?:187
eval @ webpack://cxmooc-too…/zsgl/course.ts?:64
eval @ webpack://cxmooc-too…c/zsgl/course.ts?:8
__awaiter @ webpack://cxmooc-too…c/zsgl/course.ts?:4
eval @ webpack://cxmooc-too…/zsgl/course.ts?:57
 
 由于“保留日志”的原因，已阻止console.clear()
 
 由于“保留日志”的原因，已阻止console.clear()
 (索引)toStringlastIndexdotAllflagsglobalhasIndicesignoreCasemultilinesourcestickyunicodeunicodeSets(索引)toStringlastIndexdotAllflagsglobalhasIndicesignoreCasemultilinesourcestickyunicodeunicodeSetsdepƒ0false''falsefalsefalsefalse' 'falsefalsefalseObject
 由于“保留日志”的原因，已阻止console.clear()
 Fri Mar 13 2026 14:51:22 GMT+0800 (中国标准时间)
 由于“保留日志”的原因，已阻止console.clear()
 {}
 由于“保留日志”的原因，已阻止console.clear()
 
 由于“保留日志”的原因，已阻止console.clear()
 
 由于“保留日志”的原因，已阻止console.clear()
 (索引)toStringlastIndexdotAllflagsglobalhasIndicesignoreCasemultilinesourcestickyunicodeunicodeSets(索引)toStringlastIndexdotAllflagsglobalhasIndicesignoreCasemultilinesourcestickyunicodeunicodeSetsdepƒ0false''falsefalsefalsefalse' 'falsefalsefalseObject
 由于“保留日志”的原因，已阻止console.clear()
 Fri Mar 13 2026 14:51:22 GMT+0800 (中国标准时间)
 由于“保留日志”的原因，已阻止console.clear()
 {}
 由于“保留日志”的原因，已阻止console.clear()
 
 由于“保留日志”的原因，已阻止console.clear()
 
 由于“保留日志”的原因，已阻止console.clear()
 (索引)toStringlastIndexdotAllflagsglobalhasIndicesignoreCasemultilinesourcestickyunicodeunicodeSets(索引)toStringlastIndexdotAllflagsglobalhasIndicesignoreCasemultilinesourcestickyunicodeunicodeSetsdepƒ0false''falsefalsefalsefalse' 'falsefalsefalseObject
 由于“保留日志”的原因，已阻止console.clear()
 Fri Mar 13 2026 14:51:22 GMT+0800 (中国标准时间)
 由于“保留日志”的原因，已阻止console.clear()
 {}
 由于“保留日志”的原因，已阻止console.clear()
 
 由于“保留日志”的原因，已阻止console.clear()
 
 由于“保留日志”的原因，已阻止console.clear()
 (索引)toStringlastIndexdotAllflagsglobalhasIndicesignoreCasemultilinesourcestickyunicodeunicodeSets(索引)toStringlastIndexdotAllflagsglobalhasIndicesignoreCasemultilinesourcestickyunicodeunicodeSetsdepƒ0false''falsefalsefalsefalse' 'falsefalsefalseObject
 由于“保留日志”的原因，已阻止console.clear()
 Fri Mar 13 2026 14:51:22 GMT+0800 (中国标准时间)
 由于“保留日志”的原因，已阻止console.clear()
 {}
 由于“保留日志”的原因，已阻止console.clear()
 
 由于“保留日志”的原因，已阻止console.clear()
 
 由于“保留日志”的原因，已阻止console.clear()
 (索引)toStringlastIndexdotAllflagsglobalhasIndicesignoreCasemultilinesourcestickyunicodeunicodeSets(索引)toStringlastIndexdotAllflagsglobalhasIndicesignoreCasemultilinesourcestickyunicodeunicodeSetsdepƒ0false''falsefalsefalsefalse' 'falsefalsefalseObject
 由于“保留日志”的原因，已阻止console.clear()
 Fri Mar 13 2026 14:51:22 GMT+0800 (中国标准时间)
 由于“保留日志”的原因，已阻止console.clear()
 {}
 由于“保留日志”的原因，已阻止console.clear()
 
 由于“保留日志”的原因，已阻止console.clear()
 
 由于“保留日志”的原因，已阻止console.clear()
 (索引)toStringlastIndexdotAllflagsglobalhasIndicesignoreCasemultilinesourcestickyunicodeunicodeSets(索引)toStringlastIndexdotAllflagsglobalhasIndicesignoreCasemultilinesourcestickyunicodeunicodeSetsdepƒ0false''falsefalsefalsefalse' 'falsefalsefalseObject
 由于“保留日志”的原因，已阻止console.clear()
 Fri Mar 13 2026 14:51:22 GMT+0800 (中国标准时间)
 由于“保留日志”的原因，已阻止console.clear()
 {}
 由于“保留日志”的原因，已阻止console.clear()
 
 由于“保留日志”的原因，已阻止console.clear()
 
 由于“保留日志”的原因，已阻止console.clear()
 (索引)toStringlastIndexdotAllflagsglobalhasIndicesignoreCasemultilinesourcestickyunicodeunicodeSets(索引)toStringlastIndexdotAllflagsglobalhasIndicesignoreCasemultilinesourcestickyunicodeunicodeSetsdepƒ0false''falsefalsefalsefalse' 'falsefalsefalseObject
 由于“保留日志”的原因，已阻止console.clear()
 Fri Mar 13 2026 14:51:22 GMT+0800 (中国标准时间)
 由于“保留日志”的原因，已阻止console.clear()
 {}
 由于“保留日志”的原因，已阻止console.clear()
 
 由于“保留日志”的原因，已阻止console.clear()
 
 由于“保留日志”的原因，已阻止console.clear()
 (索引)toStringlastIndexdotAllflagsglobalhasIndicesignoreCasemultilinesourcestickyunicodeunicodeSets(索引)toStringlastIndexdotAllflagsglobalhasIndicesignoreCasemultilinesourcestickyunicodeunicodeSetsdepƒ0false''falsefalsefalsefalse' 'falsefalsefalseObject
 由于“保留日志”的原因，已阻止console.clear()
 Fri Mar 13 2026 14:51:22 GMT+0800 (中国标准时间)
 由于“保留日志”的原因，已阻止console.clear()
 {}
 由于“保留日志”的原因，已阻止console.clear()
 
 由于“保留日志”的原因，已阻止console.clear()
 
 由于“保留日志”的原因，已阻止console.clear()
 (索引)toStringlastIndexdotAllflagsglobalhasIndicesignoreCasemultilinesourcestickyunicodeunicodeSets(索引)toStringlastIndexdotAllflagsglobalhasIndicesignoreCasemultilinesourcestickyunicodeunicodeSetsdepƒ0false''falsefalsefalsefalse' 'falsefalsefalseObject
 由于“保留日志”的原因，已阻止console.clear()
 Fri Mar 13 2026 14:51:22 GMT+0800 (中国标准时间)
 由于“保留日志”的原因，已阻止console.clear()
 {}
 由于“保留日志”的原因，已阻止console.clear()
 
 由于“保留日志”的原因，已阻止console.clear()
 
 由于“保留日志”的原因，已阻止console.clear()
 (索引)toStringlastIndexdotAllflagsglobalhasIndicesignoreCasemultilinesourcestickyunicodeunicodeSets(索引)toStringlastIndexdotAllflagsglobalhasIndicesignoreCasemultilinesourcestickyunicodeunicodeSetsdepƒ0false''falsefalsefalsefalse' 'falsefalsefalseObject
 由于“保留日志”的原因，已阻止console.clear()
 Fri Mar 13 2026 14:51:22 GMT+0800 (中国标准时间)
 由于“保留日志”的原因，已阻止console.clear()
 {}
 由于“保留日志”的原因，已阻止console.clear()
 [debug 14:51:34 ] [自动恢复] 视频暂停，尝试恢复播放
 [debug 14:51:34 ] [自动恢复] 视频暂停，点击播放按钮 
8222.6209a852.chunk.js:1  Uncaught (in promise) 
(匿名) @ 8222.6209a852.chunk.js:1
clickPlayButton @ webpack://cxmooc-too…/zsgl/video.ts?:144
eval @ webpack://cxmooc-too…/zsgl/video.ts?:158
setInterval
setInterval @ webpack://cxmooc-too…utils/utils.ts?:203
setupVideoAutoResume @ webpack://cxmooc-too…/zsgl/video.ts?:155
handleTaskDivClick @ webpack://cxmooc-too…c/zsgl/video.ts?:36
eval @ webpack://cxmooc-too…c/zsgl/video.ts?:41
eval @ webpack://cxmooc-too…oc/zsgl/video.ts?:8
__awaiter @ webpack://cxmooc-too…oc/zsgl/video.ts?:4
eval @ webpack://cxmooc-too…c/zsgl/video.ts?:27
Start @ webpack://cxmooc-too…c/zsgl/video.ts?:27
eval @ webpack://cxmooc-too…c/mooc/mooc.ts?:121
fulfilled @ webpack://cxmooc-too…src/mooc/mooc.ts?:5
Promise.then
step @ webpack://cxmooc-too…src/mooc/mooc.ts?:7
eval @ webpack://cxmooc-too…src/mooc/mooc.ts?:8
__awaiter @ webpack://cxmooc-too…src/mooc/mooc.ts?:4
runTask @ webpack://cxmooc-too…c/mooc/mooc.ts?:107
eval @ webpack://cxmooc-too…rc/mooc/mooc.ts?:59
eval @ webpack://cxmooc-too…/utils/event.ts?:30
callEvent @ webpack://cxmooc-too…/utils/event.ts?:29
eval @ webpack://cxmooc-too…zsgl/course.ts?:229
fulfilled @ webpack://cxmooc-too…c/zsgl/course.ts?:5
Promise.then
step @ webpack://cxmooc-too…c/zsgl/course.ts?:7
eval @ webpack://cxmooc-too…c/zsgl/course.ts?:8
__awaiter @ webpack://cxmooc-too…c/zsgl/course.ts?:4
eval @ webpack://cxmooc-too…zsgl/course.ts?:216
setInterval
setInterval @ webpack://cxmooc-too…utils/utils.ts?:203
eval @ webpack://cxmooc-too…zsgl/course.ts?:216
eval @ webpack://cxmooc-too…c/zsgl/course.ts?:8
__awaiter @ webpack://cxmooc-too…c/zsgl/course.ts?:4
processCourseData @ webpack://cxmooc-too…zsgl/course.ts?:213
eval @ webpack://cxmooc-too…zsgl/course.ts?:198
setInterval
setInterval @ webpack://cxmooc-too…utils/utils.ts?:203
eval @ webpack://cxmooc-too…zsgl/course.ts?:193
eval @ webpack://cxmooc-too…c/zsgl/course.ts?:8
__awaiter @ webpack://cxmooc-too…c/zsgl/course.ts?:4
OperateCard @ webpack://cxmooc-too…zsgl/course.ts?:187
eval @ webpack://cxmooc-too…/zsgl/course.ts?:64
eval @ webpack://cxmooc-too…c/zsgl/course.ts?:8
__awaiter @ webpack://cxmooc-too…c/zsgl/course.ts?:4
eval @ webpack://cxmooc-too…/zsgl/course.ts?:57
 
 由于“保留日志”的原因，已阻止console.clear()
 
 由于“保留日志”的原因，已阻止console.clear()
 (索引)toStringlastIndexdotAllflagsglobalhasIndicesignoreCasemultilinesourcestickyunicodeunicodeSets(索引)toStringlastIndexdotAllflagsglobalhasIndicesignoreCasemultilinesourcestickyunicodeunicodeSetsdepƒ0false''falsefalsefalsefalse' 'falsefalsefalseObject
 由于“保留日志”的原因，已阻止console.clear()
 Fri Mar 13 2026 14:51:22 GMT+0800 (中国标准时间)
 由于“保留日志”的原因，已阻止console.clear()
 {}
 由于“保留日志”的原因，已阻止console.clear()
 
 由于“保留日志”的原因，已阻止console.clear()
 
 由于“保留日志”的原因，已阻止console.clear()
 (索引)toStringlastIndexdotAllflagsglobalhasIndicesignoreCasemultilinesourcestickyunicodeunicodeSets(索引)toStringlastIndexdotAllflagsglobalhasIndicesignoreCasemultilinesourcestickyunicodeunicodeSetsdepƒ0false''falsefalsefalsefalse' 'falsefalsefalseObject
 由于“保留日志”的原因，已阻止console.clear()
 Fri Mar 13 2026 14:51:22 GMT+0800 (中国标准时间)
 由于“保留日志”的原因，已阻止console.clear()
 {}
 由于“保留日志”的原因，已阻止console.clear()
 
 由于“保留日志”的原因，已阻止console.clear()
 
 由于“保留日志”的原因，已阻止console.clear()
 (索引)toStringlastIndexdotAllflagsglobalhasIndicesignoreCasemultilinesourcestickyunicodeunicodeSets(索引)toStringlastIndexdotAllflagsglobalhasIndicesignoreCasemultilinesourcestickyunicodeunicodeSetsdepƒ0false''falsefalsefalsefalse' 'falsefalsefalseObject
 由于“保留日志”的原因，已阻止console.clear()
 Fri Mar 13 2026 14:51:22 GMT+0800 (中国标准时间)
 由于“保留日志”的原因，已阻止console.clear()
 {}
 由于“保留日志”的原因，已阻止console.clear()
 
 由于“保留日志”的原因，已阻止console.clear()
 
 由于“保留日志”的原因，已阻止console.clear()
 (索引)toStringlastIndexdotAllflagsglobalhasIndicesignoreCasemultilinesourcestickyunicodeunicodeSets(索引)toStringlastIndexdotAllflagsglobalhasIndicesignoreCasemultilinesourcestickyunicodeunicodeSetsdepƒ0false''falsefalsefalsefalse' 'falsefalsefalseObject
 由于“保留日志”的原因，已阻止console.clear()
 Fri Mar 13 2026 14:51:22 GMT+0800 (中国标准时间)
 由于“保留日志”的原因，已阻止console.clear()
 {}
 由于“保留日志”的原因，已阻止console.clear()
 
 由于“保留日志”的原因，已阻止console.clear()
 
 由于“保留日志”的原因，已阻止console.clear()
 (索引)toStringlastIndexdotAllflagsglobalhasIndicesignoreCasemultilinesourcestickyunicodeunicodeSets(索引)toStringlastIndexdotAllflagsglobalhasIndicesignoreCasemultilinesourcestickyunicodeunicodeSetsdepƒ0false''falsefalsefalsefalse' 'falsefalsefalseObject
 由于“保留日志”的原因，已阻止console.clear()
 Fri Mar 13 2026 14:51:22 GMT+0800 (中国标准时间)
 由于“保留日志”的原因，已阻止console.clear()
 {}
 由于“保留日志”的原因，已阻止console.clear()
 
 由于“保留日志”的原因，已阻止console.clear()
 
 由于“保留日志”的原因，已阻止console.clear()
 (索引)toStringlastIndexdotAllflagsglobalhasIndicesignoreCasemultilinesourcestickyunicodeunicodeSets(索引)toStringlastIndexdotAllflagsglobalhasIndicesignoreCasemultilinesourcestickyunicodeunicodeSetsdepƒ0false''falsefalsefalsefalse' 'falsefalsefalseObject
 由于“保留日志”的原因，已阻止console.clear()
 Fri Mar 13 2026 14:51:22 GMT+0800 (中国标准时间)
 由于“保留日志”的原因，已阻止console.clear()
 {}
 由于“保留日志”的原因，已阻止console.clear()
 
 由于“保留日志”的原因，已阻止console.clear()
 
 由于“保留日志”的原因，已阻止console.clear()
 (索引)toStringlastIndexdotAllflagsglobalhasIndicesignoreCasemultilinesourcestickyunicodeunicodeSets(索引)toStringlastIndexdotAllflagsglobalhasIndicesignoreCasemultilinesourcestickyunicodeunicodeSetsdepƒ0false''falsefalsefalsefalse' 'falsefalsefalseObject
 由于“保留日志”的原因，已阻止console.clear()
 Fri Mar 13 2026 14:51:22 GMT+0800 (中国标准时间)
 由于“保留日志”的原因，已阻止console.clear()
 {}
 由于“保留日志”的原因，已阻止console.clear()
 unknown mouseout事件触发 MouseEvent {isTrusted: true, screenX: 1911, screenY: 447, clientX: 1907, clientY: 367, …}
 unknown mouseleave事件触发 MouseEvent {isTrusted: true, screenX: 1911, screenY: 447, clientX: 1907, clientY: 367, …}
 unknown mouseleave事件触发 MouseEvent {isTrusted: true, screenX: 1911, screenY: 447, clientX: 1907, clientY: 367, …}
 unknown mouseleave事件触发 MouseEvent {isTrusted: true, screenX: 1911, screenY: 447, clientX: 1907, clientY: 367, …}
 unknown mouseleave事件触发 MouseEvent {isTrusted: true, screenX: 1911, screenY: 447, clientX: 1907, clientY: 367, …}
 unknown mouseleave事件触发 MouseEvent {isTrusted: true, screenX: 1911, screenY: 447, clientX: 1907, clientY: 367, …}
 unknown mouseleave事件触发 MouseEvent {isTrusted: true, screenX: 1911, screenY: 447, clientX: 1907, clientY: 367, …}
 unknown mouseleave事件触发 MouseEvent {isTrusted: true, screenX: 1911, screenY: 447, clientX: 1907, clientY: 367, …}
 unknown mouseleave事件触发 MouseEvent {isTrusted: true, screenX: 1911, screenY: 447, clientX: 1907, clientY: 367, …}
 unknown mouseleave事件触发 MouseEvent {isTrusted: true, screenX: 1911, screenY: 447, clientX: 1907, clientY: 367, …}
 unknown mouseleave事件触发 MouseEvent {isTrusted: true, screenX: 1911, screenY: 447, clientX: 1907, clientY: 367, …}
 unknown mouseout事件触发 MouseEvent {isTrusted: true, screenX: 1929, screenY: 457, clientX: 1925, clientY: 377, …}
 unknown mouseleave事件触发 MouseEvent {isTrusted: true, screenX: 1929, screenY: 457, clientX: 1925, clientY: 377, …}
 unknown mouseleave事件触发 MouseEvent {isTrusted: true, screenX: 1929, screenY: 457, clientX: 1925, clientY: 377, …}
 
 由于“保留日志”的原因，已阻止console.clear()
 
 由于“保留日志”的原因，已阻止console.clear()
 (索引)toStringlastIndexdotAllflagsglobalhasIndicesignoreCasemultilinesourcestickyunicodeunicodeSets(索引)toStringlastIndexdotAllflagsglobalhasIndicesignoreCasemultilinesourcestickyunicodeunicodeSetsdepƒ0false''falsefalsefalsefalse' 'falsefalsefalseObject
 由于“保留日志”的原因，已阻止console.clear()
 Fri Mar 13 2026 14:51:22 GMT+0800 (中国标准时间)
 由于“保留日志”的原因，已阻止console.clear()
 {}
 由于“保留日志”的原因，已阻止console.clear()
 
 由于“保留日志”的原因，已阻止console.clear()
 
 由于“保留日志”的原因，已阻止console.clear()
 (索引)toStringlastIndexdotAllflagsglobalhasIndicesignoreCasemultilinesourcestickyunicodeunicodeSets(索引)toStringlastIndexdotAllflagsglobalhasIndicesignoreCasemultilinesourcestickyunicodeunicodeSetsdepƒ0false''falsefalsefalsefalse' 'falsefalsefalseObject
 由于“保留日志”的原因，已阻止console.clear()
 Fri Mar 13 2026 14:51:22 GMT+0800 (中国标准时间)
 由于“保留日志”的原因，已阻止console.clear()
 {}
 由于“保留日志”的原因，已阻止console.clear()
