9561.4bf2dc71.js:2 div
9561.4bf2dc71.js:2 由于“保留日志”的原因，已阻止console.clear()
9561.4bf2dc71.js:2 ƒ l(){}
9561.4bf2dc71.js:2 由于“保留日志”的原因，已阻止console.clear()
9561.4bf2dc71.js:2 (索引)toStringlastIndexdotAllflagsglobalhasIndicesignoreCasemultilinesourcestickyunicodeunicodeSets(索引)toStringlastIndexdotAllflagsglobalhasIndicesignoreCasemultilinesourcestickyunicodeunicodeSetsdepƒ0false''falsefalsefalsefalse' 'falsefalsefalseObject
9561.4bf2dc71.js:2 由于“保留日志”的原因，已阻止console.clear()
9561.4bf2dc71.js:2 Tue Mar 10 2026 17:01:58 GMT+0800 (中国标准时间)
9561.4bf2dc71.js:2 由于“保留日志”的原因，已阻止console.clear()
9561.4bf2dc71.js:2 {}
9561.4bf2dc71.js:2 由于“保留日志”的原因，已阻止console.clear()
9561.4bf2dc71.js:2 div
9561.4bf2dc71.js:2 由于“保留日志”的原因，已阻止console.clear()
9561.4bf2dc71.js:2 ƒ l(){}
9561.4bf2dc71.js:2 由于“保留日志”的原因，已阻止console.clear()
9561.4bf2dc71.js:2 (索引)toStringlastIndexdotAllflagsglobalhasIndicesignoreCasemultilinesourcestickyunicodeunicodeSets(索引)toStringlastIndexdotAllflagsglobalhasIndicesignoreCasemultilinesourcestickyunicodeunicodeSetsdepƒ0false''falsefalsefalsefalse' 'falsefalsefalseObject
9561.4bf2dc71.js:2 由于“保留日志”的原因，已阻止console.clear()
9561.4bf2dc71.js:2 Tue Mar 10 2026 17:01:58 GMT+0800 (中国标准时间)
9561.4bf2dc71.js:2 由于“保留日志”的原因，已阻止console.clear()
9561.4bf2dc71.js:2 {}
9561.4bf2dc71.js:2 由于“保留日志”的原因，已阻止console.clear()
9561.4bf2dc71.js:2 div
9561.4bf2dc71.js:2 由于“保留日志”的原因，已阻止console.clear()
9561.4bf2dc71.js:2 ƒ l(){}
9561.4bf2dc71.js:2 由于“保留日志”的原因，已阻止console.clear()
9561.4bf2dc71.js:2 (索引)toStringlastIndexdotAllflagsglobalhasIndicesignoreCasemultilinesourcestickyunicodeunicodeSets(索引)toStringlastIndexdotAllflagsglobalhasIndicesignoreCasemultilinesourcestickyunicodeunicodeSetsdepƒ0false''falsefalsefalsefalse' 'falsefalsefalseObject
9561.4bf2dc71.js:2 由于“保留日志”的原因，已阻止console.clear()
9561.4bf2dc71.js:2 Tue Mar 10 2026 17:01:58 GMT+0800 (中国标准时间)
9561.4bf2dc71.js:2 由于“保留日志”的原因，已阻止console.clear()
9561.4bf2dc71.js:2 {}
9561.4bf2dc71.js:2 由于“保留日志”的原因，已阻止console.clear()
9561.4bf2dc71.js:2 div
9561.4bf2dc71.js:2 由于“保留日志”的原因，已阻止console.clear()
9561.4bf2dc71.js:2 ƒ l(){}
9561.4bf2dc71.js:2 由于“保留日志”的原因，已阻止console.clear()
9561.4bf2dc71.js:2 (索引)toStringlastIndexdotAllflagsglobalhasIndicesignoreCasemultilinesourcestickyunicodeunicodeSets(索引)toStringlastIndexdotAllflagsglobalhasIndicesignoreCasemultilinesourcestickyunicodeunicodeSetsdepƒ0false''falsefalsefalsefalse' 'falsefalsefalseObject
9561.4bf2dc71.js:2 由于“保留日志”的原因，已阻止console.clear()
9561.4bf2dc71.js:2 Tue Mar 10 2026 17:01:58 GMT+0800 (中国标准时间)
9561.4bf2dc71.js:2 由于“保留日志”的原因，已阻止console.clear()
9561.4bf2dc71.js:2 {}
9561.4bf2dc71.js:2 由于“保留日志”的原因，已阻止console.clear()
9561.4bf2dc71.js:2 div
9561.4bf2dc71.js:2 由于“保留日志”的原因，已阻止console.clear()
9561.4bf2dc71.js:2 ƒ l(){}
9561.4bf2dc71.js:2 由于“保留日志”的原因，已阻止console.clear()
9561.4bf2dc71.js:2 (索引)toStringlastIndexdotAllflagsglobalhasIndicesignoreCasemultilinesourcestickyunicodeunicodeSets(索引)toStringlastIndexdotAllflagsglobalhasIndicesignoreCasemultilinesourcestickyunicodeunicodeSetsdepƒ0false''falsefalsefalsefalse' 'falsefalsefalseObject
9561.4bf2dc71.js:2 由于“保留日志”的原因，已阻止console.clear()
9561.4bf2dc71.js:2 Tue Mar 10 2026 17:01:58 GMT+0800 (中国标准时间)
9561.4bf2dc71.js:2 由于“保留日志”的原因，已阻止console.clear()
9561.4bf2dc71.js:2 {}
9561.4bf2dc71.js:2 由于“保留日志”的原因，已阻止console.clear()
9561.4bf2dc71.js:2 div
9561.4bf2dc71.js:2 由于“保留日志”的原因，已阻止console.clear()
9561.4bf2dc71.js:2 ƒ l(){}
9561.4bf2dc71.js:2 由于“保留日志”的原因，已阻止console.clear()
9561.4bf2dc71.js:2 (索引)toStringlastIndexdotAllflagsglobalhasIndicesignoreCasemultilinesourcestickyunicodeunicodeSets(索引)toStringlastIndexdotAllflagsglobalhasIndicesignoreCasemultilinesourcestickyunicodeunicodeSetsdepƒ0false''falsefalsefalsefalse' 'falsefalsefalseObject
9561.4bf2dc71.js:2 由于“保留日志”的原因，已阻止console.clear()
9561.4bf2dc71.js:2 Tue Mar 10 2026 17:01:58 GMT+0800 (中国标准时间)
9561.4bf2dc71.js:2 由于“保留日志”的原因，已阻止console.clear()
9561.4bf2dc71.js:2 {}
9561.4bf2dc71.js:2 由于“保留日志”的原因，已阻止console.clear()
9561.4bf2dc71.js:2 div
9561.4bf2dc71.js:2 由于“保留日志”的原因，已阻止console.clear()
9561.4bf2dc71.js:2 ƒ l(){}
9561.4bf2dc71.js:2 由于“保留日志”的原因，已阻止console.clear()
9561.4bf2dc71.js:2 (索引)toStringlastIndexdotAllflagsglobalhasIndicesignoreCasemultilinesourcestickyunicodeunicodeSets(索引)toStringlastIndexdotAllflagsglobalhasIndicesignoreCasemultilinesourcestickyunicodeunicodeSetsdepƒ0false''falsefalsefalsefalse' 'falsefalsefalseObject
9561.4bf2dc71.js:2 由于“保留日志”的原因，已阻止console.clear()
9561.4bf2dc71.js:2 Tue Mar 10 2026 17:01:58 GMT+0800 (中国标准时间)
9561.4bf2dc71.js:2 由于“保留日志”的原因，已阻止console.clear()
9561.4bf2dc71.js:2 {}
9561.4bf2dc71.js:2 由于“保留日志”的原因，已阻止console.clear()
9561.4bf2dc71.js:2 div
9561.4bf2dc71.js:2 由于“保留日志”的原因，已阻止console.clear()
9561.4bf2dc71.js:2 ƒ l(){}
9561.4bf2dc71.js:2 由于“保留日志”的原因，已阻止console.clear()
9561.4bf2dc71.js:2 (索引)toStringlastIndexdotAllflagsglobalhasIndicesignoreCasemultilinesourcestickyunicodeunicodeSets(索引)toStringlastIndexdotAllflagsglobalhasIndicesignoreCasemultilinesourcestickyunicodeunicodeSetsdepƒ0false''falsefalsefalsefalse' 'falsefalsefalseObject
9561.4bf2dc71.js:2 由于“保留日志”的原因，已阻止console.clear()
9561.4bf2dc71.js:2 Tue Mar 10 2026 17:01:58 GMT+0800 (中国标准时间)
9561.4bf2dc71.js:2 由于“保留日志”的原因，已阻止console.clear()
9561.4bf2dc71.js:2 {}
9561.4bf2dc71.js:2 由于“保留日志”的原因，已阻止console.clear()
已导航到https://zsgl.lzlj.com/
log.ts:201 [debug 17:24:17 ] Start document state: loading
mooc.ts:10 create mooc
log.ts:214 [info 17:24:17 ] 当前平台：zsgl-studyDetail
mooc.ts:61 mooc start ZsglStudyMap {event: {…}, timerManager: TimerManager}
log.ts:201 [debug 17:24:17 ] 注册HTTP钩子: queryStudymapGate.do
webim.min.js:1 navigator.userAgent=mozilla/5.0 (windows nt 10.0; win64; x64) applewebkit/537.36 (khtml, like gecko) chrome/145.0.0.0 safari/537.36 edg/145.0.0.0
webim.min.js:1 BROWSER_INFO: type=chrome, ver=145.0.0.0
log.ts:201 [debug 17:24:18 ] 拦截到HTTP请求: /znWeb/znPortal/lang/zh.json
9561.4bf2dc71.js:2 div
9561.4bf2dc71.js:2 由于“保留日志”的原因，已阻止console.clear()
9561.4bf2dc71.js:2 ƒ l(){}
9561.4bf2dc71.js:2 由于“保留日志”的原因，已阻止console.clear()
main.2faaeed8.js:1 0530-1
9561.4bf2dc71.js:2 (索引)toStringlastIndexdotAllflagsglobalhasIndicesignoreCasemultilinesourcestickyunicodeunicodeSets(索引)toStringlastIndexdotAllflagsglobalhasIndicesignoreCasemultilinesourcestickyunicodeunicodeSetsdepƒ0false''falsefalsefalsefalse' 'falsefalsefalseObject
9561.4bf2dc71.js:2 由于“保留日志”的原因，已阻止console.clear()
main.2faaeed8.js:1 showSearch true
9561.4bf2dc71.js:2 Tue Mar 10 2026 17:24:18 GMT+0800 (中国标准时间)
9561.4bf2dc71.js:2 由于“保留日志”的原因，已阻止console.clear()
log.ts:201 [debug 17:24:18 ] 拦截到HTTP请求: /learn/app/clientapi/home/pc/queryHomeChannelModule.do?pageId=SY0010092&sid=054FD616DA24461EBD64C38C12C23418&os=99
log.ts:201 [debug 17:24:18 ] 拦截到HTTP请求: /learn/app/clientapi/home/getPcGlobalManagement.do?pageId=SY0010092&sid=054FD616DA24461EBD64C38C12C23418&os=99
log.ts:201 [debug 17:24:18 ] 拦截到HTTP请求: /learn/app/getGlobalTimestamp.do?os=99&sid=054FD616DA24461EBD64C38C12C23418
9561.4bf2dc71.js:2 {}
9561.4bf2dc71.js:2 由于“保留日志”的原因，已阻止console.clear()
main.2faaeed8.js:1 showSearch true
log.ts:201 [debug 17:24:18 ] 拦截到HTTP请求: /learn/app/clientapi/home/pc/userPermissions.do?os=99&sid=054FD616DA24461EBD64C38C12C23418
log.ts:201 [debug 17:24:18 ] 拦截到HTTP请求: /learn/app/clientapi/home/pc/queryHomeGlobalInfo.do?pageId=SY0010092&sid=054FD616DA24461EBD64C38C12C23418&os=99
log.ts:201 [debug 17:24:18 ] 拦截到HTTP请求: /learn/app/clientapi/message/getMessageListType.do?sid=054FD616DA24461EBD64C38C12C23418&os=99
main.2faaeed8.js:1 --------------- Tue Mar 10 2026 17:24:18 GMT+0800 (中国标准时间)
log.ts:201 [debug 17:24:18 ] 拦截到HTTP请求: /learn/app/clientapi/home/pc/queryUserHomeList.do?time=1773134658881&sid=054FD616DA24461EBD64C38C12C23418&os=99
log.ts:201 [debug 17:24:18 ] 拦截到HTTP请求: /learn/app/clientapi/misc/queryVasOperation2NativeList.do?sid=054FD616DA24461EBD64C38C12C23418&os=99
main.2faaeed8.js:1 showSearch true
main.2faaeed8.js:1 com.mlearning.paznluzhoulaojiao appId-------
log.ts:201 [debug 17:24:19 ] 拦截到HTTP请求: /learn/app/newPersonDetail.do?sid=054FD616DA24461EBD64C38C12C23418&os=99
log.ts:201 [debug 17:24:19 ] 拦截到HTTP请求: /learn-login/queryUserInfoBound.do?os=99&sid=054FD616DA24461EBD64C38C12C23418
log.ts:201 [debug 17:24:19 ] 拦截到HTTP请求: /learn/app/clientapi/knowledgecloud/home/getPermissionStatus.do?sid=054FD616DA24461EBD64C38C12C23418&os=99
main.2faaeed8.js:1 showSearch true
9561.4bf2dc71.js:2 div
9561.4bf2dc71.js:2 由于“保留日志”的原因，已阻止console.clear()
9561.4bf2dc71.js:2 ƒ l(){}
9561.4bf2dc71.js:2 由于“保留日志”的原因，已阻止console.clear()
9561.4bf2dc71.js:2 (索引)toStringlastIndexdotAllflagsglobalhasIndicesignoreCasemultilinesourcestickyunicodeunicodeSets(索引)toStringlastIndexdotAllflagsglobalhasIndicesignoreCasemultilinesourcestickyunicodeunicodeSetsdepƒ0false''falsefalsefalsefalse' 'falsefalsefalseObject
9561.4bf2dc71.js:2 由于“保留日志”的原因，已阻止console.clear()
9561.4bf2dc71.js:2 Tue Mar 10 2026 17:24:18 GMT+0800 (中国标准时间)
9561.4bf2dc71.js:2 由于“保留日志”的原因，已阻止console.clear()
9561.4bf2dc71.js:2 {}
9561.4bf2dc71.js:2 由于“保留日志”的原因，已阻止console.clear()
9561.4bf2dc71.js:2  react-intl-universal key "5a0afc9d" not defined in zh
warningHandler @ 9561.4bf2dc71.js:2
value @ 9561.4bf2dc71.js:2
p @ 9561.4bf2dc71.js:2
(匿名) @ 5392.a94416b9.chunk.js:1
7945 @ 5392.a94416b9.chunk.js:1
n @ main.2faaeed8.js:1
35392 @ 5392.a94416b9.chunk.js:1
n @ main.2faaeed8.js:1
Promise.then
(匿名) @ main.2faaeed8.js:1
(匿名) @ 9561.4bf2dc71.js:2
Cs @ 9561.4bf2dc71.js:2
wc @ 9561.4bf2dc71.js:2
_c @ 9561.4bf2dc71.js:2
dc @ 9561.4bf2dc71.js:2
(匿名) @ 9561.4bf2dc71.js:2
t.unstable_runWithPriority @ 9561.4bf2dc71.js:2
qo @ 9561.4bf2dc71.js:2
Xo @ 9561.4bf2dc71.js:2
$o @ 9561.4bf2dc71.js:2
ic @ 9561.4bf2dc71.js:2
enqueueSetState @ 9561.4bf2dc71.js:2
b.setState @ 9561.4bf2dc71.js:2
(匿名) @ main.2faaeed8.js:1
u @ 9561.4bf2dc71.js:2
(匿名) @ 9561.4bf2dc71.js:2
(匿名) @ 9561.4bf2dc71.js:2
r @ 9561.4bf2dc71.js:2
s @ 9561.4bf2dc71.js:2
Promise.then
r @ 9561.4bf2dc71.js:2
s @ 9561.4bf2dc71.js:2
(匿名) @ 9561.4bf2dc71.js:2
(匿名) @ 9561.4bf2dc71.js:2
(匿名) @ main.2faaeed8.js:1
za @ 9561.4bf2dc71.js:2
$i @ 9561.4bf2dc71.js:2
Cs @ 9561.4bf2dc71.js:2
wc @ 9561.4bf2dc71.js:2
_c @ 9561.4bf2dc71.js:2
dc @ 9561.4bf2dc71.js:2
ic @ 9561.4bf2dc71.js:2
Gc @ 9561.4bf2dc71.js:2
(匿名) @ 9561.4bf2dc71.js:2
pc @ 9561.4bf2dc71.js:2
el @ 9561.4bf2dc71.js:2
render @ 9561.4bf2dc71.js:2
(匿名) @ main.2faaeed8.js:1
u @ 9561.4bf2dc71.js:2
(匿名) @ 9561.4bf2dc71.js:2
(匿名) @ 9561.4bf2dc71.js:2
r @ 9561.4bf2dc71.js:2
s @ 9561.4bf2dc71.js:2
Promise.then
r @ 9561.4bf2dc71.js:2
s @ 9561.4bf2dc71.js:2
(匿名) @ 9561.4bf2dc71.js:2
(匿名) @ 9561.4bf2dc71.js:2
(匿名) @ main.2faaeed8.js:1
(匿名) @ main.2faaeed8.js:1
u @ 9561.4bf2dc71.js:2
(匿名) @ 9561.4bf2dc71.js:2
(匿名) @ 9561.4bf2dc71.js:2
r @ 9561.4bf2dc71.js:2
s @ 9561.4bf2dc71.js:2
Promise.then
r @ 9561.4bf2dc71.js:2
s @ 9561.4bf2dc71.js:2
Promise.then
r @ 9561.4bf2dc71.js:2
s @ 9561.4bf2dc71.js:2
(匿名) @ 9561.4bf2dc71.js:2
(匿名) @ 9561.4bf2dc71.js:2
49209 @ main.2faaeed8.js:1
n @ main.2faaeed8.js:1
(匿名) @ main.2faaeed8.js:1
n.O @ main.2faaeed8.js:1
(匿名) @ main.2faaeed8.js:1
(匿名) @ main.2faaeed8.js:1
(匿名) @ main.2faaeed8.js:1
(匿名) @ main.2faaeed8.js:1
9561.4bf2dc71.js:2  react-intl-universal key "5a0afc9d" not defined in zh
warningHandler @ 9561.4bf2dc71.js:2
value @ 9561.4bf2dc71.js:2
p @ 9561.4bf2dc71.js:2
(匿名) @ 5392.a94416b9.chunk.js:1
7945 @ 5392.a94416b9.chunk.js:1
n @ main.2faaeed8.js:1
35392 @ 5392.a94416b9.chunk.js:1
n @ main.2faaeed8.js:1
Promise.then
(匿名) @ main.2faaeed8.js:1
(匿名) @ 9561.4bf2dc71.js:2
Cs @ 9561.4bf2dc71.js:2
wc @ 9561.4bf2dc71.js:2
_c @ 9561.4bf2dc71.js:2
dc @ 9561.4bf2dc71.js:2
(匿名) @ 9561.4bf2dc71.js:2
t.unstable_runWithPriority @ 9561.4bf2dc71.js:2
qo @ 9561.4bf2dc71.js:2
Xo @ 9561.4bf2dc71.js:2
$o @ 9561.4bf2dc71.js:2
ic @ 9561.4bf2dc71.js:2
enqueueSetState @ 9561.4bf2dc71.js:2
b.setState @ 9561.4bf2dc71.js:2
(匿名) @ main.2faaeed8.js:1
u @ 9561.4bf2dc71.js:2
(匿名) @ 9561.4bf2dc71.js:2
(匿名) @ 9561.4bf2dc71.js:2
r @ 9561.4bf2dc71.js:2
s @ 9561.4bf2dc71.js:2
Promise.then
r @ 9561.4bf2dc71.js:2
s @ 9561.4bf2dc71.js:2
(匿名) @ 9561.4bf2dc71.js:2
(匿名) @ 9561.4bf2dc71.js:2
(匿名) @ main.2faaeed8.js:1
za @ 9561.4bf2dc71.js:2
$i @ 9561.4bf2dc71.js:2
Cs @ 9561.4bf2dc71.js:2
wc @ 9561.4bf2dc71.js:2
_c @ 9561.4bf2dc71.js:2
dc @ 9561.4bf2dc71.js:2
ic @ 9561.4bf2dc71.js:2
Gc @ 9561.4bf2dc71.js:2
(匿名) @ 9561.4bf2dc71.js:2
pc @ 9561.4bf2dc71.js:2
el @ 9561.4bf2dc71.js:2
render @ 9561.4bf2dc71.js:2
(匿名) @ main.2faaeed8.js:1
u @ 9561.4bf2dc71.js:2
(匿名) @ 9561.4bf2dc71.js:2
(匿名) @ 9561.4bf2dc71.js:2
r @ 9561.4bf2dc71.js:2
s @ 9561.4bf2dc71.js:2
Promise.then
r @ 9561.4bf2dc71.js:2
s @ 9561.4bf2dc71.js:2
(匿名) @ 9561.4bf2dc71.js:2
(匿名) @ 9561.4bf2dc71.js:2
(匿名) @ main.2faaeed8.js:1
(匿名) @ main.2faaeed8.js:1
u @ 9561.4bf2dc71.js:2
(匿名) @ 9561.4bf2dc71.js:2
(匿名) @ 9561.4bf2dc71.js:2
r @ 9561.4bf2dc71.js:2
s @ 9561.4bf2dc71.js:2
Promise.then
r @ 9561.4bf2dc71.js:2
s @ 9561.4bf2dc71.js:2
Promise.then
r @ 9561.4bf2dc71.js:2
s @ 9561.4bf2dc71.js:2
(匿名) @ 9561.4bf2dc71.js:2
(匿名) @ 9561.4bf2dc71.js:2
49209 @ main.2faaeed8.js:1
n @ main.2faaeed8.js:1
(匿名) @ main.2faaeed8.js:1
n.O @ main.2faaeed8.js:1
(匿名) @ main.2faaeed8.js:1
(匿名) @ main.2faaeed8.js:1
(匿名) @ main.2faaeed8.js:1
(匿名) @ main.2faaeed8.js:1
9561.4bf2dc71.js:2  react-intl-universal key "58983b0d" not defined in zh
warningHandler @ 9561.4bf2dc71.js:2
value @ 9561.4bf2dc71.js:2
p @ 9561.4bf2dc71.js:2
(匿名) @ 5392.a94416b9.chunk.js:1
7945 @ 5392.a94416b9.chunk.js:1
n @ main.2faaeed8.js:1
35392 @ 5392.a94416b9.chunk.js:1
n @ main.2faaeed8.js:1
Promise.then
(匿名) @ main.2faaeed8.js:1
(匿名) @ 9561.4bf2dc71.js:2
Cs @ 9561.4bf2dc71.js:2
wc @ 9561.4bf2dc71.js:2
_c @ 9561.4bf2dc71.js:2
dc @ 9561.4bf2dc71.js:2
(匿名) @ 9561.4bf2dc71.js:2
t.unstable_runWithPriority @ 9561.4bf2dc71.js:2
qo @ 9561.4bf2dc71.js:2
Xo @ 9561.4bf2dc71.js:2
$o @ 9561.4bf2dc71.js:2
ic @ 9561.4bf2dc71.js:2
enqueueSetState @ 9561.4bf2dc71.js:2
b.setState @ 9561.4bf2dc71.js:2
(匿名) @ main.2faaeed8.js:1
u @ 9561.4bf2dc71.js:2
(匿名) @ 9561.4bf2dc71.js:2
(匿名) @ 9561.4bf2dc71.js:2
r @ 9561.4bf2dc71.js:2
s @ 9561.4bf2dc71.js:2
Promise.then
r @ 9561.4bf2dc71.js:2
s @ 9561.4bf2dc71.js:2
(匿名) @ 9561.4bf2dc71.js:2
(匿名) @ 9561.4bf2dc71.js:2
(匿名) @ main.2faaeed8.js:1
za @ 9561.4bf2dc71.js:2
$i @ 9561.4bf2dc71.js:2
Cs @ 9561.4bf2dc71.js:2
wc @ 9561.4bf2dc71.js:2
_c @ 9561.4bf2dc71.js:2
dc @ 9561.4bf2dc71.js:2
ic @ 9561.4bf2dc71.js:2
Gc @ 9561.4bf2dc71.js:2
(匿名) @ 9561.4bf2dc71.js:2
pc @ 9561.4bf2dc71.js:2
el @ 9561.4bf2dc71.js:2
render @ 9561.4bf2dc71.js:2
(匿名) @ main.2faaeed8.js:1
u @ 9561.4bf2dc71.js:2
(匿名) @ 9561.4bf2dc71.js:2
(匿名) @ 9561.4bf2dc71.js:2
r @ 9561.4bf2dc71.js:2
s @ 9561.4bf2dc71.js:2
Promise.then
r @ 9561.4bf2dc71.js:2
s @ 9561.4bf2dc71.js:2
(匿名) @ 9561.4bf2dc71.js:2
(匿名) @ 9561.4bf2dc71.js:2
(匿名) @ main.2faaeed8.js:1
(匿名) @ main.2faaeed8.js:1
u @ 9561.4bf2dc71.js:2
(匿名) @ 9561.4bf2dc71.js:2
(匿名) @ 9561.4bf2dc71.js:2
r @ 9561.4bf2dc71.js:2
s @ 9561.4bf2dc71.js:2
Promise.then
r @ 9561.4bf2dc71.js:2
s @ 9561.4bf2dc71.js:2
Promise.then
r @ 9561.4bf2dc71.js:2
s @ 9561.4bf2dc71.js:2
(匿名) @ 9561.4bf2dc71.js:2
(匿名) @ 9561.4bf2dc71.js:2
49209 @ main.2faaeed8.js:1
n @ main.2faaeed8.js:1
(匿名) @ main.2faaeed8.js:1
n.O @ main.2faaeed8.js:1
(匿名) @ main.2faaeed8.js:1
(匿名) @ main.2faaeed8.js:1
(匿名) @ main.2faaeed8.js:1
(匿名) @ main.2faaeed8.js:1
9561.4bf2dc71.js:2  react-intl-universal key "58983b0d" not defined in zh
warningHandler @ 9561.4bf2dc71.js:2
value @ 9561.4bf2dc71.js:2
p @ 9561.4bf2dc71.js:2
(匿名) @ 5392.a94416b9.chunk.js:1
7945 @ 5392.a94416b9.chunk.js:1
n @ main.2faaeed8.js:1
35392 @ 5392.a94416b9.chunk.js:1
n @ main.2faaeed8.js:1
Promise.then
(匿名) @ main.2faaeed8.js:1
(匿名) @ 9561.4bf2dc71.js:2
Cs @ 9561.4bf2dc71.js:2
wc @ 9561.4bf2dc71.js:2
_c @ 9561.4bf2dc71.js:2
dc @ 9561.4bf2dc71.js:2
(匿名) @ 9561.4bf2dc71.js:2
t.unstable_runWithPriority @ 9561.4bf2dc71.js:2
qo @ 9561.4bf2dc71.js:2
Xo @ 9561.4bf2dc71.js:2
$o @ 9561.4bf2dc71.js:2
ic @ 9561.4bf2dc71.js:2
enqueueSetState @ 9561.4bf2dc71.js:2
b.setState @ 9561.4bf2dc71.js:2
(匿名) @ main.2faaeed8.js:1
u @ 9561.4bf2dc71.js:2
(匿名) @ 9561.4bf2dc71.js:2
(匿名) @ 9561.4bf2dc71.js:2
r @ 9561.4bf2dc71.js:2
s @ 9561.4bf2dc71.js:2
Promise.then
r @ 9561.4bf2dc71.js:2
s @ 9561.4bf2dc71.js:2
(匿名) @ 9561.4bf2dc71.js:2
(匿名) @ 9561.4bf2dc71.js:2
(匿名) @ main.2faaeed8.js:1
za @ 9561.4bf2dc71.js:2
$i @ 9561.4bf2dc71.js:2
Cs @ 9561.4bf2dc71.js:2
wc @ 9561.4bf2dc71.js:2
_c @ 9561.4bf2dc71.js:2
dc @ 9561.4bf2dc71.js:2
ic @ 9561.4bf2dc71.js:2
Gc @ 9561.4bf2dc71.js:2
(匿名) @ 9561.4bf2dc71.js:2
pc @ 9561.4bf2dc71.js:2
el @ 9561.4bf2dc71.js:2
render @ 9561.4bf2dc71.js:2
(匿名) @ main.2faaeed8.js:1
u @ 9561.4bf2dc71.js:2
(匿名) @ 9561.4bf2dc71.js:2
(匿名) @ 9561.4bf2dc71.js:2
r @ 9561.4bf2dc71.js:2
s @ 9561.4bf2dc71.js:2
Promise.then
r @ 9561.4bf2dc71.js:2
s @ 9561.4bf2dc71.js:2
(匿名) @ 9561.4bf2dc71.js:2
(匿名) @ 9561.4bf2dc71.js:2
(匿名) @ main.2faaeed8.js:1
(匿名) @ main.2faaeed8.js:1
u @ 9561.4bf2dc71.js:2
(匿名) @ 9561.4bf2dc71.js:2
(匿名) @ 9561.4bf2dc71.js:2
r @ 9561.4bf2dc71.js:2
s @ 9561.4bf2dc71.js:2
Promise.then
r @ 9561.4bf2dc71.js:2
s @ 9561.4bf2dc71.js:2
Promise.then
r @ 9561.4bf2dc71.js:2
s @ 9561.4bf2dc71.js:2
(匿名) @ 9561.4bf2dc71.js:2
(匿名) @ 9561.4bf2dc71.js:2
49209 @ main.2faaeed8.js:1
n @ main.2faaeed8.js:1
(匿名) @ main.2faaeed8.js:1
n.O @ main.2faaeed8.js:1
(匿名) @ main.2faaeed8.js:1
(匿名) @ main.2faaeed8.js:1
(匿名) @ main.2faaeed8.js:1
(匿名) @ main.2faaeed8.js:1
9561.4bf2dc71.js:2  react-intl-universal key "7746fb87" not defined in zh
warningHandler @ 9561.4bf2dc71.js:2
value @ 9561.4bf2dc71.js:2
p @ 9561.4bf2dc71.js:2
(匿名) @ 5392.a94416b9.chunk.js:1
7945 @ 5392.a94416b9.chunk.js:1
n @ main.2faaeed8.js:1
35392 @ 5392.a94416b9.chunk.js:1
n @ main.2faaeed8.js:1
Promise.then
(匿名) @ main.2faaeed8.js:1
(匿名) @ 9561.4bf2dc71.js:2
Cs @ 9561.4bf2dc71.js:2
wc @ 9561.4bf2dc71.js:2
_c @ 9561.4bf2dc71.js:2
dc @ 9561.4bf2dc71.js:2
(匿名) @ 9561.4bf2dc71.js:2
t.unstable_runWithPriority @ 9561.4bf2dc71.js:2
qo @ 9561.4bf2dc71.js:2
Xo @ 9561.4bf2dc71.js:2
$o @ 9561.4bf2dc71.js:2
ic @ 9561.4bf2dc71.js:2
enqueueSetState @ 9561.4bf2dc71.js:2
b.setState @ 9561.4bf2dc71.js:2
(匿名) @ main.2faaeed8.js:1
u @ 9561.4bf2dc71.js:2
(匿名) @ 9561.4bf2dc71.js:2
(匿名) @ 9561.4bf2dc71.js:2
r @ 9561.4bf2dc71.js:2
s @ 9561.4bf2dc71.js:2
Promise.then
r @ 9561.4bf2dc71.js:2
s @ 9561.4bf2dc71.js:2
(匿名) @ 9561.4bf2dc71.js:2
(匿名) @ 9561.4bf2dc71.js:2
(匿名) @ main.2faaeed8.js:1
za @ 9561.4bf2dc71.js:2
$i @ 9561.4bf2dc71.js:2
Cs @ 9561.4bf2dc71.js:2
wc @ 9561.4bf2dc71.js:2
_c @ 9561.4bf2dc71.js:2
dc @ 9561.4bf2dc71.js:2
ic @ 9561.4bf2dc71.js:2
Gc @ 9561.4bf2dc71.js:2
(匿名) @ 9561.4bf2dc71.js:2
pc @ 9561.4bf2dc71.js:2
el @ 9561.4bf2dc71.js:2
render @ 9561.4bf2dc71.js:2
(匿名) @ main.2faaeed8.js:1
u @ 9561.4bf2dc71.js:2
(匿名) @ 9561.4bf2dc71.js:2
(匿名) @ 9561.4bf2dc71.js:2
r @ 9561.4bf2dc71.js:2
s @ 9561.4bf2dc71.js:2
Promise.then
r @ 9561.4bf2dc71.js:2
s @ 9561.4bf2dc71.js:2
(匿名) @ 9561.4bf2dc71.js:2
(匿名) @ 9561.4bf2dc71.js:2
(匿名) @ main.2faaeed8.js:1
(匿名) @ main.2faaeed8.js:1
u @ 9561.4bf2dc71.js:2
(匿名) @ 9561.4bf2dc71.js:2
(匿名) @ 9561.4bf2dc71.js:2
r @ 9561.4bf2dc71.js:2
s @ 9561.4bf2dc71.js:2
Promise.then
r @ 9561.4bf2dc71.js:2
s @ 9561.4bf2dc71.js:2
Promise.then
r @ 9561.4bf2dc71.js:2
s @ 9561.4bf2dc71.js:2
(匿名) @ 9561.4bf2dc71.js:2
(匿名) @ 9561.4bf2dc71.js:2
49209 @ main.2faaeed8.js:1
n @ main.2faaeed8.js:1
(匿名) @ main.2faaeed8.js:1
n.O @ main.2faaeed8.js:1
(匿名) @ main.2faaeed8.js:1
(匿名) @ main.2faaeed8.js:1
(匿名) @ main.2faaeed8.js:1
(匿名) @ main.2faaeed8.js:1
9561.4bf2dc71.js:2  react-intl-universal key "7746fb87" not defined in zh
warningHandler @ 9561.4bf2dc71.js:2
value @ 9561.4bf2dc71.js:2
p @ 9561.4bf2dc71.js:2
(匿名) @ 5392.a94416b9.chunk.js:1
7945 @ 5392.a94416b9.chunk.js:1
n @ main.2faaeed8.js:1
35392 @ 5392.a94416b9.chunk.js:1
n @ main.2faaeed8.js:1
Promise.then
(匿名) @ main.2faaeed8.js:1
(匿名) @ 9561.4bf2dc71.js:2
Cs @ 9561.4bf2dc71.js:2
wc @ 9561.4bf2dc71.js:2
_c @ 9561.4bf2dc71.js:2
dc @ 9561.4bf2dc71.js:2
(匿名) @ 9561.4bf2dc71.js:2
t.unstable_runWithPriority @ 9561.4bf2dc71.js:2
qo @ 9561.4bf2dc71.js:2
Xo @ 9561.4bf2dc71.js:2
$o @ 9561.4bf2dc71.js:2
ic @ 9561.4bf2dc71.js:2
enqueueSetState @ 9561.4bf2dc71.js:2
b.setState @ 9561.4bf2dc71.js:2
(匿名) @ main.2faaeed8.js:1
u @ 9561.4bf2dc71.js:2
(匿名) @ 9561.4bf2dc71.js:2
(匿名) @ 9561.4bf2dc71.js:2
r @ 9561.4bf2dc71.js:2
s @ 9561.4bf2dc71.js:2
Promise.then
r @ 9561.4bf2dc71.js:2
s @ 9561.4bf2dc71.js:2
(匿名) @ 9561.4bf2dc71.js:2
(匿名) @ 9561.4bf2dc71.js:2
(匿名) @ main.2faaeed8.js:1
za @ 9561.4bf2dc71.js:2
$i @ 9561.4bf2dc71.js:2
Cs @ 9561.4bf2dc71.js:2
wc @ 9561.4bf2dc71.js:2
_c @ 9561.4bf2dc71.js:2
dc @ 9561.4bf2dc71.js:2
ic @ 9561.4bf2dc71.js:2
Gc @ 9561.4bf2dc71.js:2
(匿名) @ 9561.4bf2dc71.js:2
pc @ 9561.4bf2dc71.js:2
el @ 9561.4bf2dc71.js:2
render @ 9561.4bf2dc71.js:2
(匿名) @ main.2faaeed8.js:1
u @ 9561.4bf2dc71.js:2
(匿名) @ 9561.4bf2dc71.js:2
(匿名) @ 9561.4bf2dc71.js:2
r @ 9561.4bf2dc71.js:2
s @ 9561.4bf2dc71.js:2
Promise.then
r @ 9561.4bf2dc71.js:2
s @ 9561.4bf2dc71.js:2
(匿名) @ 9561.4bf2dc71.js:2
(匿名) @ 9561.4bf2dc71.js:2
(匿名) @ main.2faaeed8.js:1
(匿名) @ main.2faaeed8.js:1
u @ 9561.4bf2dc71.js:2
(匿名) @ 9561.4bf2dc71.js:2
(匿名) @ 9561.4bf2dc71.js:2
r @ 9561.4bf2dc71.js:2
s @ 9561.4bf2dc71.js:2
Promise.then
r @ 9561.4bf2dc71.js:2
s @ 9561.4bf2dc71.js:2
Promise.then
r @ 9561.4bf2dc71.js:2
s @ 9561.4bf2dc71.js:2
(匿名) @ 9561.4bf2dc71.js:2
(匿名) @ 9561.4bf2dc71.js:2
49209 @ main.2faaeed8.js:1
n @ main.2faaeed8.js:1
(匿名) @ main.2faaeed8.js:1
n.O @ main.2faaeed8.js:1
(匿名) @ main.2faaeed8.js:1
(匿名) @ main.2faaeed8.js:1
(匿名) @ main.2faaeed8.js:1
(匿名) @ main.2faaeed8.js:1
9561.4bf2dc71.js:2  react-intl-universal key "7bbe8e2f" not defined in zh
warningHandler @ 9561.4bf2dc71.js:2
value @ 9561.4bf2dc71.js:2
p @ 9561.4bf2dc71.js:2
(匿名) @ 5392.a94416b9.chunk.js:1
7945 @ 5392.a94416b9.chunk.js:1
n @ main.2faaeed8.js:1
35392 @ 5392.a94416b9.chunk.js:1
n @ main.2faaeed8.js:1
Promise.then
(匿名) @ main.2faaeed8.js:1
(匿名) @ 9561.4bf2dc71.js:2
Cs @ 9561.4bf2dc71.js:2
wc @ 9561.4bf2dc71.js:2
_c @ 9561.4bf2dc71.js:2
dc @ 9561.4bf2dc71.js:2
(匿名) @ 9561.4bf2dc71.js:2
t.unstable_runWithPriority @ 9561.4bf2dc71.js:2
qo @ 9561.4bf2dc71.js:2
Xo @ 9561.4bf2dc71.js:2
$o @ 9561.4bf2dc71.js:2
ic @ 9561.4bf2dc71.js:2
enqueueSetState @ 9561.4bf2dc71.js:2
b.setState @ 9561.4bf2dc71.js:2
(匿名) @ main.2faaeed8.js:1
u @ 9561.4bf2dc71.js:2
(匿名) @ 9561.4bf2dc71.js:2
(匿名) @ 9561.4bf2dc71.js:2
r @ 9561.4bf2dc71.js:2
s @ 9561.4bf2dc71.js:2
Promise.then
r @ 9561.4bf2dc71.js:2
s @ 9561.4bf2dc71.js:2
(匿名) @ 9561.4bf2dc71.js:2
(匿名) @ 9561.4bf2dc71.js:2
(匿名) @ main.2faaeed8.js:1
za @ 9561.4bf2dc71.js:2
$i @ 9561.4bf2dc71.js:2
Cs @ 9561.4bf2dc71.js:2
wc @ 9561.4bf2dc71.js:2
_c @ 9561.4bf2dc71.js:2
dc @ 9561.4bf2dc71.js:2
ic @ 9561.4bf2dc71.js:2
Gc @ 9561.4bf2dc71.js:2
(匿名) @ 9561.4bf2dc71.js:2
pc @ 9561.4bf2dc71.js:2
el @ 9561.4bf2dc71.js:2
render @ 9561.4bf2dc71.js:2
(匿名) @ main.2faaeed8.js:1
u @ 9561.4bf2dc71.js:2
(匿名) @ 9561.4bf2dc71.js:2
(匿名) @ 9561.4bf2dc71.js:2
r @ 9561.4bf2dc71.js:2
s @ 9561.4bf2dc71.js:2
Promise.then
r @ 9561.4bf2dc71.js:2
s @ 9561.4bf2dc71.js:2
(匿名) @ 9561.4bf2dc71.js:2
(匿名) @ 9561.4bf2dc71.js:2
(匿名) @ main.2faaeed8.js:1
(匿名) @ main.2faaeed8.js:1
u @ 9561.4bf2dc71.js:2
(匿名) @ 9561.4bf2dc71.js:2
(匿名) @ 9561.4bf2dc71.js:2
r @ 9561.4bf2dc71.js:2
s @ 9561.4bf2dc71.js:2
Promise.then
r @ 9561.4bf2dc71.js:2
s @ 9561.4bf2dc71.js:2
Promise.then
r @ 9561.4bf2dc71.js:2
s @ 9561.4bf2dc71.js:2
(匿名) @ 9561.4bf2dc71.js:2
(匿名) @ 9561.4bf2dc71.js:2
49209 @ main.2faaeed8.js:1
n @ main.2faaeed8.js:1
(匿名) @ main.2faaeed8.js:1
n.O @ main.2faaeed8.js:1
(匿名) @ main.2faaeed8.js:1
(匿名) @ main.2faaeed8.js:1
(匿名) @ main.2faaeed8.js:1
(匿名) @ main.2faaeed8.js:1
9561.4bf2dc71.js:2  react-intl-universal key "7bbe8e2f" not defined in zh
warningHandler @ 9561.4bf2dc71.js:2
value @ 9561.4bf2dc71.js:2
p @ 9561.4bf2dc71.js:2
(匿名) @ 5392.a94416b9.chunk.js:1
7945 @ 5392.a94416b9.chunk.js:1
n @ main.2faaeed8.js:1
35392 @ 5392.a94416b9.chunk.js:1
n @ main.2faaeed8.js:1
Promise.then
(匿名) @ main.2faaeed8.js:1
(匿名) @ 9561.4bf2dc71.js:2
Cs @ 9561.4bf2dc71.js:2
wc @ 9561.4bf2dc71.js:2
_c @ 9561.4bf2dc71.js:2
dc @ 9561.4bf2dc71.js:2
(匿名) @ 9561.4bf2dc71.js:2
t.unstable_runWithPriority @ 9561.4bf2dc71.js:2
qo @ 9561.4bf2dc71.js:2
Xo @ 9561.4bf2dc71.js:2
$o @ 9561.4bf2dc71.js:2
ic @ 9561.4bf2dc71.js:2
enqueueSetState @ 9561.4bf2dc71.js:2
b.setState @ 9561.4bf2dc71.js:2
(匿名) @ main.2faaeed8.js:1
u @ 9561.4bf2dc71.js:2
(匿名) @ 9561.4bf2dc71.js:2
(匿名) @ 9561.4bf2dc71.js:2
r @ 9561.4bf2dc71.js:2
s @ 9561.4bf2dc71.js:2
Promise.then
r @ 9561.4bf2dc71.js:2
s @ 9561.4bf2dc71.js:2
(匿名) @ 9561.4bf2dc71.js:2
(匿名) @ 9561.4bf2dc71.js:2
(匿名) @ main.2faaeed8.js:1
za @ 9561.4bf2dc71.js:2
$i @ 9561.4bf2dc71.js:2
Cs @ 9561.4bf2dc71.js:2
wc @ 9561.4bf2dc71.js:2
_c @ 9561.4bf2dc71.js:2
dc @ 9561.4bf2dc71.js:2
ic @ 9561.4bf2dc71.js:2
Gc @ 9561.4bf2dc71.js:2
(匿名) @ 9561.4bf2dc71.js:2
pc @ 9561.4bf2dc71.js:2
el @ 9561.4bf2dc71.js:2
render @ 9561.4bf2dc71.js:2
(匿名) @ main.2faaeed8.js:1
u @ 9561.4bf2dc71.js:2
(匿名) @ 9561.4bf2dc71.js:2
(匿名) @ 9561.4bf2dc71.js:2
r @ 9561.4bf2dc71.js:2
s @ 9561.4bf2dc71.js:2
Promise.then
r @ 9561.4bf2dc71.js:2
s @ 9561.4bf2dc71.js:2
(匿名) @ 9561.4bf2dc71.js:2
(匿名) @ 9561.4bf2dc71.js:2
(匿名) @ main.2faaeed8.js:1
(匿名) @ main.2faaeed8.js:1
u @ 9561.4bf2dc71.js:2
(匿名) @ 9561.4bf2dc71.js:2
(匿名) @ 9561.4bf2dc71.js:2
r @ 9561.4bf2dc71.js:2
s @ 9561.4bf2dc71.js:2
Promise.then
r @ 9561.4bf2dc71.js:2
s @ 9561.4bf2dc71.js:2
Promise.then
r @ 9561.4bf2dc71.js:2
s @ 9561.4bf2dc71.js:2
(匿名) @ 9561.4bf2dc71.js:2
(匿名) @ 9561.4bf2dc71.js:2
49209 @ main.2faaeed8.js:1
n @ main.2faaeed8.js:1
(匿名) @ main.2faaeed8.js:1
n.O @ main.2faaeed8.js:1
(匿名) @ main.2faaeed8.js:1
(匿名) @ main.2faaeed8.js:1
(匿名) @ main.2faaeed8.js:1
(匿名) @ main.2faaeed8.js:1
9561.4bf2dc71.js:2  react-intl-universal key "33f52504" not defined in zh
warningHandler @ 9561.4bf2dc71.js:2
value @ 9561.4bf2dc71.js:2
p @ 9561.4bf2dc71.js:2
(匿名) @ 5392.a94416b9.chunk.js:1
7945 @ 5392.a94416b9.chunk.js:1
n @ main.2faaeed8.js:1
35392 @ 5392.a94416b9.chunk.js:1
n @ main.2faaeed8.js:1
Promise.then
(匿名) @ main.2faaeed8.js:1
(匿名) @ 9561.4bf2dc71.js:2
Cs @ 9561.4bf2dc71.js:2
wc @ 9561.4bf2dc71.js:2
_c @ 9561.4bf2dc71.js:2
dc @ 9561.4bf2dc71.js:2
(匿名) @ 9561.4bf2dc71.js:2
t.unstable_runWithPriority @ 9561.4bf2dc71.js:2
qo @ 9561.4bf2dc71.js:2
Xo @ 9561.4bf2dc71.js:2
$o @ 9561.4bf2dc71.js:2
ic @ 9561.4bf2dc71.js:2
enqueueSetState @ 9561.4bf2dc71.js:2
b.setState @ 9561.4bf2dc71.js:2
(匿名) @ main.2faaeed8.js:1
u @ 9561.4bf2dc71.js:2
(匿名) @ 9561.4bf2dc71.js:2
(匿名) @ 9561.4bf2dc71.js:2
r @ 9561.4bf2dc71.js:2
s @ 9561.4bf2dc71.js:2
Promise.then
r @ 9561.4bf2dc71.js:2
s @ 9561.4bf2dc71.js:2
(匿名) @ 9561.4bf2dc71.js:2
(匿名) @ 9561.4bf2dc71.js:2
(匿名) @ main.2faaeed8.js:1
za @ 9561.4bf2dc71.js:2
$i @ 9561.4bf2dc71.js:2
Cs @ 9561.4bf2dc71.js:2
wc @ 9561.4bf2dc71.js:2
_c @ 9561.4bf2dc71.js:2
dc @ 9561.4bf2dc71.js:2
ic @ 9561.4bf2dc71.js:2
Gc @ 9561.4bf2dc71.js:2
(匿名) @ 9561.4bf2dc71.js:2
pc @ 9561.4bf2dc71.js:2
el @ 9561.4bf2dc71.js:2
render @ 9561.4bf2dc71.js:2
(匿名) @ main.2faaeed8.js:1
u @ 9561.4bf2dc71.js:2
(匿名) @ 9561.4bf2dc71.js:2
(匿名) @ 9561.4bf2dc71.js:2
r @ 9561.4bf2dc71.js:2
s @ 9561.4bf2dc71.js:2
Promise.then
r @ 9561.4bf2dc71.js:2
s @ 9561.4bf2dc71.js:2
(匿名) @ 9561.4bf2dc71.js:2
(匿名) @ 9561.4bf2dc71.js:2
(匿名) @ main.2faaeed8.js:1
(匿名) @ main.2faaeed8.js:1
u @ 9561.4bf2dc71.js:2
(匿名) @ 9561.4bf2dc71.js:2
(匿名) @ 9561.4bf2dc71.js:2
r @ 9561.4bf2dc71.js:2
s @ 9561.4bf2dc71.js:2
Promise.then
r @ 9561.4bf2dc71.js:2
s @ 9561.4bf2dc71.js:2
Promise.then
r @ 9561.4bf2dc71.js:2
s @ 9561.4bf2dc71.js:2
(匿名) @ 9561.4bf2dc71.js:2
(匿名) @ 9561.4bf2dc71.js:2
49209 @ main.2faaeed8.js:1
n @ main.2faaeed8.js:1
(匿名) @ main.2faaeed8.js:1
n.O @ main.2faaeed8.js:1
(匿名) @ main.2faaeed8.js:1
(匿名) @ main.2faaeed8.js:1
(匿名) @ main.2faaeed8.js:1
(匿名) @ main.2faaeed8.js:1
9561.4bf2dc71.js:2  react-intl-universal key "33f52504" not defined in zh
warningHandler @ 9561.4bf2dc71.js:2
value @ 9561.4bf2dc71.js:2
p @ 9561.4bf2dc71.js:2
(匿名) @ 5392.a94416b9.chunk.js:1
7945 @ 5392.a94416b9.chunk.js:1
n @ main.2faaeed8.js:1
35392 @ 5392.a94416b9.chunk.js:1
n @ main.2faaeed8.js:1
Promise.then
(匿名) @ main.2faaeed8.js:1
(匿名) @ 9561.4bf2dc71.js:2
Cs @ 9561.4bf2dc71.js:2
wc @ 9561.4bf2dc71.js:2
_c @ 9561.4bf2dc71.js:2
dc @ 9561.4bf2dc71.js:2
(匿名) @ 9561.4bf2dc71.js:2
t.unstable_runWithPriority @ 9561.4bf2dc71.js:2
qo @ 9561.4bf2dc71.js:2
Xo @ 9561.4bf2dc71.js:2
$o @ 9561.4bf2dc71.js:2
ic @ 9561.4bf2dc71.js:2
enqueueSetState @ 9561.4bf2dc71.js:2
b.setState @ 9561.4bf2dc71.js:2
(匿名) @ main.2faaeed8.js:1
u @ 9561.4bf2dc71.js:2
(匿名) @ 9561.4bf2dc71.js:2
(匿名) @ 9561.4bf2dc71.js:2
r @ 9561.4bf2dc71.js:2
s @ 9561.4bf2dc71.js:2
Promise.then
r @ 9561.4bf2dc71.js:2
s @ 9561.4bf2dc71.js:2
(匿名) @ 9561.4bf2dc71.js:2
(匿名) @ 9561.4bf2dc71.js:2
(匿名) @ main.2faaeed8.js:1
za @ 9561.4bf2dc71.js:2
$i @ 9561.4bf2dc71.js:2
Cs @ 9561.4bf2dc71.js:2
wc @ 9561.4bf2dc71.js:2
_c @ 9561.4bf2dc71.js:2
dc @ 9561.4bf2dc71.js:2
ic @ 9561.4bf2dc71.js:2
Gc @ 9561.4bf2dc71.js:2
(匿名) @ 9561.4bf2dc71.js:2
pc @ 9561.4bf2dc71.js:2
el @ 9561.4bf2dc71.js:2
render @ 9561.4bf2dc71.js:2
(匿名) @ main.2faaeed8.js:1
u @ 9561.4bf2dc71.js:2
(匿名) @ 9561.4bf2dc71.js:2
(匿名) @ 9561.4bf2dc71.js:2
r @ 9561.4bf2dc71.js:2
s @ 9561.4bf2dc71.js:2
Promise.then
r @ 9561.4bf2dc71.js:2
s @ 9561.4bf2dc71.js:2
(匿名) @ 9561.4bf2dc71.js:2
(匿名) @ 9561.4bf2dc71.js:2
(匿名) @ main.2faaeed8.js:1
(匿名) @ main.2faaeed8.js:1
u @ 9561.4bf2dc71.js:2
(匿名) @ 9561.4bf2dc71.js:2
(匿名) @ 9561.4bf2dc71.js:2
r @ 9561.4bf2dc71.js:2
s @ 9561.4bf2dc71.js:2
Promise.then
r @ 9561.4bf2dc71.js:2
s @ 9561.4bf2dc71.js:2
Promise.then
r @ 9561.4bf2dc71.js:2
s @ 9561.4bf2dc71.js:2
(匿名) @ 9561.4bf2dc71.js:2
(匿名) @ 9561.4bf2dc71.js:2
49209 @ main.2faaeed8.js:1
n @ main.2faaeed8.js:1
(匿名) @ main.2faaeed8.js:1
n.O @ main.2faaeed8.js:1
(匿名) @ main.2faaeed8.js:1
(匿名) @ main.2faaeed8.js:1
(匿名) @ main.2faaeed8.js:1
(匿名) @ main.2faaeed8.js:1
9561.4bf2dc71.js:2  react-intl-universal key "e009903f" not defined in zh
warningHandler @ 9561.4bf2dc71.js:2
value @ 9561.4bf2dc71.js:2
p @ 9561.4bf2dc71.js:2
(匿名) @ 5392.a94416b9.chunk.js:1
7945 @ 5392.a94416b9.chunk.js:1
n @ main.2faaeed8.js:1
35392 @ 5392.a94416b9.chunk.js:1
n @ main.2faaeed8.js:1
Promise.then
(匿名) @ main.2faaeed8.js:1
(匿名) @ 9561.4bf2dc71.js:2
Cs @ 9561.4bf2dc71.js:2
wc @ 9561.4bf2dc71.js:2
_c @ 9561.4bf2dc71.js:2
dc @ 9561.4bf2dc71.js:2
(匿名) @ 9561.4bf2dc71.js:2
t.unstable_runWithPriority @ 9561.4bf2dc71.js:2
qo @ 9561.4bf2dc71.js:2
Xo @ 9561.4bf2dc71.js:2
$o @ 9561.4bf2dc71.js:2
ic @ 9561.4bf2dc71.js:2
enqueueSetState @ 9561.4bf2dc71.js:2
b.setState @ 9561.4bf2dc71.js:2
(匿名) @ main.2faaeed8.js:1
u @ 9561.4bf2dc71.js:2
(匿名) @ 9561.4bf2dc71.js:2
(匿名) @ 9561.4bf2dc71.js:2
r @ 9561.4bf2dc71.js:2
s @ 9561.4bf2dc71.js:2
Promise.then
r @ 9561.4bf2dc71.js:2
s @ 9561.4bf2dc71.js:2
(匿名) @ 9561.4bf2dc71.js:2
(匿名) @ 9561.4bf2dc71.js:2
(匿名) @ main.2faaeed8.js:1
za @ 9561.4bf2dc71.js:2
$i @ 9561.4bf2dc71.js:2
Cs @ 9561.4bf2dc71.js:2
wc @ 9561.4bf2dc71.js:2
_c @ 9561.4bf2dc71.js:2
dc @ 9561.4bf2dc71.js:2
ic @ 9561.4bf2dc71.js:2
Gc @ 9561.4bf2dc71.js:2
(匿名) @ 9561.4bf2dc71.js:2
pc @ 9561.4bf2dc71.js:2
el @ 9561.4bf2dc71.js:2
render @ 9561.4bf2dc71.js:2
(匿名) @ main.2faaeed8.js:1
u @ 9561.4bf2dc71.js:2
(匿名) @ 9561.4bf2dc71.js:2
(匿名) @ 9561.4bf2dc71.js:2
r @ 9561.4bf2dc71.js:2
s @ 9561.4bf2dc71.js:2
Promise.then
r @ 9561.4bf2dc71.js:2
s @ 9561.4bf2dc71.js:2
(匿名) @ 9561.4bf2dc71.js:2
(匿名) @ 9561.4bf2dc71.js:2
(匿名) @ main.2faaeed8.js:1
(匿名) @ main.2faaeed8.js:1
u @ 9561.4bf2dc71.js:2
(匿名) @ 9561.4bf2dc71.js:2
(匿名) @ 9561.4bf2dc71.js:2
r @ 9561.4bf2dc71.js:2
s @ 9561.4bf2dc71.js:2
Promise.then
r @ 9561.4bf2dc71.js:2
s @ 9561.4bf2dc71.js:2
Promise.then
r @ 9561.4bf2dc71.js:2
s @ 9561.4bf2dc71.js:2
(匿名) @ 9561.4bf2dc71.js:2
(匿名) @ 9561.4bf2dc71.js:2
49209 @ main.2faaeed8.js:1
n @ main.2faaeed8.js:1
(匿名) @ main.2faaeed8.js:1
n.O @ main.2faaeed8.js:1
(匿名) @ main.2faaeed8.js:1
(匿名) @ main.2faaeed8.js:1
(匿名) @ main.2faaeed8.js:1
(匿名) @ main.2faaeed8.js:1
9561.4bf2dc71.js:2  react-intl-universal key "e009903f" not defined in zh
warningHandler @ 9561.4bf2dc71.js:2
value @ 9561.4bf2dc71.js:2
p @ 9561.4bf2dc71.js:2
(匿名) @ 5392.a94416b9.chunk.js:1
7945 @ 5392.a94416b9.chunk.js:1
n @ main.2faaeed8.js:1
35392 @ 5392.a94416b9.chunk.js:1
n @ main.2faaeed8.js:1
Promise.then
(匿名) @ main.2faaeed8.js:1
(匿名) @ 9561.4bf2dc71.js:2
Cs @ 9561.4bf2dc71.js:2
wc @ 9561.4bf2dc71.js:2
_c @ 9561.4bf2dc71.js:2
dc @ 9561.4bf2dc71.js:2
(匿名) @ 9561.4bf2dc71.js:2
t.unstable_runWithPriority @ 9561.4bf2dc71.js:2
qo @ 9561.4bf2dc71.js:2
Xo @ 9561.4bf2dc71.js:2
$o @ 9561.4bf2dc71.js:2
ic @ 9561.4bf2dc71.js:2
enqueueSetState @ 9561.4bf2dc71.js:2
b.setState @ 9561.4bf2dc71.js:2
(匿名) @ main.2faaeed8.js:1
u @ 9561.4bf2dc71.js:2
(匿名) @ 9561.4bf2dc71.js:2
(匿名) @ 9561.4bf2dc71.js:2
r @ 9561.4bf2dc71.js:2
s @ 9561.4bf2dc71.js:2
Promise.then
r @ 9561.4bf2dc71.js:2
s @ 9561.4bf2dc71.js:2
(匿名) @ 9561.4bf2dc71.js:2
(匿名) @ 9561.4bf2dc71.js:2
(匿名) @ main.2faaeed8.js:1
za @ 9561.4bf2dc71.js:2
$i @ 9561.4bf2dc71.js:2
Cs @ 9561.4bf2dc71.js:2
wc @ 9561.4bf2dc71.js:2
_c @ 9561.4bf2dc71.js:2
dc @ 9561.4bf2dc71.js:2
ic @ 9561.4bf2dc71.js:2
Gc @ 9561.4bf2dc71.js:2
(匿名) @ 9561.4bf2dc71.js:2
pc @ 9561.4bf2dc71.js:2
el @ 9561.4bf2dc71.js:2
render @ 9561.4bf2dc71.js:2
(匿名) @ main.2faaeed8.js:1
u @ 9561.4bf2dc71.js:2
(匿名) @ 9561.4bf2dc71.js:2
(匿名) @ 9561.4bf2dc71.js:2
r @ 9561.4bf2dc71.js:2
s @ 9561.4bf2dc71.js:2
Promise.then
r @ 9561.4bf2dc71.js:2
s @ 9561.4bf2dc71.js:2
(匿名) @ 9561.4bf2dc71.js:2
(匿名) @ 9561.4bf2dc71.js:2
(匿名) @ main.2faaeed8.js:1
(匿名) @ main.2faaeed8.js:1
u @ 9561.4bf2dc71.js:2
(匿名) @ 9561.4bf2dc71.js:2
(匿名) @ 9561.4bf2dc71.js:2
r @ 9561.4bf2dc71.js:2
s @ 9561.4bf2dc71.js:2
Promise.then
r @ 9561.4bf2dc71.js:2
s @ 9561.4bf2dc71.js:2
Promise.then
r @ 9561.4bf2dc71.js:2
s @ 9561.4bf2dc71.js:2
(匿名) @ 9561.4bf2dc71.js:2
(匿名) @ 9561.4bf2dc71.js:2
49209 @ main.2faaeed8.js:1
n @ main.2faaeed8.js:1
(匿名) @ main.2faaeed8.js:1
n.O @ main.2faaeed8.js:1
(匿名) @ main.2faaeed8.js:1
(匿名) @ main.2faaeed8.js:1
(匿名) @ main.2faaeed8.js:1
(匿名) @ main.2faaeed8.js:1
9561.4bf2dc71.js:2  react-intl-universal key "70b938cf" not defined in zh
warningHandler @ 9561.4bf2dc71.js:2
value @ 9561.4bf2dc71.js:2
p @ 9561.4bf2dc71.js:2
(匿名) @ 5392.a94416b9.chunk.js:1
7945 @ 5392.a94416b9.chunk.js:1
n @ main.2faaeed8.js:1
35392 @ 5392.a94416b9.chunk.js:1
n @ main.2faaeed8.js:1
Promise.then
(匿名) @ main.2faaeed8.js:1
(匿名) @ 9561.4bf2dc71.js:2
Cs @ 9561.4bf2dc71.js:2
wc @ 9561.4bf2dc71.js:2
_c @ 9561.4bf2dc71.js:2
dc @ 9561.4bf2dc71.js:2
(匿名) @ 9561.4bf2dc71.js:2
t.unstable_runWithPriority @ 9561.4bf2dc71.js:2
qo @ 9561.4bf2dc71.js:2
Xo @ 9561.4bf2dc71.js:2
$o @ 9561.4bf2dc71.js:2
ic @ 9561.4bf2dc71.js:2
enqueueSetState @ 9561.4bf2dc71.js:2
b.setState @ 9561.4bf2dc71.js:2
(匿名) @ main.2faaeed8.js:1
u @ 9561.4bf2dc71.js:2
(匿名) @ 9561.4bf2dc71.js:2
(匿名) @ 9561.4bf2dc71.js:2
r @ 9561.4bf2dc71.js:2
s @ 9561.4bf2dc71.js:2
Promise.then
r @ 9561.4bf2dc71.js:2
s @ 9561.4bf2dc71.js:2
(匿名) @ 9561.4bf2dc71.js:2
(匿名) @ 9561.4bf2dc71.js:2
(匿名) @ main.2faaeed8.js:1
za @ 9561.4bf2dc71.js:2
$i @ 9561.4bf2dc71.js:2
Cs @ 9561.4bf2dc71.js:2
wc @ 9561.4bf2dc71.js:2
_c @ 9561.4bf2dc71.js:2
dc @ 9561.4bf2dc71.js:2
ic @ 9561.4bf2dc71.js:2
Gc @ 9561.4bf2dc71.js:2
(匿名) @ 9561.4bf2dc71.js:2
pc @ 9561.4bf2dc71.js:2
el @ 9561.4bf2dc71.js:2
render @ 9561.4bf2dc71.js:2
(匿名) @ main.2faaeed8.js:1
u @ 9561.4bf2dc71.js:2
(匿名) @ 9561.4bf2dc71.js:2
(匿名) @ 9561.4bf2dc71.js:2
r @ 9561.4bf2dc71.js:2
s @ 9561.4bf2dc71.js:2
Promise.then
r @ 9561.4bf2dc71.js:2
s @ 9561.4bf2dc71.js:2
(匿名) @ 9561.4bf2dc71.js:2
(匿名) @ 9561.4bf2dc71.js:2
(匿名) @ main.2faaeed8.js:1
(匿名) @ main.2faaeed8.js:1
u @ 9561.4bf2dc71.js:2
(匿名) @ 9561.4bf2dc71.js:2
(匿名) @ 9561.4bf2dc71.js:2
r @ 9561.4bf2dc71.js:2
s @ 9561.4bf2dc71.js:2
Promise.then
r @ 9561.4bf2dc71.js:2
s @ 9561.4bf2dc71.js:2
Promise.then
r @ 9561.4bf2dc71.js:2
s @ 9561.4bf2dc71.js:2
(匿名) @ 9561.4bf2dc71.js:2
(匿名) @ 9561.4bf2dc71.js:2
49209 @ main.2faaeed8.js:1
n @ main.2faaeed8.js:1
(匿名) @ main.2faaeed8.js:1
n.O @ main.2faaeed8.js:1
(匿名) @ main.2faaeed8.js:1
(匿名) @ main.2faaeed8.js:1
(匿名) @ main.2faaeed8.js:1
(匿名) @ main.2faaeed8.js:1
9561.4bf2dc71.js:2  react-intl-universal key "70b938cf" not defined in zh
warningHandler @ 9561.4bf2dc71.js:2
value @ 9561.4bf2dc71.js:2
p @ 9561.4bf2dc71.js:2
(匿名) @ 5392.a94416b9.chunk.js:1
7945 @ 5392.a94416b9.chunk.js:1
n @ main.2faaeed8.js:1
35392 @ 5392.a94416b9.chunk.js:1
n @ main.2faaeed8.js:1
Promise.then
(匿名) @ main.2faaeed8.js:1
(匿名) @ 9561.4bf2dc71.js:2
Cs @ 9561.4bf2dc71.js:2
wc @ 9561.4bf2dc71.js:2
_c @ 9561.4bf2dc71.js:2
dc @ 9561.4bf2dc71.js:2
(匿名) @ 9561.4bf2dc71.js:2
t.unstable_runWithPriority @ 9561.4bf2dc71.js:2
qo @ 9561.4bf2dc71.js:2
Xo @ 9561.4bf2dc71.js:2
$o @ 9561.4bf2dc71.js:2
ic @ 9561.4bf2dc71.js:2
enqueueSetState @ 9561.4bf2dc71.js:2
b.setState @ 9561.4bf2dc71.js:2
(匿名) @ main.2faaeed8.js:1
u @ 9561.4bf2dc71.js:2
(匿名) @ 9561.4bf2dc71.js:2
(匿名) @ 9561.4bf2dc71.js:2
r @ 9561.4bf2dc71.js:2
s @ 9561.4bf2dc71.js:2
Promise.then
r @ 9561.4bf2dc71.js:2
s @ 9561.4bf2dc71.js:2
(匿名) @ 9561.4bf2dc71.js:2
(匿名) @ 9561.4bf2dc71.js:2
(匿名) @ main.2faaeed8.js:1
za @ 9561.4bf2dc71.js:2
$i @ 9561.4bf2dc71.js:2
Cs @ 9561.4bf2dc71.js:2
wc @ 9561.4bf2dc71.js:2
_c @ 9561.4bf2dc71.js:2
dc @ 9561.4bf2dc71.js:2
ic @ 9561.4bf2dc71.js:2
Gc @ 9561.4bf2dc71.js:2
(匿名) @ 9561.4bf2dc71.js:2
pc @ 9561.4bf2dc71.js:2
el @ 9561.4bf2dc71.js:2
render @ 9561.4bf2dc71.js:2
(匿名) @ main.2faaeed8.js:1
u @ 9561.4bf2dc71.js:2
(匿名) @ 9561.4bf2dc71.js:2
(匿名) @ 9561.4bf2dc71.js:2
r @ 9561.4bf2dc71.js:2
s @ 9561.4bf2dc71.js:2
Promise.then
r @ 9561.4bf2dc71.js:2
s @ 9561.4bf2dc71.js:2
(匿名) @ 9561.4bf2dc71.js:2
(匿名) @ 9561.4bf2dc71.js:2
(匿名) @ main.2faaeed8.js:1
(匿名) @ main.2faaeed8.js:1
u @ 9561.4bf2dc71.js:2
(匿名) @ 9561.4bf2dc71.js:2
(匿名) @ 9561.4bf2dc71.js:2
r @ 9561.4bf2dc71.js:2
s @ 9561.4bf2dc71.js:2
Promise.then
r @ 9561.4bf2dc71.js:2
s @ 9561.4bf2dc71.js:2
Promise.then
r @ 9561.4bf2dc71.js:2
s @ 9561.4bf2dc71.js:2
(匿名) @ 9561.4bf2dc71.js:2
(匿名) @ 9561.4bf2dc71.js:2
49209 @ main.2faaeed8.js:1
n @ main.2faaeed8.js:1
(匿名) @ main.2faaeed8.js:1
n.O @ main.2faaeed8.js:1
(匿名) @ main.2faaeed8.js:1
(匿名) @ main.2faaeed8.js:1
(匿名) @ main.2faaeed8.js:1
(匿名) @ main.2faaeed8.js:1
9561.4bf2dc71.js:2  react-intl-universal key "10454e2f" not defined in zh
warningHandler @ 9561.4bf2dc71.js:2
value @ 9561.4bf2dc71.js:2
p @ 9561.4bf2dc71.js:2
(匿名) @ 5392.a94416b9.chunk.js:1
7945 @ 5392.a94416b9.chunk.js:1
n @ main.2faaeed8.js:1
35392 @ 5392.a94416b9.chunk.js:1
n @ main.2faaeed8.js:1
Promise.then
(匿名) @ main.2faaeed8.js:1
(匿名) @ 9561.4bf2dc71.js:2
Cs @ 9561.4bf2dc71.js:2
wc @ 9561.4bf2dc71.js:2
_c @ 9561.4bf2dc71.js:2
dc @ 9561.4bf2dc71.js:2
(匿名) @ 9561.4bf2dc71.js:2
t.unstable_runWithPriority @ 9561.4bf2dc71.js:2
qo @ 9561.4bf2dc71.js:2
Xo @ 9561.4bf2dc71.js:2
$o @ 9561.4bf2dc71.js:2
ic @ 9561.4bf2dc71.js:2
enqueueSetState @ 9561.4bf2dc71.js:2
b.setState @ 9561.4bf2dc71.js:2
(匿名) @ main.2faaeed8.js:1
u @ 9561.4bf2dc71.js:2
(匿名) @ 9561.4bf2dc71.js:2
(匿名) @ 9561.4bf2dc71.js:2
r @ 9561.4bf2dc71.js:2
s @ 9561.4bf2dc71.js:2
Promise.then
r @ 9561.4bf2dc71.js:2
s @ 9561.4bf2dc71.js:2
(匿名) @ 9561.4bf2dc71.js:2
(匿名) @ 9561.4bf2dc71.js:2
(匿名) @ main.2faaeed8.js:1
za @ 9561.4bf2dc71.js:2
$i @ 9561.4bf2dc71.js:2
Cs @ 9561.4bf2dc71.js:2
wc @ 9561.4bf2dc71.js:2
_c @ 9561.4bf2dc71.js:2
dc @ 9561.4bf2dc71.js:2
ic @ 9561.4bf2dc71.js:2
Gc @ 9561.4bf2dc71.js:2
(匿名) @ 9561.4bf2dc71.js:2
pc @ 9561.4bf2dc71.js:2
el @ 9561.4bf2dc71.js:2
render @ 9561.4bf2dc71.js:2
(匿名) @ main.2faaeed8.js:1
u @ 9561.4bf2dc71.js:2
(匿名) @ 9561.4bf2dc71.js:2
(匿名) @ 9561.4bf2dc71.js:2
r @ 9561.4bf2dc71.js:2
s @ 9561.4bf2dc71.js:2
Promise.then
r @ 9561.4bf2dc71.js:2
s @ 9561.4bf2dc71.js:2
(匿名) @ 9561.4bf2dc71.js:2
(匿名) @ 9561.4bf2dc71.js:2
(匿名) @ main.2faaeed8.js:1
(匿名) @ main.2faaeed8.js:1
u @ 9561.4bf2dc71.js:2
(匿名) @ 9561.4bf2dc71.js:2
(匿名) @ 9561.4bf2dc71.js:2
r @ 9561.4bf2dc71.js:2
s @ 9561.4bf2dc71.js:2
Promise.then
r @ 9561.4bf2dc71.js:2
s @ 9561.4bf2dc71.js:2
Promise.then
r @ 9561.4bf2dc71.js:2
s @ 9561.4bf2dc71.js:2
(匿名) @ 9561.4bf2dc71.js:2
(匿名) @ 9561.4bf2dc71.js:2
49209 @ main.2faaeed8.js:1
n @ main.2faaeed8.js:1
(匿名) @ main.2faaeed8.js:1
n.O @ main.2faaeed8.js:1
(匿名) @ main.2faaeed8.js:1
(匿名) @ main.2faaeed8.js:1
(匿名) @ main.2faaeed8.js:1
(匿名) @ main.2faaeed8.js:1
9561.4bf2dc71.js:2  react-intl-universal key "10454e2f" not defined in zh
warningHandler @ 9561.4bf2dc71.js:2
value @ 9561.4bf2dc71.js:2
p @ 9561.4bf2dc71.js:2
(匿名) @ 5392.a94416b9.chunk.js:1
7945 @ 5392.a94416b9.chunk.js:1
n @ main.2faaeed8.js:1
35392 @ 5392.a94416b9.chunk.js:1
n @ main.2faaeed8.js:1
Promise.then
(匿名) @ main.2faaeed8.js:1
(匿名) @ 9561.4bf2dc71.js:2
Cs @ 9561.4bf2dc71.js:2
wc @ 9561.4bf2dc71.js:2
_c @ 9561.4bf2dc71.js:2
dc @ 9561.4bf2dc71.js:2
(匿名) @ 9561.4bf2dc71.js:2
t.unstable_runWithPriority @ 9561.4bf2dc71.js:2
qo @ 9561.4bf2dc71.js:2
Xo @ 9561.4bf2dc71.js:2
$o @ 9561.4bf2dc71.js:2
ic @ 9561.4bf2dc71.js:2
enqueueSetState @ 9561.4bf2dc71.js:2
b.setState @ 9561.4bf2dc71.js:2
(匿名) @ main.2faaeed8.js:1
u @ 9561.4bf2dc71.js:2
(匿名) @ 9561.4bf2dc71.js:2
(匿名) @ 9561.4bf2dc71.js:2
r @ 9561.4bf2dc71.js:2
s @ 9561.4bf2dc71.js:2
Promise.then
r @ 9561.4bf2dc71.js:2
s @ 9561.4bf2dc71.js:2
(匿名) @ 9561.4bf2dc71.js:2
(匿名) @ 9561.4bf2dc71.js:2
(匿名) @ main.2faaeed8.js:1
za @ 9561.4bf2dc71.js:2
$i @ 9561.4bf2dc71.js:2
Cs @ 9561.4bf2dc71.js:2
wc @ 9561.4bf2dc71.js:2
_c @ 9561.4bf2dc71.js:2
dc @ 9561.4bf2dc71.js:2
ic @ 9561.4bf2dc71.js:2
Gc @ 9561.4bf2dc71.js:2
(匿名) @ 9561.4bf2dc71.js:2
pc @ 9561.4bf2dc71.js:2
el @ 9561.4bf2dc71.js:2
render @ 9561.4bf2dc71.js:2
(匿名) @ main.2faaeed8.js:1
u @ 9561.4bf2dc71.js:2
(匿名) @ 9561.4bf2dc71.js:2
(匿名) @ 9561.4bf2dc71.js:2
r @ 9561.4bf2dc71.js:2
s @ 9561.4bf2dc71.js:2
Promise.then
r @ 9561.4bf2dc71.js:2
s @ 9561.4bf2dc71.js:2
(匿名) @ 9561.4bf2dc71.js:2
(匿名) @ 9561.4bf2dc71.js:2
(匿名) @ main.2faaeed8.js:1
(匿名) @ main.2faaeed8.js:1
u @ 9561.4bf2dc71.js:2
(匿名) @ 9561.4bf2dc71.js:2
(匿名) @ 9561.4bf2dc71.js:2
r @ 9561.4bf2dc71.js:2
s @ 9561.4bf2dc71.js:2
Promise.then
r @ 9561.4bf2dc71.js:2
s @ 9561.4bf2dc71.js:2
Promise.then
r @ 9561.4bf2dc71.js:2
s @ 9561.4bf2dc71.js:2
(匿名) @ 9561.4bf2dc71.js:2
(匿名) @ 9561.4bf2dc71.js:2
49209 @ main.2faaeed8.js:1
n @ main.2faaeed8.js:1
(匿名) @ main.2faaeed8.js:1
n.O @ main.2faaeed8.js:1
(匿名) @ main.2faaeed8.js:1
(匿名) @ main.2faaeed8.js:1
(匿名) @ main.2faaeed8.js:1
(匿名) @ main.2faaeed8.js:1
9561.4bf2dc71.js:2  react-intl-universal key "86cb5448" not defined in zh
warningHandler @ 9561.4bf2dc71.js:2
value @ 9561.4bf2dc71.js:2
p @ 9561.4bf2dc71.js:2
(匿名) @ 5392.a94416b9.chunk.js:1
7945 @ 5392.a94416b9.chunk.js:1
n @ main.2faaeed8.js:1
35392 @ 5392.a94416b9.chunk.js:1
n @ main.2faaeed8.js:1
Promise.then
(匿名) @ main.2faaeed8.js:1
(匿名) @ 9561.4bf2dc71.js:2
Cs @ 9561.4bf2dc71.js:2
wc @ 9561.4bf2dc71.js:2
_c @ 9561.4bf2dc71.js:2
dc @ 9561.4bf2dc71.js:2
(匿名) @ 9561.4bf2dc71.js:2
t.unstable_runWithPriority @ 9561.4bf2dc71.js:2
qo @ 9561.4bf2dc71.js:2
Xo @ 9561.4bf2dc71.js:2
$o @ 9561.4bf2dc71.js:2
ic @ 9561.4bf2dc71.js:2
enqueueSetState @ 9561.4bf2dc71.js:2
b.setState @ 9561.4bf2dc71.js:2
(匿名) @ main.2faaeed8.js:1
u @ 9561.4bf2dc71.js:2
(匿名) @ 9561.4bf2dc71.js:2
(匿名) @ 9561.4bf2dc71.js:2
r @ 9561.4bf2dc71.js:2
s @ 9561.4bf2dc71.js:2
Promise.then
r @ 9561.4bf2dc71.js:2
s @ 9561.4bf2dc71.js:2
(匿名) @ 9561.4bf2dc71.js:2
(匿名) @ 9561.4bf2dc71.js:2
(匿名) @ main.2faaeed8.js:1
za @ 9561.4bf2dc71.js:2
$i @ 9561.4bf2dc71.js:2
Cs @ 9561.4bf2dc71.js:2
wc @ 9561.4bf2dc71.js:2
_c @ 9561.4bf2dc71.js:2
dc @ 9561.4bf2dc71.js:2
ic @ 9561.4bf2dc71.js:2
Gc @ 9561.4bf2dc71.js:2
(匿名) @ 9561.4bf2dc71.js:2
pc @ 9561.4bf2dc71.js:2
el @ 9561.4bf2dc71.js:2
render @ 9561.4bf2dc71.js:2
(匿名) @ main.2faaeed8.js:1
u @ 9561.4bf2dc71.js:2
(匿名) @ 9561.4bf2dc71.js:2
(匿名) @ 9561.4bf2dc71.js:2
r @ 9561.4bf2dc71.js:2
s @ 9561.4bf2dc71.js:2
Promise.then
r @ 9561.4bf2dc71.js:2
s @ 9561.4bf2dc71.js:2
(匿名) @ 9561.4bf2dc71.js:2
(匿名) @ 9561.4bf2dc71.js:2
(匿名) @ main.2faaeed8.js:1
(匿名) @ main.2faaeed8.js:1
u @ 9561.4bf2dc71.js:2
(匿名) @ 9561.4bf2dc71.js:2
(匿名) @ 9561.4bf2dc71.js:2
r @ 9561.4bf2dc71.js:2
s @ 9561.4bf2dc71.js:2
Promise.then
r @ 9561.4bf2dc71.js:2
s @ 9561.4bf2dc71.js:2
Promise.then
r @ 9561.4bf2dc71.js:2
s @ 9561.4bf2dc71.js:2
(匿名) @ 9561.4bf2dc71.js:2
(匿名) @ 9561.4bf2dc71.js:2
49209 @ main.2faaeed8.js:1
n @ main.2faaeed8.js:1
(匿名) @ main.2faaeed8.js:1
n.O @ main.2faaeed8.js:1
(匿名) @ main.2faaeed8.js:1
(匿名) @ main.2faaeed8.js:1
(匿名) @ main.2faaeed8.js:1
(匿名) @ main.2faaeed8.js:1
9561.4bf2dc71.js:2  react-intl-universal key "86cb5448" not defined in zh
warningHandler @ 9561.4bf2dc71.js:2
value @ 9561.4bf2dc71.js:2
p @ 9561.4bf2dc71.js:2
(匿名) @ 5392.a94416b9.chunk.js:1
7945 @ 5392.a94416b9.chunk.js:1
n @ main.2faaeed8.js:1
35392 @ 5392.a94416b9.chunk.js:1
n @ main.2faaeed8.js:1
Promise.then
(匿名) @ main.2faaeed8.js:1
(匿名) @ 9561.4bf2dc71.js:2
Cs @ 9561.4bf2dc71.js:2
wc @ 9561.4bf2dc71.js:2
_c @ 9561.4bf2dc71.js:2
dc @ 9561.4bf2dc71.js:2
(匿名) @ 9561.4bf2dc71.js:2
t.unstable_runWithPriority @ 9561.4bf2dc71.js:2
qo @ 9561.4bf2dc71.js:2
Xo @ 9561.4bf2dc71.js:2
$o @ 9561.4bf2dc71.js:2
ic @ 9561.4bf2dc71.js:2
enqueueSetState @ 9561.4bf2dc71.js:2
b.setState @ 9561.4bf2dc71.js:2
(匿名) @ main.2faaeed8.js:1
u @ 9561.4bf2dc71.js:2
(匿名) @ 9561.4bf2dc71.js:2
(匿名) @ 9561.4bf2dc71.js:2
r @ 9561.4bf2dc71.js:2
s @ 9561.4bf2dc71.js:2
Promise.then
r @ 9561.4bf2dc71.js:2
s @ 9561.4bf2dc71.js:2
(匿名) @ 9561.4bf2dc71.js:2
(匿名) @ 9561.4bf2dc71.js:2
(匿名) @ main.2faaeed8.js:1
za @ 9561.4bf2dc71.js:2
$i @ 9561.4bf2dc71.js:2
Cs @ 9561.4bf2dc71.js:2
wc @ 9561.4bf2dc71.js:2
_c @ 9561.4bf2dc71.js:2
dc @ 9561.4bf2dc71.js:2
ic @ 9561.4bf2dc71.js:2
Gc @ 9561.4bf2dc71.js:2
(匿名) @ 9561.4bf2dc71.js:2
pc @ 9561.4bf2dc71.js:2
el @ 9561.4bf2dc71.js:2
render @ 9561.4bf2dc71.js:2
(匿名) @ main.2faaeed8.js:1
u @ 9561.4bf2dc71.js:2
(匿名) @ 9561.4bf2dc71.js:2
(匿名) @ 9561.4bf2dc71.js:2
r @ 9561.4bf2dc71.js:2
s @ 9561.4bf2dc71.js:2
Promise.then
r @ 9561.4bf2dc71.js:2
s @ 9561.4bf2dc71.js:2
(匿名) @ 9561.4bf2dc71.js:2
(匿名) @ 9561.4bf2dc71.js:2
(匿名) @ main.2faaeed8.js:1
(匿名) @ main.2faaeed8.js:1
u @ 9561.4bf2dc71.js:2
(匿名) @ 9561.4bf2dc71.js:2
(匿名) @ 9561.4bf2dc71.js:2
r @ 9561.4bf2dc71.js:2
s @ 9561.4bf2dc71.js:2
Promise.then
r @ 9561.4bf2dc71.js:2
s @ 9561.4bf2dc71.js:2
Promise.then
r @ 9561.4bf2dc71.js:2
s @ 9561.4bf2dc71.js:2
(匿名) @ 9561.4bf2dc71.js:2
(匿名) @ 9561.4bf2dc71.js:2
49209 @ main.2faaeed8.js:1
n @ main.2faaeed8.js:1
(匿名) @ main.2faaeed8.js:1
n.O @ main.2faaeed8.js:1
(匿名) @ main.2faaeed8.js:1
(匿名) @ main.2faaeed8.js:1
(匿名) @ main.2faaeed8.js:1
(匿名) @ main.2faaeed8.js:1
9561.4bf2dc71.js:2  react-intl-universal key "38118d05" not defined in zh
warningHandler @ 9561.4bf2dc71.js:2
value @ 9561.4bf2dc71.js:2
p @ 9561.4bf2dc71.js:2
(匿名) @ 5392.a94416b9.chunk.js:1
7945 @ 5392.a94416b9.chunk.js:1
n @ main.2faaeed8.js:1
35392 @ 5392.a94416b9.chunk.js:1
n @ main.2faaeed8.js:1
Promise.then
(匿名) @ main.2faaeed8.js:1
(匿名) @ 9561.4bf2dc71.js:2
Cs @ 9561.4bf2dc71.js:2
wc @ 9561.4bf2dc71.js:2
_c @ 9561.4bf2dc71.js:2
dc @ 9561.4bf2dc71.js:2
(匿名) @ 9561.4bf2dc71.js:2
t.unstable_runWithPriority @ 9561.4bf2dc71.js:2
qo @ 9561.4bf2dc71.js:2
Xo @ 9561.4bf2dc71.js:2
$o @ 9561.4bf2dc71.js:2
ic @ 9561.4bf2dc71.js:2
enqueueSetState @ 9561.4bf2dc71.js:2
b.setState @ 9561.4bf2dc71.js:2
(匿名) @ main.2faaeed8.js:1
u @ 9561.4bf2dc71.js:2
(匿名) @ 9561.4bf2dc71.js:2
(匿名) @ 9561.4bf2dc71.js:2
r @ 9561.4bf2dc71.js:2
s @ 9561.4bf2dc71.js:2
Promise.then
r @ 9561.4bf2dc71.js:2
s @ 9561.4bf2dc71.js:2
(匿名) @ 9561.4bf2dc71.js:2
(匿名) @ 9561.4bf2dc71.js:2
(匿名) @ main.2faaeed8.js:1
za @ 9561.4bf2dc71.js:2
$i @ 9561.4bf2dc71.js:2
Cs @ 9561.4bf2dc71.js:2
wc @ 9561.4bf2dc71.js:2
_c @ 9561.4bf2dc71.js:2
dc @ 9561.4bf2dc71.js:2
ic @ 9561.4bf2dc71.js:2
Gc @ 9561.4bf2dc71.js:2
(匿名) @ 9561.4bf2dc71.js:2
pc @ 9561.4bf2dc71.js:2
el @ 9561.4bf2dc71.js:2
render @ 9561.4bf2dc71.js:2
(匿名) @ main.2faaeed8.js:1
u @ 9561.4bf2dc71.js:2
(匿名) @ 9561.4bf2dc71.js:2
(匿名) @ 9561.4bf2dc71.js:2
r @ 9561.4bf2dc71.js:2
s @ 9561.4bf2dc71.js:2
Promise.then
r @ 9561.4bf2dc71.js:2
s @ 9561.4bf2dc71.js:2
(匿名) @ 9561.4bf2dc71.js:2
(匿名) @ 9561.4bf2dc71.js:2
(匿名) @ main.2faaeed8.js:1
(匿名) @ main.2faaeed8.js:1
u @ 9561.4bf2dc71.js:2
(匿名) @ 9561.4bf2dc71.js:2
(匿名) @ 9561.4bf2dc71.js:2
r @ 9561.4bf2dc71.js:2
s @ 9561.4bf2dc71.js:2
Promise.then
r @ 9561.4bf2dc71.js:2
s @ 9561.4bf2dc71.js:2
Promise.then
r @ 9561.4bf2dc71.js:2
s @ 9561.4bf2dc71.js:2
(匿名) @ 9561.4bf2dc71.js:2
(匿名) @ 9561.4bf2dc71.js:2
49209 @ main.2faaeed8.js:1
n @ main.2faaeed8.js:1
(匿名) @ main.2faaeed8.js:1
n.O @ main.2faaeed8.js:1
(匿名) @ main.2faaeed8.js:1
(匿名) @ main.2faaeed8.js:1
(匿名) @ main.2faaeed8.js:1
(匿名) @ main.2faaeed8.js:1
9561.4bf2dc71.js:2  react-intl-universal key "38118d05" not defined in zh
warningHandler @ 9561.4bf2dc71.js:2
value @ 9561.4bf2dc71.js:2
p @ 9561.4bf2dc71.js:2
(匿名) @ 5392.a94416b9.chunk.js:1
7945 @ 5392.a94416b9.chunk.js:1
n @ main.2faaeed8.js:1
35392 @ 5392.a94416b9.chunk.js:1
n @ main.2faaeed8.js:1
Promise.then
(匿名) @ main.2faaeed8.js:1
(匿名) @ 9561.4bf2dc71.js:2
Cs @ 9561.4bf2dc71.js:2
wc @ 9561.4bf2dc71.js:2
_c @ 9561.4bf2dc71.js:2
dc @ 9561.4bf2dc71.js:2
(匿名) @ 9561.4bf2dc71.js:2
t.unstable_runWithPriority @ 9561.4bf2dc71.js:2
qo @ 9561.4bf2dc71.js:2
Xo @ 9561.4bf2dc71.js:2
$o @ 9561.4bf2dc71.js:2
ic @ 9561.4bf2dc71.js:2
enqueueSetState @ 9561.4bf2dc71.js:2
b.setState @ 9561.4bf2dc71.js:2
(匿名) @ main.2faaeed8.js:1
u @ 9561.4bf2dc71.js:2
(匿名) @ 9561.4bf2dc71.js:2
(匿名) @ 9561.4bf2dc71.js:2
r @ 9561.4bf2dc71.js:2
s @ 9561.4bf2dc71.js:2
Promise.then
r @ 9561.4bf2dc71.js:2
s @ 9561.4bf2dc71.js:2
(匿名) @ 9561.4bf2dc71.js:2
(匿名) @ 9561.4bf2dc71.js:2
(匿名) @ main.2faaeed8.js:1
za @ 9561.4bf2dc71.js:2
$i @ 9561.4bf2dc71.js:2
Cs @ 9561.4bf2dc71.js:2
wc @ 9561.4bf2dc71.js:2
_c @ 9561.4bf2dc71.js:2
dc @ 9561.4bf2dc71.js:2
ic @ 9561.4bf2dc71.js:2
Gc @ 9561.4bf2dc71.js:2
(匿名) @ 9561.4bf2dc71.js:2
pc @ 9561.4bf2dc71.js:2
el @ 9561.4bf2dc71.js:2
render @ 9561.4bf2dc71.js:2
(匿名) @ main.2faaeed8.js:1
u @ 9561.4bf2dc71.js:2
(匿名) @ 9561.4bf2dc71.js:2
(匿名) @ 9561.4bf2dc71.js:2
r @ 9561.4bf2dc71.js:2
s @ 9561.4bf2dc71.js:2
Promise.then
r @ 9561.4bf2dc71.js:2
s @ 9561.4bf2dc71.js:2
(匿名) @ 9561.4bf2dc71.js:2
(匿名) @ 9561.4bf2dc71.js:2
(匿名) @ main.2faaeed8.js:1
(匿名) @ main.2faaeed8.js:1
u @ 9561.4bf2dc71.js:2
(匿名) @ 9561.4bf2dc71.js:2
(匿名) @ 9561.4bf2dc71.js:2
r @ 9561.4bf2dc71.js:2
s @ 9561.4bf2dc71.js:2
Promise.then
r @ 9561.4bf2dc71.js:2
s @ 9561.4bf2dc71.js:2
Promise.then
r @ 9561.4bf2dc71.js:2
s @ 9561.4bf2dc71.js:2
(匿名) @ 9561.4bf2dc71.js:2
(匿名) @ 9561.4bf2dc71.js:2
49209 @ main.2faaeed8.js:1
n @ main.2faaeed8.js:1
(匿名) @ main.2faaeed8.js:1
n.O @ main.2faaeed8.js:1
(匿名) @ main.2faaeed8.js:1
(匿名) @ main.2faaeed8.js:1
(匿名) @ main.2faaeed8.js:1
(匿名) @ main.2faaeed8.js:1
9561.4bf2dc71.js:2  react-intl-universal key "116e0772" not defined in zh
warningHandler @ 9561.4bf2dc71.js:2
value @ 9561.4bf2dc71.js:2
p @ 9561.4bf2dc71.js:2
(匿名) @ 5392.a94416b9.chunk.js:1
7945 @ 5392.a94416b9.chunk.js:1
n @ main.2faaeed8.js:1
35392 @ 5392.a94416b9.chunk.js:1
n @ main.2faaeed8.js:1
Promise.then
(匿名) @ main.2faaeed8.js:1
(匿名) @ 9561.4bf2dc71.js:2
Cs @ 9561.4bf2dc71.js:2
wc @ 9561.4bf2dc71.js:2
_c @ 9561.4bf2dc71.js:2
dc @ 9561.4bf2dc71.js:2
(匿名) @ 9561.4bf2dc71.js:2
t.unstable_runWithPriority @ 9561.4bf2dc71.js:2
qo @ 9561.4bf2dc71.js:2
Xo @ 9561.4bf2dc71.js:2
$o @ 9561.4bf2dc71.js:2
ic @ 9561.4bf2dc71.js:2
enqueueSetState @ 9561.4bf2dc71.js:2
b.setState @ 9561.4bf2dc71.js:2
(匿名) @ main.2faaeed8.js:1
u @ 9561.4bf2dc71.js:2
(匿名) @ 9561.4bf2dc71.js:2
(匿名) @ 9561.4bf2dc71.js:2
r @ 9561.4bf2dc71.js:2
s @ 9561.4bf2dc71.js:2
Promise.then
r @ 9561.4bf2dc71.js:2
s @ 9561.4bf2dc71.js:2
(匿名) @ 9561.4bf2dc71.js:2
(匿名) @ 9561.4bf2dc71.js:2
(匿名) @ main.2faaeed8.js:1
za @ 9561.4bf2dc71.js:2
$i @ 9561.4bf2dc71.js:2
Cs @ 9561.4bf2dc71.js:2
wc @ 9561.4bf2dc71.js:2
_c @ 9561.4bf2dc71.js:2
dc @ 9561.4bf2dc71.js:2
ic @ 9561.4bf2dc71.js:2
Gc @ 9561.4bf2dc71.js:2
(匿名) @ 9561.4bf2dc71.js:2
pc @ 9561.4bf2dc71.js:2
el @ 9561.4bf2dc71.js:2
render @ 9561.4bf2dc71.js:2
(匿名) @ main.2faaeed8.js:1
u @ 9561.4bf2dc71.js:2
(匿名) @ 9561.4bf2dc71.js:2
(匿名) @ 9561.4bf2dc71.js:2
r @ 9561.4bf2dc71.js:2
s @ 9561.4bf2dc71.js:2
Promise.then
r @ 9561.4bf2dc71.js:2
s @ 9561.4bf2dc71.js:2
(匿名) @ 9561.4bf2dc71.js:2
(匿名) @ 9561.4bf2dc71.js:2
(匿名) @ main.2faaeed8.js:1
(匿名) @ main.2faaeed8.js:1
u @ 9561.4bf2dc71.js:2
(匿名) @ 9561.4bf2dc71.js:2
(匿名) @ 9561.4bf2dc71.js:2
r @ 9561.4bf2dc71.js:2
s @ 9561.4bf2dc71.js:2
Promise.then
r @ 9561.4bf2dc71.js:2
s @ 9561.4bf2dc71.js:2
Promise.then
r @ 9561.4bf2dc71.js:2
s @ 9561.4bf2dc71.js:2
(匿名) @ 9561.4bf2dc71.js:2
(匿名) @ 9561.4bf2dc71.js:2
49209 @ main.2faaeed8.js:1
n @ main.2faaeed8.js:1
(匿名) @ main.2faaeed8.js:1
n.O @ main.2faaeed8.js:1
(匿名) @ main.2faaeed8.js:1
(匿名) @ main.2faaeed8.js:1
(匿名) @ main.2faaeed8.js:1
(匿名) @ main.2faaeed8.js:1
9561.4bf2dc71.js:2  react-intl-universal key "116e0772" not defined in zh
warningHandler @ 9561.4bf2dc71.js:2
value @ 9561.4bf2dc71.js:2
p @ 9561.4bf2dc71.js:2
(匿名) @ 5392.a94416b9.chunk.js:1
7945 @ 5392.a94416b9.chunk.js:1
n @ main.2faaeed8.js:1
35392 @ 5392.a94416b9.chunk.js:1
n @ main.2faaeed8.js:1
Promise.then
(匿名) @ main.2faaeed8.js:1
(匿名) @ 9561.4bf2dc71.js:2
Cs @ 9561.4bf2dc71.js:2
wc @ 9561.4bf2dc71.js:2
_c @ 9561.4bf2dc71.js:2
dc @ 9561.4bf2dc71.js:2
(匿名) @ 9561.4bf2dc71.js:2
t.unstable_runWithPriority @ 9561.4bf2dc71.js:2
qo @ 9561.4bf2dc71.js:2
Xo @ 9561.4bf2dc71.js:2
$o @ 9561.4bf2dc71.js:2
ic @ 9561.4bf2dc71.js:2
enqueueSetState @ 9561.4bf2dc71.js:2
b.setState @ 9561.4bf2dc71.js:2
(匿名) @ main.2faaeed8.js:1
u @ 9561.4bf2dc71.js:2
(匿名) @ 9561.4bf2dc71.js:2
(匿名) @ 9561.4bf2dc71.js:2
r @ 9561.4bf2dc71.js:2
s @ 9561.4bf2dc71.js:2
Promise.then
r @ 9561.4bf2dc71.js:2
s @ 9561.4bf2dc71.js:2
(匿名) @ 9561.4bf2dc71.js:2
(匿名) @ 9561.4bf2dc71.js:2
(匿名) @ main.2faaeed8.js:1
za @ 9561.4bf2dc71.js:2
$i @ 9561.4bf2dc71.js:2
Cs @ 9561.4bf2dc71.js:2
wc @ 9561.4bf2dc71.js:2
_c @ 9561.4bf2dc71.js:2
dc @ 9561.4bf2dc71.js:2
ic @ 9561.4bf2dc71.js:2
Gc @ 9561.4bf2dc71.js:2
(匿名) @ 9561.4bf2dc71.js:2
pc @ 9561.4bf2dc71.js:2
el @ 9561.4bf2dc71.js:2
render @ 9561.4bf2dc71.js:2
(匿名) @ main.2faaeed8.js:1
u @ 9561.4bf2dc71.js:2
(匿名) @ 9561.4bf2dc71.js:2
(匿名) @ 9561.4bf2dc71.js:2
r @ 9561.4bf2dc71.js:2
s @ 9561.4bf2dc71.js:2
Promise.then
r @ 9561.4bf2dc71.js:2
s @ 9561.4bf2dc71.js:2
(匿名) @ 9561.4bf2dc71.js:2
(匿名) @ 9561.4bf2dc71.js:2
(匿名) @ main.2faaeed8.js:1
(匿名) @ main.2faaeed8.js:1
u @ 9561.4bf2dc71.js:2
(匿名) @ 9561.4bf2dc71.js:2
(匿名) @ 9561.4bf2dc71.js:2
r @ 9561.4bf2dc71.js:2
s @ 9561.4bf2dc71.js:2
Promise.then
r @ 9561.4bf2dc71.js:2
s @ 9561.4bf2dc71.js:2
Promise.then
r @ 9561.4bf2dc71.js:2
s @ 9561.4bf2dc71.js:2
(匿名) @ 9561.4bf2dc71.js:2
(匿名) @ 9561.4bf2dc71.js:2
49209 @ main.2faaeed8.js:1
n @ main.2faaeed8.js:1
(匿名) @ main.2faaeed8.js:1
n.O @ main.2faaeed8.js:1
(匿名) @ main.2faaeed8.js:1
(匿名) @ main.2faaeed8.js:1
(匿名) @ main.2faaeed8.js:1
(匿名) @ main.2faaeed8.js:1
9561.4bf2dc71.js:2  react-intl-universal key "9a16bdd1" not defined in zh
warningHandler @ 9561.4bf2dc71.js:2
value @ 9561.4bf2dc71.js:2
p @ 9561.4bf2dc71.js:2
(匿名) @ 5392.a94416b9.chunk.js:1
7945 @ 5392.a94416b9.chunk.js:1
n @ main.2faaeed8.js:1
35392 @ 5392.a94416b9.chunk.js:1
n @ main.2faaeed8.js:1
Promise.then
(匿名) @ main.2faaeed8.js:1
(匿名) @ 9561.4bf2dc71.js:2
Cs @ 9561.4bf2dc71.js:2
wc @ 9561.4bf2dc71.js:2
_c @ 9561.4bf2dc71.js:2
dc @ 9561.4bf2dc71.js:2
(匿名) @ 9561.4bf2dc71.js:2
t.unstable_runWithPriority @ 9561.4bf2dc71.js:2
qo @ 9561.4bf2dc71.js:2
Xo @ 9561.4bf2dc71.js:2
$o @ 9561.4bf2dc71.js:2
ic @ 9561.4bf2dc71.js:2
enqueueSetState @ 9561.4bf2dc71.js:2
b.setState @ 9561.4bf2dc71.js:2
(匿名) @ main.2faaeed8.js:1
u @ 9561.4bf2dc71.js:2
(匿名) @ 9561.4bf2dc71.js:2
(匿名) @ 9561.4bf2dc71.js:2
r @ 9561.4bf2dc71.js:2
s @ 9561.4bf2dc71.js:2
Promise.then
r @ 9561.4bf2dc71.js:2
s @ 9561.4bf2dc71.js:2
(匿名) @ 9561.4bf2dc71.js:2
(匿名) @ 9561.4bf2dc71.js:2
(匿名) @ main.2faaeed8.js:1
za @ 9561.4bf2dc71.js:2
$i @ 9561.4bf2dc71.js:2
Cs @ 9561.4bf2dc71.js:2
wc @ 9561.4bf2dc71.js:2
_c @ 9561.4bf2dc71.js:2
dc @ 9561.4bf2dc71.js:2
ic @ 9561.4bf2dc71.js:2
Gc @ 9561.4bf2dc71.js:2
(匿名) @ 9561.4bf2dc71.js:2
pc @ 9561.4bf2dc71.js:2
el @ 9561.4bf2dc71.js:2
render @ 9561.4bf2dc71.js:2
(匿名) @ main.2faaeed8.js:1
u @ 9561.4bf2dc71.js:2
(匿名) @ 9561.4bf2dc71.js:2
(匿名) @ 9561.4bf2dc71.js:2
r @ 9561.4bf2dc71.js:2
s @ 9561.4bf2dc71.js:2
Promise.then
r @ 9561.4bf2dc71.js:2
s @ 9561.4bf2dc71.js:2
(匿名) @ 9561.4bf2dc71.js:2
(匿名) @ 9561.4bf2dc71.js:2
(匿名) @ main.2faaeed8.js:1
(匿名) @ main.2faaeed8.js:1
u @ 9561.4bf2dc71.js:2
(匿名) @ 9561.4bf2dc71.js:2
(匿名) @ 9561.4bf2dc71.js:2
r @ 9561.4bf2dc71.js:2
s @ 9561.4bf2dc71.js:2
Promise.then
r @ 9561.4bf2dc71.js:2
s @ 9561.4bf2dc71.js:2
Promise.then
r @ 9561.4bf2dc71.js:2
s @ 9561.4bf2dc71.js:2
(匿名) @ 9561.4bf2dc71.js:2
(匿名) @ 9561.4bf2dc71.js:2
49209 @ main.2faaeed8.js:1
n @ main.2faaeed8.js:1
(匿名) @ main.2faaeed8.js:1
n.O @ main.2faaeed8.js:1
(匿名) @ main.2faaeed8.js:1
(匿名) @ main.2faaeed8.js:1
(匿名) @ main.2faaeed8.js:1
(匿名) @ main.2faaeed8.js:1
9561.4bf2dc71.js:2  react-intl-universal key "9a16bdd1" not defined in zh
warningHandler @ 9561.4bf2dc71.js:2
value @ 9561.4bf2dc71.js:2
p @ 9561.4bf2dc71.js:2
(匿名) @ 5392.a94416b9.chunk.js:1
7945 @ 5392.a94416b9.chunk.js:1
n @ main.2faaeed8.js:1
35392 @ 5392.a94416b9.chunk.js:1
n @ main.2faaeed8.js:1
Promise.then
(匿名) @ main.2faaeed8.js:1
(匿名) @ 9561.4bf2dc71.js:2
Cs @ 9561.4bf2dc71.js:2
wc @ 9561.4bf2dc71.js:2
_c @ 9561.4bf2dc71.js:2
dc @ 9561.4bf2dc71.js:2
(匿名) @ 9561.4bf2dc71.js:2
t.unstable_runWithPriority @ 9561.4bf2dc71.js:2
qo @ 9561.4bf2dc71.js:2
Xo @ 9561.4bf2dc71.js:2
$o @ 9561.4bf2dc71.js:2
ic @ 9561.4bf2dc71.js:2
enqueueSetState @ 9561.4bf2dc71.js:2
b.setState @ 9561.4bf2dc71.js:2
(匿名) @ main.2faaeed8.js:1
u @ 9561.4bf2dc71.js:2
(匿名) @ 9561.4bf2dc71.js:2
(匿名) @ 9561.4bf2dc71.js:2
r @ 9561.4bf2dc71.js:2
s @ 9561.4bf2dc71.js:2
Promise.then
r @ 9561.4bf2dc71.js:2
s @ 9561.4bf2dc71.js:2
(匿名) @ 9561.4bf2dc71.js:2
(匿名) @ 9561.4bf2dc71.js:2
(匿名) @ main.2faaeed8.js:1
za @ 9561.4bf2dc71.js:2
$i @ 9561.4bf2dc71.js:2
Cs @ 9561.4bf2dc71.js:2
wc @ 9561.4bf2dc71.js:2
_c @ 9561.4bf2dc71.js:2
dc @ 9561.4bf2dc71.js:2
ic @ 9561.4bf2dc71.js:2
Gc @ 9561.4bf2dc71.js:2
(匿名) @ 9561.4bf2dc71.js:2
pc @ 9561.4bf2dc71.js:2
el @ 9561.4bf2dc71.js:2
render @ 9561.4bf2dc71.js:2
(匿名) @ main.2faaeed8.js:1
u @ 9561.4bf2dc71.js:2
(匿名) @ 9561.4bf2dc71.js:2
(匿名) @ 9561.4bf2dc71.js:2
r @ 9561.4bf2dc71.js:2
s @ 9561.4bf2dc71.js:2
Promise.then
r @ 9561.4bf2dc71.js:2
s @ 9561.4bf2dc71.js:2
(匿名) @ 9561.4bf2dc71.js:2
(匿名) @ 9561.4bf2dc71.js:2
(匿名) @ main.2faaeed8.js:1
(匿名) @ main.2faaeed8.js:1
u @ 9561.4bf2dc71.js:2
(匿名) @ 9561.4bf2dc71.js:2
(匿名) @ 9561.4bf2dc71.js:2
r @ 9561.4bf2dc71.js:2
s @ 9561.4bf2dc71.js:2
Promise.then
r @ 9561.4bf2dc71.js:2
s @ 9561.4bf2dc71.js:2
Promise.then
r @ 9561.4bf2dc71.js:2
s @ 9561.4bf2dc71.js:2
(匿名) @ 9561.4bf2dc71.js:2
(匿名) @ 9561.4bf2dc71.js:2
49209 @ main.2faaeed8.js:1
n @ main.2faaeed8.js:1
(匿名) @ main.2faaeed8.js:1
n.O @ main.2faaeed8.js:1
(匿名) @ main.2faaeed8.js:1
(匿名) @ main.2faaeed8.js:1
(匿名) @ main.2faaeed8.js:1
(匿名) @ main.2faaeed8.js:1
9561.4bf2dc71.js:2  react-intl-universal key "9516572f" not defined in zh
warningHandler @ 9561.4bf2dc71.js:2
value @ 9561.4bf2dc71.js:2
p @ 9561.4bf2dc71.js:2
(匿名) @ 5392.a94416b9.chunk.js:1
7945 @ 5392.a94416b9.chunk.js:1
n @ main.2faaeed8.js:1
35392 @ 5392.a94416b9.chunk.js:1
n @ main.2faaeed8.js:1
Promise.then
(匿名) @ main.2faaeed8.js:1
(匿名) @ 9561.4bf2dc71.js:2
Cs @ 9561.4bf2dc71.js:2
wc @ 9561.4bf2dc71.js:2
_c @ 9561.4bf2dc71.js:2
dc @ 9561.4bf2dc71.js:2
(匿名) @ 9561.4bf2dc71.js:2
t.unstable_runWithPriority @ 9561.4bf2dc71.js:2
qo @ 9561.4bf2dc71.js:2
Xo @ 9561.4bf2dc71.js:2
$o @ 9561.4bf2dc71.js:2
ic @ 9561.4bf2dc71.js:2
enqueueSetState @ 9561.4bf2dc71.js:2
b.setState @ 9561.4bf2dc71.js:2
(匿名) @ main.2faaeed8.js:1
u @ 9561.4bf2dc71.js:2
(匿名) @ 9561.4bf2dc71.js:2
(匿名) @ 9561.4bf2dc71.js:2
r @ 9561.4bf2dc71.js:2
s @ 9561.4bf2dc71.js:2
Promise.then
r @ 9561.4bf2dc71.js:2
s @ 9561.4bf2dc71.js:2
(匿名) @ 9561.4bf2dc71.js:2
(匿名) @ 9561.4bf2dc71.js:2
(匿名) @ main.2faaeed8.js:1
za @ 9561.4bf2dc71.js:2
$i @ 9561.4bf2dc71.js:2
Cs @ 9561.4bf2dc71.js:2
wc @ 9561.4bf2dc71.js:2
_c @ 9561.4bf2dc71.js:2
dc @ 9561.4bf2dc71.js:2
ic @ 9561.4bf2dc71.js:2
Gc @ 9561.4bf2dc71.js:2
(匿名) @ 9561.4bf2dc71.js:2
pc @ 9561.4bf2dc71.js:2
el @ 9561.4bf2dc71.js:2
render @ 9561.4bf2dc71.js:2
(匿名) @ main.2faaeed8.js:1
u @ 9561.4bf2dc71.js:2
(匿名) @ 9561.4bf2dc71.js:2
(匿名) @ 9561.4bf2dc71.js:2
r @ 9561.4bf2dc71.js:2
s @ 9561.4bf2dc71.js:2
Promise.then
r @ 9561.4bf2dc71.js:2
s @ 9561.4bf2dc71.js:2
(匿名) @ 9561.4bf2dc71.js:2
(匿名) @ 9561.4bf2dc71.js:2
(匿名) @ main.2faaeed8.js:1
(匿名) @ main.2faaeed8.js:1
u @ 9561.4bf2dc71.js:2
(匿名) @ 9561.4bf2dc71.js:2
(匿名) @ 9561.4bf2dc71.js:2
r @ 9561.4bf2dc71.js:2
s @ 9561.4bf2dc71.js:2
Promise.then
r @ 9561.4bf2dc71.js:2
s @ 9561.4bf2dc71.js:2
Promise.then
r @ 9561.4bf2dc71.js:2
s @ 9561.4bf2dc71.js:2
(匿名) @ 9561.4bf2dc71.js:2
(匿名) @ 9561.4bf2dc71.js:2
49209 @ main.2faaeed8.js:1
n @ main.2faaeed8.js:1
(匿名) @ main.2faaeed8.js:1
n.O @ main.2faaeed8.js:1
(匿名) @ main.2faaeed8.js:1
(匿名) @ main.2faaeed8.js:1
(匿名) @ main.2faaeed8.js:1
(匿名) @ main.2faaeed8.js:1
9561.4bf2dc71.js:2  react-intl-universal key "9516572f" not defined in zh
warningHandler @ 9561.4bf2dc71.js:2
value @ 9561.4bf2dc71.js:2
p @ 9561.4bf2dc71.js:2
(匿名) @ 5392.a94416b9.chunk.js:1
7945 @ 5392.a94416b9.chunk.js:1
n @ main.2faaeed8.js:1
35392 @ 5392.a94416b9.chunk.js:1
n @ main.2faaeed8.js:1
Promise.then
(匿名) @ main.2faaeed8.js:1
(匿名) @ 9561.4bf2dc71.js:2
Cs @ 9561.4bf2dc71.js:2
wc @ 9561.4bf2dc71.js:2
_c @ 9561.4bf2dc71.js:2
dc @ 9561.4bf2dc71.js:2
(匿名) @ 9561.4bf2dc71.js:2
t.unstable_runWithPriority @ 9561.4bf2dc71.js:2
qo @ 9561.4bf2dc71.js:2
Xo @ 9561.4bf2dc71.js:2
$o @ 9561.4bf2dc71.js:2
ic @ 9561.4bf2dc71.js:2
enqueueSetState @ 9561.4bf2dc71.js:2
b.setState @ 9561.4bf2dc71.js:2
(匿名) @ main.2faaeed8.js:1
u @ 9561.4bf2dc71.js:2
(匿名) @ 9561.4bf2dc71.js:2
(匿名) @ 9561.4bf2dc71.js:2
r @ 9561.4bf2dc71.js:2
s @ 9561.4bf2dc71.js:2
Promise.then
r @ 9561.4bf2dc71.js:2
s @ 9561.4bf2dc71.js:2
(匿名) @ 9561.4bf2dc71.js:2
(匿名) @ 9561.4bf2dc71.js:2
(匿名) @ main.2faaeed8.js:1
za @ 9561.4bf2dc71.js:2
$i @ 9561.4bf2dc71.js:2
Cs @ 9561.4bf2dc71.js:2
wc @ 9561.4bf2dc71.js:2
_c @ 9561.4bf2dc71.js:2
dc @ 9561.4bf2dc71.js:2
ic @ 9561.4bf2dc71.js:2
Gc @ 9561.4bf2dc71.js:2
(匿名) @ 9561.4bf2dc71.js:2
pc @ 9561.4bf2dc71.js:2
el @ 9561.4bf2dc71.js:2
render @ 9561.4bf2dc71.js:2
(匿名) @ main.2faaeed8.js:1
u @ 9561.4bf2dc71.js:2
(匿名) @ 9561.4bf2dc71.js:2
(匿名) @ 9561.4bf2dc71.js:2
r @ 9561.4bf2dc71.js:2
s @ 9561.4bf2dc71.js:2
Promise.then
r @ 9561.4bf2dc71.js:2
s @ 9561.4bf2dc71.js:2
(匿名) @ 9561.4bf2dc71.js:2
(匿名) @ 9561.4bf2dc71.js:2
(匿名) @ main.2faaeed8.js:1
(匿名) @ main.2faaeed8.js:1
u @ 9561.4bf2dc71.js:2
(匿名) @ 9561.4bf2dc71.js:2
(匿名) @ 9561.4bf2dc71.js:2
r @ 9561.4bf2dc71.js:2
s @ 9561.4bf2dc71.js:2
Promise.then
r @ 9561.4bf2dc71.js:2
s @ 9561.4bf2dc71.js:2
Promise.then
r @ 9561.4bf2dc71.js:2
s @ 9561.4bf2dc71.js:2
(匿名) @ 9561.4bf2dc71.js:2
(匿名) @ 9561.4bf2dc71.js:2
49209 @ main.2faaeed8.js:1
n @ main.2faaeed8.js:1
(匿名) @ main.2faaeed8.js:1
n.O @ main.2faaeed8.js:1
(匿名) @ main.2faaeed8.js:1
(匿名) @ main.2faaeed8.js:1
(匿名) @ main.2faaeed8.js:1
(匿名) @ main.2faaeed8.js:1
9561.4bf2dc71.js:2  react-intl-universal key "f56ec717" not defined in zh
warningHandler @ 9561.4bf2dc71.js:2
value @ 9561.4bf2dc71.js:2
p @ 9561.4bf2dc71.js:2
(匿名) @ 5392.a94416b9.chunk.js:1
7945 @ 5392.a94416b9.chunk.js:1
n @ main.2faaeed8.js:1
35392 @ 5392.a94416b9.chunk.js:1
n @ main.2faaeed8.js:1
Promise.then
(匿名) @ main.2faaeed8.js:1
(匿名) @ 9561.4bf2dc71.js:2
Cs @ 9561.4bf2dc71.js:2
wc @ 9561.4bf2dc71.js:2
_c @ 9561.4bf2dc71.js:2
dc @ 9561.4bf2dc71.js:2
(匿名) @ 9561.4bf2dc71.js:2
t.unstable_runWithPriority @ 9561.4bf2dc71.js:2
qo @ 9561.4bf2dc71.js:2
Xo @ 9561.4bf2dc71.js:2
$o @ 9561.4bf2dc71.js:2
ic @ 9561.4bf2dc71.js:2
enqueueSetState @ 9561.4bf2dc71.js:2
b.setState @ 9561.4bf2dc71.js:2
(匿名) @ main.2faaeed8.js:1
u @ 9561.4bf2dc71.js:2
(匿名) @ 9561.4bf2dc71.js:2
(匿名) @ 9561.4bf2dc71.js:2
r @ 9561.4bf2dc71.js:2
s @ 9561.4bf2dc71.js:2
Promise.then
r @ 9561.4bf2dc71.js:2
s @ 9561.4bf2dc71.js:2
(匿名) @ 9561.4bf2dc71.js:2
(匿名) @ 9561.4bf2dc71.js:2
(匿名) @ main.2faaeed8.js:1
za @ 9561.4bf2dc71.js:2
$i @ 9561.4bf2dc71.js:2
Cs @ 9561.4bf2dc71.js:2
wc @ 9561.4bf2dc71.js:2
_c @ 9561.4bf2dc71.js:2
dc @ 9561.4bf2dc71.js:2
ic @ 9561.4bf2dc71.js:2
Gc @ 9561.4bf2dc71.js:2
(匿名) @ 9561.4bf2dc71.js:2
pc @ 9561.4bf2dc71.js:2
el @ 9561.4bf2dc71.js:2
render @ 9561.4bf2dc71.js:2
(匿名) @ main.2faaeed8.js:1
u @ 9561.4bf2dc71.js:2
(匿名) @ 9561.4bf2dc71.js:2
(匿名) @ 9561.4bf2dc71.js:2
r @ 9561.4bf2dc71.js:2
s @ 9561.4bf2dc71.js:2
Promise.then
r @ 9561.4bf2dc71.js:2
s @ 9561.4bf2dc71.js:2
(匿名) @ 9561.4bf2dc71.js:2
(匿名) @ 9561.4bf2dc71.js:2
(匿名) @ main.2faaeed8.js:1
(匿名) @ main.2faaeed8.js:1
u @ 9561.4bf2dc71.js:2
(匿名) @ 9561.4bf2dc71.js:2
(匿名) @ 9561.4bf2dc71.js:2
r @ 9561.4bf2dc71.js:2
s @ 9561.4bf2dc71.js:2
Promise.then
r @ 9561.4bf2dc71.js:2
s @ 9561.4bf2dc71.js:2
Promise.then
r @ 9561.4bf2dc71.js:2
s @ 9561.4bf2dc71.js:2
(匿名) @ 9561.4bf2dc71.js:2
(匿名) @ 9561.4bf2dc71.js:2
49209 @ main.2faaeed8.js:1
n @ main.2faaeed8.js:1
(匿名) @ main.2faaeed8.js:1
n.O @ main.2faaeed8.js:1
(匿名) @ main.2faaeed8.js:1
(匿名) @ main.2faaeed8.js:1
(匿名) @ main.2faaeed8.js:1
(匿名) @ main.2faaeed8.js:1
9561.4bf2dc71.js:2  react-intl-universal key "f56ec717" not defined in zh
warningHandler @ 9561.4bf2dc71.js:2
value @ 9561.4bf2dc71.js:2
p @ 9561.4bf2dc71.js:2
(匿名) @ 5392.a94416b9.chunk.js:1
7945 @ 5392.a94416b9.chunk.js:1
n @ main.2faaeed8.js:1
35392 @ 5392.a94416b9.chunk.js:1
n @ main.2faaeed8.js:1
Promise.then
(匿名) @ main.2faaeed8.js:1
(匿名) @ 9561.4bf2dc71.js:2
Cs @ 9561.4bf2dc71.js:2
wc @ 9561.4bf2dc71.js:2
_c @ 9561.4bf2dc71.js:2
dc @ 9561.4bf2dc71.js:2
(匿名) @ 9561.4bf2dc71.js:2
t.unstable_runWithPriority @ 9561.4bf2dc71.js:2
qo @ 9561.4bf2dc71.js:2
Xo @ 9561.4bf2dc71.js:2
$o @ 9561.4bf2dc71.js:2
ic @ 9561.4bf2dc71.js:2
enqueueSetState @ 9561.4bf2dc71.js:2
b.setState @ 9561.4bf2dc71.js:2
(匿名) @ main.2faaeed8.js:1
u @ 9561.4bf2dc71.js:2
(匿名) @ 9561.4bf2dc71.js:2
(匿名) @ 9561.4bf2dc71.js:2
r @ 9561.4bf2dc71.js:2
s @ 9561.4bf2dc71.js:2
Promise.then
r @ 9561.4bf2dc71.js:2
s @ 9561.4bf2dc71.js:2
(匿名) @ 9561.4bf2dc71.js:2
(匿名) @ 9561.4bf2dc71.js:2
(匿名) @ main.2faaeed8.js:1
za @ 9561.4bf2dc71.js:2
$i @ 9561.4bf2dc71.js:2
Cs @ 9561.4bf2dc71.js:2
wc @ 9561.4bf2dc71.js:2
_c @ 9561.4bf2dc71.js:2
dc @ 9561.4bf2dc71.js:2
ic @ 9561.4bf2dc71.js:2
Gc @ 9561.4bf2dc71.js:2
(匿名) @ 9561.4bf2dc71.js:2
pc @ 9561.4bf2dc71.js:2
el @ 9561.4bf2dc71.js:2
render @ 9561.4bf2dc71.js:2
(匿名) @ main.2faaeed8.js:1
u @ 9561.4bf2dc71.js:2
(匿名) @ 9561.4bf2dc71.js:2
(匿名) @ 9561.4bf2dc71.js:2
r @ 9561.4bf2dc71.js:2
s @ 9561.4bf2dc71.js:2
Promise.then
r @ 9561.4bf2dc71.js:2
s @ 9561.4bf2dc71.js:2
(匿名) @ 9561.4bf2dc71.js:2
(匿名) @ 9561.4bf2dc71.js:2
(匿名) @ main.2faaeed8.js:1
(匿名) @ main.2faaeed8.js:1
u @ 9561.4bf2dc71.js:2
(匿名) @ 9561.4bf2dc71.js:2
(匿名) @ 9561.4bf2dc71.js:2
r @ 9561.4bf2dc71.js:2
s @ 9561.4bf2dc71.js:2
Promise.then
r @ 9561.4bf2dc71.js:2
s @ 9561.4bf2dc71.js:2
Promise.then
r @ 9561.4bf2dc71.js:2
s @ 9561.4bf2dc71.js:2
(匿名) @ 9561.4bf2dc71.js:2
(匿名) @ 9561.4bf2dc71.js:2
49209 @ main.2faaeed8.js:1
n @ main.2faaeed8.js:1
(匿名) @ main.2faaeed8.js:1
n.O @ main.2faaeed8.js:1
(匿名) @ main.2faaeed8.js:1
(匿名) @ main.2faaeed8.js:1
(匿名) @ main.2faaeed8.js:1
(匿名) @ main.2faaeed8.js:1
9561.4bf2dc71.js:2  react-intl-universal key "7da531ec" not defined in zh
warningHandler @ 9561.4bf2dc71.js:2
value @ 9561.4bf2dc71.js:2
p @ 9561.4bf2dc71.js:2
(匿名) @ 5392.a94416b9.chunk.js:1
7945 @ 5392.a94416b9.chunk.js:1
n @ main.2faaeed8.js:1
35392 @ 5392.a94416b9.chunk.js:1
n @ main.2faaeed8.js:1
Promise.then
(匿名) @ main.2faaeed8.js:1
(匿名) @ 9561.4bf2dc71.js:2
Cs @ 9561.4bf2dc71.js:2
wc @ 9561.4bf2dc71.js:2
_c @ 9561.4bf2dc71.js:2
dc @ 9561.4bf2dc71.js:2
(匿名) @ 9561.4bf2dc71.js:2
t.unstable_runWithPriority @ 9561.4bf2dc71.js:2
qo @ 9561.4bf2dc71.js:2
Xo @ 9561.4bf2dc71.js:2
$o @ 9561.4bf2dc71.js:2
ic @ 9561.4bf2dc71.js:2
enqueueSetState @ 9561.4bf2dc71.js:2
b.setState @ 9561.4bf2dc71.js:2
(匿名) @ main.2faaeed8.js:1
u @ 9561.4bf2dc71.js:2
(匿名) @ 9561.4bf2dc71.js:2
(匿名) @ 9561.4bf2dc71.js:2
r @ 9561.4bf2dc71.js:2
s @ 9561.4bf2dc71.js:2
Promise.then
r @ 9561.4bf2dc71.js:2
s @ 9561.4bf2dc71.js:2
(匿名) @ 9561.4bf2dc71.js:2
(匿名) @ 9561.4bf2dc71.js:2
(匿名) @ main.2faaeed8.js:1
za @ 9561.4bf2dc71.js:2
$i @ 9561.4bf2dc71.js:2
Cs @ 9561.4bf2dc71.js:2
wc @ 9561.4bf2dc71.js:2
_c @ 9561.4bf2dc71.js:2
dc @ 9561.4bf2dc71.js:2
ic @ 9561.4bf2dc71.js:2
Gc @ 9561.4bf2dc71.js:2
(匿名) @ 9561.4bf2dc71.js:2
pc @ 9561.4bf2dc71.js:2
el @ 9561.4bf2dc71.js:2
render @ 9561.4bf2dc71.js:2
(匿名) @ main.2faaeed8.js:1
u @ 9561.4bf2dc71.js:2
(匿名) @ 9561.4bf2dc71.js:2
(匿名) @ 9561.4bf2dc71.js:2
r @ 9561.4bf2dc71.js:2
s @ 9561.4bf2dc71.js:2
Promise.then
r @ 9561.4bf2dc71.js:2
s @ 9561.4bf2dc71.js:2
(匿名) @ 9561.4bf2dc71.js:2
(匿名) @ 9561.4bf2dc71.js:2
(匿名) @ main.2faaeed8.js:1
(匿名) @ main.2faaeed8.js:1
u @ 9561.4bf2dc71.js:2
(匿名) @ 9561.4bf2dc71.js:2
(匿名) @ 9561.4bf2dc71.js:2
r @ 9561.4bf2dc71.js:2
s @ 9561.4bf2dc71.js:2
Promise.then
r @ 9561.4bf2dc71.js:2
s @ 9561.4bf2dc71.js:2
Promise.then
r @ 9561.4bf2dc71.js:2
s @ 9561.4bf2dc71.js:2
(匿名) @ 9561.4bf2dc71.js:2
(匿名) @ 9561.4bf2dc71.js:2
49209 @ main.2faaeed8.js:1
n @ main.2faaeed8.js:1
(匿名) @ main.2faaeed8.js:1
n.O @ main.2faaeed8.js:1
(匿名) @ main.2faaeed8.js:1
(匿名) @ main.2faaeed8.js:1
(匿名) @ main.2faaeed8.js:1
(匿名) @ main.2faaeed8.js:1
9561.4bf2dc71.js:2  react-intl-universal key "7da531ec" not defined in zh
warningHandler @ 9561.4bf2dc71.js:2
value @ 9561.4bf2dc71.js:2
p @ 9561.4bf2dc71.js:2
(匿名) @ 5392.a94416b9.chunk.js:1
7945 @ 5392.a94416b9.chunk.js:1
n @ main.2faaeed8.js:1
35392 @ 5392.a94416b9.chunk.js:1
n @ main.2faaeed8.js:1
Promise.then
(匿名) @ main.2faaeed8.js:1
(匿名) @ 9561.4bf2dc71.js:2
Cs @ 9561.4bf2dc71.js:2
wc @ 9561.4bf2dc71.js:2
_c @ 9561.4bf2dc71.js:2
dc @ 9561.4bf2dc71.js:2
(匿名) @ 9561.4bf2dc71.js:2
t.unstable_runWithPriority @ 9561.4bf2dc71.js:2
qo @ 9561.4bf2dc71.js:2
Xo @ 9561.4bf2dc71.js:2
$o @ 9561.4bf2dc71.js:2
ic @ 9561.4bf2dc71.js:2
enqueueSetState @ 9561.4bf2dc71.js:2
b.setState @ 9561.4bf2dc71.js:2
(匿名) @ main.2faaeed8.js:1
u @ 9561.4bf2dc71.js:2
(匿名) @ 9561.4bf2dc71.js:2
(匿名) @ 9561.4bf2dc71.js:2
r @ 9561.4bf2dc71.js:2
s @ 9561.4bf2dc71.js:2
Promise.then
r @ 9561.4bf2dc71.js:2
s @ 9561.4bf2dc71.js:2
(匿名) @ 9561.4bf2dc71.js:2
(匿名) @ 9561.4bf2dc71.js:2
(匿名) @ main.2faaeed8.js:1
za @ 9561.4bf2dc71.js:2
$i @ 9561.4bf2dc71.js:2
Cs @ 9561.4bf2dc71.js:2
wc @ 9561.4bf2dc71.js:2
_c @ 9561.4bf2dc71.js:2
dc @ 9561.4bf2dc71.js:2
ic @ 9561.4bf2dc71.js:2
Gc @ 9561.4bf2dc71.js:2
(匿名) @ 9561.4bf2dc71.js:2
pc @ 9561.4bf2dc71.js:2
el @ 9561.4bf2dc71.js:2
render @ 9561.4bf2dc71.js:2
(匿名) @ main.2faaeed8.js:1
u @ 9561.4bf2dc71.js:2
(匿名) @ 9561.4bf2dc71.js:2
(匿名) @ 9561.4bf2dc71.js:2
r @ 9561.4bf2dc71.js:2
s @ 9561.4bf2dc71.js:2
Promise.then
r @ 9561.4bf2dc71.js:2
s @ 9561.4bf2dc71.js:2
(匿名) @ 9561.4bf2dc71.js:2
(匿名) @ 9561.4bf2dc71.js:2
(匿名) @ main.2faaeed8.js:1
(匿名) @ main.2faaeed8.js:1
u @ 9561.4bf2dc71.js:2
(匿名) @ 9561.4bf2dc71.js:2
(匿名) @ 9561.4bf2dc71.js:2
r @ 9561.4bf2dc71.js:2
s @ 9561.4bf2dc71.js:2
Promise.then
r @ 9561.4bf2dc71.js:2
s @ 9561.4bf2dc71.js:2
Promise.then
r @ 9561.4bf2dc71.js:2
s @ 9561.4bf2dc71.js:2
(匿名) @ 9561.4bf2dc71.js:2
(匿名) @ 9561.4bf2dc71.js:2
49209 @ main.2faaeed8.js:1
n @ main.2faaeed8.js:1
(匿名) @ main.2faaeed8.js:1
n.O @ main.2faaeed8.js:1
(匿名) @ main.2faaeed8.js:1
(匿名) @ main.2faaeed8.js:1
(匿名) @ main.2faaeed8.js:1
(匿名) @ main.2faaeed8.js:1
9561.4bf2dc71.js:2  react-intl-universal key "c6dd8b8f" not defined in zh
warningHandler @ 9561.4bf2dc71.js:2
value @ 9561.4bf2dc71.js:2
p @ 9561.4bf2dc71.js:2
(匿名) @ 5392.a94416b9.chunk.js:1
7945 @ 5392.a94416b9.chunk.js:1
n @ main.2faaeed8.js:1
35392 @ 5392.a94416b9.chunk.js:1
n @ main.2faaeed8.js:1
Promise.then
(匿名) @ main.2faaeed8.js:1
(匿名) @ 9561.4bf2dc71.js:2
Cs @ 9561.4bf2dc71.js:2
wc @ 9561.4bf2dc71.js:2
_c @ 9561.4bf2dc71.js:2
dc @ 9561.4bf2dc71.js:2
(匿名) @ 9561.4bf2dc71.js:2
t.unstable_runWithPriority @ 9561.4bf2dc71.js:2
qo @ 9561.4bf2dc71.js:2
Xo @ 9561.4bf2dc71.js:2
$o @ 9561.4bf2dc71.js:2
ic @ 9561.4bf2dc71.js:2
enqueueSetState @ 9561.4bf2dc71.js:2
b.setState @ 9561.4bf2dc71.js:2
(匿名) @ main.2faaeed8.js:1
u @ 9561.4bf2dc71.js:2
(匿名) @ 9561.4bf2dc71.js:2
(匿名) @ 9561.4bf2dc71.js:2
r @ 9561.4bf2dc71.js:2
s @ 9561.4bf2dc71.js:2
Promise.then
r @ 9561.4bf2dc71.js:2
s @ 9561.4bf2dc71.js:2
(匿名) @ 9561.4bf2dc71.js:2
(匿名) @ 9561.4bf2dc71.js:2
(匿名) @ main.2faaeed8.js:1
za @ 9561.4bf2dc71.js:2
$i @ 9561.4bf2dc71.js:2
Cs @ 9561.4bf2dc71.js:2
wc @ 9561.4bf2dc71.js:2
_c @ 9561.4bf2dc71.js:2
dc @ 9561.4bf2dc71.js:2
ic @ 9561.4bf2dc71.js:2
Gc @ 9561.4bf2dc71.js:2
(匿名) @ 9561.4bf2dc71.js:2
pc @ 9561.4bf2dc71.js:2
el @ 9561.4bf2dc71.js:2
render @ 9561.4bf2dc71.js:2
(匿名) @ main.2faaeed8.js:1
u @ 9561.4bf2dc71.js:2
(匿名) @ 9561.4bf2dc71.js:2
(匿名) @ 9561.4bf2dc71.js:2
r @ 9561.4bf2dc71.js:2
s @ 9561.4bf2dc71.js:2
Promise.then
r @ 9561.4bf2dc71.js:2
s @ 9561.4bf2dc71.js:2
(匿名) @ 9561.4bf2dc71.js:2
(匿名) @ 9561.4bf2dc71.js:2
(匿名) @ main.2faaeed8.js:1
(匿名) @ main.2faaeed8.js:1
u @ 9561.4bf2dc71.js:2
(匿名) @ 9561.4bf2dc71.js:2
(匿名) @ 9561.4bf2dc71.js:2
r @ 9561.4bf2dc71.js:2
s @ 9561.4bf2dc71.js:2
Promise.then
r @ 9561.4bf2dc71.js:2
s @ 9561.4bf2dc71.js:2
Promise.then
r @ 9561.4bf2dc71.js:2
s @ 9561.4bf2dc71.js:2
(匿名) @ 9561.4bf2dc71.js:2
(匿名) @ 9561.4bf2dc71.js:2
49209 @ main.2faaeed8.js:1
n @ main.2faaeed8.js:1
(匿名) @ main.2faaeed8.js:1
n.O @ main.2faaeed8.js:1
(匿名) @ main.2faaeed8.js:1
(匿名) @ main.2faaeed8.js:1
(匿名) @ main.2faaeed8.js:1
(匿名) @ main.2faaeed8.js:1
9561.4bf2dc71.js:2  react-intl-universal key "c6dd8b8f" not defined in zh
warningHandler @ 9561.4bf2dc71.js:2
value @ 9561.4bf2dc71.js:2
p @ 9561.4bf2dc71.js:2
(匿名) @ 5392.a94416b9.chunk.js:1
7945 @ 5392.a94416b9.chunk.js:1
n @ main.2faaeed8.js:1
35392 @ 5392.a94416b9.chunk.js:1
n @ main.2faaeed8.js:1
Promise.then
(匿名) @ main.2faaeed8.js:1
(匿名) @ 9561.4bf2dc71.js:2
Cs @ 9561.4bf2dc71.js:2
wc @ 9561.4bf2dc71.js:2
_c @ 9561.4bf2dc71.js:2
dc @ 9561.4bf2dc71.js:2
(匿名) @ 9561.4bf2dc71.js:2
t.unstable_runWithPriority @ 9561.4bf2dc71.js:2
qo @ 9561.4bf2dc71.js:2
Xo @ 9561.4bf2dc71.js:2
$o @ 9561.4bf2dc71.js:2
ic @ 9561.4bf2dc71.js:2
enqueueSetState @ 9561.4bf2dc71.js:2
b.setState @ 9561.4bf2dc71.js:2
(匿名) @ main.2faaeed8.js:1
u @ 9561.4bf2dc71.js:2
(匿名) @ 9561.4bf2dc71.js:2
(匿名) @ 9561.4bf2dc71.js:2
r @ 9561.4bf2dc71.js:2
s @ 9561.4bf2dc71.js:2
Promise.then
r @ 9561.4bf2dc71.js:2
s @ 9561.4bf2dc71.js:2
(匿名) @ 9561.4bf2dc71.js:2
(匿名) @ 9561.4bf2dc71.js:2
(匿名) @ main.2faaeed8.js:1
za @ 9561.4bf2dc71.js:2
$i @ 9561.4bf2dc71.js:2
Cs @ 9561.4bf2dc71.js:2
wc @ 9561.4bf2dc71.js:2
_c @ 9561.4bf2dc71.js:2
dc @ 9561.4bf2dc71.js:2
ic @ 9561.4bf2dc71.js:2
Gc @ 9561.4bf2dc71.js:2
(匿名) @ 9561.4bf2dc71.js:2
pc @ 9561.4bf2dc71.js:2
el @ 9561.4bf2dc71.js:2
render @ 9561.4bf2dc71.js:2
(匿名) @ main.2faaeed8.js:1
u @ 9561.4bf2dc71.js:2
(匿名) @ 9561.4bf2dc71.js:2
(匿名) @ 9561.4bf2dc71.js:2
r @ 9561.4bf2dc71.js:2
s @ 9561.4bf2dc71.js:2
Promise.then
r @ 9561.4bf2dc71.js:2
s @ 9561.4bf2dc71.js:2
(匿名) @ 9561.4bf2dc71.js:2
(匿名) @ 9561.4bf2dc71.js:2
(匿名) @ main.2faaeed8.js:1
(匿名) @ main.2faaeed8.js:1
u @ 9561.4bf2dc71.js:2
(匿名) @ 9561.4bf2dc71.js:2
(匿名) @ 9561.4bf2dc71.js:2
r @ 9561.4bf2dc71.js:2
s @ 9561.4bf2dc71.js:2
Promise.then
r @ 9561.4bf2dc71.js:2
s @ 9561.4bf2dc71.js:2
Promise.then
r @ 9561.4bf2dc71.js:2
s @ 9561.4bf2dc71.js:2
(匿名) @ 9561.4bf2dc71.js:2
(匿名) @ 9561.4bf2dc71.js:2
49209 @ main.2faaeed8.js:1
n @ main.2faaeed8.js:1
(匿名) @ main.2faaeed8.js:1
n.O @ main.2faaeed8.js:1
(匿名) @ main.2faaeed8.js:1
(匿名) @ main.2faaeed8.js:1
(匿名) @ main.2faaeed8.js:1
(匿名) @ main.2faaeed8.js:1
9561.4bf2dc71.js:2  react-intl-universal key "df0d4285" not defined in zh
warningHandler @ 9561.4bf2dc71.js:2
value @ 9561.4bf2dc71.js:2
p @ 9561.4bf2dc71.js:2
(匿名) @ 5392.a94416b9.chunk.js:1
7945 @ 5392.a94416b9.chunk.js:1
n @ main.2faaeed8.js:1
35392 @ 5392.a94416b9.chunk.js:1
n @ main.2faaeed8.js:1
Promise.then
(匿名) @ main.2faaeed8.js:1
(匿名) @ 9561.4bf2dc71.js:2
Cs @ 9561.4bf2dc71.js:2
wc @ 9561.4bf2dc71.js:2
_c @ 9561.4bf2dc71.js:2
dc @ 9561.4bf2dc71.js:2
(匿名) @ 9561.4bf2dc71.js:2
t.unstable_runWithPriority @ 9561.4bf2dc71.js:2
qo @ 9561.4bf2dc71.js:2
Xo @ 9561.4bf2dc71.js:2
$o @ 9561.4bf2dc71.js:2
ic @ 9561.4bf2dc71.js:2
enqueueSetState @ 9561.4bf2dc71.js:2
b.setState @ 9561.4bf2dc71.js:2
(匿名) @ main.2faaeed8.js:1
u @ 9561.4bf2dc71.js:2
(匿名) @ 9561.4bf2dc71.js:2
(匿名) @ 9561.4bf2dc71.js:2
r @ 9561.4bf2dc71.js:2
s @ 9561.4bf2dc71.js:2
Promise.then
r @ 9561.4bf2dc71.js:2
s @ 9561.4bf2dc71.js:2
(匿名) @ 9561.4bf2dc71.js:2
(匿名) @ 9561.4bf2dc71.js:2
(匿名) @ main.2faaeed8.js:1
za @ 9561.4bf2dc71.js:2
$i @ 9561.4bf2dc71.js:2
Cs @ 9561.4bf2dc71.js:2
wc @ 9561.4bf2dc71.js:2
_c @ 9561.4bf2dc71.js:2
dc @ 9561.4bf2dc71.js:2
ic @ 9561.4bf2dc71.js:2
Gc @ 9561.4bf2dc71.js:2
(匿名) @ 9561.4bf2dc71.js:2
pc @ 9561.4bf2dc71.js:2
el @ 9561.4bf2dc71.js:2
render @ 9561.4bf2dc71.js:2
(匿名) @ main.2faaeed8.js:1
u @ 9561.4bf2dc71.js:2
(匿名) @ 9561.4bf2dc71.js:2
(匿名) @ 9561.4bf2dc71.js:2
r @ 9561.4bf2dc71.js:2
s @ 9561.4bf2dc71.js:2
Promise.then
r @ 9561.4bf2dc71.js:2
s @ 9561.4bf2dc71.js:2
(匿名) @ 9561.4bf2dc71.js:2
(匿名) @ 9561.4bf2dc71.js:2
(匿名) @ main.2faaeed8.js:1
(匿名) @ main.2faaeed8.js:1
u @ 9561.4bf2dc71.js:2
(匿名) @ 9561.4bf2dc71.js:2
(匿名) @ 9561.4bf2dc71.js:2
r @ 9561.4bf2dc71.js:2
s @ 9561.4bf2dc71.js:2
Promise.then
r @ 9561.4bf2dc71.js:2
s @ 9561.4bf2dc71.js:2
Promise.then
r @ 9561.4bf2dc71.js:2
s @ 9561.4bf2dc71.js:2
(匿名) @ 9561.4bf2dc71.js:2
(匿名) @ 9561.4bf2dc71.js:2
49209 @ main.2faaeed8.js:1
n @ main.2faaeed8.js:1
(匿名) @ main.2faaeed8.js:1
n.O @ main.2faaeed8.js:1
(匿名) @ main.2faaeed8.js:1
(匿名) @ main.2faaeed8.js:1
(匿名) @ main.2faaeed8.js:1
(匿名) @ main.2faaeed8.js:1
9561.4bf2dc71.js:2  react-intl-universal key "df0d4285" not defined in zh
warningHandler @ 9561.4bf2dc71.js:2
value @ 9561.4bf2dc71.js:2
p @ 9561.4bf2dc71.js:2
(匿名) @ 5392.a94416b9.chunk.js:1
7945 @ 5392.a94416b9.chunk.js:1
n @ main.2faaeed8.js:1
35392 @ 5392.a94416b9.chunk.js:1
n @ main.2faaeed8.js:1
Promise.then
(匿名) @ main.2faaeed8.js:1
(匿名) @ 9561.4bf2dc71.js:2
Cs @ 9561.4bf2dc71.js:2
wc @ 9561.4bf2dc71.js:2
_c @ 9561.4bf2dc71.js:2
dc @ 9561.4bf2dc71.js:2
(匿名) @ 9561.4bf2dc71.js:2
t.unstable_runWithPriority @ 9561.4bf2dc71.js:2
qo @ 9561.4bf2dc71.js:2
Xo @ 9561.4bf2dc71.js:2
$o @ 9561.4bf2dc71.js:2
ic @ 9561.4bf2dc71.js:2
enqueueSetState @ 9561.4bf2dc71.js:2
b.setState @ 9561.4bf2dc71.js:2
(匿名) @ main.2faaeed8.js:1
u @ 9561.4bf2dc71.js:2
(匿名) @ 9561.4bf2dc71.js:2
(匿名) @ 9561.4bf2dc71.js:2
r @ 9561.4bf2dc71.js:2
s @ 9561.4bf2dc71.js:2
Promise.then
r @ 9561.4bf2dc71.js:2
s @ 9561.4bf2dc71.js:2
(匿名) @ 9561.4bf2dc71.js:2
(匿名) @ 9561.4bf2dc71.js:2
(匿名) @ main.2faaeed8.js:1
za @ 9561.4bf2dc71.js:2
$i @ 9561.4bf2dc71.js:2
Cs @ 9561.4bf2dc71.js:2
wc @ 9561.4bf2dc71.js:2
_c @ 9561.4bf2dc71.js:2
dc @ 9561.4bf2dc71.js:2
ic @ 9561.4bf2dc71.js:2
Gc @ 9561.4bf2dc71.js:2
(匿名) @ 9561.4bf2dc71.js:2
pc @ 9561.4bf2dc71.js:2
el @ 9561.4bf2dc71.js:2
render @ 9561.4bf2dc71.js:2
(匿名) @ main.2faaeed8.js:1
u @ 9561.4bf2dc71.js:2
(匿名) @ 9561.4bf2dc71.js:2
(匿名) @ 9561.4bf2dc71.js:2
r @ 9561.4bf2dc71.js:2
s @ 9561.4bf2dc71.js:2
Promise.then
r @ 9561.4bf2dc71.js:2
s @ 9561.4bf2dc71.js:2
(匿名) @ 9561.4bf2dc71.js:2
(匿名) @ 9561.4bf2dc71.js:2
(匿名) @ main.2faaeed8.js:1
(匿名) @ main.2faaeed8.js:1
u @ 9561.4bf2dc71.js:2
(匿名) @ 9561.4bf2dc71.js:2
(匿名) @ 9561.4bf2dc71.js:2
r @ 9561.4bf2dc71.js:2
s @ 9561.4bf2dc71.js:2
Promise.then
r @ 9561.4bf2dc71.js:2
s @ 9561.4bf2dc71.js:2
Promise.then
r @ 9561.4bf2dc71.js:2
s @ 9561.4bf2dc71.js:2
(匿名) @ 9561.4bf2dc71.js:2
(匿名) @ 9561.4bf2dc71.js:2
49209 @ main.2faaeed8.js:1
n @ main.2faaeed8.js:1
(匿名) @ main.2faaeed8.js:1
n.O @ main.2faaeed8.js:1
(匿名) @ main.2faaeed8.js:1
(匿名) @ main.2faaeed8.js:1
(匿名) @ main.2faaeed8.js:1
(匿名) @ main.2faaeed8.js:1
9561.4bf2dc71.js:2  react-intl-universal key "bd875341" not defined in zh
warningHandler @ 9561.4bf2dc71.js:2
value @ 9561.4bf2dc71.js:2
p @ 9561.4bf2dc71.js:2
(匿名) @ 5392.a94416b9.chunk.js:1
7945 @ 5392.a94416b9.chunk.js:1
n @ main.2faaeed8.js:1
35392 @ 5392.a94416b9.chunk.js:1
n @ main.2faaeed8.js:1
Promise.then
(匿名) @ main.2faaeed8.js:1
(匿名) @ 9561.4bf2dc71.js:2
Cs @ 9561.4bf2dc71.js:2
wc @ 9561.4bf2dc71.js:2
_c @ 9561.4bf2dc71.js:2
dc @ 9561.4bf2dc71.js:2
(匿名) @ 9561.4bf2dc71.js:2
t.unstable_runWithPriority @ 9561.4bf2dc71.js:2
qo @ 9561.4bf2dc71.js:2
Xo @ 9561.4bf2dc71.js:2
$o @ 9561.4bf2dc71.js:2
ic @ 9561.4bf2dc71.js:2
enqueueSetState @ 9561.4bf2dc71.js:2
b.setState @ 9561.4bf2dc71.js:2
(匿名) @ main.2faaeed8.js:1
u @ 9561.4bf2dc71.js:2
(匿名) @ 9561.4bf2dc71.js:2
(匿名) @ 9561.4bf2dc71.js:2
r @ 9561.4bf2dc71.js:2
s @ 9561.4bf2dc71.js:2
Promise.then
r @ 9561.4bf2dc71.js:2
s @ 9561.4bf2dc71.js:2
(匿名) @ 9561.4bf2dc71.js:2
(匿名) @ 9561.4bf2dc71.js:2
(匿名) @ main.2faaeed8.js:1
za @ 9561.4bf2dc71.js:2
$i @ 9561.4bf2dc71.js:2
Cs @ 9561.4bf2dc71.js:2
wc @ 9561.4bf2dc71.js:2
_c @ 9561.4bf2dc71.js:2
dc @ 9561.4bf2dc71.js:2
ic @ 9561.4bf2dc71.js:2
Gc @ 9561.4bf2dc71.js:2
(匿名) @ 9561.4bf2dc71.js:2
pc @ 9561.4bf2dc71.js:2
el @ 9561.4bf2dc71.js:2
render @ 9561.4bf2dc71.js:2
(匿名) @ main.2faaeed8.js:1
u @ 9561.4bf2dc71.js:2
(匿名) @ 9561.4bf2dc71.js:2
(匿名) @ 9561.4bf2dc71.js:2
r @ 9561.4bf2dc71.js:2
s @ 9561.4bf2dc71.js:2
Promise.then
r @ 9561.4bf2dc71.js:2
s @ 9561.4bf2dc71.js:2
(匿名) @ 9561.4bf2dc71.js:2
(匿名) @ 9561.4bf2dc71.js:2
(匿名) @ main.2faaeed8.js:1
(匿名) @ main.2faaeed8.js:1
u @ 9561.4bf2dc71.js:2
(匿名) @ 9561.4bf2dc71.js:2
(匿名) @ 9561.4bf2dc71.js:2
r @ 9561.4bf2dc71.js:2
s @ 9561.4bf2dc71.js:2
Promise.then
r @ 9561.4bf2dc71.js:2
s @ 9561.4bf2dc71.js:2
Promise.then
r @ 9561.4bf2dc71.js:2
s @ 9561.4bf2dc71.js:2
(匿名) @ 9561.4bf2dc71.js:2
(匿名) @ 9561.4bf2dc71.js:2
49209 @ main.2faaeed8.js:1
n @ main.2faaeed8.js:1
(匿名) @ main.2faaeed8.js:1
n.O @ main.2faaeed8.js:1
(匿名) @ main.2faaeed8.js:1
(匿名) @ main.2faaeed8.js:1
(匿名) @ main.2faaeed8.js:1
(匿名) @ main.2faaeed8.js:1
9561.4bf2dc71.js:2  react-intl-universal key "bd875341" not defined in zh
warningHandler @ 9561.4bf2dc71.js:2
value @ 9561.4bf2dc71.js:2
p @ 9561.4bf2dc71.js:2
(匿名) @ 5392.a94416b9.chunk.js:1
7945 @ 5392.a94416b9.chunk.js:1
n @ main.2faaeed8.js:1
35392 @ 5392.a94416b9.chunk.js:1
n @ main.2faaeed8.js:1
Promise.then
(匿名) @ main.2faaeed8.js:1
(匿名) @ 9561.4bf2dc71.js:2
Cs @ 9561.4bf2dc71.js:2
wc @ 9561.4bf2dc71.js:2
_c @ 9561.4bf2dc71.js:2
dc @ 9561.4bf2dc71.js:2
(匿名) @ 9561.4bf2dc71.js:2
t.unstable_runWithPriority @ 9561.4bf2dc71.js:2
qo @ 9561.4bf2dc71.js:2
Xo @ 9561.4bf2dc71.js:2
$o @ 9561.4bf2dc71.js:2
ic @ 9561.4bf2dc71.js:2
enqueueSetState @ 9561.4bf2dc71.js:2
b.setState @ 9561.4bf2dc71.js:2
(匿名) @ main.2faaeed8.js:1
u @ 9561.4bf2dc71.js:2
(匿名) @ 9561.4bf2dc71.js:2
(匿名) @ 9561.4bf2dc71.js:2
r @ 9561.4bf2dc71.js:2
s @ 9561.4bf2dc71.js:2
Promise.then
r @ 9561.4bf2dc71.js:2
s @ 9561.4bf2dc71.js:2
(匿名) @ 9561.4bf2dc71.js:2
(匿名) @ 9561.4bf2dc71.js:2
(匿名) @ main.2faaeed8.js:1
za @ 9561.4bf2dc71.js:2
$i @ 9561.4bf2dc71.js:2
Cs @ 9561.4bf2dc71.js:2
wc @ 9561.4bf2dc71.js:2
_c @ 9561.4bf2dc71.js:2
dc @ 9561.4bf2dc71.js:2
ic @ 9561.4bf2dc71.js:2
Gc @ 9561.4bf2dc71.js:2
(匿名) @ 9561.4bf2dc71.js:2
pc @ 9561.4bf2dc71.js:2
el @ 9561.4bf2dc71.js:2
render @ 9561.4bf2dc71.js:2
(匿名) @ main.2faaeed8.js:1
u @ 9561.4bf2dc71.js:2
(匿名) @ 9561.4bf2dc71.js:2
(匿名) @ 9561.4bf2dc71.js:2
r @ 9561.4bf2dc71.js:2
s @ 9561.4bf2dc71.js:2
Promise.then
r @ 9561.4bf2dc71.js:2
s @ 9561.4bf2dc71.js:2
(匿名) @ 9561.4bf2dc71.js:2
(匿名) @ 9561.4bf2dc71.js:2
(匿名) @ main.2faaeed8.js:1
(匿名) @ main.2faaeed8.js:1
u @ 9561.4bf2dc71.js:2
(匿名) @ 9561.4bf2dc71.js:2
(匿名) @ 9561.4bf2dc71.js:2
r @ 9561.4bf2dc71.js:2
s @ 9561.4bf2dc71.js:2
Promise.then
r @ 9561.4bf2dc71.js:2
s @ 9561.4bf2dc71.js:2
Promise.then
r @ 9561.4bf2dc71.js:2
s @ 9561.4bf2dc71.js:2
(匿名) @ 9561.4bf2dc71.js:2
(匿名) @ 9561.4bf2dc71.js:2
49209 @ main.2faaeed8.js:1
n @ main.2faaeed8.js:1
(匿名) @ main.2faaeed8.js:1
n.O @ main.2faaeed8.js:1
(匿名) @ main.2faaeed8.js:1
(匿名) @ main.2faaeed8.js:1
(匿名) @ main.2faaeed8.js:1
(匿名) @ main.2faaeed8.js:1
5392.a94416b9.chunk.js:1 {id: '1A981005ADC24D2E8D1A2F0C47D719D6'} 'paramsparamsparamsparams'
main.2faaeed8.js:1 showSearch true
log.ts:201 [debug 17:24:19 ] 拦截到HTTP请求: /learn/app/clientapi/studymap/queryStudymapGate.do?studymapId=1A981005ADC24D2E8D1A2F0C47D719D6&os=99&sid=054FD616DA24461EBD64C38C12C23418
log.ts:201 [debug 17:24:19 ] 匹配到钩子: queryStudymapGate.do
main.2faaeed8.js:1 showSearch true
log.ts:201 [debug 17:24:19 ] 原始响应数据 {code: 0, body: Array(2), message: '成功'}
log.ts:201 [debug 17:24:19 ] 课程学习 0 当前关卡
log.ts:201 [debug 17:24:19 ] 考试 1 当前关卡
log.ts:201 [debug 17:24:19 ] 成功拦截课程数据 {courseCount: 0, gateName: '课程学习'}
log.ts:201 [debug 17:24:19 ] 筛选的结果数据 {gateName: '课程学习', gateNameIndex: 0, status: 2, finishTaskNum: 0, taskNum: 1}
main.2faaeed8.js:1 showSearch true
main.2faaeed8.js:1 showSearch true
log.ts:201 [debug 17:24:19 ] 拦截到HTTP请求: /learn/app/clientapi/studymap/queryStudymapGateTask.do?studymapId=1A981005ADC24D2E8D1A2F0C47D719D6&studymapGateId=CF9985B811694516B316501EDB6DEA46&os=99&sid=054FD616DA24461EBD64C38C12C23418
9561.4bf2dc71.js:2 div
9561.4bf2dc71.js:2 由于“保留日志”的原因，已阻止console.clear()
9561.4bf2dc71.js:2 ƒ l(){}
9561.4bf2dc71.js:2 由于“保留日志”的原因，已阻止console.clear()
9561.4bf2dc71.js:2 (索引)toStringlastIndexdotAllflagsglobalhasIndicesignoreCasemultilinesourcestickyunicodeunicodeSets(索引)toStringlastIndexdotAllflagsglobalhasIndicesignoreCasemultilinesourcestickyunicodeunicodeSetsdepƒ0false''falsefalsefalsefalse' 'falsefalsefalseObject
9561.4bf2dc71.js:2 由于“保留日志”的原因，已阻止console.clear()
9561.4bf2dc71.js:2 Tue Mar 10 2026 17:24:18 GMT+0800 (中国标准时间)
9561.4bf2dc71.js:2 由于“保留日志”的原因，已阻止console.clear()
9561.4bf2dc71.js:2 {}
9561.4bf2dc71.js:2 由于“保留日志”的原因，已阻止console.clear()
main.2faaeed8.js:1 showSearch true
9561.4bf2dc71.js:2  react-intl-universal key "012fdd99" not defined in zh
warningHandler @ 9561.4bf2dc71.js:2
value @ 9561.4bf2dc71.js:2
p @ 9561.4bf2dc71.js:2
l.newItem @ 5392.a94416b9.chunk.js:1
value @ 5392.a94416b9.chunk.js:1
Xi @ 9561.4bf2dc71.js:2
$i @ 9561.4bf2dc71.js:2
Cs @ 9561.4bf2dc71.js:2
wc @ 9561.4bf2dc71.js:2
_c @ 9561.4bf2dc71.js:2
dc @ 9561.4bf2dc71.js:2
(匿名) @ 9561.4bf2dc71.js:2
t.unstable_runWithPriority @ 9561.4bf2dc71.js:2
qo @ 9561.4bf2dc71.js:2
Xo @ 9561.4bf2dc71.js:2
$o @ 9561.4bf2dc71.js:2
ic @ 9561.4bf2dc71.js:2
enqueueSetState @ 9561.4bf2dc71.js:2
b.setState @ 9561.4bf2dc71.js:2
(匿名) @ 5392.a94416b9.chunk.js:1
u @ 9561.4bf2dc71.js:2
(匿名) @ 9561.4bf2dc71.js:2
(匿名) @ 9561.4bf2dc71.js:2
r @ 9561.4bf2dc71.js:2
s @ 9561.4bf2dc71.js:2
Promise.then
r @ 9561.4bf2dc71.js:2
s @ 9561.4bf2dc71.js:2
Promise.then
r @ 9561.4bf2dc71.js:2
s @ 9561.4bf2dc71.js:2
(匿名) @ 9561.4bf2dc71.js:2
(匿名) @ 9561.4bf2dc71.js:2
value @ 5392.a94416b9.chunk.js:1
Ec @ 9561.4bf2dc71.js:2
t.unstable_runWithPriority @ 9561.4bf2dc71.js:2
qo @ 9561.4bf2dc71.js:2
kc @ 9561.4bf2dc71.js:2
dc @ 9561.4bf2dc71.js:2
(匿名) @ 9561.4bf2dc71.js:2
t.unstable_runWithPriority @ 9561.4bf2dc71.js:2
qo @ 9561.4bf2dc71.js:2
Xo @ 9561.4bf2dc71.js:2
j @ 9561.4bf2dc71.js:2
M.port1.onmessage @ 9561.4bf2dc71.js:2
9561.4bf2dc71.js:2  react-intl-universal key "012fdd99" not defined in zh
warningHandler @ 9561.4bf2dc71.js:2
value @ 9561.4bf2dc71.js:2
p @ 9561.4bf2dc71.js:2
l.newItem @ 5392.a94416b9.chunk.js:1
value @ 5392.a94416b9.chunk.js:1
Xi @ 9561.4bf2dc71.js:2
$i @ 9561.4bf2dc71.js:2
Cs @ 9561.4bf2dc71.js:2
wc @ 9561.4bf2dc71.js:2
_c @ 9561.4bf2dc71.js:2
dc @ 9561.4bf2dc71.js:2
(匿名) @ 9561.4bf2dc71.js:2
t.unstable_runWithPriority @ 9561.4bf2dc71.js:2
qo @ 9561.4bf2dc71.js:2
Xo @ 9561.4bf2dc71.js:2
$o @ 9561.4bf2dc71.js:2
ic @ 9561.4bf2dc71.js:2
enqueueSetState @ 9561.4bf2dc71.js:2
b.setState @ 9561.4bf2dc71.js:2
(匿名) @ 5392.a94416b9.chunk.js:1
u @ 9561.4bf2dc71.js:2
(匿名) @ 9561.4bf2dc71.js:2
(匿名) @ 9561.4bf2dc71.js:2
r @ 9561.4bf2dc71.js:2
s @ 9561.4bf2dc71.js:2
Promise.then
r @ 9561.4bf2dc71.js:2
s @ 9561.4bf2dc71.js:2
Promise.then
r @ 9561.4bf2dc71.js:2
s @ 9561.4bf2dc71.js:2
(匿名) @ 9561.4bf2dc71.js:2
(匿名) @ 9561.4bf2dc71.js:2
value @ 5392.a94416b9.chunk.js:1
Ec @ 9561.4bf2dc71.js:2
t.unstable_runWithPriority @ 9561.4bf2dc71.js:2
qo @ 9561.4bf2dc71.js:2
kc @ 9561.4bf2dc71.js:2
dc @ 9561.4bf2dc71.js:2
(匿名) @ 9561.4bf2dc71.js:2
t.unstable_runWithPriority @ 9561.4bf2dc71.js:2
qo @ 9561.4bf2dc71.js:2
Xo @ 9561.4bf2dc71.js:2
j @ 9561.4bf2dc71.js:2
M.port1.onmessage @ 9561.4bf2dc71.js:2
log.ts:201 [debug 17:24:19 ] li.MuiListItem-root.jss122.jss123.MuiListItem-gutters.MuiListItem-alignItemsFlexStart init当前按钮 第 1 关
log.ts:201 [debug 17:24:19 ] 注册HTTP钩子: queryStudymapGateTask.do
9561.4bf2dc71.js:2 div
9561.4bf2dc71.js:2 由于“保留日志”的原因，已阻止console.clear()
9561.4bf2dc71.js:2 ƒ l(){}
9561.4bf2dc71.js:2 由于“保留日志”的原因，已阻止console.clear()
9561.4bf2dc71.js:2 (索引)toStringlastIndexdotAllflagsglobalhasIndicesignoreCasemultilinesourcestickyunicodeunicodeSets(索引)toStringlastIndexdotAllflagsglobalhasIndicesignoreCasemultilinesourcestickyunicodeunicodeSetsdepƒ0false''falsefalsefalsefalse' 'falsefalsefalseObject
9561.4bf2dc71.js:2 由于“保留日志”的原因，已阻止console.clear()
9561.4bf2dc71.js:2 Tue Mar 10 2026 17:24:18 GMT+0800 (中国标准时间)
9561.4bf2dc71.js:2 由于“保留日志”的原因，已阻止console.clear()
9561.4bf2dc71.js:2 {}
9561.4bf2dc71.js:2 由于“保留日志”的原因，已阻止console.clear()
9561.4bf2dc71.js:2 div
9561.4bf2dc71.js:2 由于“保留日志”的原因，已阻止console.clear()
9561.4bf2dc71.js:2 ƒ l(){}
9561.4bf2dc71.js:2 由于“保留日志”的原因，已阻止console.clear()
9561.4bf2dc71.js:2 (索引)toStringlastIndexdotAllflagsglobalhasIndicesignoreCasemultilinesourcestickyunicodeunicodeSets(索引)toStringlastIndexdotAllflagsglobalhasIndicesignoreCasemultilinesourcestickyunicodeunicodeSetsdepƒ0false''falsefalsefalsefalse' 'falsefalsefalseObject
9561.4bf2dc71.js:2 由于“保留日志”的原因，已阻止console.clear()
9561.4bf2dc71.js:2 Tue Mar 10 2026 17:24:18 GMT+0800 (中国标准时间)
9561.4bf2dc71.js:2 由于“保留日志”的原因，已阻止console.clear()
9561.4bf2dc71.js:2 {}
9561.4bf2dc71.js:2 由于“保留日志”的原因，已阻止console.clear()
9561.4bf2dc71.js:2 div
9561.4bf2dc71.js:2 由于“保留日志”的原因，已阻止console.clear()
9561.4bf2dc71.js:2 ƒ l(){}
9561.4bf2dc71.js:2 由于“保留日志”的原因，已阻止console.clear()
9561.4bf2dc71.js:2 (索引)toStringlastIndexdotAllflagsglobalhasIndicesignoreCasemultilinesourcestickyunicodeunicodeSets(索引)toStringlastIndexdotAllflagsglobalhasIndicesignoreCasemultilinesourcestickyunicodeunicodeSetsdepƒ0false''falsefalsefalsefalse' 'falsefalsefalseObject
9561.4bf2dc71.js:2 由于“保留日志”的原因，已阻止console.clear()
9561.4bf2dc71.js:2 Tue Mar 10 2026 17:24:18 GMT+0800 (中国标准时间)
9561.4bf2dc71.js:2 由于“保留日志”的原因，已阻止console.clear()
9561.4bf2dc71.js:2 {}
9561.4bf2dc71.js:2 由于“保留日志”的原因，已阻止console.clear()
9561.4bf2dc71.js:2 div
9561.4bf2dc71.js:2 由于“保留日志”的原因，已阻止console.clear()
9561.4bf2dc71.js:2 ƒ l(){}
9561.4bf2dc71.js:2 由于“保留日志”的原因，已阻止console.clear()
9561.4bf2dc71.js:2 (索引)toStringlastIndexdotAllflagsglobalhasIndicesignoreCasemultilinesourcestickyunicodeunicodeSets(索引)toStringlastIndexdotAllflagsglobalhasIndicesignoreCasemultilinesourcestickyunicodeunicodeSetsdepƒ0false''falsefalsefalsefalse' 'falsefalsefalseObject
9561.4bf2dc71.js:2 由于“保留日志”的原因，已阻止console.clear()
9561.4bf2dc71.js:2 Tue Mar 10 2026 17:24:18 GMT+0800 (中国标准时间)
9561.4bf2dc71.js:2 由于“保留日志”的原因，已阻止console.clear()
9561.4bf2dc71.js:2 {}
9561.4bf2dc71.js:2 由于“保留日志”的原因，已阻止console.clear()
9561.4bf2dc71.js:2 div
9561.4bf2dc71.js:2 由于“保留日志”的原因，已阻止console.clear()
9561.4bf2dc71.js:2 ƒ l(){}
9561.4bf2dc71.js:2 由于“保留日志”的原因，已阻止console.clear()
9561.4bf2dc71.js:2 (索引)toStringlastIndexdotAllflagsglobalhasIndicesignoreCasemultilinesourcestickyunicodeunicodeSets(索引)toStringlastIndexdotAllflagsglobalhasIndicesignoreCasemultilinesourcestickyunicodeunicodeSetsdepƒ0false''falsefalsefalsefalse' 'falsefalsefalseObject
9561.4bf2dc71.js:2 由于“保留日志”的原因，已阻止console.clear()
9561.4bf2dc71.js:2 Tue Mar 10 2026 17:24:18 GMT+0800 (中国标准时间)
9561.4bf2dc71.js:2 由于“保留日志”的原因，已阻止console.clear()
9561.4bf2dc71.js:2 {}
9561.4bf2dc71.js:2 由于“保留日志”的原因，已阻止console.clear()
9561.4bf2dc71.js:2 div
9561.4bf2dc71.js:2 由于“保留日志”的原因，已阻止console.clear()
9561.4bf2dc71.js:2 ƒ l(){}
9561.4bf2dc71.js:2 由于“保留日志”的原因，已阻止console.clear()
9561.4bf2dc71.js:2 (索引)toStringlastIndexdotAllflagsglobalhasIndicesignoreCasemultilinesourcestickyunicodeunicodeSets(索引)toStringlastIndexdotAllflagsglobalhasIndicesignoreCasemultilinesourcestickyunicodeunicodeSetsdepƒ0false''falsefalsefalsefalse' 'falsefalsefalseObject
9561.4bf2dc71.js:2 由于“保留日志”的原因，已阻止console.clear()
9561.4bf2dc71.js:2 Tue Mar 10 2026 17:24:18 GMT+0800 (中国标准时间)
9561.4bf2dc71.js:2 由于“保留日志”的原因，已阻止console.clear()
9561.4bf2dc71.js:2 {}
9561.4bf2dc71.js:2 由于“保留日志”的原因，已阻止console.clear()
9561.4bf2dc71.js:2 div
9561.4bf2dc71.js:2 由于“保留日志”的原因，已阻止console.clear()
9561.4bf2dc71.js:2 ƒ l(){}
9561.4bf2dc71.js:2 由于“保留日志”的原因，已阻止console.clear()
9561.4bf2dc71.js:2 (索引)toStringlastIndexdotAllflagsglobalhasIndicesignoreCasemultilinesourcestickyunicodeunicodeSets(索引)toStringlastIndexdotAllflagsglobalhasIndicesignoreCasemultilinesourcestickyunicodeunicodeSetsdepƒ0false''falsefalsefalsefalse' 'falsefalsefalseObject
9561.4bf2dc71.js:2 由于“保留日志”的原因，已阻止console.clear()
9561.4bf2dc71.js:2 Tue Mar 10 2026 17:24:18 GMT+0800 (中国标准时间)
9561.4bf2dc71.js:2 由于“保留日志”的原因，已阻止console.clear()
9561.4bf2dc71.js:2 {}
9561.4bf2dc71.js:2 由于“保留日志”的原因，已阻止console.clear()
9561.4bf2dc71.js:2 div
9561.4bf2dc71.js:2 由于“保留日志”的原因，已阻止console.clear()
9561.4bf2dc71.js:2 ƒ l(){}
9561.4bf2dc71.js:2 由于“保留日志”的原因，已阻止console.clear()
9561.4bf2dc71.js:2 (索引)toStringlastIndexdotAllflagsglobalhasIndicesignoreCasemultilinesourcestickyunicodeunicodeSets(索引)toStringlastIndexdotAllflagsglobalhasIndicesignoreCasemultilinesourcestickyunicodeunicodeSetsdepƒ0false''falsefalsefalsefalse' 'falsefalsefalseObject
9561.4bf2dc71.js:2 由于“保留日志”的原因，已阻止console.clear()
9561.4bf2dc71.js:2 Tue Mar 10 2026 17:24:18 GMT+0800 (中国标准时间)
9561.4bf2dc71.js:2 由于“保留日志”的原因，已阻止console.clear()
9561.4bf2dc71.js:2 {}
9561.4bf2dc71.js:2 由于“保留日志”的原因，已阻止console.clear()
9561.4bf2dc71.js:2 div
9561.4bf2dc71.js:2 由于“保留日志”的原因，已阻止console.clear()
9561.4bf2dc71.js:2 ƒ l(){}
9561.4bf2dc71.js:2 由于“保留日志”的原因，已阻止console.clear()
9561.4bf2dc71.js:2 (索引)toStringlastIndexdotAllflagsglobalhasIndicesignoreCasemultilinesourcestickyunicodeunicodeSets(索引)toStringlastIndexdotAllflagsglobalhasIndicesignoreCasemultilinesourcestickyunicodeunicodeSetsdepƒ0false''falsefalsefalsefalse' 'falsefalsefalseObject
9561.4bf2dc71.js:2 由于“保留日志”的原因，已阻止console.clear()
9561.4bf2dc71.js:2 Tue Mar 10 2026 17:24:18 GMT+0800 (中国标准时间)
9561.4bf2dc71.js:2 由于“保留日志”的原因，已阻止console.clear()
9561.4bf2dc71.js:2 {}
9561.4bf2dc71.js:2 由于“保留日志”的原因，已阻止console.clear()
9561.4bf2dc71.js:2 div
9561.4bf2dc71.js:2 由于“保留日志”的原因，已阻止console.clear()
9561.4bf2dc71.js:2 ƒ l(){}
9561.4bf2dc71.js:2 由于“保留日志”的原因，已阻止console.clear()
9561.4bf2dc71.js:2 (索引)toStringlastIndexdotAllflagsglobalhasIndicesignoreCasemultilinesourcestickyunicodeunicodeSets(索引)toStringlastIndexdotAllflagsglobalhasIndicesignoreCasemultilinesourcestickyunicodeunicodeSetsdepƒ0false''falsefalsefalsefalse' 'falsefalsefalseObject
9561.4bf2dc71.js:2 由于“保留日志”的原因，已阻止console.clear()
9561.4bf2dc71.js:2 Tue Mar 10 2026 17:24:18 GMT+0800 (中国标准时间)
9561.4bf2dc71.js:2 由于“保留日志”的原因，已阻止console.clear()
9561.4bf2dc71.js:2 {}
9561.4bf2dc71.js:2 由于“保留日志”的原因，已阻止console.clear()
log.ts:227  [warn 17:24:24 ] 关卡任务请求拦截超时，继续执行
PageLog.Warn @ log.ts:227
eval @ studyMap.ts:249
setTimeout
eval @ studyMap.ts:247
ZsglStudyMap.hookStudymapGateTaskRequests @ studyMap.ts:245
eval @ studyMap.ts:103
step @ studyMap.ts:46
eval @ studyMap.ts:27
fulfilled @ studyMap.ts:18
Promise.then
step @ studyMap.ts:20
fulfilled @ studyMap.ts:18
Promise.then
step @ studyMap.ts:20
eval @ studyMap.ts:21
__awaiter @ studyMap.ts:17
eval @ studyMap.ts:82
ZsglStudyMap.Init @ studyMap.ts:82
eval @ mooc.ts:63
step @ mooc.ts:33
eval @ mooc.ts:14
eval @ mooc.ts:8
__awaiter @ mooc.ts:4
MoocLauncher.start @ mooc.ts:52
Application.run @ application.ts:91
eval @ mooc.ts:31
./src/mooc.ts @ VM6292:613
__webpack_require__ @ VM6292:21
(匿名) @ VM6292:85
(匿名) @ VM6292:88
Injected @ utils.ts:155
eval @ start.ts:69
xmlhttp.onreadystatechange @ utils.ts:231
PendingScript
Injected @ utils.ts:155
eval @ start.ts:69
xmlhttp.onreadystatechange @ utils.ts:231
XMLHttpRequest.send
get @ utils.ts:238
eval @ start.ts:68
step @ start.ts:33
eval @ start.ts:14
fulfilled @ start.ts:5
Promise.then
step @ start.ts:7
eval @ start.ts:8
__awaiter @ start.ts:4
start.start @ start.ts:58
Application.run @ application.ts:91
eval @ start.ts:121
step @ start.ts:33
eval @ start.ts:14
fulfilled @ start.ts:5
Promise.then
step @ start.ts:7
eval @ start.ts:8
__awaiter @ start.ts:4
init @ start.ts:109
eval @ start.ts:127
./src/start.ts @ start.js:169
__webpack_require__ @ start.js:20
(匿名) @ start.js:84
(匿名) @ start.js:87
log.ts:201 [debug 17:24:24 ] zsglStudyMap开始初始化任务 zsgl_task_undefined
log.ts:201 [debug 17:24:24 ] 拦截请求完成hookStudymapGateTaskRequests undefined
log.ts:201 [debug 17:24:24 ] Application.App.config.studymap_auto false
mooc.ts:66 mooc初始化完成 ZsglStudyMap {event: {…}, timerManager: TimerManager, studyMapData: {…}}
mooc.ts:67 undefined 'mooc.Next'
9561.4bf2dc71.js:2 div
9561.4bf2dc71.js:2 由于“保留日志”的原因，已阻止console.clear()
9561.4bf2dc71.js:2 ƒ l(){}
9561.4bf2dc71.js:2 由于“保留日志”的原因，已阻止console.clear()
9561.4bf2dc71.js:2 (索引)toStringlastIndexdotAllflagsglobalhasIndicesignoreCasemultilinesourcestickyunicodeunicodeSets(索引)toStringlastIndexdotAllflagsglobalhasIndicesignoreCasemultilinesourcestickyunicodeunicodeSetsdepƒ0false''falsefalsefalsefalse' 'falsefalsefalseObject
9561.4bf2dc71.js:2 由于“保留日志”的原因，已阻止console.clear()
9561.4bf2dc71.js:2 Tue Mar 10 2026 17:24:18 GMT+0800 (中国标准时间)
9561.4bf2dc71.js:2 由于“保留日志”的原因，已阻止console.clear()
9561.4bf2dc71.js:2 {}
9561.4bf2dc71.js:2 由于“保留日志”的原因，已阻止console.clear()
log.ts:201 [debug 17:24:25 ] 开始创建开始按钮
9561.4bf2dc71.js:2 div
9561.4bf2dc71.js:2 由于“保留日志”的原因，已阻止console.clear()
9561.4bf2dc71.js:2 ƒ l(){}
9561.4bf2dc71.js:2 由于“保留日志”的原因，已阻止console.clear()
9561.4bf2dc71.js:2 (索引)toStringlastIndexdotAllflagsglobalhasIndicesignoreCasemultilinesourcestickyunicodeunicodeSets(索引)toStringlastIndexdotAllflagsglobalhasIndicesignoreCasemultilinesourcestickyunicodeunicodeSetsdepƒ0false''falsefalsefalsefalse' 'falsefalsefalseObject
9561.4bf2dc71.js:2 由于“保留日志”的原因，已阻止console.clear()
9561.4bf2dc71.js:2 Tue Mar 10 2026 17:24:18 GMT+0800 (中国标准时间)
9561.4bf2dc71.js:2 由于“保留日志”的原因，已阻止console.clear()
9561.4bf2dc71.js:2 {}
9561.4bf2dc71.js:2 由于“保留日志”的原因，已阻止console.clear()
9561.4bf2dc71.js:2 div
9561.4bf2dc71.js:2 由于“保留日志”的原因，已阻止console.clear()
9561.4bf2dc71.js:2 ƒ l(){}
9561.4bf2dc71.js:2 由于“保留日志”的原因，已阻止console.clear()
9561.4bf2dc71.js:2 (索引)toStringlastIndexdotAllflagsglobalhasIndicesignoreCasemultilinesourcestickyunicodeunicodeSets(索引)toStringlastIndexdotAllflagsglobalhasIndicesignoreCasemultilinesourcestickyunicodeunicodeSetsdepƒ0false''falsefalsefalsefalse' 'falsefalsefalseObject
9561.4bf2dc71.js:2 由于“保留日志”的原因，已阻止console.clear()
9561.4bf2dc71.js:2 Tue Mar 10 2026 17:24:18 GMT+0800 (中国标准时间)
9561.4bf2dc71.js:2 由于“保留日志”的原因，已阻止console.clear()
9561.4bf2dc71.js:2 {}
9561.4bf2dc71.js:2 由于“保留日志”的原因，已阻止console.clear()
9561.4bf2dc71.js:2 div
9561.4bf2dc71.js:2 由于“保留日志”的原因，已阻止console.clear()
9561.4bf2dc71.js:2 ƒ l(){}
9561.4bf2dc71.js:2 由于“保留日志”的原因，已阻止console.clear()
9561.4bf2dc71.js:2 (索引)toStringlastIndexdotAllflagsglobalhasIndicesignoreCasemultilinesourcestickyunicodeunicodeSets(索引)toStringlastIndexdotAllflagsglobalhasIndicesignoreCasemultilinesourcestickyunicodeunicodeSetsdepƒ0false''falsefalsefalsefalse' 'falsefalsefalseObject
9561.4bf2dc71.js:2 由于“保留日志”的原因，已阻止console.clear()
9561.4bf2dc71.js:2 Tue Mar 10 2026 17:24:18 GMT+0800 (中国标准时间)
9561.4bf2dc71.js:2 由于“保留日志”的原因，已阻止console.clear()
9561.4bf2dc71.js:2 {}
9561.4bf2dc71.js:2 由于“保留日志”的原因，已阻止console.clear()
9561.4bf2dc71.js:2 div
9561.4bf2dc71.js:2 由于“保留日志”的原因，已阻止console.clear()
9561.4bf2dc71.js:2 ƒ l(){}
9561.4bf2dc71.js:2 由于“保留日志”的原因，已阻止console.clear()
9561.4bf2dc71.js:2 (索引)toStringlastIndexdotAllflagsglobalhasIndicesignoreCasemultilinesourcestickyunicodeunicodeSets(索引)toStringlastIndexdotAllflagsglobalhasIndicesignoreCasemultilinesourcestickyunicodeunicodeSetsdepƒ0false''falsefalsefalsefalse' 'falsefalsefalseObject
9561.4bf2dc71.js:2 由于“保留日志”的原因，已阻止console.clear()
9561.4bf2dc71.js:2 Tue Mar 10 2026 17:24:18 GMT+0800 (中国标准时间)
9561.4bf2dc71.js:2 由于“保留日志”的原因，已阻止console.clear()
9561.4bf2dc71.js:2 {}
9561.4bf2dc71.js:2 由于“保留日志”的原因，已阻止console.clear()
9561.4bf2dc71.js:2 div
9561.4bf2dc71.js:2 由于“保留日志”的原因，已阻止console.clear()
9561.4bf2dc71.js:2 ƒ l(){}
9561.4bf2dc71.js:2 由于“保留日志”的原因，已阻止console.clear()
9561.4bf2dc71.js:2 (索引)toStringlastIndexdotAllflagsglobalhasIndicesignoreCasemultilinesourcestickyunicodeunicodeSets(索引)toStringlastIndexdotAllflagsglobalhasIndicesignoreCasemultilinesourcestickyunicodeunicodeSetsdepƒ0false''falsefalsefalsefalse' 'falsefalsefalseObject
9561.4bf2dc71.js:2 由于“保留日志”的原因，已阻止console.clear()
9561.4bf2dc71.js:2 Tue Mar 10 2026 17:24:18 GMT+0800 (中国标准时间)
9561.4bf2dc71.js:2 由于“保留日志”的原因，已阻止console.clear()
9561.4bf2dc71.js:2 {}
9561.4bf2dc71.js:2 由于“保留日志”的原因，已阻止console.clear()
9561.4bf2dc71.js:2 div
9561.4bf2dc71.js:2 由于“保留日志”的原因，已阻止console.clear()
9561.4bf2dc71.js:2 ƒ l(){}
9561.4bf2dc71.js:2 由于“保留日志”的原因，已阻止console.clear()
9561.4bf2dc71.js:2 (索引)toStringlastIndexdotAllflagsglobalhasIndicesignoreCasemultilinesourcestickyunicodeunicodeSets(索引)toStringlastIndexdotAllflagsglobalhasIndicesignoreCasemultilinesourcestickyunicodeunicodeSetsdepƒ0false''falsefalsefalsefalse' 'falsefalsefalseObject
9561.4bf2dc71.js:2 由于“保留日志”的原因，已阻止console.clear()
9561.4bf2dc71.js:2 Tue Mar 10 2026 17:24:18 GMT+0800 (中国标准时间)
9561.4bf2dc71.js:2 由于“保留日志”的原因，已阻止console.clear()
9561.4bf2dc71.js:2 {}
9561.4bf2dc71.js:2 由于“保留日志”的原因，已阻止console.clear()
9561.4bf2dc71.js:2 div
9561.4bf2dc71.js:2 由于“保留日志”的原因，已阻止console.clear()
9561.4bf2dc71.js:2 ƒ l(){}
9561.4bf2dc71.js:2 由于“保留日志”的原因，已阻止console.clear()
9561.4bf2dc71.js:2 (索引)toStringlastIndexdotAllflagsglobalhasIndicesignoreCasemultilinesourcestickyunicodeunicodeSets(索引)toStringlastIndexdotAllflagsglobalhasIndicesignoreCasemultilinesourcestickyunicodeunicodeSetsdepƒ0false''falsefalsefalsefalse' 'falsefalsefalseObject
9561.4bf2dc71.js:2 由于“保留日志”的原因，已阻止console.clear()
9561.4bf2dc71.js:2 Tue Mar 10 2026 17:24:18 GMT+0800 (中国标准时间)
9561.4bf2dc71.js:2 由于“保留日志”的原因，已阻止console.clear()
9561.4bf2dc71.js:2 {}
9561.4bf2dc71.js:2 由于“保留日志”的原因，已阻止console.clear()
9561.4bf2dc71.js:2 div
9561.4bf2dc71.js:2 由于“保留日志”的原因，已阻止console.clear()
9561.4bf2dc71.js:2 ƒ l(){}
9561.4bf2dc71.js:2 由于“保留日志”的原因，已阻止console.clear()
9561.4bf2dc71.js:2 (索引)toStringlastIndexdotAllflagsglobalhasIndicesignoreCasemultilinesourcestickyunicodeunicodeSets(索引)toStringlastIndexdotAllflagsglobalhasIndicesignoreCasemultilinesourcestickyunicodeunicodeSetsdepƒ0false''falsefalsefalsefalse' 'falsefalsefalseObject
9561.4bf2dc71.js:2 由于“保留日志”的原因，已阻止console.clear()
9561.4bf2dc71.js:2 Tue Mar 10 2026 17:24:18 GMT+0800 (中国标准时间)
9561.4bf2dc71.js:2 由于“保留日志”的原因，已阻止console.clear()
9561.4bf2dc71.js:2 {}
9561.4bf2dc71.js:2 由于“保留日志”的原因，已阻止console.clear()
9561.4bf2dc71.js:2 div
9561.4bf2dc71.js:2 由于“保留日志”的原因，已阻止console.clear()
9561.4bf2dc71.js:2 ƒ l(){}
9561.4bf2dc71.js:2 由于“保留日志”的原因，已阻止console.clear()
9561.4bf2dc71.js:2 (索引)toStringlastIndexdotAllflagsglobalhasIndicesignoreCasemultilinesourcestickyunicodeunicodeSets(索引)toStringlastIndexdotAllflagsglobalhasIndicesignoreCasemultilinesourcestickyunicodeunicodeSetsdepƒ0false''falsefalsefalsefalse' 'falsefalsefalseObject
9561.4bf2dc71.js:2 由于“保留日志”的原因，已阻止console.clear()
9561.4bf2dc71.js:2 Tue Mar 10 2026 17:24:18 GMT+0800 (中国标准时间)
9561.4bf2dc71.js:2 由于“保留日志”的原因，已阻止console.clear()
9561.4bf2dc71.js:2 {}
9561.4bf2dc71.js:2 由于“保留日志”的原因，已阻止console.clear()
9561.4bf2dc71.js:2 div
9561.4bf2dc71.js:2 由于“保留日志”的原因，已阻止console.clear()
9561.4bf2dc71.js:2 ƒ l(){}
9561.4bf2dc71.js:2 由于“保留日志”的原因，已阻止console.clear()
9561.4bf2dc71.js:2 (索引)toStringlastIndexdotAllflagsglobalhasIndicesignoreCasemultilinesourcestickyunicodeunicodeSets(索引)toStringlastIndexdotAllflagsglobalhasIndicesignoreCasemultilinesourcestickyunicodeunicodeSetsdepƒ0false''falsefalsefalsefalse' 'falsefalsefalseObject
9561.4bf2dc71.js:2 由于“保留日志”的原因，已阻止console.clear()
9561.4bf2dc71.js:2 Tue Mar 10 2026 17:24:18 GMT+0800 (中国标准时间)
9561.4bf2dc71.js:2 由于“保留日志”的原因，已阻止console.clear()
9561.4bf2dc71.js:2 {}
9561.4bf2dc71.js:2 由于“保留日志”的原因，已阻止console.clear()
9561.4bf2dc71.js:2 div
9561.4bf2dc71.js:2 由于“保留日志”的原因，已阻止console.clear()
9561.4bf2dc71.js:2 ƒ l(){}
9561.4bf2dc71.js:2 由于“保留日志”的原因，已阻止console.clear()
9561.4bf2dc71.js:2 (索引)toStringlastIndexdotAllflagsglobalhasIndicesignoreCasemultilinesourcestickyunicodeunicodeSets(索引)toStringlastIndexdotAllflagsglobalhasIndicesignoreCasemultilinesourcestickyunicodeunicodeSetsdepƒ0false''falsefalsefalsefalse' 'falsefalsefalseObject
9561.4bf2dc71.js:2 由于“保留日志”的原因，已阻止console.clear()
9561.4bf2dc71.js:2 Tue Mar 10 2026 17:24:18 GMT+0800 (中国标准时间)
9561.4bf2dc71.js:2 由于“保留日志”的原因，已阻止console.clear()
9561.4bf2dc71.js:2 {}
9561.4bf2dc71.js:2 由于“保留日志”的原因，已阻止console.clear()
9561.4bf2dc71.js:2 div
9561.4bf2dc71.js:2 由于“保留日志”的原因，已阻止console.clear()
9561.4bf2dc71.js:2 ƒ l(){}
9561.4bf2dc71.js:2 由于“保留日志”的原因，已阻止console.clear()
9561.4bf2dc71.js:2 (索引)toStringlastIndexdotAllflagsglobalhasIndicesignoreCasemultilinesourcestickyunicodeunicodeSets(索引)toStringlastIndexdotAllflagsglobalhasIndicesignoreCasemultilinesourcestickyunicodeunicodeSetsdepƒ0false''falsefalsefalsefalse' 'falsefalsefalseObject
9561.4bf2dc71.js:2 由于“保留日志”的原因，已阻止console.clear()
9561.4bf2dc71.js:2 Tue Mar 10 2026 17:24:18 GMT+0800 (中国标准时间)
9561.4bf2dc71.js:2 由于“保留日志”的原因，已阻止console.clear()
9561.4bf2dc71.js:2 {}
9561.4bf2dc71.js:2 由于“保留日志”的原因，已阻止console.clear()
9561.4bf2dc71.js:2 div
9561.4bf2dc71.js:2 由于“保留日志”的原因，已阻止console.clear()
9561.4bf2dc71.js:2 ƒ l(){}
9561.4bf2dc71.js:2 由于“保留日志”的原因，已阻止console.clear()
9561.4bf2dc71.js:2 (索引)toStringlastIndexdotAllflagsglobalhasIndicesignoreCasemultilinesourcestickyunicodeunicodeSets(索引)toStringlastIndexdotAllflagsglobalhasIndicesignoreCasemultilinesourcestickyunicodeunicodeSetsdepƒ0false''falsefalsefalsefalse' 'falsefalsefalseObject
9561.4bf2dc71.js:2 由于“保留日志”的原因，已阻止console.clear()
9561.4bf2dc71.js:2 Tue Mar 10 2026 17:24:18 GMT+0800 (中国标准时间)
9561.4bf2dc71.js:2 由于“保留日志”的原因，已阻止console.clear()
9561.4bf2dc71.js:2 {}
9561.4bf2dc71.js:2 由于“保留日志”的原因，已阻止console.clear()
9561.4bf2dc71.js:2 div
9561.4bf2dc71.js:2 由于“保留日志”的原因，已阻止console.clear()
9561.4bf2dc71.js:2 ƒ l(){}
9561.4bf2dc71.js:2 由于“保留日志”的原因，已阻止console.clear()
9561.4bf2dc71.js:2 (索引)toStringlastIndexdotAllflagsglobalhasIndicesignoreCasemultilinesourcestickyunicodeunicodeSets(索引)toStringlastIndexdotAllflagsglobalhasIndicesignoreCasemultilinesourcestickyunicodeunicodeSetsdepƒ0false''falsefalsefalsefalse' 'falsefalsefalseObject
9561.4bf2dc71.js:2 由于“保留日志”的原因，已阻止console.clear()
9561.4bf2dc71.js:2 Tue Mar 10 2026 17:24:18 GMT+0800 (中国标准时间)
9561.4bf2dc71.js:2 由于“保留日志”的原因，已阻止console.clear()
9561.4bf2dc71.js:2 {}
9561.4bf2dc71.js:2 由于“保留日志”的原因，已阻止console.clear()
9561.4bf2dc71.js:2 div
9561.4bf2dc71.js:2 由于“保留日志”的原因，已阻止console.clear()
9561.4bf2dc71.js:2 ƒ l(){}
9561.4bf2dc71.js:2 由于“保留日志”的原因，已阻止console.clear()
9561.4bf2dc71.js:2 (索引)toStringlastIndexdotAllflagsglobalhasIndicesignoreCasemultilinesourcestickyunicodeunicodeSets(索引)toStringlastIndexdotAllflagsglobalhasIndicesignoreCasemultilinesourcestickyunicodeunicodeSetsdepƒ0false''falsefalsefalsefalse' 'falsefalsefalseObject
9561.4bf2dc71.js:2 由于“保留日志”的原因，已阻止console.clear()
9561.4bf2dc71.js:2 Tue Mar 10 2026 17:24:18 GMT+0800 (中国标准时间)
9561.4bf2dc71.js:2 由于“保留日志”的原因，已阻止console.clear()
9561.4bf2dc71.js:2 {}
9561.4bf2dc71.js:2 由于“保留日志”的原因，已阻止console.clear()
9561.4bf2dc71.js:2 div
9561.4bf2dc71.js:2 由于“保留日志”的原因，已阻止console.clear()
9561.4bf2dc71.js:2 ƒ l(){}
9561.4bf2dc71.js:2 由于“保留日志”的原因，已阻止console.clear()
9561.4bf2dc71.js:2 (索引)toStringlastIndexdotAllflagsglobalhasIndicesignoreCasemultilinesourcestickyunicodeunicodeSets(索引)toStringlastIndexdotAllflagsglobalhasIndicesignoreCasemultilinesourcestickyunicodeunicodeSetsdepƒ0false''falsefalsefalsefalse' 'falsefalsefalseObject
9561.4bf2dc71.js:2 由于“保留日志”的原因，已阻止console.clear()
9561.4bf2dc71.js:2 Tue Mar 10 2026 17:24:18 GMT+0800 (中国标准时间)
9561.4bf2dc71.js:2 由于“保留日志”的原因，已阻止console.clear()
9561.4bf2dc71.js:2 {}
9561.4bf2dc71.js:2 由于“保留日志”的原因，已阻止console.clear()
9561.4bf2dc71.js:2 div
9561.4bf2dc71.js:2 由于“保留日志”的原因，已阻止console.clear()
9561.4bf2dc71.js:2 ƒ l(){}
9561.4bf2dc71.js:2 由于“保留日志”的原因，已阻止console.clear()
9561.4bf2dc71.js:2 (索引)toStringlastIndexdotAllflagsglobalhasIndicesignoreCasemultilinesourcestickyunicodeunicodeSets(索引)toStringlastIndexdotAllflagsglobalhasIndicesignoreCasemultilinesourcestickyunicodeunicodeSetsdepƒ0false''falsefalsefalsefalse' 'falsefalsefalseObject
9561.4bf2dc71.js:2 由于“保留日志”的原因，已阻止console.clear()
9561.4bf2dc71.js:2 Tue Mar 10 2026 17:24:18 GMT+0800 (中国标准时间)
9561.4bf2dc71.js:2 由于“保留日志”的原因，已阻止console.clear()
9561.4bf2dc71.js:2 {}
9561.4bf2dc71.js:2 由于“保留日志”的原因，已阻止console.clear()
9561.4bf2dc71.js:2 div
9561.4bf2dc71.js:2 由于“保留日志”的原因，已阻止console.clear()
9561.4bf2dc71.js:2 ƒ l(){}
9561.4bf2dc71.js:2 由于“保留日志”的原因，已阻止console.clear()
9561.4bf2dc71.js:2 (索引)toStringlastIndexdotAllflagsglobalhasIndicesignoreCasemultilinesourcestickyunicodeunicodeSets(索引)toStringlastIndexdotAllflagsglobalhasIndicesignoreCasemultilinesourcestickyunicodeunicodeSetsdepƒ0false''falsefalsefalsefalse' 'falsefalsefalseObject
9561.4bf2dc71.js:2 由于“保留日志”的原因，已阻止console.clear()
9561.4bf2dc71.js:2 Tue Mar 10 2026 17:24:18 GMT+0800 (中国标准时间)
9561.4bf2dc71.js:2 由于“保留日志”的原因，已阻止console.clear()
9561.4bf2dc71.js:2 {}
9561.4bf2dc71.js:2 由于“保留日志”的原因，已阻止console.clear()
9561.4bf2dc71.js:2 div
9561.4bf2dc71.js:2 由于“保留日志”的原因，已阻止console.clear()
9561.4bf2dc71.js:2 ƒ l(){}
9561.4bf2dc71.js:2 由于“保留日志”的原因，已阻止console.clear()
9561.4bf2dc71.js:2 (索引)toStringlastIndexdotAllflagsglobalhasIndicesignoreCasemultilinesourcestickyunicodeunicodeSets(索引)toStringlastIndexdotAllflagsglobalhasIndicesignoreCasemultilinesourcestickyunicodeunicodeSetsdepƒ0false''falsefalsefalsefalse' 'falsefalsefalseObject
9561.4bf2dc71.js:2 由于“保留日志”的原因，已阻止console.clear()
9561.4bf2dc71.js:2 Tue Mar 10 2026 17:24:18 GMT+0800 (中国标准时间)
9561.4bf2dc71.js:2 由于“保留日志”的原因，已阻止console.clear()
9561.4bf2dc71.js:2 {}
9561.4bf2dc71.js:2 由于“保留日志”的原因，已阻止console.clear()
9561.4bf2dc71.js:2 div
9561.4bf2dc71.js:2 由于“保留日志”的原因，已阻止console.clear()
9561.4bf2dc71.js:2 ƒ l(){}
9561.4bf2dc71.js:2 由于“保留日志”的原因，已阻止console.clear()
9561.4bf2dc71.js:2 (索引)toStringlastIndexdotAllflagsglobalhasIndicesignoreCasemultilinesourcestickyunicodeunicodeSets(索引)toStringlastIndexdotAllflagsglobalhasIndicesignoreCasemultilinesourcestickyunicodeunicodeSetsdepƒ0false''falsefalsefalsefalse' 'falsefalsefalseObject
9561.4bf2dc71.js:2 由于“保留日志”的原因，已阻止console.clear()
9561.4bf2dc71.js:2 Tue Mar 10 2026 17:24:18 GMT+0800 (中国标准时间)
9561.4bf2dc71.js:2 由于“保留日志”的原因，已阻止console.clear()
9561.4bf2dc71.js:2 {}
9561.4bf2dc71.js:2 由于“保留日志”的原因，已阻止console.clear()
9561.4bf2dc71.js:2 div
9561.4bf2dc71.js:2 由于“保留日志”的原因，已阻止console.clear()
9561.4bf2dc71.js:2 ƒ l(){}
9561.4bf2dc71.js:2 由于“保留日志”的原因，已阻止console.clear()
9561.4bf2dc71.js:2 (索引)toStringlastIndexdotAllflagsglobalhasIndicesignoreCasemultilinesourcestickyunicodeunicodeSets(索引)toStringlastIndexdotAllflagsglobalhasIndicesignoreCasemultilinesourcestickyunicodeunicodeSetsdepƒ0false''falsefalsefalsefalse' 'falsefalsefalseObject
9561.4bf2dc71.js:2 由于“保留日志”的原因，已阻止console.clear()
9561.4bf2dc71.js:2 Tue Mar 10 2026 17:24:18 GMT+0800 (中国标准时间)
9561.4bf2dc71.js:2 由于“保留日志”的原因，已阻止console.clear()
9561.4bf2dc71.js:2 {}
9561.4bf2dc71.js:2 由于“保留日志”的原因，已阻止console.clear()
9561.4bf2dc71.js:2 div
9561.4bf2dc71.js:2 由于“保留日志”的原因，已阻止console.clear()
9561.4bf2dc71.js:2 ƒ l(){}
9561.4bf2dc71.js:2 由于“保留日志”的原因，已阻止console.clear()
9561.4bf2dc71.js:2 (索引)toStringlastIndexdotAllflagsglobalhasIndicesignoreCasemultilinesourcestickyunicodeunicodeSets(索引)toStringlastIndexdotAllflagsglobalhasIndicesignoreCasemultilinesourcestickyunicodeunicodeSetsdepƒ0false''falsefalsefalsefalse' 'falsefalsefalseObject
9561.4bf2dc71.js:2 由于“保留日志”的原因，已阻止console.clear()
9561.4bf2dc71.js:2 Tue Mar 10 2026 17:24:18 GMT+0800 (中国标准时间)
9561.4bf2dc71.js:2 由于“保留日志”的原因，已阻止console.clear()
9561.4bf2dc71.js:2 {}
9561.4bf2dc71.js:2 由于“保留日志”的原因，已阻止console.clear()
9561.4bf2dc71.js:2 div
9561.4bf2dc71.js:2 由于“保留日志”的原因，已阻止console.clear()
9561.4bf2dc71.js:2 ƒ l(){}
9561.4bf2dc71.js:2 由于“保留日志”的原因，已阻止console.clear()
9561.4bf2dc71.js:2 (索引)toStringlastIndexdotAllflagsglobalhasIndicesignoreCasemultilinesourcestickyunicodeunicodeSets(索引)toStringlastIndexdotAllflagsglobalhasIndicesignoreCasemultilinesourcestickyunicodeunicodeSetsdepƒ0false''falsefalsefalsefalse' 'falsefalsefalseObject
9561.4bf2dc71.js:2 由于“保留日志”的原因，已阻止console.clear()
9561.4bf2dc71.js:2 Tue Mar 10 2026 17:24:18 GMT+0800 (中国标准时间)
9561.4bf2dc71.js:2 由于“保留日志”的原因，已阻止console.clear()
9561.4bf2dc71.js:2 {}
9561.4bf2dc71.js:2 由于“保留日志”的原因，已阻止console.clear()
9561.4bf2dc71.js:2 div
9561.4bf2dc71.js:2 由于“保留日志”的原因，已阻止console.clear()
9561.4bf2dc71.js:2 ƒ l(){}
9561.4bf2dc71.js:2 由于“保留日志”的原因，已阻止console.clear()
9561.4bf2dc71.js:2 (索引)toStringlastIndexdotAllflagsglobalhasIndicesignoreCasemultilinesourcestickyunicodeunicodeSets(索引)toStringlastIndexdotAllflagsglobalhasIndicesignoreCasemultilinesourcestickyunicodeunicodeSetsdepƒ0false''falsefalsefalsefalse' 'falsefalsefalseObject
9561.4bf2dc71.js:2 由于“保留日志”的原因，已阻止console.clear()
9561.4bf2dc71.js:2 Tue Mar 10 2026 17:24:18 GMT+0800 (中国标准时间)
9561.4bf2dc71.js:2 由于“保留日志”的原因，已阻止console.clear()
9561.4bf2dc71.js:2 {}
9561.4bf2dc71.js:2 由于“保留日志”的原因，已阻止console.clear()
9561.4bf2dc71.js:2 div
9561.4bf2dc71.js:2 由于“保留日志”的原因，已阻止console.clear()
9561.4bf2dc71.js:2 ƒ l(){}
9561.4bf2dc71.js:2 由于“保留日志”的原因，已阻止console.clear()
9561.4bf2dc71.js:2 (索引)toStringlastIndexdotAllflagsglobalhasIndicesignoreCasemultilinesourcestickyunicodeunicodeSets(索引)toStringlastIndexdotAllflagsglobalhasIndicesignoreCasemultilinesourcestickyunicodeunicodeSetsdepƒ0false''falsefalsefalsefalse' 'falsefalsefalseObject
9561.4bf2dc71.js:2 由于“保留日志”的原因，已阻止console.clear()
9561.4bf2dc71.js:2 Tue Mar 10 2026 17:24:18 GMT+0800 (中国标准时间)
9561.4bf2dc71.js:2 由于“保留日志”的原因，已阻止console.clear()
9561.4bf2dc71.js:2 {}
9561.4bf2dc71.js:2 由于“保留日志”的原因，已阻止console.clear()
9561.4bf2dc71.js:2 div
9561.4bf2dc71.js:2 由于“保留日志”的原因，已阻止console.clear()
9561.4bf2dc71.js:2 ƒ l(){}
9561.4bf2dc71.js:2 由于“保留日志”的原因，已阻止console.clear()
9561.4bf2dc71.js:2 (索引)toStringlastIndexdotAllflagsglobalhasIndicesignoreCasemultilinesourcestickyunicodeunicodeSets(索引)toStringlastIndexdotAllflagsglobalhasIndicesignoreCasemultilinesourcestickyunicodeunicodeSetsdepƒ0false''falsefalsefalsefalse' 'falsefalsefalseObject
9561.4bf2dc71.js:2 由于“保留日志”的原因，已阻止console.clear()
9561.4bf2dc71.js:2 Tue Mar 10 2026 17:24:18 GMT+0800 (中国标准时间)
9561.4bf2dc71.js:2 由于“保留日志”的原因，已阻止console.clear()
9561.4bf2dc71.js:2 {}
9561.4bf2dc71.js:2 由于“保留日志”的原因，已阻止console.clear()
9561.4bf2dc71.js:2 div
9561.4bf2dc71.js:2 由于“保留日志”的原因，已阻止console.clear()
9561.4bf2dc71.js:2 ƒ l(){}
9561.4bf2dc71.js:2 由于“保留日志”的原因，已阻止console.clear()
9561.4bf2dc71.js:2 (索引)toStringlastIndexdotAllflagsglobalhasIndicesignoreCasemultilinesourcestickyunicodeunicodeSets(索引)toStringlastIndexdotAllflagsglobalhasIndicesignoreCasemultilinesourcestickyunicodeunicodeSetsdepƒ0false''falsefalsefalsefalse' 'falsefalsefalseObject
9561.4bf2dc71.js:2 由于“保留日志”的原因，已阻止console.clear()
9561.4bf2dc71.js:2 Tue Mar 10 2026 17:24:18 GMT+0800 (中国标准时间)
9561.4bf2dc71.js:2 由于“保留日志”的原因，已阻止console.clear()
9561.4bf2dc71.js:2 {}
9561.4bf2dc71.js:2 由于“保留日志”的原因，已阻止console.clear()
9561.4bf2dc71.js:2 div
9561.4bf2dc71.js:2 由于“保留日志”的原因，已阻止console.clear()
9561.4bf2dc71.js:2 ƒ l(){}
9561.4bf2dc71.js:2 由于“保留日志”的原因，已阻止console.clear()
9561.4bf2dc71.js:2 (索引)toStringlastIndexdotAllflagsglobalhasIndicesignoreCasemultilinesourcestickyunicodeunicodeSets(索引)toStringlastIndexdotAllflagsglobalhasIndicesignoreCasemultilinesourcestickyunicodeunicodeSetsdepƒ0false''falsefalsefalsefalse' 'falsefalsefalseObject
9561.4bf2dc71.js:2 由于“保留日志”的原因，已阻止console.clear()
9561.4bf2dc71.js:2 Tue Mar 10 2026 17:24:18 GMT+0800 (中国标准时间)
9561.4bf2dc71.js:2 由于“保留日志”的原因，已阻止console.clear()
9561.4bf2dc71.js:2 {}
9561.4bf2dc71.js:2 由于“保留日志”的原因，已阻止console.clear()
9561.4bf2dc71.js:2 div
9561.4bf2dc71.js:2 由于“保留日志”的原因，已阻止console.clear()
9561.4bf2dc71.js:2 ƒ l(){}
9561.4bf2dc71.js:2 由于“保留日志”的原因，已阻止console.clear()
9561.4bf2dc71.js:2 (索引)toStringlastIndexdotAllflagsglobalhasIndicesignoreCasemultilinesourcestickyunicodeunicodeSets(索引)toStringlastIndexdotAllflagsglobalhasIndicesignoreCasemultilinesourcestickyunicodeunicodeSetsdepƒ0false''falsefalsefalsefalse' 'falsefalsefalseObject
9561.4bf2dc71.js:2 由于“保留日志”的原因，已阻止console.clear()
9561.4bf2dc71.js:2 Tue Mar 10 2026 17:24:18 GMT+0800 (中国标准时间)
9561.4bf2dc71.js:2 由于“保留日志”的原因，已阻止console.clear()
9561.4bf2dc71.js:2 {}
9561.4bf2dc71.js:2 由于“保留日志”的原因，已阻止console.clear()
9561.4bf2dc71.js:2 div
9561.4bf2dc71.js:2 由于“保留日志”的原因，已阻止console.clear()
9561.4bf2dc71.js:2 ƒ l(){}
9561.4bf2dc71.js:2 由于“保留日志”的原因，已阻止console.clear()
9561.4bf2dc71.js:2 (索引)toStringlastIndexdotAllflagsglobalhasIndicesignoreCasemultilinesourcestickyunicodeunicodeSets(索引)toStringlastIndexdotAllflagsglobalhasIndicesignoreCasemultilinesourcestickyunicodeunicodeSetsdepƒ0false''falsefalsefalsefalse' 'falsefalsefalseObject
9561.4bf2dc71.js:2 由于“保留日志”的原因，已阻止console.clear()
9561.4bf2dc71.js:2 Tue Mar 10 2026 17:24:18 GMT+0800 (中国标准时间)
9561.4bf2dc71.js:2 由于“保留日志”的原因，已阻止console.clear()
9561.4bf2dc71.js:2 {}
9561.4bf2dc71.js:2 由于“保留日志”的原因，已阻止console.clear()
9561.4bf2dc71.js:2 div
9561.4bf2dc71.js:2 由于“保留日志”的原因，已阻止console.clear()
9561.4bf2dc71.js:2 ƒ l(){}
9561.4bf2dc71.js:2 由于“保留日志”的原因，已阻止console.clear()
9561.4bf2dc71.js:2 (索引)toStringlastIndexdotAllflagsglobalhasIndicesignoreCasemultilinesourcestickyunicodeunicodeSets(索引)toStringlastIndexdotAllflagsglobalhasIndicesignoreCasemultilinesourcestickyunicodeunicodeSetsdepƒ0false''falsefalsefalsefalse' 'falsefalsefalseObject
9561.4bf2dc71.js:2 由于“保留日志”的原因，已阻止console.clear()
9561.4bf2dc71.js:2 Tue Mar 10 2026 17:24:18 GMT+0800 (中国标准时间)
9561.4bf2dc71.js:2 由于“保留日志”的原因，已阻止console.clear()
9561.4bf2dc71.js:2 {}
9561.4bf2dc71.js:2 由于“保留日志”的原因，已阻止console.clear()
9561.4bf2dc71.js:2 div
9561.4bf2dc71.js:2 由于“保留日志”的原因，已阻止console.clear()
9561.4bf2dc71.js:2 ƒ l(){}
9561.4bf2dc71.js:2 由于“保留日志”的原因，已阻止console.clear()
9561.4bf2dc71.js:2 (索引)toStringlastIndexdotAllflagsglobalhasIndicesignoreCasemultilinesourcestickyunicodeunicodeSets(索引)toStringlastIndexdotAllflagsglobalhasIndicesignoreCasemultilinesourcestickyunicodeunicodeSetsdepƒ0false''falsefalsefalsefalse' 'falsefalsefalseObject
9561.4bf2dc71.js:2 由于“保留日志”的原因，已阻止console.clear()
9561.4bf2dc71.js:2 Tue Mar 10 2026 17:24:18 GMT+0800 (中国标准时间)
9561.4bf2dc71.js:2 由于“保留日志”的原因，已阻止console.clear()
9561.4bf2dc71.js:2 {}
9561.4bf2dc71.js:2 由于“保留日志”的原因，已阻止console.clear()
9561.4bf2dc71.js:2 div
9561.4bf2dc71.js:2 由于“保留日志”的原因，已阻止console.clear()
9561.4bf2dc71.js:2 ƒ l(){}
9561.4bf2dc71.js:2 由于“保留日志”的原因，已阻止console.clear()
9561.4bf2dc71.js:2 (索引)toStringlastIndexdotAllflagsglobalhasIndicesignoreCasemultilinesourcestickyunicodeunicodeSets(索引)toStringlastIndexdotAllflagsglobalhasIndicesignoreCasemultilinesourcestickyunicodeunicodeSetsdepƒ0false''falsefalsefalsefalse' 'falsefalsefalseObject
9561.4bf2dc71.js:2 由于“保留日志”的原因，已阻止console.clear()
9561.4bf2dc71.js:2 Tue Mar 10 2026 17:24:18 GMT+0800 (中国标准时间)
9561.4bf2dc71.js:2 由于“保留日志”的原因，已阻止console.clear()
9561.4bf2dc71.js:2 {}
9561.4bf2dc71.js:2 由于“保留日志”的原因，已阻止console.clear()
9561.4bf2dc71.js:2 div
9561.4bf2dc71.js:2 由于“保留日志”的原因，已阻止console.clear()
9561.4bf2dc71.js:2 ƒ l(){}
9561.4bf2dc71.js:2 由于“保留日志”的原因，已阻止console.clear()
9561.4bf2dc71.js:2 (索引)toStringlastIndexdotAllflagsglobalhasIndicesignoreCasemultilinesourcestickyunicodeunicodeSets(索引)toStringlastIndexdotAllflagsglobalhasIndicesignoreCasemultilinesourcestickyunicodeunicodeSetsdepƒ0false''falsefalsefalsefalse' 'falsefalsefalseObject
9561.4bf2dc71.js:2 由于“保留日志”的原因，已阻止console.clear()
9561.4bf2dc71.js:2 Tue Mar 10 2026 17:24:18 GMT+0800 (中国标准时间)
9561.4bf2dc71.js:2 由于“保留日志”的原因，已阻止console.clear()
9561.4bf2dc71.js:2 {}
9561.4bf2dc71.js:2 由于“保留日志”的原因，已阻止console.clear()
9561.4bf2dc71.js:2 div
9561.4bf2dc71.js:2 由于“保留日志”的原因，已阻止console.clear()
9561.4bf2dc71.js:2 ƒ l(){}
9561.4bf2dc71.js:2 由于“保留日志”的原因，已阻止console.clear()
9561.4bf2dc71.js:2 (索引)toStringlastIndexdotAllflagsglobalhasIndicesignoreCasemultilinesourcestickyunicodeunicodeSets(索引)toStringlastIndexdotAllflagsglobalhasIndicesignoreCasemultilinesourcestickyunicodeunicodeSetsdepƒ0false''falsefalsefalsefalse' 'falsefalsefalseObject
9561.4bf2dc71.js:2 由于“保留日志”的原因，已阻止console.clear()
9561.4bf2dc71.js:2 Tue Mar 10 2026 17:24:18 GMT+0800 (中国标准时间)
9561.4bf2dc71.js:2 由于“保留日志”的原因，已阻止console.clear()
9561.4bf2dc71.js:2 {}
9561.4bf2dc71.js:2 由于“保留日志”的原因，已阻止console.clear()
9561.4bf2dc71.js:2 div
9561.4bf2dc71.js:2 由于“保留日志”的原因，已阻止console.clear()
9561.4bf2dc71.js:2 ƒ l(){}
9561.4bf2dc71.js:2 由于“保留日志”的原因，已阻止console.clear()
9561.4bf2dc71.js:2 (索引)toStringlastIndexdotAllflagsglobalhasIndicesignoreCasemultilinesourcestickyunicodeunicodeSets(索引)toStringlastIndexdotAllflagsglobalhasIndicesignoreCasemultilinesourcestickyunicodeunicodeSetsdepƒ0false''falsefalsefalsefalse' 'falsefalsefalseObject
9561.4bf2dc71.js:2 由于“保留日志”的原因，已阻止console.clear()
9561.4bf2dc71.js:2 Tue Mar 10 2026 17:24:18 GMT+0800 (中国标准时间)
9561.4bf2dc71.js:2 由于“保留日志”的原因，已阻止console.clear()
9561.4bf2dc71.js:2 {}
9561.4bf2dc71.js:2 由于“保留日志”的原因，已阻止console.clear()
9561.4bf2dc71.js:2 div
9561.4bf2dc71.js:2 由于“保留日志”的原因，已阻止console.clear()
9561.4bf2dc71.js:2 ƒ l(){}
9561.4bf2dc71.js:2 由于“保留日志”的原因，已阻止console.clear()
9561.4bf2dc71.js:2 (索引)toStringlastIndexdotAllflagsglobalhasIndicesignoreCasemultilinesourcestickyunicodeunicodeSets(索引)toStringlastIndexdotAllflagsglobalhasIndicesignoreCasemultilinesourcestickyunicodeunicodeSetsdepƒ0false''falsefalsefalsefalse' 'falsefalsefalseObject
9561.4bf2dc71.js:2 由于“保留日志”的原因，已阻止console.clear()
9561.4bf2dc71.js:2 Tue Mar 10 2026 17:24:18 GMT+0800 (中国标准时间)
9561.4bf2dc71.js:2 由于“保留日志”的原因，已阻止console.clear()
9561.4bf2dc71.js:2 {}
9561.4bf2dc71.js:2 由于“保留日志”的原因，已阻止console.clear()
9561.4bf2dc71.js:2 div
9561.4bf2dc71.js:2 由于“保留日志”的原因，已阻止console.clear()
9561.4bf2dc71.js:2 ƒ l(){}
9561.4bf2dc71.js:2 由于“保留日志”的原因，已阻止console.clear()
9561.4bf2dc71.js:2 (索引)toStringlastIndexdotAllflagsglobalhasIndicesignoreCasemultilinesourcestickyunicodeunicodeSets(索引)toStringlastIndexdotAllflagsglobalhasIndicesignoreCasemultilinesourcestickyunicodeunicodeSetsdepƒ0false''falsefalsefalsefalse' 'falsefalsefalseObject
9561.4bf2dc71.js:2 由于“保留日志”的原因，已阻止console.clear()
9561.4bf2dc71.js:2 Tue Mar 10 2026 17:24:18 GMT+0800 (中国标准时间)
9561.4bf2dc71.js:2 由于“保留日志”的原因，已阻止console.clear()
9561.4bf2dc71.js:2 {}
9561.4bf2dc71.js:2 由于“保留日志”的原因，已阻止console.clear()
9561.4bf2dc71.js:2 div
9561.4bf2dc71.js:2 由于“保留日志”的原因，已阻止console.clear()
9561.4bf2dc71.js:2 ƒ l(){}
9561.4bf2dc71.js:2 由于“保留日志”的原因，已阻止console.clear()
9561.4bf2dc71.js:2 (索引)toStringlastIndexdotAllflagsglobalhasIndicesignoreCasemultilinesourcestickyunicodeunicodeSets(索引)toStringlastIndexdotAllflagsglobalhasIndicesignoreCasemultilinesourcestickyunicodeunicodeSetsdepƒ0false''falsefalsefalsefalse' 'falsefalsefalseObject
9561.4bf2dc71.js:2 由于“保留日志”的原因，已阻止console.clear()
9561.4bf2dc71.js:2 Tue Mar 10 2026 17:24:18 GMT+0800 (中国标准时间)
9561.4bf2dc71.js:2 由于“保留日志”的原因，已阻止console.clear()
9561.4bf2dc71.js:2 {}
9561.4bf2dc71.js:2 由于“保留日志”的原因，已阻止console.clear()
9561.4bf2dc71.js:2 div
9561.4bf2dc71.js:2 由于“保留日志”的原因，已阻止console.clear()
9561.4bf2dc71.js:2 ƒ l(){}
9561.4bf2dc71.js:2 由于“保留日志”的原因，已阻止console.clear()
9561.4bf2dc71.js:2 (索引)toStringlastIndexdotAllflagsglobalhasIndicesignoreCasemultilinesourcestickyunicodeunicodeSets(索引)toStringlastIndexdotAllflagsglobalhasIndicesignoreCasemultilinesourcestickyunicodeunicodeSetsdepƒ0false''falsefalsefalsefalse' 'falsefalsefalseObject
9561.4bf2dc71.js:2 由于“保留日志”的原因，已阻止console.clear()
9561.4bf2dc71.js:2 Tue Mar 10 2026 17:24:18 GMT+0800 (中国标准时间)
9561.4bf2dc71.js:2 由于“保留日志”的原因，已阻止console.clear()
9561.4bf2dc71.js:2 {}
9561.4bf2dc71.js:2 由于“保留日志”的原因，已阻止console.clear()
9561.4bf2dc71.js:2 div
9561.4bf2dc71.js:2 由于“保留日志”的原因，已阻止console.clear()
9561.4bf2dc71.js:2 ƒ l(){}
9561.4bf2dc71.js:2 由于“保留日志”的原因，已阻止console.clear()
9561.4bf2dc71.js:2 (索引)toStringlastIndexdotAllflagsglobalhasIndicesignoreCasemultilinesourcestickyunicodeunicodeSets(索引)toStringlastIndexdotAllflagsglobalhasIndicesignoreCasemultilinesourcestickyunicodeunicodeSetsdepƒ0false''falsefalsefalsefalse' 'falsefalsefalseObject
9561.4bf2dc71.js:2 由于“保留日志”的原因，已阻止console.clear()
9561.4bf2dc71.js:2 Tue Mar 10 2026 17:24:18 GMT+0800 (中国标准时间)
9561.4bf2dc71.js:2 由于“保留日志”的原因，已阻止console.clear()
9561.4bf2dc71.js:2 {}
9561.4bf2dc71.js:2 由于“保留日志”的原因，已阻止console.clear()
9561.4bf2dc71.js:2 div
9561.4bf2dc71.js:2 由于“保留日志”的原因，已阻止console.clear()
9561.4bf2dc71.js:2 ƒ l(){}
9561.4bf2dc71.js:2 由于“保留日志”的原因，已阻止console.clear()
9561.4bf2dc71.js:2 (索引)toStringlastIndexdotAllflagsglobalhasIndicesignoreCasemultilinesourcestickyunicodeunicodeSets(索引)toStringlastIndexdotAllflagsglobalhasIndicesignoreCasemultilinesourcestickyunicodeunicodeSetsdepƒ0false''falsefalsefalsefalse' 'falsefalsefalseObject
9561.4bf2dc71.js:2 由于“保留日志”的原因，已阻止console.clear()
9561.4bf2dc71.js:2 Tue Mar 10 2026 17:24:18 GMT+0800 (中国标准时间)
9561.4bf2dc71.js:2 由于“保留日志”的原因，已阻止console.clear()
9561.4bf2dc71.js:2 {}
9561.4bf2dc71.js:2 由于“保留日志”的原因，已阻止console.clear()
9561.4bf2dc71.js:2 div
9561.4bf2dc71.js:2 由于“保留日志”的原因，已阻止console.clear()
9561.4bf2dc71.js:2 ƒ l(){}
9561.4bf2dc71.js:2 由于“保留日志”的原因，已阻止console.clear()
9561.4bf2dc71.js:2 (索引)toStringlastIndexdotAllflagsglobalhasIndicesignoreCasemultilinesourcestickyunicodeunicodeSets(索引)toStringlastIndexdotAllflagsglobalhasIndicesignoreCasemultilinesourcestickyunicodeunicodeSetsdepƒ0false''falsefalsefalsefalse' 'falsefalsefalseObject
9561.4bf2dc71.js:2 由于“保留日志”的原因，已阻止console.clear()
9561.4bf2dc71.js:2 Tue Mar 10 2026 17:24:18 GMT+0800 (中国标准时间)
9561.4bf2dc71.js:2 由于“保留日志”的原因，已阻止console.clear()
9561.4bf2dc71.js:2 {}
9561.4bf2dc71.js:2 由于“保留日志”的原因，已阻止console.clear()
9561.4bf2dc71.js:2 div
9561.4bf2dc71.js:2 由于“保留日志”的原因，已阻止console.clear()
9561.4bf2dc71.js:2 ƒ l(){}
9561.4bf2dc71.js:2 由于“保留日志”的原因，已阻止console.clear()
9561.4bf2dc71.js:2 (索引)toStringlastIndexdotAllflagsglobalhasIndicesignoreCasemultilinesourcestickyunicodeunicodeSets(索引)toStringlastIndexdotAllflagsglobalhasIndicesignoreCasemultilinesourcestickyunicodeunicodeSetsdepƒ0false''falsefalsefalsefalse' 'falsefalsefalseObject
9561.4bf2dc71.js:2 由于“保留日志”的原因，已阻止console.clear()
9561.4bf2dc71.js:2 Tue Mar 10 2026 17:24:18 GMT+0800 (中国标准时间)
9561.4bf2dc71.js:2 由于“保留日志”的原因，已阻止console.clear()
9561.4bf2dc71.js:2 {}
9561.4bf2dc71.js:2 由于“保留日志”的原因，已阻止console.clear()
9561.4bf2dc71.js:2 div
9561.4bf2dc71.js:2 由于“保留日志”的原因，已阻止console.clear()
9561.4bf2dc71.js:2 ƒ l(){}
9561.4bf2dc71.js:2 由于“保留日志”的原因，已阻止console.clear()
9561.4bf2dc71.js:2 (索引)toStringlastIndexdotAllflagsglobalhasIndicesignoreCasemultilinesourcestickyunicodeunicodeSets(索引)toStringlastIndexdotAllflagsglobalhasIndicesignoreCasemultilinesourcestickyunicodeunicodeSetsdepƒ0false''falsefalsefalsefalse' 'falsefalsefalseObject
9561.4bf2dc71.js:2 由于“保留日志”的原因，已阻止console.clear()
9561.4bf2dc71.js:2 Tue Mar 10 2026 17:24:18 GMT+0800 (中国标准时间)
9561.4bf2dc71.js:2 由于“保留日志”的原因，已阻止console.clear()
9561.4bf2dc71.js:2 {}
9561.4bf2dc71.js:2 由于“保留日志”的原因，已阻止console.clear()
9561.4bf2dc71.js:2 div
9561.4bf2dc71.js:2 由于“保留日志”的原因，已阻止console.clear()
9561.4bf2dc71.js:2 ƒ l(){}
9561.4bf2dc71.js:2 由于“保留日志”的原因，已阻止console.clear()
9561.4bf2dc71.js:2 (索引)toStringlastIndexdotAllflagsglobalhasIndicesignoreCasemultilinesourcestickyunicodeunicodeSets(索引)toStringlastIndexdotAllflagsglobalhasIndicesignoreCasemultilinesourcestickyunicodeunicodeSetsdepƒ0false''falsefalsefalsefalse' 'falsefalsefalseObject
9561.4bf2dc71.js:2 由于“保留日志”的原因，已阻止console.clear()
9561.4bf2dc71.js:2 Tue Mar 10 2026 17:24:18 GMT+0800 (中国标准时间)
9561.4bf2dc71.js:2 由于“保留日志”的原因，已阻止console.clear()
9561.4bf2dc71.js:2 {}
9561.4bf2dc71.js:2 由于“保留日志”的原因，已阻止console.clear()
9561.4bf2dc71.js:2 div
9561.4bf2dc71.js:2 由于“保留日志”的原因，已阻止console.clear()
9561.4bf2dc71.js:2 ƒ l(){}
9561.4bf2dc71.js:2 由于“保留日志”的原因，已阻止console.clear()
9561.4bf2dc71.js:2 (索引)toStringlastIndexdotAllflagsglobalhasIndicesignoreCasemultilinesourcestickyunicodeunicodeSets(索引)toStringlastIndexdotAllflagsglobalhasIndicesignoreCasemultilinesourcestickyunicodeunicodeSetsdepƒ0false''falsefalsefalsefalse' 'falsefalsefalseObject
9561.4bf2dc71.js:2 由于“保留日志”的原因，已阻止console.clear()
9561.4bf2dc71.js:2 Tue Mar 10 2026 17:24:18 GMT+0800 (中国标准时间)
9561.4bf2dc71.js:2 由于“保留日志”的原因，已阻止console.clear()
9561.4bf2dc71.js:2 {}
9561.4bf2dc71.js:2 由于“保留日志”的原因，已阻止console.clear()
9561.4bf2dc71.js:2 div
9561.4bf2dc71.js:2 由于“保留日志”的原因，已阻止console.clear()
9561.4bf2dc71.js:2 ƒ l(){}
9561.4bf2dc71.js:2 由于“保留日志”的原因，已阻止console.clear()
9561.4bf2dc71.js:2 (索引)toStringlastIndexdotAllflagsglobalhasIndicesignoreCasemultilinesourcestickyunicodeunicodeSets(索引)toStringlastIndexdotAllflagsglobalhasIndicesignoreCasemultilinesourcestickyunicodeunicodeSetsdepƒ0false''falsefalsefalsefalse' 'falsefalsefalseObject
9561.4bf2dc71.js:2 由于“保留日志”的原因，已阻止console.clear()
9561.4bf2dc71.js:2 Tue Mar 10 2026 17:24:18 GMT+0800 (中国标准时间)
9561.4bf2dc71.js:2 由于“保留日志”的原因，已阻止console.clear()
9561.4bf2dc71.js:2 {}
9561.4bf2dc71.js:2 由于“保留日志”的原因，已阻止console.clear()
9561.4bf2dc71.js:2 div
9561.4bf2dc71.js:2 由于“保留日志”的原因，已阻止console.clear()
9561.4bf2dc71.js:2 ƒ l(){}
9561.4bf2dc71.js:2 由于“保留日志”的原因，已阻止console.clear()
9561.4bf2dc71.js:2 (索引)toStringlastIndexdotAllflagsglobalhasIndicesignoreCasemultilinesourcestickyunicodeunicodeSets(索引)toStringlastIndexdotAllflagsglobalhasIndicesignoreCasemultilinesourcestickyunicodeunicodeSetsdepƒ0false''falsefalsefalsefalse' 'falsefalsefalseObject
9561.4bf2dc71.js:2 由于“保留日志”的原因，已阻止console.clear()
9561.4bf2dc71.js:2 Tue Mar 10 2026 17:24:18 GMT+0800 (中国标准时间)
9561.4bf2dc71.js:2 由于“保留日志”的原因，已阻止console.clear()
9561.4bf2dc71.js:2 {}
9561.4bf2dc71.js:2 由于“保留日志”的原因，已阻止console.clear()
9561.4bf2dc71.js:2 div
9561.4bf2dc71.js:2 由于“保留日志”的原因，已阻止console.clear()
9561.4bf2dc71.js:2 ƒ l(){}
9561.4bf2dc71.js:2 由于“保留日志”的原因，已阻止console.clear()
9561.4bf2dc71.js:2 (索引)toStringlastIndexdotAllflagsglobalhasIndicesignoreCasemultilinesourcestickyunicodeunicodeSets(索引)toStringlastIndexdotAllflagsglobalhasIndicesignoreCasemultilinesourcestickyunicodeunicodeSetsdepƒ0false''falsefalsefalsefalse' 'falsefalsefalseObject
9561.4bf2dc71.js:2 由于“保留日志”的原因，已阻止console.clear()
9561.4bf2dc71.js:2 Tue Mar 10 2026 17:24:18 GMT+0800 (中国标准时间)
9561.4bf2dc71.js:2 由于“保留日志”的原因，已阻止console.clear()
9561.4bf2dc71.js:2 {}
9561.4bf2dc71.js:2 由于“保留日志”的原因，已阻止console.clear()
9561.4bf2dc71.js:2 div
9561.4bf2dc71.js:2 由于“保留日志”的原因，已阻止console.clear()
9561.4bf2dc71.js:2 ƒ l(){}
9561.4bf2dc71.js:2 由于“保留日志”的原因，已阻止console.clear()
9561.4bf2dc71.js:2 (索引)toStringlastIndexdotAllflagsglobalhasIndicesignoreCasemultilinesourcestickyunicodeunicodeSets(索引)toStringlastIndexdotAllflagsglobalhasIndicesignoreCasemultilinesourcestickyunicodeunicodeSetsdepƒ0false''falsefalsefalsefalse' 'falsefalsefalseObject
9561.4bf2dc71.js:2 由于“保留日志”的原因，已阻止console.clear()
9561.4bf2dc71.js:2 Tue Mar 10 2026 17:24:18 GMT+0800 (中国标准时间)
9561.4bf2dc71.js:2 由于“保留日志”的原因，已阻止console.clear()
9561.4bf2dc71.js:2 {}
9561.4bf2dc71.js:2 由于“保留日志”的原因，已阻止console.clear()
9561.4bf2dc71.js:2 div
9561.4bf2dc71.js:2 由于“保留日志”的原因，已阻止console.clear()
9561.4bf2dc71.js:2 ƒ l(){}
9561.4bf2dc71.js:2 由于“保留日志”的原因，已阻止console.clear()
9561.4bf2dc71.js:2 (索引)toStringlastIndexdotAllflagsglobalhasIndicesignoreCasemultilinesourcestickyunicodeunicodeSets(索引)toStringlastIndexdotAllflagsglobalhasIndicesignoreCasemultilinesourcestickyunicodeunicodeSetsdepƒ0false''falsefalsefalsefalse' 'falsefalsefalseObject
9561.4bf2dc71.js:2 由于“保留日志”的原因，已阻止console.clear()
9561.4bf2dc71.js:2 Tue Mar 10 2026 17:24:18 GMT+0800 (中国标准时间)
9561.4bf2dc71.js:2 由于“保留日志”的原因，已阻止console.clear()
9561.4bf2dc71.js:2 {}
9561.4bf2dc71.js:2 由于“保留日志”的原因，已阻止console.clear()
9561.4bf2dc71.js:2 div
9561.4bf2dc71.js:2 由于“保留日志”的原因，已阻止console.clear()
9561.4bf2dc71.js:2 ƒ l(){}
9561.4bf2dc71.js:2 由于“保留日志”的原因，已阻止console.clear()
9561.4bf2dc71.js:2 (索引)toStringlastIndexdotAllflagsglobalhasIndicesignoreCasemultilinesourcestickyunicodeunicodeSets(索引)toStringlastIndexdotAllflagsglobalhasIndicesignoreCasemultilinesourcestickyunicodeunicodeSetsdepƒ0false''falsefalsefalsefalse' 'falsefalsefalseObject
9561.4bf2dc71.js:2 由于“保留日志”的原因，已阻止console.clear()
9561.4bf2dc71.js:2 Tue Mar 10 2026 17:24:18 GMT+0800 (中国标准时间)
9561.4bf2dc71.js:2 由于“保留日志”的原因，已阻止console.clear()
9561.4bf2dc71.js:2 {}
9561.4bf2dc71.js:2 由于“保留日志”的原因，已阻止console.clear()
9561.4bf2dc71.js:2 div
9561.4bf2dc71.js:2 由于“保留日志”的原因，已阻止console.clear()
9561.4bf2dc71.js:2 ƒ l(){}
9561.4bf2dc71.js:2 由于“保留日志”的原因，已阻止console.clear()
9561.4bf2dc71.js:2 (索引)toStringlastIndexdotAllflagsglobalhasIndicesignoreCasemultilinesourcestickyunicodeunicodeSets(索引)toStringlastIndexdotAllflagsglobalhasIndicesignoreCasemultilinesourcestickyunicodeunicodeSetsdepƒ0false''falsefalsefalsefalse' 'falsefalsefalseObject
9561.4bf2dc71.js:2 由于“保留日志”的原因，已阻止console.clear()
9561.4bf2dc71.js:2 Tue Mar 10 2026 17:24:18 GMT+0800 (中国标准时间)
9561.4bf2dc71.js:2 由于“保留日志”的原因，已阻止console.clear()
9561.4bf2dc71.js:2 {}
9561.4bf2dc71.js:2 由于“保留日志”的原因，已阻止console.clear()
9561.4bf2dc71.js:2 div
9561.4bf2dc71.js:2 由于“保留日志”的原因，已阻止console.clear()
9561.4bf2dc71.js:2 ƒ l(){}
9561.4bf2dc71.js:2 由于“保留日志”的原因，已阻止console.clear()
9561.4bf2dc71.js:2 (索引)toStringlastIndexdotAllflagsglobalhasIndicesignoreCasemultilinesourcestickyunicodeunicodeSets(索引)toStringlastIndexdotAllflagsglobalhasIndicesignoreCasemultilinesourcestickyunicodeunicodeSetsdepƒ0false''falsefalsefalsefalse' 'falsefalsefalseObject
9561.4bf2dc71.js:2 由于“保留日志”的原因，已阻止console.clear()
9561.4bf2dc71.js:2 Tue Mar 10 2026 17:24:18 GMT+0800 (中国标准时间)
9561.4bf2dc71.js:2 由于“保留日志”的原因，已阻止console.clear()
9561.4bf2dc71.js:2 {}
9561.4bf2dc71.js:2 由于“保留日志”的原因，已阻止console.clear()
9561.4bf2dc71.js:2 div
9561.4bf2dc71.js:2 由于“保留日志”的原因，已阻止console.clear()
9561.4bf2dc71.js:2 ƒ l(){}
9561.4bf2dc71.js:2 由于“保留日志”的原因，已阻止console.clear()
9561.4bf2dc71.js:2 (索引)toStringlastIndexdotAllflagsglobalhasIndicesignoreCasemultilinesourcestickyunicodeunicodeSets(索引)toStringlastIndexdotAllflagsglobalhasIndicesignoreCasemultilinesourcestickyunicodeunicodeSetsdepƒ0false''falsefalsefalsefalse' 'falsefalsefalseObject
9561.4bf2dc71.js:2 由于“保留日志”的原因，已阻止console.clear()
9561.4bf2dc71.js:2 Tue Mar 10 2026 17:24:18 GMT+0800 (中国标准时间)
9561.4bf2dc71.js:2 由于“保留日志”的原因，已阻止console.clear()
9561.4bf2dc71.js:2 {}
9561.4bf2dc71.js:2 由于“保留日志”的原因，已阻止console.clear()
9561.4bf2dc71.js:2 div
9561.4bf2dc71.js:2 由于“保留日志”的原因，已阻止console.clear()
9561.4bf2dc71.js:2 ƒ l(){}
9561.4bf2dc71.js:2 由于“保留日志”的原因，已阻止console.clear()
9561.4bf2dc71.js:2 (索引)toStringlastIndexdotAllflagsglobalhasIndicesignoreCasemultilinesourcestickyunicodeunicodeSets(索引)toStringlastIndexdotAllflagsglobalhasIndicesignoreCasemultilinesourcestickyunicodeunicodeSetsdepƒ0false''falsefalsefalsefalse' 'falsefalsefalseObject
9561.4bf2dc71.js:2 由于“保留日志”的原因，已阻止console.clear()
9561.4bf2dc71.js:2 Tue Mar 10 2026 17:24:18 GMT+0800 (中国标准时间)
9561.4bf2dc71.js:2 由于“保留日志”的原因，已阻止console.clear()
9561.4bf2dc71.js:2 {}
9561.4bf2dc71.js:2 由于“保留日志”的原因，已阻止console.clear()
9561.4bf2dc71.js:2 div
9561.4bf2dc71.js:2 由于“保留日志”的原因，已阻止console.clear()
9561.4bf2dc71.js:2 ƒ l(){}
9561.4bf2dc71.js:2 由于“保留日志”的原因，已阻止console.clear()
9561.4bf2dc71.js:2 (索引)toStringlastIndexdotAllflagsglobalhasIndicesignoreCasemultilinesourcestickyunicodeunicodeSets(索引)toStringlastIndexdotAllflagsglobalhasIndicesignoreCasemultilinesourcestickyunicodeunicodeSetsdepƒ0false''falsefalsefalsefalse' 'falsefalsefalseObject
9561.4bf2dc71.js:2 由于“保留日志”的原因，已阻止console.clear()
9561.4bf2dc71.js:2 Tue Mar 10 2026 17:24:18 GMT+0800 (中国标准时间)
9561.4bf2dc71.js:2 由于“保留日志”的原因，已阻止console.clear()
9561.4bf2dc71.js:2 {}
9561.4bf2dc71.js:2 由于“保留日志”的原因，已阻止console.clear()
9561.4bf2dc71.js:2 div
9561.4bf2dc71.js:2 由于“保留日志”的原因，已阻止console.clear()
9561.4bf2dc71.js:2 ƒ l(){}
9561.4bf2dc71.js:2 由于“保留日志”的原因，已阻止console.clear()
9561.4bf2dc71.js:2 (索引)toStringlastIndexdotAllflagsglobalhasIndicesignoreCasemultilinesourcestickyunicodeunicodeSets(索引)toStringlastIndexdotAllflagsglobalhasIndicesignoreCasemultilinesourcestickyunicodeunicodeSetsdepƒ0false''falsefalsefalsefalse' 'falsefalsefalseObject
9561.4bf2dc71.js:2 由于“保留日志”的原因，已阻止console.clear()
9561.4bf2dc71.js:2 Tue Mar 10 2026 17:24:18 GMT+0800 (中国标准时间)
9561.4bf2dc71.js:2 由于“保留日志”的原因，已阻止console.clear()
9561.4bf2dc71.js:2 {}
9561.4bf2dc71.js:2 由于“保留日志”的原因，已阻止console.clear()
9561.4bf2dc71.js:2 div
9561.4bf2dc71.js:2 由于“保留日志”的原因，已阻止console.clear()
9561.4bf2dc71.js:2 ƒ l(){}
9561.4bf2dc71.js:2 由于“保留日志”的原因，已阻止console.clear()
9561.4bf2dc71.js:2 (索引)toStringlastIndexdotAllflagsglobalhasIndicesignoreCasemultilinesourcestickyunicodeunicodeSets(索引)toStringlastIndexdotAllflagsglobalhasIndicesignoreCasemultilinesourcestickyunicodeunicodeSetsdepƒ0false''falsefalsefalsefalse' 'falsefalsefalseObject
9561.4bf2dc71.js:2 由于“保留日志”的原因，已阻止console.clear()
9561.4bf2dc71.js:2 Tue Mar 10 2026 17:24:18 GMT+0800 (中国标准时间)
9561.4bf2dc71.js:2 由于“保留日志”的原因，已阻止console.clear()
9561.4bf2dc71.js:2 {}
9561.4bf2dc71.js:2 由于“保留日志”的原因，已阻止console.clear()
9561.4bf2dc71.js:2 div
9561.4bf2dc71.js:2 由于“保留日志”的原因，已阻止console.clear()
9561.4bf2dc71.js:2 ƒ l(){}
9561.4bf2dc71.js:2 由于“保留日志”的原因，已阻止console.clear()
9561.4bf2dc71.js:2 (索引)toStringlastIndexdotAllflagsglobalhasIndicesignoreCasemultilinesourcestickyunicodeunicodeSets(索引)toStringlastIndexdotAllflagsglobalhasIndicesignoreCasemultilinesourcestickyunicodeunicodeSetsdepƒ0false''falsefalsefalsefalse' 'falsefalsefalseObject
9561.4bf2dc71.js:2 由于“保留日志”的原因，已阻止console.clear()
9561.4bf2dc71.js:2 Tue Mar 10 2026 17:24:18 GMT+0800 (中国标准时间)
9561.4bf2dc71.js:2 由于“保留日志”的原因，已阻止console.clear()
9561.4bf2dc71.js:2 {}
9561.4bf2dc71.js:2 由于“保留日志”的原因，已阻止console.clear()
9561.4bf2dc71.js:2 div
9561.4bf2dc71.js:2 由于“保留日志”的原因，已阻止console.clear()
9561.4bf2dc71.js:2 ƒ l(){}
9561.4bf2dc71.js:2 由于“保留日志”的原因，已阻止console.clear()
9561.4bf2dc71.js:2 (索引)toStringlastIndexdotAllflagsglobalhasIndicesignoreCasemultilinesourcestickyunicodeunicodeSets(索引)toStringlastIndexdotAllflagsglobalhasIndicesignoreCasemultilinesourcestickyunicodeunicodeSetsdepƒ0false''falsefalsefalsefalse' 'falsefalsefalseObject
9561.4bf2dc71.js:2 由于“保留日志”的原因，已阻止console.clear()
9561.4bf2dc71.js:2 Tue Mar 10 2026 17:24:18 GMT+0800 (中国标准时间)
9561.4bf2dc71.js:2 由于“保留日志”的原因，已阻止console.clear()
9561.4bf2dc71.js:2 {}
9561.4bf2dc71.js:2 由于“保留日志”的原因，已阻止console.clear()
9561.4bf2dc71.js:2 div
9561.4bf2dc71.js:2 由于“保留日志”的原因，已阻止console.clear()
9561.4bf2dc71.js:2 ƒ l(){}
9561.4bf2dc71.js:2 由于“保留日志”的原因，已阻止console.clear()
9561.4bf2dc71.js:2 (索引)toStringlastIndexdotAllflagsglobalhasIndicesignoreCasemultilinesourcestickyunicodeunicodeSets(索引)toStringlastIndexdotAllflagsglobalhasIndicesignoreCasemultilinesourcestickyunicodeunicodeSetsdepƒ0false''falsefalsefalsefalse' 'falsefalsefalseObject
9561.4bf2dc71.js:2 由于“保留日志”的原因，已阻止console.clear()
9561.4bf2dc71.js:2 Tue Mar 10 2026 17:24:18 GMT+0800 (中国标准时间)
9561.4bf2dc71.js:2 由于“保留日志”的原因，已阻止console.clear()
9561.4bf2dc71.js:2 {}
9561.4bf2dc71.js:2 由于“保留日志”的原因，已阻止console.clear()
9561.4bf2dc71.js:2 div
9561.4bf2dc71.js:2 由于“保留日志”的原因，已阻止console.clear()
9561.4bf2dc71.js:2 ƒ l(){}
9561.4bf2dc71.js:2 由于“保留日志”的原因，已阻止console.clear()
9561.4bf2dc71.js:2 (索引)toStringlastIndexdotAllflagsglobalhasIndicesignoreCasemultilinesourcestickyunicodeunicodeSets(索引)toStringlastIndexdotAllflagsglobalhasIndicesignoreCasemultilinesourcestickyunicodeunicodeSetsdepƒ0false''falsefalsefalsefalse' 'falsefalsefalseObject
9561.4bf2dc71.js:2 由于“保留日志”的原因，已阻止console.clear()
9561.4bf2dc71.js:2 Tue Mar 10 2026 17:24:18 GMT+0800 (中国标准时间)
9561.4bf2dc71.js:2 由于“保留日志”的原因，已阻止console.clear()
9561.4bf2dc71.js:2 {}
9561.4bf2dc71.js:2 由于“保留日志”的原因，已阻止console.clear()
9561.4bf2dc71.js:2 div
9561.4bf2dc71.js:2 由于“保留日志”的原因，已阻止console.clear()
9561.4bf2dc71.js:2 ƒ l(){}
9561.4bf2dc71.js:2 由于“保留日志”的原因，已阻止console.clear()
9561.4bf2dc71.js:2 (索引)toStringlastIndexdotAllflagsglobalhasIndicesignoreCasemultilinesourcestickyunicodeunicodeSets(索引)toStringlastIndexdotAllflagsglobalhasIndicesignoreCasemultilinesourcestickyunicodeunicodeSetsdepƒ0false''falsefalsefalsefalse' 'falsefalsefalseObject
9561.4bf2dc71.js:2 由于“保留日志”的原因，已阻止console.clear()
9561.4bf2dc71.js:2 Tue Mar 10 2026 17:24:18 GMT+0800 (中国标准时间)
9561.4bf2dc71.js:2 由于“保留日志”的原因，已阻止console.clear()
9561.4bf2dc71.js:2 {}
9561.4bf2dc71.js:2 由于“保留日志”的原因，已阻止console.clear()
9561.4bf2dc71.js:2 div
9561.4bf2dc71.js:2 由于“保留日志”的原因，已阻止console.clear()
9561.4bf2dc71.js:2 ƒ l(){}
9561.4bf2dc71.js:2 由于“保留日志”的原因，已阻止console.clear()
9561.4bf2dc71.js:2 (索引)toStringlastIndexdotAllflagsglobalhasIndicesignoreCasemultilinesourcestickyunicodeunicodeSets(索引)toStringlastIndexdotAllflagsglobalhasIndicesignoreCasemultilinesourcestickyunicodeunicodeSetsdepƒ0false''falsefalsefalsefalse' 'falsefalsefalseObject
9561.4bf2dc71.js:2 由于“保留日志”的原因，已阻止console.clear()
9561.4bf2dc71.js:2 Tue Mar 10 2026 17:24:18 GMT+0800 (中国标准时间)
9561.4bf2dc71.js:2 由于“保留日志”的原因，已阻止console.clear()
9561.4bf2dc71.js:2 {}
9561.4bf2dc71.js:2 由于“保留日志”的原因，已阻止console.clear()
9561.4bf2dc71.js:2 div
9561.4bf2dc71.js:2 由于“保留日志”的原因，已阻止console.clear()
9561.4bf2dc71.js:2 ƒ l(){}
9561.4bf2dc71.js:2 由于“保留日志”的原因，已阻止console.clear()
9561.4bf2dc71.js:2 (索引)toStringlastIndexdotAllflagsglobalhasIndicesignoreCasemultilinesourcestickyunicodeunicodeSets(索引)toStringlastIndexdotAllflagsglobalhasIndicesignoreCasemultilinesourcestickyunicodeunicodeSetsdepƒ0false''falsefalsefalsefalse' 'falsefalsefalseObject
9561.4bf2dc71.js:2 由于“保留日志”的原因，已阻止console.clear()
9561.4bf2dc71.js:2 Tue Mar 10 2026 17:24:18 GMT+0800 (中国标准时间)
9561.4bf2dc71.js:2 由于“保留日志”的原因，已阻止console.clear()
9561.4bf2dc71.js:2 {}
9561.4bf2dc71.js:2 由于“保留日志”的原因，已阻止console.clear()
9561.4bf2dc71.js:2 div
9561.4bf2dc71.js:2 由于“保留日志”的原因，已阻止console.clear()
9561.4bf2dc71.js:2 ƒ l(){}
9561.4bf2dc71.js:2 由于“保留日志”的原因，已阻止console.clear()
9561.4bf2dc71.js:2 (索引)toStringlastIndexdotAllflagsglobalhasIndicesignoreCasemultilinesourcestickyunicodeunicodeSets(索引)toStringlastIndexdotAllflagsglobalhasIndicesignoreCasemultilinesourcestickyunicodeunicodeSetsdepƒ0false''falsefalsefalsefalse' 'falsefalsefalseObject
9561.4bf2dc71.js:2 由于“保留日志”的原因，已阻止console.clear()
9561.4bf2dc71.js:2 Tue Mar 10 2026 17:24:18 GMT+0800 (中国标准时间)
9561.4bf2dc71.js:2 由于“保留日志”的原因，已阻止console.clear()
9561.4bf2dc71.js:2 {}
9561.4bf2dc71.js:2 由于“保留日志”的原因，已阻止console.clear()
9561.4bf2dc71.js:2 div
9561.4bf2dc71.js:2 由于“保留日志”的原因，已阻止console.clear()
9561.4bf2dc71.js:2 ƒ l(){}
9561.4bf2dc71.js:2 由于“保留日志”的原因，已阻止console.clear()
9561.4bf2dc71.js:2 (索引)toStringlastIndexdotAllflagsglobalhasIndicesignoreCasemultilinesourcestickyunicodeunicodeSets(索引)toStringlastIndexdotAllflagsglobalhasIndicesignoreCasemultilinesourcestickyunicodeunicodeSetsdepƒ0false''falsefalsefalsefalse' 'falsefalsefalseObject
9561.4bf2dc71.js:2 由于“保留日志”的原因，已阻止console.clear()
9561.4bf2dc71.js:2 Tue Mar 10 2026 17:24:18 GMT+0800 (中国标准时间)
9561.4bf2dc71.js:2 由于“保留日志”的原因，已阻止console.clear()
9561.4bf2dc71.js:2 {}
9561.4bf2dc71.js:2 由于“保留日志”的原因，已阻止console.clear()
9561.4bf2dc71.js:2 div
9561.4bf2dc71.js:2 由于“保留日志”的原因，已阻止console.clear()
9561.4bf2dc71.js:2 ƒ l(){}
9561.4bf2dc71.js:2 由于“保留日志”的原因，已阻止console.clear()
9561.4bf2dc71.js:2 (索引)toStringlastIndexdotAllflagsglobalhasIndicesignoreCasemultilinesourcestickyunicodeunicodeSets(索引)toStringlastIndexdotAllflagsglobalhasIndicesignoreCasemultilinesourcestickyunicodeunicodeSetsdepƒ0false''falsefalsefalsefalse' 'falsefalsefalseObject
9561.4bf2dc71.js:2 由于“保留日志”的原因，已阻止console.clear()
9561.4bf2dc71.js:2 Tue Mar 10 2026 17:24:18 GMT+0800 (中国标准时间)
9561.4bf2dc71.js:2 由于“保留日志”的原因，已阻止console.clear()
9561.4bf2dc71.js:2 {}
9561.4bf2dc71.js:2 由于“保留日志”的原因，已阻止console.clear()
9561.4bf2dc71.js:2 div
9561.4bf2dc71.js:2 由于“保留日志”的原因，已阻止console.clear()
9561.4bf2dc71.js:2 ƒ l(){}
9561.4bf2dc71.js:2 由于“保留日志”的原因，已阻止console.clear()
9561.4bf2dc71.js:2 (索引)toStringlastIndexdotAllflagsglobalhasIndicesignoreCasemultilinesourcestickyunicodeunicodeSets(索引)toStringlastIndexdotAllflagsglobalhasIndicesignoreCasemultilinesourcestickyunicodeunicodeSetsdepƒ0false''falsefalsefalsefalse' 'falsefalsefalseObject
9561.4bf2dc71.js:2 由于“保留日志”的原因，已阻止console.clear()
9561.4bf2dc71.js:2 Tue Mar 10 2026 17:24:18 GMT+0800 (中国标准时间)
9561.4bf2dc71.js:2 由于“保留日志”的原因，已阻止console.clear()
9561.4bf2dc71.js:2 {}
9561.4bf2dc71.js:2 由于“保留日志”的原因，已阻止console.clear()
9561.4bf2dc71.js:2 div
9561.4bf2dc71.js:2 由于“保留日志”的原因，已阻止console.clear()
9561.4bf2dc71.js:2 ƒ l(){}
9561.4bf2dc71.js:2 由于“保留日志”的原因，已阻止console.clear()
9561.4bf2dc71.js:2 (索引)toStringlastIndexdotAllflagsglobalhasIndicesignoreCasemultilinesourcestickyunicodeunicodeSets(索引)toStringlastIndexdotAllflagsglobalhasIndicesignoreCasemultilinesourcestickyunicodeunicodeSetsdepƒ0false''falsefalsefalsefalse' 'falsefalsefalseObject
9561.4bf2dc71.js:2 由于“保留日志”的原因，已阻止console.clear()
9561.4bf2dc71.js:2 Tue Mar 10 2026 17:24:18 GMT+0800 (中国标准时间)
9561.4bf2dc71.js:2 由于“保留日志”的原因，已阻止console.clear()
9561.4bf2dc71.js:2 {}
9561.4bf2dc71.js:2 由于“保留日志”的原因，已阻止console.clear()
9561.4bf2dc71.js:2 div
9561.4bf2dc71.js:2 由于“保留日志”的原因，已阻止console.clear()
9561.4bf2dc71.js:2 ƒ l(){}
9561.4bf2dc71.js:2 由于“保留日志”的原因，已阻止console.clear()
9561.4bf2dc71.js:2 (索引)toStringlastIndexdotAllflagsglobalhasIndicesignoreCasemultilinesourcestickyunicodeunicodeSets(索引)toStringlastIndexdotAllflagsglobalhasIndicesignoreCasemultilinesourcestickyunicodeunicodeSetsdepƒ0false''falsefalsefalsefalse' 'falsefalsefalseObject
9561.4bf2dc71.js:2 由于“保留日志”的原因，已阻止console.clear()
9561.4bf2dc71.js:2 Tue Mar 10 2026 17:24:18 GMT+0800 (中国标准时间)
9561.4bf2dc71.js:2 由于“保留日志”的原因，已阻止console.clear()
9561.4bf2dc71.js:2 {}
9561.4bf2dc71.js:2 由于“保留日志”的原因，已阻止console.clear()
9561.4bf2dc71.js:2 div
9561.4bf2dc71.js:2 由于“保留日志”的原因，已阻止console.clear()
9561.4bf2dc71.js:2 ƒ l(){}
9561.4bf2dc71.js:2 由于“保留日志”的原因，已阻止console.clear()
9561.4bf2dc71.js:2 (索引)toStringlastIndexdotAllflagsglobalhasIndicesignoreCasemultilinesourcestickyunicodeunicodeSets(索引)toStringlastIndexdotAllflagsglobalhasIndicesignoreCasemultilinesourcestickyunicodeunicodeSetsdepƒ0false''falsefalsefalsefalse' 'falsefalsefalseObject
9561.4bf2dc71.js:2 由于“保留日志”的原因，已阻止console.clear()
9561.4bf2dc71.js:2 Tue Mar 10 2026 17:24:18 GMT+0800 (中国标准时间)
9561.4bf2dc71.js:2 由于“保留日志”的原因，已阻止console.clear()
9561.4bf2dc71.js:2 {}
9561.4bf2dc71.js:2 由于“保留日志”的原因，已阻止console.clear()
9561.4bf2dc71.js:2 div
9561.4bf2dc71.js:2 由于“保留日志”的原因，已阻止console.clear()
9561.4bf2dc71.js:2 ƒ l(){}
9561.4bf2dc71.js:2 由于“保留日志”的原因，已阻止console.clear()
9561.4bf2dc71.js:2 (索引)toStringlastIndexdotAllflagsglobalhasIndicesignoreCasemultilinesourcestickyunicodeunicodeSets(索引)toStringlastIndexdotAllflagsglobalhasIndicesignoreCasemultilinesourcestickyunicodeunicodeSetsdepƒ0false''falsefalsefalsefalse' 'falsefalsefalseObject
9561.4bf2dc71.js:2 由于“保留日志”的原因，已阻止console.clear()
9561.4bf2dc71.js:2 Tue Mar 10 2026 17:24:18 GMT+0800 (中国标准时间)
9561.4bf2dc71.js:2 由于“保留日志”的原因，已阻止console.clear()
9561.4bf2dc71.js:2 {}
9561.4bf2dc71.js:2 由于“保留日志”的原因，已阻止console.clear()
9561.4bf2dc71.js:2 div
9561.4bf2dc71.js:2 由于“保留日志”的原因，已阻止console.clear()
9561.4bf2dc71.js:2 ƒ l(){}
9561.4bf2dc71.js:2 由于“保留日志”的原因，已阻止console.clear()
9561.4bf2dc71.js:2 (索引)toStringlastIndexdotAllflagsglobalhasIndicesignoreCasemultilinesourcestickyunicodeunicodeSets(索引)toStringlastIndexdotAllflagsglobalhasIndicesignoreCasemultilinesourcestickyunicodeunicodeSetsdepƒ0false''falsefalsefalsefalse' 'falsefalsefalseObject
9561.4bf2dc71.js:2 由于“保留日志”的原因，已阻止console.clear()
9561.4bf2dc71.js:2 Tue Mar 10 2026 17:24:18 GMT+0800 (中国标准时间)
9561.4bf2dc71.js:2 由于“保留日志”的原因，已阻止console.clear()
9561.4bf2dc71.js:2 {}
9561.4bf2dc71.js:2 由于“保留日志”的原因，已阻止console.clear()
9561.4bf2dc71.js:2 div
9561.4bf2dc71.js:2 由于“保留日志”的原因，已阻止console.clear()
9561.4bf2dc71.js:2 ƒ l(){}
9561.4bf2dc71.js:2 由于“保留日志”的原因，已阻止console.clear()
9561.4bf2dc71.js:2 (索引)toStringlastIndexdotAllflagsglobalhasIndicesignoreCasemultilinesourcestickyunicodeunicodeSets(索引)toStringlastIndexdotAllflagsglobalhasIndicesignoreCasemultilinesourcestickyunicodeunicodeSetsdepƒ0false''falsefalsefalsefalse' 'falsefalsefalseObject
9561.4bf2dc71.js:2 由于“保留日志”的原因，已阻止console.clear()
9561.4bf2dc71.js:2 Tue Mar 10 2026 17:24:18 GMT+0800 (中国标准时间)
9561.4bf2dc71.js:2 由于“保留日志”的原因，已阻止console.clear()
9561.4bf2dc71.js:2 {}
9561.4bf2dc71.js:2 由于“保留日志”的原因，已阻止console.clear()
9561.4bf2dc71.js:2 div
9561.4bf2dc71.js:2 由于“保留日志”的原因，已阻止console.clear()
9561.4bf2dc71.js:2 ƒ l(){}
9561.4bf2dc71.js:2 由于“保留日志”的原因，已阻止console.clear()
9561.4bf2dc71.js:2 (索引)toStringlastIndexdotAllflagsglobalhasIndicesignoreCasemultilinesourcestickyunicodeunicodeSets(索引)toStringlastIndexdotAllflagsglobalhasIndicesignoreCasemultilinesourcestickyunicodeunicodeSetsdepƒ0false''falsefalsefalsefalse' 'falsefalsefalseObject
9561.4bf2dc71.js:2 由于“保留日志”的原因，已阻止console.clear()
9561.4bf2dc71.js:2 Tue Mar 10 2026 17:24:18 GMT+0800 (中国标准时间)
9561.4bf2dc71.js:2 由于“保留日志”的原因，已阻止console.clear()
9561.4bf2dc71.js:2 {}
9561.4bf2dc71.js:2 由于“保留日志”的原因，已阻止console.clear()
9561.4bf2dc71.js:2 div
9561.4bf2dc71.js:2 由于“保留日志”的原因，已阻止console.clear()
9561.4bf2dc71.js:2 ƒ l(){}
9561.4bf2dc71.js:2 由于“保留日志”的原因，已阻止console.clear()
9561.4bf2dc71.js:2 (索引)toStringlastIndexdotAllflagsglobalhasIndicesignoreCasemultilinesourcestickyunicodeunicodeSets(索引)toStringlastIndexdotAllflagsglobalhasIndicesignoreCasemultilinesourcestickyunicodeunicodeSetsdepƒ0false''falsefalsefalsefalse' 'falsefalsefalseObject
9561.4bf2dc71.js:2 由于“保留日志”的原因，已阻止console.clear()
9561.4bf2dc71.js:2 Tue Mar 10 2026 17:24:18 GMT+0800 (中国标准时间)
9561.4bf2dc71.js:2 由于“保留日志”的原因，已阻止console.clear()
9561.4bf2dc71.js:2 {}
9561.4bf2dc71.js:2 由于“保留日志”的原因，已阻止console.clear()
9561.4bf2dc71.js:2 div
9561.4bf2dc71.js:2 由于“保留日志”的原因，已阻止console.clear()
9561.4bf2dc71.js:2 ƒ l(){}
9561.4bf2dc71.js:2 由于“保留日志”的原因，已阻止console.clear()
9561.4bf2dc71.js:2 (索引)toStringlastIndexdotAllflagsglobalhasIndicesignoreCasemultilinesourcestickyunicodeunicodeSets(索引)toStringlastIndexdotAllflagsglobalhasIndicesignoreCasemultilinesourcestickyunicodeunicodeSetsdepƒ0false''falsefalsefalsefalse' 'falsefalsefalseObject
9561.4bf2dc71.js:2 由于“保留日志”的原因，已阻止console.clear()
9561.4bf2dc71.js:2 Tue Mar 10 2026 17:24:18 GMT+0800 (中国标准时间)
9561.4bf2dc71.js:2 由于“保留日志”的原因，已阻止console.clear()
9561.4bf2dc71.js:2 {}
9561.4bf2dc71.js:2 由于“保留日志”的原因，已阻止console.clear()
9561.4bf2dc71.js:2 div
9561.4bf2dc71.js:2 由于“保留日志”的原因，已阻止console.clear()
9561.4bf2dc71.js:2 ƒ l(){}
9561.4bf2dc71.js:2 由于“保留日志”的原因，已阻止console.clear()
9561.4bf2dc71.js:2 (索引)toStringlastIndexdotAllflagsglobalhasIndicesignoreCasemultilinesourcestickyunicodeunicodeSets(索引)toStringlastIndexdotAllflagsglobalhasIndicesignoreCasemultilinesourcestickyunicodeunicodeSetsdepƒ0false''falsefalsefalsefalse' 'falsefalsefalseObject
9561.4bf2dc71.js:2 由于“保留日志”的原因，已阻止console.clear()
9561.4bf2dc71.js:2 Tue Mar 10 2026 17:24:18 GMT+0800 (中国标准时间)
9561.4bf2dc71.js:2 由于“保留日志”的原因，已阻止console.clear()
9561.4bf2dc71.js:2 {}
9561.4bf2dc71.js:2 由于“保留日志”的原因，已阻止console.clear()
9561.4bf2dc71.js:2 div
9561.4bf2dc71.js:2 由于“保留日志”的原因，已阻止console.clear()
9561.4bf2dc71.js:2 ƒ l(){}
9561.4bf2dc71.js:2 由于“保留日志”的原因，已阻止console.clear()
9561.4bf2dc71.js:2 (索引)toStringlastIndexdotAllflagsglobalhasIndicesignoreCasemultilinesourcestickyunicodeunicodeSets(索引)toStringlastIndexdotAllflagsglobalhasIndicesignoreCasemultilinesourcestickyunicodeunicodeSetsdepƒ0false''falsefalsefalsefalse' 'falsefalsefalseObject
9561.4bf2dc71.js:2 由于“保留日志”的原因，已阻止console.clear()
9561.4bf2dc71.js:2 Tue Mar 10 2026 17:24:18 GMT+0800 (中国标准时间)
9561.4bf2dc71.js:2 由于“保留日志”的原因，已阻止console.clear()
9561.4bf2dc71.js:2 {}
9561.4bf2dc71.js:2 由于“保留日志”的原因，已阻止console.clear()
9561.4bf2dc71.js:2 div
9561.4bf2dc71.js:2 由于“保留日志”的原因，已阻止console.clear()
9561.4bf2dc71.js:2 ƒ l(){}
9561.4bf2dc71.js:2 由于“保留日志”的原因，已阻止console.clear()
9561.4bf2dc71.js:2 (索引)toStringlastIndexdotAllflagsglobalhasIndicesignoreCasemultilinesourcestickyunicodeunicodeSets(索引)toStringlastIndexdotAllflagsglobalhasIndicesignoreCasemultilinesourcestickyunicodeunicodeSetsdepƒ0false''falsefalsefalsefalse' 'falsefalsefalseObject
9561.4bf2dc71.js:2 由于“保留日志”的原因，已阻止console.clear()
9561.4bf2dc71.js:2 Tue Mar 10 2026 17:24:18 GMT+0800 (中国标准时间)
9561.4bf2dc71.js:2 由于“保留日志”的原因，已阻止console.clear()
9561.4bf2dc71.js:2 {}
9561.4bf2dc71.js:2 由于“保留日志”的原因，已阻止console.clear()
9561.4bf2dc71.js:2 div
9561.4bf2dc71.js:2 由于“保留日志”的原因，已阻止console.clear()
9561.4bf2dc71.js:2 ƒ l(){}
9561.4bf2dc71.js:2 由于“保留日志”的原因，已阻止console.clear()
9561.4bf2dc71.js:2 (索引)toStringlastIndexdotAllflagsglobalhasIndicesignoreCasemultilinesourcestickyunicodeunicodeSets(索引)toStringlastIndexdotAllflagsglobalhasIndicesignoreCasemultilinesourcestickyunicodeunicodeSetsdepƒ0false''falsefalsefalsefalse' 'falsefalsefalseObject
9561.4bf2dc71.js:2 由于“保留日志”的原因，已阻止console.clear()
9561.4bf2dc71.js:2 Tue Mar 10 2026 17:24:18 GMT+0800 (中国标准时间)
9561.4bf2dc71.js:2 由于“保留日志”的原因，已阻止console.clear()
9561.4bf2dc71.js:2 {}
9561.4bf2dc71.js:2 由于“保留日志”的原因，已阻止console.clear()
9561.4bf2dc71.js:2 div
9561.4bf2dc71.js:2 由于“保留日志”的原因，已阻止console.clear()
9561.4bf2dc71.js:2 ƒ l(){}
9561.4bf2dc71.js:2 由于“保留日志”的原因，已阻止console.clear()
9561.4bf2dc71.js:2 (索引)toStringlastIndexdotAllflagsglobalhasIndicesignoreCasemultilinesourcestickyunicodeunicodeSets(索引)toStringlastIndexdotAllflagsglobalhasIndicesignoreCasemultilinesourcestickyunicodeunicodeSetsdepƒ0false''falsefalsefalsefalse' 'falsefalsefalseObject
9561.4bf2dc71.js:2 由于“保留日志”的原因，已阻止console.clear()
9561.4bf2dc71.js:2 Tue Mar 10 2026 17:24:18 GMT+0800 (中国标准时间)
9561.4bf2dc71.js:2 由于“保留日志”的原因，已阻止console.clear()
9561.4bf2dc71.js:2 {}
9561.4bf2dc71.js:2 由于“保留日志”的原因，已阻止console.clear()
9561.4bf2dc71.js:2 div
9561.4bf2dc71.js:2 由于“保留日志”的原因，已阻止console.clear()
9561.4bf2dc71.js:2 ƒ l(){}
9561.4bf2dc71.js:2 由于“保留日志”的原因，已阻止console.clear()
9561.4bf2dc71.js:2 (索引)toStringlastIndexdotAllflagsglobalhasIndicesignoreCasemultilinesourcestickyunicodeunicodeSets(索引)toStringlastIndexdotAllflagsglobalhasIndicesignoreCasemultilinesourcestickyunicodeunicodeSetsdepƒ0false''falsefalsefalsefalse' 'falsefalsefalseObject
9561.4bf2dc71.js:2 由于“保留日志”的原因，已阻止console.clear()
9561.4bf2dc71.js:2 Tue Mar 10 2026 17:24:18 GMT+0800 (中国标准时间)
9561.4bf2dc71.js:2 由于“保留日志”的原因，已阻止console.clear()
9561.4bf2dc71.js:2 {}
9561.4bf2dc71.js:2 由于“保留日志”的原因，已阻止console.clear()
9561.4bf2dc71.js:2 div
9561.4bf2dc71.js:2 由于“保留日志”的原因，已阻止console.clear()
9561.4bf2dc71.js:2 ƒ l(){}
9561.4bf2dc71.js:2 由于“保留日志”的原因，已阻止console.clear()
9561.4bf2dc71.js:2 (索引)toStringlastIndexdotAllflagsglobalhasIndicesignoreCasemultilinesourcestickyunicodeunicodeSets(索引)toStringlastIndexdotAllflagsglobalhasIndicesignoreCasemultilinesourcestickyunicodeunicodeSetsdepƒ0false''falsefalsefalsefalse' 'falsefalsefalseObject
9561.4bf2dc71.js:2 由于“保留日志”的原因，已阻止console.clear()
9561.4bf2dc71.js:2 Tue Mar 10 2026 17:24:18 GMT+0800 (中国标准时间)
9561.4bf2dc71.js:2 由于“保留日志”的原因，已阻止console.clear()
9561.4bf2dc71.js:2 {}
9561.4bf2dc71.js:2 由于“保留日志”的原因，已阻止console.clear()
9561.4bf2dc71.js:2 div
9561.4bf2dc71.js:2 由于“保留日志”的原因，已阻止console.clear()
9561.4bf2dc71.js:2 ƒ l(){}
9561.4bf2dc71.js:2 由于“保留日志”的原因，已阻止console.clear()
9561.4bf2dc71.js:2 (索引)toStringlastIndexdotAllflagsglobalhasIndicesignoreCasemultilinesourcestickyunicodeunicodeSets(索引)toStringlastIndexdotAllflagsglobalhasIndicesignoreCasemultilinesourcestickyunicodeunicodeSetsdepƒ0false''falsefalsefalsefalse' 'falsefalsefalseObject
9561.4bf2dc71.js:2 由于“保留日志”的原因，已阻止console.clear()
9561.4bf2dc71.js:2 Tue Mar 10 2026 17:24:18 GMT+0800 (中国标准时间)
9561.4bf2dc71.js:2 由于“保留日志”的原因，已阻止console.clear()
9561.4bf2dc71.js:2 {}
9561.4bf2dc71.js:2 由于“保留日志”的原因，已阻止console.clear()
9561.4bf2dc71.js:2 div
9561.4bf2dc71.js:2 由于“保留日志”的原因，已阻止console.clear()
9561.4bf2dc71.js:2 ƒ l(){}
9561.4bf2dc71.js:2 由于“保留日志”的原因，已阻止console.clear()
9561.4bf2dc71.js:2 (索引)toStringlastIndexdotAllflagsglobalhasIndicesignoreCasemultilinesourcestickyunicodeunicodeSets(索引)toStringlastIndexdotAllflagsglobalhasIndicesignoreCasemultilinesourcestickyunicodeunicodeSetsdepƒ0false''falsefalsefalsefalse' 'falsefalsefalseObject
9561.4bf2dc71.js:2 由于“保留日志”的原因，已阻止console.clear()
9561.4bf2dc71.js:2 Tue Mar 10 2026 17:24:18 GMT+0800 (中国标准时间)
9561.4bf2dc71.js:2 由于“保留日志”的原因，已阻止console.clear()
9561.4bf2dc71.js:2 {}
9561.4bf2dc71.js:2 由于“保留日志”的原因，已阻止console.clear()
9561.4bf2dc71.js:2 div
9561.4bf2dc71.js:2 由于“保留日志”的原因，已阻止console.clear()
9561.4bf2dc71.js:2 ƒ l(){}
9561.4bf2dc71.js:2 由于“保留日志”的原因，已阻止console.clear()
9561.4bf2dc71.js:2 (索引)toStringlastIndexdotAllflagsglobalhasIndicesignoreCasemultilinesourcestickyunicodeunicodeSets(索引)toStringlastIndexdotAllflagsglobalhasIndicesignoreCasemultilinesourcestickyunicodeunicodeSetsdepƒ0false''falsefalsefalsefalse' 'falsefalsefalseObject
9561.4bf2dc71.js:2 由于“保留日志”的原因，已阻止console.clear()
9561.4bf2dc71.js:2 Tue Mar 10 2026 17:24:18 GMT+0800 (中国标准时间)
9561.4bf2dc71.js:2 由于“保留日志”的原因，已阻止console.clear()
9561.4bf2dc71.js:2 {}
9561.4bf2dc71.js:2 由于“保留日志”的原因，已阻止console.clear()
9561.4bf2dc71.js:2 div
9561.4bf2dc71.js:2 由于“保留日志”的原因，已阻止console.clear()
9561.4bf2dc71.js:2 ƒ l(){}
9561.4bf2dc71.js:2 由于“保留日志”的原因，已阻止console.clear()
9561.4bf2dc71.js:2 (索引)toStringlastIndexdotAllflagsglobalhasIndicesignoreCasemultilinesourcestickyunicodeunicodeSets(索引)toStringlastIndexdotAllflagsglobalhasIndicesignoreCasemultilinesourcestickyunicodeunicodeSetsdepƒ0false''falsefalsefalsefalse' 'falsefalsefalseObject
9561.4bf2dc71.js:2 由于“保留日志”的原因，已阻止console.clear()
9561.4bf2dc71.js:2 Tue Mar 10 2026 17:24:18 GMT+0800 (中国标准时间)
9561.4bf2dc71.js:2 由于“保留日志”的原因，已阻止console.clear()
9561.4bf2dc71.js:2 {}
9561.4bf2dc71.js:2 由于“保留日志”的原因，已阻止console.clear()
9561.4bf2dc71.js:2 div
9561.4bf2dc71.js:2 由于“保留日志”的原因，已阻止console.clear()
9561.4bf2dc71.js:2 ƒ l(){}
9561.4bf2dc71.js:2 由于“保留日志”的原因，已阻止console.clear()
9561.4bf2dc71.js:2 (索引)toStringlastIndexdotAllflagsglobalhasIndicesignoreCasemultilinesourcestickyunicodeunicodeSets(索引)toStringlastIndexdotAllflagsglobalhasIndicesignoreCasemultilinesourcestickyunicodeunicodeSetsdepƒ0false''falsefalsefalsefalse' 'falsefalsefalseObject
9561.4bf2dc71.js:2 由于“保留日志”的原因，已阻止console.clear()
9561.4bf2dc71.js:2 Tue Mar 10 2026 17:24:18 GMT+0800 (中国标准时间)
9561.4bf2dc71.js:2 由于“保留日志”的原因，已阻止console.clear()
9561.4bf2dc71.js:2 {}
9561.4bf2dc71.js:2 由于“保留日志”的原因，已阻止console.clear()
9561.4bf2dc71.js:2 div
9561.4bf2dc71.js:2 由于“保留日志”的原因，已阻止console.clear()
9561.4bf2dc71.js:2 ƒ l(){}
9561.4bf2dc71.js:2 由于“保留日志”的原因，已阻止console.clear()
9561.4bf2dc71.js:2 (索引)toStringlastIndexdotAllflagsglobalhasIndicesignoreCasemultilinesourcestickyunicodeunicodeSets(索引)toStringlastIndexdotAllflagsglobalhasIndicesignoreCasemultilinesourcestickyunicodeunicodeSetsdepƒ0false''falsefalsefalsefalse' 'falsefalsefalseObject
9561.4bf2dc71.js:2 由于“保留日志”的原因，已阻止console.clear()
9561.4bf2dc71.js:2 Tue Mar 10 2026 17:24:18 GMT+0800 (中国标准时间)
9561.4bf2dc71.js:2 由于“保留日志”的原因，已阻止console.clear()
9561.4bf2dc71.js:2 {}
9561.4bf2dc71.js:2 由于“保留日志”的原因，已阻止console.clear()
9561.4bf2dc71.js:2 div
9561.4bf2dc71.js:2 由于“保留日志”的原因，已阻止console.clear()
9561.4bf2dc71.js:2 ƒ l(){}
9561.4bf2dc71.js:2 由于“保留日志”的原因，已阻止console.clear()
9561.4bf2dc71.js:2 (索引)toStringlastIndexdotAllflagsglobalhasIndicesignoreCasemultilinesourcestickyunicodeunicodeSets(索引)toStringlastIndexdotAllflagsglobalhasIndicesignoreCasemultilinesourcestickyunicodeunicodeSetsdepƒ0false''falsefalsefalsefalse' 'falsefalsefalseObject
9561.4bf2dc71.js:2 由于“保留日志”的原因，已阻止console.clear()
9561.4bf2dc71.js:2 Tue Mar 10 2026 17:24:18 GMT+0800 (中国标准时间)
9561.4bf2dc71.js:2 由于“保留日志”的原因，已阻止console.clear()
9561.4bf2dc71.js:2 {}
9561.4bf2dc71.js:2 由于“保留日志”的原因，已阻止console.clear()
9561.4bf2dc71.js:2 div
9561.4bf2dc71.js:2 由于“保留日志”的原因，已阻止console.clear()
9561.4bf2dc71.js:2 ƒ l(){}
9561.4bf2dc71.js:2 由于“保留日志”的原因，已阻止console.clear()
9561.4bf2dc71.js:2 (索引)toStringlastIndexdotAllflagsglobalhasIndicesignoreCasemultilinesourcestickyunicodeunicodeSets(索引)toStringlastIndexdotAllflagsglobalhasIndicesignoreCasemultilinesourcestickyunicodeunicodeSetsdepƒ0false''falsefalsefalsefalse' 'falsefalsefalseObject
9561.4bf2dc71.js:2 由于“保留日志”的原因，已阻止console.clear()
9561.4bf2dc71.js:2 Tue Mar 10 2026 17:24:18 GMT+0800 (中国标准时间)
9561.4bf2dc71.js:2 由于“保留日志”的原因，已阻止console.clear()
9561.4bf2dc71.js:2 {}
9561.4bf2dc71.js:2 由于“保留日志”的原因，已阻止console.clear()
9561.4bf2dc71.js:2 div
9561.4bf2dc71.js:2 由于“保留日志”的原因，已阻止console.clear()
9561.4bf2dc71.js:2 ƒ l(){}
9561.4bf2dc71.js:2 由于“保留日志”的原因，已阻止console.clear()
9561.4bf2dc71.js:2 (索引)toStringlastIndexdotAllflagsglobalhasIndicesignoreCasemultilinesourcestickyunicodeunicodeSets(索引)toStringlastIndexdotAllflagsglobalhasIndicesignoreCasemultilinesourcestickyunicodeunicodeSetsdepƒ0false''falsefalsefalsefalse' 'falsefalsefalseObject
9561.4bf2dc71.js:2 由于“保留日志”的原因，已阻止console.clear()
9561.4bf2dc71.js:2 Tue Mar 10 2026 17:24:18 GMT+0800 (中国标准时间)
9561.4bf2dc71.js:2 由于“保留日志”的原因，已阻止console.clear()
9561.4bf2dc71.js:2 {}
9561.4bf2dc71.js:2 由于“保留日志”的原因，已阻止console.clear()
9561.4bf2dc71.js:2 div
9561.4bf2dc71.js:2 由于“保留日志”的原因，已阻止console.clear()
9561.4bf2dc71.js:2 ƒ l(){}
9561.4bf2dc71.js:2 由于“保留日志”的原因，已阻止console.clear()
9561.4bf2dc71.js:2 (索引)toStringlastIndexdotAllflagsglobalhasIndicesignoreCasemultilinesourcestickyunicodeunicodeSets(索引)toStringlastIndexdotAllflagsglobalhasIndicesignoreCasemultilinesourcestickyunicodeunicodeSetsdepƒ0false''falsefalsefalsefalse' 'falsefalsefalseObject
9561.4bf2dc71.js:2 由于“保留日志”的原因，已阻止console.clear()
9561.4bf2dc71.js:2 Tue Mar 10 2026 17:24:18 GMT+0800 (中国标准时间)
9561.4bf2dc71.js:2 由于“保留日志”的原因，已阻止console.clear()
9561.4bf2dc71.js:2 {}
9561.4bf2dc71.js:2 由于“保留日志”的原因，已阻止console.clear()
9561.4bf2dc71.js:2 div
9561.4bf2dc71.js:2 由于“保留日志”的原因，已阻止console.clear()
9561.4bf2dc71.js:2 ƒ l(){}
9561.4bf2dc71.js:2 由于“保留日志”的原因，已阻止console.clear()
9561.4bf2dc71.js:2 (索引)toStringlastIndexdotAllflagsglobalhasIndicesignoreCasemultilinesourcestickyunicodeunicodeSets(索引)toStringlastIndexdotAllflagsglobalhasIndicesignoreCasemultilinesourcestickyunicodeunicodeSetsdepƒ0false''falsefalsefalsefalse' 'falsefalsefalseObject
9561.4bf2dc71.js:2 由于“保留日志”的原因，已阻止console.clear()
9561.4bf2dc71.js:2 Tue Mar 10 2026 17:24:18 GMT+0800 (中国标准时间)
9561.4bf2dc71.js:2 由于“保留日志”的原因，已阻止console.clear()
9561.4bf2dc71.js:2 {}
9561.4bf2dc71.js:2 由于“保留日志”的原因，已阻止console.clear()
9561.4bf2dc71.js:2 div
9561.4bf2dc71.js:2 由于“保留日志”的原因，已阻止console.clear()
9561.4bf2dc71.js:2 ƒ l(){}
9561.4bf2dc71.js:2 由于“保留日志”的原因，已阻止console.clear()
9561.4bf2dc71.js:2 (索引)toStringlastIndexdotAllflagsglobalhasIndicesignoreCasemultilinesourcestickyunicodeunicodeSets(索引)toStringlastIndexdotAllflagsglobalhasIndicesignoreCasemultilinesourcestickyunicodeunicodeSetsdepƒ0false''falsefalsefalsefalse' 'falsefalsefalseObject
9561.4bf2dc71.js:2 由于“保留日志”的原因，已阻止console.clear()
9561.4bf2dc71.js:2 Tue Mar 10 2026 17:24:18 GMT+0800 (中国标准时间)
9561.4bf2dc71.js:2 由于“保留日志”的原因，已阻止console.clear()
9561.4bf2dc71.js:2 {}
9561.4bf2dc71.js:2 由于“保留日志”的原因，已阻止console.clear()
9561.4bf2dc71.js:2 div
9561.4bf2dc71.js:2 由于“保留日志”的原因，已阻止console.clear()
9561.4bf2dc71.js:2 ƒ l(){}
9561.4bf2dc71.js:2 由于“保留日志”的原因，已阻止console.clear()
9561.4bf2dc71.js:2 (索引)toStringlastIndexdotAllflagsglobalhasIndicesignoreCasemultilinesourcestickyunicodeunicodeSets(索引)toStringlastIndexdotAllflagsglobalhasIndicesignoreCasemultilinesourcestickyunicodeunicodeSetsdepƒ0false''falsefalsefalsefalse' 'falsefalsefalseObject
9561.4bf2dc71.js:2 由于“保留日志”的原因，已阻止console.clear()
9561.4bf2dc71.js:2 Tue Mar 10 2026 17:24:18 GMT+0800 (中国标准时间)
9561.4bf2dc71.js:2 由于“保留日志”的原因，已阻止console.clear()
9561.4bf2dc71.js:2 {}
9561.4bf2dc71.js:2 由于“保留日志”的原因，已阻止console.clear()
9561.4bf2dc71.js:2 div
9561.4bf2dc71.js:2 由于“保留日志”的原因，已阻止console.clear()
9561.4bf2dc71.js:2 ƒ l(){}
9561.4bf2dc71.js:2 由于“保留日志”的原因，已阻止console.clear()
9561.4bf2dc71.js:2 (索引)toStringlastIndexdotAllflagsglobalhasIndicesignoreCasemultilinesourcestickyunicodeunicodeSets(索引)toStringlastIndexdotAllflagsglobalhasIndicesignoreCasemultilinesourcestickyunicodeunicodeSetsdepƒ0false''falsefalsefalsefalse' 'falsefalsefalseObject
9561.4bf2dc71.js:2 由于“保留日志”的原因，已阻止console.clear()
9561.4bf2dc71.js:2 Tue Mar 10 2026 17:24:18 GMT+0800 (中国标准时间)
9561.4bf2dc71.js:2 由于“保留日志”的原因，已阻止console.clear()
9561.4bf2dc71.js:2 {}
9561.4bf2dc71.js:2 由于“保留日志”的原因，已阻止console.clear()
9561.4bf2dc71.js:2 div
9561.4bf2dc71.js:2 由于“保留日志”的原因，已阻止console.clear()
9561.4bf2dc71.js:2 ƒ l(){}
9561.4bf2dc71.js:2 由于“保留日志”的原因，已阻止console.clear()
9561.4bf2dc71.js:2 (索引)toStringlastIndexdotAllflagsglobalhasIndicesignoreCasemultilinesourcestickyunicodeunicodeSets(索引)toStringlastIndexdotAllflagsglobalhasIndicesignoreCasemultilinesourcestickyunicodeunicodeSetsdepƒ0false''falsefalsefalsefalse' 'falsefalsefalseObject
9561.4bf2dc71.js:2 由于“保留日志”的原因，已阻止console.clear()
9561.4bf2dc71.js:2 Tue Mar 10 2026 17:24:18 GMT+0800 (中国标准时间)
9561.4bf2dc71.js:2 由于“保留日志”的原因，已阻止console.clear()
9561.4bf2dc71.js:2 {}
9561.4bf2dc71.js:2 由于“保留日志”的原因，已阻止console.clear()
9561.4bf2dc71.js:2 div
9561.4bf2dc71.js:2 由于“保留日志”的原因，已阻止console.clear()
9561.4bf2dc71.js:2 ƒ l(){}
9561.4bf2dc71.js:2 由于“保留日志”的原因，已阻止console.clear()
9561.4bf2dc71.js:2 (索引)toStringlastIndexdotAllflagsglobalhasIndicesignoreCasemultilinesourcestickyunicodeunicodeSets(索引)toStringlastIndexdotAllflagsglobalhasIndicesignoreCasemultilinesourcestickyunicodeunicodeSetsdepƒ0false''falsefalsefalsefalse' 'falsefalsefalseObject
9561.4bf2dc71.js:2 由于“保留日志”的原因，已阻止console.clear()
9561.4bf2dc71.js:2 Tue Mar 10 2026 17:24:18 GMT+0800 (中国标准时间)
9561.4bf2dc71.js:2 由于“保留日志”的原因，已阻止console.clear()
9561.4bf2dc71.js:2 {}
9561.4bf2dc71.js:2 由于“保留日志”的原因，已阻止console.clear()
9561.4bf2dc71.js:2 div
9561.4bf2dc71.js:2 由于“保留日志”的原因，已阻止console.clear()
9561.4bf2dc71.js:2 ƒ l(){}
9561.4bf2dc71.js:2 由于“保留日志”的原因，已阻止console.clear()
9561.4bf2dc71.js:2 (索引)toStringlastIndexdotAllflagsglobalhasIndicesignoreCasemultilinesourcestickyunicodeunicodeSets(索引)toStringlastIndexdotAllflagsglobalhasIndicesignoreCasemultilinesourcestickyunicodeunicodeSetsdepƒ0false''falsefalsefalsefalse' 'falsefalsefalseObject
9561.4bf2dc71.js:2 由于“保留日志”的原因，已阻止console.clear()
9561.4bf2dc71.js:2 Tue Mar 10 2026 17:24:18 GMT+0800 (中国标准时间)
9561.4bf2dc71.js:2 由于“保留日志”的原因，已阻止console.clear()
9561.4bf2dc71.js:2 {}
9561.4bf2dc71.js:2 由于“保留日志”的原因，已阻止console.clear()
9561.4bf2dc71.js:2 div
9561.4bf2dc71.js:2 由于“保留日志”的原因，已阻止console.clear()
9561.4bf2dc71.js:2 ƒ l(){}
9561.4bf2dc71.js:2 由于“保留日志”的原因，已阻止console.clear()
9561.4bf2dc71.js:2 (索引)toStringlastIndexdotAllflagsglobalhasIndicesignoreCasemultilinesourcestickyunicodeunicodeSets(索引)toStringlastIndexdotAllflagsglobalhasIndicesignoreCasemultilinesourcestickyunicodeunicodeSetsdepƒ0false''falsefalsefalsefalse' 'falsefalsefalseObject
9561.4bf2dc71.js:2 由于“保留日志”的原因，已阻止console.clear()
9561.4bf2dc71.js:2 Tue Mar 10 2026 17:24:18 GMT+0800 (中国标准时间)
9561.4bf2dc71.js:2 由于“保留日志”的原因，已阻止console.clear()
9561.4bf2dc71.js:2 {}
9561.4bf2dc71.js:2 由于“保留日志”的原因，已阻止console.clear()
9561.4bf2dc71.js:2 div
9561.4bf2dc71.js:2 由于“保留日志”的原因，已阻止console.clear()
9561.4bf2dc71.js:2 ƒ l(){}
9561.4bf2dc71.js:2 由于“保留日志”的原因，已阻止console.clear()
9561.4bf2dc71.js:2 (索引)toStringlastIndexdotAllflagsglobalhasIndicesignoreCasemultilinesourcestickyunicodeunicodeSets(索引)toStringlastIndexdotAllflagsglobalhasIndicesignoreCasemultilinesourcestickyunicodeunicodeSetsdepƒ0false''falsefalsefalsefalse' 'falsefalsefalseObject
9561.4bf2dc71.js:2 由于“保留日志”的原因，已阻止console.clear()
9561.4bf2dc71.js:2 Tue Mar 10 2026 17:24:18 GMT+0800 (中国标准时间)
9561.4bf2dc71.js:2 由于“保留日志”的原因，已阻止console.clear()
9561.4bf2dc71.js:2 {}
9561.4bf2dc71.js:2 由于“保留日志”的原因，已阻止console.clear()
9561.4bf2dc71.js:2 div
9561.4bf2dc71.js:2 由于“保留日志”的原因，已阻止console.clear()
9561.4bf2dc71.js:2 ƒ l(){}
9561.4bf2dc71.js:2 由于“保留日志”的原因，已阻止console.clear()
9561.4bf2dc71.js:2 (索引)toStringlastIndexdotAllflagsglobalhasIndicesignoreCasemultilinesourcestickyunicodeunicodeSets(索引)toStringlastIndexdotAllflagsglobalhasIndicesignoreCasemultilinesourcestickyunicodeunicodeSetsdepƒ0false''falsefalsefalsefalse' 'falsefalsefalseObject
9561.4bf2dc71.js:2 由于“保留日志”的原因，已阻止console.clear()
9561.4bf2dc71.js:2 Tue Mar 10 2026 17:24:18 GMT+0800 (中国标准时间)
9561.4bf2dc71.js:2 由于“保留日志”的原因，已阻止console.clear()
9561.4bf2dc71.js:2 {}
9561.4bf2dc71.js:2 由于“保留日志”的原因，已阻止console.clear()
9561.4bf2dc71.js:2 div
9561.4bf2dc71.js:2 由于“保留日志”的原因，已阻止console.clear()
9561.4bf2dc71.js:2 ƒ l(){}
9561.4bf2dc71.js:2 由于“保留日志”的原因，已阻止console.clear()
9561.4bf2dc71.js:2 (索引)toStringlastIndexdotAllflagsglobalhasIndicesignoreCasemultilinesourcestickyunicodeunicodeSets(索引)toStringlastIndexdotAllflagsglobalhasIndicesignoreCasemultilinesourcestickyunicodeunicodeSetsdepƒ0false''falsefalsefalsefalse' 'falsefalsefalseObject
9561.4bf2dc71.js:2 由于“保留日志”的原因，已阻止console.clear()
9561.4bf2dc71.js:2 Tue Mar 10 2026 17:24:18 GMT+0800 (中国标准时间)
9561.4bf2dc71.js:2 由于“保留日志”的原因，已阻止console.clear()
9561.4bf2dc71.js:2 {}
9561.4bf2dc71.js:2 由于“保留日志”的原因，已阻止console.clear()
9561.4bf2dc71.js:2 div
9561.4bf2dc71.js:2 由于“保留日志”的原因，已阻止console.clear()
9561.4bf2dc71.js:2 ƒ l(){}
9561.4bf2dc71.js:2 由于“保留日志”的原因，已阻止console.clear()
9561.4bf2dc71.js:2 (索引)toStringlastIndexdotAllflagsglobalhasIndicesignoreCasemultilinesourcestickyunicodeunicodeSets(索引)toStringlastIndexdotAllflagsglobalhasIndicesignoreCasemultilinesourcestickyunicodeunicodeSetsdepƒ0false''falsefalsefalsefalse' 'falsefalsefalseObject
9561.4bf2dc71.js:2 由于“保留日志”的原因，已阻止console.clear()
9561.4bf2dc71.js:2 Tue Mar 10 2026 17:24:18 GMT+0800 (中国标准时间)
9561.4bf2dc71.js:2 由于“保留日志”的原因，已阻止console.clear()
9561.4bf2dc71.js:2 {}
9561.4bf2dc71.js:2 由于“保留日志”的原因，已阻止console.clear()
9561.4bf2dc71.js:2 div
9561.4bf2dc71.js:2 由于“保留日志”的原因，已阻止console.clear()
9561.4bf2dc71.js:2 ƒ l(){}
9561.4bf2dc71.js:2 由于“保留日志”的原因，已阻止console.clear()
9561.4bf2dc71.js:2 (索引)toStringlastIndexdotAllflagsglobalhasIndicesignoreCasemultilinesourcestickyunicodeunicodeSets(索引)toStringlastIndexdotAllflagsglobalhasIndicesignoreCasemultilinesourcestickyunicodeunicodeSetsdepƒ0false''falsefalsefalsefalse' 'falsefalsefalseObject
9561.4bf2dc71.js:2 由于“保留日志”的原因，已阻止console.clear()
9561.4bf2dc71.js:2 Tue Mar 10 2026 17:24:18 GMT+0800 (中国标准时间)
9561.4bf2dc71.js:2 由于“保留日志”的原因，已阻止console.clear()
9561.4bf2dc71.js:2 {}
9561.4bf2dc71.js:2 由于“保留日志”的原因，已阻止console.clear()
9561.4bf2dc71.js:2 div
9561.4bf2dc71.js:2 由于“保留日志”的原因，已阻止console.clear()
9561.4bf2dc71.js:2 ƒ l(){}
9561.4bf2dc71.js:2 由于“保留日志”的原因，已阻止console.clear()
9561.4bf2dc71.js:2 (索引)toStringlastIndexdotAllflagsglobalhasIndicesignoreCasemultilinesourcestickyunicodeunicodeSets(索引)toStringlastIndexdotAllflagsglobalhasIndicesignoreCasemultilinesourcestickyunicodeunicodeSetsdepƒ0false''falsefalsefalsefalse' 'falsefalsefalseObject
9561.4bf2dc71.js:2 由于“保留日志”的原因，已阻止console.clear()
9561.4bf2dc71.js:2 Tue Mar 10 2026 17:24:18 GMT+0800 (中国标准时间)
9561.4bf2dc71.js:2 由于“保留日志”的原因，已阻止console.clear()
9561.4bf2dc71.js:2 {}
9561.4bf2dc71.js:2 由于“保留日志”的原因，已阻止console.clear()
9561.4bf2dc71.js:2 div
9561.4bf2dc71.js:2 由于“保留日志”的原因，已阻止console.clear()
9561.4bf2dc71.js:2 ƒ l(){}
9561.4bf2dc71.js:2 由于“保留日志”的原因，已阻止console.clear()
9561.4bf2dc71.js:2 (索引)toStringlastIndexdotAllflagsglobalhasIndicesignoreCasemultilinesourcestickyunicodeunicodeSets(索引)toStringlastIndexdotAllflagsglobalhasIndicesignoreCasemultilinesourcestickyunicodeunicodeSetsdepƒ0false''falsefalsefalsefalse' 'falsefalsefalseObject
9561.4bf2dc71.js:2 由于“保留日志”的原因，已阻止console.clear()
9561.4bf2dc71.js:2 Tue Mar 10 2026 17:24:18 GMT+0800 (中国标准时间)
9561.4bf2dc71.js:2 由于“保留日志”的原因，已阻止console.clear()
9561.4bf2dc71.js:2 {}
9561.4bf2dc71.js:2 由于“保留日志”的原因，已阻止console.clear()
9561.4bf2dc71.js:2 div
9561.4bf2dc71.js:2 由于“保留日志”的原因，已阻止console.clear()
9561.4bf2dc71.js:2 ƒ l(){}
9561.4bf2dc71.js:2 由于“保留日志”的原因，已阻止console.clear()
9561.4bf2dc71.js:2 (索引)toStringlastIndexdotAllflagsglobalhasIndicesignoreCasemultilinesourcestickyunicodeunicodeSets(索引)toStringlastIndexdotAllflagsglobalhasIndicesignoreCasemultilinesourcestickyunicodeunicodeSetsdepƒ0false''falsefalsefalsefalse' 'falsefalsefalseObject
9561.4bf2dc71.js:2 由于“保留日志”的原因，已阻止console.clear()
9561.4bf2dc71.js:2 Tue Mar 10 2026 17:24:18 GMT+0800 (中国标准时间)
9561.4bf2dc71.js:2 由于“保留日志”的原因，已阻止console.clear()
9561.4bf2dc71.js:2 {}
9561.4bf2dc71.js:2 由于“保留日志”的原因，已阻止console.clear()
9561.4bf2dc71.js:2 div
9561.4bf2dc71.js:2 由于“保留日志”的原因，已阻止console.clear()
9561.4bf2dc71.js:2 ƒ l(){}
9561.4bf2dc71.js:2 由于“保留日志”的原因，已阻止console.clear()
9561.4bf2dc71.js:2 (索引)toStringlastIndexdotAllflagsglobalhasIndicesignoreCasemultilinesourcestickyunicodeunicodeSets(索引)toStringlastIndexdotAllflagsglobalhasIndicesignoreCasemultilinesourcestickyunicodeunicodeSetsdepƒ0false''falsefalsefalsefalse' 'falsefalsefalseObject
9561.4bf2dc71.js:2 由于“保留日志”的原因，已阻止console.clear()
9561.4bf2dc71.js:2 Tue Mar 10 2026 17:24:18 GMT+0800 (中国标准时间)
9561.4bf2dc71.js:2 由于“保留日志”的原因，已阻止console.clear()
9561.4bf2dc71.js:2 {}
9561.4bf2dc71.js:2 由于“保留日志”的原因，已阻止console.clear()
9561.4bf2dc71.js:2 div
9561.4bf2dc71.js:2 由于“保留日志”的原因，已阻止console.clear()
9561.4bf2dc71.js:2 ƒ l(){}
9561.4bf2dc71.js:2 由于“保留日志”的原因，已阻止console.clear()
9561.4bf2dc71.js:2 (索引)toStringlastIndexdotAllflagsglobalhasIndicesignoreCasemultilinesourcestickyunicodeunicodeSets(索引)toStringlastIndexdotAllflagsglobalhasIndicesignoreCasemultilinesourcestickyunicodeunicodeSetsdepƒ0false''falsefalsefalsefalse' 'falsefalsefalseObject
9561.4bf2dc71.js:2 由于“保留日志”的原因，已阻止console.clear()
9561.4bf2dc71.js:2 Tue Mar 10 2026 17:24:18 GMT+0800 (中国标准时间)
9561.4bf2dc71.js:2 由于“保留日志”的原因，已阻止console.clear()
9561.4bf2dc71.js:2 {}
9561.4bf2dc71.js:2 由于“保留日志”的原因，已阻止console.clear()
9561.4bf2dc71.js:2 div
9561.4bf2dc71.js:2 由于“保留日志”的原因，已阻止console.clear()
9561.4bf2dc71.js:2 ƒ l(){}
9561.4bf2dc71.js:2 由于“保留日志”的原因，已阻止console.clear()
9561.4bf2dc71.js:2 (索引)toStringlastIndexdotAllflagsglobalhasIndicesignoreCasemultilinesourcestickyunicodeunicodeSets(索引)toStringlastIndexdotAllflagsglobalhasIndicesignoreCasemultilinesourcestickyunicodeunicodeSetsdepƒ0false''falsefalsefalsefalse' 'falsefalsefalseObject
9561.4bf2dc71.js:2 由于“保留日志”的原因，已阻止console.clear()
9561.4bf2dc71.js:2 Tue Mar 10 2026 17:24:18 GMT+0800 (中国标准时间)
9561.4bf2dc71.js:2 由于“保留日志”的原因，已阻止console.clear()
9561.4bf2dc71.js:2 {}
9561.4bf2dc71.js:2 由于“保留日志”的原因，已阻止console.clear()
9561.4bf2dc71.js:2 div
9561.4bf2dc71.js:2 由于“保留日志”的原因，已阻止console.clear()
9561.4bf2dc71.js:2 ƒ l(){}
9561.4bf2dc71.js:2 由于“保留日志”的原因，已阻止console.clear()
9561.4bf2dc71.js:2 (索引)toStringlastIndexdotAllflagsglobalhasIndicesignoreCasemultilinesourcestickyunicodeunicodeSets(索引)toStringlastIndexdotAllflagsglobalhasIndicesignoreCasemultilinesourcestickyunicodeunicodeSetsdepƒ0false''falsefalsefalsefalse' 'falsefalsefalseObject
9561.4bf2dc71.js:2 由于“保留日志”的原因，已阻止console.clear()
9561.4bf2dc71.js:2 Tue Mar 10 2026 17:24:18 GMT+0800 (中国标准时间)
9561.4bf2dc71.js:2 由于“保留日志”的原因，已阻止console.clear()
9561.4bf2dc71.js:2 {}
9561.4bf2dc71.js:2 由于“保留日志”的原因，已阻止console.clear()
9561.4bf2dc71.js:2 div
9561.4bf2dc71.js:2 由于“保留日志”的原因，已阻止console.clear()
9561.4bf2dc71.js:2 ƒ l(){}
9561.4bf2dc71.js:2 由于“保留日志”的原因，已阻止console.clear()
9561.4bf2dc71.js:2 (索引)toStringlastIndexdotAllflagsglobalhasIndicesignoreCasemultilinesourcestickyunicodeunicodeSets(索引)toStringlastIndexdotAllflagsglobalhasIndicesignoreCasemultilinesourcestickyunicodeunicodeSetsdepƒ0false''falsefalsefalsefalse' 'falsefalsefalseObject
9561.4bf2dc71.js:2 由于“保留日志”的原因，已阻止console.clear()
9561.4bf2dc71.js:2 Tue Mar 10 2026 17:24:18 GMT+0800 (中国标准时间)
9561.4bf2dc71.js:2 由于“保留日志”的原因，已阻止console.clear()
9561.4bf2dc71.js:2 {}
9561.4bf2dc71.js:2 由于“保留日志”的原因，已阻止console.clear()
9561.4bf2dc71.js:2 div
9561.4bf2dc71.js:2 由于“保留日志”的原因，已阻止console.clear()
9561.4bf2dc71.js:2 ƒ l(){}
9561.4bf2dc71.js:2 由于“保留日志”的原因，已阻止console.clear()
9561.4bf2dc71.js:2 (索引)toStringlastIndexdotAllflagsglobalhasIndicesignoreCasemultilinesourcestickyunicodeunicodeSets(索引)toStringlastIndexdotAllflagsglobalhasIndicesignoreCasemultilinesourcestickyunicodeunicodeSetsdepƒ0false''falsefalsefalsefalse' 'falsefalsefalseObject
9561.4bf2dc71.js:2 由于“保留日志”的原因，已阻止console.clear()
9561.4bf2dc71.js:2 Tue Mar 10 2026 17:24:18 GMT+0800 (中国标准时间)
9561.4bf2dc71.js:2 由于“保留日志”的原因，已阻止console.clear()
9561.4bf2dc71.js:2 {}
9561.4bf2dc71.js:2 由于“保留日志”的原因，已阻止console.clear()
9561.4bf2dc71.js:2 div
9561.4bf2dc71.js:2 由于“保留日志”的原因，已阻止console.clear()
9561.4bf2dc71.js:2 ƒ l(){}
9561.4bf2dc71.js:2 由于“保留日志”的原因，已阻止console.clear()
9561.4bf2dc71.js:2 (索引)toStringlastIndexdotAllflagsglobalhasIndicesignoreCasemultilinesourcestickyunicodeunicodeSets(索引)toStringlastIndexdotAllflagsglobalhasIndicesignoreCasemultilinesourcestickyunicodeunicodeSetsdepƒ0false''falsefalsefalsefalse' 'falsefalsefalseObject
9561.4bf2dc71.js:2 由于“保留日志”的原因，已阻止console.clear()
9561.4bf2dc71.js:2 Tue Mar 10 2026 17:24:18 GMT+0800 (中国标准时间)
9561.4bf2dc71.js:2 由于“保留日志”的原因，已阻止console.clear()
9561.4bf2dc71.js:2 {}
9561.4bf2dc71.js:2 由于“保留日志”的原因，已阻止console.clear()
9561.4bf2dc71.js:2 div
9561.4bf2dc71.js:2 由于“保留日志”的原因，已阻止console.clear()
9561.4bf2dc71.js:2 ƒ l(){}
9561.4bf2dc71.js:2 由于“保留日志”的原因，已阻止console.clear()
9561.4bf2dc71.js:2 (索引)toStringlastIndexdotAllflagsglobalhasIndicesignoreCasemultilinesourcestickyunicodeunicodeSets(索引)toStringlastIndexdotAllflagsglobalhasIndicesignoreCasemultilinesourcestickyunicodeunicodeSetsdepƒ0false''falsefalsefalsefalse' 'falsefalsefalseObject
9561.4bf2dc71.js:2 由于“保留日志”的原因，已阻止console.clear()
9561.4bf2dc71.js:2 Tue Mar 10 2026 17:24:18 GMT+0800 (中国标准时间)
9561.4bf2dc71.js:2 由于“保留日志”的原因，已阻止console.clear()
9561.4bf2dc71.js:2 {}
9561.4bf2dc71.js:2 由于“保留日志”的原因，已阻止console.clear()
9561.4bf2dc71.js:2 div
9561.4bf2dc71.js:2 由于“保留日志”的原因，已阻止console.clear()
9561.4bf2dc71.js:2 ƒ l(){}
9561.4bf2dc71.js:2 由于“保留日志”的原因，已阻止console.clear()
9561.4bf2dc71.js:2 (索引)toStringlastIndexdotAllflagsglobalhasIndicesignoreCasemultilinesourcestickyunicodeunicodeSets(索引)toStringlastIndexdotAllflagsglobalhasIndicesignoreCasemultilinesourcestickyunicodeunicodeSetsdepƒ0false''falsefalsefalsefalse' 'falsefalsefalseObject
9561.4bf2dc71.js:2 由于“保留日志”的原因，已阻止console.clear()
9561.4bf2dc71.js:2 Tue Mar 10 2026 17:24:18 GMT+0800 (中国标准时间)
9561.4bf2dc71.js:2 由于“保留日志”的原因，已阻止console.clear()
9561.4bf2dc71.js:2 {}
9561.4bf2dc71.js:2 由于“保留日志”的原因，已阻止console.clear()
9561.4bf2dc71.js:2 div
9561.4bf2dc71.js:2 由于“保留日志”的原因，已阻止console.clear()
9561.4bf2dc71.js:2 ƒ l(){}
9561.4bf2dc71.js:2 由于“保留日志”的原因，已阻止console.clear()
9561.4bf2dc71.js:2 (索引)toStringlastIndexdotAllflagsglobalhasIndicesignoreCasemultilinesourcestickyunicodeunicodeSets(索引)toStringlastIndexdotAllflagsglobalhasIndicesignoreCasemultilinesourcestickyunicodeunicodeSetsdepƒ0false''falsefalsefalsefalse' 'falsefalsefalseObject
9561.4bf2dc71.js:2 由于“保留日志”的原因，已阻止console.clear()
9561.4bf2dc71.js:2 Tue Mar 10 2026 17:24:18 GMT+0800 (中国标准时间)
9561.4bf2dc71.js:2 由于“保留日志”的原因，已阻止console.clear()
9561.4bf2dc71.js:2 {}
9561.4bf2dc71.js:2 由于“保留日志”的原因，已阻止console.clear()
9561.4bf2dc71.js:2 div
9561.4bf2dc71.js:2 由于“保留日志”的原因，已阻止console.clear()
9561.4bf2dc71.js:2 ƒ l(){}
9561.4bf2dc71.js:2 由于“保留日志”的原因，已阻止console.clear()
9561.4bf2dc71.js:2 (索引)toStringlastIndexdotAllflagsglobalhasIndicesignoreCasemultilinesourcestickyunicodeunicodeSets(索引)toStringlastIndexdotAllflagsglobalhasIndicesignoreCasemultilinesourcestickyunicodeunicodeSetsdepƒ0false''falsefalsefalsefalse' 'falsefalsefalseObject
9561.4bf2dc71.js:2 由于“保留日志”的原因，已阻止console.clear()
9561.4bf2dc71.js:2 Tue Mar 10 2026 17:24:18 GMT+0800 (中国标准时间)
9561.4bf2dc71.js:2 由于“保留日志”的原因，已阻止console.clear()
9561.4bf2dc71.js:2 {}
9561.4bf2dc71.js:2 由于“保留日志”的原因，已阻止console.clear()
9561.4bf2dc71.js:2 div
9561.4bf2dc71.js:2 由于“保留日志”的原因，已阻止console.clear()
9561.4bf2dc71.js:2 ƒ l(){}
9561.4bf2dc71.js:2 由于“保留日志”的原因，已阻止console.clear()
9561.4bf2dc71.js:2 (索引)toStringlastIndexdotAllflagsglobalhasIndicesignoreCasemultilinesourcestickyunicodeunicodeSets(索引)toStringlastIndexdotAllflagsglobalhasIndicesignoreCasemultilinesourcestickyunicodeunicodeSetsdepƒ0false''falsefalsefalsefalse' 'falsefalsefalseObject
9561.4bf2dc71.js:2 由于“保留日志”的原因，已阻止console.clear()
9561.4bf2dc71.js:2 Tue Mar 10 2026 17:24:18 GMT+0800 (中国标准时间)
9561.4bf2dc71.js:2 由于“保留日志”的原因，已阻止console.clear()
9561.4bf2dc71.js:2 {}
9561.4bf2dc71.js:2 由于“保留日志”的原因，已阻止console.clear()
9561.4bf2dc71.js:2 div
9561.4bf2dc71.js:2 由于“保留日志”的原因，已阻止console.clear()
9561.4bf2dc71.js:2 ƒ l(){}
9561.4bf2dc71.js:2 由于“保留日志”的原因，已阻止console.clear()
9561.4bf2dc71.js:2 (索引)toStringlastIndexdotAllflagsglobalhasIndicesignoreCasemultilinesourcestickyunicodeunicodeSets(索引)toStringlastIndexdotAllflagsglobalhasIndicesignoreCasemultilinesourcestickyunicodeunicodeSetsdepƒ0false''falsefalsefalsefalse' 'falsefalsefalseObject
9561.4bf2dc71.js:2 由于“保留日志”的原因，已阻止console.clear()
9561.4bf2dc71.js:2 Tue Mar 10 2026 17:24:18 GMT+0800 (中国标准时间)
9561.4bf2dc71.js:2 由于“保留日志”的原因，已阻止console.clear()
9561.4bf2dc71.js:2 {}
9561.4bf2dc71.js:2 由于“保留日志”的原因，已阻止console.clear()
9561.4bf2dc71.js:2 div
9561.4bf2dc71.js:2 由于“保留日志”的原因，已阻止console.clear()
9561.4bf2dc71.js:2 ƒ l(){}
9561.4bf2dc71.js:2 由于“保留日志”的原因，已阻止console.clear()
9561.4bf2dc71.js:2 (索引)toStringlastIndexdotAllflagsglobalhasIndicesignoreCasemultilinesourcestickyunicodeunicodeSets(索引)toStringlastIndexdotAllflagsglobalhasIndicesignoreCasemultilinesourcestickyunicodeunicodeSetsdepƒ0false''falsefalsefalsefalse' 'falsefalsefalseObject
9561.4bf2dc71.js:2 由于“保留日志”的原因，已阻止console.clear()
9561.4bf2dc71.js:2 Tue Mar 10 2026 17:24:18 GMT+0800 (中国标准时间)
9561.4bf2dc71.js:2 由于“保留日志”的原因，已阻止console.clear()
9561.4bf2dc71.js:2 {}
9561.4bf2dc71.js:2 由于“保留日志”的原因，已阻止console.clear()
9561.4bf2dc71.js:2 div
9561.4bf2dc71.js:2 由于“保留日志”的原因，已阻止console.clear()
9561.4bf2dc71.js:2 ƒ l(){}
9561.4bf2dc71.js:2 由于“保留日志”的原因，已阻止console.clear()
9561.4bf2dc71.js:2 (索引)toStringlastIndexdotAllflagsglobalhasIndicesignoreCasemultilinesourcestickyunicodeunicodeSets(索引)toStringlastIndexdotAllflagsglobalhasIndicesignoreCasemultilinesourcestickyunicodeunicodeSetsdepƒ0false''falsefalsefalsefalse' 'falsefalsefalseObject
9561.4bf2dc71.js:2 由于“保留日志”的原因，已阻止console.clear()
9561.4bf2dc71.js:2 Tue Mar 10 2026 17:24:18 GMT+0800 (中国标准时间)
9561.4bf2dc71.js:2 由于“保留日志”的原因，已阻止console.clear()
9561.4bf2dc71.js:2 {}
9561.4bf2dc71.js:2 由于“保留日志”的原因，已阻止console.clear()
9561.4bf2dc71.js:2 div
9561.4bf2dc71.js:2 由于“保留日志”的原因，已阻止console.clear()
9561.4bf2dc71.js:2 ƒ l(){}
9561.4bf2dc71.js:2 由于“保留日志”的原因，已阻止console.clear()
9561.4bf2dc71.js:2 (索引)toStringlastIndexdotAllflagsglobalhasIndicesignoreCasemultilinesourcestickyunicodeunicodeSets(索引)toStringlastIndexdotAllflagsglobalhasIndicesignoreCasemultilinesourcestickyunicodeunicodeSetsdepƒ0false''falsefalsefalsefalse' 'falsefalsefalseObject
9561.4bf2dc71.js:2 由于“保留日志”的原因，已阻止console.clear()
9561.4bf2dc71.js:2 Tue Mar 10 2026 17:24:18 GMT+0800 (中国标准时间)
9561.4bf2dc71.js:2 由于“保留日志”的原因，已阻止console.clear()
9561.4bf2dc71.js:2 {}
9561.4bf2dc71.js:2 由于“保留日志”的原因，已阻止console.clear()
9561.4bf2dc71.js:2 div
9561.4bf2dc71.js:2 由于“保留日志”的原因，已阻止console.clear()
9561.4bf2dc71.js:2 ƒ l(){}
9561.4bf2dc71.js:2 由于“保留日志”的原因，已阻止console.clear()
9561.4bf2dc71.js:2 (索引)toStringlastIndexdotAllflagsglobalhasIndicesignoreCasemultilinesourcestickyunicodeunicodeSets(索引)toStringlastIndexdotAllflagsglobalhasIndicesignoreCasemultilinesourcestickyunicodeunicodeSetsdepƒ0false''falsefalsefalsefalse' 'falsefalsefalseObject
9561.4bf2dc71.js:2 由于“保留日志”的原因，已阻止console.clear()
9561.4bf2dc71.js:2 Tue Mar 10 2026 17:24:18 GMT+0800 (中国标准时间)
9561.4bf2dc71.js:2 由于“保留日志”的原因，已阻止console.clear()
9561.4bf2dc71.js:2 {}
9561.4bf2dc71.js:2 由于“保留日志”的原因，已阻止console.clear()
9561.4bf2dc71.js:2 div
9561.4bf2dc71.js:2 由于“保留日志”的原因，已阻止console.clear()
9561.4bf2dc71.js:2 ƒ l(){}
9561.4bf2dc71.js:2 由于“保留日志”的原因，已阻止console.clear()
9561.4bf2dc71.js:2 (索引)toStringlastIndexdotAllflagsglobalhasIndicesignoreCasemultilinesourcestickyunicodeunicodeSets(索引)toStringlastIndexdotAllflagsglobalhasIndicesignoreCasemultilinesourcestickyunicodeunicodeSetsdepƒ0false''falsefalsefalsefalse' 'falsefalsefalseObject
9561.4bf2dc71.js:2 由于“保留日志”的原因，已阻止console.clear()
9561.4bf2dc71.js:2 Tue Mar 10 2026 17:24:18 GMT+0800 (中国标准时间)
9561.4bf2dc71.js:2 由于“保留日志”的原因，已阻止console.clear()
9561.4bf2dc71.js:2 {}
9561.4bf2dc71.js:2 由于“保留日志”的原因，已阻止console.clear()
