11:11:06.674 utils.ts:137 unknown mouseout事件触发 MouseEvent {isTrusted: true, screenX: 1009, screenY: 121, clientX: 1005, clientY: 41, …}
11:11:06.674 utils.ts:137 unknown mouseleave事件触发 MouseEvent {isTrusted: true, screenX: 1009, screenY: 121, clientX: 1005, clientY: 41, …}
11:11:06.674 utils.ts:137 unknown mouseleave事件触发 MouseEvent {isTrusted: true, screenX: 1009, screenY: 121, clientX: 1005, clientY: 41, …}
11:11:06.686 utils.ts:137 unknown mouseout事件触发 MouseEvent {isTrusted: true, screenX: 853, screenY: 128, clientX: 849, clientY: 48, …}
11:11:06.697 utils.ts:137 unknown mouseout事件触发 MouseEvent {isTrusted: true, screenX: 744, screenY: 132, clientX: 740, clientY: 52, …}
11:11:06.697 utils.ts:137 unknown mouseleave事件触发 MouseEvent {isTrusted: true, screenX: 744, screenY: 132, clientX: 740, clientY: 52, …}
11:11:06.743 utils.ts:137 unknown mouseout事件触发 MouseEvent {isTrusted: true, screenX: 402, screenY: 135, clientX: 398, clientY: 55, …}
11:11:06.743 utils.ts:137 unknown mouseleave事件触发 MouseEvent {isTrusted: true, screenX: 402, screenY: 135, clientX: 398, clientY: 55, …}
11:11:06.744 utils.ts:137 unknown mouseleave事件触发 MouseEvent {isTrusted: true, screenX: 402, screenY: 135, clientX: 398, clientY: 55, …}
11:11:06.744 utils.ts:137 unknown mouseleave事件触发 MouseEvent {isTrusted: true, screenX: 402, screenY: 135, clientX: 398, clientY: 55, …}
11:11:06.744 utils.ts:137 unknown mouseleave事件触发 MouseEvent {isTrusted: true, screenX: 402, screenY: 135, clientX: 398, clientY: 55, …}
11:11:06.744 utils.ts:137 unknown mouseleave事件触发 MouseEvent {isTrusted: true, screenX: 402, screenY: 135, clientX: 398, clientY: 55, …}
11:11:06.744 utils.ts:137 unknown mouseleave事件触发 MouseEvent {isTrusted: true, screenX: 402, screenY: 135, clientX: 398, clientY: 55, …}
11:11:06.745 utils.ts:137 unknown mouseout事件触发 MouseEvent {isTrusted: true, screenX: 390, screenY: 134, clientX: 386, clientY: 54, …}
11:11:06.748 utils.ts:137 unknown mouseout事件触发 MouseEvent {isTrusted: true, screenX: 376, screenY: 133, clientX: 372, clientY: 53, …}
11:11:06.748 utils.ts:137 unknown mouseleave事件触发 MouseEvent {isTrusted: true, screenX: 376, screenY: 133, clientX: 372, clientY: 53, …}
11:11:06.762 utils.ts:137 unknown mouseout事件触发 MouseEvent {isTrusted: true, screenX: 309, screenY: 128, clientX: 305, clientY: 48, …}
11:11:06.765 utils.ts:137 unknown mouseout事件触发 MouseEvent {isTrusted: true, screenX: 306, screenY: 128, clientX: 302, clientY: 48, …}
11:11:06.771 utils.ts:137 unknown mouseout事件触发 MouseEvent {isTrusted: true, screenX: 280, screenY: 125, clientX: 276, clientY: 45, …}
11:11:06.771 utils.ts:137 unknown mouseleave事件触发 MouseEvent {isTrusted: true, screenX: 280, screenY: 125, clientX: 276, clientY: 45, …}
11:11:06.771 utils.ts:137 unknown mouseleave事件触发 MouseEvent {isTrusted: true, screenX: 280, screenY: 125, clientX: 276, clientY: 45, …}
11:11:06.791 utils.ts:137 unknown mouseout事件触发 MouseEvent {isTrusted: true, screenX: 231, screenY: 119, clientX: 227, clientY: 39, …}
11:11:06.791 utils.ts:137 unknown mouseleave事件触发 MouseEvent {isTrusted: true, screenX: 231, screenY: 119, clientX: 227, clientY: 39, …}
11:11:06.791 utils.ts:137 unknown mouseleave事件触发 MouseEvent {isTrusted: true, screenX: 231, screenY: 119, clientX: 227, clientY: 39, …}
11:11:06.940 utils.ts:137 unknown mouseout事件触发 MouseEvent {isTrusted: true, screenX: 123, screenY: 79, clientX: 119, clientY: -1, …}
11:11:06.941 utils.ts:137 unknown mouseleave事件触发 MouseEvent {isTrusted: true, screenX: 123, screenY: 79, clientX: 119, clientY: -1, …}
11:11:06.941 utils.ts:137 unknown mouseleave事件触发 MouseEvent {isTrusted: true, screenX: 123, screenY: 79, clientX: 119, clientY: -1, …}
11:11:06.941 utils.ts:137 unknown mouseleave事件触发 MouseEvent {isTrusted: true, screenX: 123, screenY: 79, clientX: 119, clientY: -1, …}
11:11:06.941 utils.ts:137 unknown mouseleave事件触发 MouseEvent {isTrusted: true, screenX: 123, screenY: 79, clientX: 119, clientY: -1, …}
11:11:06.941 utils.ts:137 unknown mouseleave事件触发 MouseEvent {isTrusted: true, screenX: 123, screenY: 79, clientX: 119, clientY: -1, …}
11:11:06.941 utils.ts:137 unknown mouseleave事件触发 MouseEvent {isTrusted: true, screenX: 123, screenY: 79, clientX: 119, clientY: -1, …}
11:11:06.941 utils.ts:137 unknown mouseleave事件触发 MouseEvent {isTrusted: true, screenX: 123, screenY: 79, clientX: 119, clientY: -1, …}
11:11:06.941 utils.ts:137 unknown mouseleave事件触发 MouseEvent {isTrusted: true, screenX: 123, screenY: 79, clientX: 119, clientY: -1, …}
11:11:06.941 utils.ts:137 unknown mouseleave事件触发 MouseEvent {isTrusted: true, screenX: 123, screenY: 79, clientX: 119, clientY: -1, …}
11:11:07.444 utils.ts:137 unknown focus事件触发 Event {isTrusted: true, type: 'focus', target: Window, currentTarget: Window, eventPhase: 2, …}
11:11:07.449 utils.ts:137 unknown beforeunload事件触发 BeforeUnloadEvent {isTrusted: true, returnValue: '', type: 'beforeunload', target: document, currentTarget: Window, …}
11:11:07.514  unknown pagehide事件触发 PageTransitionEvent {isTrusted: true, persisted: false, type: 'pagehide', target: document, currentTarget: Window, …}
11:11:07.515  unknown visibilitychange事件触发 Event {isTrusted: true, type: 'visibilitychange', target: document, currentTarget: Window, eventPhase: 1, …}
11:11:07.562 已导航到https://zsgl.lzlj.com/
11:11:07.727 dailyPointsPanel.ts:16 [每日积分] panel: 构造函数被调用
11:11:07.728 dailyPointsPanel.ts:20 [每日积分] panel: init方法被调用
11:11:07.728 log.ts:179 [debug 11:11:7 ] Start document state: loading
11:11:07.728 mooc.ts:8 create mooc
11:11:07.728 log.ts:188 [info 11:11:7 ] 当前平台：zsgl
11:11:07.728 mooc.ts:39 mooc start ZsglCourse {event: {…}, taskList: Array(0), courseDetailData: Array(0), timerManager: TimerManager, taskIndex: 0, …}
11:11:07.729 log.ts:179 [debug 11:11:7 ] 初始化course课程任务
11:11:07.729 log.ts:179 [debug 11:11:7 ] 当前页面URL: https://zsgl.lzlj.com/#/home/courseDetail/N003284
11:11:07.729 log.ts:179 [debug 11:11:7 ] 当前页面hash: #/home/courseDetail/N003284
11:11:07.729 log.ts:179 [debug 11:11:7 ] 设置HTTP钩子，监听: queryCourseDetail.do
11:11:07.804 webim.min.js:1 navigator.userAgent=mozilla/5.0 (windows nt 10.0; win64; x64) applewebkit/537.36 (khtml, like gecko) chrome/145.0.0.0 safari/537.36 edg/145.0.0.0
11:11:07.804 webim.min.js:1 BROWSER_INFO: type=chrome, ver=145.0.0.0
11:11:08.701 log.ts:179 [debug 11:11:8 ] 拦截到HTTP请求: /znWeb/znPortal/lang/zh.json
11:11:08.703 main.2faaeed8.js:1 0530-1
11:11:08.718 main.2faaeed8.js:1 showSearch true
11:11:08.735 log.ts:179 [debug 11:11:8 ] 拦截到HTTP请求: /learn/app/clientapi/home/pc/queryHomeChannelModule.do?pageId=SY0010092&sid=DDFFB4A8903046B2B2A2C20195472FFA&os=99
11:11:08.735 log.ts:179 [debug 11:11:8 ] 拦截到HTTP请求: /learn/app/clientapi/home/getPcGlobalManagement.do?pageId=SY0010092&sid=DDFFB4A8903046B2B2A2C20195472FFA&os=99
11:11:08.736 log.ts:179 [debug 11:11:8 ] 拦截到HTTP请求: /learn/app/getGlobalTimestamp.do?os=99&sid=DDFFB4A8903046B2B2A2C20195472FFA
11:11:08.773 main.2faaeed8.js:1 showSearch true
11:11:08.777 log.ts:179 [debug 11:11:8 ] 拦截到HTTP请求: /learn/app/clientapi/home/pc/userPermissions.do?os=99&sid=DDFFB4A8903046B2B2A2C20195472FFA
11:11:08.778 log.ts:179 [debug 11:11:8 ] 拦截到HTTP请求: /learn/app/clientapi/home/pc/queryHomeGlobalInfo.do?pageId=SY0010092&sid=DDFFB4A8903046B2B2A2C20195472FFA&os=99
11:11:08.778 log.ts:179 [debug 11:11:8 ] 拦截到HTTP请求: /learn/app/clientapi/message/getMessageListType.do?sid=DDFFB4A8903046B2B2A2C20195472FFA&os=99
11:11:08.808 dailyPointsPanel.ts:22 [每日积分] panel: window.onload 触发
11:11:08.809 dailyPointsPanel.ts:318 [每日积分] panel: 初始化消息监听
11:11:08.809 log.ts:179 [debug 11:11:8 ] 每日积分模式初始化完成 {learning: {…}, contribution: {…}, interaction: {…}, lastUpdate: 1773440795964, isRunning: true}
11:11:08.809 log.ts:179 [debug 11:11:8 ] document.addEventListener(load)
11:11:08.809 log.ts:179 [debug 11:11:8 ] OperateCard 课程详情数据长度: 0
11:11:08.810 log.ts:197  [warn 11:11:8 ] 课程详情数据为空，等待数据...
Warn @ log.ts:197
eval @ course.ts:255
eval @ course.ts:8
__awaiter @ course.ts:4
OperateCard @ course.ts:252
eval @ course.ts:68
eval @ course.ts:8
__awaiter @ course.ts:4
eval @ course.ts:61
11:11:08.810 mooc.ts:42 mooc初始化完成 ZsglCourse {event: {…}, taskList: Array(0), courseDetailData: Array(0), timerManager: TimerManager, taskIndex: 0, …}
11:11:08.810 mooc.ts:43 Next() {
        return new Promise((resolve) => {
            if (this.taskList.length >= this.taskIndex) {
                resolve(this.taskList[this.taskIndex]);
                return this.taskIn… 'mooc.Next'
11:11:08.810 log.ts:179 [debug 11:11:8 ] runMoocTask 开始执行任务:
11:11:08.948 log.ts:179 [debug 11:11:8 ] 拦截到HTTP请求: /learn/app/clientapi/misc/queryVasOperation2NativeList.do?sid=DDFFB4A8903046B2B2A2C20195472FFA&os=99
11:11:08.950 main.2faaeed8.js:1 --------------- Sat Mar 14 2026 11:11:08 GMT+0800 (中国标准时间)
11:11:08.950 log.ts:179 [debug 11:11:8 ] 拦截到HTTP请求: /learn/app/clientapi/home/pc/queryUserHomeList.do?time=1773457868950&sid=DDFFB4A8903046B2B2A2C20195472FFA&os=99
11:11:09.093 main.2faaeed8.js:1 showSearch true
11:11:09.199 main.2faaeed8.js:1 showSearch true
11:11:09.206 main.2faaeed8.js:1 com.mlearning.paznluzhoulaojiao appId-------
11:11:09.207 log.ts:179 [debug 11:11:9 ] 拦截到HTTP请求: /learn/app/newPersonDetail.do?sid=DDFFB4A8903046B2B2A2C20195472FFA&os=99
11:11:09.208 log.ts:179 [debug 11:11:9 ] 拦截到HTTP请求: /learn-login/queryUserInfoBound.do?os=99&sid=DDFFB4A8903046B2B2A2C20195472FFA
11:11:09.208 log.ts:179 [debug 11:11:9 ] 拦截到HTTP请求: /learn/app/clientapi/knowledgecloud/home/getPermissionStatus.do?sid=DDFFB4A8903046B2B2A2C20195472FFA&os=99
11:11:09.380 main.2faaeed8.js:1 showSearch true
11:11:09.387 log.ts:179 [debug 11:11:9 ] 拦截到HTTP请求: /learn/app/clientapi/course/queryCourseDetail.do?os=99&sid=DDFFB4A8903046B2B2A2C20195472FFA
11:11:09.388 log.ts:179 [debug 11:11:9 ] 拦截到HTTP请求: /learn/app/clientapi/course/relatedResources.do?courseId=N003284&type=2&sid=DDFFB4A8903046B2B2A2C20195472FFA&os=99
11:11:09.389 log.ts:179 [debug 11:11:9 ] 拦截到HTTP请求: /learn/app/clientapi/course/queryCourseBaseInfo.do?courseId=N003284&sid=DDFFB4A8903046B2B2A2C20195472FFA&os=99
11:11:09.390 log.ts:179 [debug 11:11:9 ] 拦截到HTTP请求: /learn/app/clientapi/user/personDetail.do?searchedUserId=51A0C28038F643F59B89D714776508D3&sid=DDFFB4A8903046B2B2A2C20195472FFA&os=99
11:11:09.427 main.2faaeed8.js:1 showSearch true
11:11:09.580 log.ts:179 [debug 11:11:9 ] 课程详情请求响应: {"code":0,"body":{"activtiyPrice":0,"advertArr":[],"author":"","averageScore":"4.9","bowseNumber":"376","canComment":"1","canDownload":"0","canFF":"0","canRate":"1","chapters":[],"classifyList":[{"courseId":"","fullName":"企业文化>文化历史","fullPath":"7|4|7|||7|5|2","id":"752","name":"文化历史","pageId":"","parentId":"747","type":"COURSE_AREA"},{"courseId":"","fullName":"企业文化>技术营销","fullPath":"7|4|7|||8|5|3","id":"853","name":"技术营销","pageId":"","parentId":"747","type":"COURSE_AREA"}],"clockInInterval":0,"c
11:11:09.581 log.ts:179 [debug 11:11:9 ] 课程详情数据 (3) [{…}, {…}, {…}]
11:11:09.582 log.ts:179 [debug 11:11:9 ] 拦截到HTTP请求: /learn/app/clientapi/user/isOpenHumanSocietyVas.do?sid=DDFFB4A8903046B2B2A2C20195472FFA&os=99
11:11:09.656 808.d56623c9.chunk.js:1  Uncaught (in promise) TypeError: Failed to execute 'removeChild' on 'Node': parameter 1 is not of type 'Node'.
    at 808.d56623c9.chunk.js:1:10947
    at u (9561.4bf2dc71.js:2:4080981)
    at Generator._invoke (9561.4bf2dc71.js:2:4080769)
    at Generator.next (9561.4bf2dc71.js:2:4081410)
    at r (9561.4bf2dc71.js:2:5831066)
    at s (9561.4bf2dc71.js:2:5831269)
    at 9561.4bf2dc71.js:2:5831328
    at new Promise (<anonymous>)
    at a.getIsWatermark (9561.4bf2dc71.js:2:5831209)
    at 808.d56623c9.chunk.js:1:11517
(匿名) @ 808.d56623c9.chunk.js:1
u @ 9561.4bf2dc71.js:2
(匿名) @ 9561.4bf2dc71.js:2
(匿名) @ 9561.4bf2dc71.js:2
r @ 9561.4bf2dc71.js:2
s @ 9561.4bf2dc71.js:2
(匿名) @ 9561.4bf2dc71.js:2
(匿名) @ 9561.4bf2dc71.js:2
(匿名) @ 808.d56623c9.chunk.js:1
u @ 9561.4bf2dc71.js:2
(匿名) @ 9561.4bf2dc71.js:2
(匿名) @ 9561.4bf2dc71.js:2
r @ 9561.4bf2dc71.js:2
s @ 9561.4bf2dc71.js:2
Promise.then
r @ 9561.4bf2dc71.js:2
s @ 9561.4bf2dc71.js:2
(匿名) @ 9561.4bf2dc71.js:2
(匿名) @ 9561.4bf2dc71.js:2
value @ 808.d56623c9.chunk.js:1
F @ 9561.4bf2dc71.js:2
(匿名) @ 9561.4bf2dc71.js:2
Ec @ 9561.4bf2dc71.js:2
t.unstable_runWithPriority @ 9561.4bf2dc71.js:2
qo @ 9561.4bf2dc71.js:2
kc @ 9561.4bf2dc71.js:2
dc @ 9561.4bf2dc71.js:2
(匿名) @ 9561.4bf2dc71.js:2
t.unstable_runWithPriority @ 9561.4bf2dc71.js:2
qo @ 9561.4bf2dc71.js:2
Xo @ 9561.4bf2dc71.js:2
j @ 9561.4bf2dc71.js:2
M.port1.onmessage @ 9561.4bf2dc71.js:2
11:11:09.824 log.ts:179 [debug 11:11:9 ] 等待课程数据... 1
11:11:09.840 log.ts:179 [debug 11:11:9 ] 拦截到HTTP请求: /learn/app/clientapi/trainingclass/training/item/selectResourceRule.do?resourceId=N003284&resourceType=0&sid=DDFFB4A8903046B2B2A2C20195472FFA&os=99
11:11:10.110 8222.6209a852.chunk.js:1 2222
11:11:10.128 log.ts:179 [debug 11:11:10 ] 拦截到HTTP请求: /learn/app/clientapi/course/commenthead.do?os=99&sid=DDFFB4A8903046B2B2A2C20195472FFA
11:11:10.129 log.ts:179 [debug 11:11:10 ] 拦截到HTTP请求: /learn/app/clientapi/course/comment.do?os=99&sid=DDFFB4A8903046B2B2A2C20195472FFA
11:11:10.130 log.ts:179 [debug 11:11:10 ] 拦截到HTTP请求: /learn/app/clientapi/course/play/queryStatus.do?courseWareId=1708928482707&courseId=N003284&bizType=0&bizId=&sid=DDFFB4A8903046B2B2A2C20195472FFA&os=99
11:11:10.130 log.ts:179 [debug 11:11:10 ] 拦截到HTTP请求: /learn/app/clientapi/course/uploadCourseLearnStatus.do?os=99&sid=DDFFB4A8903046B2B2A2C20195472FFA
11:11:10.130 log.ts:179 [debug 11:11:10 ] 拦截到HTTP请求: /learn/app/getGlobalTimestamp.do?os=99&sid=DDFFB4A8903046B2B2A2C20195472FFA
11:11:10.131 log.ts:179 [debug 11:11:10 ] 拦截到HTTP请求: /learn/app/clientapi/course/preview.do?coursewareId=1708928482707&sid=DDFFB4A8903046B2B2A2C20195472FFA&os=99
11:11:10.131 log.ts:179 [debug 11:11:10 ] 拦截到HTTP请求: /learn/app/clientapi/misc/queryVasOperation2NativeList.do?os=99&sid=DDFFB4A8903046B2B2A2C20195472FFA
11:11:10.183 main.2faaeed8.js:1  The provided value 'Middle' is not a valid enum value of type CanvasTextBaseline.
ye @ main.2faaeed8.js:1
e.showWatermark @ 808.d56623c9.chunk.js:1
(匿名) @ 808.d56623c9.chunk.js:1
setTimeout
(匿名) @ 808.d56623c9.chunk.js:1
u @ 9561.4bf2dc71.js:2
(匿名) @ 9561.4bf2dc71.js:2
(匿名) @ 9561.4bf2dc71.js:2
r @ 9561.4bf2dc71.js:2
s @ 9561.4bf2dc71.js:2
(匿名) @ 9561.4bf2dc71.js:2
(匿名) @ 9561.4bf2dc71.js:2
value @ 808.d56623c9.chunk.js:1
F @ 9561.4bf2dc71.js:2
(匿名) @ 9561.4bf2dc71.js:2
Ec @ 9561.4bf2dc71.js:2
t.unstable_runWithPriority @ 9561.4bf2dc71.js:2
qo @ 9561.4bf2dc71.js:2
kc @ 9561.4bf2dc71.js:2
dc @ 9561.4bf2dc71.js:2
(匿名) @ 9561.4bf2dc71.js:2
t.unstable_runWithPriority @ 9561.4bf2dc71.js:2
qo @ 9561.4bf2dc71.js:2
Xo @ 9561.4bf2dc71.js:2
j @ 9561.4bf2dc71.js:2
M.port1.onmessage @ 9561.4bf2dc71.js:2
11:11:10.335 log.ts:179 [debug 11:11:10 ] 寻找taskDiv 01-讲解手册说明（下）
11:11:10.336 log.ts:179 [debug 11:11:10 ] 构建任务 1: 01-讲解手册说明（下） 类型: video
11:11:10.336 factory.ts:33 创建课程任务: video
11:11:10.337 log.ts:179 [debug 11:11:10 ] zsglVideo开始初始化任务 {hasLearned: '0', fileName: '01-讲解手册说明（下）', cwType: 'video', jobIndex: 2, courseId: 'N003284', …}
11:11:10.338 log.ts:179 [debug 11:11:10 ] 任务 1 初始化完成
11:11:10.338 log.ts:179 [debug 11:11:10 ] 构建任务 2: 02-讲解景点示范（上） 类型: video
11:11:10.338 factory.ts:33 创建课程任务: video
11:11:10.338 log.ts:179 [debug 11:11:10 ] zsglVideo开始初始化任务 {hasLearned: '0', fileName: '02-讲解景点示范（上）', cwType: 'video', jobIndex: 3, courseId: 'N003284', …}
11:11:10.338 log.ts:179 [debug 11:11:10 ] 任务 2 初始化完成
11:11:10.338 log.ts:179 [debug 11:11:10 ] 构建任务 3: 02-讲解景点范例（下） 类型: video
11:11:10.339 factory.ts:33 创建课程任务: video
11:11:10.339 log.ts:179 [debug 11:11:10 ] zsglVideo开始初始化任务 {hasLearned: '0', fileName: '02-讲解景点范例（下）', cwType: 'video', jobIndex: 4, courseId: 'N003284', …}
11:11:10.339 log.ts:179 [debug 11:11:10 ] 任务 3 初始化完成
11:11:10.340 log.ts:197  [warn 11:11:10 ] runMoocTask reload false ZsglCourse {event: {…}, taskList: Array(3), courseDetailData: Array(3), timerManager: TimerManager, taskIndex: 0, …}
Warn @ log.ts:197
eval @ mooc.ts:69
eval @ event.ts:30
callEvent @ event.ts:29
eval @ course.ts:294
fulfilled @ course.ts:5
Promise.then
step @ course.ts:7
eval @ course.ts:8
__awaiter @ course.ts:4
eval @ course.ts:281
setInterval
setInterval @ utils.ts:203
eval @ course.ts:281
eval @ course.ts:8
__awaiter @ course.ts:4
processCourseData @ course.ts:278
eval @ course.ts:263
setInterval
setInterval @ utils.ts:203
eval @ course.ts:258
eval @ course.ts:8
__awaiter @ course.ts:4
OperateCard @ course.ts:252
eval @ course.ts:68
eval @ course.ts:8
__awaiter @ course.ts:4
eval @ course.ts:61
11:11:10.431 log.ts:179 [debug 11:11:10 ] 拦截到HTTP请求: https://zsglcdn.lzlj.com/learn/app/clientapi/course/drm/m3u8/getPlaylist.do?sourceId=1708928482707&znTid=6BB03DC00FAD459A9131F67867374E5C&wsSecret=2c71a6578303c51c70350b3da8afb054&wsTime=69b5262e&wsVersion=3&sid=DDFFB4A8903046B2B2A2C20195472FFA
11:11:10.734 log.ts:179 [debug 11:11:10 ] 拦截到HTTP请求: https://zsglcdn.lzlj.com/learn/app/clientapi/course/drm/m3u8/getPlayParams.do?os=999&os=99&sourceId=1708928482707&sid=DDFFB4A8903046B2B2A2C20195472FFA
11:11:10.737 8222.6209a852.chunk.js:1  Uncaught (in promise) NotAllowedError: play() failed because the user didn't interact with the document first.
(匿名) @ 8222.6209a852.chunk.js:1
u.emit @ 7631.455825e0.chunk.js:2
E.emit @ 7631.455825e0.chunk.js:2
E.trigger @ 7631.455825e0.chunk.js:2
m.onManifestLoaded @ 7631.455825e0.chunk.js:2
u.emit @ 7631.455825e0.chunk.js:2
E.emit @ 7631.455825e0.chunk.js:2
E.trigger @ 7631.455825e0.chunk.js:2
e.handleTrackOrLevelPlaylist @ 7631.455825e0.chunk.js:2
e.loadsuccess @ 7631.455825e0.chunk.js:2
e.readystatechange @ 7631.455825e0.chunk.js:2
(匿名) @ agent.min.js:1
XMLHttpRequest.send
(匿名) @ agent.min.js:1
e.loadInternal @ 7631.455825e0.chunk.js:2
e.load @ 7631.455825e0.chunk.js:2
e.load @ 7631.455825e0.chunk.js:2
e.onManifestLoading @ 7631.455825e0.chunk.js:2
u.emit @ 7631.455825e0.chunk.js:2
E.emit @ 7631.455825e0.chunk.js:2
E.trigger @ 7631.455825e0.chunk.js:2
E.loadSource @ 7631.455825e0.chunk.js:2
(匿名) @ 8222.6209a852.chunk.js:1
u @ 9561.4bf2dc71.js:2
(匿名) @ 9561.4bf2dc71.js:2
(匿名) @ 9561.4bf2dc71.js:2
r @ 9561.4bf2dc71.js:2
s @ 9561.4bf2dc71.js:2
Promise.then
r @ 9561.4bf2dc71.js:2
s @ 9561.4bf2dc71.js:2
(匿名) @ 9561.4bf2dc71.js:2
(匿名) @ 9561.4bf2dc71.js:2
(匿名) @ 8222.6209a852.chunk.js:1
e.handleInitCourse @ 8222.6209a852.chunk.js:1
e.initCourse @ 8222.6209a852.chunk.js:1
(匿名) @ 8222.6209a852.chunk.js:1
ka @ 9561.4bf2dc71.js:2
xa @ 9561.4bf2dc71.js:2
Ec @ 9561.4bf2dc71.js:2
t.unstable_runWithPriority @ 9561.4bf2dc71.js:2
qo @ 9561.4bf2dc71.js:2
kc @ 9561.4bf2dc71.js:2
dc @ 9561.4bf2dc71.js:2
(匿名) @ 9561.4bf2dc71.js:2
t.unstable_runWithPriority @ 9561.4bf2dc71.js:2
qo @ 9561.4bf2dc71.js:2
Xo @ 9561.4bf2dc71.js:2
$o @ 9561.4bf2dc71.js:2
ic @ 9561.4bf2dc71.js:2
enqueueSetState @ 9561.4bf2dc71.js:2
b.setState @ 9561.4bf2dc71.js:2
(匿名) @ 808.d56623c9.chunk.js:1
u @ 9561.4bf2dc71.js:2
(匿名) @ 9561.4bf2dc71.js:2
(匿名) @ 9561.4bf2dc71.js:2
r @ 9561.4bf2dc71.js:2
s @ 9561.4bf2dc71.js:2
Promise.then
r @ 9561.4bf2dc71.js:2
s @ 9561.4bf2dc71.js:2
Promise.then
r @ 9561.4bf2dc71.js:2
s @ 9561.4bf2dc71.js:2
Promise.then
r @ 9561.4bf2dc71.js:2
s @ 9561.4bf2dc71.js:2
(匿名) @ 9561.4bf2dc71.js:2
(匿名) @ 9561.4bf2dc71.js:2
value @ 808.d56623c9.chunk.js:1
F @ 9561.4bf2dc71.js:2
(匿名) @ 9561.4bf2dc71.js:2
Ec @ 9561.4bf2dc71.js:2
t.unstable_runWithPriority @ 9561.4bf2dc71.js:2
qo @ 9561.4bf2dc71.js:2
kc @ 9561.4bf2dc71.js:2
dc @ 9561.4bf2dc71.js:2
(匿名) @ 9561.4bf2dc71.js:2
t.unstable_runWithPriority @ 9561.4bf2dc71.js:2
qo @ 9561.4bf2dc71.js:2
Xo @ 9561.4bf2dc71.js:2
j @ 9561.4bf2dc71.js:2
M.port1.onmessage @ 9561.4bf2dc71.js:2
11:11:10.948 log.ts:179 [debug 11:11:10 ] 拦截到HTTP请求: https://zsglcdn.lzlj.com/learn/app/filehub/0001/formal/course/transCode/2024/02/26/414ACCAE7D234863AD6D819EE4D1109C/1708928482707_s_0.ts
11:11:11.310 8222.6209a852.chunk.js:1  Uncaught (in promise) NotAllowedError: play() failed because the user didn't interact with the document first.
e.getMetaDuration @ 8222.6209a852.chunk.js:1
getMetaDuration @ 8222.6209a852.chunk.js:1
onLoadedMetadata @ 2269.5c46b420.chunk.js:1
m @ 9561.4bf2dc71.js:2
w @ 9561.4bf2dc71.js:2
(匿名) @ 9561.4bf2dc71.js:2
E @ 9561.4bf2dc71.js:2
C @ 9561.4bf2dc71.js:2
S @ 9561.4bf2dc71.js:2
D @ 9561.4bf2dc71.js:2
kn @ 9561.4bf2dc71.js:2
le @ 9561.4bf2dc71.js:2
Dn @ 9561.4bf2dc71.js:2
zn @ 9561.4bf2dc71.js:2
An @ 9561.4bf2dc71.js:2
11:11:11.313 log.ts:179 [debug 11:11:11 ] 拦截到HTTP请求: https://zsglcdn.lzlj.com/learn/app/filehub/0001/formal/course/transCode/2024/02/26/414ACCAE7D234863AD6D819EE4D1109C/1708928482707_s_1.ts
11:11:11.353 log.ts:179 [debug 11:11:11 ] 拦截到HTTP请求: https://zsglcdn.lzlj.com/learn/app/filehub/0001/formal/course/transCode/2024/02/26/414ACCAE7D234863AD6D819EE4D1109C/1708928482707_s_103.ts
11:11:12.056 8222.6209a852.chunk.js:1 commonFull true
11:11:12.056 8222.6209a852.chunk.js:1 window.outerWidth 1920
11:11:12.056 8222.6209a852.chunk.js:1 screen.availWidth 1920
11:11:12.056 8222.6209a852.chunk.js:1 windowF11Full false
11:11:12.056 8222.6209a852.chunk.js:1 isFullScreen true
11:11:12.057 8222.6209a852.chunk.js:1  Uncaught (in promise) NotAllowedError: play() failed because the user didn't interact with the document first.
e.playOrPause @ 8222.6209a852.chunk.js:1
(匿名) @ 8222.6209a852.chunk.js:1
setTimeout
e.listenCutScreen @ 8222.6209a852.chunk.js:1
(匿名) @ 8222.6209a852.chunk.js:1
u @ 9561.4bf2dc71.js:2
(匿名) @ 9561.4bf2dc71.js:2
(匿名) @ 9561.4bf2dc71.js:2
r @ 9561.4bf2dc71.js:2
s @ 9561.4bf2dc71.js:2
Promise.then
r @ 9561.4bf2dc71.js:2
s @ 9561.4bf2dc71.js:2
(匿名) @ 9561.4bf2dc71.js:2
(匿名) @ 9561.4bf2dc71.js:2
(匿名) @ 8222.6209a852.chunk.js:1
ka @ 9561.4bf2dc71.js:2
xa @ 9561.4bf2dc71.js:2
Ec @ 9561.4bf2dc71.js:2
t.unstable_runWithPriority @ 9561.4bf2dc71.js:2
qo @ 9561.4bf2dc71.js:2
kc @ 9561.4bf2dc71.js:2
dc @ 9561.4bf2dc71.js:2
(匿名) @ 9561.4bf2dc71.js:2
t.unstable_runWithPriority @ 9561.4bf2dc71.js:2
qo @ 9561.4bf2dc71.js:2
Xo @ 9561.4bf2dc71.js:2
$o @ 9561.4bf2dc71.js:2
ic @ 9561.4bf2dc71.js:2
enqueueSetState @ 9561.4bf2dc71.js:2
b.setState @ 9561.4bf2dc71.js:2
(匿名) @ 808.d56623c9.chunk.js:1
u @ 9561.4bf2dc71.js:2
(匿名) @ 9561.4bf2dc71.js:2
(匿名) @ 9561.4bf2dc71.js:2
r @ 9561.4bf2dc71.js:2
s @ 9561.4bf2dc71.js:2
Promise.then
r @ 9561.4bf2dc71.js:2
s @ 9561.4bf2dc71.js:2
Promise.then
r @ 9561.4bf2dc71.js:2
s @ 9561.4bf2dc71.js:2
Promise.then
r @ 9561.4bf2dc71.js:2
s @ 9561.4bf2dc71.js:2
(匿名) @ 9561.4bf2dc71.js:2
(匿名) @ 9561.4bf2dc71.js:2
value @ 808.d56623c9.chunk.js:1
F @ 9561.4bf2dc71.js:2
(匿名) @ 9561.4bf2dc71.js:2
Ec @ 9561.4bf2dc71.js:2
t.unstable_runWithPriority @ 9561.4bf2dc71.js:2
qo @ 9561.4bf2dc71.js:2
kc @ 9561.4bf2dc71.js:2
dc @ 9561.4bf2dc71.js:2
(匿名) @ 9561.4bf2dc71.js:2
t.unstable_runWithPriority @ 9561.4bf2dc71.js:2
qo @ 9561.4bf2dc71.js:2
Xo @ 9561.4bf2dc71.js:2
j @ 9561.4bf2dc71.js:2
M.port1.onmessage @ 9561.4bf2dc71.js:2
11:11:13.063 log.ts:179 [debug 11:11:13 ] 拦截到HTTP请求: /learn/app/clientapi/course/progress/reportLearnProgress.do?os=99&sid=DDFFB4A8903046B2B2A2C20195472FFA
11:11:13.280 8222.6209a852.chunk.js:1 report success
11:11:22.475 8222.6209a852.chunk.js:1 commonFull true
11:11:22.475 8222.6209a852.chunk.js:1 window.outerWidth 1920
11:11:22.475 8222.6209a852.chunk.js:1 screen.availWidth 1920
11:11:22.475 8222.6209a852.chunk.js:1 windowF11Full false
11:11:22.475 8222.6209a852.chunk.js:1 isFullScreen true
11:11:22.476 8222.6209a852.chunk.js:1  Uncaught (in promise) NotAllowedError: play() failed because the user didn't interact with the document first.
e.playOrPause @ 8222.6209a852.chunk.js:1
window.onblur @ 8222.6209a852.chunk.js:1
11:11:22.684 8222.6209a852.chunk.js:1 commonFull true
11:11:22.684 8222.6209a852.chunk.js:1 window.outerWidth 1920
11:11:22.684 8222.6209a852.chunk.js:1 screen.availWidth 1920
11:11:22.684 8222.6209a852.chunk.js:1 windowF11Full false
11:11:22.684 8222.6209a852.chunk.js:1 isFullScreen true
11:11:22.684 8222.6209a852.chunk.js:1  Uncaught (in promise) NotAllowedError: play() failed because the user didn't interact with the document first.
e.playOrPause @ 8222.6209a852.chunk.js:1
(匿名) @ 8222.6209a852.chunk.js:1
setTimeout
window.onresize @ 8222.6209a852.chunk.js:1
11:11:22.729 8222.6209a852.chunk.js:1 commonFull true
11:11:22.729 8222.6209a852.chunk.js:1 window.outerWidth 1920
11:11:22.729  screen.availWidth 1920
11:11:22.729  windowF11Full false
11:11:22.729  isFullScreen true
11:11:22.730 8222.6209a852.chunk.js:1  Uncaught (in promise) NotAllowedError: play() failed because the user didn't interact with the document first.
e.playOrPause @ 8222.6209a852.chunk.js:1
(匿名) @ 8222.6209a852.chunk.js:1
setTimeout
window.onresize @ 8222.6209a852.chunk.js:1
11:11:22.744  commonFull true
11:11:22.744  window.outerWidth 1920
11:11:22.744  screen.availWidth 1920
11:11:22.744  windowF11Full false
11:11:22.744  isFullScreen true
11:11:22.744 8222.6209a852.chunk.js:1  Uncaught (in promise) NotAllowedError: play() failed because the user didn't interact with the document first.
e.playOrPause @ 8222.6209a852.chunk.js:1
(匿名) @ 8222.6209a852.chunk.js:1
setTimeout
window.onresize @ 8222.6209a852.chunk.js:1
11:11:22.757  commonFull true
11:11:22.757  window.outerWidth 1920
11:11:22.757  screen.availWidth 1920
11:11:22.757  windowF11Full false
11:11:22.757  isFullScreen true
11:11:22.757 8222.6209a852.chunk.js:1  Uncaught (in promise) NotAllowedError: play() failed because the user didn't interact with the document first.
e.playOrPause @ 8222.6209a852.chunk.js:1
(匿名) @ 8222.6209a852.chunk.js:1
setTimeout
window.onresize @ 8222.6209a852.chunk.js:1
11:11:22.781  commonFull true
11:11:22.781  window.outerWidth 1920
11:11:22.781  screen.availWidth 1920
11:11:22.781  windowF11Full false
11:11:22.781  isFullScreen true
11:11:22.784 8222.6209a852.chunk.js:1  Uncaught (in promise) NotAllowedError: play() failed because the user didn't interact with the document first.
e.playOrPause @ 8222.6209a852.chunk.js:1
(匿名) @ 8222.6209a852.chunk.js:1
setTimeout
window.onresize @ 8222.6209a852.chunk.js:1
11:11:22.806  commonFull true
11:11:22.806  window.outerWidth 1920
11:11:22.806  screen.availWidth 1920
11:11:22.806  windowF11Full false
11:11:22.806  isFullScreen true
11:11:22.807 8222.6209a852.chunk.js:1  Uncaught (in promise) NotAllowedError: play() failed because the user didn't interact with the document first.
e.playOrPause @ 8222.6209a852.chunk.js:1
(匿名) @ 8222.6209a852.chunk.js:1
setTimeout
window.onresize @ 8222.6209a852.chunk.js:1
11:11:22.837  commonFull true
11:11:22.837  window.outerWidth 1920
11:11:22.837  screen.availWidth 1920
11:11:22.837  windowF11Full false
11:11:22.837  isFullScreen true
11:11:22.837 8222.6209a852.chunk.js:1  Uncaught (in promise) NotAllowedError: play() failed because the user didn't interact with the document first.
e.playOrPause @ 8222.6209a852.chunk.js:1
(匿名) @ 8222.6209a852.chunk.js:1
setTimeout
window.onresize @ 8222.6209a852.chunk.js:1
11:11:22.854  commonFull true
11:11:22.854  window.outerWidth 1920
11:11:22.854  screen.availWidth 1920
11:11:22.854  windowF11Full false
11:11:22.854  isFullScreen true
11:11:22.854 8222.6209a852.chunk.js:1  Uncaught (in promise) NotAllowedError: play() failed because the user didn't interact with the document first.
e.playOrPause @ 8222.6209a852.chunk.js:1
(匿名) @ 8222.6209a852.chunk.js:1
setTimeout
window.onresize @ 8222.6209a852.chunk.js:1
11:11:22.885  commonFull true
11:11:22.885  window.outerWidth 1920
11:11:22.885  screen.availWidth 1920
11:11:22.885  windowF11Full false
11:11:22.885  isFullScreen true
11:11:22.885 8222.6209a852.chunk.js:1  Uncaught (in promise) NotAllowedError: play() failed because the user didn't interact with the document first.
e.playOrPause @ 8222.6209a852.chunk.js:1
(匿名) @ 8222.6209a852.chunk.js:1
setTimeout
window.onresize @ 8222.6209a852.chunk.js:1
11:11:23.173  commonFull true
11:11:23.173  window.outerWidth 1920
11:11:23.173  screen.availWidth 1920
11:11:23.173  windowF11Full false
11:11:23.173  isFullScreen true
11:11:23.175 8222.6209a852.chunk.js:1  Uncaught (in promise) NotAllowedError: play() failed because the user didn't interact with the document first.
e.playOrPause @ 8222.6209a852.chunk.js:1
(匿名) @ 8222.6209a852.chunk.js:1
setTimeout
window.onresize @ 8222.6209a852.chunk.js:1
11:11:23.223  commonFull true
11:11:23.223  window.outerWidth 1920
11:11:23.223  screen.availWidth 1920
11:11:23.223  windowF11Full false
11:11:23.223  isFullScreen true
11:11:23.224 8222.6209a852.chunk.js:1  Uncaught (in promise) NotAllowedError: play() failed because the user didn't interact with the document first.
e.playOrPause @ 8222.6209a852.chunk.js:1
(匿名) @ 8222.6209a852.chunk.js:1
setTimeout
window.onresize @ 8222.6209a852.chunk.js:1
11:11:23.226  commonFull true
11:11:23.226  window.outerWidth 1920
11:11:23.226  screen.availWidth 1920
11:11:23.226  windowF11Full false
11:11:23.226  isFullScreen true
11:11:23.227 8222.6209a852.chunk.js:1  Uncaught (in promise) NotAllowedError: play() failed because the user didn't interact with the document first.
e.playOrPause @ 8222.6209a852.chunk.js:1
(匿名) @ 8222.6209a852.chunk.js:1
setTimeout
window.onresize @ 8222.6209a852.chunk.js:1
11:11:23.262  commonFull true
11:11:23.262  window.outerWidth 1920
11:11:23.262  screen.availWidth 1920
11:11:23.262  windowF11Full false
11:11:23.262  isFullScreen true
11:11:23.262 8222.6209a852.chunk.js:1  Uncaught (in promise) NotAllowedError: play() failed because the user didn't interact with the document first.
e.playOrPause @ 8222.6209a852.chunk.js:1
(匿名) @ 8222.6209a852.chunk.js:1
setTimeout
window.onresize @ 8222.6209a852.chunk.js:1
11:11:23.286  commonFull true
11:11:23.286  window.outerWidth 1920
11:11:23.286  screen.availWidth 1920
11:11:23.286  windowF11Full false
11:11:23.286  isFullScreen true
11:11:23.286 8222.6209a852.chunk.js:1  Uncaught (in promise) NotAllowedError: play() failed because the user didn't interact with the document first.
e.playOrPause @ 8222.6209a852.chunk.js:1
(匿名) @ 8222.6209a852.chunk.js:1
setTimeout
window.onresize @ 8222.6209a852.chunk.js:1
11:11:23.302  commonFull true
11:11:23.302  window.outerWidth 1920
11:11:23.302  screen.availWidth 1920
11:11:23.302  windowF11Full false
11:11:23.303  isFullScreen true
11:11:23.303 8222.6209a852.chunk.js:1  Uncaught (in promise) NotAllowedError: play() failed because the user didn't interact with the document first.
e.playOrPause @ 8222.6209a852.chunk.js:1
(匿名) @ 8222.6209a852.chunk.js:1
setTimeout
window.onresize @ 8222.6209a852.chunk.js:1
11:11:23.317  commonFull true
11:11:23.318  window.outerWidth 1920
11:11:23.318  screen.availWidth 1920
11:11:23.318  windowF11Full false
11:11:23.318  isFullScreen true
11:11:23.318 8222.6209a852.chunk.js:1  Uncaught (in promise) NotAllowedError: play() failed because the user didn't interact with the document first.
e.playOrPause @ 8222.6209a852.chunk.js:1
(匿名) @ 8222.6209a852.chunk.js:1
setTimeout
window.onresize @ 8222.6209a852.chunk.js:1
11:11:23.334  commonFull true
11:11:23.334  window.outerWidth 1920
11:11:23.334  screen.availWidth 1920
11:11:23.334  windowF11Full false
11:11:23.334  isFullScreen true
11:11:23.334 8222.6209a852.chunk.js:1  Uncaught (in promise) NotAllowedError: play() failed because the user didn't interact with the document first.
e.playOrPause @ 8222.6209a852.chunk.js:1
(匿名) @ 8222.6209a852.chunk.js:1
setTimeout
window.onresize @ 8222.6209a852.chunk.js:1
11:11:23.554  commonFull true
11:11:23.554  window.outerWidth 1920
11:11:23.554  screen.availWidth 1920
11:11:23.555  windowF11Full false
11:11:23.555  isFullScreen true
11:11:23.555 8222.6209a852.chunk.js:1  Uncaught (in promise) NotAllowedError: play() failed because the user didn't interact with the document first.
e.playOrPause @ 8222.6209a852.chunk.js:1
(匿名) @ 8222.6209a852.chunk.js:1
setTimeout
window.onresize @ 8222.6209a852.chunk.js:1
11:11:23.586  commonFull true
11:11:23.586  window.outerWidth 1920
11:11:23.586  screen.availWidth 1920
11:11:23.586  windowF11Full false
11:11:23.586  isFullScreen true
11:11:23.586 8222.6209a852.chunk.js:1  Uncaught (in promise) NotAllowedError: play() failed because the user didn't interact with the document first.
e.playOrPause @ 8222.6209a852.chunk.js:1
(匿名) @ 8222.6209a852.chunk.js:1
setTimeout
window.onresize @ 8222.6209a852.chunk.js:1
11:11:23.611  commonFull true
11:11:23.611  window.outerWidth 1920
11:11:23.611  screen.availWidth 1920
11:11:23.611  windowF11Full false
11:11:23.611  isFullScreen true
11:11:23.611 8222.6209a852.chunk.js:1  Uncaught (in promise) NotAllowedError: play() failed because the user didn't interact with the document first.
e.playOrPause @ 8222.6209a852.chunk.js:1
(匿名) @ 8222.6209a852.chunk.js:1
setTimeout
window.onresize @ 8222.6209a852.chunk.js:1
11:11:23.630  commonFull true
11:11:23.630  window.outerWidth 1920
11:11:23.630  screen.availWidth 1920
11:11:23.630  windowF11Full false
11:11:23.630  isFullScreen true
11:11:23.630 8222.6209a852.chunk.js:1  Uncaught (in promise) NotAllowedError: play() failed because the user didn't interact with the document first.
e.playOrPause @ 8222.6209a852.chunk.js:1
(匿名) @ 8222.6209a852.chunk.js:1
setTimeout
window.onresize @ 8222.6209a852.chunk.js:1
11:11:23.652  commonFull true
11:11:23.652  window.outerWidth 1920
11:11:23.653  screen.availWidth 1920
11:11:23.653  windowF11Full false
11:11:23.653  isFullScreen true
11:11:23.653 8222.6209a852.chunk.js:1  Uncaught (in promise) NotAllowedError: play() failed because the user didn't interact with the document first.
e.playOrPause @ 8222.6209a852.chunk.js:1
(匿名) @ 8222.6209a852.chunk.js:1
setTimeout
window.onresize @ 8222.6209a852.chunk.js:1
11:11:23.678  commonFull true
11:11:23.678  window.outerWidth 1920
11:11:23.678  screen.availWidth 1920
11:11:23.678  windowF11Full false
11:11:23.678  isFullScreen true
11:11:23.678 8222.6209a852.chunk.js:1  Uncaught (in promise) NotAllowedError: play() failed because the user didn't interact with the document first.
e.playOrPause @ 8222.6209a852.chunk.js:1
(匿名) @ 8222.6209a852.chunk.js:1
setTimeout
window.onresize @ 8222.6209a852.chunk.js:1
11:11:24.679  [debug 11:11:24 ] 拦截到HTTP请求: /learn/app/clientapi/course/progress/reportLearnProgress.do?os=99&sid=DDFFB4A8903046B2B2A2C20195472FFA
11:11:24.904  report success
11:11:30.615  [每日积分] start: 收到消息 {type: 'cxconfig', key: 'zsgl_auto', value: 'true'}
11:11:30.616  [每日积分] panel: 收到页面消息1 {type: 'cxconfig', key: 'zsgl_auto', value: 'true'}
11:11:32.826   [warn 11:11:32 ] 请注意!最小化可能导致视频无法正常播放!允许切换窗口.
Warn @ webpack://cxmooc-too…l/utils/log.ts?:197
eval @ webpack://cxmooc-too…rc/mooc/mooc.ts?:59
11:11:32.826  document.visibilityState:  hidden
11:11:32.946 已导航到https://zsgl.lzlj.com/
11:11:33.088 dailyPointsPanel.ts:16 [每日积分] panel: 构造函数被调用
11:11:33.089 dailyPointsPanel.ts:20 [每日积分] panel: init方法被调用
11:11:33.089 log.ts:179 [debug 11:11:33 ] Start document state: loading
11:11:33.089 mooc.ts:8 create mooc
11:11:33.089 log.ts:188 [info 11:11:33 ] 当前平台：zsgl
11:11:33.089 mooc.ts:39 mooc start ZsglCourse {event: {…}, taskList: Array(0), courseDetailData: Array(0), timerManager: TimerManager, taskIndex: 0, …}
11:11:33.090 log.ts:179 [debug 11:11:33 ] 初始化course课程任务
11:11:33.090 log.ts:179 [debug 11:11:33 ] 当前页面URL: https://zsgl.lzlj.com/#/home/courseDetail/N003284
11:11:33.090 log.ts:179 [debug 11:11:33 ] 当前页面hash: #/home/courseDetail/N003284
11:11:33.090 log.ts:179 [debug 11:11:33 ] 设置HTTP钩子，监听: queryCourseDetail.do
11:11:33.105 webim.min.js:1 navigator.userAgent=mozilla/5.0 (windows nt 10.0; win64; x64) applewebkit/537.36 (khtml, like gecko) chrome/145.0.0.0 safari/537.36 edg/145.0.0.0
11:11:33.106 webim.min.js:1 BROWSER_INFO: type=chrome, ver=145.0.0.0
11:11:33.634 log.ts:179 [debug 11:11:33 ] 拦截到HTTP请求: /znWeb/znPortal/lang/zh.json
11:11:33.637 main.2faaeed8.js:1 0530-1
11:11:33.650 main.2faaeed8.js:1 showSearch true
11:11:33.669 log.ts:179 [debug 11:11:33 ] 拦截到HTTP请求: /learn/app/clientapi/home/pc/queryHomeChannelModule.do?pageId=SY0010092&sid=DDFFB4A8903046B2B2A2C20195472FFA&os=99
11:11:33.670 log.ts:179 [debug 11:11:33 ] 拦截到HTTP请求: /learn/app/clientapi/home/getPcGlobalManagement.do?pageId=SY0010092&sid=DDFFB4A8903046B2B2A2C20195472FFA&os=99
11:11:33.671 log.ts:179 [debug 11:11:33 ] 拦截到HTTP请求: /learn/app/getGlobalTimestamp.do?os=99&sid=DDFFB4A8903046B2B2A2C20195472FFA
11:11:33.711 main.2faaeed8.js:1 showSearch true
11:11:33.713 log.ts:179 [debug 11:11:33 ] 拦截到HTTP请求: /learn/app/clientapi/home/pc/userPermissions.do?os=99&sid=DDFFB4A8903046B2B2A2C20195472FFA
11:11:33.713 log.ts:179 [debug 11:11:33 ] 拦截到HTTP请求: /learn/app/clientapi/home/pc/queryHomeGlobalInfo.do?pageId=SY0010092&sid=DDFFB4A8903046B2B2A2C20195472FFA&os=99
11:11:33.714 log.ts:179 [debug 11:11:33 ] 拦截到HTTP请求: /learn/app/clientapi/message/getMessageListType.do?sid=DDFFB4A8903046B2B2A2C20195472FFA&os=99
11:11:33.726 dailyPointsPanel.ts:22 [每日积分] panel: window.onload 触发
11:11:33.727 dailyPointsPanel.ts:318 [每日积分] panel: 初始化消息监听
11:11:33.728 log.ts:179 [debug 11:11:33 ] 每日积分模式初始化完成 {learning: {…}, contribution: {…}, interaction: {…}, lastUpdate: 1773440795964, isRunning: true}
11:11:33.728 log.ts:179 [debug 11:11:33 ] document.addEventListener(load)
11:11:33.728 log.ts:179 [debug 11:11:33 ] OperateCard 课程详情数据长度: 0
11:11:33.728 log.ts:197  [warn 11:11:33 ] 课程详情数据为空，等待数据...
Warn @ log.ts:197
eval @ course.ts:255
eval @ course.ts:8
__awaiter @ course.ts:4
OperateCard @ course.ts:252
eval @ course.ts:68
eval @ course.ts:8
__awaiter @ course.ts:4
eval @ course.ts:61
11:11:33.728 mooc.ts:42 mooc初始化完成 ZsglCourse {event: {…}, taskList: Array(0), courseDetailData: Array(0), timerManager: TimerManager, taskIndex: 0, …}
11:11:33.728 mooc.ts:43 Next() {
        return new Promise((resolve) => {
            if (this.taskList.length >= this.taskIndex) {
                resolve(this.taskList[this.taskIndex]);
                return this.taskIn… 'mooc.Next'
11:11:33.728 log.ts:179 [debug 11:11:33 ] runMoocTask 开始执行任务:
11:11:33.880 log.ts:179 [debug 11:11:33 ] 拦截到HTTP请求: /learn/app/clientapi/misc/queryVasOperation2NativeList.do?sid=DDFFB4A8903046B2B2A2C20195472FFA&os=99
11:11:33.890 main.2faaeed8.js:1 --------------- Sat Mar 14 2026 11:11:33 GMT+0800 (中国标准时间)
11:11:33.891 log.ts:179 [debug 11:11:33 ] 拦截到HTTP请求: /learn/app/clientapi/home/pc/queryUserHomeList.do?time=1773457893890&sid=DDFFB4A8903046B2B2A2C20195472FFA&os=99
11:11:34.107 main.2faaeed8.js:1 showSearch true
11:11:34.144 main.2faaeed8.js:1 showSearch true
11:11:34.151 main.2faaeed8.js:1 com.mlearning.paznluzhoulaojiao appId-------
11:11:34.153 log.ts:179 [debug 11:11:34 ] 拦截到HTTP请求: /learn/app/newPersonDetail.do?sid=DDFFB4A8903046B2B2A2C20195472FFA&os=99
11:11:34.154 log.ts:179 [debug 11:11:34 ] 拦截到HTTP请求: /learn-login/queryUserInfoBound.do?os=99&sid=DDFFB4A8903046B2B2A2C20195472FFA
11:11:34.155 log.ts:179 [debug 11:11:34 ] 拦截到HTTP请求: /learn/app/clientapi/knowledgecloud/home/getPermissionStatus.do?sid=DDFFB4A8903046B2B2A2C20195472FFA&os=99
11:11:34.314 main.2faaeed8.js:1 showSearch true
11:11:34.330 main.2faaeed8.js:1 showSearch true
11:11:34.336 log.ts:179 [debug 11:11:34 ] 拦截到HTTP请求: /learn/app/clientapi/course/queryCourseDetail.do?os=99&sid=DDFFB4A8903046B2B2A2C20195472FFA
11:11:34.337 log.ts:179 [debug 11:11:34 ] 拦截到HTTP请求: /learn/app/clientapi/course/relatedResources.do?courseId=N003284&type=2&sid=DDFFB4A8903046B2B2A2C20195472FFA&os=99
11:11:34.338 log.ts:179 [debug 11:11:34 ] 拦截到HTTP请求: /learn/app/clientapi/course/queryCourseBaseInfo.do?courseId=N003284&sid=DDFFB4A8903046B2B2A2C20195472FFA&os=99
11:11:34.338 log.ts:179 [debug 11:11:34 ] 拦截到HTTP请求: /learn/app/clientapi/user/personDetail.do?searchedUserId=51A0C28038F643F59B89D714776508D3&sid=DDFFB4A8903046B2B2A2C20195472FFA&os=99
11:11:34.541 log.ts:179 [debug 11:11:34 ] 课程详情请求响应: {"code":0,"body":{"activtiyPrice":0,"advertArr":[],"author":"","averageScore":"4.9","bowseNumber":"377","canComment":"1","canDownload":"0","canFF":"0","canRate":"1","chapters":[],"classifyList":[{"courseId":"","fullName":"企业文化>文化历史","fullPath":"7|4|7|||7|5|2","id":"752","name":"文化历史","pageId":"","parentId":"747","type":"COURSE_AREA"},{"courseId":"","fullName":"企业文化>技术营销","fullPath":"7|4|7|||8|5|3","id":"853","name":"技术营销","pageId":"","parentId":"747","type":"COURSE_AREA"}],"clockInInterval":0,"c
11:11:34.542 log.ts:179 [debug 11:11:34 ] 课程详情数据 (3) [{…}, {…}, {…}]
11:11:34.544 log.ts:179 [debug 11:11:34 ] 拦截到HTTP请求: /learn/app/clientapi/user/isOpenHumanSocietyVas.do?sid=DDFFB4A8903046B2B2A2C20195472FFA&os=99
11:11:34.585 808.d56623c9.chunk.js:1  Uncaught (in promise) TypeError: Failed to execute 'removeChild' on 'Node': parameter 1 is not of type 'Node'.
    at 808.d56623c9.chunk.js:1:10947
    at u (9561.4bf2dc71.js:2:4080981)
    at Generator._invoke (9561.4bf2dc71.js:2:4080769)
    at Generator.next (9561.4bf2dc71.js:2:4081410)
    at r (9561.4bf2dc71.js:2:5831066)
    at s (9561.4bf2dc71.js:2:5831269)
    at 9561.4bf2dc71.js:2:5831328
    at new Promise (<anonymous>)
    at a.getIsWatermark (9561.4bf2dc71.js:2:5831209)
    at 808.d56623c9.chunk.js:1:11517
(匿名) @ 808.d56623c9.chunk.js:1
u @ 9561.4bf2dc71.js:2
(匿名) @ 9561.4bf2dc71.js:2
(匿名) @ 9561.4bf2dc71.js:2
r @ 9561.4bf2dc71.js:2
s @ 9561.4bf2dc71.js:2
(匿名) @ 9561.4bf2dc71.js:2
(匿名) @ 9561.4bf2dc71.js:2
(匿名) @ 808.d56623c9.chunk.js:1
u @ 9561.4bf2dc71.js:2
(匿名) @ 9561.4bf2dc71.js:2
(匿名) @ 9561.4bf2dc71.js:2
r @ 9561.4bf2dc71.js:2
s @ 9561.4bf2dc71.js:2
Promise.then
r @ 9561.4bf2dc71.js:2
s @ 9561.4bf2dc71.js:2
(匿名) @ 9561.4bf2dc71.js:2
(匿名) @ 9561.4bf2dc71.js:2
value @ 808.d56623c9.chunk.js:1
F @ 9561.4bf2dc71.js:2
(匿名) @ 9561.4bf2dc71.js:2
Ec @ 9561.4bf2dc71.js:2
t.unstable_runWithPriority @ 9561.4bf2dc71.js:2
qo @ 9561.4bf2dc71.js:2
kc @ 9561.4bf2dc71.js:2
dc @ 9561.4bf2dc71.js:2
(匿名) @ 9561.4bf2dc71.js:2
t.unstable_runWithPriority @ 9561.4bf2dc71.js:2
qo @ 9561.4bf2dc71.js:2
Xo @ 9561.4bf2dc71.js:2
$o @ 9561.4bf2dc71.js:2
fc @ 9561.4bf2dc71.js:2
We @ 9561.4bf2dc71.js:2
Ue @ 9561.4bf2dc71.js:2
He @ 9561.4bf2dc71.js:2
(匿名) @ 9561.4bf2dc71.js:2
Ee @ 9561.4bf2dc71.js:2
n @ 9561.4bf2dc71.js:2
(匿名) @ main.2faaeed8.js:1
u @ 9561.4bf2dc71.js:2
(匿名) @ 9561.4bf2dc71.js:2
(匿名) @ 9561.4bf2dc71.js:2
r @ 9561.4bf2dc71.js:2
s @ 9561.4bf2dc71.js:2
Promise.then
r @ 9561.4bf2dc71.js:2
s @ 9561.4bf2dc71.js:2
(匿名) @ 9561.4bf2dc71.js:2
(匿名) @ 9561.4bf2dc71.js:2
(匿名) @ main.2faaeed8.js:1
Ee @ 9561.4bf2dc71.js:2
n @ 9561.4bf2dc71.js:2
(匿名) @ main.2faaeed8.js:1
setTimeout
value @ main.2faaeed8.js:1
Ee @ 9561.4bf2dc71.js:2
n @ 9561.4bf2dc71.js:2
(匿名) @ main.2faaeed8.js:1
u @ 9561.4bf2dc71.js:2
(匿名) @ 9561.4bf2dc71.js:2
(匿名) @ 9561.4bf2dc71.js:2
r @ 9561.4bf2dc71.js:2
s @ 9561.4bf2dc71.js:2
(匿名) @ 9561.4bf2dc71.js:2
(匿名) @ 9561.4bf2dc71.js:2
(匿名) @ main.2faaeed8.js:1
Ee @ 9561.4bf2dc71.js:2
n @ 9561.4bf2dc71.js:2
(匿名) @ main.2faaeed8.js:1
u @ 9561.4bf2dc71.js:2
(匿名) @ 9561.4bf2dc71.js:2
(匿名) @ 9561.4bf2dc71.js:2
r @ 9561.4bf2dc71.js:2
s @ 9561.4bf2dc71.js:2
Promise.then
r @ 9561.4bf2dc71.js:2
s @ 9561.4bf2dc71.js:2
Promise.then
r @ 9561.4bf2dc71.js:2
s @ 9561.4bf2dc71.js:2
Promise.then
r @ 9561.4bf2dc71.js:2
s @ 9561.4bf2dc71.js:2
(匿名) @ 9561.4bf2dc71.js:2
(匿名) @ 9561.4bf2dc71.js:2
value @ main.2faaeed8.js:1
F @ 9561.4bf2dc71.js:2
(匿名) @ 9561.4bf2dc71.js:2
Ec @ 9561.4bf2dc71.js:2
t.unstable_runWithPriority @ 9561.4bf2dc71.js:2
qo @ 9561.4bf2dc71.js:2
kc @ 9561.4bf2dc71.js:2
dc @ 9561.4bf2dc71.js:2
ic @ 9561.4bf2dc71.js:2
Gc @ 9561.4bf2dc71.js:2
(匿名) @ 9561.4bf2dc71.js:2
pc @ 9561.4bf2dc71.js:2
el @ 9561.4bf2dc71.js:2
render @ 9561.4bf2dc71.js:2
(匿名) @ main.2faaeed8.js:1
u @ 9561.4bf2dc71.js:2
(匿名) @ 9561.4bf2dc71.js:2
(匿名) @ 9561.4bf2dc71.js:2
r @ 9561.4bf2dc71.js:2
s @ 9561.4bf2dc71.js:2
Promise.then
r @ 9561.4bf2dc71.js:2
s @ 9561.4bf2dc71.js:2
(匿名) @ 9561.4bf2dc71.js:2
(匿名) @ 9561.4bf2dc71.js:2
(匿名) @ main.2faaeed8.js:1
(匿名) @ main.2faaeed8.js:1
u @ 9561.4bf2dc71.js:2
(匿名) @ 9561.4bf2dc71.js:2
(匿名) @ 9561.4bf2dc71.js:2
r @ 9561.4bf2dc71.js:2
s @ 9561.4bf2dc71.js:2
Promise.then
r @ 9561.4bf2dc71.js:2
s @ 9561.4bf2dc71.js:2
Promise.then
r @ 9561.4bf2dc71.js:2
s @ 9561.4bf2dc71.js:2
(匿名) @ 9561.4bf2dc71.js:2
(匿名) @ 9561.4bf2dc71.js:2
49209 @ main.2faaeed8.js:1
n @ main.2faaeed8.js:1
(匿名) @ main.2faaeed8.js:1
n.O @ main.2faaeed8.js:1
(匿名) @ main.2faaeed8.js:1
(匿名) @ main.2faaeed8.js:1
(匿名) @ main.2faaeed8.js:1
(匿名) @ main.2faaeed8.js:1
11:11:34.740 log.ts:179 [debug 11:11:34 ] 等待课程数据... 1
11:11:34.761 log.ts:179 [debug 11:11:34 ] 拦截到HTTP请求: /learn/app/clientapi/trainingclass/training/item/selectResourceRule.do?resourceId=N003284&resourceType=0&sid=DDFFB4A8903046B2B2A2C20195472FFA&os=99
11:11:35.043 8222.6209a852.chunk.js:1 2222
11:11:35.062 log.ts:179 [debug 11:11:35 ] 拦截到HTTP请求: /learn/app/clientapi/course/commenthead.do?os=99&sid=DDFFB4A8903046B2B2A2C20195472FFA
11:11:35.063 log.ts:179 [debug 11:11:35 ] 拦截到HTTP请求: /learn/app/clientapi/course/comment.do?os=99&sid=DDFFB4A8903046B2B2A2C20195472FFA
11:11:35.064 log.ts:179 [debug 11:11:35 ] 拦截到HTTP请求: /learn/app/clientapi/course/play/queryStatus.do?courseWareId=1708928482707&courseId=N003284&bizType=0&bizId=&sid=DDFFB4A8903046B2B2A2C20195472FFA&os=99
11:11:35.064 log.ts:179 [debug 11:11:35 ] 拦截到HTTP请求: /learn/app/clientapi/course/uploadCourseLearnStatus.do?os=99&sid=DDFFB4A8903046B2B2A2C20195472FFA
11:11:35.065 log.ts:179 [debug 11:11:35 ] 拦截到HTTP请求: /learn/app/getGlobalTimestamp.do?os=99&sid=DDFFB4A8903046B2B2A2C20195472FFA
11:11:35.065 log.ts:179 [debug 11:11:35 ] 拦截到HTTP请求: /learn/app/clientapi/course/preview.do?coursewareId=1708928482707&sid=DDFFB4A8903046B2B2A2C20195472FFA&os=99
11:11:35.066 log.ts:179 [debug 11:11:35 ] 拦截到HTTP请求: /learn/app/clientapi/misc/queryVasOperation2NativeList.do?os=99&sid=DDFFB4A8903046B2B2A2C20195472FFA
11:11:35.132 main.2faaeed8.js:1  The provided value 'Middle' is not a valid enum value of type CanvasTextBaseline.
ye @ main.2faaeed8.js:1
e.showWatermark @ 808.d56623c9.chunk.js:1
(匿名) @ 808.d56623c9.chunk.js:1
setTimeout
(匿名) @ 808.d56623c9.chunk.js:1
u @ 9561.4bf2dc71.js:2
(匿名) @ 9561.4bf2dc71.js:2
(匿名) @ 9561.4bf2dc71.js:2
r @ 9561.4bf2dc71.js:2
s @ 9561.4bf2dc71.js:2
(匿名) @ 9561.4bf2dc71.js:2
(匿名) @ 9561.4bf2dc71.js:2
value @ 808.d56623c9.chunk.js:1
F @ 9561.4bf2dc71.js:2
(匿名) @ 9561.4bf2dc71.js:2
Ec @ 9561.4bf2dc71.js:2
t.unstable_runWithPriority @ 9561.4bf2dc71.js:2
qo @ 9561.4bf2dc71.js:2
kc @ 9561.4bf2dc71.js:2
dc @ 9561.4bf2dc71.js:2
(匿名) @ 9561.4bf2dc71.js:2
t.unstable_runWithPriority @ 9561.4bf2dc71.js:2
qo @ 9561.4bf2dc71.js:2
Xo @ 9561.4bf2dc71.js:2
$o @ 9561.4bf2dc71.js:2
fc @ 9561.4bf2dc71.js:2
We @ 9561.4bf2dc71.js:2
Ue @ 9561.4bf2dc71.js:2
He @ 9561.4bf2dc71.js:2
(匿名) @ 9561.4bf2dc71.js:2
Ee @ 9561.4bf2dc71.js:2
n @ 9561.4bf2dc71.js:2
(匿名) @ main.2faaeed8.js:1
u @ 9561.4bf2dc71.js:2
(匿名) @ 9561.4bf2dc71.js:2
(匿名) @ 9561.4bf2dc71.js:2
r @ 9561.4bf2dc71.js:2
s @ 9561.4bf2dc71.js:2
Promise.then
r @ 9561.4bf2dc71.js:2
s @ 9561.4bf2dc71.js:2
(匿名) @ 9561.4bf2dc71.js:2
(匿名) @ 9561.4bf2dc71.js:2
(匿名) @ main.2faaeed8.js:1
Ee @ 9561.4bf2dc71.js:2
n @ 9561.4bf2dc71.js:2
(匿名) @ main.2faaeed8.js:1
setTimeout
value @ main.2faaeed8.js:1
Ee @ 9561.4bf2dc71.js:2
n @ 9561.4bf2dc71.js:2
(匿名) @ main.2faaeed8.js:1
u @ 9561.4bf2dc71.js:2
(匿名) @ 9561.4bf2dc71.js:2
(匿名) @ 9561.4bf2dc71.js:2
r @ 9561.4bf2dc71.js:2
s @ 9561.4bf2dc71.js:2
(匿名) @ 9561.4bf2dc71.js:2
(匿名) @ 9561.4bf2dc71.js:2
(匿名) @ main.2faaeed8.js:1
Ee @ 9561.4bf2dc71.js:2
n @ 9561.4bf2dc71.js:2
(匿名) @ main.2faaeed8.js:1
u @ 9561.4bf2dc71.js:2
(匿名) @ 9561.4bf2dc71.js:2
(匿名) @ 9561.4bf2dc71.js:2
r @ 9561.4bf2dc71.js:2
s @ 9561.4bf2dc71.js:2
Promise.then
r @ 9561.4bf2dc71.js:2
s @ 9561.4bf2dc71.js:2
Promise.then
r @ 9561.4bf2dc71.js:2
s @ 9561.4bf2dc71.js:2
Promise.then
r @ 9561.4bf2dc71.js:2
s @ 9561.4bf2dc71.js:2
(匿名) @ 9561.4bf2dc71.js:2
(匿名) @ 9561.4bf2dc71.js:2
value @ main.2faaeed8.js:1
F @ 9561.4bf2dc71.js:2
(匿名) @ 9561.4bf2dc71.js:2
Ec @ 9561.4bf2dc71.js:2
t.unstable_runWithPriority @ 9561.4bf2dc71.js:2
qo @ 9561.4bf2dc71.js:2
kc @ 9561.4bf2dc71.js:2
dc @ 9561.4bf2dc71.js:2
ic @ 9561.4bf2dc71.js:2
Gc @ 9561.4bf2dc71.js:2
(匿名) @ 9561.4bf2dc71.js:2
pc @ 9561.4bf2dc71.js:2
el @ 9561.4bf2dc71.js:2
render @ 9561.4bf2dc71.js:2
(匿名) @ main.2faaeed8.js:1
u @ 9561.4bf2dc71.js:2
(匿名) @ 9561.4bf2dc71.js:2
(匿名) @ 9561.4bf2dc71.js:2
r @ 9561.4bf2dc71.js:2
s @ 9561.4bf2dc71.js:2
Promise.then
r @ 9561.4bf2dc71.js:2
s @ 9561.4bf2dc71.js:2
(匿名) @ 9561.4bf2dc71.js:2
(匿名) @ 9561.4bf2dc71.js:2
(匿名) @ main.2faaeed8.js:1
(匿名) @ main.2faaeed8.js:1
u @ 9561.4bf2dc71.js:2
(匿名) @ 9561.4bf2dc71.js:2
(匿名) @ 9561.4bf2dc71.js:2
r @ 9561.4bf2dc71.js:2
s @ 9561.4bf2dc71.js:2
Promise.then
r @ 9561.4bf2dc71.js:2
s @ 9561.4bf2dc71.js:2
Promise.then
r @ 9561.4bf2dc71.js:2
s @ 9561.4bf2dc71.js:2
(匿名) @ 9561.4bf2dc71.js:2
(匿名) @ 9561.4bf2dc71.js:2
49209 @ main.2faaeed8.js:1
n @ main.2faaeed8.js:1
(匿名) @ main.2faaeed8.js:1
n.O @ main.2faaeed8.js:1
(匿名) @ main.2faaeed8.js:1
(匿名) @ main.2faaeed8.js:1
(匿名) @ main.2faaeed8.js:1
(匿名) @ main.2faaeed8.js:1
11:11:35.248 log.ts:179 [debug 11:11:35 ] 拦截到HTTP请求: https://zsglcdn.lzlj.com/learn/app/clientapi/course/drm/m3u8/getPlaylist.do?sourceId=1708928482707&znTid=1CCB3055AF0440BA8695A3BDA9A17508&wsSecret=76c53b9defb5fea5739d61d188c9ec37&wsTime=69b52646&wsVersion=3&sid=DDFFB4A8903046B2B2A2C20195472FFA
11:11:35.252 log.ts:179 [debug 11:11:35 ] 寻找taskDiv 01-讲解手册说明（下）
11:11:35.253 log.ts:179 [debug 11:11:35 ] 构建任务 1: 01-讲解手册说明（下） 类型: video
11:11:35.253 factory.ts:33 创建课程任务: video
11:11:35.253 log.ts:179 [debug 11:11:35 ] zsglVideo开始初始化任务 {hasLearned: '0', fileName: '01-讲解手册说明（下）', cwType: 'video', jobIndex: 2, courseId: 'N003284', …}
11:11:35.254 log.ts:179 [debug 11:11:35 ] 任务 1 初始化完成
11:11:35.254 log.ts:179 [debug 11:11:35 ] 构建任务 2: 02-讲解景点示范（上） 类型: video
11:11:35.254 factory.ts:33 创建课程任务: video
11:11:35.254 log.ts:179 [debug 11:11:35 ] zsglVideo开始初始化任务 {hasLearned: '0', fileName: '02-讲解景点示范（上）', cwType: 'video', jobIndex: 3, courseId: 'N003284', …}
11:11:35.254 log.ts:179 [debug 11:11:35 ] 任务 2 初始化完成
11:11:35.254 log.ts:179 [debug 11:11:35 ] 构建任务 3: 02-讲解景点范例（下） 类型: video
11:11:35.254 factory.ts:33 创建课程任务: video
11:11:35.254 log.ts:179 [debug 11:11:35 ] zsglVideo开始初始化任务 {hasLearned: '0', fileName: '02-讲解景点范例（下）', cwType: 'video', jobIndex: 4, courseId: 'N003284', …}
11:11:35.255 log.ts:179 [debug 11:11:35 ] 任务 3 初始化完成
11:11:35.255 log.ts:197  [warn 11:11:35 ] runMoocTask reload true ZsglCourse {event: {…}, taskList: Array(3), courseDetailData: Array(3), timerManager: TimerManager, taskIndex: 0, …}
Warn @ log.ts:197
eval @ mooc.ts:69
eval @ event.ts:30
callEvent @ event.ts:29
eval @ course.ts:294
fulfilled @ course.ts:5
Promise.then
step @ course.ts:7
eval @ course.ts:8
__awaiter @ course.ts:4
eval @ course.ts:281
setInterval
setInterval @ utils.ts:203
eval @ course.ts:281
eval @ course.ts:8
__awaiter @ course.ts:4
processCourseData @ course.ts:278
eval @ course.ts:263
setInterval
setInterval @ utils.ts:203
eval @ course.ts:258
eval @ course.ts:8
__awaiter @ course.ts:4
OperateCard @ course.ts:252
eval @ course.ts:68
eval @ course.ts:8
__awaiter @ course.ts:4
eval @ course.ts:61
11:11:35.255 log.ts:179 [debug 11:11:35 ] runTask 开始执行任务: false
11:11:35.255 log.ts:179 [debug 11:11:35 ] runTask 开始执行任务:
11:11:35.256 log.ts:179 [debug 11:11:35 ] zsglVideo开始执行任务 span.jss204
11:11:35.256 log.ts:179 [debug 11:11:35 ] 播放器初始化配置 {mute: true, multiple: 1}
11:11:35.257 log.ts:179 [debug 11:11:35 ] [播放尝试] 第 1 次 {src: 'blob:https://zsgl.lzlj.com/2d2d7a2e-3e5f-4620-bfba-f64799fba439', currentSrc: 'blob:https://zsgl.lzlj.com/2d2d7a2e-3e5f-4620-bfba-f64799fba439', readyState: 0, hasSource: true}
11:11:35.257 log.ts:179 [debug 11:11:35 ] [播放速率] 设置播放速率为 1x
11:11:35.257 log.ts:179 [debug 11:11:35 ] [点击播放] 找到播放按钮，点击播放 button.vjs-big-play-button
11:11:35.259 log.ts:179 [debug 11:11:35 ] [静音设置] 设置静音状态为 true
11:11:35.259 log.ts:179 [debug 11:11:35 ] [播放速率] 设置播放速率为 1x
11:11:35.264 8222.6209a852.chunk.js:1 2222
11:11:35.264 3653.da24d793.chunk.js:2  VIDEOJS: WARN: Player "#course-video" is already initialised. Options will not be applied.
(匿名) @ 3653.da24d793.chunk.js:2
a.warn @ 3653.da24d793.chunk.js:2
Ps @ 3653.da24d793.chunk.js:2
e.handleInitCourse @ 8222.6209a852.chunk.js:1
e.initCourse @ 8222.6209a852.chunk.js:1
(匿名) @ 8222.6209a852.chunk.js:1
ka @ 9561.4bf2dc71.js:2
xa @ 9561.4bf2dc71.js:2
Ec @ 9561.4bf2dc71.js:2
t.unstable_runWithPriority @ 9561.4bf2dc71.js:2
qo @ 9561.4bf2dc71.js:2
kc @ 9561.4bf2dc71.js:2
dc @ 9561.4bf2dc71.js:2
(匿名) @ 9561.4bf2dc71.js:2
t.unstable_runWithPriority @ 9561.4bf2dc71.js:2
qo @ 9561.4bf2dc71.js:2
Xo @ 9561.4bf2dc71.js:2
$o @ 9561.4bf2dc71.js:2
se @ 9561.4bf2dc71.js:2
Tn @ 9561.4bf2dc71.js:2
eval @ video.ts:42
eval @ video.ts:8
__awaiter @ video.ts:4
eval @ video.ts:27
Start @ video.ts:27
eval @ mooc.ts:134
fulfilled @ mooc.ts:5
Promise.then
step @ mooc.ts:7
eval @ mooc.ts:8
__awaiter @ mooc.ts:4
runTask @ mooc.ts:120
eval @ mooc.ts:71
eval @ event.ts:30
callEvent @ event.ts:29
eval @ course.ts:294
fulfilled @ course.ts:5
Promise.then
step @ course.ts:7
eval @ course.ts:8
__awaiter @ course.ts:4
eval @ course.ts:281
setInterval
setInterval @ utils.ts:203
eval @ course.ts:281
eval @ course.ts:8
__awaiter @ course.ts:4
processCourseData @ course.ts:278
eval @ course.ts:263
setInterval
setInterval @ utils.ts:203
eval @ course.ts:258
eval @ course.ts:8
__awaiter @ course.ts:4
OperateCard @ course.ts:252
eval @ course.ts:68
eval @ course.ts:8
__awaiter @ course.ts:4
eval @ course.ts:61
11:11:35.266 log.ts:179 [debug 11:11:35 ] 拦截到HTTP请求: /learn/app/clientapi/course/play/queryStatus.do?courseWareId=1708931262768&courseId=N003284&bizType=0&bizId=&sid=DDFFB4A8903046B2B2A2C20195472FFA&os=99
11:11:35.266 log.ts:179 [debug 11:11:35 ] 拦截到HTTP请求: /learn/app/clientapi/course/uploadCourseLearnStatus.do?os=99&sid=DDFFB4A8903046B2B2A2C20195472FFA
11:11:35.267 log.ts:179 [debug 11:11:35 ] 拦截到HTTP请求: /learn/app/getGlobalTimestamp.do?os=99&sid=DDFFB4A8903046B2B2A2C20195472FFA
11:11:35.267 log.ts:179 [debug 11:11:35 ] 拦截到HTTP请求: /learn/app/clientapi/course/preview.do?coursewareId=1708931262768&sid=DDFFB4A8903046B2B2A2C20195472FFA&os=99
11:11:35.271 utils.ts:137 unknown volumechange事件触发 Event {isTrusted: true, type: 'volumechange', target: video#course-video_html5_api.vjs-tech, currentTarget: video#course-video_html5_api.vjs-tech, eventPhase: 2, …}
11:11:35.271 utils.ts:137 unknown volumechange事件触发 Event {isTrusted: true, type: 'volumechange', target: video#course-video_html5_api.vjs-tech, currentTarget: video#course-video_html5_api.vjs-tech, eventPhase: 2, …}
11:11:35.271 (索引):1  Uncaught (in promise) t {message: undefined}
Promise.then
e.initCourse @ 8222.6209a852.chunk.js:1
(匿名) @ 8222.6209a852.chunk.js:1
ka @ 9561.4bf2dc71.js:2
xa @ 9561.4bf2dc71.js:2
Ec @ 9561.4bf2dc71.js:2
t.unstable_runWithPriority @ 9561.4bf2dc71.js:2
qo @ 9561.4bf2dc71.js:2
kc @ 9561.4bf2dc71.js:2
dc @ 9561.4bf2dc71.js:2
(匿名) @ 9561.4bf2dc71.js:2
t.unstable_runWithPriority @ 9561.4bf2dc71.js:2
qo @ 9561.4bf2dc71.js:2
Xo @ 9561.4bf2dc71.js:2
$o @ 9561.4bf2dc71.js:2
ic @ 9561.4bf2dc71.js:2
enqueueSetState @ 9561.4bf2dc71.js:2
b.setState @ 9561.4bf2dc71.js:2
(匿名) @ 808.d56623c9.chunk.js:1
u @ 9561.4bf2dc71.js:2
(匿名) @ 9561.4bf2dc71.js:2
(匿名) @ 9561.4bf2dc71.js:2
r @ 9561.4bf2dc71.js:2
s @ 9561.4bf2dc71.js:2
Promise.then
r @ 9561.4bf2dc71.js:2
s @ 9561.4bf2dc71.js:2
Promise.then
r @ 9561.4bf2dc71.js:2
s @ 9561.4bf2dc71.js:2
Promise.then
r @ 9561.4bf2dc71.js:2
s @ 9561.4bf2dc71.js:2
(匿名) @ 9561.4bf2dc71.js:2
(匿名) @ 9561.4bf2dc71.js:2
value @ 808.d56623c9.chunk.js:1
F @ 9561.4bf2dc71.js:2
(匿名) @ 9561.4bf2dc71.js:2
Ec @ 9561.4bf2dc71.js:2
t.unstable_runWithPriority @ 9561.4bf2dc71.js:2
qo @ 9561.4bf2dc71.js:2
kc @ 9561.4bf2dc71.js:2
dc @ 9561.4bf2dc71.js:2
(匿名) @ 9561.4bf2dc71.js:2
t.unstable_runWithPriority @ 9561.4bf2dc71.js:2
qo @ 9561.4bf2dc71.js:2
Xo @ 9561.4bf2dc71.js:2
$o @ 9561.4bf2dc71.js:2
fc @ 9561.4bf2dc71.js:2
We @ 9561.4bf2dc71.js:2
Ue @ 9561.4bf2dc71.js:2
He @ 9561.4bf2dc71.js:2
(匿名) @ 9561.4bf2dc71.js:2
Ee @ 9561.4bf2dc71.js:2
n @ 9561.4bf2dc71.js:2
(匿名) @ main.2faaeed8.js:1
u @ 9561.4bf2dc71.js:2
(匿名) @ 9561.4bf2dc71.js:2
(匿名) @ 9561.4bf2dc71.js:2
r @ 9561.4bf2dc71.js:2
s @ 9561.4bf2dc71.js:2
Promise.then
r @ 9561.4bf2dc71.js:2
s @ 9561.4bf2dc71.js:2
(匿名) @ 9561.4bf2dc71.js:2
(匿名) @ 9561.4bf2dc71.js:2
(匿名) @ main.2faaeed8.js:1
Ee @ 9561.4bf2dc71.js:2
n @ 9561.4bf2dc71.js:2
(匿名) @ main.2faaeed8.js:1
setTimeout
value @ main.2faaeed8.js:1
Ee @ 9561.4bf2dc71.js:2
n @ 9561.4bf2dc71.js:2
(匿名) @ main.2faaeed8.js:1
u @ 9561.4bf2dc71.js:2
(匿名) @ 9561.4bf2dc71.js:2
(匿名) @ 9561.4bf2dc71.js:2
r @ 9561.4bf2dc71.js:2
s @ 9561.4bf2dc71.js:2
(匿名) @ 9561.4bf2dc71.js:2
(匿名) @ 9561.4bf2dc71.js:2
(匿名) @ main.2faaeed8.js:1
Ee @ 9561.4bf2dc71.js:2
n @ 9561.4bf2dc71.js:2
(匿名) @ main.2faaeed8.js:1
u @ 9561.4bf2dc71.js:2
(匿名) @ 9561.4bf2dc71.js:2
(匿名) @ 9561.4bf2dc71.js:2
r @ 9561.4bf2dc71.js:2
s @ 9561.4bf2dc71.js:2
Promise.then
r @ 9561.4bf2dc71.js:2
s @ 9561.4bf2dc71.js:2
Promise.then
r @ 9561.4bf2dc71.js:2
s @ 9561.4bf2dc71.js:2
Promise.then
r @ 9561.4bf2dc71.js:2
s @ 9561.4bf2dc71.js:2
(匿名) @ 9561.4bf2dc71.js:2
(匿名) @ 9561.4bf2dc71.js:2
value @ main.2faaeed8.js:1
F @ 9561.4bf2dc71.js:2
(匿名) @ 9561.4bf2dc71.js:2
Ec @ 9561.4bf2dc71.js:2
t.unstable_runWithPriority @ 9561.4bf2dc71.js:2
qo @ 9561.4bf2dc71.js:2
kc @ 9561.4bf2dc71.js:2
dc @ 9561.4bf2dc71.js:2
ic @ 9561.4bf2dc71.js:2
Gc @ 9561.4bf2dc71.js:2
(匿名) @ 9561.4bf2dc71.js:2
pc @ 9561.4bf2dc71.js:2
el @ 9561.4bf2dc71.js:2
render @ 9561.4bf2dc71.js:2
(匿名) @ main.2faaeed8.js:1
u @ 9561.4bf2dc71.js:2
(匿名) @ 9561.4bf2dc71.js:2
(匿名) @ 9561.4bf2dc71.js:2
r @ 9561.4bf2dc71.js:2
s @ 9561.4bf2dc71.js:2
Promise.then
r @ 9561.4bf2dc71.js:2
s @ 9561.4bf2dc71.js:2
(匿名) @ 9561.4bf2dc71.js:2
(匿名) @ 9561.4bf2dc71.js:2
(匿名) @ main.2faaeed8.js:1
(匿名) @ main.2faaeed8.js:1
u @ 9561.4bf2dc71.js:2
(匿名) @ 9561.4bf2dc71.js:2
(匿名) @ 9561.4bf2dc71.js:2
r @ 9561.4bf2dc71.js:2
s @ 9561.4bf2dc71.js:2
Promise.then
r @ 9561.4bf2dc71.js:2
s @ 9561.4bf2dc71.js:2
Promise.then
r @ 9561.4bf2dc71.js:2
s @ 9561.4bf2dc71.js:2
(匿名) @ 9561.4bf2dc71.js:2
(匿名) @ 9561.4bf2dc71.js:2
49209 @ main.2faaeed8.js:1
n @ main.2faaeed8.js:1
(匿名) @ main.2faaeed8.js:1
n.O @ main.2faaeed8.js:1
(匿名) @ main.2faaeed8.js:1
(匿名) @ main.2faaeed8.js:1
(匿名) @ main.2faaeed8.js:1
(匿名) @ main.2faaeed8.js:1
11:11:35.271 (索引):1  Uncaught (in promise) t {message: undefined}
Promise.then
e.initCourse @ 8222.6209a852.chunk.js:1
(匿名) @ 8222.6209a852.chunk.js:1
ka @ 9561.4bf2dc71.js:2
xa @ 9561.4bf2dc71.js:2
Ec @ 9561.4bf2dc71.js:2
t.unstable_runWithPriority @ 9561.4bf2dc71.js:2
qo @ 9561.4bf2dc71.js:2
kc @ 9561.4bf2dc71.js:2
dc @ 9561.4bf2dc71.js:2
(匿名) @ 9561.4bf2dc71.js:2
t.unstable_runWithPriority @ 9561.4bf2dc71.js:2
qo @ 9561.4bf2dc71.js:2
Xo @ 9561.4bf2dc71.js:2
$o @ 9561.4bf2dc71.js:2
ic @ 9561.4bf2dc71.js:2
enqueueSetState @ 9561.4bf2dc71.js:2
b.setState @ 9561.4bf2dc71.js:2
(匿名) @ 808.d56623c9.chunk.js:1
u @ 9561.4bf2dc71.js:2
(匿名) @ 9561.4bf2dc71.js:2
(匿名) @ 9561.4bf2dc71.js:2
r @ 9561.4bf2dc71.js:2
s @ 9561.4bf2dc71.js:2
Promise.then
r @ 9561.4bf2dc71.js:2
s @ 9561.4bf2dc71.js:2
Promise.then
r @ 9561.4bf2dc71.js:2
s @ 9561.4bf2dc71.js:2
Promise.then
r @ 9561.4bf2dc71.js:2
s @ 9561.4bf2dc71.js:2
(匿名) @ 9561.4bf2dc71.js:2
(匿名) @ 9561.4bf2dc71.js:2
value @ 808.d56623c9.chunk.js:1
F @ 9561.4bf2dc71.js:2
(匿名) @ 9561.4bf2dc71.js:2
Ec @ 9561.4bf2dc71.js:2
t.unstable_runWithPriority @ 9561.4bf2dc71.js:2
qo @ 9561.4bf2dc71.js:2
kc @ 9561.4bf2dc71.js:2
dc @ 9561.4bf2dc71.js:2
(匿名) @ 9561.4bf2dc71.js:2
t.unstable_runWithPriority @ 9561.4bf2dc71.js:2
qo @ 9561.4bf2dc71.js:2
Xo @ 9561.4bf2dc71.js:2
$o @ 9561.4bf2dc71.js:2
fc @ 9561.4bf2dc71.js:2
We @ 9561.4bf2dc71.js:2
Ue @ 9561.4bf2dc71.js:2
He @ 9561.4bf2dc71.js:2
(匿名) @ 9561.4bf2dc71.js:2
Ee @ 9561.4bf2dc71.js:2
n @ 9561.4bf2dc71.js:2
(匿名) @ main.2faaeed8.js:1
u @ 9561.4bf2dc71.js:2
(匿名) @ 9561.4bf2dc71.js:2
(匿名) @ 9561.4bf2dc71.js:2
r @ 9561.4bf2dc71.js:2
s @ 9561.4bf2dc71.js:2
Promise.then
r @ 9561.4bf2dc71.js:2
s @ 9561.4bf2dc71.js:2
(匿名) @ 9561.4bf2dc71.js:2
(匿名) @ 9561.4bf2dc71.js:2
(匿名) @ main.2faaeed8.js:1
Ee @ 9561.4bf2dc71.js:2
n @ 9561.4bf2dc71.js:2
(匿名) @ main.2faaeed8.js:1
setTimeout
value @ main.2faaeed8.js:1
Ee @ 9561.4bf2dc71.js:2
n @ 9561.4bf2dc71.js:2
(匿名) @ main.2faaeed8.js:1
u @ 9561.4bf2dc71.js:2
(匿名) @ 9561.4bf2dc71.js:2
(匿名) @ 9561.4bf2dc71.js:2
r @ 9561.4bf2dc71.js:2
s @ 9561.4bf2dc71.js:2
(匿名) @ 9561.4bf2dc71.js:2
(匿名) @ 9561.4bf2dc71.js:2
(匿名) @ main.2faaeed8.js:1
Ee @ 9561.4bf2dc71.js:2
n @ 9561.4bf2dc71.js:2
(匿名) @ main.2faaeed8.js:1
u @ 9561.4bf2dc71.js:2
(匿名) @ 9561.4bf2dc71.js:2
(匿名) @ 9561.4bf2dc71.js:2
r @ 9561.4bf2dc71.js:2
s @ 9561.4bf2dc71.js:2
Promise.then
r @ 9561.4bf2dc71.js:2
s @ 9561.4bf2dc71.js:2
Promise.then
r @ 9561.4bf2dc71.js:2
s @ 9561.4bf2dc71.js:2
Promise.then
r @ 9561.4bf2dc71.js:2
s @ 9561.4bf2dc71.js:2
(匿名) @ 9561.4bf2dc71.js:2
(匿名) @ 9561.4bf2dc71.js:2
value @ main.2faaeed8.js:1
F @ 9561.4bf2dc71.js:2
(匿名) @ 9561.4bf2dc71.js:2
Ec @ 9561.4bf2dc71.js:2
t.unstable_runWithPriority @ 9561.4bf2dc71.js:2
qo @ 9561.4bf2dc71.js:2
kc @ 9561.4bf2dc71.js:2
dc @ 9561.4bf2dc71.js:2
ic @ 9561.4bf2dc71.js:2
Gc @ 9561.4bf2dc71.js:2
(匿名) @ 9561.4bf2dc71.js:2
pc @ 9561.4bf2dc71.js:2
el @ 9561.4bf2dc71.js:2
render @ 9561.4bf2dc71.js:2
(匿名) @ main.2faaeed8.js:1
u @ 9561.4bf2dc71.js:2
(匿名) @ 9561.4bf2dc71.js:2
(匿名) @ 9561.4bf2dc71.js:2
r @ 9561.4bf2dc71.js:2
s @ 9561.4bf2dc71.js:2
Promise.then
r @ 9561.4bf2dc71.js:2
s @ 9561.4bf2dc71.js:2
(匿名) @ 9561.4bf2dc71.js:2
(匿名) @ 9561.4bf2dc71.js:2
(匿名) @ main.2faaeed8.js:1
(匿名) @ main.2faaeed8.js:1
u @ 9561.4bf2dc71.js:2
(匿名) @ 9561.4bf2dc71.js:2
(匿名) @ 9561.4bf2dc71.js:2
r @ 9561.4bf2dc71.js:2
s @ 9561.4bf2dc71.js:2
Promise.then
r @ 9561.4bf2dc71.js:2
s @ 9561.4bf2dc71.js:2
Promise.then
r @ 9561.4bf2dc71.js:2
s @ 9561.4bf2dc71.js:2
(匿名) @ 9561.4bf2dc71.js:2
(匿名) @ 9561.4bf2dc71.js:2
49209 @ main.2faaeed8.js:1
n @ main.2faaeed8.js:1
(匿名) @ main.2faaeed8.js:1
n.O @ main.2faaeed8.js:1
(匿名) @ main.2faaeed8.js:1
(匿名) @ main.2faaeed8.js:1
(匿名) @ main.2faaeed8.js:1
(匿名) @ main.2faaeed8.js:1
11:11:35.514 log.ts:179 [debug 11:11:35 ] 拦截到HTTP请求: https://zsglcdn.lzlj.com/learn/app/clientapi/course/drm/m3u8/getPlayParams.do?os=999&os=99&sourceId=1708928482707&sid=DDFFB4A8903046B2B2A2C20195472FFA
11:11:35.514 log.ts:179 [debug 11:11:35 ] [视频事件] Video playing, applying settings...
11:11:35.522 log.ts:179 [debug 11:11:35 ] 拦截到HTTP请求: /learn/app/getGlobalTimestamp.do?os=99&sid=DDFFB4A8903046B2B2A2C20195472FFA
11:11:35.523 log.ts:179 [debug 11:11:35 ] 拦截到HTTP请求: /learn/app/clientapi/course/play/queryStatus.do?courseWareId=1708931262768&courseId=N003284&bizType=0&bizId=&sid=DDFFB4A8903046B2B2A2C20195472FFA&os=99
11:11:35.530 utils.ts:137 unknown mouseout事件触发 MouseEvent {isTrusted: true, screenX: 603, screenY: 329, clientX: 599, clientY: 249, …}
11:11:35.530 utils.ts:137 unknown mouseleave事件触发 MouseEvent {isTrusted: true, screenX: 603, screenY: 329, clientX: 599, clientY: 249, …}
11:11:35.540 log.ts:179 [debug 11:11:35 ] 拦截到HTTP请求: https://zsglcdn.lzlj.com/learn/app/clientapi/course/drm/m3u8/getPlaylist.do?sourceId=1708931262768&znTid=1CCB3055AF0440BA8695A3BDA9A17508&wsSecret=76c53b9defb5fea5739d61d188c9ec37&wsTime=69b52646&wsVersion=3&sid=DDFFB4A8903046B2B2A2C20195472FFA
11:11:35.544 7631.455825e0.chunk.js:2  Uncaught (in promise) AbortError: The play() request was interrupted by a new load request.
e.onMediaAttaching @ 7631.455825e0.chunk.js:2
u.emit @ 7631.455825e0.chunk.js:2
E.emit @ 7631.455825e0.chunk.js:2
E.trigger @ 7631.455825e0.chunk.js:2
E.attachMedia @ 7631.455825e0.chunk.js:2
(匿名) @ 8222.6209a852.chunk.js:1
u @ 9561.4bf2dc71.js:2
(匿名) @ 9561.4bf2dc71.js:2
(匿名) @ 9561.4bf2dc71.js:2
r @ 9561.4bf2dc71.js:2
s @ 9561.4bf2dc71.js:2
Promise.then
r @ 9561.4bf2dc71.js:2
s @ 9561.4bf2dc71.js:2
(匿名) @ 9561.4bf2dc71.js:2
(匿名) @ 9561.4bf2dc71.js:2
(匿名) @ 8222.6209a852.chunk.js:1
e.handleInitCourse @ 8222.6209a852.chunk.js:1
e.initCourse @ 8222.6209a852.chunk.js:1
(匿名) @ 8222.6209a852.chunk.js:1
ka @ 9561.4bf2dc71.js:2
xa @ 9561.4bf2dc71.js:2
Ec @ 9561.4bf2dc71.js:2
t.unstable_runWithPriority @ 9561.4bf2dc71.js:2
qo @ 9561.4bf2dc71.js:2
kc @ 9561.4bf2dc71.js:2
dc @ 9561.4bf2dc71.js:2
(匿名) @ 9561.4bf2dc71.js:2
t.unstable_runWithPriority @ 9561.4bf2dc71.js:2
qo @ 9561.4bf2dc71.js:2
Xo @ 9561.4bf2dc71.js:2
$o @ 9561.4bf2dc71.js:2
se @ 9561.4bf2dc71.js:2
Tn @ 9561.4bf2dc71.js:2
eval @ video.ts:42
eval @ video.ts:8
__awaiter @ video.ts:4
eval @ video.ts:27
Start @ video.ts:27
eval @ mooc.ts:134
fulfilled @ mooc.ts:5
Promise.then
step @ mooc.ts:7
eval @ mooc.ts:8
__awaiter @ mooc.ts:4
runTask @ mooc.ts:120
eval @ mooc.ts:71
eval @ event.ts:30
callEvent @ event.ts:29
eval @ course.ts:294
fulfilled @ course.ts:5
Promise.then
step @ course.ts:7
eval @ course.ts:8
__awaiter @ course.ts:4
eval @ course.ts:281
setInterval
setInterval @ utils.ts:203
eval @ course.ts:281
eval @ course.ts:8
__awaiter @ course.ts:4
processCourseData @ course.ts:278
eval @ course.ts:263
setInterval
setInterval @ utils.ts:203
eval @ course.ts:258
eval @ course.ts:8
__awaiter @ course.ts:4
OperateCard @ course.ts:252
eval @ course.ts:68
eval @ course.ts:8
__awaiter @ course.ts:4
eval @ course.ts:61
11:11:35.549 utils.ts:137 unknown mouseout事件触发 MouseEvent {isTrusted: true, screenX: 603, screenY: 329, clientX: 599, clientY: 249, …}
11:11:35.549 utils.ts:137 unknown mouseleave事件触发 MouseEvent {isTrusted: true, screenX: 603, screenY: 329, clientX: 599, clientY: 249, …}
11:11:35.616 log.ts:179 [debug 11:11:35 ] [播放速率] 设置播放速率为 1x
11:11:35.616 log.ts:179 [debug 11:11:35 ] [静音设置] 设置静音状态为 true
11:11:35.727 log.ts:179 [debug 11:11:35 ] 拦截到HTTP请求: https://zsglcdn.lzlj.com/learn/app/filehub/0001/formal/course/transCode/2024/02/26/414ACCAE7D234863AD6D819EE4D1109C/1708928482707_s_0.ts
11:11:35.760 log.ts:179 [debug 11:11:35 ] 拦截到HTTP请求: /learn/app/clientapi/course/bigdata/courseLearnTime.do?os=99&sid=DDFFB4A8903046B2B2A2C20195472FFA
11:11:35.770 log.ts:179 [debug 11:11:35 ] 0 播放时间
11:11:35.771 log.ts:179 [debug 11:11:35 ] [播放速率] 设置播放速率为 1x
11:11:35.853 log.ts:179 [debug 11:11:35 ] 拦截到HTTP请求: https://zsglcdn.lzlj.com/learn/app/clientapi/course/drm/m3u8/getPlayParams.do?os=999&os=99&sourceId=1708931262768&sid=DDFFB4A8903046B2B2A2C20195472FFA
11:11:35.853 log.ts:179 [debug 11:11:35 ] [视频事件] Video playing, applying settings...
11:11:35.856 log.ts:179 [debug 11:11:35 ] 拦截到HTTP请求: /learn/app/clientapi/course/play/queryStatus.do?courseWareId=1708931262768&courseId=N003284&bizType=0&bizId=&sid=DDFFB4A8903046B2B2A2C20195472FFA&os=99
11:11:35.861 utils.ts:137 unknown mouseout事件触发 MouseEvent {isTrusted: true, screenX: 602, screenY: 328, clientX: 598, clientY: 248, …}
11:11:35.862 utils.ts:137 unknown mouseleave事件触发 MouseEvent {isTrusted: true, screenX: 602, screenY: 328, clientX: 598, clientY: 248, …}
11:11:35.957 log.ts:179 [debug 11:11:35 ] [播放速率] 设置播放速率为 1x
11:11:35.957 log.ts:179 [debug 11:11:35 ] [静音设置] 设置静音状态为 true
11:11:36.056 log.ts:179 [debug 11:11:36 ] 拦截到HTTP请求: https://zsglcdn.lzlj.com/learn/app/filehub/0001/formal/course/transCode/2024/02/26/64E2A5EF14734EC2944F695BAF52F225/1708931262768_s_0.ts
11:11:36.532 utils.ts:137 unknown resize事件触发 Event {isTrusted: true, type: 'resize', target: video#course-video_html5_api.vjs-tech, currentTarget: Window, eventPhase: 1, …}
11:11:36.533 log.ts:179 [debug 11:11:36 ] [播放速率] 设置播放速率为 1x
11:11:36.533 log.ts:179 [debug 11:11:36 ] [点击播放] 找到播放按钮，点击播放 button.vjs-big-play-button
11:11:36.536 log.ts:179 [debug 11:11:36 ] [静音设置] 设置静音状态为 true
11:11:36.537 log.ts:179 [debug 11:11:36 ] [播放速率] 设置播放速率为 1x
11:11:36.545 log.ts:179 [debug 11:11:36 ] 拦截到HTTP请求: https://zsglcdn.lzlj.com/learn/app/filehub/0001/formal/course/transCode/2024/02/26/64E2A5EF14734EC2944F695BAF52F225/1708931262768_s_1.ts
11:11:36.558 log.ts:179 [debug 11:11:36 ] [播放速率] 设置播放速率为 1x
11:11:36.558 log.ts:179 [debug 11:11:36 ] [点击播放] 找到播放按钮，点击播放 button.vjs-big-play-button
11:11:36.559 log.ts:179 [debug 11:11:36 ] [静音设置] 设置静音状态为 true
11:11:36.559 log.ts:179 [debug 11:11:36 ] [播放速率] 设置播放速率为 1x
11:11:36.560 utils.ts:137 unknown seeking事件触发 Event {isTrusted: true, type: 'seeking', target: video#course-video_html5_api.vjs-tech, currentTarget: video#course-video_html5_api.vjs-tech, eventPhase: 2, …}
11:11:36.824 log.ts:179 [debug 11:11:36 ] 拦截到HTTP请求: https://zsglcdn.lzlj.com/learn/app/filehub/0001/formal/course/transCode/2024/02/26/64E2A5EF14734EC2944F695BAF52F225/1708931262768_s_6.ts
11:11:36.956 8222.6209a852.chunk.js:1 commonFull true
11:11:36.956 8222.6209a852.chunk.js:1 window.outerWidth 1920
11:11:36.956 8222.6209a852.chunk.js:1 screen.availWidth 1920
11:11:36.956 8222.6209a852.chunk.js:1 windowF11Full false
11:11:36.956 8222.6209a852.chunk.js:1 isFullScreen true
11:11:37.068 log.ts:179 [debug 11:11:37 ] 拦截到HTTP请求: https://zsglcdn.lzlj.com/learn/app/filehub/0001/formal/course/transCode/2024/02/26/64E2A5EF14734EC2944F695BAF52F225/1708931262768_s_7.ts
11:11:37.259 log.ts:179 [debug 11:11:37 ] 拦截到HTTP请求: https://zsglcdn.lzlj.com/learn/app/filehub/0001/formal/course/transCode/2024/02/26/64E2A5EF14734EC2944F695BAF52F225/1708931262768_s_8.ts
11:11:37.385 utils.ts:137 unknown seeked事件触发 Event {isTrusted: true, type: 'seeked', target: video#course-video_html5_api.vjs-tech, currentTarget: video#course-video_html5_api.vjs-tech, eventPhase: 2, …}
11:11:37.432 log.ts:179 [debug 11:11:37 ] 拦截到HTTP请求: https://zsglcdn.lzlj.com/learn/app/filehub/0001/formal/course/transCode/2024/02/26/64E2A5EF14734EC2944F695BAF52F225/1708931262768_s_9.ts
11:11:37.590 utils.ts:137 unknown mouseout事件触发 MouseEvent {isTrusted: true, screenX: 890, screenY: 411, clientX: 886, clientY: 331, …}
11:11:37.591 utils.ts:137 unknown mouseleave事件触发 MouseEvent {isTrusted: true, screenX: 890, screenY: 411, clientX: 886, clientY: 331, …}
11:11:37.591 utils.ts:137 unknown mouseleave事件触发 MouseEvent {isTrusted: true, screenX: 890, screenY: 411, clientX: 886, clientY: 331, …}
11:11:37.591 utils.ts:137 unknown mouseleave事件触发 MouseEvent {isTrusted: true, screenX: 890, screenY: 411, clientX: 886, clientY: 331, …}
11:11:37.634 utils.ts:137 unknown mouseout事件触发 MouseEvent {isTrusted: true, screenX: 907, screenY: 416, clientX: 903, clientY: 336, …}
11:11:37.638 utils.ts:137 unknown mouseout事件触发 MouseEvent {isTrusted: true, screenX: 908, screenY: 416, clientX: 904, clientY: 336, …}
11:11:37.958 log.ts:179 [debug 11:11:37 ] 拦截到HTTP请求: /learn/app/clientapi/course/progress/reportLearnProgress.do?os=99&sid=DDFFB4A8903046B2B2A2C20195472FFA
11:11:38.107 8222.6209a852.chunk.js:1 report success
11:11:38.150 utils.ts:137 unknown mouseout事件触发 MouseEvent {isTrusted: true, screenX: 952, screenY: 418, clientX: 948, clientY: 338, …}
11:11:38.150 utils.ts:137 unknown mouseleave事件触发 MouseEvent {isTrusted: true, screenX: 952, screenY: 418, clientX: 948, clientY: 338, …}
11:11:38.160 utils.ts:137 unknown mouseout事件触发 MouseEvent {isTrusted: true, screenX: 960, screenY: 419, clientX: 956, clientY: 339, …}
11:11:38.367 utils.ts:137 unknown mouseout事件触发 MouseEvent {isTrusted: true, screenX: 1051, screenY: 421, clientX: 1047, clientY: 341, …}
11:11:38.367 utils.ts:137 unknown mouseleave事件触发 MouseEvent {isTrusted: true, screenX: 1051, screenY: 421, clientX: 1047, clientY: 341, …}
11:11:38.367 utils.ts:137 unknown mouseleave事件触发 MouseEvent {isTrusted: true, screenX: 1051, screenY: 421, clientX: 1047, clientY: 341, …}
11:11:38.367 utils.ts:137 unknown mouseleave事件触发 MouseEvent {isTrusted: true, screenX: 1051, screenY: 421, clientX: 1047, clientY: 341, …}
11:11:38.367 utils.ts:137 unknown mouseleave事件触发 MouseEvent {isTrusted: true, screenX: 1051, screenY: 421, clientX: 1047, clientY: 341, …}
11:11:38.367 utils.ts:137 unknown mouseleave事件触发 MouseEvent {isTrusted: true, screenX: 1051, screenY: 421, clientX: 1047, clientY: 341, …}
11:11:38.367 utils.ts:137 unknown mouseleave事件触发 MouseEvent {isTrusted: true, screenX: 1051, screenY: 421, clientX: 1047, clientY: 341, …}
11:11:38.367 utils.ts:137 unknown mouseleave事件触发 MouseEvent {isTrusted: true, screenX: 1051, screenY: 421, clientX: 1047, clientY: 341, …}
11:11:38.367 utils.ts:137 unknown mouseleave事件触发 MouseEvent {isTrusted: true, screenX: 1051, screenY: 421, clientX: 1047, clientY: 341, …}
11:11:38.367 utils.ts:137 unknown mouseleave事件触发 MouseEvent {isTrusted: true, screenX: 1051, screenY: 421, clientX: 1047, clientY: 341, …}
11:11:38.367 utils.ts:137 unknown mouseleave事件触发 MouseEvent {isTrusted: true, screenX: 1051, screenY: 421, clientX: 1047, clientY: 341, …}
11:11:38.367 utils.ts:137 unknown mouseleave事件触发 MouseEvent {isTrusted: true, screenX: 1051, screenY: 421, clientX: 1047, clientY: 341, …}
11:11:38.367 utils.ts:137 unknown mouseleave事件触发 MouseEvent {isTrusted: true, screenX: 1051, screenY: 421, clientX: 1047, clientY: 341, …}
11:11:38.367 utils.ts:137 unknown mouseleave事件触发 MouseEvent {isTrusted: true, screenX: 1051, screenY: 421, clientX: 1047, clientY: 341, …}
11:11:38.367 utils.ts:137 unknown mouseleave事件触发 MouseEvent {isTrusted: true, screenX: 1051, screenY: 421, clientX: 1047, clientY: 341, …}
11:11:38.367 utils.ts:137 unknown mouseleave事件触发 MouseEvent {isTrusted: true, screenX: 1051, screenY: 421, clientX: 1047, clientY: 341, …}
11:11:38.368 utils.ts:137 unknown mouseleave事件触发 MouseEvent {isTrusted: true, screenX: 1051, screenY: 421, clientX: 1047, clientY: 341, …}
11:11:38.368 utils.ts:137 unknown mouseleave事件触发 MouseEvent {isTrusted: true, screenX: 1051, screenY: 421, clientX: 1047, clientY: 341, …}
11:11:38.368 utils.ts:137 unknown mouseleave事件触发 MouseEvent {isTrusted: true, screenX: 1051, screenY: 421, clientX: 1047, clientY: 341, …}
11:11:38.389 utils.ts:137 unknown mouseout事件触发 MouseEvent {isTrusted: true, screenX: 1061, screenY: 421, clientX: 1057, clientY: 341, …}
11:11:38.389 utils.ts:137 unknown mouseleave事件触发 MouseEvent {isTrusted: true, screenX: 1061, screenY: 421, clientX: 1057, clientY: 341, …}
11:11:38.389 utils.ts:137 unknown mouseleave事件触发 MouseEvent {isTrusted: true, screenX: 1061, screenY: 421, clientX: 1057, clientY: 341, …}
11:11:40.373 utils.ts:137 unknown blur事件触发 Event {isTrusted: true, type: 'blur', target: Window, currentTarget: Window, eventPhase: 2, …}
11:11:41.467 log.ts:179 [debug 11:11:41 ] 拦截到HTTP请求: https://zsglcdn.lzlj.com/learn/app/filehub/0001/formal/course/transCode/2024/02/26/64E2A5EF14734EC2944F695BAF52F225/1708931262768_s_10.ts
11:11:41.475 utils.ts:137 unknown focus事件触发 Event {isTrusted: true, type: 'focus', target: Window, currentTarget: Window, eventPhase: 2, …}
11:11:41.569 utils.ts:137 unknown blur事件触发 Event {isTrusted: true, type: 'blur', target: Window, currentTarget: Window, eventPhase: 2, …}
11:11:42.617 start.ts:50 [每日积分] start: 收到消息 {type: 'cxconfig', key: 'zsgl_auto', value: 'false'}
11:11:42.618 dailyPointsPanel.ts:323 [每日积分] panel: 收到页面消息1 {type: 'cxconfig', key: 'zsgl_auto', value: 'false'}
11:11:43.014 utils.ts:137 unknown mouseout事件触发 MouseEvent {isTrusted: true, screenX: 1047, screenY: 342, clientX: 1043, clientY: 262, …}
11:11:43.029 utils.ts:137 unknown mouseout事件触发 MouseEvent {isTrusted: true, screenX: 953, screenY: 343, clientX: 949, clientY: 263, …}
11:11:43.029 utils.ts:137 unknown mouseleave事件触发 MouseEvent {isTrusted: true, screenX: 953, screenY: 343, clientX: 949, clientY: 263, …}
11:11:43.029 utils.ts:137 unknown mouseleave事件触发 MouseEvent {isTrusted: true, screenX: 953, screenY: 343, clientX: 949, clientY: 263, …}
11:11:43.030 utils.ts:137 unknown mouseout事件触发 MouseEvent {isTrusted: true, screenX: 947, screenY: 343, clientX: 943, clientY: 263, …}
11:11:43.038 utils.ts:137 unknown mouseout事件触发 MouseEvent {isTrusted: true, screenX: 898, screenY: 343, clientX: 894, clientY: 263, …}
11:11:43.038 utils.ts:137 unknown mouseleave事件触发 MouseEvent {isTrusted: true, screenX: 898, screenY: 343, clientX: 894, clientY: 263, …}
11:11:43.038 utils.ts:137 unknown mouseleave事件触发 MouseEvent {isTrusted: true, screenX: 898, screenY: 343, clientX: 894, clientY: 263, …}
11:11:43.038 utils.ts:137 unknown mouseleave事件触发 MouseEvent {isTrusted: true, screenX: 898, screenY: 343, clientX: 894, clientY: 263, …}
11:11:43.039 utils.ts:137 unknown mouseout事件触发 MouseEvent {isTrusted: true, screenX: 888, screenY: 343, clientX: 884, clientY: 263, …}
11:11:43.040 utils.ts:137 unknown mouseleave事件触发 MouseEvent {isTrusted: true, screenX: 888, screenY: 343, clientX: 884, clientY: 263, …}
11:11:43.150 utils.ts:137 unknown mouseout事件触发 MouseEvent {isTrusted: true, screenX: 402, screenY: 324, clientX: 398, clientY: 244, …}
11:11:43.151 utils.ts:137 unknown mouseleave事件触发 MouseEvent {isTrusted: true, screenX: 402, screenY: 324, clientX: 398, clientY: 244, …}
11:11:43.151 utils.ts:137 unknown mouseleave事件触发 MouseEvent {isTrusted: true, screenX: 402, screenY: 324, clientX: 398, clientY: 244, …}
11:11:43.151 utils.ts:137 unknown mouseleave事件触发 MouseEvent {isTrusted: true, screenX: 402, screenY: 324, clientX: 398, clientY: 244, …}
11:11:43.151 utils.ts:137 unknown mouseleave事件触发 MouseEvent {isTrusted: true, screenX: 402, screenY: 324, clientX: 398, clientY: 244, …}
11:11:43.151 utils.ts:137 unknown mouseleave事件触发 MouseEvent {isTrusted: true, screenX: 402, screenY: 324, clientX: 398, clientY: 244, …}
11:11:43.151 utils.ts:137 unknown mouseleave事件触发 MouseEvent {isTrusted: true, screenX: 402, screenY: 324, clientX: 398, clientY: 244, …}
11:11:43.151 utils.ts:137 unknown mouseleave事件触发 MouseEvent {isTrusted: true, screenX: 402, screenY: 324, clientX: 398, clientY: 244, …}
11:11:43.151 utils.ts:137 unknown mouseleave事件触发 MouseEvent {isTrusted: true, screenX: 402, screenY: 324, clientX: 398, clientY: 244, …}
11:11:43.151 utils.ts:137 unknown mouseleave事件触发 MouseEvent {isTrusted: true, screenX: 402, screenY: 324, clientX: 398, clientY: 244, …}
11:11:43.151 utils.ts:137 unknown mouseleave事件触发 MouseEvent {isTrusted: true, screenX: 402, screenY: 324, clientX: 398, clientY: 244, …}
11:11:43.151 utils.ts:137 unknown mouseleave事件触发 MouseEvent {isTrusted: true, screenX: 402, screenY: 324, clientX: 398, clientY: 244, …}
11:11:43.151 utils.ts:137 unknown mouseleave事件触发 MouseEvent {isTrusted: true, screenX: 402, screenY: 324, clientX: 398, clientY: 244, …}
11:11:43.151 utils.ts:137 unknown mouseleave事件触发 MouseEvent {isTrusted: true, screenX: 402, screenY: 324, clientX: 398, clientY: 244, …}
11:11:43.151 utils.ts:137 unknown mouseleave事件触发 MouseEvent {isTrusted: true, screenX: 402, screenY: 324, clientX: 398, clientY: 244, …}
11:11:43.151 utils.ts:137 unknown mouseleave事件触发 MouseEvent {isTrusted: true, screenX: 402, screenY: 324, clientX: 398, clientY: 244, …}
11:11:43.157 utils.ts:137 unknown mouseout事件触发 MouseEvent {isTrusted: true, screenX: 385, screenY: 322, clientX: 381, clientY: 242, …}
11:11:43.170 utils.ts:137 unknown mouseout事件触发 MouseEvent {isTrusted: true, screenX: 359, screenY: 318, clientX: 355, clientY: 238, …}
11:11:43.170 utils.ts:137 unknown mouseleave事件触发 MouseEvent {isTrusted: true, screenX: 359, screenY: 318, clientX: 355, clientY: 238, …}
11:11:43.176 utils.ts:137 unknown mouseout事件触发 MouseEvent {isTrusted: true, screenX: 348, screenY: 317, clientX: 344, clientY: 237, …}
11:11:43.176 utils.ts:137 unknown mouseleave事件触发 MouseEvent {isTrusted: true, screenX: 348, screenY: 317, clientX: 344, clientY: 237, …}
11:11:43.176 utils.ts:137 unknown mouseleave事件触发 MouseEvent {isTrusted: true, screenX: 348, screenY: 317, clientX: 344, clientY: 237, …}
11:11:43.180 utils.ts:137 unknown mouseout事件触发 MouseEvent {isTrusted: true, screenX: 341, screenY: 316, clientX: 337, clientY: 236, …}
11:11:43.226 utils.ts:137 unknown mouseout事件触发 MouseEvent {isTrusted: true, screenX: 293, screenY: 309, clientX: 289, clientY: 229, …}
11:11:44.031 utils.ts:137 unknown mouseout事件触发 MouseEvent {isTrusted: true, screenX: 254, screenY: 297, clientX: 250, clientY: 217, …}
11:11:44.031 utils.ts:137 unknown mouseleave事件触发 MouseEvent {isTrusted: true, screenX: 254, screenY: 297, clientX: 250, clientY: 217, …}
11:11:44.068 utils.ts:137 unknown mouseout事件触发 MouseEvent {isTrusted: true, screenX: 265, screenY: 290, clientX: 261, clientY: 210, …}
11:11:44.069 utils.ts:137 unknown mouseleave事件触发 MouseEvent {isTrusted: true, screenX: 265, screenY: 290, clientX: 261, clientY: 210, …}
11:11:44.073 utils.ts:137 unknown mouseout事件触发 MouseEvent {isTrusted: true, screenX: 268, screenY: 289, clientX: 264, clientY: 209, …}
11:11:44.073 utils.ts:137 unknown mouseleave事件触发 MouseEvent {isTrusted: true, screenX: 268, screenY: 289, clientX: 264, clientY: 209, …}
11:11:44.073 utils.ts:137 unknown mouseleave事件触发 MouseEvent {isTrusted: true, screenX: 268, screenY: 289, clientX: 264, clientY: 209, …}
11:11:44.076 utils.ts:137 unknown mouseout事件触发 MouseEvent {isTrusted: true, screenX: 270, screenY: 288, clientX: 266, clientY: 208, …}
11:11:44.101 utils.ts:137 unknown mouseout事件触发 MouseEvent {isTrusted: true, screenX: 288, screenY: 281, clientX: 284, clientY: 201, …}
11:11:44.129 utils.ts:137 unknown mouseout事件触发 MouseEvent {isTrusted: true, screenX: 328, screenY: 269, clientX: 324, clientY: 189, …}
11:11:44.129 utils.ts:137 unknown mouseleave事件触发 MouseEvent {isTrusted: true, screenX: 328, screenY: 269, clientX: 324, clientY: 189, …}
11:11:44.145 utils.ts:137 unknown mouseout事件触发 MouseEvent {isTrusted: true, screenX: 364, screenY: 262, clientX: 360, clientY: 182, …}
11:11:44.145 utils.ts:137 unknown mouseleave事件触发 MouseEvent {isTrusted: true, screenX: 364, screenY: 262, clientX: 360, clientY: 182, …}
11:11:44.146 utils.ts:137 unknown mouseout事件触发 MouseEvent {isTrusted: true, screenX: 367, screenY: 261, clientX: 363, clientY: 181, …}
11:11:44.146 utils.ts:137 unknown mouseleave事件触发 MouseEvent {isTrusted: true, screenX: 367, screenY: 261, clientX: 363, clientY: 181, …}
11:11:44.146 utils.ts:137 unknown mouseleave事件触发 MouseEvent {isTrusted: true, screenX: 367, screenY: 261, clientX: 363, clientY: 181, …}
11:11:44.149 utils.ts:137 unknown mouseout事件触发 MouseEvent {isTrusted: true, screenX: 375, screenY: 260, clientX: 371, clientY: 180, …}
11:11:44.160 utils.ts:137 unknown mouseout事件触发 MouseEvent {isTrusted: true, screenX: 397, screenY: 256, clientX: 393, clientY: 176, …}
11:11:44.161 utils.ts:137 unknown mouseleave事件触发 MouseEvent {isTrusted: true, screenX: 397, screenY: 256, clientX: 393, clientY: 176, …}
11:11:44.161 utils.ts:137 unknown mouseleave事件触发 MouseEvent {isTrusted: true, screenX: 397, screenY: 256, clientX: 393, clientY: 176, …}
11:11:44.161 utils.ts:137 unknown mouseleave事件触发 MouseEvent {isTrusted: true, screenX: 397, screenY: 256, clientX: 393, clientY: 176, …}
11:11:44.162 utils.ts:137 unknown mouseout事件触发 MouseEvent {isTrusted: true, screenX: 407, screenY: 254, clientX: 403, clientY: 174, …}
11:11:44.162 utils.ts:137 unknown mouseleave事件触发 MouseEvent {isTrusted: true, screenX: 407, screenY: 254, clientX: 403, clientY: 174, …}
11:11:44.162 utils.ts:137 unknown mouseleave事件触发 MouseEvent {isTrusted: true, screenX: 407, screenY: 254, clientX: 403, clientY: 174, …}
11:11:44.162 utils.ts:137 unknown mouseleave事件触发 MouseEvent {isTrusted: true, screenX: 407, screenY: 254, clientX: 403, clientY: 174, …}
11:11:44.182 utils.ts:137 unknown mouseout事件触发 MouseEvent {isTrusted: true, screenX: 466, screenY: 244, clientX: 462, clientY: 164, …}
11:11:44.182 utils.ts:137 unknown mouseleave事件触发 MouseEvent {isTrusted: true, screenX: 466, screenY: 244, clientX: 462, clientY: 164, …}
11:11:44.182 utils.ts:137 unknown mouseleave事件触发 MouseEvent {isTrusted: true, screenX: 466, screenY: 244, clientX: 462, clientY: 164, …}
11:11:44.182 utils.ts:137 unknown mouseleave事件触发 MouseEvent {isTrusted: true, screenX: 466, screenY: 244, clientX: 462, clientY: 164, …}
11:11:44.182 utils.ts:137 unknown mouseleave事件触发 MouseEvent {isTrusted: true, screenX: 466, screenY: 244, clientX: 462, clientY: 164, …}
11:11:44.182 utils.ts:137 unknown mouseleave事件触发 MouseEvent {isTrusted: true, screenX: 466, screenY: 244, clientX: 462, clientY: 164, …}
11:11:44.182 utils.ts:137 unknown mouseleave事件触发 MouseEvent {isTrusted: true, screenX: 466, screenY: 244, clientX: 462, clientY: 164, …}
11:11:44.182 utils.ts:137 unknown mouseleave事件触发 MouseEvent {isTrusted: true, screenX: 466, screenY: 244, clientX: 462, clientY: 164, …}
11:11:44.182 utils.ts:137 unknown mouseleave事件触发 MouseEvent {isTrusted: true, screenX: 466, screenY: 244, clientX: 462, clientY: 164, …}
11:11:44.182 utils.ts:137 unknown mouseleave事件触发 MouseEvent {isTrusted: true, screenX: 466, screenY: 244, clientX: 462, clientY: 164, …}
11:11:44.182 utils.ts:137 unknown mouseleave事件触发 MouseEvent {isTrusted: true, screenX: 466, screenY: 244, clientX: 462, clientY: 164, …}
11:11:44.182 utils.ts:137 unknown mouseleave事件触发 MouseEvent {isTrusted: true, screenX: 466, screenY: 244, clientX: 462, clientY: 164, …}
11:11:44.182 utils.ts:137 unknown mouseleave事件触发 MouseEvent {isTrusted: true, screenX: 466, screenY: 244, clientX: 462, clientY: 164, …}
11:11:44.182 utils.ts:137 unknown mouseleave事件触发 MouseEvent {isTrusted: true, screenX: 466, screenY: 244, clientX: 462, clientY: 164, …}
11:11:44.182 utils.ts:137 unknown mouseleave事件触发 MouseEvent {isTrusted: true, screenX: 466, screenY: 244, clientX: 462, clientY: 164, …}
11:11:44.182 utils.ts:137 unknown mouseleave事件触发 MouseEvent {isTrusted: true, screenX: 466, screenY: 244, clientX: 462, clientY: 164, …}
11:11:44.183 utils.ts:137 unknown mouseleave事件触发 MouseEvent {isTrusted: true, screenX: 466, screenY: 244, clientX: 462, clientY: 164, …}
11:11:44.183 utils.ts:137 unknown mouseleave事件触发 MouseEvent {isTrusted: true, screenX: 466, screenY: 244, clientX: 462, clientY: 164, …}
11:11:44.183 utils.ts:137 unknown mouseleave事件触发 MouseEvent {isTrusted: true, screenX: 466, screenY: 244, clientX: 462, clientY: 164, …}
11:11:44.263 utils.ts:137 unknown mouseout事件触发 MouseEvent {isTrusted: true, screenX: 696, screenY: 193, clientX: 692, clientY: 113, …}
11:11:44.263 utils.ts:137 unknown mouseleave事件触发 MouseEvent {isTrusted: true, screenX: 696, screenY: 193, clientX: 692, clientY: 113, …}
11:11:44.264 utils.ts:137 unknown mouseleave事件触发 MouseEvent {isTrusted: true, screenX: 696, screenY: 193, clientX: 692, clientY: 113, …}
11:11:44.264 utils.ts:137 unknown mouseleave事件触发 MouseEvent {isTrusted: true, screenX: 696, screenY: 193, clientX: 692, clientY: 113, …}
11:11:44.264 utils.ts:137 unknown mouseleave事件触发 MouseEvent {isTrusted: true, screenX: 696, screenY: 193, clientX: 692, clientY: 113, …}
11:11:44.264 utils.ts:137 unknown mouseleave事件触发 MouseEvent {isTrusted: true, screenX: 696, screenY: 193, clientX: 692, clientY: 113, …}
11:11:44.369 utils.ts:137 unknown mouseout事件触发 MouseEvent {isTrusted: true, screenX: 819, screenY: 144, clientX: 815, clientY: 64, …}
11:11:44.369 utils.ts:137 unknown mouseleave事件触发 MouseEvent {isTrusted: true, screenX: 819, screenY: 144, clientX: 815, clientY: 64, …}
11:11:44.369 utils.ts:137 unknown mouseleave事件触发 MouseEvent {isTrusted: true, screenX: 819, screenY: 144, clientX: 815, clientY: 64, …}
11:11:44.370 utils.ts:137 unknown mouseleave事件触发 MouseEvent {isTrusted: true, screenX: 819, screenY: 144, clientX: 815, clientY: 64, …}
11:11:44.370 utils.ts:137 unknown mouseleave事件触发 MouseEvent {isTrusted: true, screenX: 819, screenY: 144, clientX: 815, clientY: 64, …}
11:11:44.370 utils.ts:137 unknown mouseleave事件触发 MouseEvent {isTrusted: true, screenX: 819, screenY: 144, clientX: 815, clientY: 64, …}
11:11:44.370 utils.ts:137 unknown mouseleave事件触发 MouseEvent {isTrusted: true, screenX: 819, screenY: 144, clientX: 815, clientY: 64, …}
11:11:44.370 utils.ts:137 unknown mouseleave事件触发 MouseEvent {isTrusted: true, screenX: 819, screenY: 144, clientX: 815, clientY: 64, …}
11:11:44.370 utils.ts:137 unknown mouseleave事件触发 MouseEvent {isTrusted: true, screenX: 819, screenY: 144, clientX: 815, clientY: 64, …}
11:11:44.370 utils.ts:137 unknown mouseleave事件触发 MouseEvent {isTrusted: true, screenX: 819, screenY: 144, clientX: 815, clientY: 64, …}
11:11:44.371 utils.ts:137 unknown mouseout事件触发 MouseEvent {isTrusted: true, screenX: 821, screenY: 143, clientX: 817, clientY: 63, …}
11:11:44.393 utils.ts:137 unknown mouseout事件触发 MouseEvent {isTrusted: true, screenX: 833, screenY: 131, clientX: 829, clientY: 51, …}
11:11:44.399 utils.ts:137 unknown mouseout事件触发 MouseEvent {isTrusted: true, screenX: 837, screenY: 127, clientX: 833, clientY: 47, …}
11:11:44.435 utils.ts:137 unknown mouseout事件触发 MouseEvent {isTrusted: true, screenX: 852, screenY: 113, clientX: 848, clientY: 33, …}
11:11:44.436 utils.ts:137 unknown mouseleave事件触发 MouseEvent {isTrusted: true, screenX: 852, screenY: 113, clientX: 848, clientY: 33, …}
11:11:44.456 utils.ts:137 unknown mouseout事件触发 MouseEvent {isTrusted: true, screenX: 858, screenY: 111, clientX: 854, clientY: 31, …}
11:11:44.456 utils.ts:137 unknown mouseleave事件触发 MouseEvent {isTrusted: true, screenX: 858, screenY: 111, clientX: 854, clientY: 31, …}
11:11:44.861 utils.ts:137 unknown focus事件触发 Event {isTrusted: true, type: 'focus', target: Window, currentTarget: Window, eventPhase: 2, …}
11:11:45.216 utils.ts:137 unknown mouseout事件触发 MouseEvent {isTrusted: true, screenX: 960, screenY: 144, clientX: 956, clientY: 64, …}
11:11:45.216 utils.ts:137 unknown mouseleave事件触发 MouseEvent {isTrusted: true, screenX: 960, screenY: 144, clientX: 956, clientY: 64, …}
11:11:45.216 utils.ts:137 unknown mouseleave事件触发 MouseEvent {isTrusted: true, screenX: 960, screenY: 144, clientX: 956, clientY: 64, …}
11:11:45.216 utils.ts:137 unknown mouseleave事件触发 MouseEvent {isTrusted: true, screenX: 960, screenY: 144, clientX: 956, clientY: 64, …}
11:11:45.221 utils.ts:137 unknown mouseout事件触发 MouseEvent {isTrusted: true, screenX: 961, screenY: 146, clientX: 957, clientY: 66, …}
11:11:45.293 utils.ts:137 unknown mouseout事件触发 MouseEvent {isTrusted: true, screenX: 987, screenY: 194, clientX: 983, clientY: 114, …}
11:11:45.293 utils.ts:137 unknown mouseleave事件触发 MouseEvent {isTrusted: true, screenX: 987, screenY: 194, clientX: 983, clientY: 114, …}
11:11:45.293 utils.ts:137 unknown mouseleave事件触发 MouseEvent {isTrusted: true, screenX: 987, screenY: 194, clientX: 983, clientY: 114, …}
11:11:45.325 utils.ts:137 unknown mouseout事件触发 MouseEvent {isTrusted: true, screenX: 1000, screenY: 234, clientX: 996, clientY: 154, …}
11:11:45.326 utils.ts:137 unknown mouseleave事件触发 MouseEvent {isTrusted: true, screenX: 1000, screenY: 234, clientX: 996, clientY: 154, …}
11:11:45.341 utils.ts:137 unknown mouseout事件触发 MouseEvent {isTrusted: true, screenX: 1006, screenY: 254, clientX: 1002, clientY: 174, …}
11:11:45.355 utils.ts:137 unknown mouseout事件触发 MouseEvent {isTrusted: true, screenX: 1012, screenY: 270, clientX: 1008, clientY: 190, …}
11:11:45.355 utils.ts:137 unknown mouseleave事件触发 MouseEvent {isTrusted: true, screenX: 1012, screenY: 270, clientX: 1008, clientY: 190, …}
11:11:45.356 utils.ts:137 unknown mouseout事件触发 MouseEvent {isTrusted: true, screenX: 1012, screenY: 271, clientX: 1008, clientY: 191, …}
11:11:45.356 utils.ts:137 unknown mouseleave事件触发 MouseEvent {isTrusted: true, screenX: 1012, screenY: 271, clientX: 1008, clientY: 191, …}
11:11:45.369 utils.ts:137 unknown mouseout事件触发 MouseEvent {isTrusted: true, screenX: 1018, screenY: 291, clientX: 1014, clientY: 211, …}
11:11:45.390 utils.ts:137 unknown mouseout事件触发 MouseEvent {isTrusted: true, screenX: 1025, screenY: 313, clientX: 1021, clientY: 233, …}
11:11:45.390 utils.ts:137 unknown mouseleave事件触发 MouseEvent {isTrusted: true, screenX: 1025, screenY: 313, clientX: 1021, clientY: 233, …}
11:11:45.391 utils.ts:137 unknown mouseleave事件触发 MouseEvent {isTrusted: true, screenX: 1025, screenY: 313, clientX: 1021, clientY: 233, …}
11:11:45.391 utils.ts:137 unknown mouseleave事件触发 MouseEvent {isTrusted: true, screenX: 1025, screenY: 313, clientX: 1021, clientY: 233, …}
11:11:45.391 utils.ts:137 unknown mouseleave事件触发 MouseEvent {isTrusted: true, screenX: 1025, screenY: 313, clientX: 1021, clientY: 233, …}
11:11:45.413 utils.ts:137 unknown mouseout事件触发 MouseEvent {isTrusted: true, screenX: 1031, screenY: 332, clientX: 1027, clientY: 252, …}
11:11:45.454 utils.ts:137 unknown mouseout事件触发 MouseEvent {isTrusted: true, screenX: 1039, screenY: 355, clientX: 1035, clientY: 275, …}
11:11:45.454 utils.ts:137 unknown mouseleave事件触发 MouseEvent {isTrusted: true, screenX: 1039, screenY: 355, clientX: 1035, clientY: 275, …}
11:11:45.454 utils.ts:137 unknown mouseleave事件触发 MouseEvent {isTrusted: true, screenX: 1039, screenY: 355, clientX: 1035, clientY: 275, …}
11:11:45.454 utils.ts:137 unknown mouseleave事件触发 MouseEvent {isTrusted: true, screenX: 1039, screenY: 355, clientX: 1035, clientY: 275, …}
11:11:45.454 utils.ts:137 unknown mouseleave事件触发 MouseEvent {isTrusted: true, screenX: 1039, screenY: 355, clientX: 1035, clientY: 275, …}
11:11:45.510 utils.ts:137 unknown mouseout事件触发 MouseEvent {isTrusted: true, screenX: 1043, screenY: 374, clientX: 1039, clientY: 294, …}
11:11:47.393 utils.ts:137 unknown mouseout事件触发 MouseEvent {isTrusted: true, screenX: 1040, screenY: 373, clientX: 1036, clientY: 293, …}
11:11:47.393 utils.ts:137 unknown mouseleave事件触发 MouseEvent {isTrusted: true, screenX: 1040, screenY: 373, clientX: 1036, clientY: 293, …}
11:11:47.394 utils.ts:137 unknown mouseleave事件触发 MouseEvent {isTrusted: true, screenX: 1040, screenY: 373, clientX: 1036, clientY: 293, …}
11:11:47.394 utils.ts:137 unknown mouseleave事件触发 MouseEvent {isTrusted: true, screenX: 1040, screenY: 373, clientX: 1036, clientY: 293, …}
11:11:47.394 utils.ts:137 unknown mouseleave事件触发 MouseEvent {isTrusted: true, screenX: 1040, screenY: 373, clientX: 1036, clientY: 293, …}
11:11:47.446 utils.ts:137 unknown mouseout事件触发 MouseEvent {isTrusted: true, screenX: 1036, screenY: 353, clientX: 1032, clientY: 273, …}
11:11:47.479 utils.ts:137 unknown mouseout事件触发 MouseEvent {isTrusted: true, screenX: 1036, screenY: 331, clientX: 1032, clientY: 251, …}
11:11:47.479 utils.ts:137 unknown mouseleave事件触发 MouseEvent {isTrusted: true, screenX: 1036, screenY: 331, clientX: 1032, clientY: 251, …}
11:11:47.479 utils.ts:137 unknown mouseleave事件触发 MouseEvent {isTrusted: true, screenX: 1036, screenY: 331, clientX: 1032, clientY: 251, …}
11:11:47.479 utils.ts:137 unknown mouseleave事件触发 MouseEvent {isTrusted: true, screenX: 1036, screenY: 331, clientX: 1032, clientY: 251, …}
11:11:47.479 utils.ts:137 unknown mouseleave事件触发 MouseEvent {isTrusted: true, screenX: 1036, screenY: 331, clientX: 1032, clientY: 251, …}
11:11:47.525 utils.ts:137 unknown mouseout事件触发 MouseEvent {isTrusted: true, screenX: 1038, screenY: 312, clientX: 1034, clientY: 232, …}
11:11:47.648 utils.ts:137 unknown mouseout事件触发 MouseEvent {isTrusted: true, screenX: 1041, screenY: 313, clientX: 1037, clientY: 233, …}
11:11:47.649 utils.ts:137 unknown mouseleave事件触发 MouseEvent {isTrusted: true, screenX: 1041, screenY: 313, clientX: 1037, clientY: 233, …}
11:11:47.649 utils.ts:137 unknown mouseleave事件触发 MouseEvent {isTrusted: true, screenX: 1041, screenY: 313, clientX: 1037, clientY: 233, …}
11:11:47.649 utils.ts:137 unknown mouseleave事件触发 MouseEvent {isTrusted: true, screenX: 1041, screenY: 313, clientX: 1037, clientY: 233, …}
11:11:47.649 utils.ts:137 unknown mouseleave事件触发 MouseEvent {isTrusted: true, screenX: 1041, screenY: 313, clientX: 1037, clientY: 233, …}
11:11:47.715 utils.ts:137 unknown mouseout事件触发 MouseEvent {isTrusted: true, screenX: 1044, screenY: 332, clientX: 1040, clientY: 252, …}
11:11:47.758 utils.ts:137 unknown mouseout事件触发 MouseEvent {isTrusted: true, screenX: 1045, screenY: 355, clientX: 1041, clientY: 275, …}
11:11:47.758 utils.ts:137 unknown mouseleave事件触发 MouseEvent {isTrusted: true, screenX: 1045, screenY: 355, clientX: 1041, clientY: 275, …}
11:11:47.758 utils.ts:137 unknown mouseleave事件触发 MouseEvent {isTrusted: true, screenX: 1045, screenY: 355, clientX: 1041, clientY: 275, …}
11:11:47.758 utils.ts:137 unknown mouseleave事件触发 MouseEvent {isTrusted: true, screenX: 1045, screenY: 355, clientX: 1041, clientY: 275, …}
11:11:47.758 utils.ts:137 unknown mouseleave事件触发 MouseEvent {isTrusted: true, screenX: 1045, screenY: 355, clientX: 1041, clientY: 275, …}
11:11:47.785 utils.ts:137 unknown mouseout事件触发 MouseEvent {isTrusted: true, screenX: 1041, screenY: 374, clientX: 1037, clientY: 294, …}
11:11:47.803 utils.ts:137 unknown mouseout事件触发 MouseEvent {isTrusted: true, screenX: 1026, screenY: 397, clientX: 1022, clientY: 317, …}
11:11:47.804 utils.ts:137 unknown mouseleave事件触发 MouseEvent {isTrusted: true, screenX: 1026, screenY: 397, clientX: 1022, clientY: 317, …}
11:11:47.804 utils.ts:137 unknown mouseleave事件触发 MouseEvent {isTrusted: true, screenX: 1026, screenY: 397, clientX: 1022, clientY: 317, …}
11:11:47.804 utils.ts:137 unknown mouseleave事件触发 MouseEvent {isTrusted: true, screenX: 1026, screenY: 397, clientX: 1022, clientY: 317, …}
11:11:47.804 utils.ts:137 unknown mouseleave事件触发 MouseEvent {isTrusted: true, screenX: 1026, screenY: 397, clientX: 1022, clientY: 317, …}
11:11:47.816 utils.ts:137 unknown mouseout事件触发 MouseEvent {isTrusted: true, screenX: 1003, screenY: 417, clientX: 999, clientY: 337, …}
11:11:47.829 utils.ts:137 unknown mouseout事件触发 MouseEvent {isTrusted: true, screenX: 965, screenY: 441, clientX: 961, clientY: 361, …}
11:11:47.830 utils.ts:137 unknown mouseleave事件触发 MouseEvent {isTrusted: true, screenX: 965, screenY: 441, clientX: 961, clientY: 361, …}
11:11:47.830 utils.ts:137 unknown mouseleave事件触发 MouseEvent {isTrusted: true, screenX: 965, screenY: 441, clientX: 961, clientY: 361, …}
11:11:47.830 utils.ts:137 unknown mouseleave事件触发 MouseEvent {isTrusted: true, screenX: 965, screenY: 441, clientX: 961, clientY: 361, …}
11:11:47.830 utils.ts:137 unknown mouseleave事件触发 MouseEvent {isTrusted: true, screenX: 965, screenY: 441, clientX: 961, clientY: 361, …}
11:11:47.838 utils.ts:137 unknown mouseout事件触发 MouseEvent {isTrusted: true, screenX: 932, screenY: 458, clientX: 928, clientY: 378, …}
11:11:47.846 utils.ts:137 unknown mouseout事件触发 MouseEvent {isTrusted: true, screenX: 904, screenY: 471, clientX: 900, clientY: 391, …}
11:11:47.847 utils.ts:137 unknown mouseleave事件触发 MouseEvent {isTrusted: true, screenX: 904, screenY: 471, clientX: 900, clientY: 391, …}
11:11:47.847 utils.ts:137 unknown mouseleave事件触发 MouseEvent {isTrusted: true, screenX: 904, screenY: 471, clientX: 900, clientY: 391, …}
11:11:47.847 utils.ts:137 unknown mouseleave事件触发 MouseEvent {isTrusted: true, screenX: 904, screenY: 471, clientX: 900, clientY: 391, …}
11:11:47.851 utils.ts:137 unknown mouseout事件触发 MouseEvent {isTrusted: true, screenX: 888, screenY: 478, clientX: 884, clientY: 398, …}
11:11:47.851 utils.ts:137 unknown mouseleave事件触发 MouseEvent {isTrusted: true, screenX: 888, screenY: 478, clientX: 884, clientY: 398, …}
11:11:48.120 utils.ts:137 unknown mouseout事件触发 MouseEvent {isTrusted: true, screenX: 816, screenY: 654, clientX: 812, clientY: 574, …}
11:11:48.120 utils.ts:137 unknown mouseleave事件触发 MouseEvent {isTrusted: true, screenX: 816, screenY: 654, clientX: 812, clientY: 574, …}
11:11:48.142 utils.ts:137 unknown mouseout事件触发 MouseEvent {isTrusted: true, screenX: 808, screenY: 669, clientX: 804, clientY: 589, …}
11:11:48.142 utils.ts:137 unknown mouseleave事件触发 MouseEvent {isTrusted: true, screenX: 808, screenY: 669, clientX: 804, clientY: 589, …}
11:11:48.142 utils.ts:137 unknown mouseleave事件触发 MouseEvent {isTrusted: true, screenX: 808, screenY: 669, clientX: 804, clientY: 589, …}
11:11:48.217 utils.ts:137 unknown mouseout事件触发 MouseEvent {isTrusted: true, screenX: 810, screenY: 676, clientX: 806, clientY: 596, …}
11:11:48.218 utils.ts:137 unknown mouseleave事件触发 MouseEvent {isTrusted: true, screenX: 810, screenY: 676, clientX: 806, clientY: 596, …}
11:11:48.406 utils.ts:137 unknown mouseout事件触发 MouseEvent {isTrusted: true, screenX: 808, screenY: 665, clientX: 804, clientY: 585, …}
11:11:48.406 utils.ts:137 unknown mouseleave事件触发 MouseEvent {isTrusted: true, screenX: 808, screenY: 665, clientX: 804, clientY: 585, …}
11:11:48.406 utils.ts:137 unknown mouseleave事件触发 MouseEvent {isTrusted: true, screenX: 808, screenY: 665, clientX: 804, clientY: 585, …}
11:11:48.433 utils.ts:137 unknown mouseout事件触发 MouseEvent {isTrusted: true, screenX: 799, screenY: 665, clientX: 795, clientY: 585, …}
11:11:48.520 utils.ts:137 unknown mouseout事件触发 MouseEvent {isTrusted: true, screenX: 773, screenY: 665, clientX: 769, clientY: 585, …}
11:11:48.521 utils.ts:137 unknown mouseleave事件触发 MouseEvent {isTrusted: true, screenX: 773, screenY: 665, clientX: 769, clientY: 585, …}
11:11:48.530 utils.ts:137 unknown mouseout事件触发 MouseEvent {isTrusted: true, screenX: 770, screenY: 665, clientX: 766, clientY: 585, …}
11:11:48.530 utils.ts:137 unknown mouseleave事件触发 MouseEvent {isTrusted: true, screenX: 770, screenY: 665, clientX: 766, clientY: 585, …}
11:11:48.553 log.ts:179 [debug 11:11:48 ] 拦截到HTTP请求: https://zsglcdn.lzlj.com/learn/app/filehub/0001/formal/course/transCode/2024/02/26/64E2A5EF14734EC2944F695BAF52F225/1708931262768_s_11.ts
11:11:48.560 utils.ts:137 unknown mouseout事件触发 MouseEvent {isTrusted: true, screenX: 760, screenY: 665, clientX: 756, clientY: 585, …}
11:11:48.560 utils.ts:137 unknown mouseleave事件触发 MouseEvent {isTrusted: true, screenX: 760, screenY: 665, clientX: 756, clientY: 585, …}
11:11:48.786 utils.ts:137 unknown mouseout事件触发 MouseEvent {isTrusted: true, screenX: 749, screenY: 666, clientX: 745, clientY: 586, …}
11:11:49.152 utils.ts:137 unknown mouseout事件触发 MouseEvent {isTrusted: true, screenX: 746, screenY: 672, clientX: 742, clientY: 592, …}
11:11:49.153 utils.ts:137 unknown mouseleave事件触发 MouseEvent {isTrusted: true, screenX: 746, screenY: 672, clientX: 742, clientY: 592, …}
11:11:49.592 utils.ts:137 unknown mouseout事件触发 MouseEvent {isTrusted: true, screenX: 748, screenY: 671, clientX: 744, clientY: 591, …}
11:11:49.602 utils.ts:137 unknown mouseout事件触发 MouseEvent {isTrusted: true, screenX: 752, screenY: 668, clientX: 748, clientY: 588, …}
11:11:49.602 utils.ts:137 unknown mouseleave事件触发 MouseEvent {isTrusted: true, screenX: 752, screenY: 668, clientX: 748, clientY: 588, …}
11:11:49.612 utils.ts:137 unknown mouseout事件触发 MouseEvent {isTrusted: true, screenX: 761, screenY: 664, clientX: 757, clientY: 584, …}
11:11:49.613 utils.ts:137 unknown mouseleave事件触发 MouseEvent {isTrusted: true, screenX: 761, screenY: 664, clientX: 757, clientY: 584, …}
11:11:49.637 utils.ts:137 unknown mouseout事件触发 MouseEvent {isTrusted: true, screenX: 805, screenY: 650, clientX: 801, clientY: 570, …}
11:11:49.637 utils.ts:137 unknown mouseleave事件触发 MouseEvent {isTrusted: true, screenX: 805, screenY: 650, clientX: 801, clientY: 570, …}
11:11:49.637 utils.ts:137 unknown mouseleave事件触发 MouseEvent {isTrusted: true, screenX: 805, screenY: 650, clientX: 801, clientY: 570, …}
11:11:49.652 utils.ts:137 unknown mouseout事件触发 MouseEvent {isTrusted: true, screenX: 892, screenY: 634, clientX: 888, clientY: 554, …}
11:11:49.652 utils.ts:137 unknown mouseleave事件触发 MouseEvent {isTrusted: true, screenX: 892, screenY: 634, clientX: 888, clientY: 554, …}
11:11:49.652 utils.ts:137 unknown mouseleave事件触发 MouseEvent {isTrusted: true, screenX: 892, screenY: 634, clientX: 888, clientY: 554, …}
11:11:49.652 utils.ts:137 unknown mouseleave事件触发 MouseEvent {isTrusted: true, screenX: 892, screenY: 634, clientX: 888, clientY: 554, …}
11:11:49.685 utils.ts:137 unknown mouseout事件触发 MouseEvent {isTrusted: true, screenX: 1052, screenY: 626, clientX: 1048, clientY: 546, …}
11:11:49.685 utils.ts:137 unknown mouseleave事件触发 MouseEvent {isTrusted: true, screenX: 1052, screenY: 626, clientX: 1048, clientY: 546, …}
11:11:49.685 utils.ts:137 unknown mouseleave事件触发 MouseEvent {isTrusted: true, screenX: 1052, screenY: 626, clientX: 1048, clientY: 546, …}
11:11:49.685 utils.ts:137 unknown mouseleave事件触发 MouseEvent {isTrusted: true, screenX: 1052, screenY: 626, clientX: 1048, clientY: 546, …}
11:11:49.685 utils.ts:137 unknown mouseleave事件触发 MouseEvent {isTrusted: true, screenX: 1052, screenY: 626, clientX: 1048, clientY: 546, …}
11:11:49.685 utils.ts:137 unknown mouseleave事件触发 MouseEvent {isTrusted: true, screenX: 1052, screenY: 626, clientX: 1048, clientY: 546, …}
11:11:49.685 utils.ts:137 unknown mouseleave事件触发 MouseEvent {isTrusted: true, screenX: 1052, screenY: 626, clientX: 1048, clientY: 546, …}
11:11:49.685 utils.ts:137 unknown mouseleave事件触发 MouseEvent {isTrusted: true, screenX: 1052, screenY: 626, clientX: 1048, clientY: 546, …}
11:11:49.685 utils.ts:137 unknown mouseleave事件触发 MouseEvent {isTrusted: true, screenX: 1052, screenY: 626, clientX: 1048, clientY: 546, …}
11:11:49.685 utils.ts:137 unknown mouseleave事件触发 MouseEvent {isTrusted: true, screenX: 1052, screenY: 626, clientX: 1048, clientY: 546, …}
11:11:49.685 utils.ts:137 unknown mouseleave事件触发 MouseEvent {isTrusted: true, screenX: 1052, screenY: 626, clientX: 1048, clientY: 546, …}
11:11:49.685 utils.ts:137 unknown mouseleave事件触发 MouseEvent {isTrusted: true, screenX: 1052, screenY: 626, clientX: 1048, clientY: 546, …}
11:11:49.685 utils.ts:137 unknown mouseleave事件触发 MouseEvent {isTrusted: true, screenX: 1052, screenY: 626, clientX: 1048, clientY: 546, …}
11:11:49.685 utils.ts:137 unknown mouseleave事件触发 MouseEvent {isTrusted: true, screenX: 1052, screenY: 626, clientX: 1048, clientY: 546, …}
11:11:49.685 utils.ts:137 unknown mouseleave事件触发 MouseEvent {isTrusted: true, screenX: 1052, screenY: 626, clientX: 1048, clientY: 546, …}
11:11:49.687 utils.ts:137 unknown mouseout事件触发 MouseEvent {isTrusted: true, screenX: 1061, screenY: 626, clientX: 1057, clientY: 546, …}
11:11:49.687 utils.ts:137 unknown mouseleave事件触发 MouseEvent {isTrusted: true, screenX: 1061, screenY: 626, clientX: 1057, clientY: 546, …}
11:11:49.687 utils.ts:137 unknown mouseleave事件触发 MouseEvent {isTrusted: true, screenX: 1061, screenY: 626, clientX: 1057, clientY: 546, …}
11:11:51.464 utils.ts:137 unknown blur事件触发 Event {isTrusted: true, type: 'blur', target: Window, currentTarget: Window, eventPhase: 2, …}
11:11:53.870 utils.ts:137 unknown mouseout事件触发 MouseEvent {isTrusted: true, screenX: 1058, screenY: 646, clientX: 1054, clientY: 566, …}
11:11:53.870 utils.ts:137 unknown mouseleave事件触发 MouseEvent {isTrusted: true, screenX: 1058, screenY: 646, clientX: 1054, clientY: 566, …}
11:11:53.870 utils.ts:137 unknown mouseleave事件触发 MouseEvent {isTrusted: true, screenX: 1058, screenY: 646, clientX: 1054, clientY: 566, …}
11:11:53.873 utils.ts:137 unknown mouseout事件触发 MouseEvent {isTrusted: true, screenX: 1050, screenY: 646, clientX: 1046, clientY: 566, …}
11:11:54.222 utils.ts:137 unknown mouseout事件触发 MouseEvent {isTrusted: true, screenX: 882, screenY: 633, clientX: 878, clientY: 553, …}
11:11:54.222 utils.ts:137 unknown mouseleave事件触发 MouseEvent {isTrusted: true, screenX: 882, screenY: 633, clientX: 878, clientY: 553, …}
11:11:54.504 utils.ts:137 unknown mouseout事件触发 MouseEvent {isTrusted: true, screenX: 767, screenY: 654, clientX: 763, clientY: 574, …}
11:11:54.504 utils.ts:137 unknown mouseleave事件触发 MouseEvent {isTrusted: true, screenX: 767, screenY: 654, clientX: 763, clientY: 574, …}
11:11:54.524 utils.ts:137 unknown mouseout事件触发 MouseEvent {isTrusted: true, screenX: 760, screenY: 655, clientX: 756, clientY: 575, …}
11:11:54.524 utils.ts:137 unknown mouseleave事件触发 MouseEvent {isTrusted: true, screenX: 760, screenY: 655, clientX: 756, clientY: 575, …}
11:11:54.615 utils.ts:137 unknown mouseout事件触发 MouseEvent {isTrusted: true, screenX: 751, screenY: 666, clientX: 747, clientY: 586, …}
11:11:55.376 utils.ts:137 unknown focus事件触发 Event {isTrusted: true, type: 'focus', target: Window, currentTarget: Window, eventPhase: 2, …}
11:11:55.396 log.ts:179 [debug 11:11:55 ] [视频事件] Video paused, attempting to resume...
11:11:55.404 log.ts:179 [debug 11:11:55 ] 拦截到HTTP请求: /learn/app/clientapi/course/bigdata/courseLearnTime.do?os=99&sid=DDFFB4A8903046B2B2A2C20195472FFA
11:11:55.408 utils.ts:137 unknown seeking事件触发 Event {isTrusted: true, type: 'seeking', target: video#course-video_html5_api.vjs-tech, currentTarget: video#course-video_html5_api.vjs-tech, eventPhase: 2, …}
11:11:55.409 utils.ts:137 unknown seeking事件触发 Event {isTrusted: true, type: 'seeking', target: video#course-video_html5_api.vjs-tech, currentTarget: video#course-video_html5_api.vjs-tech, eventPhase: 2, …}
11:11:55.460 log.ts:179 [debug 11:11:55 ] 拦截到HTTP请求: https://zsglcdn.lzlj.com/learn/app/filehub/0001/formal/course/transCode/2024/02/26/64E2A5EF14734EC2944F695BAF52F225/1708931262768_s_165.ts
11:11:55.477 utils.ts:137 unknown mouseout事件触发 MouseEvent {isTrusted: true, screenX: 749, screenY: 667, clientX: 745, clientY: 587, …}
11:11:55.614 utils.ts:137 unknown mouseout事件触发 MouseEvent {isTrusted: true, screenX: 763, screenY: 669, clientX: 759, clientY: 589, …}
11:11:55.615 utils.ts:137 unknown mouseleave事件触发 MouseEvent {isTrusted: true, screenX: 763, screenY: 669, clientX: 759, clientY: 589, …}
11:11:55.615 utils.ts:137 unknown mouseleave事件触发 MouseEvent {isTrusted: true, screenX: 763, screenY: 669, clientX: 759, clientY: 589, …}
11:11:55.617 utils.ts:137 unknown mouseout事件触发 MouseEvent {isTrusted: true, screenX: 766, screenY: 670, clientX: 762, clientY: 590, …}
11:11:55.617 utils.ts:137 unknown mouseleave事件触发 MouseEvent {isTrusted: true, screenX: 766, screenY: 670, clientX: 762, clientY: 590, …}
11:11:55.629 utils.ts:137 unknown mouseout事件触发 MouseEvent {isTrusted: true, screenX: 777, screenY: 671, clientX: 773, clientY: 591, …}
11:11:55.631 utils.ts:137 unknown mouseout事件触发 MouseEvent {isTrusted: true, screenX: 780, screenY: 671, clientX: 776, clientY: 591, …}
11:11:55.631 utils.ts:137 unknown mouseleave事件触发 MouseEvent {isTrusted: true, screenX: 780, screenY: 671, clientX: 776, clientY: 591, …}
11:11:55.646 utils.ts:137 unknown mouseout事件触发 MouseEvent {isTrusted: true, screenX: 801, screenY: 672, clientX: 797, clientY: 592, …}
11:11:55.646 utils.ts:137 unknown mouseleave事件触发 MouseEvent {isTrusted: true, screenX: 801, screenY: 672, clientX: 797, clientY: 592, …}
11:11:55.652 utils.ts:137 unknown mouseout事件触发 MouseEvent {isTrusted: true, screenX: 809, screenY: 672, clientX: 805, clientY: 592, …}
11:11:55.653 utils.ts:137 unknown mouseleave事件触发 MouseEvent {isTrusted: true, screenX: 809, screenY: 672, clientX: 805, clientY: 592, …}
11:11:55.680 utils.ts:137 unknown mouseout事件触发 MouseEvent {isTrusted: true, screenX: 849, screenY: 671, clientX: 845, clientY: 591, …}
11:11:55.680 utils.ts:137 unknown mouseleave事件触发 MouseEvent {isTrusted: true, screenX: 849, screenY: 671, clientX: 845, clientY: 591, …}
11:11:55.680 utils.ts:137 unknown mouseleave事件触发 MouseEvent {isTrusted: true, screenX: 849, screenY: 671, clientX: 845, clientY: 591, …}
11:11:55.717 utils.ts:137 unknown mouseout事件触发 MouseEvent {isTrusted: true, screenX: 890, screenY: 664, clientX: 886, clientY: 584, …}
11:11:55.717 utils.ts:137 unknown mouseleave事件触发 MouseEvent {isTrusted: true, screenX: 890, screenY: 664, clientX: 886, clientY: 584, …}
11:11:55.717 utils.ts:137 unknown mouseleave事件触发 MouseEvent {isTrusted: true, screenX: 890, screenY: 664, clientX: 886, clientY: 584, …}
11:11:55.717 utils.ts:137 unknown mouseleave事件触发 MouseEvent {isTrusted: true, screenX: 890, screenY: 664, clientX: 886, clientY: 584, …}
11:11:55.718 utils.ts:137 unknown mouseleave事件触发 MouseEvent {isTrusted: true, screenX: 890, screenY: 664, clientX: 886, clientY: 584, …}
11:11:55.718 utils.ts:137 unknown mouseleave事件触发 MouseEvent {isTrusted: true, screenX: 890, screenY: 664, clientX: 886, clientY: 584, …}
11:11:56.227 utils.ts:137 unknown mouseout事件触发 MouseEvent {isTrusted: true, screenX: 1051, screenY: 615, clientX: 1047, clientY: 535, …}
11:11:56.227 utils.ts:137 unknown mouseleave事件触发 MouseEvent {isTrusted: true, screenX: 1051, screenY: 615, clientX: 1047, clientY: 535, …}
11:11:56.227 utils.ts:137 unknown mouseleave事件触发 MouseEvent {isTrusted: true, screenX: 1051, screenY: 615, clientX: 1047, clientY: 535, …}
11:11:56.227 utils.ts:137 unknown mouseleave事件触发 MouseEvent {isTrusted: true, screenX: 1051, screenY: 615, clientX: 1047, clientY: 535, …}
11:11:56.227 utils.ts:137 unknown mouseleave事件触发 MouseEvent {isTrusted: true, screenX: 1051, screenY: 615, clientX: 1047, clientY: 535, …}
11:11:56.227 utils.ts:137 unknown mouseleave事件触发 MouseEvent {isTrusted: true, screenX: 1051, screenY: 615, clientX: 1047, clientY: 535, …}
11:11:56.227 utils.ts:137 unknown mouseleave事件触发 MouseEvent {isTrusted: true, screenX: 1051, screenY: 615, clientX: 1047, clientY: 535, …}
11:11:56.227 utils.ts:137 unknown mouseleave事件触发 MouseEvent {isTrusted: true, screenX: 1051, screenY: 615, clientX: 1047, clientY: 535, …}
11:11:56.227 utils.ts:137 unknown mouseleave事件触发 MouseEvent {isTrusted: true, screenX: 1051, screenY: 615, clientX: 1047, clientY: 535, …}
11:11:56.227 utils.ts:137 unknown mouseleave事件触发 MouseEvent {isTrusted: true, screenX: 1051, screenY: 615, clientX: 1047, clientY: 535, …}
11:11:56.227 utils.ts:137 unknown mouseleave事件触发 MouseEvent {isTrusted: true, screenX: 1051, screenY: 615, clientX: 1047, clientY: 535, …}
11:11:56.228 utils.ts:137 unknown mouseleave事件触发 MouseEvent {isTrusted: true, screenX: 1051, screenY: 615, clientX: 1047, clientY: 535, …}
11:11:56.228 utils.ts:137 unknown mouseleave事件触发 MouseEvent {isTrusted: true, screenX: 1051, screenY: 615, clientX: 1047, clientY: 535, …}
11:11:56.228 utils.ts:137 unknown mouseleave事件触发 MouseEvent {isTrusted: true, screenX: 1051, screenY: 615, clientX: 1047, clientY: 535, …}
11:11:56.228 utils.ts:137 unknown mouseleave事件触发 MouseEvent {isTrusted: true, screenX: 1051, screenY: 615, clientX: 1047, clientY: 535, …}
11:11:56.254 utils.ts:137 unknown mouseout事件触发 MouseEvent {isTrusted: true, screenX: 1061, screenY: 609, clientX: 1057, clientY: 529, …}
11:11:56.254 utils.ts:137 unknown mouseleave事件触发 MouseEvent {isTrusted: true, screenX: 1061, screenY: 609, clientX: 1057, clientY: 529, …}
11:11:56.254 utils.ts:137 unknown mouseleave事件触发 MouseEvent {isTrusted: true, screenX: 1061, screenY: 609, clientX: 1057, clientY: 529, …}
11:11:56.402 log.ts:179 [debug 11:11:56 ] 拦截到HTTP请求: /learn/app/clientapi/course/progress/reportLearnProgress.do?os=99&sid=DDFFB4A8903046B2B2A2C20195472FFA
11:11:56.632 8222.6209a852.chunk.js:1 report success
11:11:57.171 log.ts:179 [debug 11:11:57 ] 拦截到HTTP请求: https://zsglcdn.lzlj.com/learn/app/filehub/0001/formal/course/transCode/2024/02/26/64E2A5EF14734EC2944F695BAF52F225/1708931262768_s_166.ts
11:11:57.487 utils.ts:137 unknown seeked事件触发 Event {isTrusted: true, type: 'seeked', target: video#course-video_html5_api.vjs-tech, currentTarget: video#course-video_html5_api.vjs-tech, eventPhase: 2, …}
11:12:00.353 utils.ts:137 unknown mouseout事件触发 MouseEvent {isTrusted: true, screenX: 1049, screenY: 594, clientX: 1045, clientY: 514, …}
11:12:00.353 utils.ts:137 unknown mouseleave事件触发 MouseEvent {isTrusted: true, screenX: 1049, screenY: 594, clientX: 1045, clientY: 514, …}
11:12:00.354 utils.ts:137 unknown mouseleave事件触发 MouseEvent {isTrusted: true, screenX: 1049, screenY: 594, clientX: 1045, clientY: 514, …}
11:12:00.380 utils.ts:137 unknown mouseout事件触发 MouseEvent {isTrusted: true, screenX: 886, screenY: 592, clientX: 882, clientY: 512, …}
11:12:00.380 utils.ts:137 unknown mouseleave事件触发 MouseEvent {isTrusted: true, screenX: 886, screenY: 592, clientX: 882, clientY: 512, …}
11:12:00.800 utils.ts:137 unknown mouseout事件触发 MouseEvent {isTrusted: true, screenX: 101, screenY: 654, clientX: 97, clientY: 574, …}
11:12:00.801 utils.ts:137 unknown mouseleave事件触发 MouseEvent {isTrusted: true, screenX: 101, screenY: 654, clientX: 97, clientY: 574, …}
11:12:00.949 utils.ts:137 unknown mouseout事件触发 MouseEvent {isTrusted: true, screenX: 63, screenY: 667, clientX: 59, clientY: 587, …}
11:12:00.949 utils.ts:137 unknown mouseleave事件触发 MouseEvent {isTrusted: true, screenX: 63, screenY: 667, clientX: 59, clientY: 587, …}
11:12:00.950 utils.ts:137 unknown mouseleave事件触发 MouseEvent {isTrusted: true, screenX: 63, screenY: 667, clientX: 59, clientY: 587, …}
11:12:00.950 utils.ts:137 unknown mouseleave事件触发 MouseEvent {isTrusted: true, screenX: 63, screenY: 667, clientX: 59, clientY: 587, …}
11:12:01.564 utils.ts:137 unknown focus事件触发 FocusEvent {isTrusted: true, relatedTarget: null, view: Window, detail: 0, sourceCapabilities: InputDeviceCapabilities, …}
11:12:01.565 utils.ts:137 unknown focusin事件触发 FocusEvent {isTrusted: true, relatedTarget: null, view: Window, detail: 0, sourceCapabilities: InputDeviceCapabilities, …}
11:12:01.656 log.ts:179 [debug 11:12:1 ] [视频事件] Video playing, applying settings...
11:12:01.658 log.ts:179 [debug 11:12:1 ] 拦截到HTTP请求: /learn/app/getGlobalTimestamp.do?os=99&sid=DDFFB4A8903046B2B2A2C20195472FFA
11:12:01.658 log.ts:179 [debug 11:12:1 ] 拦截到HTTP请求: /learn/app/clientapi/course/play/queryStatus.do?courseWareId=1708931262768&courseId=N003284&bizType=0&bizId=&sid=DDFFB4A8903046B2B2A2C20195472FFA&os=99
11:12:01.757 log.ts:179 [debug 11:12:1 ] [播放速率] 设置播放速率为 1x
11:12:01.757 log.ts:179 [debug 11:12:1 ] [静音设置] 设置静音状态为 true
11:12:01.822 utils.ts:137 unknown mouseout事件触发 MouseEvent {isTrusted: true, screenX: 64, screenY: 661, clientX: 60, clientY: 581, …}
11:12:01.822 utils.ts:137 unknown mouseleave事件触发 MouseEvent {isTrusted: true, screenX: 64, screenY: 661, clientX: 60, clientY: 581, …}
11:12:01.822 utils.ts:137 unknown mouseleave事件触发 MouseEvent {isTrusted: true, screenX: 64, screenY: 661, clientX: 60, clientY: 581, …}
11:12:01.852 utils.ts:137 unknown mouseout事件触发 MouseEvent {isTrusted: true, screenX: 95, screenY: 653, clientX: 91, clientY: 573, …}
11:12:01.853 utils.ts:137 unknown mouseleave事件触发 MouseEvent {isTrusted: true, screenX: 95, screenY: 653, clientX: 91, clientY: 573, …}
11:12:01.853 utils.ts:137 unknown mouseleave事件触发 MouseEvent {isTrusted: true, screenX: 95, screenY: 653, clientX: 91, clientY: 573, …}
11:12:01.853 utils.ts:137 unknown mouseleave事件触发 MouseEvent {isTrusted: true, screenX: 95, screenY: 653, clientX: 91, clientY: 573, …}
11:12:01.853 utils.ts:137 unknown mouseleave事件触发 MouseEvent {isTrusted: true, screenX: 95, screenY: 653, clientX: 91, clientY: 573, …}
11:12:01.875 utils.ts:137 unknown seeking事件触发 Event {isTrusted: true, type: 'seeking', target: video#course-video_html5_api.vjs-tech, currentTarget: video#course-video_html5_api.vjs-tech, eventPhase: 2, …}
11:12:01.887 log.ts:179 [debug 11:12:1 ] 拦截到HTTP请求: /learn/app/clientapi/course/bigdata/courseLearnTime.do?os=99&sid=DDFFB4A8903046B2B2A2C20195472FFA
11:12:02.172 utils.ts:137 unknown mouseout事件触发 MouseEvent {isTrusted: true, screenX: 891, screenY: 554, clientX: 887, clientY: 474, …}
11:12:02.172 utils.ts:137 unknown mouseleave事件触发 MouseEvent {isTrusted: true, screenX: 891, screenY: 554, clientX: 887, clientY: 474, …}
11:12:02.172 utils.ts:137 unknown mouseleave事件触发 MouseEvent {isTrusted: true, screenX: 891, screenY: 554, clientX: 887, clientY: 474, …}
11:12:02.172 utils.ts:137 unknown mouseleave事件触发 MouseEvent {isTrusted: true, screenX: 891, screenY: 554, clientX: 887, clientY: 474, …}
11:12:02.196 utils.ts:137 unknown seeked事件触发 Event {isTrusted: true, type: 'seeked', target: video#course-video_html5_api.vjs-tech, currentTarget: video#course-video_html5_api.vjs-tech, eventPhase: 2, …}
11:12:02.217 utils.ts:137 unknown mouseout事件触发 MouseEvent {isTrusted: true, screenX: 1052, screenY: 555, clientX: 1048, clientY: 475, …}
11:12:02.217 utils.ts:137 unknown mouseleave事件触发 MouseEvent {isTrusted: true, screenX: 1052, screenY: 555, clientX: 1048, clientY: 475, …}
11:12:02.217 utils.ts:137 unknown mouseleave事件触发 MouseEvent {isTrusted: true, screenX: 1052, screenY: 555, clientX: 1048, clientY: 475, …}
11:12:02.217 utils.ts:137 unknown mouseleave事件触发 MouseEvent {isTrusted: true, screenX: 1052, screenY: 555, clientX: 1048, clientY: 475, …}
11:12:02.217 utils.ts:137 unknown mouseleave事件触发 MouseEvent {isTrusted: true, screenX: 1052, screenY: 555, clientX: 1048, clientY: 475, …}
11:12:02.217 utils.ts:137 unknown mouseleave事件触发 MouseEvent {isTrusted: true, screenX: 1052, screenY: 555, clientX: 1048, clientY: 475, …}
11:12:02.217 utils.ts:137 unknown mouseleave事件触发 MouseEvent {isTrusted: true, screenX: 1052, screenY: 555, clientX: 1048, clientY: 475, …}
11:12:02.217 utils.ts:137 unknown mouseleave事件触发 MouseEvent {isTrusted: true, screenX: 1052, screenY: 555, clientX: 1048, clientY: 475, …}
11:12:02.217 utils.ts:137 unknown mouseleave事件触发 MouseEvent {isTrusted: true, screenX: 1052, screenY: 555, clientX: 1048, clientY: 475, …}
11:12:02.217 utils.ts:137 unknown mouseleave事件触发 MouseEvent {isTrusted: true, screenX: 1052, screenY: 555, clientX: 1048, clientY: 475, …}
11:12:02.217 utils.ts:137 unknown mouseleave事件触发 MouseEvent {isTrusted: true, screenX: 1052, screenY: 555, clientX: 1048, clientY: 475, …}
11:12:02.217 utils.ts:137 unknown mouseleave事件触发 MouseEvent {isTrusted: true, screenX: 1052, screenY: 555, clientX: 1048, clientY: 475, …}
11:12:02.217 utils.ts:137 unknown mouseleave事件触发 MouseEvent {isTrusted: true, screenX: 1052, screenY: 555, clientX: 1048, clientY: 475, …}
11:12:02.217 utils.ts:137 unknown mouseleave事件触发 MouseEvent {isTrusted: true, screenX: 1052, screenY: 555, clientX: 1048, clientY: 475, …}
11:12:02.217 utils.ts:137 unknown mouseleave事件触发 MouseEvent {isTrusted: true, screenX: 1052, screenY: 555, clientX: 1048, clientY: 475, …}
11:12:02.220 utils.ts:137 unknown mouseout事件触发 MouseEvent {isTrusted: true, screenX: 1063, screenY: 556, clientX: 1059, clientY: 476, …}
11:12:02.220 utils.ts:137 unknown mouseleave事件触发 MouseEvent {isTrusted: true, screenX: 1063, screenY: 556, clientX: 1059, clientY: 476, …}
11:12:02.220 utils.ts:137 unknown mouseleave事件触发 MouseEvent {isTrusted: true, screenX: 1063, screenY: 556, clientX: 1059, clientY: 476, …}
11:12:03.289 utils.ts:137 unknown mouseout事件触发 MouseEvent {isTrusted: true, screenX: 1048, screenY: 576, clientX: 1044, clientY: 496, …}
11:12:03.345 utils.ts:137 unknown mouseout事件触发 MouseEvent {isTrusted: true, screenX: 888, screenY: 558, clientX: 884, clientY: 478, …}
11:12:03.345 utils.ts:137 unknown mouseleave事件触发 MouseEvent {isTrusted: true, screenX: 888, screenY: 558, clientX: 884, clientY: 478, …}
11:12:04.064 utils.ts:137 unknown mouseout事件触发 MouseEvent {isTrusted: true, screenX: 894, screenY: 418, clientX: 890, clientY: 338, …}
11:12:04.064 utils.ts:137 unknown mouseleave事件触发 MouseEvent {isTrusted: true, screenX: 894, screenY: 418, clientX: 890, clientY: 338, …}
11:12:04.064 utils.ts:137 unknown mouseleave事件触发 MouseEvent {isTrusted: true, screenX: 894, screenY: 418, clientX: 890, clientY: 338, …}
11:12:04.065 utils.ts:137 unknown mouseleave事件触发 MouseEvent {isTrusted: true, screenX: 894, screenY: 418, clientX: 890, clientY: 338, …}
11:12:04.079 utils.ts:137 unknown mouseout事件触发 MouseEvent {isTrusted: true, screenX: 981, screenY: 395, clientX: 977, clientY: 315, …}
11:12:04.093 utils.ts:137 unknown mouseout事件触发 MouseEvent {isTrusted: true, screenX: 1088, screenY: 369, clientX: 1084, clientY: 289, …}
11:12:04.093 utils.ts:137 unknown mouseleave事件触发 MouseEvent {isTrusted: true, screenX: 1088, screenY: 369, clientX: 1084, clientY: 289, …}
11:12:04.093 utils.ts:137 unknown mouseleave事件触发 MouseEvent {isTrusted: true, screenX: 1088, screenY: 369, clientX: 1084, clientY: 289, …}
11:12:04.093 utils.ts:137 unknown mouseleave事件触发 MouseEvent {isTrusted: true, screenX: 1088, screenY: 369, clientX: 1084, clientY: 289, …}
11:12:04.094 utils.ts:137 unknown mouseleave事件触发 MouseEvent {isTrusted: true, screenX: 1088, screenY: 369, clientX: 1084, clientY: 289, …}
11:12:04.094 utils.ts:137 unknown mouseleave事件触发 MouseEvent {isTrusted: true, screenX: 1088, screenY: 369, clientX: 1084, clientY: 289, …}
11:12:04.094 utils.ts:137 unknown mouseleave事件触发 MouseEvent {isTrusted: true, screenX: 1088, screenY: 369, clientX: 1084, clientY: 289, …}
11:12:04.094 utils.ts:137 unknown mouseleave事件触发 MouseEvent {isTrusted: true, screenX: 1088, screenY: 369, clientX: 1084, clientY: 289, …}
11:12:04.094 utils.ts:137 unknown mouseleave事件触发 MouseEvent {isTrusted: true, screenX: 1088, screenY: 369, clientX: 1084, clientY: 289, …}
11:12:04.094 utils.ts:137 unknown mouseleave事件触发 MouseEvent {isTrusted: true, screenX: 1088, screenY: 369, clientX: 1084, clientY: 289, …}
11:12:04.094 utils.ts:137 unknown mouseleave事件触发 MouseEvent {isTrusted: true, screenX: 1088, screenY: 369, clientX: 1084, clientY: 289, …}
11:12:04.094 utils.ts:137 unknown mouseleave事件触发 MouseEvent {isTrusted: true, screenX: 1088, screenY: 369, clientX: 1084, clientY: 289, …}
11:12:04.095 utils.ts:137 unknown mouseleave事件触发 MouseEvent {isTrusted: true, screenX: 1088, screenY: 369, clientX: 1084, clientY: 289, …}
11:12:04.095 utils.ts:137 unknown mouseleave事件触发 MouseEvent {isTrusted: true, screenX: 1088, screenY: 369, clientX: 1084, clientY: 289, …}
11:12:04.095 utils.ts:137 unknown mouseleave事件触发 MouseEvent {isTrusted: true, screenX: 1088, screenY: 369, clientX: 1084, clientY: 289, …}
11:12:04.095 utils.ts:137 unknown mouseleave事件触发 MouseEvent {isTrusted: true, screenX: 1088, screenY: 369, clientX: 1084, clientY: 289, …}
11:12:04.095 utils.ts:137 unknown mouseleave事件触发 MouseEvent {isTrusted: true, screenX: 1088, screenY: 369, clientX: 1084, clientY: 289, …}
11:12:04.095 utils.ts:137 unknown mouseleave事件触发 MouseEvent {isTrusted: true, screenX: 1088, screenY: 369, clientX: 1084, clientY: 289, …}
11:12:04.095 utils.ts:137 unknown mouseleave事件触发 MouseEvent {isTrusted: true, screenX: 1088, screenY: 369, clientX: 1084, clientY: 289, …}
11:12:04.095 utils.ts:137 unknown mouseleave事件触发 MouseEvent {isTrusted: true, screenX: 1088, screenY: 369, clientX: 1084, clientY: 289, …}
11:12:04.096 utils.ts:137 unknown mouseleave事件触发 MouseEvent {isTrusted: true, screenX: 1088, screenY: 369, clientX: 1084, clientY: 289, …}
11:12:04.517 log.ts:179 [debug 11:12:4 ] 拦截到HTTP请求: /learn/app/clientapi/course/progress/reportLearnProgress.do?os=99&sid=DDFFB4A8903046B2B2A2C20195472FFA
11:12:04.739 8222.6209a852.chunk.js:1 report success
11:12:05.049 utils.ts:137 unknown mouseout事件触发 MouseEvent {isTrusted: true, screenX: 1050, screenY: 309, clientX: 1046, clientY: 229, …}
11:12:05.052 utils.ts:137 unknown mouseout事件触发 MouseEvent {isTrusted: true, screenX: 1037, screenY: 315, clientX: 1033, clientY: 235, …}
11:12:05.052 utils.ts:137 unknown mouseleave事件触发 MouseEvent {isTrusted: true, screenX: 1037, screenY: 315, clientX: 1033, clientY: 235, …}
11:12:05.052 utils.ts:137 unknown mouseleave事件触发 MouseEvent {isTrusted: true, screenX: 1037, screenY: 315, clientX: 1033, clientY: 235, …}
11:12:05.052 utils.ts:137 unknown mouseleave事件触发 MouseEvent {isTrusted: true, screenX: 1037, screenY: 315, clientX: 1033, clientY: 235, …}
11:12:05.052 utils.ts:137 unknown mouseleave事件触发 MouseEvent {isTrusted: true, screenX: 1037, screenY: 315, clientX: 1033, clientY: 235, …}
11:12:05.060 utils.ts:137 unknown mouseout事件触发 MouseEvent {isTrusted: true, screenX: 1000, screenY: 332, clientX: 996, clientY: 252, …}
11:12:05.069 utils.ts:137 unknown mouseout事件触发 MouseEvent {isTrusted: true, screenX: 959, screenY: 354, clientX: 955, clientY: 274, …}
11:12:05.069 utils.ts:137 unknown mouseleave事件触发 MouseEvent {isTrusted: true, screenX: 959, screenY: 354, clientX: 955, clientY: 274, …}
11:12:05.069 utils.ts:137 unknown mouseleave事件触发 MouseEvent {isTrusted: true, screenX: 959, screenY: 354, clientX: 955, clientY: 274, …}
11:12:05.070 utils.ts:137 unknown mouseout事件触发 MouseEvent {isTrusted: true, screenX: 955, screenY: 355, clientX: 951, clientY: 275, …}
11:12:05.070 utils.ts:137 unknown mouseleave事件触发 MouseEvent {isTrusted: true, screenX: 955, screenY: 355, clientX: 951, clientY: 275, …}
11:12:05.070 utils.ts:137 unknown mouseleave事件触发 MouseEvent {isTrusted: true, screenX: 955, screenY: 355, clientX: 951, clientY: 275, …}
11:12:05.080 utils.ts:137 unknown mouseout事件触发 MouseEvent {isTrusted: true, screenX: 914, screenY: 375, clientX: 910, clientY: 295, …}
11:12:05.081 utils.ts:137 unknown mouseout事件触发 MouseEvent {isTrusted: true, screenX: 902, screenY: 381, clientX: 898, clientY: 301, …}
11:12:05.081 utils.ts:137 unknown mouseleave事件触发 MouseEvent {isTrusted: true, screenX: 902, screenY: 381, clientX: 898, clientY: 301, …}
11:12:05.081 utils.ts:137 unknown mouseleave事件触发 MouseEvent {isTrusted: true, screenX: 902, screenY: 381, clientX: 898, clientY: 301, …}
11:12:05.081 utils.ts:137 unknown mouseleave事件触发 MouseEvent {isTrusted: true, screenX: 902, screenY: 381, clientX: 898, clientY: 301, …}
11:12:05.085 utils.ts:137 unknown mouseout事件触发 MouseEvent {isTrusted: true, screenX: 888, screenY: 387, clientX: 884, clientY: 307, …}
11:12:05.085 utils.ts:137 unknown mouseleave事件触发 MouseEvent {isTrusted: true, screenX: 888, screenY: 387, clientX: 884, clientY: 307, …}
11:12:05.262 utils.ts:137 unknown mouseout事件触发 MouseEvent {isTrusted: true, screenX: 260, screenY: 654, clientX: 256, clientY: 574, …}
11:12:05.262 utils.ts:137 unknown mouseleave事件触发 MouseEvent {isTrusted: true, screenX: 260, screenY: 654, clientX: 256, clientY: 574, …}
11:12:05.420 utils.ts:137 unknown mouseout事件触发 MouseEvent {isTrusted: true, screenX: 163, screenY: 656, clientX: 159, clientY: 576, …}
11:12:05.420 utils.ts:137 unknown mouseleave事件触发 MouseEvent {isTrusted: true, screenX: 163, screenY: 656, clientX: 159, clientY: 576, …}
11:12:05.422 utils.ts:137 unknown mouseout事件触发 MouseEvent {isTrusted: true, screenX: 163, screenY: 656, clientX: 159, clientY: 576, …}
11:12:05.422 utils.ts:137 unknown mouseleave事件触发 MouseEvent {isTrusted: true, screenX: 163, screenY: 656, clientX: 159, clientY: 576, …}
11:12:05.426 utils.ts:137 unknown mouseout事件触发 MouseEvent {isTrusted: true, screenX: 156, screenY: 657, clientX: 152, clientY: 577, …}
11:12:05.426 utils.ts:137 unknown mouseleave事件触发 MouseEvent {isTrusted: true, screenX: 156, screenY: 657, clientX: 152, clientY: 577, …}
11:12:05.428 utils.ts:137 unknown mouseout事件触发 MouseEvent {isTrusted: true, screenX: 153, screenY: 657, clientX: 149, clientY: 577, …}
11:12:05.428 utils.ts:137 unknown mouseleave事件触发 MouseEvent {isTrusted: true, screenX: 153, screenY: 657, clientX: 149, clientY: 577, …}
11:12:05.429 utils.ts:137 unknown mouseout事件触发 MouseEvent {isTrusted: true, screenX: 152, screenY: 657, clientX: 148, clientY: 577, …}
11:12:05.429 utils.ts:137 unknown mouseleave事件触发 MouseEvent {isTrusted: true, screenX: 152, screenY: 657, clientX: 148, clientY: 577, …}
11:12:05.464 utils.ts:137 unknown mouseout事件触发 MouseEvent {isTrusted: true, screenX: 101, screenY: 664, clientX: 97, clientY: 584, …}
11:12:05.464 utils.ts:137 unknown mouseleave事件触发 MouseEvent {isTrusted: true, screenX: 101, screenY: 664, clientX: 97, clientY: 584, …}
11:12:05.497 utils.ts:137 unknown mouseout事件触发 MouseEvent {isTrusted: true, screenX: 63, screenY: 669, clientX: 59, clientY: 589, …}
11:12:05.497 utils.ts:137 unknown mouseleave事件触发 MouseEvent {isTrusted: true, screenX: 63, screenY: 669, clientX: 59, clientY: 589, …}
11:12:05.497 utils.ts:137 unknown mouseleave事件触发 MouseEvent {isTrusted: true, screenX: 63, screenY: 669, clientX: 59, clientY: 589, …}
11:12:05.497 utils.ts:137 unknown mouseleave事件触发 MouseEvent {isTrusted: true, screenX: 63, screenY: 669, clientX: 59, clientY: 589, …}
11:12:05.834 log.ts:179 [debug 11:12:5 ] [视频事件] Video paused, attempting to resume...
11:12:05.836 log.ts:179 [debug 11:12:5 ] 拦截到HTTP请求: /learn/app/clientapi/course/bigdata/courseLearnTime.do?os=99&sid=DDFFB4A8903046B2B2A2C20195472FFA
11:12:05.966 utils.ts:137 unknown mouseout事件触发 MouseEvent {isTrusted: true, screenX: 65, screenY: 666, clientX: 61, clientY: 586, …}
11:12:05.967 utils.ts:137 unknown mouseleave事件触发 MouseEvent {isTrusted: true, screenX: 65, screenY: 666, clientX: 61, clientY: 586, …}
11:12:05.967 utils.ts:137 unknown mouseleave事件触发 MouseEvent {isTrusted: true, screenX: 65, screenY: 666, clientX: 61, clientY: 586, …}
11:12:05.991 utils.ts:137 unknown mouseout事件触发 MouseEvent {isTrusted: true, screenX: 112, screenY: 653, clientX: 108, clientY: 573, …}
11:12:05.991 utils.ts:137 unknown mouseleave事件触发 MouseEvent {isTrusted: true, screenX: 112, screenY: 653, clientX: 108, clientY: 573, …}
11:12:05.991 utils.ts:137 unknown mouseleave事件触发 MouseEvent {isTrusted: true, screenX: 112, screenY: 653, clientX: 108, clientY: 573, …}
11:12:05.991 utils.ts:137 unknown mouseleave事件触发 MouseEvent {isTrusted: true, screenX: 112, screenY: 653, clientX: 108, clientY: 573, …}
11:12:05.991 utils.ts:137 unknown mouseleave事件触发 MouseEvent {isTrusted: true, screenX: 112, screenY: 653, clientX: 108, clientY: 573, …}
11:12:06.109 utils.ts:137 unknown mouseout事件触发 MouseEvent {isTrusted: true, screenX: 897, screenY: 509, clientX: 893, clientY: 429, …}
11:12:06.110 utils.ts:137 unknown mouseleave事件触发 MouseEvent {isTrusted: true, screenX: 897, screenY: 509, clientX: 893, clientY: 429, …}
11:12:06.110 utils.ts:137 unknown mouseleave事件触发 MouseEvent {isTrusted: true, screenX: 897, screenY: 509, clientX: 893, clientY: 429, …}
11:12:06.110 utils.ts:137 unknown mouseleave事件触发 MouseEvent {isTrusted: true, screenX: 897, screenY: 509, clientX: 893, clientY: 429, …}
11:12:06.128 utils.ts:137 unknown mouseout事件触发 MouseEvent {isTrusted: true, screenX: 1050, screenY: 480, clientX: 1046, clientY: 400, …}
11:12:06.128 utils.ts:137 unknown mouseout事件触发 MouseEvent {isTrusted: true, screenX: 1056, screenY: 480, clientX: 1052, clientY: 400, …}
11:12:06.128 utils.ts:137 unknown mouseleave事件触发 MouseEvent {isTrusted: true, screenX: 1056, screenY: 480, clientX: 1052, clientY: 400, …}
11:12:06.129 utils.ts:137 unknown mouseleave事件触发 MouseEvent {isTrusted: true, screenX: 1056, screenY: 480, clientX: 1052, clientY: 400, …}
11:12:06.129 utils.ts:137 unknown mouseleave事件触发 MouseEvent {isTrusted: true, screenX: 1056, screenY: 480, clientX: 1052, clientY: 400, …}
11:12:06.129 utils.ts:137 unknown mouseleave事件触发 MouseEvent {isTrusted: true, screenX: 1056, screenY: 480, clientX: 1052, clientY: 400, …}
11:12:06.129 utils.ts:137 unknown mouseleave事件触发 MouseEvent {isTrusted: true, screenX: 1056, screenY: 480, clientX: 1052, clientY: 400, …}
11:12:06.129 utils.ts:137 unknown mouseleave事件触发 MouseEvent {isTrusted: true, screenX: 1056, screenY: 480, clientX: 1052, clientY: 400, …}
11:12:06.129 utils.ts:137 unknown mouseleave事件触发 MouseEvent {isTrusted: true, screenX: 1056, screenY: 480, clientX: 1052, clientY: 400, …}
11:12:06.129 utils.ts:137 unknown mouseleave事件触发 MouseEvent {isTrusted: true, screenX: 1056, screenY: 480, clientX: 1052, clientY: 400, …}
11:12:06.129 utils.ts:137 unknown mouseleave事件触发 MouseEvent {isTrusted: true, screenX: 1056, screenY: 480, clientX: 1052, clientY: 400, …}
11:12:06.129 utils.ts:137 unknown mouseleave事件触发 MouseEvent {isTrusted: true, screenX: 1056, screenY: 480, clientX: 1052, clientY: 400, …}
11:12:06.129 utils.ts:137 unknown mouseleave事件触发 MouseEvent {isTrusted: true, screenX: 1056, screenY: 480, clientX: 1052, clientY: 400, …}
11:12:06.129 utils.ts:137 unknown mouseleave事件触发 MouseEvent {isTrusted: true, screenX: 1056, screenY: 480, clientX: 1052, clientY: 400, …}
11:12:06.129 utils.ts:137 unknown mouseleave事件触发 MouseEvent {isTrusted: true, screenX: 1056, screenY: 480, clientX: 1052, clientY: 400, …}
11:12:06.129 utils.ts:137 unknown mouseleave事件触发 MouseEvent {isTrusted: true, screenX: 1056, screenY: 480, clientX: 1052, clientY: 400, …}
11:12:06.129 utils.ts:137 unknown mouseleave事件触发 MouseEvent {isTrusted: true, screenX: 1056, screenY: 480, clientX: 1052, clientY: 400, …}
11:12:06.129 utils.ts:137 unknown mouseleave事件触发 MouseEvent {isTrusted: true, screenX: 1056, screenY: 480, clientX: 1052, clientY: 400, …}
11:12:06.129 utils.ts:137 unknown mouseleave事件触发 MouseEvent {isTrusted: true, screenX: 1056, screenY: 480, clientX: 1052, clientY: 400, …}
11:12:06.129 utils.ts:137 unknown mouseleave事件触发 MouseEvent {isTrusted: true, screenX: 1056, screenY: 480, clientX: 1052, clientY: 400, …}
11:12:06.130 utils.ts:137 unknown mouseout事件触发 MouseEvent {isTrusted: true, screenX: 1069, screenY: 477, clientX: 1065, clientY: 397, …}
11:12:06.130 utils.ts:137 unknown mouseleave事件触发 MouseEvent {isTrusted: true, screenX: 1069, screenY: 477, clientX: 1065, clientY: 397, …}
11:12:06.130 utils.ts:137 unknown mouseleave事件触发 MouseEvent {isTrusted: true, screenX: 1069, screenY: 477, clientX: 1065, clientY: 397, …}
11:12:06.836 log.ts:179 [debug 11:12:6 ] 拦截到HTTP请求: /learn/app/clientapi/course/progress/reportLearnProgress.do?os=99&sid=DDFFB4A8903046B2B2A2C20195472FFA
11:12:06.939 utils.ts:137 unknown blur事件触发 FocusEvent {isTrusted: true, relatedTarget: null, view: Window, detail: 0, sourceCapabilities: null, …}
11:12:06.939 utils.ts:137 unknown focusout事件触发 FocusEvent {isTrusted: true, relatedTarget: null, view: Window, detail: 0, sourceCapabilities: null, …}
11:12:06.939 utils.ts:137 unknown blur事件触发 Event {isTrusted: true, type: 'blur', target: Window, currentTarget: Window, eventPhase: 2, …}
11:12:06.982 8222.6209a852.chunk.js:1 report success
11:12:08.133 utils.ts:137 unknown focus事件触发 Event {isTrusted: true, type: 'focus', target: Window, currentTarget: Window, eventPhase: 2, …}
11:12:08.134 utils.ts:137 unknown focus事件触发 FocusEvent {isTrusted: true, relatedTarget: null, view: Window, detail: 0, sourceCapabilities: null, …}
11:12:08.134 utils.ts:137 unknown focusin事件触发 FocusEvent {isTrusted: true, relatedTarget: null, view: Window, detail: 0, sourceCapabilities: null, …}
11:12:08.230 utils.ts:137 unknown blur事件触发 FocusEvent {isTrusted: true, relatedTarget: null, view: Window, detail: 0, sourceCapabilities: null, …}
11:12:08.230 utils.ts:137 unknown focusout事件触发 FocusEvent {isTrusted: true, relatedTarget: null, view: Window, detail: 0, sourceCapabilities: null, …}
11:12:08.230 utils.ts:137 unknown blur事件触发 Event {isTrusted: true, type: 'blur', target: Window, currentTarget: Window, eventPhase: 2, …}
11:12:09.402 start.ts:50 [每日积分] start: 收到消息 {type: 'cxconfig', key: 'zsgl_auto', value: 'true'}
11:12:09.402 dailyPointsPanel.ts:323 [每日积分] panel: 收到页面消息1 {type: 'cxconfig', key: 'zsgl_auto', value: 'true'}
11:12:10.261 log.ts:179 [debug 11:12:10 ] [自动恢复] 视频暂停，尝试恢复播放
11:12:10.261 log.ts:179 [debug 11:12:10 ] [点击播放] 找到播放按钮，点击播放 <button class=​"vjs-big-play-button" type=​"button" title=​"Play Video" aria-disabled=​"false">​…​</button>​
11:12:10.262 log.ts:179 [debug 11:12:10 ] [静音设置] 设置静音状态为 true
11:12:10.262 log.ts:179 [debug 11:12:10 ] [播放速率] 设置播放速率为 1x
11:12:10.263 log.ts:179 [debug 11:12:10 ] [视频事件] Video playing, applying settings...
11:12:10.266 log.ts:179 [debug 11:12:10 ] 拦截到HTTP请求: /learn/app/getGlobalTimestamp.do?os=99&sid=DDFFB4A8903046B2B2A2C20195472FFA
11:12:10.267 log.ts:179 [debug 11:12:10 ] 拦截到HTTP请求: /learn/app/clientapi/course/play/queryStatus.do?courseWareId=1708931262768&courseId=N003284&bizType=0&bizId=&sid=DDFFB4A8903046B2B2A2C20195472FFA&os=99
11:12:10.365 log.ts:179 [debug 11:12:10 ] [播放速率] 设置播放速率为 1x
11:12:10.365 log.ts:179 [debug 11:12:10 ] [静音设置] 设置静音状态为 true
11:12:10.485 utils.ts:137 unknown seeking事件触发 Event {isTrusted: true, type: 'seeking', target: video#course-video_html5_api.vjs-tech, currentTarget: video#course-video_html5_api.vjs-tech, eventPhase: 2, …}
11:12:10.506 log.ts:179 [debug 11:12:10 ] 拦截到HTTP请求: /learn/app/clientapi/course/bigdata/courseLearnTime.do?os=99&sid=DDFFB4A8903046B2B2A2C20195472FFA
11:12:10.512 utils.ts:137 unknown seeked事件触发 Event {isTrusted: true, type: 'seeked', target: video#course-video_html5_api.vjs-tech, currentTarget: video#course-video_html5_api.vjs-tech, eventPhase: 2, …}
11:12:10.554 utils.ts:137 unknown focus事件触发 Event {isTrusted: true, type: 'focus', target: Window, currentTarget: Window, eventPhase: 2, …}
11:12:10.554 utils.ts:137 unknown focus事件触发 FocusEvent {isTrusted: true, relatedTarget: null, view: Window, detail: 0, sourceCapabilities: null, …}
11:12:10.554 utils.ts:137 unknown focusin事件触发 FocusEvent {isTrusted: true, relatedTarget: null, view: Window, detail: 0, sourceCapabilities: null, …}
11:12:10.749 utils.ts:137 unknown mouseout事件触发 MouseEvent {isTrusted: true, screenX: 941, screenY: 144, clientX: 937, clientY: 64, …}
11:12:10.749 utils.ts:137 unknown mouseleave事件触发 MouseEvent {isTrusted: true, screenX: 941, screenY: 144, clientX: 937, clientY: 64, …}
11:12:10.750 utils.ts:137 unknown mouseleave事件触发 MouseEvent {isTrusted: true, screenX: 941, screenY: 144, clientX: 937, clientY: 64, …}
11:12:10.750 utils.ts:137 unknown mouseleave事件触发 MouseEvent {isTrusted: true, screenX: 941, screenY: 144, clientX: 937, clientY: 64, …}
11:12:10.750 utils.ts:137 unknown mouseout事件触发 MouseEvent {isTrusted: true, screenX: 936, screenY: 149, clientX: 932, clientY: 69, …}
11:12:10.770 utils.ts:137 unknown mouseout事件触发 MouseEvent {isTrusted: true, screenX: 858, screenY: 222, clientX: 854, clientY: 142, …}
11:12:10.770 utils.ts:137 unknown mouseleave事件触发 MouseEvent {isTrusted: true, screenX: 858, screenY: 222, clientX: 854, clientY: 142, …}
11:12:10.770 utils.ts:137 unknown mouseleave事件触发 MouseEvent {isTrusted: true, screenX: 858, screenY: 222, clientX: 854, clientY: 142, …}
11:12:10.893 utils.ts:137 unknown mouseout事件触发 MouseEvent {isTrusted: true, screenX: 229, screenY: 657, clientX: 225, clientY: 577, …}
11:12:10.893 utils.ts:137 unknown mouseleave事件触发 MouseEvent {isTrusted: true, screenX: 229, screenY: 657, clientX: 225, clientY: 577, …}
11:12:10.930 utils.ts:137 unknown mouseout事件触发 MouseEvent {isTrusted: true, screenX: 162, screenY: 665, clientX: 158, clientY: 585, …}
11:12:10.930 utils.ts:137 unknown mouseleave事件触发 MouseEvent {isTrusted: true, screenX: 162, screenY: 665, clientX: 158, clientY: 585, …}
11:12:10.932 utils.ts:137 unknown mouseout事件触发 MouseEvent {isTrusted: true, screenX: 162, screenY: 665, clientX: 158, clientY: 585, …}
11:12:10.932 utils.ts:137 unknown mouseleave事件触发 MouseEvent {isTrusted: true, screenX: 162, screenY: 665, clientX: 158, clientY: 585, …}
11:12:10.935 utils.ts:137 unknown mouseout事件触发 MouseEvent {isTrusted: true, screenX: 161, screenY: 665, clientX: 157, clientY: 585, …}
11:12:10.935 utils.ts:137 unknown mouseleave事件触发 MouseEvent {isTrusted: true, screenX: 161, screenY: 665, clientX: 157, clientY: 585, …}
11:12:10.937 utils.ts:137 unknown mouseout事件触发 MouseEvent {isTrusted: true, screenX: 158, screenY: 664, clientX: 154, clientY: 584, …}
11:12:10.937 utils.ts:137 unknown mouseleave事件触发 MouseEvent {isTrusted: true, screenX: 158, screenY: 664, clientX: 154, clientY: 584, …}
11:12:10.939 utils.ts:137 unknown mouseout事件触发 MouseEvent {isTrusted: true, screenX: 158, screenY: 664, clientX: 154, clientY: 584, …}
11:12:10.939 utils.ts:137 unknown mouseleave事件触发 MouseEvent {isTrusted: true, screenX: 158, screenY: 664, clientX: 154, clientY: 584, …}
11:12:10.943 utils.ts:137 unknown mouseout事件触发 MouseEvent {isTrusted: true, screenX: 155, screenY: 663, clientX: 151, clientY: 583, …}
11:12:10.943 utils.ts:137 unknown mouseleave事件触发 MouseEvent {isTrusted: true, screenX: 155, screenY: 663, clientX: 151, clientY: 583, …}
11:12:10.944 utils.ts:137 unknown mouseout事件触发 MouseEvent {isTrusted: true, screenX: 155, screenY: 663, clientX: 151, clientY: 583, …}
11:12:10.944 utils.ts:137 unknown mouseleave事件触发 MouseEvent {isTrusted: true, screenX: 155, screenY: 663, clientX: 151, clientY: 583, …}
11:12:10.948 utils.ts:137 unknown mouseout事件触发 MouseEvent {isTrusted: true, screenX: 153, screenY: 662, clientX: 149, clientY: 582, …}
11:12:10.948 utils.ts:137 unknown mouseleave事件触发 MouseEvent {isTrusted: true, screenX: 153, screenY: 662, clientX: 149, clientY: 582, …}
11:12:10.948 utils.ts:137 unknown mouseout事件触发 MouseEvent {isTrusted: true, screenX: 153, screenY: 662, clientX: 149, clientY: 582, …}
11:12:10.949 utils.ts:137 unknown mouseleave事件触发 MouseEvent {isTrusted: true, screenX: 153, screenY: 662, clientX: 149, clientY: 582, …}
11:12:10.954 utils.ts:137 unknown mouseout事件触发 MouseEvent {isTrusted: true, screenX: 153, screenY: 662, clientX: 149, clientY: 582, …}
11:12:10.954 utils.ts:137 unknown mouseleave事件触发 MouseEvent {isTrusted: true, screenX: 153, screenY: 662, clientX: 149, clientY: 582, …}
11:12:10.958 utils.ts:137 unknown mouseout事件触发 MouseEvent {isTrusted: true, screenX: 151, screenY: 661, clientX: 147, clientY: 581, …}
11:12:10.958 utils.ts:137 unknown mouseleave事件触发 MouseEvent {isTrusted: true, screenX: 151, screenY: 661, clientX: 147, clientY: 581, …}
11:12:10.996 utils.ts:137 unknown mouseout事件触发 MouseEvent {isTrusted: true, screenX: 134, screenY: 653, clientX: 130, clientY: 573, …}
11:12:10.997 utils.ts:137 unknown mouseleave事件触发 MouseEvent {isTrusted: true, screenX: 134, screenY: 653, clientX: 130, clientY: 573, …}
11:12:10.997 utils.ts:137 unknown mouseleave事件触发 MouseEvent {isTrusted: true, screenX: 134, screenY: 653, clientX: 130, clientY: 573, …}
11:12:10.997 utils.ts:137 unknown mouseleave事件触发 MouseEvent {isTrusted: true, screenX: 134, screenY: 653, clientX: 130, clientY: 573, …}
11:12:11.273 utils.ts:137 unknown mouseout事件触发 MouseEvent {isTrusted: true, screenX: 52, screenY: 654, clientX: 48, clientY: 574, …}
11:12:11.273 utils.ts:137 unknown mouseleave事件触发 MouseEvent {isTrusted: true, screenX: 52, screenY: 654, clientX: 48, clientY: 574, …}
11:12:11.417 utils.ts:137 unknown mouseout事件触发 MouseEvent {isTrusted: true, screenX: 64, screenY: 678, clientX: 60, clientY: 598, …}
11:12:11.417 utils.ts:137 unknown mouseleave事件触发 MouseEvent {isTrusted: true, screenX: 64, screenY: 678, clientX: 60, clientY: 598, …}
11:12:11.417 utils.ts:137 unknown mouseleave事件触发 MouseEvent {isTrusted: true, screenX: 64, screenY: 678, clientX: 60, clientY: 598, …}
11:12:11.478 utils.ts:137 unknown mouseout事件触发 MouseEvent {isTrusted: true, screenX: 103, screenY: 678, clientX: 99, clientY: 598, …}
11:12:11.478 utils.ts:137 unknown mouseleave事件触发 MouseEvent {isTrusted: true, screenX: 103, screenY: 678, clientX: 99, clientY: 598, …}
11:12:11.478 utils.ts:137 unknown mouseleave事件触发 MouseEvent {isTrusted: true, screenX: 103, screenY: 678, clientX: 99, clientY: 598, …}
11:12:11.514 utils.ts:137 unknown mouseout事件触发 MouseEvent {isTrusted: true, screenX: 154, screenY: 679, clientX: 150, clientY: 599, …}
11:12:11.514 utils.ts:137 unknown mouseleave事件触发 MouseEvent {isTrusted: true, screenX: 154, screenY: 679, clientX: 150, clientY: 599, …}
11:12:11.514 utils.ts:137 unknown mouseleave事件触发 MouseEvent {isTrusted: true, screenX: 154, screenY: 679, clientX: 150, clientY: 599, …}
11:12:11.515 utils.ts:137 unknown mouseout事件触发 MouseEvent {isTrusted: true, screenX: 156, screenY: 679, clientX: 152, clientY: 599, …}
11:12:11.516 utils.ts:137 unknown mouseleave事件触发 MouseEvent {isTrusted: true, screenX: 156, screenY: 679, clientX: 152, clientY: 599, …}
11:12:11.518 utils.ts:137 unknown mouseout事件触发 MouseEvent {isTrusted: true, screenX: 161, screenY: 679, clientX: 157, clientY: 599, …}
11:12:11.518 utils.ts:137 unknown mouseleave事件触发 MouseEvent {isTrusted: true, screenX: 161, screenY: 679, clientX: 157, clientY: 599, …}
11:12:11.564 utils.ts:137 unknown mouseout事件触发 MouseEvent {isTrusted: true, screenX: 343, screenY: 670, clientX: 339, clientY: 590, …}
11:12:11.575 utils.ts:137 unknown mouseout事件触发 MouseEvent {isTrusted: true, screenX: 385, screenY: 666, clientX: 381, clientY: 586, …}
11:12:11.575 utils.ts:137 unknown mouseleave事件触发 MouseEvent {isTrusted: true, screenX: 385, screenY: 666, clientX: 381, clientY: 586, …}
11:12:11.575 utils.ts:137 unknown mouseleave事件触发 MouseEvent {isTrusted: true, screenX: 385, screenY: 666, clientX: 381, clientY: 586, …}
11:12:11.577 utils.ts:137 unknown mouseout事件触发 MouseEvent {isTrusted: true, screenX: 391, screenY: 666, clientX: 387, clientY: 586, …}
11:12:11.580 utils.ts:137 unknown mouseout事件触发 MouseEvent {isTrusted: true, screenX: 398, screenY: 665, clientX: 394, clientY: 585, …}
11:12:11.580 utils.ts:137 unknown mouseleave事件触发 MouseEvent {isTrusted: true, screenX: 398, screenY: 665, clientX: 394, clientY: 585, …}
11:12:11.580 utils.ts:137 unknown mouseleave事件触发 MouseEvent {isTrusted: true, screenX: 398, screenY: 665, clientX: 394, clientY: 585, …}
11:12:11.664 utils.ts:137 unknown mouseout事件触发 MouseEvent {isTrusted: true, screenX: 672, screenY: 653, clientX: 668, clientY: 573, …}
11:12:11.665 utils.ts:137 unknown mouseleave事件触发 MouseEvent {isTrusted: true, screenX: 672, screenY: 653, clientX: 668, clientY: 573, …}
11:12:11.665 utils.ts:137 unknown mouseleave事件触发 MouseEvent {isTrusted: true, screenX: 672, screenY: 653, clientX: 668, clientY: 573, …}
11:12:11.753 utils.ts:137 unknown mouseout事件触发 MouseEvent {isTrusted: true, screenX: 893, screenY: 645, clientX: 889, clientY: 565, …}
11:12:11.753 utils.ts:137 unknown mouseleave事件触发 MouseEvent {isTrusted: true, screenX: 893, screenY: 645, clientX: 889, clientY: 565, …}
11:12:11.753 utils.ts:137 unknown mouseleave事件触发 MouseEvent {isTrusted: true, screenX: 893, screenY: 645, clientX: 889, clientY: 565, …}
11:12:11.753 utils.ts:137 unknown mouseleave事件触发 MouseEvent {isTrusted: true, screenX: 893, screenY: 645, clientX: 889, clientY: 565, …}
11:12:11.820 utils.ts:137 unknown mouseout事件触发 MouseEvent {isTrusted: true, screenX: 1051, screenY: 634, clientX: 1047, clientY: 554, …}
11:12:11.820 utils.ts:137 unknown mouseleave事件触发 MouseEvent {isTrusted: true, screenX: 1051, screenY: 634, clientX: 1047, clientY: 554, …}
11:12:11.820 utils.ts:137 unknown mouseleave事件触发 MouseEvent {isTrusted: true, screenX: 1051, screenY: 634, clientX: 1047, clientY: 554, …}
11:12:11.820 utils.ts:137 unknown mouseleave事件触发 MouseEvent {isTrusted: true, screenX: 1051, screenY: 634, clientX: 1047, clientY: 554, …}
11:12:11.820 utils.ts:137 unknown mouseleave事件触发 MouseEvent {isTrusted: true, screenX: 1051, screenY: 634, clientX: 1047, clientY: 554, …}
11:12:11.820 utils.ts:137 unknown mouseleave事件触发 MouseEvent {isTrusted: true, screenX: 1051, screenY: 634, clientX: 1047, clientY: 554, …}
11:12:11.820 utils.ts:137 unknown mouseleave事件触发 MouseEvent {isTrusted: true, screenX: 1051, screenY: 634, clientX: 1047, clientY: 554, …}
11:12:11.820 utils.ts:137 unknown mouseleave事件触发 MouseEvent {isTrusted: true, screenX: 1051, screenY: 634, clientX: 1047, clientY: 554, …}
11:12:11.820 utils.ts:137 unknown mouseleave事件触发 MouseEvent {isTrusted: true, screenX: 1051, screenY: 634, clientX: 1047, clientY: 554, …}
11:12:11.820 utils.ts:137 unknown mouseleave事件触发 MouseEvent {isTrusted: true, screenX: 1051, screenY: 634, clientX: 1047, clientY: 554, …}
11:12:11.820 utils.ts:137 unknown mouseleave事件触发 MouseEvent {isTrusted: true, screenX: 1051, screenY: 634, clientX: 1047, clientY: 554, …}
11:12:11.820 utils.ts:137 unknown mouseleave事件触发 MouseEvent {isTrusted: true, screenX: 1051, screenY: 634, clientX: 1047, clientY: 554, …}
11:12:11.820 utils.ts:137 unknown mouseleave事件触发 MouseEvent {isTrusted: true, screenX: 1051, screenY: 634, clientX: 1047, clientY: 554, …}
11:12:11.820 utils.ts:137 unknown mouseleave事件触发 MouseEvent {isTrusted: true, screenX: 1051, screenY: 634, clientX: 1047, clientY: 554, …}
11:12:11.821 utils.ts:137 unknown mouseleave事件触发 MouseEvent {isTrusted: true, screenX: 1051, screenY: 634, clientX: 1047, clientY: 554, …}
11:12:11.825 utils.ts:137 unknown mouseout事件触发 MouseEvent {isTrusted: true, screenX: 1064, screenY: 634, clientX: 1060, clientY: 554, …}
11:12:11.825 utils.ts:137 unknown mouseleave事件触发 MouseEvent {isTrusted: true, screenX: 1064, screenY: 634, clientX: 1060, clientY: 554, …}
11:12:11.826 utils.ts:137 unknown mouseleave事件触发 MouseEvent {isTrusted: true, screenX: 1064, screenY: 634, clientX: 1060, clientY: 554, …}
11:12:12.203 log.ts:179 [debug 11:12:12 ] [视频事件] Video paused, attempting to resume...
11:12:12.207 log.ts:179 [debug 11:12:12 ] 拦截到HTTP请求: /learn/app/clientapi/course/bigdata/courseLearnTime.do?os=99&sid=DDFFB4A8903046B2B2A2C20195472FFA
11:12:12.211 8222.6209a852.chunk.js:1 1111
11:12:12.216 log.ts:179 [debug 11:12:12 ] 拦截到HTTP请求: /learn/app/clientapi/course/uploadLearnFlag.do?os=99&sid=DDFFB4A8903046B2B2A2C20195472FFA
11:12:12.218 log.ts:179 [debug 11:12:12 ] [视频事件] 视频播放结束
11:12:12.219 log.ts:179 [debug 11:12:12 ] [视频完成通知] 已设置: zsgl_video_complete_N003284_2 {status: 'finished', courseId: 'N003284', taskId: 2, timestamp: 1773457932219}
11:12:12.242 8222.6209a852.chunk.js:1 2222
11:12:12.243 3653.da24d793.chunk.js:2  VIDEOJS: WARN: Player "#course-video" is already initialised. Options will not be applied.
(匿名) @ 3653.da24d793.chunk.js:2
a.warn @ 3653.da24d793.chunk.js:2
Ps @ 3653.da24d793.chunk.js:2
e.handleInitCourse @ 8222.6209a852.chunk.js:1
e.initCourse @ 8222.6209a852.chunk.js:1
(匿名) @ 8222.6209a852.chunk.js:1
ka @ 9561.4bf2dc71.js:2
xa @ 9561.4bf2dc71.js:2
Ec @ 9561.4bf2dc71.js:2
t.unstable_runWithPriority @ 9561.4bf2dc71.js:2
qo @ 9561.4bf2dc71.js:2
kc @ 9561.4bf2dc71.js:2
dc @ 9561.4bf2dc71.js:2
(匿名) @ 9561.4bf2dc71.js:2
t.unstable_runWithPriority @ 9561.4bf2dc71.js:2
qo @ 9561.4bf2dc71.js:2
Xo @ 9561.4bf2dc71.js:2
$o @ 9561.4bf2dc71.js:2
ic @ 9561.4bf2dc71.js:2
enqueueSetState @ 9561.4bf2dc71.js:2
b.setState @ 9561.4bf2dc71.js:2
e.handleSelectCourse @ 808.d56623c9.chunk.js:1
e.autoPlayNext @ 808.d56623c9.chunk.js:1
(匿名) @ 8222.6209a852.chunk.js:1
setTimeout
e.handleEnd @ 8222.6209a852.chunk.js:1
m @ 9561.4bf2dc71.js:2
w @ 9561.4bf2dc71.js:2
(匿名) @ 9561.4bf2dc71.js:2
E @ 9561.4bf2dc71.js:2
C @ 9561.4bf2dc71.js:2
S @ 9561.4bf2dc71.js:2
D @ 9561.4bf2dc71.js:2
kn @ 9561.4bf2dc71.js:2
le @ 9561.4bf2dc71.js:2
Dn @ 9561.4bf2dc71.js:2
zn @ 9561.4bf2dc71.js:2
An @ 9561.4bf2dc71.js:2
11:12:12.246 log.ts:179 [debug 11:12:12 ] 拦截到HTTP请求: /learn/app/clientapi/course/play/queryStatus.do?courseWareId=1708932724584&courseId=N003284&bizType=0&bizId=&sid=DDFFB4A8903046B2B2A2C20195472FFA&os=99
11:12:12.246 log.ts:179 [debug 11:12:12 ] 拦截到HTTP请求: /learn/app/clientapi/course/uploadCourseLearnStatus.do?os=99&sid=DDFFB4A8903046B2B2A2C20195472FFA
11:12:12.247 log.ts:179 [debug 11:12:12 ] 拦截到HTTP请求: /learn/app/getGlobalTimestamp.do?os=99&sid=DDFFB4A8903046B2B2A2C20195472FFA
11:12:12.247 log.ts:179 [debug 11:12:12 ] 拦截到HTTP请求: /learn/app/clientapi/course/preview.do?coursewareId=1708932724584&sid=DDFFB4A8903046B2B2A2C20195472FFA&os=99
11:12:12.317 log.ts:179 [debug 11:12:12 ] [点击播放] 找到播放按钮，点击播放 <button class=​"vjs-big-play-button" type=​"button" title=​"Play Video" aria-disabled=​"false">​…​</button>​
11:12:12.318 log.ts:179 [debug 11:12:12 ] [静音设置] 设置静音状态为 true
11:12:12.318 log.ts:179 [debug 11:12:12 ] [播放速率] 设置播放速率为 1x
11:12:12.319 utils.ts:137 unknown seeking事件触发 Event {isTrusted: true, type: 'seeking', target: video#course-video_html5_api.vjs-tech, currentTarget: video#course-video_html5_api.vjs-tech, eventPhase: 2, …}
11:12:12.319 log.ts:179 [debug 11:12:12 ] [视频事件] Video playing, applying settings...
11:12:12.321 log.ts:179 [debug 11:12:12 ] 拦截到HTTP请求: /learn/app/getGlobalTimestamp.do?os=99&sid=DDFFB4A8903046B2B2A2C20195472FFA
11:12:12.321 log.ts:179 [debug 11:12:12 ] 拦截到HTTP请求: /learn/app/clientapi/course/play/queryStatus.do?courseWareId=1708932724584&courseId=N003284&bizType=0&bizId=&sid=DDFFB4A8903046B2B2A2C20195472FFA&os=99
11:12:12.327 (索引):1  Uncaught (in promise) t {message: undefined}
Promise.then
e.initCourse @ 8222.6209a852.chunk.js:1
(匿名) @ 8222.6209a852.chunk.js:1
ka @ 9561.4bf2dc71.js:2
xa @ 9561.4bf2dc71.js:2
Ec @ 9561.4bf2dc71.js:2
t.unstable_runWithPriority @ 9561.4bf2dc71.js:2
qo @ 9561.4bf2dc71.js:2
kc @ 9561.4bf2dc71.js:2
dc @ 9561.4bf2dc71.js:2
(匿名) @ 9561.4bf2dc71.js:2
t.unstable_runWithPriority @ 9561.4bf2dc71.js:2
qo @ 9561.4bf2dc71.js:2
Xo @ 9561.4bf2dc71.js:2
$o @ 9561.4bf2dc71.js:2
ic @ 9561.4bf2dc71.js:2
enqueueSetState @ 9561.4bf2dc71.js:2
b.setState @ 9561.4bf2dc71.js:2
e.handleSelectCourse @ 808.d56623c9.chunk.js:1
e.autoPlayNext @ 808.d56623c9.chunk.js:1
(匿名) @ 8222.6209a852.chunk.js:1
setTimeout
e.handleEnd @ 8222.6209a852.chunk.js:1
m @ 9561.4bf2dc71.js:2
w @ 9561.4bf2dc71.js:2
(匿名) @ 9561.4bf2dc71.js:2
E @ 9561.4bf2dc71.js:2
C @ 9561.4bf2dc71.js:2
S @ 9561.4bf2dc71.js:2
D @ 9561.4bf2dc71.js:2
kn @ 9561.4bf2dc71.js:2
le @ 9561.4bf2dc71.js:2
Dn @ 9561.4bf2dc71.js:2
zn @ 9561.4bf2dc71.js:2
An @ 9561.4bf2dc71.js:2
11:12:12.328 utils.ts:137 unknown seeked事件触发 Event {isTrusted: true, type: 'seeked', target: video#course-video_html5_api.vjs-tech, currentTarget: video#course-video_html5_api.vjs-tech, eventPhase: 2, …}
11:12:12.420 log.ts:179 [debug 11:12:12 ] [播放速率] 设置播放速率为 1x
11:12:12.420 log.ts:179 [debug 11:12:12 ] [静音设置] 设置静音状态为 true
11:12:12.476 log.ts:179 [debug 11:12:12 ] 拦截到HTTP请求: https://zsglcdn.lzlj.com/learn/app/clientapi/course/drm/m3u8/getPlaylist.do?sourceId=1708932724584&znTid=1CCB3055AF0440BA8695A3BDA9A17508&wsSecret=76c53b9defb5fea5739d61d188c9ec37&wsTime=69b52646&wsVersion=3&sid=DDFFB4A8903046B2B2A2C20195472FFA
11:12:12.484 utils.ts:137 unknown blur事件触发 FocusEvent {isTrusted: true, relatedTarget: null, view: Window, detail: 0, sourceCapabilities: null, …}
11:12:12.485 utils.ts:137 unknown focusout事件触发 FocusEvent {isTrusted: true, relatedTarget: null, view: Window, detail: 0, sourceCapabilities: null, …}
11:12:12.596 log.ts:179 [debug 11:12:12 ] 拦截到HTTP请求: /learn/app/clientapi/course/bigdata/courseLearnTime.do?os=99&sid=DDFFB4A8903046B2B2A2C20195472FFA
11:12:12.742 log.ts:179 [debug 11:12:12 ] 拦截到HTTP请求: https://zsglcdn.lzlj.com/learn/app/clientapi/course/drm/m3u8/getPlayParams.do?os=999&os=99&sourceId=1708932724584&sid=DDFFB4A8903046B2B2A2C20195472FFA
11:12:12.743 log.ts:179 [debug 11:12:12 ] [视频事件] Video playing, applying settings...
11:12:12.744 log.ts:179 [debug 11:12:12 ] 拦截到HTTP请求: /learn/app/clientapi/course/play/queryStatus.do?courseWareId=1708932724584&courseId=N003284&bizType=0&bizId=&sid=DDFFB4A8903046B2B2A2C20195472FFA&os=99
11:12:12.843 log.ts:179 [debug 11:12:12 ] [播放速率] 设置播放速率为 1x
11:12:12.843 log.ts:179 [debug 11:12:12 ] [静音设置] 设置静音状态为 true
11:12:12.974 log.ts:179 [debug 11:12:12 ] 拦截到HTTP请求: https://zsglcdn.lzlj.com/learn/app/filehub/0001/formal/course/transCode/2024/02/26/B9A39E5CAA144D388621666CF671ED68/1708932724584_s_0.ts
11:12:13.731 log.ts:197  [warn 11:12:13 ] [积分检查] 获取积分详情失败
Warn @ log.ts:197
eval @ dailyPoints.ts:611
eval @ dailyPoints.ts:8
__awaiter @ dailyPoints.ts:4
handleVideoTaskComplete @ dailyPoints.ts:600
eval @ dailyPoints.ts:587
setInterval
setInterval @ utils.ts:203
setupVideoCompleteListener @ dailyPoints.ts:579
eval @ dailyPoints.ts:550
eval @ dailyPoints.ts:8
__awaiter @ dailyPoints.ts:4
eval @ dailyPoints.ts:546
Init @ dailyPoints.ts:546
ZsglDailyPoints @ dailyPoints.ts:53
eval @ dailyPointsPanel.ts:25
11:12:14.317 utils.ts:137 unknown resize事件触发 Event {isTrusted: true, type: 'resize', target: video#course-video_html5_api.vjs-tech, currentTarget: Window, eventPhase: 1, …}
11:12:14.323 log.ts:179 [debug 11:12:14 ] 拦截到HTTP请求: https://zsglcdn.lzlj.com/learn/app/filehub/0001/formal/course/transCode/2024/02/26/B9A39E5CAA144D388621666CF671ED68/1708932724584_s_1.ts
11:12:14.340 utils.ts:137 unknown seeking事件触发 Event {isTrusted: true, type: 'seeking', target: video#course-video_html5_api.vjs-tech, currentTarget: video#course-video_html5_api.vjs-tech, eventPhase: 2, …}
11:12:14.344 utils.ts:137 unknown seeking事件触发 Event {isTrusted: true, type: 'seeking', target: video#course-video_html5_api.vjs-tech, currentTarget: video#course-video_html5_api.vjs-tech, eventPhase: 2, …}
11:12:14.363 utils.ts:137 unknown seeked事件触发 Event {isTrusted: true, type: 'seeked', target: video#course-video_html5_api.vjs-tech, currentTarget: video#course-video_html5_api.vjs-tech, eventPhase: 2, …}
11:12:15.737 log.ts:179 [debug 11:12:15 ] 拦截到HTTP请求: https://zsglcdn.lzlj.com/learn/app/filehub/0001/formal/course/transCode/2024/02/26/B9A39E5CAA144D388621666CF671ED68/1708932724584_s_2.ts
11:12:17.112 log.ts:179 [debug 11:12:17 ] 拦截到HTTP请求: https://zsglcdn.lzlj.com/learn/app/filehub/0001/formal/course/transCode/2024/02/26/B9A39E5CAA144D388621666CF671ED68/1708932724584_s_3.ts
11:12:29.643 log.ts:179 [debug 11:12:29 ] 拦截到HTTP请求: https://zsglcdn.lzlj.com/learn/app/filehub/0001/formal/course/transCode/2024/02/26/B9A39E5CAA144D388621666CF671ED68/1708932724584_s_4.ts
11:12:43.452 log.ts:179 [debug 11:12:43 ] 拦截到HTTP请求: https://zsglcdn.lzlj.com/learn/app/filehub/0001/formal/course/transCode/2024/02/26/B9A39E5CAA144D388621666CF671ED68/1708932724584_s_5.ts
11:12:51.445 log.ts:179 [debug 11:12:51 ] 拦截到HTTP请求: https://zsglcdn.lzlj.com/learn/app/filehub/0001/formal/course/transCode/2024/02/26/B9A39E5CAA144D388621666CF671ED68/1708932724584_s_6.ts
11:12:55.611 utils.ts:137 unknown blur事件触发 Event {isTrusted: true, type: 'blur', target: Window, currentTarget: Window, eventPhase: 2, …}
11:13:00.355 log.ts:179 [debug 11:13:0 ] 拦截到HTTP请求: https://zsglcdn.lzlj.com/learn/app/filehub/0001/formal/course/transCode/2024/02/26/B9A39E5CAA144D388621666CF671ED68/1708932724584_s_7.ts
11:13:04.338 utils.ts:137 unknown visibilitychange事件触发 Event {isTrusted: true, type: 'visibilitychange', target: document, currentTarget: Window, eventPhase: 1, …}
11:13:04.344 log.ts:179 [debug 11:13:4 ] [视频事件] Video paused, attempting to resume...
11:13:04.347 log.ts:179 [debug 11:13:4 ] 拦截到HTTP请求: /learn/app/clientapi/course/bigdata/courseLearnTime.do?os=99&sid=DDFFB4A8903046B2B2A2C20195472FFA
11:13:04.591 log.ts:179 [debug 11:13:4 ] [点击播放] 找到播放按钮，点击播放 button.vjs-big-play-button
11:13:04.593 log.ts:179 [debug 11:13:4 ] [静音设置] 设置静音状态为 true
11:13:04.593 log.ts:179 [debug 11:13:4 ] [播放速率] 设置播放速率为 1x
11:13:04.593 log.ts:179 [debug 11:13:4 ] [视频事件] Video playing, applying settings...
11:13:04.597 log.ts:179 [debug 11:13:4 ] 拦截到HTTP请求: /learn/app/getGlobalTimestamp.do?os=99&sid=DDFFB4A8903046B2B2A2C20195472FFA
11:13:04.598 log.ts:179 [debug 11:13:4 ] 拦截到HTTP请求: /learn/app/clientapi/course/play/queryStatus.do?courseWareId=1708932724584&courseId=N003284&bizType=0&bizId=&sid=DDFFB4A8903046B2B2A2C20195472FFA&os=99
11:13:04.782 log.ts:179 [debug 11:13:4 ] 拦截到HTTP请求: /learn/app/clientapi/course/bigdata/courseLearnTime.do?os=99&sid=DDFFB4A8903046B2B2A2C20195472FFA
11:13:04.838 utils.ts:137 unknown seeking事件触发 Event {isTrusted: true, type: 'seeking', target: video#course-video_html5_api.vjs-tech, currentTarget: video#course-video_html5_api.vjs-tech, eventPhase: 2, …}
11:13:04.840 log.ts:179 [debug 11:13:4 ] [视频事件] Video paused, attempting to resume...
11:13:04.845 log.ts:179 [debug 11:13:4 ] 拦截到HTTP请求: /learn/app/clientapi/course/bigdata/courseLearnTime.do?os=99&sid=DDFFB4A8903046B2B2A2C20195472FFA
11:13:04.853 (索引):1  Uncaught (in promise) t {message: undefined}
Promise.then
(匿名) @ 8222.6209a852.chunk.js:1
u @ 9561.4bf2dc71.js:2
(匿名) @ 9561.4bf2dc71.js:2
(匿名) @ 9561.4bf2dc71.js:2
r @ 9561.4bf2dc71.js:2
s @ 9561.4bf2dc71.js:2
Promise.then
r @ 9561.4bf2dc71.js:2
s @ 9561.4bf2dc71.js:2
(匿名) @ 9561.4bf2dc71.js:2
(匿名) @ 9561.4bf2dc71.js:2
(匿名) @ 8222.6209a852.chunk.js:1
u @ 9561.4bf2dc71.js:2
(匿名) @ 9561.4bf2dc71.js:2
(匿名) @ 9561.4bf2dc71.js:2
r @ 9561.4bf2dc71.js:2
s @ 9561.4bf2dc71.js:2
(匿名) @ 9561.4bf2dc71.js:2
(匿名) @ 9561.4bf2dc71.js:2
m @ 9561.4bf2dc71.js:2
w @ 9561.4bf2dc71.js:2
(匿名) @ 9561.4bf2dc71.js:2
E @ 9561.4bf2dc71.js:2
C @ 9561.4bf2dc71.js:2
S @ 9561.4bf2dc71.js:2
D @ 9561.4bf2dc71.js:2
kn @ 9561.4bf2dc71.js:2
le @ 9561.4bf2dc71.js:2
Dn @ 9561.4bf2dc71.js:2
zn @ 9561.4bf2dc71.js:2
An @ 9561.4bf2dc71.js:2
t.unstable_runWithPriority @ 9561.4bf2dc71.js:2
qo @ 9561.4bf2dc71.js:2
se @ 9561.4bf2dc71.js:2
Tn @ 9561.4bf2dc71.js:2
play
(匿名) @ 8222.6209a852.chunk.js:1
clickPlayButton @ video.ts:147
eval @ video.ts:177
setTimeout
eval @ video.ts:175
11:13:04.866 utils.ts:137 unknown seeked事件触发 Event {isTrusted: true, type: 'seeked', target: video#course-video_html5_api.vjs-tech, currentTarget: video#course-video_html5_api.vjs-tech, eventPhase: 2, …}
11:13:05.592 log.ts:179 [debug 11:13:5 ] [播放速率] 设置播放速率为 1x
11:13:05.593 log.ts:179 [debug 11:13:5 ] [静音设置] 设置静音状态为 true
11:13:05.593 log.ts:179 [debug 11:13:5 ] [点击播放] 找到播放按钮，点击播放 button.vjs-big-play-button
11:13:05.595 log.ts:179 [debug 11:13:5 ] [静音设置] 设置静音状态为 true
11:13:05.595 log.ts:179 [debug 11:13:5 ] [播放速率] 设置播放速率为 1x
11:13:05.597 log.ts:179 [debug 11:13:5 ] [视频事件] Video playing, applying settings...
11:13:05.600 log.ts:179 [debug 11:13:5 ] 拦截到HTTP请求: /learn/app/getGlobalTimestamp.do?os=99&sid=DDFFB4A8903046B2B2A2C20195472FFA
11:13:05.601 log.ts:179 [debug 11:13:5 ] 拦截到HTTP请求: /learn/app/clientapi/course/play/queryStatus.do?courseWareId=1708932724584&courseId=N003284&bizType=0&bizId=&sid=DDFFB4A8903046B2B2A2C20195472FFA&os=99
11:13:05.829 log.ts:179 [debug 11:13:5 ] 拦截到HTTP请求: /learn/app/clientapi/course/bigdata/courseLearnTime.do?os=99&sid=DDFFB4A8903046B2B2A2C20195472FFA
11:13:05.835 utils.ts:137 unknown seeking事件触发 Event {isTrusted: true, type: 'seeking', target: video#course-video_html5_api.vjs-tech, currentTarget: video#course-video_html5_api.vjs-tech, eventPhase: 2, …}
11:13:05.837 log.ts:179 [debug 11:13:5 ] [视频事件] Video paused, attempting to resume...
11:13:05.840 log.ts:179 [debug 11:13:5 ] 拦截到HTTP请求: /learn/app/clientapi/course/bigdata/courseLearnTime.do?os=99&sid=DDFFB4A8903046B2B2A2C20195472FFA
11:13:05.843 (索引):1  Uncaught (in promise) t {message: undefined}
Promise.then
(匿名) @ 8222.6209a852.chunk.js:1
u @ 9561.4bf2dc71.js:2
(匿名) @ 9561.4bf2dc71.js:2
(匿名) @ 9561.4bf2dc71.js:2
r @ 9561.4bf2dc71.js:2
s @ 9561.4bf2dc71.js:2
Promise.then
r @ 9561.4bf2dc71.js:2
s @ 9561.4bf2dc71.js:2
(匿名) @ 9561.4bf2dc71.js:2
(匿名) @ 9561.4bf2dc71.js:2
(匿名) @ 8222.6209a852.chunk.js:1
u @ 9561.4bf2dc71.js:2
(匿名) @ 9561.4bf2dc71.js:2
(匿名) @ 9561.4bf2dc71.js:2
r @ 9561.4bf2dc71.js:2
s @ 9561.4bf2dc71.js:2
(匿名) @ 9561.4bf2dc71.js:2
(匿名) @ 9561.4bf2dc71.js:2
m @ 9561.4bf2dc71.js:2
w @ 9561.4bf2dc71.js:2
(匿名) @ 9561.4bf2dc71.js:2
E @ 9561.4bf2dc71.js:2
C @ 9561.4bf2dc71.js:2
S @ 9561.4bf2dc71.js:2
D @ 9561.4bf2dc71.js:2
kn @ 9561.4bf2dc71.js:2
le @ 9561.4bf2dc71.js:2
Dn @ 9561.4bf2dc71.js:2
zn @ 9561.4bf2dc71.js:2
An @ 9561.4bf2dc71.js:2
t.unstable_runWithPriority @ 9561.4bf2dc71.js:2
qo @ 9561.4bf2dc71.js:2
se @ 9561.4bf2dc71.js:2
Tn @ 9561.4bf2dc71.js:2
play
(匿名) @ 8222.6209a852.chunk.js:1
clickPlayButton @ video.ts:147
eval @ video.ts:177
setTimeout
eval @ video.ts:175
11:13:05.853 utils.ts:137 unknown seeked事件触发 Event {isTrusted: true, type: 'seeked', target: video#course-video_html5_api.vjs-tech, currentTarget: video#course-video_html5_api.vjs-tech, eventPhase: 2, …}
11:13:06.581 log.ts:179 [debug 11:13:6 ] [播放速率] 设置播放速率为 1x
11:13:06.581 log.ts:179 [debug 11:13:6 ] [静音设置] 设置静音状态为 true
11:13:06.581 log.ts:179 [debug 11:13:6 ] [点击播放] 找到播放按钮，点击播放 button.vjs-big-play-button
11:13:06.584 log.ts:179 [debug 11:13:6 ] [静音设置] 设置静音状态为 true
11:13:06.585 log.ts:179 [debug 11:13:6 ] [播放速率] 设置播放速率为 1x
11:13:06.591 log.ts:179 [debug 11:13:6 ] [视频事件] Video playing, applying settings...
11:13:06.594 log.ts:179 [debug 11:13:6 ] 拦截到HTTP请求: /learn/app/getGlobalTimestamp.do?os=99&sid=DDFFB4A8903046B2B2A2C20195472FFA
11:13:06.596 log.ts:179 [debug 11:13:6 ] 拦截到HTTP请求: /learn/app/clientapi/course/play/queryStatus.do?courseWareId=1708932724584&courseId=N003284&bizType=0&bizId=&sid=DDFFB4A8903046B2B2A2C20195472FFA&os=99
11:13:06.852 log.ts:179 [debug 11:13:6 ] 拦截到HTTP请求: /learn/app/clientapi/course/bigdata/courseLearnTime.do?os=99&sid=DDFFB4A8903046B2B2A2C20195472FFA
11:13:06.855 utils.ts:137 unknown seeking事件触发 Event {isTrusted: true, type: 'seeking', target: video#course-video_html5_api.vjs-tech, currentTarget: video#course-video_html5_api.vjs-tech, eventPhase: 2, …}
11:13:06.869 log.ts:179 [debug 11:13:6 ] [视频事件] Video paused, attempting to resume...
11:13:06.890 log.ts:179 [debug 11:13:6 ] 拦截到HTTP请求: /learn/app/clientapi/course/bigdata/courseLearnTime.do?os=99&sid=DDFFB4A8903046B2B2A2C20195472FFA
11:13:06.926 (索引):1  Uncaught (in promise) t {message: undefined}
Promise.then
(匿名) @ 8222.6209a852.chunk.js:1
u @ 9561.4bf2dc71.js:2
(匿名) @ 9561.4bf2dc71.js:2
(匿名) @ 9561.4bf2dc71.js:2
r @ 9561.4bf2dc71.js:2
s @ 9561.4bf2dc71.js:2
Promise.then
r @ 9561.4bf2dc71.js:2
s @ 9561.4bf2dc71.js:2
(匿名) @ 9561.4bf2dc71.js:2
(匿名) @ 9561.4bf2dc71.js:2
(匿名) @ 8222.6209a852.chunk.js:1
u @ 9561.4bf2dc71.js:2
(匿名) @ 9561.4bf2dc71.js:2
(匿名) @ 9561.4bf2dc71.js:2
r @ 9561.4bf2dc71.js:2
s @ 9561.4bf2dc71.js:2
(匿名) @ 9561.4bf2dc71.js:2
(匿名) @ 9561.4bf2dc71.js:2
m @ 9561.4bf2dc71.js:2
w @ 9561.4bf2dc71.js:2
(匿名) @ 9561.4bf2dc71.js:2
E @ 9561.4bf2dc71.js:2
C @ 9561.4bf2dc71.js:2
S @ 9561.4bf2dc71.js:2
D @ 9561.4bf2dc71.js:2
kn @ 9561.4bf2dc71.js:2
le @ 9561.4bf2dc71.js:2
Dn @ 9561.4bf2dc71.js:2
zn @ 9561.4bf2dc71.js:2
An @ 9561.4bf2dc71.js:2
t.unstable_runWithPriority @ 9561.4bf2dc71.js:2
qo @ 9561.4bf2dc71.js:2
se @ 9561.4bf2dc71.js:2
Tn @ 9561.4bf2dc71.js:2
play
(匿名) @ 8222.6209a852.chunk.js:1
clickPlayButton @ video.ts:147
eval @ video.ts:177
setTimeout
eval @ video.ts:175
11:13:06.935 utils.ts:137 unknown seeked事件触发 Event {isTrusted: true, type: 'seeked', target: video#course-video_html5_api.vjs-tech, currentTarget: video#course-video_html5_api.vjs-tech, eventPhase: 2, …}
11:13:07.576 log.ts:179 [debug 11:13:7 ] [播放速率] 设置播放速率为 1x
11:13:07.576 log.ts:179 [debug 11:13:7 ] [静音设置] 设置静音状态为 true
11:13:07.577 log.ts:179 [debug 11:13:7 ] [点击播放] 找到播放按钮，点击播放 button.vjs-big-play-button
11:13:07.582 log.ts:179 [debug 11:13:7 ] [静音设置] 设置静音状态为 true
11:13:07.582 log.ts:179 [debug 11:13:7 ] [播放速率] 设置播放速率为 1x
11:13:07.585 log.ts:179 [debug 11:13:7 ] [视频事件] Video playing, applying settings...
11:13:07.589 log.ts:179 [debug 11:13:7 ] 拦截到HTTP请求: /learn/app/getGlobalTimestamp.do?os=99&sid=DDFFB4A8903046B2B2A2C20195472FFA
11:13:07.590 log.ts:179 [debug 11:13:7 ] 拦截到HTTP请求: /learn/app/clientapi/course/play/queryStatus.do?courseWareId=1708932724584&courseId=N003284&bizType=0&bizId=&sid=DDFFB4A8903046B2B2A2C20195472FFA&os=99
11:13:07.787 utils.ts:137 unknown seeking事件触发 Event {isTrusted: true, type: 'seeking', target: video#course-video_html5_api.vjs-tech, currentTarget: video#course-video_html5_api.vjs-tech, eventPhase: 2, …}
11:13:07.788 log.ts:179 [debug 11:13:7 ] [视频事件] Video paused, attempting to resume...
11:13:07.803 utils.ts:137 unknown seeked事件触发 Event {isTrusted: true, type: 'seeked', target: video#course-video_html5_api.vjs-tech, currentTarget: video#course-video_html5_api.vjs-tech, eventPhase: 2, …}
11:13:07.823 log.ts:179 [debug 11:13:7 ] 拦截到HTTP请求: /learn/app/clientapi/course/bigdata/courseLearnTime.do?os=99&sid=DDFFB4A8903046B2B2A2C20195472FFA
11:13:08.589 log.ts:179 [debug 11:13:8 ] [播放速率] 设置播放速率为 1x
11:13:08.589 log.ts:179 [debug 11:13:8 ] [静音设置] 设置静音状态为 true
11:13:08.589 log.ts:179 [debug 11:13:8 ] [点击播放] 找到播放按钮，点击播放 button.vjs-big-play-button
11:13:08.593 log.ts:179 [debug 11:13:8 ] [静音设置] 设置静音状态为 true
11:13:08.593 log.ts:179 [debug 11:13:8 ] [播放速率] 设置播放速率为 1x
11:13:08.599 log.ts:179 [debug 11:13:8 ] [视频事件] Video playing, applying settings...
11:13:08.605 log.ts:179 [debug 11:13:8 ] 拦截到HTTP请求: /learn/app/clientapi/course/play/queryStatus.do?courseWareId=1708932724584&courseId=N003284&bizType=0&bizId=&sid=DDFFB4A8903046B2B2A2C20195472FFA&os=99
11:13:08.757 utils.ts:137 unknown seeking事件触发 Event {isTrusted: true, type: 'seeking', target: video#course-video_html5_api.vjs-tech, currentTarget: video#course-video_html5_api.vjs-tech, eventPhase: 2, …}
11:13:08.764 log.ts:179 [debug 11:13:8 ] [视频事件] Video paused, attempting to resume...
11:13:08.768 log.ts:179 [debug 11:13:8 ] 拦截到HTTP请求: /learn/app/clientapi/course/bigdata/courseLearnTime.do?os=99&sid=DDFFB4A8903046B2B2A2C20195472FFA
11:13:08.779 utils.ts:137 unknown seeked事件触发 Event {isTrusted: true, type: 'seeked', target: video#course-video_html5_api.vjs-tech, currentTarget: video#course-video_html5_api.vjs-tech, eventPhase: 2, …}
11:13:09.581 log.ts:179 [debug 11:13:9 ] [播放速率] 设置播放速率为 1x
11:13:09.582 log.ts:179 [debug 11:13:9 ] [静音设置] 设置静音状态为 true
11:13:09.582 log.ts:179 [debug 11:13:9 ] [点击播放] 找到播放按钮，点击播放 button.vjs-big-play-button
11:13:09.586 log.ts:179 [debug 11:13:9 ] [静音设置] 设置静音状态为 true
11:13:09.586 log.ts:179 [debug 11:13:9 ] [播放速率] 设置播放速率为 1x
11:13:09.590 log.ts:179 [debug 11:13:9 ] [视频事件] Video playing, applying settings...
11:13:09.596 log.ts:179 [debug 11:13:9 ] 拦截到HTTP请求: /learn/app/getGlobalTimestamp.do?os=99&sid=DDFFB4A8903046B2B2A2C20195472FFA
11:13:09.597 log.ts:179 [debug 11:13:9 ] 拦截到HTTP请求: /learn/app/clientapi/course/play/queryStatus.do?courseWareId=1708932724584&courseId=N003284&bizType=0&bizId=&sid=DDFFB4A8903046B2B2A2C20195472FFA&os=99
11:13:09.762 utils.ts:137 unknown seeking事件触发 Event {isTrusted: true, type: 'seeking', target: video#course-video_html5_api.vjs-tech, currentTarget: video#course-video_html5_api.vjs-tech, eventPhase: 2, …}
11:13:09.764 log.ts:179 [debug 11:13:9 ] [视频事件] Video paused, attempting to resume...
11:13:09.772 utils.ts:137 unknown seeked事件触发 Event {isTrusted: true, type: 'seeked', target: video#course-video_html5_api.vjs-tech, currentTarget: video#course-video_html5_api.vjs-tech, eventPhase: 2, …}
11:13:09.823 log.ts:179 [debug 11:13:9 ] 拦截到HTTP请求: /learn/app/clientapi/course/bigdata/courseLearnTime.do?os=99&sid=DDFFB4A8903046B2B2A2C20195472FFA
11:13:10.585 log.ts:179 [debug 11:13:10 ] [播放速率] 设置播放速率为 1x
11:13:10.585 log.ts:179 [debug 11:13:10 ] [静音设置] 设置静音状态为 true
11:13:10.586 log.ts:179 [debug 11:13:10 ] [点击播放] 找到播放按钮，点击播放 button.vjs-big-play-button
11:13:10.587 log.ts:179 [debug 11:13:10 ] [静音设置] 设置静音状态为 true
11:13:10.589 log.ts:179 [debug 11:13:10 ] [播放速率] 设置播放速率为 1x
11:13:10.593 log.ts:179 [debug 11:13:10 ] [视频事件] Video playing, applying settings...
11:13:10.598 log.ts:179 [debug 11:13:10 ] 拦截到HTTP请求: /learn/app/clientapi/course/play/queryStatus.do?courseWareId=1708932724584&courseId=N003284&bizType=0&bizId=&sid=DDFFB4A8903046B2B2A2C20195472FFA&os=99
11:13:10.753 utils.ts:137 unknown seeking事件触发 Event {isTrusted: true, type: 'seeking', target: video#course-video_html5_api.vjs-tech, currentTarget: video#course-video_html5_api.vjs-tech, eventPhase: 2, …}
11:13:10.755 log.ts:179 [debug 11:13:10 ] [视频事件] Video paused, attempting to resume...
11:13:10.767 log.ts:179 [debug 11:13:10 ] 拦截到HTTP请求: /learn/app/clientapi/course/bigdata/courseLearnTime.do?os=99&sid=DDFFB4A8903046B2B2A2C20195472FFA
11:13:10.779 utils.ts:137 unknown seeked事件触发 Event {isTrusted: true, type: 'seeked', target: video#course-video_html5_api.vjs-tech, currentTarget: video#course-video_html5_api.vjs-tech, eventPhase: 2, …}
11:13:11.584 log.ts:179 [debug 11:13:11 ] [播放速率] 设置播放速率为 1x
11:13:11.584 log.ts:179 [debug 11:13:11 ] [静音设置] 设置静音状态为 true
11:13:11.585 log.ts:179 [debug 11:13:11 ] [点击播放] 找到播放按钮，点击播放 button.vjs-big-play-button
11:13:11.590 log.ts:179 [debug 11:13:11 ] [静音设置] 设置静音状态为 true
11:13:11.590 log.ts:179 [debug 11:13:11 ] [播放速率] 设置播放速率为 1x
11:13:11.594 log.ts:179 [debug 11:13:11 ] [视频事件] Video playing, applying settings...
11:13:11.601 log.ts:179 [debug 11:13:11 ] 拦截到HTTP请求: /learn/app/getGlobalTimestamp.do?os=99&sid=DDFFB4A8903046B2B2A2C20195472FFA
11:13:11.603 log.ts:179 [debug 11:13:11 ] 拦截到HTTP请求: /learn/app/clientapi/course/play/queryStatus.do?courseWareId=1708932724584&courseId=N003284&bizType=0&bizId=&sid=DDFFB4A8903046B2B2A2C20195472FFA&os=99
11:13:11.828 utils.ts:137 unknown seeking事件触发 Event {isTrusted: true, type: 'seeking', target: video#course-video_html5_api.vjs-tech, currentTarget: video#course-video_html5_api.vjs-tech, eventPhase: 2, …}
11:13:11.835 log.ts:179 [debug 11:13:11 ] [视频事件] Video paused, attempting to resume...
11:13:11.855 log.ts:179 [debug 11:13:11 ] 拦截到HTTP请求: /learn/app/clientapi/course/bigdata/courseLearnTime.do?os=99&sid=DDFFB4A8903046B2B2A2C20195472FFA
11:13:11.865 utils.ts:137 unknown seeked事件触发 Event {isTrusted: true, type: 'seeked', target: video#course-video_html5_api.vjs-tech, currentTarget: video#course-video_html5_api.vjs-tech, eventPhase: 2, …}
11:13:12.577 log.ts:179 [debug 11:13:12 ] [播放速率] 设置播放速率为 1x
11:13:12.577 log.ts:179 [debug 11:13:12 ] [静音设置] 设置静音状态为 true
11:13:12.577 log.ts:179 [debug 11:13:12 ] [点击播放] 找到播放按钮，点击播放 button.vjs-big-play-button
11:13:12.579 log.ts:179 [debug 11:13:12 ] [静音设置] 设置静音状态为 true
11:13:12.580 log.ts:179 [debug 11:13:12 ] [播放速率] 设置播放速率为 1x
11:13:12.582 log.ts:179 [debug 11:13:12 ] [视频事件] Video playing, applying settings...
11:13:12.586 log.ts:179 [debug 11:13:12 ] 拦截到HTTP请求: /learn/app/clientapi/course/play/queryStatus.do?courseWareId=1708932724584&courseId=N003284&bizType=0&bizId=&sid=DDFFB4A8903046B2B2A2C20195472FFA&os=99
11:13:12.812 utils.ts:137 unknown seeking事件触发 Event {isTrusted: true, type: 'seeking', target: video#course-video_html5_api.vjs-tech, currentTarget: video#course-video_html5_api.vjs-tech, eventPhase: 2, …}
11:13:12.813 log.ts:179 [debug 11:13:12 ] [视频事件] Video paused, attempting to resume...
11:13:12.817 log.ts:179 [debug 11:13:12 ] 拦截到HTTP请求: /learn/app/clientapi/course/bigdata/courseLearnTime.do?os=99&sid=DDFFB4A8903046B2B2A2C20195472FFA
11:13:12.832 utils.ts:137 unknown seeked事件触发 Event {isTrusted: true, type: 'seeked', target: video#course-video_html5_api.vjs-tech, currentTarget: video#course-video_html5_api.vjs-tech, eventPhase: 2, …}
11:13:13.582 log.ts:179 [debug 11:13:13 ] [播放速率] 设置播放速率为 1x
11:13:13.582 log.ts:179 [debug 11:13:13 ] [静音设置] 设置静音状态为 true
11:13:13.583 log.ts:179 [debug 11:13:13 ] [点击播放] 找到播放按钮，点击播放 button.vjs-big-play-button
11:13:13.587 log.ts:179 [debug 11:13:13 ] [静音设置] 设置静音状态为 true
11:13:13.587 log.ts:179 [debug 11:13:13 ] [播放速率] 设置播放速率为 1x
11:13:13.591 log.ts:179 [debug 11:13:13 ] [视频事件] Video playing, applying settings...
11:13:13.594 log.ts:179 [debug 11:13:13 ] 拦截到HTTP请求: /learn/app/getGlobalTimestamp.do?os=99&sid=DDFFB4A8903046B2B2A2C20195472FFA
11:13:13.595 log.ts:179 [debug 11:13:13 ] 拦截到HTTP请求: /learn/app/clientapi/course/play/queryStatus.do?courseWareId=1708932724584&courseId=N003284&bizType=0&bizId=&sid=DDFFB4A8903046B2B2A2C20195472FFA&os=99
11:13:13.771 utils.ts:137 unknown seeking事件触发 Event {isTrusted: true, type: 'seeking', target: video#course-video_html5_api.vjs-tech, currentTarget: video#course-video_html5_api.vjs-tech, eventPhase: 2, …}
11:13:13.774 log.ts:179 [debug 11:13:13 ] [视频事件] Video paused, attempting to resume...
11:13:13.785 utils.ts:137 unknown seeked事件触发 Event {isTrusted: true, type: 'seeked', target: video#course-video_html5_api.vjs-tech, currentTarget: video#course-video_html5_api.vjs-tech, eventPhase: 2, …}
11:13:13.822 log.ts:179 [debug 11:13:13 ] 拦截到HTTP请求: /learn/app/clientapi/course/bigdata/courseLearnTime.do?os=99&sid=DDFFB4A8903046B2B2A2C20195472FFA
11:13:14.577 log.ts:179 [debug 11:13:14 ] [播放速率] 设置播放速率为 1x
11:13:14.577 log.ts:179 [debug 11:13:14 ] [静音设置] 设置静音状态为 true
11:13:14.577 log.ts:179 [debug 11:13:14 ] [点击播放] 找到播放按钮，点击播放 button.vjs-big-play-button
11:13:14.581 log.ts:179 [debug 11:13:14 ] [静音设置] 设置静音状态为 true
11:13:14.581 log.ts:179 [debug 11:13:14 ] [播放速率] 设置播放速率为 1x
11:13:14.586 log.ts:179 [debug 11:13:14 ] [视频事件] Video playing, applying settings...
11:13:14.595 log.ts:179 [debug 11:13:14 ] 拦截到HTTP请求: /learn/app/clientapi/course/play/queryStatus.do?courseWareId=1708932724584&courseId=N003284&bizType=0&bizId=&sid=DDFFB4A8903046B2B2A2C20195472FFA&os=99
11:13:14.839 utils.ts:137 unknown seeking事件触发 Event {isTrusted: true, type: 'seeking', target: video#course-video_html5_api.vjs-tech, currentTarget: video#course-video_html5_api.vjs-tech, eventPhase: 2, …}
11:13:14.841 log.ts:179 [debug 11:13:14 ] [视频事件] Video paused, attempting to resume...
11:13:14.844 log.ts:179 [debug 11:13:14 ] 拦截到HTTP请求: /learn/app/clientapi/course/bigdata/courseLearnTime.do?os=99&sid=DDFFB4A8903046B2B2A2C20195472FFA
11:13:14.851 utils.ts:137 unknown seeked事件触发 Event {isTrusted: true, type: 'seeked', target: video#course-video_html5_api.vjs-tech, currentTarget: video#course-video_html5_api.vjs-tech, eventPhase: 2, …}
11:13:15.092 utils.ts:137 unknown visibilitychange事件触发 Event {isTrusted: true, type: 'visibilitychange', target: document, currentTarget: Window, eventPhase: 1, …}
11:13:15.093 log.ts:179 [debug 11:13:15 ] [视频事件] Video playing, applying settings...
11:13:15.098 log.ts:179 [debug 11:13:15 ] 拦截到HTTP请求: /learn/app/getGlobalTimestamp.do?os=99&sid=DDFFB4A8903046B2B2A2C20195472FFA
11:13:15.099 log.ts:179 [debug 11:13:15 ] 拦截到HTTP请求: /learn/app/clientapi/course/play/queryStatus.do?courseWareId=1708932724584&courseId=N003284&bizType=0&bizId=&sid=DDFFB4A8903046B2B2A2C20195472FFA&os=99
11:13:15.101 log.ts:179 [debug 11:13:15 ] [播放速率] 设置播放速率为 1x
11:13:15.101 log.ts:179 [debug 11:13:15 ] [静音设置] 设置静音状态为 true
11:13:15.151 utils.ts:137 unknown mouseout事件触发 MouseEvent {isTrusted: true, screenX: 847, screenY: 1027, clientX: 843, clientY: 947, …}
11:13:15.151 utils.ts:137 unknown mouseleave事件触发 MouseEvent {isTrusted: true, screenX: 847, screenY: 1027, clientX: 843, clientY: 947, …}
11:13:15.151 utils.ts:137 unknown mouseleave事件触发 MouseEvent {isTrusted: true, screenX: 847, screenY: 1027, clientX: 843, clientY: 947, …}
11:13:15.158 utils.ts:137 unknown mouseout事件触发 MouseEvent {isTrusted: true, screenX: 855, screenY: 1016, clientX: 851, clientY: 936, …}
11:13:15.186 utils.ts:137 unknown mouseout事件触发 MouseEvent {isTrusted: true, screenX: 900, screenY: 961, clientX: 896, clientY: 881, …}
11:13:15.186 utils.ts:137 unknown mouseleave事件触发 MouseEvent {isTrusted: true, screenX: 900, screenY: 961, clientX: 896, clientY: 881, …}
11:13:15.193 log.ts:179 [debug 11:13:15 ] [播放速率] 设置播放速率为 1x
11:13:15.194 log.ts:179 [debug 11:13:15 ] [静音设置] 设置静音状态为 true
11:13:15.194 utils.ts:137 unknown mouseout事件触发 MouseEvent {isTrusted: true, screenX: 916, screenY: 942, clientX: 912, clientY: 862, …}
11:13:15.201 utils.ts:137 unknown mouseout事件触发 MouseEvent {isTrusted: true, screenX: 937, screenY: 919, clientX: 933, clientY: 839, …}
11:13:15.201 utils.ts:137 unknown mouseleave事件触发 MouseEvent {isTrusted: true, screenX: 937, screenY: 919, clientX: 933, clientY: 839, …}
11:13:15.211 utils.ts:137 unknown mouseout事件触发 MouseEvent {isTrusted: true, screenX: 956, screenY: 900, clientX: 952, clientY: 820, …}
11:13:15.219 utils.ts:137 unknown mouseout事件触发 MouseEvent {isTrusted: true, screenX: 989, screenY: 869, clientX: 985, clientY: 789, …}
11:13:15.220 utils.ts:137 unknown mouseleave事件触发 MouseEvent {isTrusted: true, screenX: 989, screenY: 869, clientX: 985, clientY: 789, …}
11:13:15.222 utils.ts:137 unknown mouseout事件触发 MouseEvent {isTrusted: true, screenX: 1004, screenY: 856, clientX: 1000, clientY: 776, …}
11:13:15.230 utils.ts:137 unknown mouseout事件触发 MouseEvent {isTrusted: true, screenX: 1034, screenY: 832, clientX: 1030, clientY: 752, …}
11:13:15.230 utils.ts:137 unknown mouseleave事件触发 MouseEvent {isTrusted: true, screenX: 1034, screenY: 832, clientX: 1030, clientY: 752, …}
11:13:15.237 utils.ts:137 unknown mouseout事件触发 MouseEvent {isTrusted: true, screenX: 1053, screenY: 819, clientX: 1049, clientY: 739, …}
11:13:15.237 utils.ts:137 unknown mouseleave事件触发 MouseEvent {isTrusted: true, screenX: 1053, screenY: 819, clientX: 1049, clientY: 739, …}
11:13:15.237 utils.ts:137 unknown mouseleave事件触发 MouseEvent {isTrusted: true, screenX: 1053, screenY: 819, clientX: 1049, clientY: 739, …}
11:13:15.237 utils.ts:137 unknown mouseleave事件触发 MouseEvent {isTrusted: true, screenX: 1053, screenY: 819, clientX: 1049, clientY: 739, …}
11:13:15.237 utils.ts:137 unknown mouseleave事件触发 MouseEvent {isTrusted: true, screenX: 1053, screenY: 819, clientX: 1049, clientY: 739, …}
11:13:15.238 utils.ts:137 unknown mouseleave事件触发 MouseEvent {isTrusted: true, screenX: 1053, screenY: 819, clientX: 1049, clientY: 739, …}
11:13:15.238 utils.ts:137 unknown mouseleave事件触发 MouseEvent {isTrusted: true, screenX: 1053, screenY: 819, clientX: 1049, clientY: 739, …}
11:13:15.238 utils.ts:137 unknown mouseleave事件触发 MouseEvent {isTrusted: true, screenX: 1053, screenY: 819, clientX: 1049, clientY: 739, …}
11:13:15.238 utils.ts:137 unknown mouseleave事件触发 MouseEvent {isTrusted: true, screenX: 1053, screenY: 819, clientX: 1049, clientY: 739, …}
11:13:15.238 utils.ts:137 unknown mouseleave事件触发 MouseEvent {isTrusted: true, screenX: 1053, screenY: 819, clientX: 1049, clientY: 739, …}
11:13:15.238 utils.ts:137 unknown mouseleave事件触发 MouseEvent {isTrusted: true, screenX: 1053, screenY: 819, clientX: 1049, clientY: 739, …}
11:13:15.238 utils.ts:137 unknown mouseleave事件触发 MouseEvent {isTrusted: true, screenX: 1053, screenY: 819, clientX: 1049, clientY: 739, …}
11:13:15.238 utils.ts:137 unknown mouseleave事件触发 MouseEvent {isTrusted: true, screenX: 1053, screenY: 819, clientX: 1049, clientY: 739, …}
11:13:15.238 utils.ts:137 unknown mouseleave事件触发 MouseEvent {isTrusted: true, screenX: 1053, screenY: 819, clientX: 1049, clientY: 739, …}
11:13:15.238 utils.ts:137 unknown mouseout事件触发 MouseEvent {isTrusted: true, screenX: 1062, screenY: 812, clientX: 1058, clientY: 732, …}
11:13:15.238 utils.ts:137 unknown mouseleave事件触发 MouseEvent {isTrusted: true, screenX: 1062, screenY: 812, clientX: 1058, clientY: 732, …}
11:13:15.239 utils.ts:137 unknown mouseleave事件触发 MouseEvent {isTrusted: true, screenX: 1062, screenY: 812, clientX: 1058, clientY: 732, …}
11:13:15.315 log.ts:179 [debug 11:13:15 ] 拦截到HTTP请求: /learn/app/clientapi/course/bigdata/courseLearnTime.do?os=99&sid=DDFFB4A8903046B2B2A2C20195472FFA
11:13:15.324 utils.ts:137 unknown seeking事件触发 Event {isTrusted: true, type: 'seeking', target: video#course-video_html5_api.vjs-tech, currentTarget: video#course-video_html5_api.vjs-tech, eventPhase: 2, …}
11:13:15.335 utils.ts:137 unknown seeked事件触发 Event {isTrusted: true, type: 'seeked', target: video#course-video_html5_api.vjs-tech, currentTarget: video#course-video_html5_api.vjs-tech, eventPhase: 2, …}
11:13:15.847 log.ts:179 [debug 11:13:15 ] 拦截到HTTP请求: /learn/app/clientapi/course/progress/reportLearnProgress.do?os=99&sid=DDFFB4A8903046B2B2A2C20195472FFA
11:13:15.995 8222.6209a852.chunk.js:1 report success
11:13:20.948 utils.ts:137 unknown mouseout事件触发 MouseEvent {isTrusted: true, screenX: 1045, screenY: 648, clientX: 1041, clientY: 568, …}
11:13:20.974 utils.ts:137 unknown mouseout事件触发 MouseEvent {isTrusted: true, screenX: 916, screenY: 685, clientX: 912, clientY: 605, …}
11:13:20.974 utils.ts:137 unknown mouseleave事件触发 MouseEvent {isTrusted: true, screenX: 916, screenY: 685, clientX: 912, clientY: 605, …}
11:13:20.974 utils.ts:137 unknown mouseleave事件触发 MouseEvent {isTrusted: true, screenX: 916, screenY: 685, clientX: 912, clientY: 605, …}
11:13:20.991 utils.ts:137 unknown mouseout事件触发 MouseEvent {isTrusted: true, screenX: 837, screenY: 704, clientX: 833, clientY: 624, …}
11:13:21.045 utils.ts:137 unknown mouseout事件触发 MouseEvent {isTrusted: true, screenX: 718, screenY: 703, clientX: 714, clientY: 623, …}
11:13:21.046 utils.ts:137 unknown mouseleave事件触发 MouseEvent {isTrusted: true, screenX: 718, screenY: 703, clientX: 714, clientY: 623, …}
11:13:21.115 utils.ts:137 unknown mouseout事件触发 MouseEvent {isTrusted: true, screenX: 675, screenY: 683, clientX: 671, clientY: 603, …}
11:13:21.115 utils.ts:137 unknown mouseleave事件触发 MouseEvent {isTrusted: true, screenX: 675, screenY: 683, clientX: 671, clientY: 603, …}
11:13:21.457 log.ts:179 [debug 11:13:21 ] 拦截到HTTP请求: https://zsglcdn.lzlj.com/learn/app/filehub/0001/formal/course/transCode/2024/02/26/B9A39E5CAA144D388621666CF671ED68/1708932724584_s_8.ts
11:13:21.951 utils.ts:137 unknown mouseout事件触发 MouseEvent {isTrusted: true, screenX: 677, screenY: 671, clientX: 673, clientY: 591, …}
11:13:21.987 utils.ts:137 unknown mouseout事件触发 MouseEvent {isTrusted: true, screenX: 677, screenY: 665, clientX: 673, clientY: 585, …}
11:13:21.987 utils.ts:137 unknown mouseleave事件触发 MouseEvent {isTrusted: true, screenX: 677, screenY: 665, clientX: 673, clientY: 585, …}
11:13:22.006 utils.ts:137 unknown mouseout事件触发 MouseEvent {isTrusted: true, screenX: 673, screenY: 653, clientX: 669, clientY: 573, …}
11:13:22.007 utils.ts:137 unknown mouseleave事件触发 MouseEvent {isTrusted: true, screenX: 673, screenY: 653, clientX: 669, clientY: 573, …}
11:13:22.007 utils.ts:137 unknown mouseleave事件触发 MouseEvent {isTrusted: true, screenX: 673, screenY: 653, clientX: 669, clientY: 573, …}
11:13:23.184 utils.ts:137 unknown mouseout事件触发 MouseEvent {isTrusted: true, screenX: 715, screenY: 657, clientX: 711, clientY: 577, …}
11:13:23.184 utils.ts:137 unknown mouseleave事件触发 MouseEvent {isTrusted: true, screenX: 715, screenY: 657, clientX: 711, clientY: 577, …}
11:13:23.191 utils.ts:137 unknown mouseout事件触发 MouseEvent {isTrusted: true, screenX: 743, screenY: 669, clientX: 739, clientY: 589, …}
11:13:23.192 utils.ts:137 unknown mouseout事件触发 MouseEvent {isTrusted: true, screenX: 754, screenY: 674, clientX: 750, clientY: 594, …}
11:13:23.193 utils.ts:137 unknown mouseleave事件触发 MouseEvent {isTrusted: true, screenX: 754, screenY: 674, clientX: 750, clientY: 594, …}
11:13:23.195 utils.ts:137 unknown mouseout事件触发 MouseEvent {isTrusted: true, screenX: 767, screenY: 680, clientX: 763, clientY: 600, …}
11:13:23.195 utils.ts:137 unknown mouseleave事件触发 MouseEvent {isTrusted: true, screenX: 767, screenY: 680, clientX: 763, clientY: 600, …}
11:13:23.197 utils.ts:137 unknown mouseout事件触发 MouseEvent {isTrusted: true, screenX: 779, screenY: 685, clientX: 775, clientY: 605, …}
11:13:23.197 utils.ts:137 unknown mouseleave事件触发 MouseEvent {isTrusted: true, screenX: 779, screenY: 685, clientX: 775, clientY: 605, …}
11:13:23.197 utils.ts:137 unknown mouseleave事件触发 MouseEvent {isTrusted: true, screenX: 779, screenY: 685, clientX: 775, clientY: 605, …}
11:13:23.197 utils.ts:137 unknown mouseleave事件触发 MouseEvent {isTrusted: true, screenX: 779, screenY: 685, clientX: 775, clientY: 605, …}
11:13:23.197 utils.ts:137 unknown mouseleave事件触发 MouseEvent {isTrusted: true, screenX: 779, screenY: 685, clientX: 775, clientY: 605, …}
11:13:23.197 utils.ts:137 unknown mouseleave事件触发 MouseEvent {isTrusted: true, screenX: 779, screenY: 685, clientX: 775, clientY: 605, …}
11:13:23.207 utils.ts:137 unknown mouseout事件触发 MouseEvent {isTrusted: true, screenX: 826, screenY: 705, clientX: 822, clientY: 625, …}
11:13:23.210 utils.ts:137 unknown mouseout事件触发 MouseEvent {isTrusted: true, screenX: 862, screenY: 722, clientX: 858, clientY: 642, …}
11:13:23.210 utils.ts:137 unknown mouseleave事件触发 MouseEvent {isTrusted: true, screenX: 862, screenY: 722, clientX: 858, clientY: 642, …}
11:13:23.218 utils.ts:137 unknown mouseout事件触发 MouseEvent {isTrusted: true, screenX: 907, screenY: 744, clientX: 903, clientY: 664, …}
11:13:23.228 utils.ts:137 unknown mouseout事件触发 MouseEvent {isTrusted: true, screenX: 967, screenY: 774, clientX: 963, clientY: 694, …}
11:13:23.229 utils.ts:137 unknown mouseleave事件触发 MouseEvent {isTrusted: true, screenX: 967, screenY: 774, clientX: 963, clientY: 694, …}
11:13:23.237 utils.ts:137 unknown mouseout事件触发 MouseEvent {isTrusted: true, screenX: 1004, screenY: 794, clientX: 1000, clientY: 714, …}
11:13:23.245 utils.ts:137 unknown mouseout事件触发 MouseEvent {isTrusted: true, screenX: 1044, screenY: 816, clientX: 1040, clientY: 736, …}
11:13:23.245 utils.ts:137 unknown mouseleave事件触发 MouseEvent {isTrusted: true, screenX: 1044, screenY: 816, clientX: 1040, clientY: 736, …}
11:13:23.246 utils.ts:137 unknown mouseout事件触发 MouseEvent {isTrusted: true, screenX: 1051, screenY: 821, clientX: 1047, clientY: 741, …}
11:13:23.247 utils.ts:137 unknown mouseleave事件触发 MouseEvent {isTrusted: true, screenX: 1051, screenY: 821, clientX: 1047, clientY: 741, …}
11:13:23.247 utils.ts:137 unknown mouseleave事件触发 MouseEvent {isTrusted: true, screenX: 1051, screenY: 821, clientX: 1047, clientY: 741, …}
11:13:23.247 utils.ts:137 unknown mouseleave事件触发 MouseEvent {isTrusted: true, screenX: 1051, screenY: 821, clientX: 1047, clientY: 741, …}
11:13:23.247 utils.ts:137 unknown mouseleave事件触发 MouseEvent {isTrusted: true, screenX: 1051, screenY: 821, clientX: 1047, clientY: 741, …}
11:13:23.247 utils.ts:137 unknown mouseleave事件触发 MouseEvent {isTrusted: true, screenX: 1051, screenY: 821, clientX: 1047, clientY: 741, …}
11:13:23.247 utils.ts:137 unknown mouseleave事件触发 MouseEvent {isTrusted: true, screenX: 1051, screenY: 821, clientX: 1047, clientY: 741, …}
11:13:23.247 utils.ts:137 unknown mouseleave事件触发 MouseEvent {isTrusted: true, screenX: 1051, screenY: 821, clientX: 1047, clientY: 741, …}
11:13:23.247 utils.ts:137 unknown mouseleave事件触发 MouseEvent {isTrusted: true, screenX: 1051, screenY: 821, clientX: 1047, clientY: 741, …}
11:13:23.247 utils.ts:137 unknown mouseleave事件触发 MouseEvent {isTrusted: true, screenX: 1051, screenY: 821, clientX: 1047, clientY: 741, …}
11:13:23.247 utils.ts:137 unknown mouseleave事件触发 MouseEvent {isTrusted: true, screenX: 1051, screenY: 821, clientX: 1047, clientY: 741, …}
11:13:23.247 utils.ts:137 unknown mouseleave事件触发 MouseEvent {isTrusted: true, screenX: 1051, screenY: 821, clientX: 1047, clientY: 741, …}
11:13:23.247 utils.ts:137 unknown mouseleave事件触发 MouseEvent {isTrusted: true, screenX: 1051, screenY: 821, clientX: 1047, clientY: 741, …}
11:13:23.247 utils.ts:137 unknown mouseleave事件触发 MouseEvent {isTrusted: true, screenX: 1051, screenY: 821, clientX: 1047, clientY: 741, …}
11:13:23.252 utils.ts:137 unknown mouseout事件触发 MouseEvent {isTrusted: true, screenX: 1064, screenY: 828, clientX: 1060, clientY: 748, …}
11:13:23.253 utils.ts:137 unknown mouseleave事件触发 MouseEvent {isTrusted: true, screenX: 1064, screenY: 828, clientX: 1060, clientY: 748, …}
11:13:23.253 utils.ts:137 unknown mouseleave事件触发 MouseEvent {isTrusted: true, screenX: 1064, screenY: 828, clientX: 1060, clientY: 748, …}
11:13:23.912 utils.ts:137 unknown mouseout事件触发 MouseEvent {isTrusted: true, screenX: 1052, screenY: 1027, clientX: 1048, clientY: 947, …}
11:13:23.912 utils.ts:137 unknown mouseleave事件触发 MouseEvent {isTrusted: true, screenX: 1052, screenY: 1027, clientX: 1048, clientY: 947, …}
11:13:23.912 utils.ts:137 unknown mouseleave事件触发 MouseEvent {isTrusted: true, screenX: 1052, screenY: 1027, clientX: 1048, clientY: 947, …}
11:13:24.060 utils.ts:137 unknown mouseout事件触发 MouseEvent {isTrusted: true, screenX: 1061, screenY: 1024, clientX: 1057, clientY: 944, …}
11:13:24.061 utils.ts:137 unknown mouseleave事件触发 MouseEvent {isTrusted: true, screenX: 1061, screenY: 1024, clientX: 1057, clientY: 944, …}
11:13:24.061 utils.ts:137 unknown mouseleave事件触发 MouseEvent {isTrusted: true, screenX: 1061, screenY: 1024, clientX: 1057, clientY: 944, …}
11:13:24.573 utils.ts:137 unknown visibilitychange事件触发 Event {isTrusted: true, type: 'visibilitychange', target: document, currentTarget: Window, eventPhase: 1, …}
11:13:24.584 log.ts:179 [debug 11:13:24 ] [视频事件] Video paused, attempting to resume...
11:13:24.590 log.ts:179 [debug 11:13:24 ] 拦截到HTTP请求: /learn/app/clientapi/course/bigdata/courseLearnTime.do?os=99&sid=DDFFB4A8903046B2B2A2C20195472FFA
11:13:25.584 log.ts:179 [debug 11:13:25 ] [点击播放] 找到播放按钮，点击播放 button.vjs-big-play-button
11:13:25.588 log.ts:179 [debug 11:13:25 ] [静音设置] 设置静音状态为 true
11:13:25.588 log.ts:179 [debug 11:13:25 ] [播放速率] 设置播放速率为 1x
11:13:25.591 log.ts:179 [debug 11:13:25 ] [视频事件] Video playing, applying settings...
11:13:25.594 log.ts:179 [debug 11:13:25 ] 拦截到HTTP请求: /learn/app/getGlobalTimestamp.do?os=99&sid=DDFFB4A8903046B2B2A2C20195472FFA
11:13:25.595 log.ts:179 [debug 11:13:25 ] 拦截到HTTP请求: /learn/app/clientapi/course/play/queryStatus.do?courseWareId=1708932724584&courseId=N003284&bizType=0&bizId=&sid=DDFFB4A8903046B2B2A2C20195472FFA&os=99
11:13:25.600 log.ts:179 [debug 11:13:25 ] 拦截到HTTP请求: /learn/app/clientapi/course/progress/reportLearnProgress.do?os=99&sid=DDFFB4A8903046B2B2A2C20195472FFA
11:13:25.770 utils.ts:137 unknown seeking事件触发 Event {isTrusted: true, type: 'seeking', target: video#course-video_html5_api.vjs-tech, currentTarget: video#course-video_html5_api.vjs-tech, eventPhase: 2, …}
11:13:25.775 log.ts:179 [debug 11:13:25 ] [视频事件] Video paused, attempting to resume...
11:13:25.844 log.ts:179 [debug 11:13:25 ] 拦截到HTTP请求: /learn/app/clientapi/course/bigdata/courseLearnTime.do?os=99&sid=DDFFB4A8903046B2B2A2C20195472FFA
11:13:25.847 8222.6209a852.chunk.js:1 report success
11:13:26.167 utils.ts:137 unknown seeked事件触发 Event {isTrusted: true, type: 'seeked', target: video#course-video_html5_api.vjs-tech, currentTarget: video#course-video_html5_api.vjs-tech, eventPhase: 2, …}
11:13:26.582 log.ts:179 [debug 11:13:26 ] [播放速率] 设置播放速率为 1x
11:13:26.583 log.ts:179 [debug 11:13:26 ] [静音设置] 设置静音状态为 true
11:13:26.585 log.ts:179 [debug 11:13:26 ] [点击播放] 找到播放按钮，点击播放 button.vjs-big-play-button
11:13:26.588 log.ts:179 [debug 11:13:26 ] [静音设置] 设置静音状态为 true
11:13:26.588 log.ts:179 [debug 11:13:26 ] [播放速率] 设置播放速率为 1x
11:13:26.593 log.ts:179 [debug 11:13:26 ] [视频事件] Video playing, applying settings...
11:13:26.599 log.ts:179 [debug 11:13:26 ] 拦截到HTTP请求: /learn/app/clientapi/course/play/queryStatus.do?courseWareId=1708932724584&courseId=N003284&bizType=0&bizId=&sid=DDFFB4A8903046B2B2A2C20195472FFA&os=99
11:13:26.759 utils.ts:137 unknown seeking事件触发 Event {isTrusted: true, type: 'seeking', target: video#course-video_html5_api.vjs-tech, currentTarget: video#course-video_html5_api.vjs-tech, eventPhase: 2, …}
11:13:26.761 log.ts:179 [debug 11:13:26 ] [视频事件] Video paused, attempting to resume...
11:13:26.767 log.ts:179 [debug 11:13:26 ] 拦截到HTTP请求: /learn/app/clientapi/course/bigdata/courseLearnTime.do?os=99&sid=DDFFB4A8903046B2B2A2C20195472FFA
11:13:27.019 utils.ts:137 unknown seeked事件触发 Event {isTrusted: true, type: 'seeked', target: video#course-video_html5_api.vjs-tech, currentTarget: video#course-video_html5_api.vjs-tech, eventPhase: 2, …}
11:13:27.580 log.ts:179 [debug 11:13:27 ] [播放速率] 设置播放速率为 1x
11:13:27.581 log.ts:179 [debug 11:13:27 ] [静音设置] 设置静音状态为 true
11:13:27.584 log.ts:179 [debug 11:13:27 ] [点击播放] 找到播放按钮，点击播放 button.vjs-big-play-button
11:13:27.598 log.ts:179 [debug 11:13:27 ] [静音设置] 设置静音状态为 true
11:13:27.602 log.ts:179 [debug 11:13:27 ] [播放速率] 设置播放速率为 1x
11:13:27.624 log.ts:179 [debug 11:13:27 ] [视频事件] Video playing, applying settings...
11:13:27.631 log.ts:179 [debug 11:13:27 ] 拦截到HTTP请求: /learn/app/getGlobalTimestamp.do?os=99&sid=DDFFB4A8903046B2B2A2C20195472FFA
11:13:27.632 log.ts:179 [debug 11:13:27 ] 拦截到HTTP请求: /learn/app/clientapi/course/play/queryStatus.do?courseWareId=1708932724584&courseId=N003284&bizType=0&bizId=&sid=DDFFB4A8903046B2B2A2C20195472FFA&os=99
11:13:27.775 utils.ts:137 unknown seeking事件触发 Event {isTrusted: true, type: 'seeking', target: video#course-video_html5_api.vjs-tech, currentTarget: video#course-video_html5_api.vjs-tech, eventPhase: 2, …}
11:13:27.781 log.ts:179 [debug 11:13:27 ] [视频事件] Video paused, attempting to resume...
11:13:27.867 log.ts:179 [debug 11:13:27 ] 拦截到HTTP请求: /learn/app/clientapi/course/bigdata/courseLearnTime.do?os=99&sid=DDFFB4A8903046B2B2A2C20195472FFA
11:13:28.045 utils.ts:137 unknown seeked事件触发 Event {isTrusted: true, type: 'seeked', target: video#course-video_html5_api.vjs-tech, currentTarget: video#course-video_html5_api.vjs-tech, eventPhase: 2, …}
11:13:28.574 log.ts:179 [debug 11:13:28 ] [播放速率] 设置播放速率为 1x
11:13:28.575 log.ts:179 [debug 11:13:28 ] [静音设置] 设置静音状态为 true
11:13:28.576 log.ts:179 [debug 11:13:28 ] [点击播放] 找到播放按钮，点击播放 button.vjs-big-play-button
11:13:28.581 log.ts:179 [debug 11:13:28 ] [静音设置] 设置静音状态为 true
11:13:28.581 log.ts:179 [debug 11:13:28 ] [播放速率] 设置播放速率为 1x
11:13:28.587 log.ts:179 [debug 11:13:28 ] [视频事件] Video playing, applying settings...
11:13:28.594 log.ts:179 [debug 11:13:28 ] 拦截到HTTP请求: /learn/app/clientapi/course/play/queryStatus.do?courseWareId=1708932724584&courseId=N003284&bizType=0&bizId=&sid=DDFFB4A8903046B2B2A2C20195472FFA&os=99
11:13:28.849 utils.ts:137 unknown seeking事件触发 Event {isTrusted: true, type: 'seeking', target: video#course-video_html5_api.vjs-tech, currentTarget: video#course-video_html5_api.vjs-tech, eventPhase: 2, …}
11:13:28.856 log.ts:179 [debug 11:13:28 ] [视频事件] Video paused, attempting to resume...
11:13:28.865 log.ts:179 [debug 11:13:28 ] 拦截到HTTP请求: /learn/app/clientapi/course/bigdata/courseLearnTime.do?os=99&sid=DDFFB4A8903046B2B2A2C20195472FFA
11:13:29.109 utils.ts:137 unknown seeked事件触发 Event {isTrusted: true, type: 'seeked', target: video#course-video_html5_api.vjs-tech, currentTarget: video#course-video_html5_api.vjs-tech, eventPhase: 2, …}
11:13:29.584 log.ts:179 [debug 11:13:29 ] [播放速率] 设置播放速率为 1x
11:13:29.584 log.ts:179 [debug 11:13:29 ] [静音设置] 设置静音状态为 true
11:13:29.585 log.ts:179 [debug 11:13:29 ] [点击播放] 找到播放按钮，点击播放 button.vjs-big-play-button
11:13:29.586 log.ts:179 [debug 11:13:29 ] [静音设置] 设置静音状态为 true
11:13:29.586 log.ts:179 [debug 11:13:29 ] [播放速率] 设置播放速率为 1x
11:13:29.589 log.ts:179 [debug 11:13:29 ] [视频事件] Video playing, applying settings...
11:13:29.593 log.ts:179 [debug 11:13:29 ] 拦截到HTTP请求: /learn/app/getGlobalTimestamp.do?os=99&sid=DDFFB4A8903046B2B2A2C20195472FFA
11:13:29.594 log.ts:179 [debug 11:13:29 ] 拦截到HTTP请求: /learn/app/clientapi/course/play/queryStatus.do?courseWareId=1708932724584&courseId=N003284&bizType=0&bizId=&sid=DDFFB4A8903046B2B2A2C20195472FFA&os=99
11:13:29.756 log.ts:179 [debug 11:13:29 ] 拦截到HTTP请求: /learn/app/clientapi/course/bigdata/courseLearnTime.do?os=99&sid=DDFFB4A8903046B2B2A2C20195472FFA
11:13:29.765 utils.ts:137 unknown seeking事件触发 Event {isTrusted: true, type: 'seeking', target: video#course-video_html5_api.vjs-tech, currentTarget: video#course-video_html5_api.vjs-tech, eventPhase: 2, …}
11:13:29.768 log.ts:179 [debug 11:13:29 ] [视频事件] Video paused, attempting to resume...
11:13:29.772 log.ts:179 [debug 11:13:29 ] 拦截到HTTP请求: /learn/app/clientapi/course/bigdata/courseLearnTime.do?os=99&sid=DDFFB4A8903046B2B2A2C20195472FFA
11:13:29.774 (索引):1  Uncaught (in promise) t {message: undefined}
Promise.then
(匿名) @ 8222.6209a852.chunk.js:1
u @ 9561.4bf2dc71.js:2
(匿名) @ 9561.4bf2dc71.js:2
(匿名) @ 9561.4bf2dc71.js:2
r @ 9561.4bf2dc71.js:2
s @ 9561.4bf2dc71.js:2
Promise.then
r @ 9561.4bf2dc71.js:2
s @ 9561.4bf2dc71.js:2
(匿名) @ 9561.4bf2dc71.js:2
(匿名) @ 9561.4bf2dc71.js:2
(匿名) @ 8222.6209a852.chunk.js:1
u @ 9561.4bf2dc71.js:2
(匿名) @ 9561.4bf2dc71.js:2
(匿名) @ 9561.4bf2dc71.js:2
r @ 9561.4bf2dc71.js:2
s @ 9561.4bf2dc71.js:2
(匿名) @ 9561.4bf2dc71.js:2
(匿名) @ 9561.4bf2dc71.js:2
m @ 9561.4bf2dc71.js:2
w @ 9561.4bf2dc71.js:2
(匿名) @ 9561.4bf2dc71.js:2
E @ 9561.4bf2dc71.js:2
C @ 9561.4bf2dc71.js:2
S @ 9561.4bf2dc71.js:2
D @ 9561.4bf2dc71.js:2
kn @ 9561.4bf2dc71.js:2
le @ 9561.4bf2dc71.js:2
Dn @ 9561.4bf2dc71.js:2
zn @ 9561.4bf2dc71.js:2
An @ 9561.4bf2dc71.js:2
t.unstable_runWithPriority @ 9561.4bf2dc71.js:2
qo @ 9561.4bf2dc71.js:2
se @ 9561.4bf2dc71.js:2
Tn @ 9561.4bf2dc71.js:2
play
(匿名) @ 8222.6209a852.chunk.js:1
clickPlayButton @ video.ts:147
eval @ video.ts:177
setTimeout
eval @ video.ts:175
11:13:30.015 utils.ts:137 unknown seeked事件触发 Event {isTrusted: true, type: 'seeked', target: video#course-video_html5_api.vjs-tech, currentTarget: video#course-video_html5_api.vjs-tech, eventPhase: 2, …}
11:13:30.052 utils.ts:137 unknown visibilitychange事件触发 Event {isTrusted: true, type: 'visibilitychange', target: document, currentTarget: Window, eventPhase: 1, …}
11:13:30.053 log.ts:179 [debug 11:13:30 ] [视频事件] Video playing, applying settings...
11:13:30.055 log.ts:179 [debug 11:13:30 ] 拦截到HTTP请求: /learn/app/getGlobalTimestamp.do?os=99&sid=DDFFB4A8903046B2B2A2C20195472FFA
11:13:30.056 log.ts:179 [debug 11:13:30 ] 拦截到HTTP请求: /learn/app/clientapi/course/play/queryStatus.do?courseWareId=1708932724584&courseId=N003284&bizType=0&bizId=&sid=DDFFB4A8903046B2B2A2C20195472FFA&os=99
11:13:30.061 log.ts:179 [debug 11:13:30 ] [播放速率] 设置播放速率为 1x
11:13:30.061 log.ts:179 [debug 11:13:30 ] [静音设置] 设置静音状态为 true
11:13:30.155 log.ts:179 [debug 11:13:30 ] [播放速率] 设置播放速率为 1x
11:13:30.155 log.ts:179 [debug 11:13:30 ] [静音设置] 设置静音状态为 true
11:13:30.265 utils.ts:137 unknown seeking事件触发 Event {isTrusted: true, type: 'seeking', target: video#course-video_html5_api.vjs-tech, currentTarget: video#course-video_html5_api.vjs-tech, eventPhase: 2, …}
11:13:30.280 log.ts:179 [debug 11:13:30 ] 拦截到HTTP请求: /learn/app/clientapi/course/bigdata/courseLearnTime.do?os=99&sid=DDFFB4A8903046B2B2A2C20195472FFA
11:13:30.512 utils.ts:137 unknown seeked事件触发 Event {isTrusted: true, type: 'seeked', target: video#course-video_html5_api.vjs-tech, currentTarget: video#course-video_html5_api.vjs-tech, eventPhase: 2, …}
11:13:30.785 log.ts:179 [debug 11:13:30 ] 拦截到HTTP请求: /learn/app/clientapi/course/progress/reportLearnProgress.do?os=99&sid=DDFFB4A8903046B2B2A2C20195472FFA
11:13:31.034 8222.6209a852.chunk.js:1 report success
11:13:40.745 log.ts:179 [debug 11:13:40 ] 拦截到HTTP请求: https://zsglcdn.lzlj.com/learn/app/filehub/0001/formal/course/transCode/2024/02/26/B9A39E5CAA144D388621666CF671ED68/1708932724584_s_9.ts
11:13:50.742 log.ts:179 [debug 11:13:50 ] 拦截到HTTP请求: https://zsglcdn.lzlj.com/learn/app/filehub/0001/formal/course/transCode/2024/02/26/B9A39E5CAA144D388621666CF671ED68/1708932724584_s_10.ts
11:13:57.922 utils.ts:137 unknown visibilitychange事件触发 Event {isTrusted: true, type: 'visibilitychange', target: document, currentTarget: Window, eventPhase: 1, …}
11:13:57.923 log.ts:179 [debug 11:13:57 ] [视频事件] Video paused, attempting to resume...
11:13:57.925 log.ts:179 [debug 11:13:57 ] 拦截到HTTP请求: /learn/app/clientapi/course/bigdata/courseLearnTime.do?os=99&sid=DDFFB4A8903046B2B2A2C20195472FFA
11:13:58.590 log.ts:179 [debug 11:13:58 ] [点击播放] 找到播放按钮，点击播放 button.vjs-big-play-button
11:13:58.592 log.ts:179 [debug 11:13:58 ] [静音设置] 设置静音状态为 true
11:13:58.592 log.ts:179 [debug 11:13:58 ] [播放速率] 设置播放速率为 1x
11:13:58.595 log.ts:179 [debug 11:13:58 ] [视频事件] Video playing, applying settings...
11:13:58.600 log.ts:179 [debug 11:13:58 ] 拦截到HTTP请求: /learn/app/getGlobalTimestamp.do?os=99&sid=DDFFB4A8903046B2B2A2C20195472FFA
11:13:58.602 log.ts:179 [debug 11:13:58 ] 拦截到HTTP请求: /learn/app/clientapi/course/play/queryStatus.do?courseWareId=1708932724584&courseId=N003284&bizType=0&bizId=&sid=DDFFB4A8903046B2B2A2C20195472FFA&os=99
11:13:58.756 utils.ts:137 unknown seeking事件触发 Event {isTrusted: true, type: 'seeking', target: video#course-video_html5_api.vjs-tech, currentTarget: video#course-video_html5_api.vjs-tech, eventPhase: 2, …}
11:13:58.758 log.ts:179 [debug 11:13:58 ] [视频事件] Video paused, attempting to resume...
11:13:58.842 log.ts:179 [debug 11:13:58 ] 拦截到HTTP请求: /learn/app/clientapi/course/bigdata/courseLearnTime.do?os=99&sid=DDFFB4A8903046B2B2A2C20195472FFA
11:13:59.189 utils.ts:137 unknown seeked事件触发 Event {isTrusted: true, type: 'seeked', target: video#course-video_html5_api.vjs-tech, currentTarget: video#course-video_html5_api.vjs-tech, eventPhase: 2, …}
11:13:59.583 log.ts:179 [debug 11:13:59 ] [播放速率] 设置播放速率为 1x
11:13:59.584 log.ts:179 [debug 11:13:59 ] [静音设置] 设置静音状态为 true
11:13:59.586 log.ts:179 [debug 11:13:59 ] [点击播放] 找到播放按钮，点击播放 button.vjs-big-play-button
11:13:59.591 log.ts:179 [debug 11:13:59 ] [静音设置] 设置静音状态为 true
11:13:59.591 log.ts:179 [debug 11:13:59 ] [播放速率] 设置播放速率为 1x
11:13:59.596 log.ts:179 [debug 11:13:59 ] [视频事件] Video playing, applying settings...
11:13:59.607 log.ts:179 [debug 11:13:59 ] 拦截到HTTP请求: /learn/app/clientapi/course/play/queryStatus.do?courseWareId=1708932724584&courseId=N003284&bizType=0&bizId=&sid=DDFFB4A8903046B2B2A2C20195472FFA&os=99
11:13:59.763 utils.ts:137 unknown seeking事件触发 Event {isTrusted: true, type: 'seeking', target: video#course-video_html5_api.vjs-tech, currentTarget: video#course-video_html5_api.vjs-tech, eventPhase: 2, …}
11:13:59.765 log.ts:179 [debug 11:13:59 ] [视频事件] Video paused, attempting to resume...
11:13:59.770 log.ts:179 [debug 11:13:59 ] 拦截到HTTP请求: /learn/app/clientapi/course/bigdata/courseLearnTime.do?os=99&sid=DDFFB4A8903046B2B2A2C20195472FFA
11:13:59.999 utils.ts:137 unknown seeked事件触发 Event {isTrusted: true, type: 'seeked', target: video#course-video_html5_api.vjs-tech, currentTarget: video#course-video_html5_api.vjs-tech, eventPhase: 2, …}
11:14:00.579 log.ts:179 [debug 11:14:0 ] [播放速率] 设置播放速率为 1x
11:14:00.579 log.ts:179 [debug 11:14:0 ] [静音设置] 设置静音状态为 true
11:14:00.579 log.ts:179 [debug 11:14:0 ] [点击播放] 找到播放按钮，点击播放 button.vjs-big-play-button
11:14:00.581 log.ts:179 [debug 11:14:0 ] [静音设置] 设置静音状态为 true
11:14:00.582 log.ts:179 [debug 11:14:0 ] [播放速率] 设置播放速率为 1x
11:14:00.584 log.ts:179 [debug 11:14:0 ] [视频事件] Video playing, applying settings...
11:14:00.587 log.ts:179 [debug 11:14:0 ] 拦截到HTTP请求: /learn/app/getGlobalTimestamp.do?os=99&sid=DDFFB4A8903046B2B2A2C20195472FFA
11:14:00.588 log.ts:179 [debug 11:14:0 ] 拦截到HTTP请求: /learn/app/clientapi/course/play/queryStatus.do?courseWareId=1708932724584&courseId=N003284&bizType=0&bizId=&sid=DDFFB4A8903046B2B2A2C20195472FFA&os=99
11:14:00.729 utils.ts:137 unknown seeking事件触发 Event {isTrusted: true, type: 'seeking', target: video#course-video_html5_api.vjs-tech, currentTarget: video#course-video_html5_api.vjs-tech, eventPhase: 2, …}
11:14:00.731 log.ts:179 [debug 11:14:0 ] [视频事件] Video paused, attempting to resume...
11:14:00.823 log.ts:179 [debug 11:14:0 ] 拦截到HTTP请求: /learn/app/clientapi/course/bigdata/courseLearnTime.do?os=99&sid=DDFFB4A8903046B2B2A2C20195472FFA
11:14:00.969 utils.ts:137 unknown seeked事件触发 Event {isTrusted: true, type: 'seeked', target: video#course-video_html5_api.vjs-tech, currentTarget: video#course-video_html5_api.vjs-tech, eventPhase: 2, …}
11:14:01.590 log.ts:179 [debug 11:14:1 ] [播放速率] 设置播放速率为 1x
11:14:01.590 log.ts:179 [debug 11:14:1 ] [静音设置] 设置静音状态为 true
11:14:01.590 log.ts:179 [debug 11:14:1 ] [点击播放] 找到播放按钮，点击播放 button.vjs-big-play-button
11:14:01.597 log.ts:179 [debug 11:14:1 ] [静音设置] 设置静音状态为 true
11:14:01.597 log.ts:179 [debug 11:14:1 ] [播放速率] 设置播放速率为 1x
11:14:01.602 log.ts:179 [debug 11:14:1 ] [视频事件] Video playing, applying settings...
11:14:01.607 log.ts:179 [debug 11:14:1 ] 拦截到HTTP请求: /learn/app/clientapi/course/play/queryStatus.do?courseWareId=1708932724584&courseId=N003284&bizType=0&bizId=&sid=DDFFB4A8903046B2B2A2C20195472FFA&os=99
11:14:01.828 utils.ts:137 unknown seeking事件触发 Event {isTrusted: true, type: 'seeking', target: video#course-video_html5_api.vjs-tech, currentTarget: video#course-video_html5_api.vjs-tech, eventPhase: 2, …}
11:14:01.830 log.ts:179 [debug 11:14:1 ] [视频事件] Video paused, attempting to resume...
11:14:01.835 log.ts:179 [debug 11:14:1 ] 拦截到HTTP请求: /learn/app/clientapi/course/bigdata/courseLearnTime.do?os=99&sid=DDFFB4A8903046B2B2A2C20195472FFA
11:14:02.131 utils.ts:137 unknown seeked事件触发 Event {isTrusted: true, type: 'seeked', target: video#course-video_html5_api.vjs-tech, currentTarget: video#course-video_html5_api.vjs-tech, eventPhase: 2, …}
11:14:02.591 log.ts:179 [debug 11:14:2 ] [播放速率] 设置播放速率为 1x
11:14:02.592 log.ts:179 [debug 11:14:2 ] [静音设置] 设置静音状态为 true
11:14:02.592 log.ts:179 [debug 11:14:2 ] [点击播放] 找到播放按钮，点击播放 button.vjs-big-play-button
11:14:02.594 log.ts:179 [debug 11:14:2 ] [静音设置] 设置静音状态为 true
11:14:02.594 log.ts:179 [debug 11:14:2 ] [播放速率] 设置播放速率为 1x
11:14:02.596 log.ts:179 [debug 11:14:2 ] [视频事件] Video playing, applying settings...
11:14:02.600 log.ts:179 [debug 11:14:2 ] 拦截到HTTP请求: /learn/app/getGlobalTimestamp.do?os=99&sid=DDFFB4A8903046B2B2A2C20195472FFA
11:14:02.600 log.ts:179 [debug 11:14:2 ] 拦截到HTTP请求: /learn/app/clientapi/course/play/queryStatus.do?courseWareId=1708932724584&courseId=N003284&bizType=0&bizId=&sid=DDFFB4A8903046B2B2A2C20195472FFA&os=99
11:14:02.753 utils.ts:137 unknown seeking事件触发 Event {isTrusted: true, type: 'seeking', target: video#course-video_html5_api.vjs-tech, currentTarget: video#course-video_html5_api.vjs-tech, eventPhase: 2, …}
11:14:02.757 log.ts:179 [debug 11:14:2 ] [视频事件] Video paused, attempting to resume...
11:14:02.830 log.ts:179 [debug 11:14:2 ] 拦截到HTTP请求: /learn/app/clientapi/course/bigdata/courseLearnTime.do?os=99&sid=DDFFB4A8903046B2B2A2C20195472FFA
11:14:03.006 utils.ts:137 unknown seeked事件触发 Event {isTrusted: true, type: 'seeked', target: video#course-video_html5_api.vjs-tech, currentTarget: video#course-video_html5_api.vjs-tech, eventPhase: 2, …}
11:14:03.589 log.ts:179 [debug 11:14:3 ] [播放速率] 设置播放速率为 1x
11:14:03.589 log.ts:179 [debug 11:14:3 ] [静音设置] 设置静音状态为 true
11:14:03.589 log.ts:179 [debug 11:14:3 ] [点击播放] 找到播放按钮，点击播放 button.vjs-big-play-button
11:14:03.591 log.ts:179 [debug 11:14:3 ] [静音设置] 设置静音状态为 true
11:14:03.591 log.ts:179 [debug 11:14:3 ] [播放速率] 设置播放速率为 1x
11:14:03.591 log.ts:179 [debug 11:14:3 ] [视频事件] Video playing, applying settings...
11:14:03.594 log.ts:179 [debug 11:14:3 ] 拦截到HTTP请求: /learn/app/clientapi/course/play/queryStatus.do?courseWareId=1708932724584&courseId=N003284&bizType=0&bizId=&sid=DDFFB4A8903046B2B2A2C20195472FFA&os=99
11:14:03.751 utils.ts:137 unknown seeking事件触发 Event {isTrusted: true, type: 'seeking', target: video#course-video_html5_api.vjs-tech, currentTarget: video#course-video_html5_api.vjs-tech, eventPhase: 2, …}
11:14:03.752 log.ts:179 [debug 11:14:3 ] [视频事件] Video paused, attempting to resume...
11:14:03.755 log.ts:179 [debug 11:14:3 ] 拦截到HTTP请求: /learn/app/clientapi/course/bigdata/courseLearnTime.do?os=99&sid=DDFFB4A8903046B2B2A2C20195472FFA
11:14:04.002 utils.ts:137 unknown seeked事件触发 Event {isTrusted: true, type: 'seeked', target: video#course-video_html5_api.vjs-tech, currentTarget: video#course-video_html5_api.vjs-tech, eventPhase: 2, …}
11:14:04.587 log.ts:179 [debug 11:14:4 ] [播放速率] 设置播放速率为 1x
11:14:04.588 log.ts:179 [debug 11:14:4 ] [静音设置] 设置静音状态为 true
11:14:04.588 log.ts:179 [debug 11:14:4 ] [点击播放] 找到播放按钮，点击播放 button.vjs-big-play-button
11:14:04.591 log.ts:179 [debug 11:14:4 ] [静音设置] 设置静音状态为 true
11:14:04.591 log.ts:179 [debug 11:14:4 ] [播放速率] 设置播放速率为 1x
11:14:04.594 log.ts:179 [debug 11:14:4 ] [视频事件] Video playing, applying settings...
11:14:04.597 log.ts:179 [debug 11:14:4 ] 拦截到HTTP请求: /learn/app/getGlobalTimestamp.do?os=99&sid=DDFFB4A8903046B2B2A2C20195472FFA
11:14:04.598 log.ts:179 [debug 11:14:4 ] 拦截到HTTP请求: /learn/app/clientapi/course/play/queryStatus.do?courseWareId=1708932724584&courseId=N003284&bizType=0&bizId=&sid=DDFFB4A8903046B2B2A2C20195472FFA&os=99
11:14:04.763 utils.ts:137 unknown seeking事件触发 Event {isTrusted: true, type: 'seeking', target: video#course-video_html5_api.vjs-tech, currentTarget: video#course-video_html5_api.vjs-tech, eventPhase: 2, …}
11:14:04.766 log.ts:179 [debug 11:14:4 ] [视频事件] Video paused, attempting to resume...
11:14:04.850 log.ts:179 [debug 11:14:4 ] 拦截到HTTP请求: /learn/app/clientapi/course/bigdata/courseLearnTime.do?os=99&sid=DDFFB4A8903046B2B2A2C20195472FFA
11:14:05.005 utils.ts:137 unknown seeked事件触发 Event {isTrusted: true, type: 'seeked', target: video#course-video_html5_api.vjs-tech, currentTarget: video#course-video_html5_api.vjs-tech, eventPhase: 2, …}
11:14:05.592 log.ts:179 [debug 11:14:5 ] [播放速率] 设置播放速率为 1x
11:14:05.592 log.ts:179 [debug 11:14:5 ] [静音设置] 设置静音状态为 true
11:14:05.593 log.ts:179 [debug 11:14:5 ] [点击播放] 找到播放按钮，点击播放 button.vjs-big-play-button
11:14:05.597 log.ts:179 [debug 11:14:5 ] [静音设置] 设置静音状态为 true
11:14:05.597 log.ts:179 [debug 11:14:5 ] [播放速率] 设置播放速率为 1x
11:14:05.653 log.ts:179 [debug 11:14:5 ] [视频事件] Video playing, applying settings...
11:14:05.658 log.ts:179 [debug 11:14:5 ] 拦截到HTTP请求: /learn/app/clientapi/course/play/queryStatus.do?courseWareId=1708932724584&courseId=N003284&bizType=0&bizId=&sid=DDFFB4A8903046B2B2A2C20195472FFA&os=99
11:14:05.824 utils.ts:137 unknown seeking事件触发 Event {isTrusted: true, type: 'seeking', target: video#course-video_html5_api.vjs-tech, currentTarget: video#course-video_html5_api.vjs-tech, eventPhase: 2, …}
11:14:05.827 log.ts:179 [debug 11:14:5 ] [视频事件] Video paused, attempting to resume...
11:14:05.831 log.ts:179 [debug 11:14:5 ] 拦截到HTTP请求: /learn/app/clientapi/course/bigdata/courseLearnTime.do?os=99&sid=DDFFB4A8903046B2B2A2C20195472FFA
11:14:06.063 utils.ts:137 unknown seeked事件触发 Event {isTrusted: true, type: 'seeked', target: video#course-video_html5_api.vjs-tech, currentTarget: video#course-video_html5_api.vjs-tech, eventPhase: 2, …}
11:14:06.582 log.ts:179 [debug 11:14:6 ] [播放速率] 设置播放速率为 1x
11:14:06.582 log.ts:179 [debug 11:14:6 ] [静音设置] 设置静音状态为 true
11:14:06.582 log.ts:179 [debug 11:14:6 ] [点击播放] 找到播放按钮，点击播放 button.vjs-big-play-button
11:14:06.585 log.ts:179 [debug 11:14:6 ] [静音设置] 设置静音状态为 true
11:14:06.585 log.ts:179 [debug 11:14:6 ] [播放速率] 设置播放速率为 1x
11:14:06.588 log.ts:179 [debug 11:14:6 ] [视频事件] Video playing, applying settings...
11:14:06.591 log.ts:179 [debug 11:14:6 ] 拦截到HTTP请求: /learn/app/getGlobalTimestamp.do?os=99&sid=DDFFB4A8903046B2B2A2C20195472FFA
11:14:06.591 log.ts:179 [debug 11:14:6 ] 拦截到HTTP请求: /learn/app/clientapi/course/play/queryStatus.do?courseWareId=1708932724584&courseId=N003284&bizType=0&bizId=&sid=DDFFB4A8903046B2B2A2C20195472FFA&os=99
11:14:06.751 utils.ts:137 unknown seeking事件触发 Event {isTrusted: true, type: 'seeking', target: video#course-video_html5_api.vjs-tech, currentTarget: video#course-video_html5_api.vjs-tech, eventPhase: 2, …}
11:14:06.755 log.ts:179 [debug 11:14:6 ] [视频事件] Video paused, attempting to resume...
11:14:06.810 log.ts:179 [debug 11:14:6 ] 拦截到HTTP请求: /learn/app/clientapi/course/bigdata/courseLearnTime.do?os=99&sid=DDFFB4A8903046B2B2A2C20195472FFA
11:14:06.994 utils.ts:137 unknown seeked事件触发 Event {isTrusted: true, type: 'seeked', target: video#course-video_html5_api.vjs-tech, currentTarget: video#course-video_html5_api.vjs-tech, eventPhase: 2, …}
11:14:07.580 log.ts:179 [debug 11:14:7 ] [播放速率] 设置播放速率为 1x
11:14:07.580 log.ts:179 [debug 11:14:7 ] [静音设置] 设置静音状态为 true
11:14:07.581 log.ts:179 [debug 11:14:7 ] [点击播放] 找到播放按钮，点击播放 button.vjs-big-play-button
11:14:07.585 log.ts:179 [debug 11:14:7 ] [静音设置] 设置静音状态为 true
11:14:07.585 log.ts:179 [debug 11:14:7 ] [播放速率] 设置播放速率为 1x
11:14:07.587 log.ts:179 [debug 11:14:7 ] [视频事件] Video playing, applying settings...
11:14:07.591 log.ts:179 [debug 11:14:7 ] 拦截到HTTP请求: /learn/app/clientapi/course/play/queryStatus.do?courseWareId=1708932724584&courseId=N003284&bizType=0&bizId=&sid=DDFFB4A8903046B2B2A2C20195472FFA&os=99
11:14:07.819 utils.ts:137 unknown seeking事件触发 Event {isTrusted: true, type: 'seeking', target: video#course-video_html5_api.vjs-tech, currentTarget: video#course-video_html5_api.vjs-tech, eventPhase: 2, …}
11:14:07.821 log.ts:179 [debug 11:14:7 ] [视频事件] Video paused, attempting to resume...
11:14:07.829 log.ts:179 [debug 11:14:7 ] 拦截到HTTP请求: /learn/app/clientapi/course/bigdata/courseLearnTime.do?os=99&sid=DDFFB4A8903046B2B2A2C20195472FFA
11:14:08.067 utils.ts:137 unknown seeked事件触发 Event {isTrusted: true, type: 'seeked', target: video#course-video_html5_api.vjs-tech, currentTarget: video#course-video_html5_api.vjs-tech, eventPhase: 2, …}
11:14:08.579 log.ts:179 [debug 11:14:8 ] [播放速率] 设置播放速率为 1x
11:14:08.579 log.ts:179 [debug 11:14:8 ] [静音设置] 设置静音状态为 true
11:14:08.579 log.ts:179 [debug 11:14:8 ] [点击播放] 找到播放按钮，点击播放 button.vjs-big-play-button
11:14:08.582 log.ts:179 [debug 11:14:8 ] [静音设置] 设置静音状态为 true
11:14:08.582 log.ts:179 [debug 11:14:8 ] [播放速率] 设置播放速率为 1x
11:14:08.588 log.ts:179 [debug 11:14:8 ] [视频事件] Video playing, applying settings...
11:14:08.596 log.ts:179 [debug 11:14:8 ] 拦截到HTTP请求: /learn/app/getGlobalTimestamp.do?os=99&sid=DDFFB4A8903046B2B2A2C20195472FFA
11:14:08.598 log.ts:179 [debug 11:14:8 ] 拦截到HTTP请求: /learn/app/clientapi/course/play/queryStatus.do?courseWareId=1708932724584&courseId=N003284&bizType=0&bizId=&sid=DDFFB4A8903046B2B2A2C20195472FFA&os=99
11:14:08.749 utils.ts:137 unknown seeking事件触发 Event {isTrusted: true, type: 'seeking', target: video#course-video_html5_api.vjs-tech, currentTarget: video#course-video_html5_api.vjs-tech, eventPhase: 2, …}
11:14:08.751 log.ts:179 [debug 11:14:8 ] [视频事件] Video paused, attempting to resume...
11:14:08.838 log.ts:179 [debug 11:14:8 ] 拦截到HTTP请求: /learn/app/clientapi/course/bigdata/courseLearnTime.do?os=99&sid=DDFFB4A8903046B2B2A2C20195472FFA
11:14:08.984 utils.ts:137 unknown seeked事件触发 Event {isTrusted: true, type: 'seeked', target: video#course-video_html5_api.vjs-tech, currentTarget: video#course-video_html5_api.vjs-tech, eventPhase: 2, …}
11:14:09.575 log.ts:179 [debug 11:14:9 ] [播放速率] 设置播放速率为 1x
11:14:09.575 log.ts:179 [debug 11:14:9 ] [静音设置] 设置静音状态为 true
11:14:09.576 log.ts:179 [debug 11:14:9 ] [点击播放] 找到播放按钮，点击播放 button.vjs-big-play-button
11:14:09.580 log.ts:179 [debug 11:14:9 ] [静音设置] 设置静音状态为 true
11:14:09.580 log.ts:179 [debug 11:14:9 ] [播放速率] 设置播放速率为 1x
11:14:09.587 log.ts:179 [debug 11:14:9 ] [视频事件] Video playing, applying settings...
11:14:09.591 log.ts:179 [debug 11:14:9 ] 拦截到HTTP请求: /learn/app/clientapi/course/play/queryStatus.do?courseWareId=1708932724584&courseId=N003284&bizType=0&bizId=&sid=DDFFB4A8903046B2B2A2C20195472FFA&os=99
11:14:09.777 utils.ts:137 unknown seeking事件触发 Event {isTrusted: true, type: 'seeking', target: video#course-video_html5_api.vjs-tech, currentTarget: video#course-video_html5_api.vjs-tech, eventPhase: 2, …}
11:14:09.782 log.ts:179 [debug 11:14:9 ] [视频事件] Video paused, attempting to resume...
11:14:09.789 log.ts:179 [debug 11:14:9 ] 拦截到HTTP请求: /learn/app/clientapi/course/bigdata/courseLearnTime.do?os=99&sid=DDFFB4A8903046B2B2A2C20195472FFA
11:14:10.080 utils.ts:137 unknown seeked事件触发 Event {isTrusted: true, type: 'seeked', target: video#course-video_html5_api.vjs-tech, currentTarget: video#course-video_html5_api.vjs-tech, eventPhase: 2, …}
11:14:10.586 log.ts:179 [debug 11:14:10 ] [播放速率] 设置播放速率为 1x
11:14:10.586 log.ts:179 [debug 11:14:10 ] [静音设置] 设置静音状态为 true
11:14:10.586 log.ts:179 [debug 11:14:10 ] [点击播放] 找到播放按钮，点击播放 button.vjs-big-play-button
11:14:10.607 log.ts:179 [debug 11:14:10 ] [静音设置] 设置静音状态为 true
11:14:10.607 log.ts:179 [debug 11:14:10 ] [播放速率] 设置播放速率为 1x
11:14:10.640 log.ts:179 [debug 11:14:10 ] [视频事件] Video playing, applying settings...
11:14:10.642 log.ts:179 [debug 11:14:10 ] 拦截到HTTP请求: /learn/app/getGlobalTimestamp.do?os=99&sid=DDFFB4A8903046B2B2A2C20195472FFA
11:14:10.643 log.ts:179 [debug 11:14:10 ] 拦截到HTTP请求: /learn/app/clientapi/course/play/queryStatus.do?courseWareId=1708932724584&courseId=N003284&bizType=0&bizId=&sid=DDFFB4A8903046B2B2A2C20195472FFA&os=99
11:14:10.818 utils.ts:137 unknown seeking事件触发 Event {isTrusted: true, type: 'seeking', target: video#course-video_html5_api.vjs-tech, currentTarget: video#course-video_html5_api.vjs-tech, eventPhase: 2, …}
11:14:10.819 log.ts:179 [debug 11:14:10 ] [视频事件] Video paused, attempting to resume...
11:14:10.866 log.ts:179 [debug 11:14:10 ] 拦截到HTTP请求: /learn/app/clientapi/course/bigdata/courseLearnTime.do?os=99&sid=DDFFB4A8903046B2B2A2C20195472FFA
11:14:11.065 utils.ts:137 unknown seeked事件触发 Event {isTrusted: true, type: 'seeked', target: video#course-video_html5_api.vjs-tech, currentTarget: video#course-video_html5_api.vjs-tech, eventPhase: 2, …}
11:14:11.583 log.ts:179 [debug 11:14:11 ] [播放速率] 设置播放速率为 1x
11:14:11.583 log.ts:179 [debug 11:14:11 ] [静音设置] 设置静音状态为 true
11:14:11.583 log.ts:179 [debug 11:14:11 ] [点击播放] 找到播放按钮，点击播放 button.vjs-big-play-button
11:14:11.592 log.ts:179 [debug 11:14:11 ] [静音设置] 设置静音状态为 true
11:14:11.592 log.ts:179 [debug 11:14:11 ] [播放速率] 设置播放速率为 1x
11:14:11.595 log.ts:179 [debug 11:14:11 ] [视频事件] Video playing, applying settings...
11:14:11.598 log.ts:179 [debug 11:14:11 ] 拦截到HTTP请求: /learn/app/clientapi/course/play/queryStatus.do?courseWareId=1708932724584&courseId=N003284&bizType=0&bizId=&sid=DDFFB4A8903046B2B2A2C20195472FFA&os=99
11:14:11.851 utils.ts:137 unknown seeking事件触发 Event {isTrusted: true, type: 'seeking', target: video#course-video_html5_api.vjs-tech, currentTarget: video#course-video_html5_api.vjs-tech, eventPhase: 2, …}
11:14:11.854 log.ts:179 [debug 11:14:11 ] [视频事件] Video paused, attempting to resume...
11:14:11.859 log.ts:179 [debug 11:14:11 ] 拦截到HTTP请求: /learn/app/clientapi/course/bigdata/courseLearnTime.do?os=99&sid=DDFFB4A8903046B2B2A2C20195472FFA
11:14:12.090 utils.ts:137 unknown seeked事件触发 Event {isTrusted: true, type: 'seeked', target: video#course-video_html5_api.vjs-tech, currentTarget: video#course-video_html5_api.vjs-tech, eventPhase: 2, …}
11:14:12.585 log.ts:179 [debug 11:14:12 ] [播放速率] 设置播放速率为 1x
11:14:12.585 log.ts:179 [debug 11:14:12 ] [静音设置] 设置静音状态为 true
11:14:12.585 log.ts:179 [debug 11:14:12 ] [点击播放] 找到播放按钮，点击播放 button.vjs-big-play-button
11:14:12.587 log.ts:179 [debug 11:14:12 ] [静音设置] 设置静音状态为 true
11:14:12.587 log.ts:179 [debug 11:14:12 ] [播放速率] 设置播放速率为 1x
11:14:12.589 log.ts:179 [debug 11:14:12 ] [视频事件] Video playing, applying settings...
11:14:12.592 log.ts:179 [debug 11:14:12 ] 拦截到HTTP请求: /learn/app/getGlobalTimestamp.do?os=99&sid=DDFFB4A8903046B2B2A2C20195472FFA
11:14:12.594 log.ts:179 [debug 11:14:12 ] 拦截到HTTP请求: /learn/app/clientapi/course/play/queryStatus.do?courseWareId=1708932724584&courseId=N003284&bizType=0&bizId=&sid=DDFFB4A8903046B2B2A2C20195472FFA&os=99
11:14:12.749 utils.ts:137 unknown seeking事件触发 Event {isTrusted: true, type: 'seeking', target: video#course-video_html5_api.vjs-tech, currentTarget: video#course-video_html5_api.vjs-tech, eventPhase: 2, …}
11:14:12.750 log.ts:179 [debug 11:14:12 ] [视频事件] Video paused, attempting to resume...
11:14:12.831 log.ts:179 [debug 11:14:12 ] 拦截到HTTP请求: /learn/app/clientapi/course/bigdata/courseLearnTime.do?os=99&sid=DDFFB4A8903046B2B2A2C20195472FFA
11:14:12.989 utils.ts:137 unknown seeked事件触发 Event {isTrusted: true, type: 'seeked', target: video#course-video_html5_api.vjs-tech, currentTarget: video#course-video_html5_api.vjs-tech, eventPhase: 2, …}
11:14:13.594 log.ts:179 [debug 11:14:13 ] [播放速率] 设置播放速率为 1x
11:14:13.594 log.ts:179 [debug 11:14:13 ] [静音设置] 设置静音状态为 true
11:14:13.595 log.ts:179 [debug 11:14:13 ] [点击播放] 找到播放按钮，点击播放 button.vjs-big-play-button
11:14:13.598 log.ts:179 [debug 11:14:13 ] [静音设置] 设置静音状态为 true
11:14:13.598 log.ts:179 [debug 11:14:13 ] [播放速率] 设置播放速率为 1x
11:14:13.598 log.ts:179 [debug 11:14:13 ] [视频事件] Video playing, applying settings...
11:14:13.601 log.ts:179 [debug 11:14:13 ] 拦截到HTTP请求: /learn/app/clientapi/course/play/queryStatus.do?courseWareId=1708932724584&courseId=N003284&bizType=0&bizId=&sid=DDFFB4A8903046B2B2A2C20195472FFA&os=99
11:14:13.825 utils.ts:137 unknown seeking事件触发 Event {isTrusted: true, type: 'seeking', target: video#course-video_html5_api.vjs-tech, currentTarget: video#course-video_html5_api.vjs-tech, eventPhase: 2, …}
11:14:13.826 log.ts:179 [debug 11:14:13 ] [视频事件] Video paused, attempting to resume...
11:14:13.831 log.ts:179 [debug 11:14:13 ] 拦截到HTTP请求: /learn/app/clientapi/course/bigdata/courseLearnTime.do?os=99&sid=DDFFB4A8903046B2B2A2C20195472FFA
11:14:14.131 utils.ts:137 unknown seeked事件触发 Event {isTrusted: true, type: 'seeked', target: video#course-video_html5_api.vjs-tech, currentTarget: video#course-video_html5_api.vjs-tech, eventPhase: 2, …}
11:14:14.579 log.ts:179 [debug 11:14:14 ] [播放速率] 设置播放速率为 1x
11:14:14.580 log.ts:179 [debug 11:14:14 ] [静音设置] 设置静音状态为 true
11:14:14.580 log.ts:179 [debug 11:14:14 ] [点击播放] 找到播放按钮，点击播放 button.vjs-big-play-button
11:14:14.582 log.ts:179 [debug 11:14:14 ] [静音设置] 设置静音状态为 true
11:14:14.582 log.ts:179 [debug 11:14:14 ] [播放速率] 设置播放速率为 1x
11:14:14.584 log.ts:179 [debug 11:14:14 ] [视频事件] Video playing, applying settings...
11:14:14.587 log.ts:179 [debug 11:14:14 ] 拦截到HTTP请求: /learn/app/getGlobalTimestamp.do?os=99&sid=DDFFB4A8903046B2B2A2C20195472FFA
11:14:14.588 log.ts:179 [debug 11:14:14 ] 拦截到HTTP请求: /learn/app/clientapi/course/play/queryStatus.do?courseWareId=1708932724584&courseId=N003284&bizType=0&bizId=&sid=DDFFB4A8903046B2B2A2C20195472FFA&os=99
11:14:14.751 utils.ts:137 unknown seeking事件触发 Event {isTrusted: true, type: 'seeking', target: video#course-video_html5_api.vjs-tech, currentTarget: video#course-video_html5_api.vjs-tech, eventPhase: 2, …}
11:14:14.753 log.ts:179 [debug 11:14:14 ] [视频事件] Video paused, attempting to resume...
11:14:14.824 log.ts:179 [debug 11:14:14 ] 拦截到HTTP请求: /learn/app/clientapi/course/bigdata/courseLearnTime.do?os=99&sid=DDFFB4A8903046B2B2A2C20195472FFA
11:14:14.998 utils.ts:137 unknown seeked事件触发 Event {isTrusted: true, type: 'seeked', target: video#course-video_html5_api.vjs-tech, currentTarget: video#course-video_html5_api.vjs-tech, eventPhase: 2, …}
11:14:15.591 log.ts:179 [debug 11:14:15 ] [播放速率] 设置播放速率为 1x
11:14:15.591 log.ts:179 [debug 11:14:15 ] [静音设置] 设置静音状态为 true
11:14:15.592 log.ts:179 [debug 11:14:15 ] [点击播放] 找到播放按钮，点击播放 button.vjs-big-play-button
11:14:15.594 log.ts:179 [debug 11:14:15 ] [静音设置] 设置静音状态为 true
11:14:15.594 log.ts:179 [debug 11:14:15 ] [播放速率] 设置播放速率为 1x
11:14:15.598 log.ts:179 [debug 11:14:15 ] [视频事件] Video playing, applying settings...
11:14:15.600 log.ts:179 [debug 11:14:15 ] 拦截到HTTP请求: /learn/app/clientapi/course/play/queryStatus.do?courseWareId=1708932724584&courseId=N003284&bizType=0&bizId=&sid=DDFFB4A8903046B2B2A2C20195472FFA&os=99
11:14:15.762 utils.ts:137 unknown seeking事件触发 Event {isTrusted: true, type: 'seeking', target: video#course-video_html5_api.vjs-tech, currentTarget: video#course-video_html5_api.vjs-tech, eventPhase: 2, …}
11:14:15.764 log.ts:179 [debug 11:14:15 ] [视频事件] Video paused, attempting to resume...
11:14:15.768 log.ts:179 [debug 11:14:15 ] 拦截到HTTP请求: /learn/app/clientapi/course/bigdata/courseLearnTime.do?os=99&sid=DDFFB4A8903046B2B2A2C20195472FFA
11:14:15.996 utils.ts:137 unknown seeked事件触发 Event {isTrusted: true, type: 'seeked', target: video#course-video_html5_api.vjs-tech, currentTarget: video#course-video_html5_api.vjs-tech, eventPhase: 2, …}
11:14:16.588 log.ts:179 [debug 11:14:16 ] [播放速率] 设置播放速率为 1x
11:14:16.588 log.ts:179 [debug 11:14:16 ] [静音设置] 设置静音状态为 true
11:14:16.589 log.ts:179 [debug 11:14:16 ] [点击播放] 找到播放按钮，点击播放 button.vjs-big-play-button
11:14:16.610 log.ts:179 [debug 11:14:16 ] [静音设置] 设置静音状态为 true
11:14:16.611 log.ts:179 [debug 11:14:16 ] [播放速率] 设置播放速率为 1x
11:14:16.621 log.ts:179 [debug 11:14:16 ] [视频事件] Video playing, applying settings...
11:14:16.626 log.ts:179 [debug 11:14:16 ] 拦截到HTTP请求: /learn/app/getGlobalTimestamp.do?os=99&sid=DDFFB4A8903046B2B2A2C20195472FFA
11:14:16.628 log.ts:179 [debug 11:14:16 ] 拦截到HTTP请求: /learn/app/clientapi/course/play/queryStatus.do?courseWareId=1708932724584&courseId=N003284&bizType=0&bizId=&sid=DDFFB4A8903046B2B2A2C20195472FFA&os=99
11:14:16.775 utils.ts:137 unknown seeking事件触发 Event {isTrusted: true, type: 'seeking', target: video#course-video_html5_api.vjs-tech, currentTarget: video#course-video_html5_api.vjs-tech, eventPhase: 2, …}
11:14:16.777 log.ts:179 [debug 11:14:16 ] [视频事件] Video paused, attempting to resume...
11:14:16.855 log.ts:179 [debug 11:14:16 ] 拦截到HTTP请求: /learn/app/clientapi/course/bigdata/courseLearnTime.do?os=99&sid=DDFFB4A8903046B2B2A2C20195472FFA
11:14:17.010 utils.ts:137 unknown seeked事件触发 Event {isTrusted: true, type: 'seeked', target: video#course-video_html5_api.vjs-tech, currentTarget: video#course-video_html5_api.vjs-tech, eventPhase: 2, …}
11:14:17.589 log.ts:179 [debug 11:14:17 ] [播放速率] 设置播放速率为 1x
11:14:17.590 log.ts:179 [debug 11:14:17 ] [静音设置] 设置静音状态为 true
11:14:17.590 log.ts:179 [debug 11:14:17 ] [点击播放] 找到播放按钮，点击播放 button.vjs-big-play-button
11:14:17.593 log.ts:179 [debug 11:14:17 ] [静音设置] 设置静音状态为 true
11:14:17.593 log.ts:179 [debug 11:14:17 ] [播放速率] 设置播放速率为 1x
11:14:17.595 log.ts:179 [debug 11:14:17 ] [视频事件] Video playing, applying settings...
11:14:17.599 log.ts:179 [debug 11:14:17 ] 拦截到HTTP请求: /learn/app/clientapi/course/play/queryStatus.do?courseWareId=1708932724584&courseId=N003284&bizType=0&bizId=&sid=DDFFB4A8903046B2B2A2C20195472FFA&os=99
11:14:17.842 utils.ts:137 unknown seeking事件触发 Event {isTrusted: true, type: 'seeking', target: video#course-video_html5_api.vjs-tech, currentTarget: video#course-video_html5_api.vjs-tech, eventPhase: 2, …}
11:14:17.844 log.ts:179 [debug 11:14:17 ] [视频事件] Video paused, attempting to resume...
11:14:17.851 log.ts:179 [debug 11:14:17 ] 拦截到HTTP请求: /learn/app/clientapi/course/bigdata/courseLearnTime.do?os=99&sid=DDFFB4A8903046B2B2A2C20195472FFA
11:14:18.352 utils.ts:137 unknown seeked事件触发 Event {isTrusted: true, type: 'seeked', target: video#course-video_html5_api.vjs-tech, currentTarget: video#course-video_html5_api.vjs-tech, eventPhase: 2, …}
11:14:18.585 log.ts:179 [debug 11:14:18 ] [播放速率] 设置播放速率为 1x
11:14:18.585 log.ts:179 [debug 11:14:18 ] [静音设置] 设置静音状态为 true
11:14:18.585 log.ts:179 [debug 11:14:18 ] [点击播放] 找到播放按钮，点击播放 button.vjs-big-play-button
11:14:18.590 log.ts:179 [debug 11:14:18 ] [静音设置] 设置静音状态为 true
11:14:18.590 log.ts:179 [debug 11:14:18 ] [播放速率] 设置播放速率为 1x
11:14:18.595 log.ts:179 [debug 11:14:18 ] [视频事件] Video playing, applying settings...
11:14:18.602 log.ts:179 [debug 11:14:18 ] 拦截到HTTP请求: /learn/app/getGlobalTimestamp.do?os=99&sid=DDFFB4A8903046B2B2A2C20195472FFA
11:14:18.603 log.ts:179 [debug 11:14:18 ] 拦截到HTTP请求: /learn/app/clientapi/course/play/queryStatus.do?courseWareId=1708932724584&courseId=N003284&bizType=0&bizId=&sid=DDFFB4A8903046B2B2A2C20195472FFA&os=99
11:14:18.750 utils.ts:137 unknown seeking事件触发 Event {isTrusted: true, type: 'seeking', target: video#course-video_html5_api.vjs-tech, currentTarget: video#course-video_html5_api.vjs-tech, eventPhase: 2, …}
11:14:18.753 log.ts:179 [debug 11:14:18 ] [视频事件] Video paused, attempting to resume...
11:14:18.847 log.ts:179 [debug 11:14:18 ] 拦截到HTTP请求: /learn/app/clientapi/course/bigdata/courseLearnTime.do?os=99&sid=DDFFB4A8903046B2B2A2C20195472FFA
11:14:18.999 utils.ts:137 unknown seeked事件触发 Event {isTrusted: true, type: 'seeked', target: video#course-video_html5_api.vjs-tech, currentTarget: video#course-video_html5_api.vjs-tech, eventPhase: 2, …}
11:14:19.591 log.ts:179 [debug 11:14:19 ] [播放速率] 设置播放速率为 1x
11:14:19.591 log.ts:179 [debug 11:14:19 ] [静音设置] 设置静音状态为 true
11:14:19.591 log.ts:179 [debug 11:14:19 ] [点击播放] 找到播放按钮，点击播放 button.vjs-big-play-button
11:14:19.594 log.ts:179 [debug 11:14:19 ] [静音设置] 设置静音状态为 true
11:14:19.594 log.ts:179 [debug 11:14:19 ] [播放速率] 设置播放速率为 1x
11:14:19.597 log.ts:179 [debug 11:14:19 ] [视频事件] Video playing, applying settings...
11:14:19.599 log.ts:179 [debug 11:14:19 ] 拦截到HTTP请求: /learn/app/clientapi/course/play/queryStatus.do?courseWareId=1708932724584&courseId=N003284&bizType=0&bizId=&sid=DDFFB4A8903046B2B2A2C20195472FFA&os=99
11:14:19.754 utils.ts:137 unknown seeking事件触发 Event {isTrusted: true, type: 'seeking', target: video#course-video_html5_api.vjs-tech, currentTarget: video#course-video_html5_api.vjs-tech, eventPhase: 2, …}
11:14:19.757 log.ts:179 [debug 11:14:19 ] [视频事件] Video paused, attempting to resume...
11:14:19.762 log.ts:179 [debug 11:14:19 ] 拦截到HTTP请求: /learn/app/clientapi/course/bigdata/courseLearnTime.do?os=99&sid=DDFFB4A8903046B2B2A2C20195472FFA
11:14:19.995 utils.ts:137 unknown seeked事件触发 Event {isTrusted: true, type: 'seeked', target: video#course-video_html5_api.vjs-tech, currentTarget: video#course-video_html5_api.vjs-tech, eventPhase: 2, …}
11:14:20.598 log.ts:179 [debug 11:14:20 ] [播放速率] 设置播放速率为 1x
11:14:20.599 log.ts:179 [debug 11:14:20 ] [静音设置] 设置静音状态为 true
11:14:20.599 log.ts:179 [debug 11:14:20 ] [点击播放] 找到播放按钮，点击播放 button.vjs-big-play-button
11:14:20.606 log.ts:179 [debug 11:14:20 ] [静音设置] 设置静音状态为 true
11:14:20.607 log.ts:179 [debug 11:14:20 ] [播放速率] 设置播放速率为 1x
11:14:20.611 log.ts:179 [debug 11:14:20 ] [视频事件] Video playing, applying settings...
11:14:20.619 log.ts:179 [debug 11:14:20 ] 拦截到HTTP请求: /learn/app/getGlobalTimestamp.do?os=99&sid=DDFFB4A8903046B2B2A2C20195472FFA
11:14:20.620 log.ts:179 [debug 11:14:20 ] 拦截到HTTP请求: /learn/app/clientapi/course/play/queryStatus.do?courseWareId=1708932724584&courseId=N003284&bizType=0&bizId=&sid=DDFFB4A8903046B2B2A2C20195472FFA&os=99
11:14:20.767 utils.ts:137 unknown seeking事件触发 Event {isTrusted: true, type: 'seeking', target: video#course-video_html5_api.vjs-tech, currentTarget: video#course-video_html5_api.vjs-tech, eventPhase: 2, …}
11:14:20.774 log.ts:179 [debug 11:14:20 ] [视频事件] Video paused, attempting to resume...
11:14:20.840 log.ts:179 [debug 11:14:20 ] 拦截到HTTP请求: /learn/app/clientapi/course/bigdata/courseLearnTime.do?os=99&sid=DDFFB4A8903046B2B2A2C20195472FFA
11:14:21.011 utils.ts:137 unknown seeked事件触发 Event {isTrusted: true, type: 'seeked', target: video#course-video_html5_api.vjs-tech, currentTarget: video#course-video_html5_api.vjs-tech, eventPhase: 2, …}
11:14:21.576 log.ts:179 [debug 11:14:21 ] [播放速率] 设置播放速率为 1x
11:14:21.576 log.ts:179 [debug 11:14:21 ] [静音设置] 设置静音状态为 true
11:14:21.577 log.ts:179 [debug 11:14:21 ] [点击播放] 找到播放按钮，点击播放 button.vjs-big-play-button
11:14:21.578 log.ts:179 [debug 11:14:21 ] [静音设置] 设置静音状态为 true
11:14:21.578 log.ts:179 [debug 11:14:21 ] [播放速率] 设置播放速率为 1x
11:14:21.585 log.ts:179 [debug 11:14:21 ] [视频事件] Video playing, applying settings...
11:14:21.589 log.ts:179 [debug 11:14:21 ] 拦截到HTTP请求: /learn/app/clientapi/course/play/queryStatus.do?courseWareId=1708932724584&courseId=N003284&bizType=0&bizId=&sid=DDFFB4A8903046B2B2A2C20195472FFA&os=99
11:14:21.831 utils.ts:137 unknown seeking事件触发 Event {isTrusted: true, type: 'seeking', target: video#course-video_html5_api.vjs-tech, currentTarget: video#course-video_html5_api.vjs-tech, eventPhase: 2, …}
11:14:21.833 log.ts:179 [debug 11:14:21 ] [视频事件] Video paused, attempting to resume...
11:14:21.837 log.ts:179 [debug 11:14:21 ] 拦截到HTTP请求: /learn/app/clientapi/course/bigdata/courseLearnTime.do?os=99&sid=DDFFB4A8903046B2B2A2C20195472FFA
11:14:22.073 utils.ts:137 unknown seeked事件触发 Event {isTrusted: true, type: 'seeked', target: video#course-video_html5_api.vjs-tech, currentTarget: video#course-video_html5_api.vjs-tech, eventPhase: 2, …}
11:14:22.577 log.ts:179 [debug 11:14:22 ] [播放速率] 设置播放速率为 1x
11:14:22.578 log.ts:179 [debug 11:14:22 ] [静音设置] 设置静音状态为 true
11:14:22.578 log.ts:179 [debug 11:14:22 ] [点击播放] 找到播放按钮，点击播放 button.vjs-big-play-button
11:14:22.582 log.ts:179 [debug 11:14:22 ] [静音设置] 设置静音状态为 true
11:14:22.582 log.ts:179 [debug 11:14:22 ] [播放速率] 设置播放速率为 1x
11:14:22.588 log.ts:179 [debug 11:14:22 ] [视频事件] Video playing, applying settings...
11:14:22.600 log.ts:179 [debug 11:14:22 ] 拦截到HTTP请求: /learn/app/getGlobalTimestamp.do?os=99&sid=DDFFB4A8903046B2B2A2C20195472FFA
11:14:22.603 log.ts:179 [debug 11:14:22 ] 拦截到HTTP请求: /learn/app/clientapi/course/play/queryStatus.do?courseWareId=1708932724584&courseId=N003284&bizType=0&bizId=&sid=DDFFB4A8903046B2B2A2C20195472FFA&os=99
11:14:22.847 log.ts:179 [debug 11:14:22 ] 拦截到HTTP请求: /learn/app/clientapi/course/bigdata/courseLearnTime.do?os=99&sid=DDFFB4A8903046B2B2A2C20195472FFA
11:14:22.853 utils.ts:137 unknown seeking事件触发 Event {isTrusted: true, type: 'seeking', target: video#course-video_html5_api.vjs-tech, currentTarget: video#course-video_html5_api.vjs-tech, eventPhase: 2, …}
11:14:22.857 log.ts:179 [debug 11:14:22 ] [视频事件] Video paused, attempting to resume...
11:14:22.861 log.ts:179 [debug 11:14:22 ] 拦截到HTTP请求: /learn/app/clientapi/course/bigdata/courseLearnTime.do?os=99&sid=DDFFB4A8903046B2B2A2C20195472FFA
11:14:22.867 (索引):1  Uncaught (in promise) t {message: undefined}
Promise.then
(匿名) @ 8222.6209a852.chunk.js:1
u @ 9561.4bf2dc71.js:2
(匿名) @ 9561.4bf2dc71.js:2
(匿名) @ 9561.4bf2dc71.js:2
r @ 9561.4bf2dc71.js:2
s @ 9561.4bf2dc71.js:2
Promise.then
r @ 9561.4bf2dc71.js:2
s @ 9561.4bf2dc71.js:2
(匿名) @ 9561.4bf2dc71.js:2
(匿名) @ 9561.4bf2dc71.js:2
(匿名) @ 8222.6209a852.chunk.js:1
u @ 9561.4bf2dc71.js:2
(匿名) @ 9561.4bf2dc71.js:2
(匿名) @ 9561.4bf2dc71.js:2
r @ 9561.4bf2dc71.js:2
s @ 9561.4bf2dc71.js:2
(匿名) @ 9561.4bf2dc71.js:2
(匿名) @ 9561.4bf2dc71.js:2
m @ 9561.4bf2dc71.js:2
w @ 9561.4bf2dc71.js:2
(匿名) @ 9561.4bf2dc71.js:2
E @ 9561.4bf2dc71.js:2
C @ 9561.4bf2dc71.js:2
S @ 9561.4bf2dc71.js:2
D @ 9561.4bf2dc71.js:2
kn @ 9561.4bf2dc71.js:2
le @ 9561.4bf2dc71.js:2
Dn @ 9561.4bf2dc71.js:2
zn @ 9561.4bf2dc71.js:2
An @ 9561.4bf2dc71.js:2
t.unstable_runWithPriority @ 9561.4bf2dc71.js:2
qo @ 9561.4bf2dc71.js:2
se @ 9561.4bf2dc71.js:2
Tn @ 9561.4bf2dc71.js:2
play
(匿名) @ 8222.6209a852.chunk.js:1
clickPlayButton @ video.ts:147
eval @ video.ts:177
setTimeout
eval @ video.ts:175
11:14:23.094 utils.ts:137 unknown seeked事件触发 Event {isTrusted: true, type: 'seeked', target: video#course-video_html5_api.vjs-tech, currentTarget: video#course-video_html5_api.vjs-tech, eventPhase: 2, …}
11:14:23.593 log.ts:179 [debug 11:14:23 ] [播放速率] 设置播放速率为 1x
11:14:23.593 log.ts:179 [debug 11:14:23 ] [静音设置] 设置静音状态为 true
11:14:23.593 log.ts:179 [debug 11:14:23 ] [点击播放] 找到播放按钮，点击播放 button.vjs-big-play-button
11:14:23.597 log.ts:179 [debug 11:14:23 ] [静音设置] 设置静音状态为 true
11:14:23.597 log.ts:179 [debug 11:14:23 ] [播放速率] 设置播放速率为 1x
11:14:23.601 log.ts:179 [debug 11:14:23 ] [视频事件] Video playing, applying settings...
11:14:23.606 log.ts:179 [debug 11:14:23 ] 拦截到HTTP请求: /learn/app/getGlobalTimestamp.do?os=99&sid=DDFFB4A8903046B2B2A2C20195472FFA
11:14:23.607 log.ts:179 [debug 11:14:23 ] 拦截到HTTP请求: /learn/app/clientapi/course/play/queryStatus.do?courseWareId=1708932724584&courseId=N003284&bizType=0&bizId=&sid=DDFFB4A8903046B2B2A2C20195472FFA&os=99
11:14:23.808 utils.ts:137 unknown seeking事件触发 Event {isTrusted: true, type: 'seeking', target: video#course-video_html5_api.vjs-tech, currentTarget: video#course-video_html5_api.vjs-tech, eventPhase: 2, …}
11:14:23.811 log.ts:179 [debug 11:14:23 ] [视频事件] Video paused, attempting to resume...
11:14:23.842 log.ts:179 [debug 11:14:23 ] 拦截到HTTP请求: /learn/app/clientapi/course/bigdata/courseLearnTime.do?os=99&sid=DDFFB4A8903046B2B2A2C20195472FFA
11:14:24.073 utils.ts:137 unknown seeked事件触发 Event {isTrusted: true, type: 'seeked', target: video#course-video_html5_api.vjs-tech, currentTarget: video#course-video_html5_api.vjs-tech, eventPhase: 2, …}
11:14:24.589 log.ts:179 [debug 11:14:24 ] [播放速率] 设置播放速率为 1x
11:14:24.589 log.ts:179 [debug 11:14:24 ] [静音设置] 设置静音状态为 true
11:14:24.590 log.ts:179 [debug 11:14:24 ] [点击播放] 找到播放按钮，点击播放 button.vjs-big-play-button
11:14:24.608 log.ts:179 [debug 11:14:24 ] [静音设置] 设置静音状态为 true
11:14:24.608 log.ts:179 [debug 11:14:24 ] [播放速率] 设置播放速率为 1x
11:14:24.619 log.ts:179 [debug 11:14:24 ] [视频事件] Video playing, applying settings...
11:14:24.622 log.ts:179 [debug 11:14:24 ] 拦截到HTTP请求: /learn/app/clientapi/course/play/queryStatus.do?courseWareId=1708932724584&courseId=N003284&bizType=0&bizId=&sid=DDFFB4A8903046B2B2A2C20195472FFA&os=99
11:14:24.772 utils.ts:137 unknown seeking事件触发 Event {isTrusted: true, type: 'seeking', target: video#course-video_html5_api.vjs-tech, currentTarget: video#course-video_html5_api.vjs-tech, eventPhase: 2, …}
11:14:24.775 log.ts:179 [debug 11:14:24 ] [视频事件] Video paused, attempting to resume...
11:14:24.779 log.ts:179 [debug 11:14:24 ] 拦截到HTTP请求: /learn/app/clientapi/course/bigdata/courseLearnTime.do?os=99&sid=DDFFB4A8903046B2B2A2C20195472FFA
11:14:25.012 utils.ts:137 unknown seeked事件触发 Event {isTrusted: true, type: 'seeked', target: video#course-video_html5_api.vjs-tech, currentTarget: video#course-video_html5_api.vjs-tech, eventPhase: 2, …}
11:14:25.592 log.ts:179 [debug 11:14:25 ] [播放速率] 设置播放速率为 1x
11:14:25.592 log.ts:179 [debug 11:14:25 ] [静音设置] 设置静音状态为 true
11:14:25.592 log.ts:179 [debug 11:14:25 ] [点击播放] 找到播放按钮，点击播放 button.vjs-big-play-button
11:14:25.595 log.ts:179 [debug 11:14:25 ] [静音设置] 设置静音状态为 true
11:14:25.595 log.ts:179 [debug 11:14:25 ] [播放速率] 设置播放速率为 1x
11:14:25.600 log.ts:179 [debug 11:14:25 ] [视频事件] Video playing, applying settings...
11:14:25.603 log.ts:179 [debug 11:14:25 ] 拦截到HTTP请求: /learn/app/getGlobalTimestamp.do?os=99&sid=DDFFB4A8903046B2B2A2C20195472FFA
11:14:25.604 log.ts:179 [debug 11:14:25 ] 拦截到HTTP请求: /learn/app/clientapi/course/play/queryStatus.do?courseWareId=1708932724584&courseId=N003284&bizType=0&bizId=&sid=DDFFB4A8903046B2B2A2C20195472FFA&os=99
11:14:25.756 utils.ts:137 unknown seeking事件触发 Event {isTrusted: true, type: 'seeking', target: video#course-video_html5_api.vjs-tech, currentTarget: video#course-video_html5_api.vjs-tech, eventPhase: 2, …}
11:14:25.760 log.ts:179 [debug 11:14:25 ] [视频事件] Video paused, attempting to resume...
11:14:25.839 log.ts:179 [debug 11:14:25 ] 拦截到HTTP请求: /learn/app/clientapi/course/bigdata/courseLearnTime.do?os=99&sid=DDFFB4A8903046B2B2A2C20195472FFA
11:14:26.001 utils.ts:137 unknown seeked事件触发 Event {isTrusted: true, type: 'seeked', target: video#course-video_html5_api.vjs-tech, currentTarget: video#course-video_html5_api.vjs-tech, eventPhase: 2, …}
11:14:26.580 log.ts:179 [debug 11:14:26 ] [播放速率] 设置播放速率为 1x
11:14:26.580 log.ts:179 [debug 11:14:26 ] [静音设置] 设置静音状态为 true
11:14:26.580 log.ts:179 [debug 11:14:26 ] [点击播放] 找到播放按钮，点击播放 button.vjs-big-play-button
11:14:26.586 log.ts:179 [debug 11:14:26 ] [静音设置] 设置静音状态为 true
11:14:26.586 log.ts:179 [debug 11:14:26 ] [播放速率] 设置播放速率为 1x
11:14:26.588 log.ts:179 [debug 11:14:26 ] [视频事件] Video playing, applying settings...
11:14:26.593 log.ts:179 [debug 11:14:26 ] 拦截到HTTP请求: /learn/app/clientapi/course/play/queryStatus.do?courseWareId=1708932724584&courseId=N003284&bizType=0&bizId=&sid=DDFFB4A8903046B2B2A2C20195472FFA&os=99
11:14:26.768 utils.ts:137 unknown seeking事件触发 Event {isTrusted: true, type: 'seeking', target: video#course-video_html5_api.vjs-tech, currentTarget: video#course-video_html5_api.vjs-tech, eventPhase: 2, …}
11:14:26.772 log.ts:179 [debug 11:14:26 ] [视频事件] Video paused, attempting to resume...
11:14:26.779 log.ts:179 [debug 11:14:26 ] 拦截到HTTP请求: /learn/app/clientapi/course/bigdata/courseLearnTime.do?os=99&sid=DDFFB4A8903046B2B2A2C20195472FFA
11:14:27.014 utils.ts:137 unknown seeked事件触发 Event {isTrusted: true, type: 'seeked', target: video#course-video_html5_api.vjs-tech, currentTarget: video#course-video_html5_api.vjs-tech, eventPhase: 2, …}
11:14:27.577 log.ts:179 [debug 11:14:27 ] [播放速率] 设置播放速率为 1x
11:14:27.577 log.ts:179 [debug 11:14:27 ] [静音设置] 设置静音状态为 true
11:14:27.577 log.ts:179 [debug 11:14:27 ] [点击播放] 找到播放按钮，点击播放 button.vjs-big-play-button
11:14:27.582 log.ts:179 [debug 11:14:27 ] [静音设置] 设置静音状态为 true
11:14:27.583 log.ts:179 [debug 11:14:27 ] [播放速率] 设置播放速率为 1x
11:14:27.587 log.ts:179 [debug 11:14:27 ] [视频事件] Video playing, applying settings...
11:14:27.591 log.ts:179 [debug 11:14:27 ] 拦截到HTTP请求: /learn/app/getGlobalTimestamp.do?os=99&sid=DDFFB4A8903046B2B2A2C20195472FFA
11:14:27.592 log.ts:179 [debug 11:14:27 ] 拦截到HTTP请求: /learn/app/clientapi/course/play/queryStatus.do?courseWareId=1708932724584&courseId=N003284&bizType=0&bizId=&sid=DDFFB4A8903046B2B2A2C20195472FFA&os=99
11:14:27.741 utils.ts:137 unknown seeking事件触发 Event {isTrusted: true, type: 'seeking', target: video#course-video_html5_api.vjs-tech, currentTarget: video#course-video_html5_api.vjs-tech, eventPhase: 2, …}
11:14:27.743 log.ts:179 [debug 11:14:27 ] [视频事件] Video paused, attempting to resume...
11:14:27.819 log.ts:179 [debug 11:14:27 ] 拦截到HTTP请求: /learn/app/clientapi/course/bigdata/courseLearnTime.do?os=99&sid=DDFFB4A8903046B2B2A2C20195472FFA
11:14:27.991 utils.ts:137 unknown seeked事件触发 Event {isTrusted: true, type: 'seeked', target: video#course-video_html5_api.vjs-tech, currentTarget: video#course-video_html5_api.vjs-tech, eventPhase: 2, …}
11:14:28.590 log.ts:179 [debug 11:14:28 ] [播放速率] 设置播放速率为 1x
11:14:28.591 log.ts:179 [debug 11:14:28 ] [静音设置] 设置静音状态为 true
11:14:28.591 log.ts:179 [debug 11:14:28 ] [点击播放] 找到播放按钮，点击播放 button.vjs-big-play-button
11:14:28.593 log.ts:179 [debug 11:14:28 ] [静音设置] 设置静音状态为 true
11:14:28.593 log.ts:179 [debug 11:14:28 ] [播放速率] 设置播放速率为 1x
11:14:28.597 log.ts:179 [debug 11:14:28 ] [视频事件] Video playing, applying settings...
11:14:28.603 log.ts:179 [debug 11:14:28 ] 拦截到HTTP请求: /learn/app/clientapi/course/play/queryStatus.do?courseWareId=1708932724584&courseId=N003284&bizType=0&bizId=&sid=DDFFB4A8903046B2B2A2C20195472FFA&os=99
11:14:28.770 utils.ts:137 unknown seeking事件触发 Event {isTrusted: true, type: 'seeking', target: video#course-video_html5_api.vjs-tech, currentTarget: video#course-video_html5_api.vjs-tech, eventPhase: 2, …}
11:14:28.771 log.ts:179 [debug 11:14:28 ] [视频事件] Video paused, attempting to resume...
11:14:28.776 log.ts:179 [debug 11:14:28 ] 拦截到HTTP请求: /learn/app/clientapi/course/bigdata/courseLearnTime.do?os=99&sid=DDFFB4A8903046B2B2A2C20195472FFA
11:14:29.006 utils.ts:137 unknown seeked事件触发 Event {isTrusted: true, type: 'seeked', target: video#course-video_html5_api.vjs-tech, currentTarget: video#course-video_html5_api.vjs-tech, eventPhase: 2, …}
11:14:29.594 log.ts:179 [debug 11:14:29 ] [播放速率] 设置播放速率为 1x
11:14:29.594 log.ts:179 [debug 11:14:29 ] [静音设置] 设置静音状态为 true
11:14:29.595 log.ts:179 [debug 11:14:29 ] [点击播放] 找到播放按钮，点击播放 button.vjs-big-play-button
11:14:29.600 log.ts:179 [debug 11:14:29 ] [静音设置] 设置静音状态为 true
11:14:29.601 log.ts:179 [debug 11:14:29 ] [播放速率] 设置播放速率为 1x
11:14:29.609 log.ts:179 [debug 11:14:29 ] [视频事件] Video playing, applying settings...
11:14:29.617 log.ts:179 [debug 11:14:29 ] 拦截到HTTP请求: /learn/app/getGlobalTimestamp.do?os=99&sid=DDFFB4A8903046B2B2A2C20195472FFA
11:14:29.620 log.ts:179 [debug 11:14:29 ] 拦截到HTTP请求: /learn/app/clientapi/course/play/queryStatus.do?courseWareId=1708932724584&courseId=N003284&bizType=0&bizId=&sid=DDFFB4A8903046B2B2A2C20195472FFA&os=99
11:14:29.842 log.ts:179 [debug 11:14:29 ] 拦截到HTTP请求: /learn/app/clientapi/course/bigdata/courseLearnTime.do?os=99&sid=DDFFB4A8903046B2B2A2C20195472FFA
11:14:29.850 utils.ts:137 unknown seeking事件触发 Event {isTrusted: true, type: 'seeking', target: video#course-video_html5_api.vjs-tech, currentTarget: video#course-video_html5_api.vjs-tech, eventPhase: 2, …}
11:14:29.854 log.ts:179 [debug 11:14:29 ] [视频事件] Video paused, attempting to resume...
11:14:29.859 log.ts:179 [debug 11:14:29 ] 拦截到HTTP请求: /learn/app/clientapi/course/bigdata/courseLearnTime.do?os=99&sid=DDFFB4A8903046B2B2A2C20195472FFA
11:14:29.861 (索引):1  Uncaught (in promise) t {message: undefined}
Promise.then
(匿名) @ 8222.6209a852.chunk.js:1
u @ 9561.4bf2dc71.js:2
(匿名) @ 9561.4bf2dc71.js:2
(匿名) @ 9561.4bf2dc71.js:2
r @ 9561.4bf2dc71.js:2
s @ 9561.4bf2dc71.js:2
Promise.then
r @ 9561.4bf2dc71.js:2
s @ 9561.4bf2dc71.js:2
(匿名) @ 9561.4bf2dc71.js:2
(匿名) @ 9561.4bf2dc71.js:2
(匿名) @ 8222.6209a852.chunk.js:1
u @ 9561.4bf2dc71.js:2
(匿名) @ 9561.4bf2dc71.js:2
(匿名) @ 9561.4bf2dc71.js:2
r @ 9561.4bf2dc71.js:2
s @ 9561.4bf2dc71.js:2
(匿名) @ 9561.4bf2dc71.js:2
(匿名) @ 9561.4bf2dc71.js:2
m @ 9561.4bf2dc71.js:2
w @ 9561.4bf2dc71.js:2
(匿名) @ 9561.4bf2dc71.js:2
E @ 9561.4bf2dc71.js:2
C @ 9561.4bf2dc71.js:2
S @ 9561.4bf2dc71.js:2
D @ 9561.4bf2dc71.js:2
kn @ 9561.4bf2dc71.js:2
le @ 9561.4bf2dc71.js:2
Dn @ 9561.4bf2dc71.js:2
zn @ 9561.4bf2dc71.js:2
An @ 9561.4bf2dc71.js:2
t.unstable_runWithPriority @ 9561.4bf2dc71.js:2
qo @ 9561.4bf2dc71.js:2
se @ 9561.4bf2dc71.js:2
Tn @ 9561.4bf2dc71.js:2
play
(匿名) @ 8222.6209a852.chunk.js:1
clickPlayButton @ video.ts:147
eval @ video.ts:177
setTimeout
eval @ video.ts:175
11:14:30.094 utils.ts:137 unknown seeked事件触发 Event {isTrusted: true, type: 'seeked', target: video#course-video_html5_api.vjs-tech, currentTarget: video#course-video_html5_api.vjs-tech, eventPhase: 2, …}
11:14:30.584 log.ts:179 [debug 11:14:30 ] [播放速率] 设置播放速率为 1x
11:14:30.584 log.ts:179 [debug 11:14:30 ] [静音设置] 设置静音状态为 true
11:14:30.585 log.ts:179 [debug 11:14:30 ] [点击播放] 找到播放按钮，点击播放 button.vjs-big-play-button
11:14:30.594 log.ts:179 [debug 11:14:30 ] [静音设置] 设置静音状态为 true
11:14:30.594 log.ts:179 [debug 11:14:30 ] [播放速率] 设置播放速率为 1x
11:14:30.612 log.ts:179 [debug 11:14:30 ] [视频事件] Video playing, applying settings...
11:14:30.617 log.ts:179 [debug 11:14:30 ] 拦截到HTTP请求: /learn/app/getGlobalTimestamp.do?os=99&sid=DDFFB4A8903046B2B2A2C20195472FFA
11:14:30.619 log.ts:179 [debug 11:14:30 ] 拦截到HTTP请求: /learn/app/clientapi/course/play/queryStatus.do?courseWareId=1708932724584&courseId=N003284&bizType=0&bizId=&sid=DDFFB4A8903046B2B2A2C20195472FFA&os=99
11:14:30.874 log.ts:179 [debug 11:14:30 ] 拦截到HTTP请求: /learn/app/clientapi/course/bigdata/courseLearnTime.do?os=99&sid=DDFFB4A8903046B2B2A2C20195472FFA
11:14:30.876 utils.ts:137 unknown seeking事件触发 Event {isTrusted: true, type: 'seeking', target: video#course-video_html5_api.vjs-tech, currentTarget: video#course-video_html5_api.vjs-tech, eventPhase: 2, …}
11:14:30.886 log.ts:179 [debug 11:14:30 ] [视频事件] Video paused, attempting to resume...
11:14:30.890 log.ts:179 [debug 11:14:30 ] 拦截到HTTP请求: /learn/app/clientapi/course/bigdata/courseLearnTime.do?os=99&sid=DDFFB4A8903046B2B2A2C20195472FFA
11:14:30.897 (索引):1  Uncaught (in promise) t {message: undefined}
Promise.then
(匿名) @ 8222.6209a852.chunk.js:1
u @ 9561.4bf2dc71.js:2
(匿名) @ 9561.4bf2dc71.js:2
(匿名) @ 9561.4bf2dc71.js:2
r @ 9561.4bf2dc71.js:2
s @ 9561.4bf2dc71.js:2
Promise.then
r @ 9561.4bf2dc71.js:2
s @ 9561.4bf2dc71.js:2
(匿名) @ 9561.4bf2dc71.js:2
(匿名) @ 9561.4bf2dc71.js:2
(匿名) @ 8222.6209a852.chunk.js:1
u @ 9561.4bf2dc71.js:2
(匿名) @ 9561.4bf2dc71.js:2
(匿名) @ 9561.4bf2dc71.js:2
r @ 9561.4bf2dc71.js:2
s @ 9561.4bf2dc71.js:2
(匿名) @ 9561.4bf2dc71.js:2
(匿名) @ 9561.4bf2dc71.js:2
m @ 9561.4bf2dc71.js:2
w @ 9561.4bf2dc71.js:2
(匿名) @ 9561.4bf2dc71.js:2
E @ 9561.4bf2dc71.js:2
C @ 9561.4bf2dc71.js:2
S @ 9561.4bf2dc71.js:2
D @ 9561.4bf2dc71.js:2
kn @ 9561.4bf2dc71.js:2
le @ 9561.4bf2dc71.js:2
Dn @ 9561.4bf2dc71.js:2
zn @ 9561.4bf2dc71.js:2
An @ 9561.4bf2dc71.js:2
t.unstable_runWithPriority @ 9561.4bf2dc71.js:2
qo @ 9561.4bf2dc71.js:2
se @ 9561.4bf2dc71.js:2
Tn @ 9561.4bf2dc71.js:2
play
(匿名) @ 8222.6209a852.chunk.js:1
clickPlayButton @ video.ts:147
eval @ video.ts:177
setTimeout
eval @ video.ts:175
11:14:31.140 utils.ts:137 unknown seeked事件触发 Event {isTrusted: true, type: 'seeked', target: video#course-video_html5_api.vjs-tech, currentTarget: video#course-video_html5_api.vjs-tech, eventPhase: 2, …}
11:14:31.582 log.ts:179 [debug 11:14:31 ] [播放速率] 设置播放速率为 1x
11:14:31.582 log.ts:179 [debug 11:14:31 ] [静音设置] 设置静音状态为 true
11:14:31.583 log.ts:179 [debug 11:14:31 ] [点击播放] 找到播放按钮，点击播放 button.vjs-big-play-button
11:14:31.589 log.ts:179 [debug 11:14:31 ] [静音设置] 设置静音状态为 true
11:14:31.589 log.ts:179 [debug 11:14:31 ] [播放速率] 设置播放速率为 1x
11:14:31.615 log.ts:179 [debug 11:14:31 ] [视频事件] Video playing, applying settings...
11:14:31.619 log.ts:179 [debug 11:14:31 ] 拦截到HTTP请求: /learn/app/getGlobalTimestamp.do?os=99&sid=DDFFB4A8903046B2B2A2C20195472FFA
11:14:31.621 log.ts:179 [debug 11:14:31 ] 拦截到HTTP请求: /learn/app/clientapi/course/play/queryStatus.do?courseWareId=1708932724584&courseId=N003284&bizType=0&bizId=&sid=DDFFB4A8903046B2B2A2C20195472FFA&os=99
11:14:31.836 utils.ts:137 unknown seeking事件触发 Event {isTrusted: true, type: 'seeking', target: video#course-video_html5_api.vjs-tech, currentTarget: video#course-video_html5_api.vjs-tech, eventPhase: 2, …}
11:14:31.840 log.ts:179 [debug 11:14:31 ] [视频事件] Video paused, attempting to resume...
11:14:31.879 log.ts:179 [debug 11:14:31 ] 拦截到HTTP请求: /learn/app/clientapi/course/bigdata/courseLearnTime.do?os=99&sid=DDFFB4A8903046B2B2A2C20195472FFA
11:14:32.084 utils.ts:137 unknown seeked事件触发 Event {isTrusted: true, type: 'seeked', target: video#course-video_html5_api.vjs-tech, currentTarget: video#course-video_html5_api.vjs-tech, eventPhase: 2, …}
11:14:32.591 log.ts:179 [debug 11:14:32 ] [播放速率] 设置播放速率为 1x
11:14:32.591 log.ts:179 [debug 11:14:32 ] [静音设置] 设置静音状态为 true
11:14:32.591 log.ts:179 [debug 11:14:32 ] [点击播放] 找到播放按钮，点击播放 button.vjs-big-play-button
11:14:32.593 log.ts:179 [debug 11:14:32 ] [静音设置] 设置静音状态为 true
11:14:32.593 log.ts:179 [debug 11:14:32 ] [播放速率] 设置播放速率为 1x
11:14:32.595 log.ts:179 [debug 11:14:32 ] [视频事件] Video playing, applying settings...
11:14:32.598 log.ts:179 [debug 11:14:32 ] 拦截到HTTP请求: /learn/app/clientapi/course/play/queryStatus.do?courseWareId=1708932724584&courseId=N003284&bizType=0&bizId=&sid=DDFFB4A8903046B2B2A2C20195472FFA&os=99
11:14:32.752 utils.ts:137 unknown seeking事件触发 Event {isTrusted: true, type: 'seeking', target: video#course-video_html5_api.vjs-tech, currentTarget: video#course-video_html5_api.vjs-tech, eventPhase: 2, …}
11:14:32.754 log.ts:179 [debug 11:14:32 ] [视频事件] Video paused, attempting to resume...
11:14:32.764 log.ts:179 [debug 11:14:32 ] 拦截到HTTP请求: /learn/app/clientapi/course/bigdata/courseLearnTime.do?os=99&sid=DDFFB4A8903046B2B2A2C20195472FFA
11:14:32.999 utils.ts:137 unknown seeked事件触发 Event {isTrusted: true, type: 'seeked', target: video#course-video_html5_api.vjs-tech, currentTarget: video#course-video_html5_api.vjs-tech, eventPhase: 2, …}
11:14:33.587 log.ts:179 [debug 11:14:33 ] [播放速率] 设置播放速率为 1x
11:14:33.587 log.ts:179 [debug 11:14:33 ] [静音设置] 设置静音状态为 true
11:14:33.588 log.ts:179 [debug 11:14:33 ] [点击播放] 找到播放按钮，点击播放 button.vjs-big-play-button
11:14:33.591 log.ts:179 [debug 11:14:33 ] [静音设置] 设置静音状态为 true
11:14:33.591 log.ts:179 [debug 11:14:33 ] [播放速率] 设置播放速率为 1x
11:14:33.591 log.ts:179 [debug 11:14:33 ] [视频事件] Video playing, applying settings...
11:14:33.594 log.ts:179 [debug 11:14:33 ] 拦截到HTTP请求: /learn/app/getGlobalTimestamp.do?os=99&sid=DDFFB4A8903046B2B2A2C20195472FFA
11:14:33.596 log.ts:179 [debug 11:14:33 ] 拦截到HTTP请求: /learn/app/clientapi/course/play/queryStatus.do?courseWareId=1708932724584&courseId=N003284&bizType=0&bizId=&sid=DDFFB4A8903046B2B2A2C20195472FFA&os=99
11:14:33.845 log.ts:179 [debug 11:14:33 ] 拦截到HTTP请求: /learn/app/clientapi/course/bigdata/courseLearnTime.do?os=99&sid=DDFFB4A8903046B2B2A2C20195472FFA
11:14:33.846 utils.ts:137 unknown seeking事件触发 Event {isTrusted: true, type: 'seeking', target: video#course-video_html5_api.vjs-tech, currentTarget: video#course-video_html5_api.vjs-tech, eventPhase: 2, …}
11:14:33.849 log.ts:179 [debug 11:14:33 ] [视频事件] Video paused, attempting to resume...
11:14:33.853 log.ts:179 [debug 11:14:33 ] 拦截到HTTP请求: /learn/app/clientapi/course/bigdata/courseLearnTime.do?os=99&sid=DDFFB4A8903046B2B2A2C20195472FFA
11:14:33.860 (索引):1  Uncaught (in promise) t {message: undefined}
Promise.then
(匿名) @ 8222.6209a852.chunk.js:1
u @ 9561.4bf2dc71.js:2
(匿名) @ 9561.4bf2dc71.js:2
(匿名) @ 9561.4bf2dc71.js:2
r @ 9561.4bf2dc71.js:2
s @ 9561.4bf2dc71.js:2
Promise.then
r @ 9561.4bf2dc71.js:2
s @ 9561.4bf2dc71.js:2
(匿名) @ 9561.4bf2dc71.js:2
(匿名) @ 9561.4bf2dc71.js:2
(匿名) @ 8222.6209a852.chunk.js:1
u @ 9561.4bf2dc71.js:2
(匿名) @ 9561.4bf2dc71.js:2
(匿名) @ 9561.4bf2dc71.js:2
r @ 9561.4bf2dc71.js:2
s @ 9561.4bf2dc71.js:2
(匿名) @ 9561.4bf2dc71.js:2
(匿名) @ 9561.4bf2dc71.js:2
m @ 9561.4bf2dc71.js:2
w @ 9561.4bf2dc71.js:2
(匿名) @ 9561.4bf2dc71.js:2
E @ 9561.4bf2dc71.js:2
C @ 9561.4bf2dc71.js:2
S @ 9561.4bf2dc71.js:2
D @ 9561.4bf2dc71.js:2
kn @ 9561.4bf2dc71.js:2
le @ 9561.4bf2dc71.js:2
Dn @ 9561.4bf2dc71.js:2
zn @ 9561.4bf2dc71.js:2
An @ 9561.4bf2dc71.js:2
t.unstable_runWithPriority @ 9561.4bf2dc71.js:2
qo @ 9561.4bf2dc71.js:2
se @ 9561.4bf2dc71.js:2
Tn @ 9561.4bf2dc71.js:2
play
(匿名) @ 8222.6209a852.chunk.js:1
clickPlayButton @ video.ts:147
eval @ video.ts:177
setTimeout
eval @ video.ts:175
11:14:34.080 utils.ts:137 unknown seeked事件触发 Event {isTrusted: true, type: 'seeked', target: video#course-video_html5_api.vjs-tech, currentTarget: video#course-video_html5_api.vjs-tech, eventPhase: 2, …}
11:14:34.576 log.ts:179 [debug 11:14:34 ] [播放速率] 设置播放速率为 1x
11:14:34.576 log.ts:179 [debug 11:14:34 ] [静音设置] 设置静音状态为 true
11:14:34.577 log.ts:179 [debug 11:14:34 ] [点击播放] 找到播放按钮，点击播放 button.vjs-big-play-button
11:14:34.587 log.ts:179 [debug 11:14:34 ] [静音设置] 设置静音状态为 true
11:14:34.587 log.ts:179 [debug 11:14:34 ] [播放速率] 设置播放速率为 1x
11:14:34.591 log.ts:179 [debug 11:14:34 ] [视频事件] Video playing, applying settings...
11:14:34.597 log.ts:179 [debug 11:14:34 ] 拦截到HTTP请求: /learn/app/getGlobalTimestamp.do?os=99&sid=DDFFB4A8903046B2B2A2C20195472FFA
11:14:34.599 log.ts:179 [debug 11:14:34 ] 拦截到HTTP请求: /learn/app/clientapi/course/play/queryStatus.do?courseWareId=1708932724584&courseId=N003284&bizType=0&bizId=&sid=DDFFB4A8903046B2B2A2C20195472FFA&os=99
11:14:34.812 log.ts:179 [debug 11:14:34 ] 拦截到HTTP请求: /learn/app/clientapi/course/bigdata/courseLearnTime.do?os=99&sid=DDFFB4A8903046B2B2A2C20195472FFA
11:14:34.822 utils.ts:137 unknown seeking事件触发 Event {isTrusted: true, type: 'seeking', target: video#course-video_html5_api.vjs-tech, currentTarget: video#course-video_html5_api.vjs-tech, eventPhase: 2, …}
11:14:34.825 log.ts:179 [debug 11:14:34 ] [视频事件] Video paused, attempting to resume...
11:14:34.829 log.ts:179 [debug 11:14:34 ] 拦截到HTTP请求: /learn/app/clientapi/course/bigdata/courseLearnTime.do?os=99&sid=DDFFB4A8903046B2B2A2C20195472FFA
11:14:34.834 (索引):1  Uncaught (in promise) t {message: undefined}
Promise.then
(匿名) @ 8222.6209a852.chunk.js:1
u @ 9561.4bf2dc71.js:2
(匿名) @ 9561.4bf2dc71.js:2
(匿名) @ 9561.4bf2dc71.js:2
r @ 9561.4bf2dc71.js:2
s @ 9561.4bf2dc71.js:2
Promise.then
r @ 9561.4bf2dc71.js:2
s @ 9561.4bf2dc71.js:2
(匿名) @ 9561.4bf2dc71.js:2
(匿名) @ 9561.4bf2dc71.js:2
(匿名) @ 8222.6209a852.chunk.js:1
u @ 9561.4bf2dc71.js:2
(匿名) @ 9561.4bf2dc71.js:2
(匿名) @ 9561.4bf2dc71.js:2
r @ 9561.4bf2dc71.js:2
s @ 9561.4bf2dc71.js:2
(匿名) @ 9561.4bf2dc71.js:2
(匿名) @ 9561.4bf2dc71.js:2
m @ 9561.4bf2dc71.js:2
w @ 9561.4bf2dc71.js:2
(匿名) @ 9561.4bf2dc71.js:2
E @ 9561.4bf2dc71.js:2
C @ 9561.4bf2dc71.js:2
S @ 9561.4bf2dc71.js:2
D @ 9561.4bf2dc71.js:2
kn @ 9561.4bf2dc71.js:2
le @ 9561.4bf2dc71.js:2
Dn @ 9561.4bf2dc71.js:2
zn @ 9561.4bf2dc71.js:2
An @ 9561.4bf2dc71.js:2
t.unstable_runWithPriority @ 9561.4bf2dc71.js:2
qo @ 9561.4bf2dc71.js:2
se @ 9561.4bf2dc71.js:2
Tn @ 9561.4bf2dc71.js:2
play
(匿名) @ 8222.6209a852.chunk.js:1
clickPlayButton @ video.ts:147
eval @ video.ts:177
setTimeout
eval @ video.ts:175
11:14:35.121 utils.ts:137 unknown seeked事件触发 Event {isTrusted: true, type: 'seeked', target: video#course-video_html5_api.vjs-tech, currentTarget: video#course-video_html5_api.vjs-tech, eventPhase: 2, …}
11:14:35.587 log.ts:179 [debug 11:14:35 ] [播放速率] 设置播放速率为 1x
11:14:35.587 log.ts:179 [debug 11:14:35 ] [静音设置] 设置静音状态为 true
11:14:35.587 log.ts:179 [debug 11:14:35 ] [点击播放] 找到播放按钮，点击播放 button.vjs-big-play-button
11:14:35.589 log.ts:179 [debug 11:14:35 ] [静音设置] 设置静音状态为 true
11:14:35.589 log.ts:179 [debug 11:14:35 ] [播放速率] 设置播放速率为 1x
11:14:35.591 log.ts:179 [debug 11:14:35 ] [视频事件] Video playing, applying settings...
11:14:35.594 log.ts:179 [debug 11:14:35 ] 拦截到HTTP请求: /learn/app/getGlobalTimestamp.do?os=99&sid=DDFFB4A8903046B2B2A2C20195472FFA
11:14:35.596 log.ts:179 [debug 11:14:35 ] 拦截到HTTP请求: /learn/app/clientapi/course/play/queryStatus.do?courseWareId=1708932724584&courseId=N003284&bizType=0&bizId=&sid=DDFFB4A8903046B2B2A2C20195472FFA&os=99
11:14:35.810 log.ts:179 [debug 11:14:35 ] 拦截到HTTP请求: /learn/app/clientapi/course/bigdata/courseLearnTime.do?os=99&sid=DDFFB4A8903046B2B2A2C20195472FFA
11:14:35.832 utils.ts:137 unknown seeking事件触发 Event {isTrusted: true, type: 'seeking', target: video#course-video_html5_api.vjs-tech, currentTarget: video#course-video_html5_api.vjs-tech, eventPhase: 2, …}
11:14:35.834 log.ts:179 [debug 11:14:35 ] [视频事件] Video paused, attempting to resume...
11:14:35.843 log.ts:179 [debug 11:14:35 ] 拦截到HTTP请求: /learn/app/clientapi/course/bigdata/courseLearnTime.do?os=99&sid=DDFFB4A8903046B2B2A2C20195472FFA
11:14:35.847 (索引):1  Uncaught (in promise) t {message: undefined}
Promise.then
(匿名) @ 8222.6209a852.chunk.js:1
u @ 9561.4bf2dc71.js:2
(匿名) @ 9561.4bf2dc71.js:2
(匿名) @ 9561.4bf2dc71.js:2
r @ 9561.4bf2dc71.js:2
s @ 9561.4bf2dc71.js:2
Promise.then
r @ 9561.4bf2dc71.js:2
s @ 9561.4bf2dc71.js:2
(匿名) @ 9561.4bf2dc71.js:2
(匿名) @ 9561.4bf2dc71.js:2
(匿名) @ 8222.6209a852.chunk.js:1
u @ 9561.4bf2dc71.js:2
(匿名) @ 9561.4bf2dc71.js:2
(匿名) @ 9561.4bf2dc71.js:2
r @ 9561.4bf2dc71.js:2
s @ 9561.4bf2dc71.js:2
(匿名) @ 9561.4bf2dc71.js:2
(匿名) @ 9561.4bf2dc71.js:2
m @ 9561.4bf2dc71.js:2
w @ 9561.4bf2dc71.js:2
(匿名) @ 9561.4bf2dc71.js:2
E @ 9561.4bf2dc71.js:2
C @ 9561.4bf2dc71.js:2
S @ 9561.4bf2dc71.js:2
D @ 9561.4bf2dc71.js:2
kn @ 9561.4bf2dc71.js:2
le @ 9561.4bf2dc71.js:2
Dn @ 9561.4bf2dc71.js:2
zn @ 9561.4bf2dc71.js:2
An @ 9561.4bf2dc71.js:2
t.unstable_runWithPriority @ 9561.4bf2dc71.js:2
qo @ 9561.4bf2dc71.js:2
se @ 9561.4bf2dc71.js:2
Tn @ 9561.4bf2dc71.js:2
play
(匿名) @ 8222.6209a852.chunk.js:1
clickPlayButton @ video.ts:147
eval @ video.ts:177
setTimeout
eval @ video.ts:175
11:14:36.120 utils.ts:137 unknown seeked事件触发 Event {isTrusted: true, type: 'seeked', target: video#course-video_html5_api.vjs-tech, currentTarget: video#course-video_html5_api.vjs-tech, eventPhase: 2, …}
11:14:36.579 log.ts:179 [debug 11:14:36 ] [播放速率] 设置播放速率为 1x
11:14:36.579 log.ts:179 [debug 11:14:36 ] [静音设置] 设置静音状态为 true
11:14:36.580 log.ts:179 [debug 11:14:36 ] [点击播放] 找到播放按钮，点击播放 button.vjs-big-play-button
11:14:36.581 log.ts:179 [debug 11:14:36 ] [静音设置] 设置静音状态为 true
11:14:36.582 log.ts:179 [debug 11:14:36 ] [播放速率] 设置播放速率为 1x
11:14:36.585 log.ts:179 [debug 11:14:36 ] [视频事件] Video playing, applying settings...
11:14:36.588 log.ts:179 [debug 11:14:36 ] 拦截到HTTP请求: /learn/app/getGlobalTimestamp.do?os=99&sid=DDFFB4A8903046B2B2A2C20195472FFA
11:14:36.589 log.ts:179 [debug 11:14:36 ] 拦截到HTTP请求: /learn/app/clientapi/course/play/queryStatus.do?courseWareId=1708932724584&courseId=N003284&bizType=0&bizId=&sid=DDFFB4A8903046B2B2A2C20195472FFA&os=99
11:14:36.748 log.ts:179 [debug 11:14:36 ] 拦截到HTTP请求: /learn/app/clientapi/course/bigdata/courseLearnTime.do?os=99&sid=DDFFB4A8903046B2B2A2C20195472FFA
11:14:36.773 utils.ts:137 unknown seeking事件触发 Event {isTrusted: true, type: 'seeking', target: video#course-video_html5_api.vjs-tech, currentTarget: video#course-video_html5_api.vjs-tech, eventPhase: 2, …}
11:14:36.775 log.ts:179 [debug 11:14:36 ] [视频事件] Video paused, attempting to resume...
11:14:36.780 log.ts:179 [debug 11:14:36 ] 拦截到HTTP请求: /learn/app/clientapi/course/bigdata/courseLearnTime.do?os=99&sid=DDFFB4A8903046B2B2A2C20195472FFA
11:14:36.787 (索引):1  Uncaught (in promise) t {message: undefined}
Promise.then
(匿名) @ 8222.6209a852.chunk.js:1
u @ 9561.4bf2dc71.js:2
(匿名) @ 9561.4bf2dc71.js:2
(匿名) @ 9561.4bf2dc71.js:2
r @ 9561.4bf2dc71.js:2
s @ 9561.4bf2dc71.js:2
Promise.then
r @ 9561.4bf2dc71.js:2
s @ 9561.4bf2dc71.js:2
(匿名) @ 9561.4bf2dc71.js:2
(匿名) @ 9561.4bf2dc71.js:2
(匿名) @ 8222.6209a852.chunk.js:1
u @ 9561.4bf2dc71.js:2
(匿名) @ 9561.4bf2dc71.js:2
(匿名) @ 9561.4bf2dc71.js:2
r @ 9561.4bf2dc71.js:2
s @ 9561.4bf2dc71.js:2
(匿名) @ 9561.4bf2dc71.js:2
(匿名) @ 9561.4bf2dc71.js:2
m @ 9561.4bf2dc71.js:2
w @ 9561.4bf2dc71.js:2
(匿名) @ 9561.4bf2dc71.js:2
E @ 9561.4bf2dc71.js:2
C @ 9561.4bf2dc71.js:2
S @ 9561.4bf2dc71.js:2
D @ 9561.4bf2dc71.js:2
kn @ 9561.4bf2dc71.js:2
le @ 9561.4bf2dc71.js:2
Dn @ 9561.4bf2dc71.js:2
zn @ 9561.4bf2dc71.js:2
An @ 9561.4bf2dc71.js:2
t.unstable_runWithPriority @ 9561.4bf2dc71.js:2
qo @ 9561.4bf2dc71.js:2
se @ 9561.4bf2dc71.js:2
Tn @ 9561.4bf2dc71.js:2
play
(匿名) @ 8222.6209a852.chunk.js:1
clickPlayButton @ video.ts:147
eval @ video.ts:177
setTimeout
eval @ video.ts:175
11:14:37.010 utils.ts:137 unknown seeked事件触发 Event {isTrusted: true, type: 'seeked', target: video#course-video_html5_api.vjs-tech, currentTarget: video#course-video_html5_api.vjs-tech, eventPhase: 2, …}
11:14:37.578 log.ts:179 [debug 11:14:37 ] [播放速率] 设置播放速率为 1x
11:14:37.578 log.ts:179 [debug 11:14:37 ] [静音设置] 设置静音状态为 true
11:14:37.578 log.ts:179 [debug 11:14:37 ] [点击播放] 找到播放按钮，点击播放 button.vjs-big-play-button
11:14:37.583 log.ts:179 [debug 11:14:37 ] [静音设置] 设置静音状态为 true
11:14:37.583 log.ts:179 [debug 11:14:37 ] [播放速率] 设置播放速率为 1x
11:14:37.586 log.ts:179 [debug 11:14:37 ] [视频事件] Video playing, applying settings...
11:14:37.593 log.ts:179 [debug 11:14:37 ] 拦截到HTTP请求: /learn/app/getGlobalTimestamp.do?os=99&sid=DDFFB4A8903046B2B2A2C20195472FFA
11:14:37.594 log.ts:179 [debug 11:14:37 ] 拦截到HTTP请求: /learn/app/clientapi/course/play/queryStatus.do?courseWareId=1708932724584&courseId=N003284&bizType=0&bizId=&sid=DDFFB4A8903046B2B2A2C20195472FFA&os=99
11:14:37.798 utils.ts:137 unknown seeking事件触发 Event {isTrusted: true, type: 'seeking', target: video#course-video_html5_api.vjs-tech, currentTarget: video#course-video_html5_api.vjs-tech, eventPhase: 2, …}
11:14:37.801 log.ts:179 [debug 11:14:37 ] [视频事件] Video paused, attempting to resume...
11:14:37.820 log.ts:179 [debug 11:14:37 ] 拦截到HTTP请求: /learn/app/clientapi/course/bigdata/courseLearnTime.do?os=99&sid=DDFFB4A8903046B2B2A2C20195472FFA
11:14:38.053 utils.ts:137 unknown seeked事件触发 Event {isTrusted: true, type: 'seeked', target: video#course-video_html5_api.vjs-tech, currentTarget: video#course-video_html5_api.vjs-tech, eventPhase: 2, …}
11:14:38.590 log.ts:179 [debug 11:14:38 ] [播放速率] 设置播放速率为 1x
11:14:38.590 log.ts:179 [debug 11:14:38 ] [静音设置] 设置静音状态为 true
11:14:38.590 log.ts:179 [debug 11:14:38 ] [点击播放] 找到播放按钮，点击播放 button.vjs-big-play-button
11:14:38.592 log.ts:179 [debug 11:14:38 ] [静音设置] 设置静音状态为 true
11:14:38.592 log.ts:179 [debug 11:14:38 ] [播放速率] 设置播放速率为 1x
11:14:38.595 log.ts:179 [debug 11:14:38 ] [视频事件] Video playing, applying settings...
11:14:38.598 log.ts:179 [debug 11:14:38 ] 拦截到HTTP请求: /learn/app/clientapi/course/play/queryStatus.do?courseWareId=1708932724584&courseId=N003284&bizType=0&bizId=&sid=DDFFB4A8903046B2B2A2C20195472FFA&os=99
11:14:38.715 utils.ts:137 unknown seeking事件触发 Event {isTrusted: true, type: 'seeking', target: video#course-video_html5_api.vjs-tech, currentTarget: video#course-video_html5_api.vjs-tech, eventPhase: 2, …}
11:14:38.716 log.ts:179 [debug 11:14:38 ] [视频事件] Video paused, attempting to resume...
11:14:38.721 log.ts:179 [debug 11:14:38 ] 拦截到HTTP请求: /learn/app/clientapi/course/bigdata/courseLearnTime.do?os=99&sid=DDFFB4A8903046B2B2A2C20195472FFA
11:14:38.950 utils.ts:137 unknown seeked事件触发 Event {isTrusted: true, type: 'seeked', target: video#course-video_html5_api.vjs-tech, currentTarget: video#course-video_html5_api.vjs-tech, eventPhase: 2, …}
11:14:39.590 log.ts:179 [debug 11:14:39 ] [播放速率] 设置播放速率为 1x
11:14:39.591 log.ts:179 [debug 11:14:39 ] [静音设置] 设置静音状态为 true
11:14:39.591 log.ts:179 [debug 11:14:39 ] [点击播放] 找到播放按钮，点击播放 button.vjs-big-play-button
11:14:39.593 log.ts:179 [debug 11:14:39 ] [静音设置] 设置静音状态为 true
11:14:39.593 log.ts:179 [debug 11:14:39 ] [播放速率] 设置播放速率为 1x
11:14:39.594 log.ts:179 [debug 11:14:39 ] [视频事件] Video playing, applying settings...
11:14:39.599 log.ts:179 [debug 11:14:39 ] 拦截到HTTP请求: /learn/app/getGlobalTimestamp.do?os=99&sid=DDFFB4A8903046B2B2A2C20195472FFA
11:14:39.601 log.ts:179 [debug 11:14:39 ] 拦截到HTTP请求: /learn/app/clientapi/course/play/queryStatus.do?courseWareId=1708932724584&courseId=N003284&bizType=0&bizId=&sid=DDFFB4A8903046B2B2A2C20195472FFA&os=99
11:14:39.754 utils.ts:137 unknown seeking事件触发 Event {isTrusted: true, type: 'seeking', target: video#course-video_html5_api.vjs-tech, currentTarget: video#course-video_html5_api.vjs-tech, eventPhase: 2, …}
11:14:39.757 log.ts:179 [debug 11:14:39 ] [视频事件] Video paused, attempting to resume...
11:14:39.824 log.ts:179 [debug 11:14:39 ] 拦截到HTTP请求: /learn/app/clientapi/course/bigdata/courseLearnTime.do?os=99&sid=DDFFB4A8903046B2B2A2C20195472FFA
11:14:40.060 utils.ts:137 unknown seeked事件触发 Event {isTrusted: true, type: 'seeked', target: video#course-video_html5_api.vjs-tech, currentTarget: video#course-video_html5_api.vjs-tech, eventPhase: 2, …}
11:14:40.580 log.ts:179 [debug 11:14:40 ] [播放速率] 设置播放速率为 1x
11:14:40.580 log.ts:179 [debug 11:14:40 ] [静音设置] 设置静音状态为 true
11:14:40.580 log.ts:179 [debug 11:14:40 ] [点击播放] 找到播放按钮，点击播放 button.vjs-big-play-button
11:14:40.582 log.ts:179 [debug 11:14:40 ] [静音设置] 设置静音状态为 true
11:14:40.582 log.ts:179 [debug 11:14:40 ] [播放速率] 设置播放速率为 1x
11:14:40.584 log.ts:179 [debug 11:14:40 ] [视频事件] Video playing, applying settings...
11:14:40.587 log.ts:179 [debug 11:14:40 ] 拦截到HTTP请求: /learn/app/clientapi/course/play/queryStatus.do?courseWareId=1708932724584&courseId=N003284&bizType=0&bizId=&sid=DDFFB4A8903046B2B2A2C20195472FFA&os=99
11:14:40.730 utils.ts:137 unknown seeking事件触发 Event {isTrusted: true, type: 'seeking', target: video#course-video_html5_api.vjs-tech, currentTarget: video#course-video_html5_api.vjs-tech, eventPhase: 2, …}
11:14:40.731 log.ts:179 [debug 11:14:40 ] [视频事件] Video paused, attempting to resume...
11:14:40.737 log.ts:179 [debug 11:14:40 ] 拦截到HTTP请求: /learn/app/clientapi/course/bigdata/courseLearnTime.do?os=99&sid=DDFFB4A8903046B2B2A2C20195472FFA
11:14:40.973 utils.ts:137 unknown seeked事件触发 Event {isTrusted: true, type: 'seeked', target: video#course-video_html5_api.vjs-tech, currentTarget: video#course-video_html5_api.vjs-tech, eventPhase: 2, …}
11:14:41.581 log.ts:179 [debug 11:14:41 ] [播放速率] 设置播放速率为 1x
11:14:41.581 log.ts:179 [debug 11:14:41 ] [静音设置] 设置静音状态为 true
11:14:41.581 log.ts:179 [debug 11:14:41 ] [点击播放] 找到播放按钮，点击播放 button.vjs-big-play-button
11:14:41.584 log.ts:179 [debug 11:14:41 ] [静音设置] 设置静音状态为 true
11:14:41.585 log.ts:179 [debug 11:14:41 ] [播放速率] 设置播放速率为 1x
11:14:41.587 log.ts:179 [debug 11:14:41 ] [视频事件] Video playing, applying settings...
11:14:41.590 log.ts:179 [debug 11:14:41 ] 拦截到HTTP请求: /learn/app/getGlobalTimestamp.do?os=99&sid=DDFFB4A8903046B2B2A2C20195472FFA
11:14:41.591 log.ts:179 [debug 11:14:41 ] 拦截到HTTP请求: /learn/app/clientapi/course/play/queryStatus.do?courseWareId=1708932724584&courseId=N003284&bizType=0&bizId=&sid=DDFFB4A8903046B2B2A2C20195472FFA&os=99
11:14:41.739 log.ts:179 [debug 11:14:41 ] 拦截到HTTP请求: /learn/app/clientapi/course/bigdata/courseLearnTime.do?os=99&sid=DDFFB4A8903046B2B2A2C20195472FFA
11:14:41.811 utils.ts:137 unknown seeking事件触发 Event {isTrusted: true, type: 'seeking', target: video#course-video_html5_api.vjs-tech, currentTarget: video#course-video_html5_api.vjs-tech, eventPhase: 2, …}
11:14:41.820 log.ts:179 [debug 11:14:41 ] [视频事件] Video paused, attempting to resume...
11:14:41.825 log.ts:179 [debug 11:14:41 ] 拦截到HTTP请求: /learn/app/clientapi/course/bigdata/courseLearnTime.do?os=99&sid=DDFFB4A8903046B2B2A2C20195472FFA
11:14:41.830 (索引):1  Uncaught (in promise) t {message: undefined}
Promise.then
(匿名) @ 8222.6209a852.chunk.js:1
u @ 9561.4bf2dc71.js:2
(匿名) @ 9561.4bf2dc71.js:2
(匿名) @ 9561.4bf2dc71.js:2
r @ 9561.4bf2dc71.js:2
s @ 9561.4bf2dc71.js:2
Promise.then
r @ 9561.4bf2dc71.js:2
s @ 9561.4bf2dc71.js:2
(匿名) @ 9561.4bf2dc71.js:2
(匿名) @ 9561.4bf2dc71.js:2
(匿名) @ 8222.6209a852.chunk.js:1
u @ 9561.4bf2dc71.js:2
(匿名) @ 9561.4bf2dc71.js:2
(匿名) @ 9561.4bf2dc71.js:2
r @ 9561.4bf2dc71.js:2
s @ 9561.4bf2dc71.js:2
(匿名) @ 9561.4bf2dc71.js:2
(匿名) @ 9561.4bf2dc71.js:2
m @ 9561.4bf2dc71.js:2
w @ 9561.4bf2dc71.js:2
(匿名) @ 9561.4bf2dc71.js:2
E @ 9561.4bf2dc71.js:2
C @ 9561.4bf2dc71.js:2
S @ 9561.4bf2dc71.js:2
D @ 9561.4bf2dc71.js:2
kn @ 9561.4bf2dc71.js:2
le @ 9561.4bf2dc71.js:2
Dn @ 9561.4bf2dc71.js:2
zn @ 9561.4bf2dc71.js:2
An @ 9561.4bf2dc71.js:2
t.unstable_runWithPriority @ 9561.4bf2dc71.js:2
qo @ 9561.4bf2dc71.js:2
se @ 9561.4bf2dc71.js:2
Tn @ 9561.4bf2dc71.js:2
play
(匿名) @ 8222.6209a852.chunk.js:1
clickPlayButton @ video.ts:147
eval @ video.ts:177
setTimeout
eval @ video.ts:175
11:14:42.055 utils.ts:137 unknown seeked事件触发 Event {isTrusted: true, type: 'seeked', target: video#course-video_html5_api.vjs-tech, currentTarget: video#course-video_html5_api.vjs-tech, eventPhase: 2, …}
11:14:42.587 log.ts:179 [debug 11:14:42 ] [播放速率] 设置播放速率为 1x
11:14:42.587 log.ts:179 [debug 11:14:42 ] [静音设置] 设置静音状态为 true
11:14:42.588 log.ts:179 [debug 11:14:42 ] [点击播放] 找到播放按钮，点击播放 button.vjs-big-play-button
11:14:42.593 log.ts:179 [debug 11:14:42 ] [静音设置] 设置静音状态为 true
11:14:42.593 log.ts:179 [debug 11:14:42 ] [播放速率] 设置播放速率为 1x
11:14:42.599 log.ts:179 [debug 11:14:42 ] [视频事件] Video playing, applying settings...
11:14:42.610 log.ts:179 [debug 11:14:42 ] 拦截到HTTP请求: /learn/app/getGlobalTimestamp.do?os=99&sid=DDFFB4A8903046B2B2A2C20195472FFA
11:14:42.611 log.ts:179 [debug 11:14:42 ] 拦截到HTTP请求: /learn/app/clientapi/course/play/queryStatus.do?courseWareId=1708932724584&courseId=N003284&bizType=0&bizId=&sid=DDFFB4A8903046B2B2A2C20195472FFA&os=99
11:14:42.767 log.ts:179 [debug 11:14:42 ] 拦截到HTTP请求: /learn/app/clientapi/course/bigdata/courseLearnTime.do?os=99&sid=DDFFB4A8903046B2B2A2C20195472FFA
11:14:42.809 utils.ts:137 unknown seeking事件触发 Event {isTrusted: true, type: 'seeking', target: video#course-video_html5_api.vjs-tech, currentTarget: video#course-video_html5_api.vjs-tech, eventPhase: 2, …}
11:14:42.811 log.ts:179 [debug 11:14:42 ] [视频事件] Video paused, attempting to resume...
11:14:42.815 log.ts:179 [debug 11:14:42 ] 拦截到HTTP请求: /learn/app/clientapi/course/bigdata/courseLearnTime.do?os=99&sid=DDFFB4A8903046B2B2A2C20195472FFA
11:14:42.820 (索引):1  Uncaught (in promise) t {message: undefined}
Promise.then
(匿名) @ 8222.6209a852.chunk.js:1
u @ 9561.4bf2dc71.js:2
(匿名) @ 9561.4bf2dc71.js:2
(匿名) @ 9561.4bf2dc71.js:2
r @ 9561.4bf2dc71.js:2
s @ 9561.4bf2dc71.js:2
Promise.then
r @ 9561.4bf2dc71.js:2
s @ 9561.4bf2dc71.js:2
(匿名) @ 9561.4bf2dc71.js:2
(匿名) @ 9561.4bf2dc71.js:2
(匿名) @ 8222.6209a852.chunk.js:1
u @ 9561.4bf2dc71.js:2
(匿名) @ 9561.4bf2dc71.js:2
(匿名) @ 9561.4bf2dc71.js:2
r @ 9561.4bf2dc71.js:2
s @ 9561.4bf2dc71.js:2
(匿名) @ 9561.4bf2dc71.js:2
(匿名) @ 9561.4bf2dc71.js:2
m @ 9561.4bf2dc71.js:2
w @ 9561.4bf2dc71.js:2
(匿名) @ 9561.4bf2dc71.js:2
E @ 9561.4bf2dc71.js:2
C @ 9561.4bf2dc71.js:2
S @ 9561.4bf2dc71.js:2
D @ 9561.4bf2dc71.js:2
kn @ 9561.4bf2dc71.js:2
le @ 9561.4bf2dc71.js:2
Dn @ 9561.4bf2dc71.js:2
zn @ 9561.4bf2dc71.js:2
An @ 9561.4bf2dc71.js:2
t.unstable_runWithPriority @ 9561.4bf2dc71.js:2
qo @ 9561.4bf2dc71.js:2
se @ 9561.4bf2dc71.js:2
Tn @ 9561.4bf2dc71.js:2
play
(匿名) @ 8222.6209a852.chunk.js:1
clickPlayButton @ video.ts:147
eval @ video.ts:177
setTimeout
eval @ video.ts:175
11:14:43.058 utils.ts:137 unknown seeked事件触发 Event {isTrusted: true, type: 'seeked', target: video#course-video_html5_api.vjs-tech, currentTarget: video#course-video_html5_api.vjs-tech, eventPhase: 2, …}
11:14:43.593 log.ts:179 [debug 11:14:43 ] [播放速率] 设置播放速率为 1x
11:14:43.594 log.ts:179 [debug 11:14:43 ] [静音设置] 设置静音状态为 true
11:14:43.594 log.ts:179 [debug 11:14:43 ] [点击播放] 找到播放按钮，点击播放 button.vjs-big-play-button
11:14:43.599 log.ts:179 [debug 11:14:43 ] [静音设置] 设置静音状态为 true
11:14:43.599 log.ts:179 [debug 11:14:43 ] [播放速率] 设置播放速率为 1x
11:14:43.602 log.ts:179 [debug 11:14:43 ] [视频事件] Video playing, applying settings...
11:14:43.606 log.ts:179 [debug 11:14:43 ] 拦截到HTTP请求: /learn/app/getGlobalTimestamp.do?os=99&sid=DDFFB4A8903046B2B2A2C20195472FFA
11:14:43.607 log.ts:179 [debug 11:14:43 ] 拦截到HTTP请求: /learn/app/clientapi/course/play/queryStatus.do?courseWareId=1708932724584&courseId=N003284&bizType=0&bizId=&sid=DDFFB4A8903046B2B2A2C20195472FFA&os=99
11:14:43.802 utils.ts:137 unknown seeking事件触发 Event {isTrusted: true, type: 'seeking', target: video#course-video_html5_api.vjs-tech, currentTarget: video#course-video_html5_api.vjs-tech, eventPhase: 2, …}
11:14:43.803 log.ts:179 [debug 11:14:43 ] [视频事件] Video paused, attempting to resume...
11:14:43.832 log.ts:179 [debug 11:14:43 ] 拦截到HTTP请求: /learn/app/clientapi/course/bigdata/courseLearnTime.do?os=99&sid=DDFFB4A8903046B2B2A2C20195472FFA
11:14:44.047 utils.ts:137 unknown seeked事件触发 Event {isTrusted: true, type: 'seeked', target: video#course-video_html5_api.vjs-tech, currentTarget: video#course-video_html5_api.vjs-tech, eventPhase: 2, …}
11:14:44.591 log.ts:179 [debug 11:14:44 ] [播放速率] 设置播放速率为 1x
11:14:44.591 log.ts:179 [debug 11:14:44 ] [静音设置] 设置静音状态为 true
11:14:44.592 log.ts:179 [debug 11:14:44 ] [点击播放] 找到播放按钮，点击播放 button.vjs-big-play-button
11:14:44.598 log.ts:179 [debug 11:14:44 ] [静音设置] 设置静音状态为 true
11:14:44.598 log.ts:179 [debug 11:14:44 ] [播放速率] 设置播放速率为 1x
11:14:44.602 log.ts:179 [debug 11:14:44 ] [视频事件] Video playing, applying settings...
11:14:44.605 log.ts:179 [debug 11:14:44 ] 拦截到HTTP请求: /learn/app/clientapi/course/play/queryStatus.do?courseWareId=1708932724584&courseId=N003284&bizType=0&bizId=&sid=DDFFB4A8903046B2B2A2C20195472FFA&os=99
11:14:44.765 utils.ts:137 unknown seeking事件触发 Event {isTrusted: true, type: 'seeking', target: video#course-video_html5_api.vjs-tech, currentTarget: video#course-video_html5_api.vjs-tech, eventPhase: 2, …}
11:14:44.766 log.ts:179 [debug 11:14:44 ] [视频事件] Video paused, attempting to resume...
11:14:44.773 log.ts:179 [debug 11:14:44 ] 拦截到HTTP请求: /learn/app/clientapi/course/bigdata/courseLearnTime.do?os=99&sid=DDFFB4A8903046B2B2A2C20195472FFA
11:14:45.010 utils.ts:137 unknown seeked事件触发 Event {isTrusted: true, type: 'seeked', target: video#course-video_html5_api.vjs-tech, currentTarget: video#course-video_html5_api.vjs-tech, eventPhase: 2, …}
11:14:45.586 log.ts:179 [debug 11:14:45 ] [播放速率] 设置播放速率为 1x
11:14:45.586 log.ts:179 [debug 11:14:45 ] [静音设置] 设置静音状态为 true
11:14:45.586 log.ts:179 [debug 11:14:45 ] [点击播放] 找到播放按钮，点击播放 button.vjs-big-play-button
11:14:45.589 log.ts:179 [debug 11:14:45 ] [静音设置] 设置静音状态为 true
11:14:45.589 log.ts:179 [debug 11:14:45 ] [播放速率] 设置播放速率为 1x
11:14:45.591 log.ts:179 [debug 11:14:45 ] [视频事件] Video playing, applying settings...
11:14:45.594 log.ts:179 [debug 11:14:45 ] 拦截到HTTP请求: /learn/app/getGlobalTimestamp.do?os=99&sid=DDFFB4A8903046B2B2A2C20195472FFA
11:14:45.599 log.ts:179 [debug 11:14:45 ] 拦截到HTTP请求: /learn/app/clientapi/course/play/queryStatus.do?courseWareId=1708932724584&courseId=N003284&bizType=0&bizId=&sid=DDFFB4A8903046B2B2A2C20195472FFA&os=99
11:14:45.836 log.ts:179 [debug 11:14:45 ] 拦截到HTTP请求: /learn/app/clientapi/course/bigdata/courseLearnTime.do?os=99&sid=DDFFB4A8903046B2B2A2C20195472FFA
11:14:45.873 utils.ts:137 unknown seeking事件触发 Event {isTrusted: true, type: 'seeking', target: video#course-video_html5_api.vjs-tech, currentTarget: video#course-video_html5_api.vjs-tech, eventPhase: 2, …}
11:14:45.876 log.ts:179 [debug 11:14:45 ] [视频事件] Video paused, attempting to resume...
11:14:45.881 log.ts:179 [debug 11:14:45 ] 拦截到HTTP请求: /learn/app/clientapi/course/bigdata/courseLearnTime.do?os=99&sid=DDFFB4A8903046B2B2A2C20195472FFA
11:14:45.884 (索引):1  Uncaught (in promise) t {message: undefined}
Promise.then
(匿名) @ 8222.6209a852.chunk.js:1
u @ 9561.4bf2dc71.js:2
(匿名) @ 9561.4bf2dc71.js:2
(匿名) @ 9561.4bf2dc71.js:2
r @ 9561.4bf2dc71.js:2
s @ 9561.4bf2dc71.js:2
Promise.then
r @ 9561.4bf2dc71.js:2
s @ 9561.4bf2dc71.js:2
(匿名) @ 9561.4bf2dc71.js:2
(匿名) @ 9561.4bf2dc71.js:2
(匿名) @ 8222.6209a852.chunk.js:1
u @ 9561.4bf2dc71.js:2
(匿名) @ 9561.4bf2dc71.js:2
(匿名) @ 9561.4bf2dc71.js:2
r @ 9561.4bf2dc71.js:2
s @ 9561.4bf2dc71.js:2
(匿名) @ 9561.4bf2dc71.js:2
(匿名) @ 9561.4bf2dc71.js:2
m @ 9561.4bf2dc71.js:2
w @ 9561.4bf2dc71.js:2
(匿名) @ 9561.4bf2dc71.js:2
E @ 9561.4bf2dc71.js:2
C @ 9561.4bf2dc71.js:2
S @ 9561.4bf2dc71.js:2
D @ 9561.4bf2dc71.js:2
kn @ 9561.4bf2dc71.js:2
le @ 9561.4bf2dc71.js:2
Dn @ 9561.4bf2dc71.js:2
zn @ 9561.4bf2dc71.js:2
An @ 9561.4bf2dc71.js:2
t.unstable_runWithPriority @ 9561.4bf2dc71.js:2
qo @ 9561.4bf2dc71.js:2
se @ 9561.4bf2dc71.js:2
Tn @ 9561.4bf2dc71.js:2
play
(匿名) @ 8222.6209a852.chunk.js:1
clickPlayButton @ video.ts:147
eval @ video.ts:177
setTimeout
eval @ video.ts:175
11:14:46.121 utils.ts:137 unknown seeked事件触发 Event {isTrusted: true, type: 'seeked', target: video#course-video_html5_api.vjs-tech, currentTarget: video#course-video_html5_api.vjs-tech, eventPhase: 2, …}
11:14:46.582 log.ts:179 [debug 11:14:46 ] [播放速率] 设置播放速率为 1x
11:14:46.582 log.ts:179 [debug 11:14:46 ] [静音设置] 设置静音状态为 true
11:14:46.582 log.ts:179 [debug 11:14:46 ] [点击播放] 找到播放按钮，点击播放 button.vjs-big-play-button
11:14:46.585 log.ts:179 [debug 11:14:46 ] [静音设置] 设置静音状态为 true
11:14:46.585 log.ts:179 [debug 11:14:46 ] [播放速率] 设置播放速率为 1x
11:14:46.587 log.ts:179 [debug 11:14:46 ] [视频事件] Video playing, applying settings...
11:14:46.591 log.ts:179 [debug 11:14:46 ] 拦截到HTTP请求: /learn/app/getGlobalTimestamp.do?os=99&sid=DDFFB4A8903046B2B2A2C20195472FFA
11:14:46.592 log.ts:179 [debug 11:14:46 ] 拦截到HTTP请求: /learn/app/clientapi/course/play/queryStatus.do?courseWareId=1708932724584&courseId=N003284&bizType=0&bizId=&sid=DDFFB4A8903046B2B2A2C20195472FFA&os=99
11:14:46.780 utils.ts:137 unknown seeking事件触发 Event {isTrusted: true, type: 'seeking', target: video#course-video_html5_api.vjs-tech, currentTarget: video#course-video_html5_api.vjs-tech, eventPhase: 2, …}
11:14:46.781 log.ts:179 [debug 11:14:46 ] [视频事件] Video paused, attempting to resume...
11:14:46.835 log.ts:179 [debug 11:14:46 ] 拦截到HTTP请求: /learn/app/clientapi/course/bigdata/courseLearnTime.do?os=99&sid=DDFFB4A8903046B2B2A2C20195472FFA
11:14:47.019 utils.ts:137 unknown seeked事件触发 Event {isTrusted: true, type: 'seeked', target: video#course-video_html5_api.vjs-tech, currentTarget: video#course-video_html5_api.vjs-tech, eventPhase: 2, …}
11:14:47.590 log.ts:179 [debug 11:14:47 ] [播放速率] 设置播放速率为 1x
11:14:47.590 log.ts:179 [debug 11:14:47 ] [静音设置] 设置静音状态为 true
11:14:47.590 log.ts:179 [debug 11:14:47 ] [点击播放] 找到播放按钮，点击播放 button.vjs-big-play-button
11:14:47.608 log.ts:179 [debug 11:14:47 ] [静音设置] 设置静音状态为 true
11:14:47.608 log.ts:179 [debug 11:14:47 ] [播放速率] 设置播放速率为 1x
11:14:47.619 log.ts:179 [debug 11:14:47 ] [视频事件] Video playing, applying settings...
11:14:47.623 log.ts:179 [debug 11:14:47 ] 拦截到HTTP请求: /learn/app/clientapi/course/play/queryStatus.do?courseWareId=1708932724584&courseId=N003284&bizType=0&bizId=&sid=DDFFB4A8903046B2B2A2C20195472FFA&os=99
11:14:47.869 utils.ts:137 unknown seeking事件触发 Event {isTrusted: true, type: 'seeking', target: video#course-video_html5_api.vjs-tech, currentTarget: video#course-video_html5_api.vjs-tech, eventPhase: 2, …}
11:14:47.871 log.ts:179 [debug 11:14:47 ] [视频事件] Video paused, attempting to resume...
11:14:47.885 log.ts:179 [debug 11:14:47 ] 拦截到HTTP请求: /learn/app/clientapi/course/bigdata/courseLearnTime.do?os=99&sid=DDFFB4A8903046B2B2A2C20195472FFA
11:14:48.121 utils.ts:137 unknown seeked事件触发 Event {isTrusted: true, type: 'seeked', target: video#course-video_html5_api.vjs-tech, currentTarget: video#course-video_html5_api.vjs-tech, eventPhase: 2, …}
11:14:48.587 log.ts:179 [debug 11:14:48 ] [播放速率] 设置播放速率为 1x
11:14:48.587 log.ts:179 [debug 11:14:48 ] [静音设置] 设置静音状态为 true
11:14:48.588 log.ts:179 [debug 11:14:48 ] [点击播放] 找到播放按钮，点击播放 button.vjs-big-play-button
11:14:48.590 log.ts:179 [debug 11:14:48 ] [静音设置] 设置静音状态为 true
11:14:48.590 log.ts:179 [debug 11:14:48 ] [播放速率] 设置播放速率为 1x
11:14:48.596 log.ts:179 [debug 11:14:48 ] [视频事件] Video playing, applying settings...
11:14:48.600 log.ts:179 [debug 11:14:48 ] 拦截到HTTP请求: /learn/app/getGlobalTimestamp.do?os=99&sid=DDFFB4A8903046B2B2A2C20195472FFA
11:14:48.601 log.ts:179 [debug 11:14:48 ] 拦截到HTTP请求: /learn/app/clientapi/course/play/queryStatus.do?courseWareId=1708932724584&courseId=N003284&bizType=0&bizId=&sid=DDFFB4A8903046B2B2A2C20195472FFA&os=99
11:14:48.756 utils.ts:137 unknown seeking事件触发 Event {isTrusted: true, type: 'seeking', target: video#course-video_html5_api.vjs-tech, currentTarget: video#course-video_html5_api.vjs-tech, eventPhase: 2, …}
11:14:48.758 log.ts:179 [debug 11:14:48 ] [视频事件] Video paused, attempting to resume...
11:14:48.833 log.ts:179 [debug 11:14:48 ] 拦截到HTTP请求: /learn/app/clientapi/course/bigdata/courseLearnTime.do?os=99&sid=DDFFB4A8903046B2B2A2C20195472FFA
11:14:49.012 utils.ts:137 unknown seeked事件触发 Event {isTrusted: true, type: 'seeked', target: video#course-video_html5_api.vjs-tech, currentTarget: video#course-video_html5_api.vjs-tech, eventPhase: 2, …}
11:14:49.589 log.ts:179 [debug 11:14:49 ] [播放速率] 设置播放速率为 1x
11:14:49.590 log.ts:179 [debug 11:14:49 ] [静音设置] 设置静音状态为 true
11:14:49.591 log.ts:179 [debug 11:14:49 ] [点击播放] 找到播放按钮，点击播放 button.vjs-big-play-button
11:14:49.594 log.ts:179 [debug 11:14:49 ] [静音设置] 设置静音状态为 true
11:14:49.594 log.ts:179 [debug 11:14:49 ] [播放速率] 设置播放速率为 1x
11:14:49.600 log.ts:179 [debug 11:14:49 ] [视频事件] Video playing, applying settings...
11:14:49.609 log.ts:179 [debug 11:14:49 ] 拦截到HTTP请求: /learn/app/clientapi/course/play/queryStatus.do?courseWareId=1708932724584&courseId=N003284&bizType=0&bizId=&sid=DDFFB4A8903046B2B2A2C20195472FFA&os=99
11:14:49.843 utils.ts:137 unknown seeking事件触发 Event {isTrusted: true, type: 'seeking', target: video#course-video_html5_api.vjs-tech, currentTarget: video#course-video_html5_api.vjs-tech, eventPhase: 2, …}
11:14:49.846 log.ts:179 [debug 11:14:49 ] [视频事件] Video paused, attempting to resume...
11:14:49.852 log.ts:179 [debug 11:14:49 ] 拦截到HTTP请求: /learn/app/clientapi/course/bigdata/courseLearnTime.do?os=99&sid=DDFFB4A8903046B2B2A2C20195472FFA
11:14:50.090 utils.ts:137 unknown seeked事件触发 Event {isTrusted: true, type: 'seeked', target: video#course-video_html5_api.vjs-tech, currentTarget: video#course-video_html5_api.vjs-tech, eventPhase: 2, …}
11:14:50.583 log.ts:179 [debug 11:14:50 ] [播放速率] 设置播放速率为 1x
11:14:50.583 log.ts:179 [debug 11:14:50 ] [静音设置] 设置静音状态为 true
11:14:50.583 log.ts:179 [debug 11:14:50 ] [点击播放] 找到播放按钮，点击播放 button.vjs-big-play-button
11:14:50.584 log.ts:179 [debug 11:14:50 ] [静音设置] 设置静音状态为 true
11:14:50.584 log.ts:179 [debug 11:14:50 ] [播放速率] 设置播放速率为 1x
11:14:50.585 log.ts:179 [debug 11:14:50 ] [视频事件] Video playing, applying settings...
11:14:50.589 log.ts:179 [debug 11:14:50 ] 拦截到HTTP请求: /learn/app/getGlobalTimestamp.do?os=99&sid=DDFFB4A8903046B2B2A2C20195472FFA
11:14:50.589 log.ts:179 [debug 11:14:50 ] 拦截到HTTP请求: /learn/app/clientapi/course/play/queryStatus.do?courseWareId=1708932724584&courseId=N003284&bizType=0&bizId=&sid=DDFFB4A8903046B2B2A2C20195472FFA&os=99
11:14:50.742 utils.ts:137 unknown seeking事件触发 Event {isTrusted: true, type: 'seeking', target: video#course-video_html5_api.vjs-tech, currentTarget: video#course-video_html5_api.vjs-tech, eventPhase: 2, …}
11:14:50.747 log.ts:179 [debug 11:14:50 ] [视频事件] Video paused, attempting to resume...
11:14:50.838 log.ts:179 [debug 11:14:50 ] 拦截到HTTP请求: /learn/app/clientapi/course/bigdata/courseLearnTime.do?os=99&sid=DDFFB4A8903046B2B2A2C20195472FFA
11:14:50.992 utils.ts:137 unknown seeked事件触发 Event {isTrusted: true, type: 'seeked', target: video#course-video_html5_api.vjs-tech, currentTarget: video#course-video_html5_api.vjs-tech, eventPhase: 2, …}
11:14:51.577 log.ts:179 [debug 11:14:51 ] [播放速率] 设置播放速率为 1x
11:14:51.577 log.ts:179 [debug 11:14:51 ] [静音设置] 设置静音状态为 true
11:14:51.578 log.ts:179 [debug 11:14:51 ] [点击播放] 找到播放按钮，点击播放 button.vjs-big-play-button
11:14:51.582 log.ts:179 [debug 11:14:51 ] [静音设置] 设置静音状态为 true
11:14:51.582 log.ts:179 [debug 11:14:51 ] [播放速率] 设置播放速率为 1x
11:14:51.582 log.ts:179 [debug 11:14:51 ] [视频事件] Video playing, applying settings...
11:14:51.586 log.ts:179 [debug 11:14:51 ] 拦截到HTTP请求: /learn/app/clientapi/course/play/queryStatus.do?courseWareId=1708932724584&courseId=N003284&bizType=0&bizId=&sid=DDFFB4A8903046B2B2A2C20195472FFA&os=99
11:14:51.759 utils.ts:137 unknown seeking事件触发 Event {isTrusted: true, type: 'seeking', target: video#course-video_html5_api.vjs-tech, currentTarget: video#course-video_html5_api.vjs-tech, eventPhase: 2, …}
11:14:51.766 log.ts:179 [debug 11:14:51 ] [视频事件] Video paused, attempting to resume...
11:14:51.775 log.ts:179 [debug 11:14:51 ] 拦截到HTTP请求: /learn/app/clientapi/course/bigdata/courseLearnTime.do?os=99&sid=DDFFB4A8903046B2B2A2C20195472FFA
11:14:52.068 utils.ts:137 unknown seeked事件触发 Event {isTrusted: true, type: 'seeked', target: video#course-video_html5_api.vjs-tech, currentTarget: video#course-video_html5_api.vjs-tech, eventPhase: 2, …}
11:14:52.580 log.ts:179 [debug 11:14:52 ] [播放速率] 设置播放速率为 1x
11:14:52.580 log.ts:179 [debug 11:14:52 ] [静音设置] 设置静音状态为 true
11:14:52.580 log.ts:179 [debug 11:14:52 ] [点击播放] 找到播放按钮，点击播放 button.vjs-big-play-button
11:14:52.582 log.ts:179 [debug 11:14:52 ] [静音设置] 设置静音状态为 true
11:14:52.583 log.ts:179 [debug 11:14:52 ] [播放速率] 设置播放速率为 1x
11:14:52.587 log.ts:179 [debug 11:14:52 ] [视频事件] Video playing, applying settings...
11:14:52.591 log.ts:179 [debug 11:14:52 ] 拦截到HTTP请求: /learn/app/getGlobalTimestamp.do?os=99&sid=DDFFB4A8903046B2B2A2C20195472FFA
11:14:52.592 log.ts:179 [debug 11:14:52 ] 拦截到HTTP请求: /learn/app/clientapi/course/play/queryStatus.do?courseWareId=1708932724584&courseId=N003284&bizType=0&bizId=&sid=DDFFB4A8903046B2B2A2C20195472FFA&os=99
11:14:52.741 utils.ts:137 unknown seeking事件触发 Event {isTrusted: true, type: 'seeking', target: video#course-video_html5_api.vjs-tech, currentTarget: video#course-video_html5_api.vjs-tech, eventPhase: 2, …}
11:14:52.743 log.ts:179 [debug 11:14:52 ] [视频事件] Video paused, attempting to resume...
11:14:52.830 log.ts:179 [debug 11:14:52 ] 拦截到HTTP请求: /learn/app/clientapi/course/bigdata/courseLearnTime.do?os=99&sid=DDFFB4A8903046B2B2A2C20195472FFA
11:14:52.988 utils.ts:137 unknown seeked事件触发 Event {isTrusted: true, type: 'seeked', target: video#course-video_html5_api.vjs-tech, currentTarget: video#course-video_html5_api.vjs-tech, eventPhase: 2, …}
11:14:53.587 log.ts:179 [debug 11:14:53 ] [播放速率] 设置播放速率为 1x
11:14:53.587 log.ts:179 [debug 11:14:53 ] [静音设置] 设置静音状态为 true
11:14:53.587 log.ts:179 [debug 11:14:53 ] [点击播放] 找到播放按钮，点击播放 button.vjs-big-play-button
11:14:53.589 log.ts:179 [debug 11:14:53 ] [静音设置] 设置静音状态为 true
11:14:53.590 log.ts:179 [debug 11:14:53 ] [播放速率] 设置播放速率为 1x
11:14:53.590 log.ts:179 [debug 11:14:53 ] [视频事件] Video playing, applying settings...
11:14:53.592 log.ts:179 [debug 11:14:53 ] 拦截到HTTP请求: /learn/app/clientapi/course/play/queryStatus.do?courseWareId=1708932724584&courseId=N003284&bizType=0&bizId=&sid=DDFFB4A8903046B2B2A2C20195472FFA&os=99
11:14:53.751 utils.ts:137 unknown seeking事件触发 Event {isTrusted: true, type: 'seeking', target: video#course-video_html5_api.vjs-tech, currentTarget: video#course-video_html5_api.vjs-tech, eventPhase: 2, …}
11:14:53.753 log.ts:179 [debug 11:14:53 ] [视频事件] Video paused, attempting to resume...
11:14:53.759 log.ts:179 [debug 11:14:53 ] 拦截到HTTP请求: /learn/app/clientapi/course/bigdata/courseLearnTime.do?os=99&sid=DDFFB4A8903046B2B2A2C20195472FFA
11:14:53.997 utils.ts:137 unknown seeked事件触发 Event {isTrusted: true, type: 'seeked', target: video#course-video_html5_api.vjs-tech, currentTarget: video#course-video_html5_api.vjs-tech, eventPhase: 2, …}
11:14:54.588 log.ts:179 [debug 11:14:54 ] [播放速率] 设置播放速率为 1x
11:14:54.588 log.ts:179 [debug 11:14:54 ] [静音设置] 设置静音状态为 true
11:14:54.589 log.ts:179 [debug 11:14:54 ] [点击播放] 找到播放按钮，点击播放 button.vjs-big-play-button
11:14:54.591 log.ts:179 [debug 11:14:54 ] [静音设置] 设置静音状态为 true
11:14:54.591 log.ts:179 [debug 11:14:54 ] [播放速率] 设置播放速率为 1x
11:14:54.594 log.ts:179 [debug 11:14:54 ] [视频事件] Video playing, applying settings...
11:14:54.597 log.ts:179 [debug 11:14:54 ] 拦截到HTTP请求: /learn/app/getGlobalTimestamp.do?os=99&sid=DDFFB4A8903046B2B2A2C20195472FFA
11:14:54.598 log.ts:179 [debug 11:14:54 ] 拦截到HTTP请求: /learn/app/clientapi/course/play/queryStatus.do?courseWareId=1708932724584&courseId=N003284&bizType=0&bizId=&sid=DDFFB4A8903046B2B2A2C20195472FFA&os=99
11:14:54.760 utils.ts:137 unknown seeking事件触发 Event {isTrusted: true, type: 'seeking', target: video#course-video_html5_api.vjs-tech, currentTarget: video#course-video_html5_api.vjs-tech, eventPhase: 2, …}
11:14:54.766 log.ts:179 [debug 11:14:54 ] [视频事件] Video paused, attempting to resume...
11:14:54.821 log.ts:179 [debug 11:14:54 ] 拦截到HTTP请求: /learn/app/clientapi/course/bigdata/courseLearnTime.do?os=99&sid=DDFFB4A8903046B2B2A2C20195472FFA
11:14:55.009 utils.ts:137 unknown seeked事件触发 Event {isTrusted: true, type: 'seeked', target: video#course-video_html5_api.vjs-tech, currentTarget: video#course-video_html5_api.vjs-tech, eventPhase: 2, …}
11:14:55.592 log.ts:179 [debug 11:14:55 ] [播放速率] 设置播放速率为 1x
11:14:55.592 log.ts:179 [debug 11:14:55 ] [静音设置] 设置静音状态为 true
11:14:55.592 log.ts:179 [debug 11:14:55 ] [点击播放] 找到播放按钮，点击播放 button.vjs-big-play-button
11:14:55.601 log.ts:179 [debug 11:14:55 ] [静音设置] 设置静音状态为 true
11:14:55.601 log.ts:179 [debug 11:14:55 ] [播放速率] 设置播放速率为 1x
11:14:55.605 log.ts:179 [debug 11:14:55 ] [视频事件] Video playing, applying settings...
11:14:55.608 log.ts:179 [debug 11:14:55 ] 拦截到HTTP请求: /learn/app/clientapi/course/play/queryStatus.do?courseWareId=1708932724584&courseId=N003284&bizType=0&bizId=&sid=DDFFB4A8903046B2B2A2C20195472FFA&os=99
11:14:55.761 utils.ts:137 unknown seeking事件触发 Event {isTrusted: true, type: 'seeking', target: video#course-video_html5_api.vjs-tech, currentTarget: video#course-video_html5_api.vjs-tech, eventPhase: 2, …}
11:14:55.763 log.ts:179 [debug 11:14:55 ] [视频事件] Video paused, attempting to resume...
11:14:55.767 log.ts:179 [debug 11:14:55 ] 拦截到HTTP请求: /learn/app/clientapi/course/bigdata/courseLearnTime.do?os=99&sid=DDFFB4A8903046B2B2A2C20195472FFA
11:14:56.061 utils.ts:137 unknown seeked事件触发 Event {isTrusted: true, type: 'seeked', target: video#course-video_html5_api.vjs-tech, currentTarget: video#course-video_html5_api.vjs-tech, eventPhase: 2, …}
11:14:56.580 log.ts:179 [debug 11:14:56 ] [播放速率] 设置播放速率为 1x
11:14:56.580 log.ts:179 [debug 11:14:56 ] [静音设置] 设置静音状态为 true
11:14:56.581 log.ts:179 [debug 11:14:56 ] [点击播放] 找到播放按钮，点击播放 button.vjs-big-play-button
11:14:56.587 log.ts:179 [debug 11:14:56 ] [静音设置] 设置静音状态为 true
11:14:56.588 log.ts:179 [debug 11:14:56 ] [播放速率] 设置播放速率为 1x
11:14:56.591 log.ts:179 [debug 11:14:56 ] [视频事件] Video playing, applying settings...
11:14:56.601 log.ts:179 [debug 11:14:56 ] 拦截到HTTP请求: /learn/app/getGlobalTimestamp.do?os=99&sid=DDFFB4A8903046B2B2A2C20195472FFA
11:14:56.602 log.ts:179 [debug 11:14:56 ] 拦截到HTTP请求: /learn/app/clientapi/course/play/queryStatus.do?courseWareId=1708932724584&courseId=N003284&bizType=0&bizId=&sid=DDFFB4A8903046B2B2A2C20195472FFA&os=99
11:14:56.755 utils.ts:137 unknown seeking事件触发 Event {isTrusted: true, type: 'seeking', target: video#course-video_html5_api.vjs-tech, currentTarget: video#course-video_html5_api.vjs-tech, eventPhase: 2, …}
11:14:56.757 log.ts:179 [debug 11:14:56 ] [视频事件] Video paused, attempting to resume...
11:14:56.836 log.ts:179 [debug 11:14:56 ] 拦截到HTTP请求: /learn/app/clientapi/course/bigdata/courseLearnTime.do?os=99&sid=DDFFB4A8903046B2B2A2C20195472FFA
11:14:56.997 utils.ts:137 unknown seeked事件触发 Event {isTrusted: true, type: 'seeked', target: video#course-video_html5_api.vjs-tech, currentTarget: video#course-video_html5_api.vjs-tech, eventPhase: 2, …}
11:14:57.584 log.ts:179 [debug 11:14:57 ] [播放速率] 设置播放速率为 1x
11:14:57.584 log.ts:179 [debug 11:14:57 ] [静音设置] 设置静音状态为 true
11:14:57.584 log.ts:179 [debug 11:14:57 ] [点击播放] 找到播放按钮，点击播放 button.vjs-big-play-button
11:14:57.586 log.ts:179 [debug 11:14:57 ] [静音设置] 设置静音状态为 true
11:14:57.586 log.ts:179 [debug 11:14:57 ] [播放速率] 设置播放速率为 1x
11:14:57.589 log.ts:179 [debug 11:14:57 ] [视频事件] Video playing, applying settings...
11:14:57.592 log.ts:179 [debug 11:14:57 ] 拦截到HTTP请求: /learn/app/clientapi/course/play/queryStatus.do?courseWareId=1708932724584&courseId=N003284&bizType=0&bizId=&sid=DDFFB4A8903046B2B2A2C20195472FFA&os=99
11:14:57.739 utils.ts:137 unknown seeking事件触发 Event {isTrusted: true, type: 'seeking', target: video#course-video_html5_api.vjs-tech, currentTarget: video#course-video_html5_api.vjs-tech, eventPhase: 2, …}
11:14:57.746 log.ts:179 [debug 11:14:57 ] [视频事件] Video paused, attempting to resume...
11:14:57.750 log.ts:179 [debug 11:14:57 ] 拦截到HTTP请求: /learn/app/clientapi/course/bigdata/courseLearnTime.do?os=99&sid=DDFFB4A8903046B2B2A2C20195472FFA
11:14:57.982 utils.ts:137 unknown seeked事件触发 Event {isTrusted: true, type: 'seeked', target: video#course-video_html5_api.vjs-tech, currentTarget: video#course-video_html5_api.vjs-tech, eventPhase: 2, …}
11:14:58.584 log.ts:179 [debug 11:14:58 ] [播放速率] 设置播放速率为 1x
11:14:58.584 log.ts:179 [debug 11:14:58 ] [静音设置] 设置静音状态为 true
11:14:58.584 log.ts:179 [debug 11:14:58 ] [点击播放] 找到播放按钮，点击播放 button.vjs-big-play-button
11:14:58.588 log.ts:179 [debug 11:14:58 ] [静音设置] 设置静音状态为 true
11:14:58.588 log.ts:179 [debug 11:14:58 ] [播放速率] 设置播放速率为 1x
11:14:58.588 log.ts:179 [debug 11:14:58 ] [视频事件] Video playing, applying settings...
11:14:58.592 log.ts:179 [debug 11:14:58 ] 拦截到HTTP请求: /learn/app/getGlobalTimestamp.do?os=99&sid=DDFFB4A8903046B2B2A2C20195472FFA
11:14:58.593 log.ts:179 [debug 11:14:58 ] 拦截到HTTP请求: /learn/app/clientapi/course/play/queryStatus.do?courseWareId=1708932724584&courseId=N003284&bizType=0&bizId=&sid=DDFFB4A8903046B2B2A2C20195472FFA&os=99
11:14:58.771 log.ts:179 [debug 11:14:58 ] 拦截到HTTP请求: /learn/app/clientapi/course/bigdata/courseLearnTime.do?os=99&sid=DDFFB4A8903046B2B2A2C20195472FFA
11:14:58.773 utils.ts:137 unknown seeking事件触发 Event {isTrusted: true, type: 'seeking', target: video#course-video_html5_api.vjs-tech, currentTarget: video#course-video_html5_api.vjs-tech, eventPhase: 2, …}
11:14:58.775 log.ts:179 [debug 11:14:58 ] [视频事件] Video paused, attempting to resume...
11:14:58.777 log.ts:179 [debug 11:14:58 ] 拦截到HTTP请求: /learn/app/clientapi/course/bigdata/courseLearnTime.do?os=99&sid=DDFFB4A8903046B2B2A2C20195472FFA
11:14:58.780 (索引):1  Uncaught (in promise) t {message: undefined}
Promise.then
(匿名) @ 8222.6209a852.chunk.js:1
u @ 9561.4bf2dc71.js:2
(匿名) @ 9561.4bf2dc71.js:2
(匿名) @ 9561.4bf2dc71.js:2
r @ 9561.4bf2dc71.js:2
s @ 9561.4bf2dc71.js:2
Promise.then
r @ 9561.4bf2dc71.js:2
s @ 9561.4bf2dc71.js:2
(匿名) @ 9561.4bf2dc71.js:2
(匿名) @ 9561.4bf2dc71.js:2
(匿名) @ 8222.6209a852.chunk.js:1
u @ 9561.4bf2dc71.js:2
(匿名) @ 9561.4bf2dc71.js:2
(匿名) @ 9561.4bf2dc71.js:2
r @ 9561.4bf2dc71.js:2
s @ 9561.4bf2dc71.js:2
(匿名) @ 9561.4bf2dc71.js:2
(匿名) @ 9561.4bf2dc71.js:2
m @ 9561.4bf2dc71.js:2
w @ 9561.4bf2dc71.js:2
(匿名) @ 9561.4bf2dc71.js:2
E @ 9561.4bf2dc71.js:2
C @ 9561.4bf2dc71.js:2
S @ 9561.4bf2dc71.js:2
D @ 9561.4bf2dc71.js:2
kn @ 9561.4bf2dc71.js:2
le @ 9561.4bf2dc71.js:2
Dn @ 9561.4bf2dc71.js:2
zn @ 9561.4bf2dc71.js:2
An @ 9561.4bf2dc71.js:2
t.unstable_runWithPriority @ 9561.4bf2dc71.js:2
qo @ 9561.4bf2dc71.js:2
se @ 9561.4bf2dc71.js:2
Tn @ 9561.4bf2dc71.js:2
play
(匿名) @ 8222.6209a852.chunk.js:1
clickPlayButton @ video.ts:147
eval @ video.ts:177
setTimeout
eval @ video.ts:175
11:14:59.010 utils.ts:137 unknown seeked事件触发 Event {isTrusted: true, type: 'seeked', target: video#course-video_html5_api.vjs-tech, currentTarget: video#course-video_html5_api.vjs-tech, eventPhase: 2, …}
11:14:59.587 log.ts:179 [debug 11:14:59 ] [播放速率] 设置播放速率为 1x
11:14:59.587 log.ts:179 [debug 11:14:59 ] [静音设置] 设置静音状态为 true
11:14:59.587 log.ts:179 [debug 11:14:59 ] [点击播放] 找到播放按钮，点击播放 button.vjs-big-play-button
11:14:59.590 log.ts:179 [debug 11:14:59 ] [静音设置] 设置静音状态为 true
11:14:59.591 log.ts:179 [debug 11:14:59 ] [播放速率] 设置播放速率为 1x
11:14:59.591 log.ts:179 [debug 11:14:59 ] [视频事件] Video playing, applying settings...
11:14:59.597 log.ts:179 [debug 11:14:59 ] 拦截到HTTP请求: /learn/app/getGlobalTimestamp.do?os=99&sid=DDFFB4A8903046B2B2A2C20195472FFA
11:14:59.598 log.ts:179 [debug 11:14:59 ] 拦截到HTTP请求: /learn/app/clientapi/course/play/queryStatus.do?courseWareId=1708932724584&courseId=N003284&bizType=0&bizId=&sid=DDFFB4A8903046B2B2A2C20195472FFA&os=99
11:14:59.799 utils.ts:137 unknown seeking事件触发 Event {isTrusted: true, type: 'seeking', target: video#course-video_html5_api.vjs-tech, currentTarget: video#course-video_html5_api.vjs-tech, eventPhase: 2, …}
11:14:59.801 log.ts:179 [debug 11:14:59 ] [视频事件] Video paused, attempting to resume...
11:14:59.822 log.ts:179 [debug 11:14:59 ] 拦截到HTTP请求: /learn/app/clientapi/course/bigdata/courseLearnTime.do?os=99&sid=DDFFB4A8903046B2B2A2C20195472FFA
11:15:00.039 utils.ts:137 unknown seeked事件触发 Event {isTrusted: true, type: 'seeked', target: video#course-video_html5_api.vjs-tech, currentTarget: video#course-video_html5_api.vjs-tech, eventPhase: 2, …}
11:15:00.575 log.ts:179 [debug 11:15:0 ] [播放速率] 设置播放速率为 1x
11:15:00.575 log.ts:179 [debug 11:15:0 ] [静音设置] 设置静音状态为 true
11:15:00.575 log.ts:179 [debug 11:15:0 ] [点击播放] 找到播放按钮，点击播放 button.vjs-big-play-button
11:15:00.577 log.ts:179 [debug 11:15:0 ] [静音设置] 设置静音状态为 true
11:15:00.577 log.ts:179 [debug 11:15:0 ] [播放速率] 设置播放速率为 1x
11:15:00.577 log.ts:179 [debug 11:15:0 ] [视频事件] Video playing, applying settings...
11:15:00.581 log.ts:179 [debug 11:15:0 ] 拦截到HTTP请求: /learn/app/clientapi/course/play/queryStatus.do?courseWareId=1708932724584&courseId=N003284&bizType=0&bizId=&sid=DDFFB4A8903046B2B2A2C20195472FFA&os=99
11:15:00.725 utils.ts:137 unknown seeking事件触发 Event {isTrusted: true, type: 'seeking', target: video#course-video_html5_api.vjs-tech, currentTarget: video#course-video_html5_api.vjs-tech, eventPhase: 2, …}
11:15:00.727 log.ts:179 [debug 11:15:0 ] [视频事件] Video paused, attempting to resume...
11:15:00.731 log.ts:179 [debug 11:15:0 ] 拦截到HTTP请求: /learn/app/clientapi/course/bigdata/courseLearnTime.do?os=99&sid=DDFFB4A8903046B2B2A2C20195472FFA
11:15:00.963 utils.ts:137 unknown seeked事件触发 Event {isTrusted: true, type: 'seeked', target: video#course-video_html5_api.vjs-tech, currentTarget: video#course-video_html5_api.vjs-tech, eventPhase: 2, …}
11:15:01.577 log.ts:179 [debug 11:15:1 ] [播放速率] 设置播放速率为 1x
11:15:01.577 log.ts:179 [debug 11:15:1 ] [静音设置] 设置静音状态为 true
11:15:01.578 log.ts:179 [debug 11:15:1 ] [点击播放] 找到播放按钮，点击播放 button.vjs-big-play-button
11:15:01.580 log.ts:179 [debug 11:15:1 ] [静音设置] 设置静音状态为 true
11:15:01.581 log.ts:179 [debug 11:15:1 ] [播放速率] 设置播放速率为 1x
11:15:01.581 log.ts:179 [debug 11:15:1 ] [视频事件] Video playing, applying settings...
11:15:01.584 log.ts:179 [debug 11:15:1 ] 拦截到HTTP请求: /learn/app/getGlobalTimestamp.do?os=99&sid=DDFFB4A8903046B2B2A2C20195472FFA
11:15:01.585 log.ts:179 [debug 11:15:1 ] 拦截到HTTP请求: /learn/app/clientapi/course/play/queryStatus.do?courseWareId=1708932724584&courseId=N003284&bizType=0&bizId=&sid=DDFFB4A8903046B2B2A2C20195472FFA&os=99
11:15:01.807 log.ts:179 [debug 11:15:1 ] 拦截到HTTP请求: /learn/app/clientapi/course/bigdata/courseLearnTime.do?os=99&sid=DDFFB4A8903046B2B2A2C20195472FFA
11:15:01.812 utils.ts:137 unknown seeking事件触发 Event {isTrusted: true, type: 'seeking', target: video#course-video_html5_api.vjs-tech, currentTarget: video#course-video_html5_api.vjs-tech, eventPhase: 2, …}
11:15:01.815 log.ts:179 [debug 11:15:1 ] [视频事件] Video paused, attempting to resume...
11:15:01.818 log.ts:179 [debug 11:15:1 ] 拦截到HTTP请求: /learn/app/clientapi/course/bigdata/courseLearnTime.do?os=99&sid=DDFFB4A8903046B2B2A2C20195472FFA
11:15:01.822 (索引):1  Uncaught (in promise) t {message: undefined}
Promise.then
(匿名) @ 8222.6209a852.chunk.js:1
u @ 9561.4bf2dc71.js:2
(匿名) @ 9561.4bf2dc71.js:2
(匿名) @ 9561.4bf2dc71.js:2
r @ 9561.4bf2dc71.js:2
s @ 9561.4bf2dc71.js:2
Promise.then
r @ 9561.4bf2dc71.js:2
s @ 9561.4bf2dc71.js:2
(匿名) @ 9561.4bf2dc71.js:2
(匿名) @ 9561.4bf2dc71.js:2
(匿名) @ 8222.6209a852.chunk.js:1
u @ 9561.4bf2dc71.js:2
(匿名) @ 9561.4bf2dc71.js:2
(匿名) @ 9561.4bf2dc71.js:2
r @ 9561.4bf2dc71.js:2
s @ 9561.4bf2dc71.js:2
(匿名) @ 9561.4bf2dc71.js:2
(匿名) @ 9561.4bf2dc71.js:2
m @ 9561.4bf2dc71.js:2
w @ 9561.4bf2dc71.js:2
(匿名) @ 9561.4bf2dc71.js:2
E @ 9561.4bf2dc71.js:2
C @ 9561.4bf2dc71.js:2
S @ 9561.4bf2dc71.js:2
D @ 9561.4bf2dc71.js:2
kn @ 9561.4bf2dc71.js:2
le @ 9561.4bf2dc71.js:2
Dn @ 9561.4bf2dc71.js:2
zn @ 9561.4bf2dc71.js:2
An @ 9561.4bf2dc71.js:2
t.unstable_runWithPriority @ 9561.4bf2dc71.js:2
qo @ 9561.4bf2dc71.js:2
se @ 9561.4bf2dc71.js:2
Tn @ 9561.4bf2dc71.js:2
play
(匿名) @ 8222.6209a852.chunk.js:1
clickPlayButton @ video.ts:147
eval @ video.ts:177
setTimeout
eval @ video.ts:175
11:15:02.051 utils.ts:137 unknown seeked事件触发 Event {isTrusted: true, type: 'seeked', target: video#course-video_html5_api.vjs-tech, currentTarget: video#course-video_html5_api.vjs-tech, eventPhase: 2, …}
11:15:02.587 log.ts:179 [debug 11:15:2 ] [播放速率] 设置播放速率为 1x
11:15:02.587 log.ts:179 [debug 11:15:2 ] [静音设置] 设置静音状态为 true
11:15:02.587 log.ts:179 [debug 11:15:2 ] [点击播放] 找到播放按钮，点击播放 button.vjs-big-play-button
11:15:02.591 log.ts:179 [debug 11:15:2 ] [静音设置] 设置静音状态为 true
11:15:02.591 log.ts:179 [debug 11:15:2 ] [播放速率] 设置播放速率为 1x
11:15:02.591 log.ts:179 [debug 11:15:2 ] [视频事件] Video playing, applying settings...
11:15:02.594 log.ts:179 [debug 11:15:2 ] 拦截到HTTP请求: /learn/app/getGlobalTimestamp.do?os=99&sid=DDFFB4A8903046B2B2A2C20195472FFA
11:15:02.595 log.ts:179 [debug 11:15:2 ] 拦截到HTTP请求: /learn/app/clientapi/course/play/queryStatus.do?courseWareId=1708932724584&courseId=N003284&bizType=0&bizId=&sid=DDFFB4A8903046B2B2A2C20195472FFA&os=99
11:15:02.810 log.ts:179 [debug 11:15:2 ] 拦截到HTTP请求: /learn/app/clientapi/course/bigdata/courseLearnTime.do?os=99&sid=DDFFB4A8903046B2B2A2C20195472FFA
11:15:02.815 utils.ts:137 unknown seeking事件触发 Event {isTrusted: true, type: 'seeking', target: video#course-video_html5_api.vjs-tech, currentTarget: video#course-video_html5_api.vjs-tech, eventPhase: 2, …}
11:15:02.822 log.ts:179 [debug 11:15:2 ] [视频事件] Video paused, attempting to resume...
11:15:02.825 log.ts:179 [debug 11:15:2 ] 拦截到HTTP请求: /learn/app/clientapi/course/bigdata/courseLearnTime.do?os=99&sid=DDFFB4A8903046B2B2A2C20195472FFA
11:15:02.829 (索引):1  Uncaught (in promise) t {message: undefined}
Promise.then
(匿名) @ 8222.6209a852.chunk.js:1
u @ 9561.4bf2dc71.js:2
(匿名) @ 9561.4bf2dc71.js:2
(匿名) @ 9561.4bf2dc71.js:2
r @ 9561.4bf2dc71.js:2
s @ 9561.4bf2dc71.js:2
Promise.then
r @ 9561.4bf2dc71.js:2
s @ 9561.4bf2dc71.js:2
(匿名) @ 9561.4bf2dc71.js:2
(匿名) @ 9561.4bf2dc71.js:2
(匿名) @ 8222.6209a852.chunk.js:1
u @ 9561.4bf2dc71.js:2
(匿名) @ 9561.4bf2dc71.js:2
(匿名) @ 9561.4bf2dc71.js:2
r @ 9561.4bf2dc71.js:2
s @ 9561.4bf2dc71.js:2
(匿名) @ 9561.4bf2dc71.js:2
(匿名) @ 9561.4bf2dc71.js:2
m @ 9561.4bf2dc71.js:2
w @ 9561.4bf2dc71.js:2
(匿名) @ 9561.4bf2dc71.js:2
E @ 9561.4bf2dc71.js:2
C @ 9561.4bf2dc71.js:2
S @ 9561.4bf2dc71.js:2
D @ 9561.4bf2dc71.js:2
kn @ 9561.4bf2dc71.js:2
le @ 9561.4bf2dc71.js:2
Dn @ 9561.4bf2dc71.js:2
zn @ 9561.4bf2dc71.js:2
An @ 9561.4bf2dc71.js:2
t.unstable_runWithPriority @ 9561.4bf2dc71.js:2
qo @ 9561.4bf2dc71.js:2
se @ 9561.4bf2dc71.js:2
Tn @ 9561.4bf2dc71.js:2
play
(匿名) @ 8222.6209a852.chunk.js:1
clickPlayButton @ video.ts:147
eval @ video.ts:177
setTimeout
eval @ video.ts:175
11:15:03.059 utils.ts:137 unknown seeked事件触发 Event {isTrusted: true, type: 'seeked', target: video#course-video_html5_api.vjs-tech, currentTarget: video#course-video_html5_api.vjs-tech, eventPhase: 2, …}
11:15:03.581 log.ts:179 [debug 11:15:3 ] [播放速率] 设置播放速率为 1x
11:15:03.581 log.ts:179 [debug 11:15:3 ] [静音设置] 设置静音状态为 true
11:15:03.581 log.ts:179 [debug 11:15:3 ] [点击播放] 找到播放按钮，点击播放 button.vjs-big-play-button
11:15:03.583 log.ts:179 [debug 11:15:3 ] [静音设置] 设置静音状态为 true
11:15:03.583 log.ts:179 [debug 11:15:3 ] [播放速率] 设置播放速率为 1x
11:15:03.583 log.ts:179 [debug 11:15:3 ] [视频事件] Video playing, applying settings...
11:15:03.587 log.ts:179 [debug 11:15:3 ] 拦截到HTTP请求: /learn/app/getGlobalTimestamp.do?os=99&sid=DDFFB4A8903046B2B2A2C20195472FFA
11:15:03.588 log.ts:179 [debug 11:15:3 ] 拦截到HTTP请求: /learn/app/clientapi/course/play/queryStatus.do?courseWareId=1708932724584&courseId=N003284&bizType=0&bizId=&sid=DDFFB4A8903046B2B2A2C20195472FFA&os=99
11:15:03.751 log.ts:179 [debug 11:15:3 ] 拦截到HTTP请求: /learn/app/clientapi/course/bigdata/courseLearnTime.do?os=99&sid=DDFFB4A8903046B2B2A2C20195472FFA
11:15:03.789 utils.ts:137 unknown seeking事件触发 Event {isTrusted: true, type: 'seeking', target: video#course-video_html5_api.vjs-tech, currentTarget: video#course-video_html5_api.vjs-tech, eventPhase: 2, …}
11:15:03.792 log.ts:179 [debug 11:15:3 ] [视频事件] Video paused, attempting to resume...
11:15:03.797 log.ts:179 [debug 11:15:3 ] 拦截到HTTP请求: /learn/app/clientapi/course/bigdata/courseLearnTime.do?os=99&sid=DDFFB4A8903046B2B2A2C20195472FFA
11:15:03.807 (索引):1  Uncaught (in promise) t {message: undefined}
Promise.then
(匿名) @ 8222.6209a852.chunk.js:1
u @ 9561.4bf2dc71.js:2
(匿名) @ 9561.4bf2dc71.js:2
(匿名) @ 9561.4bf2dc71.js:2
r @ 9561.4bf2dc71.js:2
s @ 9561.4bf2dc71.js:2
Promise.then
r @ 9561.4bf2dc71.js:2
s @ 9561.4bf2dc71.js:2
(匿名) @ 9561.4bf2dc71.js:2
(匿名) @ 9561.4bf2dc71.js:2
(匿名) @ 8222.6209a852.chunk.js:1
u @ 9561.4bf2dc71.js:2
(匿名) @ 9561.4bf2dc71.js:2
(匿名) @ 9561.4bf2dc71.js:2
r @ 9561.4bf2dc71.js:2
s @ 9561.4bf2dc71.js:2
(匿名) @ 9561.4bf2dc71.js:2
(匿名) @ 9561.4bf2dc71.js:2
m @ 9561.4bf2dc71.js:2
w @ 9561.4bf2dc71.js:2
(匿名) @ 9561.4bf2dc71.js:2
E @ 9561.4bf2dc71.js:2
C @ 9561.4bf2dc71.js:2
S @ 9561.4bf2dc71.js:2
D @ 9561.4bf2dc71.js:2
kn @ 9561.4bf2dc71.js:2
le @ 9561.4bf2dc71.js:2
Dn @ 9561.4bf2dc71.js:2
zn @ 9561.4bf2dc71.js:2
An @ 9561.4bf2dc71.js:2
t.unstable_runWithPriority @ 9561.4bf2dc71.js:2
qo @ 9561.4bf2dc71.js:2
se @ 9561.4bf2dc71.js:2
Tn @ 9561.4bf2dc71.js:2
play
(匿名) @ 8222.6209a852.chunk.js:1
clickPlayButton @ video.ts:147
eval @ video.ts:177
setTimeout
eval @ video.ts:175
11:15:04.025 utils.ts:137 unknown seeked事件触发 Event {isTrusted: true, type: 'seeked', target: video#course-video_html5_api.vjs-tech, currentTarget: video#course-video_html5_api.vjs-tech, eventPhase: 2, …}
11:15:04.585 log.ts:179 [debug 11:15:4 ] [播放速率] 设置播放速率为 1x
11:15:04.585 log.ts:179 [debug 11:15:4 ] [静音设置] 设置静音状态为 true
11:15:04.585 log.ts:179 [debug 11:15:4 ] [点击播放] 找到播放按钮，点击播放 button.vjs-big-play-button
11:15:04.588 log.ts:179 [debug 11:15:4 ] [静音设置] 设置静音状态为 true
11:15:04.588 log.ts:179 [debug 11:15:4 ] [播放速率] 设置播放速率为 1x
11:15:04.589 log.ts:179 [debug 11:15:4 ] [视频事件] Video playing, applying settings...
11:15:04.591 log.ts:179 [debug 11:15:4 ] 拦截到HTTP请求: /learn/app/getGlobalTimestamp.do?os=99&sid=DDFFB4A8903046B2B2A2C20195472FFA
11:15:04.593 log.ts:179 [debug 11:15:4 ] 拦截到HTTP请求: /learn/app/clientapi/course/play/queryStatus.do?courseWareId=1708932724584&courseId=N003284&bizType=0&bizId=&sid=DDFFB4A8903046B2B2A2C20195472FFA&os=99
11:15:04.802 utils.ts:137 unknown seeking事件触发 Event {isTrusted: true, type: 'seeking', target: video#course-video_html5_api.vjs-tech, currentTarget: video#course-video_html5_api.vjs-tech, eventPhase: 2, …}
11:15:04.804 log.ts:179 [debug 11:15:4 ] [视频事件] Video paused, attempting to resume...
11:15:04.829 log.ts:179 [debug 11:15:4 ] 拦截到HTTP请求: /learn/app/clientapi/course/bigdata/courseLearnTime.do?os=99&sid=DDFFB4A8903046B2B2A2C20195472FFA
11:15:05.051 utils.ts:137 unknown seeked事件触发 Event {isTrusted: true, type: 'seeked', target: video#course-video_html5_api.vjs-tech, currentTarget: video#course-video_html5_api.vjs-tech, eventPhase: 2, …}
11:15:05.584 log.ts:179 [debug 11:15:5 ] [播放速率] 设置播放速率为 1x
11:15:05.584 log.ts:179 [debug 11:15:5 ] [静音设置] 设置静音状态为 true
11:15:05.584 log.ts:179 [debug 11:15:5 ] [点击播放] 找到播放按钮，点击播放 button.vjs-big-play-button
11:15:05.588 log.ts:179 [debug 11:15:5 ] [静音设置] 设置静音状态为 true
11:15:05.589 log.ts:179 [debug 11:15:5 ] [播放速率] 设置播放速率为 1x
11:15:05.589 log.ts:179 [debug 11:15:5 ] [视频事件] Video playing, applying settings...
11:15:05.592 log.ts:179 [debug 11:15:5 ] 拦截到HTTP请求: /learn/app/clientapi/course/play/queryStatus.do?courseWareId=1708932724584&courseId=N003284&bizType=0&bizId=&sid=DDFFB4A8903046B2B2A2C20195472FFA&os=99
11:15:05.762 utils.ts:137 unknown seeking事件触发 Event {isTrusted: true, type: 'seeking', target: video#course-video_html5_api.vjs-tech, currentTarget: video#course-video_html5_api.vjs-tech, eventPhase: 2, …}
11:15:05.764 log.ts:179 [debug 11:15:5 ] [视频事件] Video paused, attempting to resume...
11:15:05.769 log.ts:179 [debug 11:15:5 ] 拦截到HTTP请求: /learn/app/clientapi/course/bigdata/courseLearnTime.do?os=99&sid=DDFFB4A8903046B2B2A2C20195472FFA
11:15:06.001 utils.ts:137 unknown seeked事件触发 Event {isTrusted: true, type: 'seeked', target: video#course-video_html5_api.vjs-tech, currentTarget: video#course-video_html5_api.vjs-tech, eventPhase: 2, …}
11:15:06.581 log.ts:179 [debug 11:15:6 ] [播放速率] 设置播放速率为 1x
11:15:06.582 log.ts:179 [debug 11:15:6 ] [静音设置] 设置静音状态为 true
11:15:06.582 log.ts:179 [debug 11:15:6 ] [点击播放] 找到播放按钮，点击播放 button.vjs-big-play-button
11:15:06.586 log.ts:179 [debug 11:15:6 ] [静音设置] 设置静音状态为 true
11:15:06.586 log.ts:179 [debug 11:15:6 ] [播放速率] 设置播放速率为 1x
11:15:06.586 log.ts:179 [debug 11:15:6 ] [视频事件] Video playing, applying settings...
11:15:06.589 log.ts:179 [debug 11:15:6 ] 拦截到HTTP请求: /learn/app/getGlobalTimestamp.do?os=99&sid=DDFFB4A8903046B2B2A2C20195472FFA
11:15:06.591 log.ts:179 [debug 11:15:6 ] 拦截到HTTP请求: /learn/app/clientapi/course/play/queryStatus.do?courseWareId=1708932724584&courseId=N003284&bizType=0&bizId=&sid=DDFFB4A8903046B2B2A2C20195472FFA&os=99
11:15:06.750 utils.ts:137 unknown seeking事件触发 Event {isTrusted: true, type: 'seeking', target: video#course-video_html5_api.vjs-tech, currentTarget: video#course-video_html5_api.vjs-tech, eventPhase: 2, …}
11:15:06.756 log.ts:179 [debug 11:15:6 ] [视频事件] Video paused, attempting to resume...
11:15:06.813 log.ts:179 [debug 11:15:6 ] 拦截到HTTP请求: /learn/app/clientapi/course/bigdata/courseLearnTime.do?os=99&sid=DDFFB4A8903046B2B2A2C20195472FFA
11:15:07.002 utils.ts:137 unknown seeked事件触发 Event {isTrusted: true, type: 'seeked', target: video#course-video_html5_api.vjs-tech, currentTarget: video#course-video_html5_api.vjs-tech, eventPhase: 2, …}
11:15:07.580 log.ts:179 [debug 11:15:7 ] [播放速率] 设置播放速率为 1x
11:15:07.580 log.ts:179 [debug 11:15:7 ] [静音设置] 设置静音状态为 true
11:15:07.580 log.ts:179 [debug 11:15:7 ] [点击播放] 找到播放按钮，点击播放 button.vjs-big-play-button
11:15:07.583 log.ts:179 [debug 11:15:7 ] [静音设置] 设置静音状态为 true
11:15:07.583 log.ts:179 [debug 11:15:7 ] [播放速率] 设置播放速率为 1x
11:15:07.583 log.ts:179 [debug 11:15:7 ] [视频事件] Video playing, applying settings...
11:15:07.586 log.ts:179 [debug 11:15:7 ] 拦截到HTTP请求: /learn/app/clientapi/course/play/queryStatus.do?courseWareId=1708932724584&courseId=N003284&bizType=0&bizId=&sid=DDFFB4A8903046B2B2A2C20195472FFA&os=99
11:15:07.746 utils.ts:137 unknown seeking事件触发 Event {isTrusted: true, type: 'seeking', target: video#course-video_html5_api.vjs-tech, currentTarget: video#course-video_html5_api.vjs-tech, eventPhase: 2, …}
11:15:07.747 log.ts:179 [debug 11:15:7 ] [视频事件] Video paused, attempting to resume...
11:15:07.751 log.ts:179 [debug 11:15:7 ] 拦截到HTTP请求: /learn/app/clientapi/course/bigdata/courseLearnTime.do?os=99&sid=DDFFB4A8903046B2B2A2C20195472FFA
11:15:07.984 utils.ts:137 unknown seeked事件触发 Event {isTrusted: true, type: 'seeked', target: video#course-video_html5_api.vjs-tech, currentTarget: video#course-video_html5_api.vjs-tech, eventPhase: 2, …}
11:15:08.597 log.ts:179 [debug 11:15:8 ] [播放速率] 设置播放速率为 1x
11:15:08.597 log.ts:179 [debug 11:15:8 ] [静音设置] 设置静音状态为 true
11:15:08.597 log.ts:179 [debug 11:15:8 ] [点击播放] 找到播放按钮，点击播放 button.vjs-big-play-button
11:15:08.608 log.ts:179 [debug 11:15:8 ] [静音设置] 设置静音状态为 true
11:15:08.609 log.ts:179 [debug 11:15:8 ] [播放速率] 设置播放速率为 1x
11:15:08.609 log.ts:179 [debug 11:15:8 ] [视频事件] Video playing, applying settings...
11:15:08.614 log.ts:179 [debug 11:15:8 ] 拦截到HTTP请求: /learn/app/getGlobalTimestamp.do?os=99&sid=DDFFB4A8903046B2B2A2C20195472FFA
11:15:08.616 log.ts:179 [debug 11:15:8 ] 拦截到HTTP请求: /learn/app/clientapi/course/play/queryStatus.do?courseWareId=1708932724584&courseId=N003284&bizType=0&bizId=&sid=DDFFB4A8903046B2B2A2C20195472FFA&os=99
11:15:08.782 utils.ts:137 unknown seeking事件触发 Event {isTrusted: true, type: 'seeking', target: video#course-video_html5_api.vjs-tech, currentTarget: video#course-video_html5_api.vjs-tech, eventPhase: 2, …}
11:15:08.785 log.ts:179 [debug 11:15:8 ] [视频事件] Video paused, attempting to resume...
11:15:08.848 log.ts:179 [debug 11:15:8 ] 拦截到HTTP请求: /learn/app/clientapi/course/bigdata/courseLearnTime.do?os=99&sid=DDFFB4A8903046B2B2A2C20195472FFA
11:15:09.034 utils.ts:137 unknown seeked事件触发 Event {isTrusted: true, type: 'seeked', target: video#course-video_html5_api.vjs-tech, currentTarget: video#course-video_html5_api.vjs-tech, eventPhase: 2, …}
11:15:09.585 log.ts:179 [debug 11:15:9 ] [播放速率] 设置播放速率为 1x
11:15:09.585 log.ts:179 [debug 11:15:9 ] [静音设置] 设置静音状态为 true
11:15:09.585 log.ts:179 [debug 11:15:9 ] [点击播放] 找到播放按钮，点击播放 button.vjs-big-play-button
11:15:09.587 log.ts:179 [debug 11:15:9 ] [静音设置] 设置静音状态为 true
11:15:09.588 log.ts:179 [debug 11:15:9 ] [播放速率] 设置播放速率为 1x
11:15:09.588 log.ts:179 [debug 11:15:9 ] [视频事件] Video playing, applying settings...
11:15:09.592 log.ts:179 [debug 11:15:9 ] 拦截到HTTP请求: /learn/app/clientapi/course/play/queryStatus.do?courseWareId=1708932724584&courseId=N003284&bizType=0&bizId=&sid=DDFFB4A8903046B2B2A2C20195472FFA&os=99
11:15:09.833 utils.ts:137 unknown seeking事件触发 Event {isTrusted: true, type: 'seeking', target: video#course-video_html5_api.vjs-tech, currentTarget: video#course-video_html5_api.vjs-tech, eventPhase: 2, …}
11:15:09.840 log.ts:179 [debug 11:15:9 ] [视频事件] Video paused, attempting to resume...
11:15:09.844 log.ts:179 [debug 11:15:9 ] 拦截到HTTP请求: /learn/app/clientapi/course/bigdata/courseLearnTime.do?os=99&sid=DDFFB4A8903046B2B2A2C20195472FFA
11:15:10.086 utils.ts:137 unknown seeked事件触发 Event {isTrusted: true, type: 'seeked', target: video#course-video_html5_api.vjs-tech, currentTarget: video#course-video_html5_api.vjs-tech, eventPhase: 2, …}
11:15:10.581 log.ts:179 [debug 11:15:10 ] [播放速率] 设置播放速率为 1x
11:15:10.581 log.ts:179 [debug 11:15:10 ] [静音设置] 设置静音状态为 true
11:15:10.582 log.ts:179 [debug 11:15:10 ] [点击播放] 找到播放按钮，点击播放 button.vjs-big-play-button
11:15:10.584 log.ts:179 [debug 11:15:10 ] [静音设置] 设置静音状态为 true
11:15:10.584 log.ts:179 [debug 11:15:10 ] [播放速率] 设置播放速率为 1x
11:15:10.584 log.ts:179 [debug 11:15:10 ] [视频事件] Video playing, applying settings...
11:15:10.590 log.ts:179 [debug 11:15:10 ] 拦截到HTTP请求: /learn/app/getGlobalTimestamp.do?os=99&sid=DDFFB4A8903046B2B2A2C20195472FFA
11:15:10.591 log.ts:179 [debug 11:15:10 ] 拦截到HTTP请求: /learn/app/clientapi/course/play/queryStatus.do?courseWareId=1708932724584&courseId=N003284&bizType=0&bizId=&sid=DDFFB4A8903046B2B2A2C20195472FFA&os=99
11:15:10.743 utils.ts:137 unknown seeking事件触发 Event {isTrusted: true, type: 'seeking', target: video#course-video_html5_api.vjs-tech, currentTarget: video#course-video_html5_api.vjs-tech, eventPhase: 2, …}
11:15:10.746 log.ts:179 [debug 11:15:10 ] [视频事件] Video paused, attempting to resume...
11:15:10.828 log.ts:179 [debug 11:15:10 ] 拦截到HTTP请求: /learn/app/clientapi/course/bigdata/courseLearnTime.do?os=99&sid=DDFFB4A8903046B2B2A2C20195472FFA
11:15:11.121 utils.ts:137 unknown seeked事件触发 Event {isTrusted: true, type: 'seeked', target: video#course-video_html5_api.vjs-tech, currentTarget: video#course-video_html5_api.vjs-tech, eventPhase: 2, …}
11:15:11.586 log.ts:179 [debug 11:15:11 ] [播放速率] 设置播放速率为 1x
11:15:11.586 log.ts:179 [debug 11:15:11 ] [静音设置] 设置静音状态为 true
11:15:11.586 log.ts:179 [debug 11:15:11 ] [点击播放] 找到播放按钮，点击播放 button.vjs-big-play-button
11:15:11.589 log.ts:179 [debug 11:15:11 ] [静音设置] 设置静音状态为 true
11:15:11.589 log.ts:179 [debug 11:15:11 ] [播放速率] 设置播放速率为 1x
11:15:11.589 log.ts:179 [debug 11:15:11 ] [视频事件] Video playing, applying settings...
11:15:11.592 log.ts:179 [debug 11:15:11 ] 拦截到HTTP请求: /learn/app/clientapi/course/play/queryStatus.do?courseWareId=1708932724584&courseId=N003284&bizType=0&bizId=&sid=DDFFB4A8903046B2B2A2C20195472FFA&os=99
11:15:11.745 utils.ts:137 unknown seeking事件触发 Event {isTrusted: true, type: 'seeking', target: video#course-video_html5_api.vjs-tech, currentTarget: video#course-video_html5_api.vjs-tech, eventPhase: 2, …}
11:15:11.746 log.ts:179 [debug 11:15:11 ] [视频事件] Video paused, attempting to resume...
11:15:11.750 log.ts:179 [debug 11:15:11 ] 拦截到HTTP请求: /learn/app/clientapi/course/bigdata/courseLearnTime.do?os=99&sid=DDFFB4A8903046B2B2A2C20195472FFA
11:15:11.981 utils.ts:137 unknown seeked事件触发 Event {isTrusted: true, type: 'seeked', target: video#course-video_html5_api.vjs-tech, currentTarget: video#course-video_html5_api.vjs-tech, eventPhase: 2, …}
11:15:12.589 log.ts:179 [debug 11:15:12 ] [播放速率] 设置播放速率为 1x
11:15:12.589 log.ts:179 [debug 11:15:12 ] [静音设置] 设置静音状态为 true
11:15:12.590 log.ts:179 [debug 11:15:12 ] [点击播放] 找到播放按钮，点击播放 button.vjs-big-play-button
11:15:12.592 log.ts:179 [debug 11:15:12 ] [静音设置] 设置静音状态为 true
11:15:12.592 log.ts:179 [debug 11:15:12 ] [播放速率] 设置播放速率为 1x
11:15:12.593 log.ts:179 [debug 11:15:12 ] [视频事件] Video playing, applying settings...
11:15:12.596 log.ts:179 [debug 11:15:12 ] 拦截到HTTP请求: /learn/app/getGlobalTimestamp.do?os=99&sid=DDFFB4A8903046B2B2A2C20195472FFA
11:15:12.598 log.ts:179 [debug 11:15:12 ] 拦截到HTTP请求: /learn/app/clientapi/course/play/queryStatus.do?courseWareId=1708932724584&courseId=N003284&bizType=0&bizId=&sid=DDFFB4A8903046B2B2A2C20195472FFA&os=99
11:15:12.864 log.ts:179 [debug 11:15:12 ] 拦截到HTTP请求: /learn/app/clientapi/course/bigdata/courseLearnTime.do?os=99&sid=DDFFB4A8903046B2B2A2C20195472FFA
11:15:12.870 utils.ts:137 unknown seeking事件触发 Event {isTrusted: true, type: 'seeking', target: video#course-video_html5_api.vjs-tech, currentTarget: video#course-video_html5_api.vjs-tech, eventPhase: 2, …}
11:15:12.875 log.ts:179 [debug 11:15:12 ] [视频事件] Video paused, attempting to resume...
11:15:12.881 log.ts:179 [debug 11:15:12 ] 拦截到HTTP请求: /learn/app/clientapi/course/bigdata/courseLearnTime.do?os=99&sid=DDFFB4A8903046B2B2A2C20195472FFA
11:15:12.894 (索引):1  Uncaught (in promise) t {message: undefined}
Promise.then
(匿名) @ 8222.6209a852.chunk.js:1
u @ 9561.4bf2dc71.js:2
(匿名) @ 9561.4bf2dc71.js:2
(匿名) @ 9561.4bf2dc71.js:2
r @ 9561.4bf2dc71.js:2
s @ 9561.4bf2dc71.js:2
Promise.then
r @ 9561.4bf2dc71.js:2
s @ 9561.4bf2dc71.js:2
(匿名) @ 9561.4bf2dc71.js:2
(匿名) @ 9561.4bf2dc71.js:2
(匿名) @ 8222.6209a852.chunk.js:1
u @ 9561.4bf2dc71.js:2
(匿名) @ 9561.4bf2dc71.js:2
(匿名) @ 9561.4bf2dc71.js:2
r @ 9561.4bf2dc71.js:2
s @ 9561.4bf2dc71.js:2
(匿名) @ 9561.4bf2dc71.js:2
(匿名) @ 9561.4bf2dc71.js:2
m @ 9561.4bf2dc71.js:2
w @ 9561.4bf2dc71.js:2
(匿名) @ 9561.4bf2dc71.js:2
E @ 9561.4bf2dc71.js:2
C @ 9561.4bf2dc71.js:2
S @ 9561.4bf2dc71.js:2
D @ 9561.4bf2dc71.js:2
kn @ 9561.4bf2dc71.js:2
le @ 9561.4bf2dc71.js:2
Dn @ 9561.4bf2dc71.js:2
zn @ 9561.4bf2dc71.js:2
An @ 9561.4bf2dc71.js:2
t.unstable_runWithPriority @ 9561.4bf2dc71.js:2
qo @ 9561.4bf2dc71.js:2
se @ 9561.4bf2dc71.js:2
Tn @ 9561.4bf2dc71.js:2
play
(匿名) @ 8222.6209a852.chunk.js:1
clickPlayButton @ video.ts:147
eval @ video.ts:177
setTimeout
eval @ video.ts:175
11:15:13.147 utils.ts:137 unknown seeked事件触发 Event {isTrusted: true, type: 'seeked', target: video#course-video_html5_api.vjs-tech, currentTarget: video#course-video_html5_api.vjs-tech, eventPhase: 2, …}
11:15:13.587 log.ts:179 [debug 11:15:13 ] [播放速率] 设置播放速率为 1x
11:15:13.587 log.ts:179 [debug 11:15:13 ] [静音设置] 设置静音状态为 true
11:15:13.588 log.ts:179 [debug 11:15:13 ] [点击播放] 找到播放按钮，点击播放 button.vjs-big-play-button
11:15:13.591 log.ts:179 [debug 11:15:13 ] [静音设置] 设置静音状态为 true
11:15:13.591 log.ts:179 [debug 11:15:13 ] [播放速率] 设置播放速率为 1x
11:15:13.591 log.ts:179 [debug 11:15:13 ] [视频事件] Video playing, applying settings...
11:15:13.598 log.ts:179 [debug 11:15:13 ] 拦截到HTTP请求: /learn/app/getGlobalTimestamp.do?os=99&sid=DDFFB4A8903046B2B2A2C20195472FFA
11:15:13.600 log.ts:179 [debug 11:15:13 ] 拦截到HTTP请求: /learn/app/clientapi/course/play/queryStatus.do?courseWareId=1708932724584&courseId=N003284&bizType=0&bizId=&sid=DDFFB4A8903046B2B2A2C20195472FFA&os=99
11:15:13.857 log.ts:179 [debug 11:15:13 ] 拦截到HTTP请求: /learn/app/clientapi/course/bigdata/courseLearnTime.do?os=99&sid=DDFFB4A8903046B2B2A2C20195472FFA
11:15:13.873 utils.ts:137 unknown seeking事件触发 Event {isTrusted: true, type: 'seeking', target: video#course-video_html5_api.vjs-tech, currentTarget: video#course-video_html5_api.vjs-tech, eventPhase: 2, …}
11:15:13.875 log.ts:179 [debug 11:15:13 ] [视频事件] Video paused, attempting to resume...
11:15:13.878 log.ts:179 [debug 11:15:13 ] 拦截到HTTP请求: /learn/app/clientapi/course/bigdata/courseLearnTime.do?os=99&sid=DDFFB4A8903046B2B2A2C20195472FFA
11:15:13.887 (索引):1  Uncaught (in promise) t {message: undefined}
Promise.then
(匿名) @ 8222.6209a852.chunk.js:1
u @ 9561.4bf2dc71.js:2
(匿名) @ 9561.4bf2dc71.js:2
(匿名) @ 9561.4bf2dc71.js:2
r @ 9561.4bf2dc71.js:2
s @ 9561.4bf2dc71.js:2
Promise.then
r @ 9561.4bf2dc71.js:2
s @ 9561.4bf2dc71.js:2
(匿名) @ 9561.4bf2dc71.js:2
(匿名) @ 9561.4bf2dc71.js:2
(匿名) @ 8222.6209a852.chunk.js:1
u @ 9561.4bf2dc71.js:2
(匿名) @ 9561.4bf2dc71.js:2
(匿名) @ 9561.4bf2dc71.js:2
r @ 9561.4bf2dc71.js:2
s @ 9561.4bf2dc71.js:2
(匿名) @ 9561.4bf2dc71.js:2
(匿名) @ 9561.4bf2dc71.js:2
m @ 9561.4bf2dc71.js:2
w @ 9561.4bf2dc71.js:2
(匿名) @ 9561.4bf2dc71.js:2
E @ 9561.4bf2dc71.js:2
C @ 9561.4bf2dc71.js:2
S @ 9561.4bf2dc71.js:2
D @ 9561.4bf2dc71.js:2
kn @ 9561.4bf2dc71.js:2
le @ 9561.4bf2dc71.js:2
Dn @ 9561.4bf2dc71.js:2
zn @ 9561.4bf2dc71.js:2
An @ 9561.4bf2dc71.js:2
t.unstable_runWithPriority @ 9561.4bf2dc71.js:2
qo @ 9561.4bf2dc71.js:2
se @ 9561.4bf2dc71.js:2
Tn @ 9561.4bf2dc71.js:2
play
(匿名) @ 8222.6209a852.chunk.js:1
clickPlayButton @ video.ts:147
eval @ video.ts:177
setTimeout
eval @ video.ts:175
11:15:14.111 utils.ts:137 unknown seeked事件触发 Event {isTrusted: true, type: 'seeked', target: video#course-video_html5_api.vjs-tech, currentTarget: video#course-video_html5_api.vjs-tech, eventPhase: 2, …}
11:15:14.580 log.ts:179 [debug 11:15:14 ] [播放速率] 设置播放速率为 1x
11:15:14.580 log.ts:179 [debug 11:15:14 ] [静音设置] 设置静音状态为 true
11:15:14.580 log.ts:179 [debug 11:15:14 ] [点击播放] 找到播放按钮，点击播放 button.vjs-big-play-button
11:15:14.583 log.ts:179 [debug 11:15:14 ] [静音设置] 设置静音状态为 true
11:15:14.583 log.ts:179 [debug 11:15:14 ] [播放速率] 设置播放速率为 1x
11:15:14.583 log.ts:179 [debug 11:15:14 ] [视频事件] Video playing, applying settings...
11:15:14.587 log.ts:179 [debug 11:15:14 ] 拦截到HTTP请求: /learn/app/getGlobalTimestamp.do?os=99&sid=DDFFB4A8903046B2B2A2C20195472FFA
11:15:14.588 log.ts:179 [debug 11:15:14 ] 拦截到HTTP请求: /learn/app/clientapi/course/play/queryStatus.do?courseWareId=1708932724584&courseId=N003284&bizType=0&bizId=&sid=DDFFB4A8903046B2B2A2C20195472FFA&os=99
11:15:14.757 log.ts:179 [debug 11:15:14 ] 拦截到HTTP请求: /learn/app/clientapi/course/bigdata/courseLearnTime.do?os=99&sid=DDFFB4A8903046B2B2A2C20195472FFA
11:15:14.868 utils.ts:137 unknown seeking事件触发 Event {isTrusted: true, type: 'seeking', target: video#course-video_html5_api.vjs-tech, currentTarget: video#course-video_html5_api.vjs-tech, eventPhase: 2, …}
11:15:14.870 log.ts:179 [debug 11:15:14 ] [视频事件] Video paused, attempting to resume...
11:15:14.878 log.ts:179 [debug 11:15:14 ] 拦截到HTTP请求: /learn/app/clientapi/course/bigdata/courseLearnTime.do?os=99&sid=DDFFB4A8903046B2B2A2C20195472FFA
11:15:14.884 (索引):1  Uncaught (in promise) t {message: undefined}
Promise.then
(匿名) @ 8222.6209a852.chunk.js:1
u @ 9561.4bf2dc71.js:2
(匿名) @ 9561.4bf2dc71.js:2
(匿名) @ 9561.4bf2dc71.js:2
r @ 9561.4bf2dc71.js:2
s @ 9561.4bf2dc71.js:2
Promise.then
r @ 9561.4bf2dc71.js:2
s @ 9561.4bf2dc71.js:2
(匿名) @ 9561.4bf2dc71.js:2
(匿名) @ 9561.4bf2dc71.js:2
(匿名) @ 8222.6209a852.chunk.js:1
u @ 9561.4bf2dc71.js:2
(匿名) @ 9561.4bf2dc71.js:2
(匿名) @ 9561.4bf2dc71.js:2
r @ 9561.4bf2dc71.js:2
s @ 9561.4bf2dc71.js:2
(匿名) @ 9561.4bf2dc71.js:2
(匿名) @ 9561.4bf2dc71.js:2
m @ 9561.4bf2dc71.js:2
w @ 9561.4bf2dc71.js:2
(匿名) @ 9561.4bf2dc71.js:2
E @ 9561.4bf2dc71.js:2
C @ 9561.4bf2dc71.js:2
S @ 9561.4bf2dc71.js:2
D @ 9561.4bf2dc71.js:2
kn @ 9561.4bf2dc71.js:2
le @ 9561.4bf2dc71.js:2
Dn @ 9561.4bf2dc71.js:2
zn @ 9561.4bf2dc71.js:2
An @ 9561.4bf2dc71.js:2
t.unstable_runWithPriority @ 9561.4bf2dc71.js:2
qo @ 9561.4bf2dc71.js:2
se @ 9561.4bf2dc71.js:2
Tn @ 9561.4bf2dc71.js:2
play
(匿名) @ 8222.6209a852.chunk.js:1
clickPlayButton @ video.ts:147
eval @ video.ts:177
setTimeout
eval @ video.ts:175
11:15:15.118 utils.ts:137 unknown seeked事件触发 Event {isTrusted: true, type: 'seeked', target: video#course-video_html5_api.vjs-tech, currentTarget: video#course-video_html5_api.vjs-tech, eventPhase: 2, …}
11:15:15.577 log.ts:179 [debug 11:15:15 ] [播放速率] 设置播放速率为 1x
11:15:15.577 log.ts:179 [debug 11:15:15 ] [静音设置] 设置静音状态为 true
11:15:15.578 log.ts:179 [debug 11:15:15 ] [点击播放] 找到播放按钮，点击播放 button.vjs-big-play-button
11:15:15.581 log.ts:179 [debug 11:15:15 ] [静音设置] 设置静音状态为 true
11:15:15.581 log.ts:179 [debug 11:15:15 ] [播放速率] 设置播放速率为 1x
11:15:15.581 log.ts:179 [debug 11:15:15 ] [视频事件] Video playing, applying settings...
11:15:15.585 log.ts:179 [debug 11:15:15 ] 拦截到HTTP请求: /learn/app/getGlobalTimestamp.do?os=99&sid=DDFFB4A8903046B2B2A2C20195472FFA
11:15:15.586 log.ts:179 [debug 11:15:15 ] 拦截到HTTP请求: /learn/app/clientapi/course/play/queryStatus.do?courseWareId=1708932724584&courseId=N003284&bizType=0&bizId=&sid=DDFFB4A8903046B2B2A2C20195472FFA&os=99
11:15:15.814 log.ts:179 [debug 11:15:15 ] 拦截到HTTP请求: /learn/app/clientapi/course/bigdata/courseLearnTime.do?os=99&sid=DDFFB4A8903046B2B2A2C20195472FFA
11:15:15.877 utils.ts:137 unknown seeking事件触发 Event {isTrusted: true, type: 'seeking', target: video#course-video_html5_api.vjs-tech, currentTarget: video#course-video_html5_api.vjs-tech, eventPhase: 2, …}
11:15:15.879 log.ts:179 [debug 11:15:15 ] [视频事件] Video paused, attempting to resume...
11:15:15.883 log.ts:179 [debug 11:15:15 ] 拦截到HTTP请求: /learn/app/clientapi/course/bigdata/courseLearnTime.do?os=99&sid=DDFFB4A8903046B2B2A2C20195472FFA
11:15:15.885 (索引):1  Uncaught (in promise) t {message: undefined}
Promise.then
(匿名) @ 8222.6209a852.chunk.js:1
u @ 9561.4bf2dc71.js:2
(匿名) @ 9561.4bf2dc71.js:2
(匿名) @ 9561.4bf2dc71.js:2
r @ 9561.4bf2dc71.js:2
s @ 9561.4bf2dc71.js:2
Promise.then
r @ 9561.4bf2dc71.js:2
s @ 9561.4bf2dc71.js:2
(匿名) @ 9561.4bf2dc71.js:2
(匿名) @ 9561.4bf2dc71.js:2
(匿名) @ 8222.6209a852.chunk.js:1
u @ 9561.4bf2dc71.js:2
(匿名) @ 9561.4bf2dc71.js:2
(匿名) @ 9561.4bf2dc71.js:2
r @ 9561.4bf2dc71.js:2
s @ 9561.4bf2dc71.js:2
(匿名) @ 9561.4bf2dc71.js:2
(匿名) @ 9561.4bf2dc71.js:2
m @ 9561.4bf2dc71.js:2
w @ 9561.4bf2dc71.js:2
(匿名) @ 9561.4bf2dc71.js:2
E @ 9561.4bf2dc71.js:2
C @ 9561.4bf2dc71.js:2
S @ 9561.4bf2dc71.js:2
D @ 9561.4bf2dc71.js:2
kn @ 9561.4bf2dc71.js:2
le @ 9561.4bf2dc71.js:2
Dn @ 9561.4bf2dc71.js:2
zn @ 9561.4bf2dc71.js:2
An @ 9561.4bf2dc71.js:2
t.unstable_runWithPriority @ 9561.4bf2dc71.js:2
qo @ 9561.4bf2dc71.js:2
se @ 9561.4bf2dc71.js:2
Tn @ 9561.4bf2dc71.js:2
play
(匿名) @ 8222.6209a852.chunk.js:1
clickPlayButton @ video.ts:147
eval @ video.ts:177
setTimeout
eval @ video.ts:175
11:15:16.119 utils.ts:137 unknown seeked事件触发 Event {isTrusted: true, type: 'seeked', target: video#course-video_html5_api.vjs-tech, currentTarget: video#course-video_html5_api.vjs-tech, eventPhase: 2, …}
11:15:16.584 log.ts:179 [debug 11:15:16 ] [播放速率] 设置播放速率为 1x
11:15:16.585 log.ts:179 [debug 11:15:16 ] [静音设置] 设置静音状态为 true
11:15:16.585 log.ts:179 [debug 11:15:16 ] [点击播放] 找到播放按钮，点击播放 button.vjs-big-play-button
11:15:16.587 log.ts:179 [debug 11:15:16 ] [静音设置] 设置静音状态为 true
11:15:16.587 log.ts:179 [debug 11:15:16 ] [播放速率] 设置播放速率为 1x
11:15:16.587 log.ts:179 [debug 11:15:16 ] [视频事件] Video playing, applying settings...
11:15:16.589 log.ts:179 [debug 11:15:16 ] 拦截到HTTP请求: /learn/app/getGlobalTimestamp.do?os=99&sid=DDFFB4A8903046B2B2A2C20195472FFA
11:15:16.590 log.ts:179 [debug 11:15:16 ] 拦截到HTTP请求: /learn/app/clientapi/course/play/queryStatus.do?courseWareId=1708932724584&courseId=N003284&bizType=0&bizId=&sid=DDFFB4A8903046B2B2A2C20195472FFA&os=99
11:15:16.778 log.ts:179 [debug 11:15:16 ] 拦截到HTTP请求: /learn/app/clientapi/course/bigdata/courseLearnTime.do?os=99&sid=DDFFB4A8903046B2B2A2C20195472FFA
11:15:16.788 utils.ts:137 unknown seeking事件触发 Event {isTrusted: true, type: 'seeking', target: video#course-video_html5_api.vjs-tech, currentTarget: video#course-video_html5_api.vjs-tech, eventPhase: 2, …}
11:15:16.790 log.ts:179 [debug 11:15:16 ] [视频事件] Video paused, attempting to resume...
11:15:16.793 log.ts:179 [debug 11:15:16 ] 拦截到HTTP请求: /learn/app/clientapi/course/bigdata/courseLearnTime.do?os=99&sid=DDFFB4A8903046B2B2A2C20195472FFA
11:15:16.797 (索引):1  Uncaught (in promise) t {message: undefined}
Promise.then
(匿名) @ 8222.6209a852.chunk.js:1
u @ 9561.4bf2dc71.js:2
(匿名) @ 9561.4bf2dc71.js:2
(匿名) @ 9561.4bf2dc71.js:2
r @ 9561.4bf2dc71.js:2
s @ 9561.4bf2dc71.js:2
Promise.then
r @ 9561.4bf2dc71.js:2
s @ 9561.4bf2dc71.js:2
(匿名) @ 9561.4bf2dc71.js:2
(匿名) @ 9561.4bf2dc71.js:2
(匿名) @ 8222.6209a852.chunk.js:1
u @ 9561.4bf2dc71.js:2
(匿名) @ 9561.4bf2dc71.js:2
(匿名) @ 9561.4bf2dc71.js:2
r @ 9561.4bf2dc71.js:2
s @ 9561.4bf2dc71.js:2
(匿名) @ 9561.4bf2dc71.js:2
(匿名) @ 9561.4bf2dc71.js:2
m @ 9561.4bf2dc71.js:2
w @ 9561.4bf2dc71.js:2
(匿名) @ 9561.4bf2dc71.js:2
E @ 9561.4bf2dc71.js:2
C @ 9561.4bf2dc71.js:2
S @ 9561.4bf2dc71.js:2
D @ 9561.4bf2dc71.js:2
kn @ 9561.4bf2dc71.js:2
le @ 9561.4bf2dc71.js:2
Dn @ 9561.4bf2dc71.js:2
zn @ 9561.4bf2dc71.js:2
An @ 9561.4bf2dc71.js:2
t.unstable_runWithPriority @ 9561.4bf2dc71.js:2
qo @ 9561.4bf2dc71.js:2
se @ 9561.4bf2dc71.js:2
Tn @ 9561.4bf2dc71.js:2
play
(匿名) @ 8222.6209a852.chunk.js:1
clickPlayButton @ video.ts:147
eval @ video.ts:177
setTimeout
eval @ video.ts:175
11:15:17.060 utils.ts:137 unknown seeked事件触发 Event {isTrusted: true, type: 'seeked', target: video#course-video_html5_api.vjs-tech, currentTarget: video#course-video_html5_api.vjs-tech, eventPhase: 2, …}
11:15:17.587 log.ts:179 [debug 11:15:17 ] [播放速率] 设置播放速率为 1x
11:15:17.587 log.ts:179 [debug 11:15:17 ] [静音设置] 设置静音状态为 true
11:15:17.587 log.ts:179 [debug 11:15:17 ] [点击播放] 找到播放按钮，点击播放 button.vjs-big-play-button
11:15:17.589 log.ts:179 [debug 11:15:17 ] [静音设置] 设置静音状态为 true
11:15:17.589 log.ts:179 [debug 11:15:17 ] [播放速率] 设置播放速率为 1x
11:15:17.589 log.ts:179 [debug 11:15:17 ] [视频事件] Video playing, applying settings...
11:15:17.592 log.ts:179 [debug 11:15:17 ] 拦截到HTTP请求: /learn/app/getGlobalTimestamp.do?os=99&sid=DDFFB4A8903046B2B2A2C20195472FFA
11:15:17.593 log.ts:179 [debug 11:15:17 ] 拦截到HTTP请求: /learn/app/clientapi/course/play/queryStatus.do?courseWareId=1708932724584&courseId=N003284&bizType=0&bizId=&sid=DDFFB4A8903046B2B2A2C20195472FFA&os=99
11:15:17.795 utils.ts:137 unknown seeking事件触发 Event {isTrusted: true, type: 'seeking', target: video#course-video_html5_api.vjs-tech, currentTarget: video#course-video_html5_api.vjs-tech, eventPhase: 2, …}
11:15:17.803 log.ts:179 [debug 11:15:17 ] [视频事件] Video paused, attempting to resume...
11:15:17.824 log.ts:179 [debug 11:15:17 ] 拦截到HTTP请求: /learn/app/clientapi/course/bigdata/courseLearnTime.do?os=99&sid=DDFFB4A8903046B2B2A2C20195472FFA
11:15:18.041 utils.ts:137 unknown seeked事件触发 Event {isTrusted: true, type: 'seeked', target: video#course-video_html5_api.vjs-tech, currentTarget: video#course-video_html5_api.vjs-tech, eventPhase: 2, …}
11:15:18.579 log.ts:179 [debug 11:15:18 ] [播放速率] 设置播放速率为 1x
11:15:18.579 log.ts:179 [debug 11:15:18 ] [静音设置] 设置静音状态为 true
11:15:18.580 log.ts:179 [debug 11:15:18 ] [点击播放] 找到播放按钮，点击播放 button.vjs-big-play-button
11:15:18.597 log.ts:179 [debug 11:15:18 ] [静音设置] 设置静音状态为 true
11:15:18.597 log.ts:179 [debug 11:15:18 ] [播放速率] 设置播放速率为 1x
11:15:18.597 log.ts:179 [debug 11:15:18 ] [视频事件] Video playing, applying settings...
11:15:18.601 log.ts:179 [debug 11:15:18 ] 拦截到HTTP请求: /learn/app/clientapi/course/play/queryStatus.do?courseWareId=1708932724584&courseId=N003284&bizType=0&bizId=&sid=DDFFB4A8903046B2B2A2C20195472FFA&os=99
11:15:18.764 utils.ts:137 unknown seeking事件触发 Event {isTrusted: true, type: 'seeking', target: video#course-video_html5_api.vjs-tech, currentTarget: video#course-video_html5_api.vjs-tech, eventPhase: 2, …}
11:15:18.767 log.ts:179 [debug 11:15:18 ] [视频事件] Video paused, attempting to resume...
11:15:18.771 log.ts:179 [debug 11:15:18 ] 拦截到HTTP请求: /learn/app/clientapi/course/bigdata/courseLearnTime.do?os=99&sid=DDFFB4A8903046B2B2A2C20195472FFA
11:15:19.007 utils.ts:137 unknown seeked事件触发 Event {isTrusted: true, type: 'seeked', target: video#course-video_html5_api.vjs-tech, currentTarget: video#course-video_html5_api.vjs-tech, eventPhase: 2, …}
11:15:19.584 log.ts:179 [debug 11:15:19 ] [播放速率] 设置播放速率为 1x
11:15:19.584 log.ts:179 [debug 11:15:19 ] [静音设置] 设置静音状态为 true
11:15:19.585 log.ts:179 [debug 11:15:19 ] [点击播放] 找到播放按钮，点击播放 button.vjs-big-play-button
11:15:19.586 log.ts:179 [debug 11:15:19 ] [静音设置] 设置静音状态为 true
11:15:19.586 log.ts:179 [debug 11:15:19 ] [播放速率] 设置播放速率为 1x
11:15:19.586 log.ts:179 [debug 11:15:19 ] [视频事件] Video playing, applying settings...
11:15:19.589 log.ts:179 [debug 11:15:19 ] 拦截到HTTP请求: /learn/app/getGlobalTimestamp.do?os=99&sid=DDFFB4A8903046B2B2A2C20195472FFA
11:15:19.591 log.ts:179 [debug 11:15:19 ] 拦截到HTTP请求: /learn/app/clientapi/course/play/queryStatus.do?courseWareId=1708932724584&courseId=N003284&bizType=0&bizId=&sid=DDFFB4A8903046B2B2A2C20195472FFA&os=99
11:15:19.743 log.ts:179 [debug 11:15:19 ] 拦截到HTTP请求: /learn/app/clientapi/course/bigdata/courseLearnTime.do?os=99&sid=DDFFB4A8903046B2B2A2C20195472FFA
11:15:19.751 utils.ts:137 unknown seeking事件触发 Event {isTrusted: true, type: 'seeking', target: video#course-video_html5_api.vjs-tech, currentTarget: video#course-video_html5_api.vjs-tech, eventPhase: 2, …}
11:15:19.754 log.ts:179 [debug 11:15:19 ] [视频事件] Video paused, attempting to resume...
11:15:19.756 log.ts:179 [debug 11:15:19 ] 拦截到HTTP请求: /learn/app/clientapi/course/bigdata/courseLearnTime.do?os=99&sid=DDFFB4A8903046B2B2A2C20195472FFA
11:15:19.759 (索引):1  Uncaught (in promise) t {message: undefined}
Promise.then
(匿名) @ 8222.6209a852.chunk.js:1
u @ 9561.4bf2dc71.js:2
(匿名) @ 9561.4bf2dc71.js:2
(匿名) @ 9561.4bf2dc71.js:2
r @ 9561.4bf2dc71.js:2
s @ 9561.4bf2dc71.js:2
Promise.then
r @ 9561.4bf2dc71.js:2
s @ 9561.4bf2dc71.js:2
(匿名) @ 9561.4bf2dc71.js:2
(匿名) @ 9561.4bf2dc71.js:2
(匿名) @ 8222.6209a852.chunk.js:1
u @ 9561.4bf2dc71.js:2
(匿名) @ 9561.4bf2dc71.js:2
(匿名) @ 9561.4bf2dc71.js:2
r @ 9561.4bf2dc71.js:2
s @ 9561.4bf2dc71.js:2
(匿名) @ 9561.4bf2dc71.js:2
(匿名) @ 9561.4bf2dc71.js:2
m @ 9561.4bf2dc71.js:2
w @ 9561.4bf2dc71.js:2
(匿名) @ 9561.4bf2dc71.js:2
E @ 9561.4bf2dc71.js:2
C @ 9561.4bf2dc71.js:2
S @ 9561.4bf2dc71.js:2
D @ 9561.4bf2dc71.js:2
kn @ 9561.4bf2dc71.js:2
le @ 9561.4bf2dc71.js:2
Dn @ 9561.4bf2dc71.js:2
zn @ 9561.4bf2dc71.js:2
An @ 9561.4bf2dc71.js:2
t.unstable_runWithPriority @ 9561.4bf2dc71.js:2
qo @ 9561.4bf2dc71.js:2
se @ 9561.4bf2dc71.js:2
Tn @ 9561.4bf2dc71.js:2
play
(匿名) @ 8222.6209a852.chunk.js:1
clickPlayButton @ video.ts:147
eval @ video.ts:177
setTimeout
eval @ video.ts:175
11:15:19.994 utils.ts:137 unknown seeked事件触发 Event {isTrusted: true, type: 'seeked', target: video#course-video_html5_api.vjs-tech, currentTarget: video#course-video_html5_api.vjs-tech, eventPhase: 2, …}
11:15:20.579 log.ts:179 [debug 11:15:20 ] [播放速率] 设置播放速率为 1x
11:15:20.579 log.ts:179 [debug 11:15:20 ] [静音设置] 设置静音状态为 true
11:15:20.582 log.ts:179 [debug 11:15:20 ] [点击播放] 找到播放按钮，点击播放 button.vjs-big-play-button
11:15:20.586 log.ts:179 [debug 11:15:20 ] [静音设置] 设置静音状态为 true
11:15:20.587 log.ts:179 [debug 11:15:20 ] [播放速率] 设置播放速率为 1x
11:15:20.588 log.ts:179 [debug 11:15:20 ] [视频事件] Video playing, applying settings...
11:15:20.591 log.ts:179 [debug 11:15:20 ] 拦截到HTTP请求: /learn/app/getGlobalTimestamp.do?os=99&sid=DDFFB4A8903046B2B2A2C20195472FFA
11:15:20.592 log.ts:179 [debug 11:15:20 ] 拦截到HTTP请求: /learn/app/clientapi/course/play/queryStatus.do?courseWareId=1708932724584&courseId=N003284&bizType=0&bizId=&sid=DDFFB4A8903046B2B2A2C20195472FFA&os=99
11:15:20.768 utils.ts:137 unknown seeking事件触发 Event {isTrusted: true, type: 'seeking', target: video#course-video_html5_api.vjs-tech, currentTarget: video#course-video_html5_api.vjs-tech, eventPhase: 2, …}
11:15:20.770 log.ts:179 [debug 11:15:20 ] [视频事件] Video paused, attempting to resume...
11:15:20.831 log.ts:179 [debug 11:15:20 ] 拦截到HTTP请求: /learn/app/clientapi/course/bigdata/courseLearnTime.do?os=99&sid=DDFFB4A8903046B2B2A2C20195472FFA
11:15:21.008 utils.ts:137 unknown seeked事件触发 Event {isTrusted: true, type: 'seeked', target: video#course-video_html5_api.vjs-tech, currentTarget: video#course-video_html5_api.vjs-tech, eventPhase: 2, …}
11:15:21.574 log.ts:179 [debug 11:15:21 ] [播放速率] 设置播放速率为 1x
11:15:21.574 log.ts:179 [debug 11:15:21 ] [静音设置] 设置静音状态为 true
11:15:21.574 log.ts:179 [debug 11:15:21 ] [点击播放] 找到播放按钮，点击播放 button.vjs-big-play-button
11:15:21.577 log.ts:179 [debug 11:15:21 ] [静音设置] 设置静音状态为 true
11:15:21.577 log.ts:179 [debug 11:15:21 ] [播放速率] 设置播放速率为 1x
11:15:21.577 log.ts:179 [debug 11:15:21 ] [视频事件] Video playing, applying settings...
11:15:21.580 log.ts:179 [debug 11:15:21 ] 拦截到HTTP请求: /learn/app/clientapi/course/play/queryStatus.do?courseWareId=1708932724584&courseId=N003284&bizType=0&bizId=&sid=DDFFB4A8903046B2B2A2C20195472FFA&os=99
11:15:21.736 utils.ts:137 unknown seeking事件触发 Event {isTrusted: true, type: 'seeking', target: video#course-video_html5_api.vjs-tech, currentTarget: video#course-video_html5_api.vjs-tech, eventPhase: 2, …}
11:15:21.740 log.ts:179 [debug 11:15:21 ] [视频事件] Video paused, attempting to resume...
11:15:21.744 log.ts:179 [debug 11:15:21 ] 拦截到HTTP请求: /learn/app/clientapi/course/bigdata/courseLearnTime.do?os=99&sid=DDFFB4A8903046B2B2A2C20195472FFA
11:15:21.974 utils.ts:137 unknown seeked事件触发 Event {isTrusted: true, type: 'seeked', target: video#course-video_html5_api.vjs-tech, currentTarget: video#course-video_html5_api.vjs-tech, eventPhase: 2, …}
11:15:22.584 log.ts:179 [debug 11:15:22 ] [播放速率] 设置播放速率为 1x
11:15:22.584 log.ts:179 [debug 11:15:22 ] [静音设置] 设置静音状态为 true
11:15:22.585 log.ts:179 [debug 11:15:22 ] [点击播放] 找到播放按钮，点击播放 button.vjs-big-play-button
11:15:22.589 log.ts:179 [debug 11:15:22 ] [静音设置] 设置静音状态为 true
11:15:22.589 log.ts:179 [debug 11:15:22 ] [播放速率] 设置播放速率为 1x
11:15:22.589 log.ts:179 [debug 11:15:22 ] [视频事件] Video playing, applying settings...
11:15:22.595 log.ts:179 [debug 11:15:22 ] 拦截到HTTP请求: /learn/app/getGlobalTimestamp.do?os=99&sid=DDFFB4A8903046B2B2A2C20195472FFA
11:15:22.596 log.ts:179 [debug 11:15:22 ] 拦截到HTTP请求: /learn/app/clientapi/course/play/queryStatus.do?courseWareId=1708932724584&courseId=N003284&bizType=0&bizId=&sid=DDFFB4A8903046B2B2A2C20195472FFA&os=99
11:15:22.750 log.ts:179 [debug 11:15:22 ] 拦截到HTTP请求: /learn/app/clientapi/course/bigdata/courseLearnTime.do?os=99&sid=DDFFB4A8903046B2B2A2C20195472FFA
11:15:22.761 utils.ts:137 unknown seeking事件触发 Event {isTrusted: true, type: 'seeking', target: video#course-video_html5_api.vjs-tech, currentTarget: video#course-video_html5_api.vjs-tech, eventPhase: 2, …}
11:15:22.763 log.ts:179 [debug 11:15:22 ] [视频事件] Video paused, attempting to resume...
11:15:22.766 log.ts:179 [debug 11:15:22 ] 拦截到HTTP请求: /learn/app/clientapi/course/bigdata/courseLearnTime.do?os=99&sid=DDFFB4A8903046B2B2A2C20195472FFA
11:15:22.768 (索引):1  Uncaught (in promise) t {message: undefined}
Promise.then
(匿名) @ 8222.6209a852.chunk.js:1
u @ 9561.4bf2dc71.js:2
(匿名) @ 9561.4bf2dc71.js:2
(匿名) @ 9561.4bf2dc71.js:2
r @ 9561.4bf2dc71.js:2
s @ 9561.4bf2dc71.js:2
Promise.then
r @ 9561.4bf2dc71.js:2
s @ 9561.4bf2dc71.js:2
(匿名) @ 9561.4bf2dc71.js:2
(匿名) @ 9561.4bf2dc71.js:2
(匿名) @ 8222.6209a852.chunk.js:1
u @ 9561.4bf2dc71.js:2
(匿名) @ 9561.4bf2dc71.js:2
(匿名) @ 9561.4bf2dc71.js:2
r @ 9561.4bf2dc71.js:2
s @ 9561.4bf2dc71.js:2
(匿名) @ 9561.4bf2dc71.js:2
(匿名) @ 9561.4bf2dc71.js:2
m @ 9561.4bf2dc71.js:2
w @ 9561.4bf2dc71.js:2
(匿名) @ 9561.4bf2dc71.js:2
E @ 9561.4bf2dc71.js:2
C @ 9561.4bf2dc71.js:2
S @ 9561.4bf2dc71.js:2
D @ 9561.4bf2dc71.js:2
kn @ 9561.4bf2dc71.js:2
le @ 9561.4bf2dc71.js:2
Dn @ 9561.4bf2dc71.js:2
zn @ 9561.4bf2dc71.js:2
An @ 9561.4bf2dc71.js:2
t.unstable_runWithPriority @ 9561.4bf2dc71.js:2
qo @ 9561.4bf2dc71.js:2
se @ 9561.4bf2dc71.js:2
Tn @ 9561.4bf2dc71.js:2
play
(匿名) @ 8222.6209a852.chunk.js:1
clickPlayButton @ video.ts:147
eval @ video.ts:177
setTimeout
eval @ video.ts:175
11:15:22.998 utils.ts:137 unknown seeked事件触发 Event {isTrusted: true, type: 'seeked', target: video#course-video_html5_api.vjs-tech, currentTarget: video#course-video_html5_api.vjs-tech, eventPhase: 2, …}
11:15:23.585 log.ts:179 [debug 11:15:23 ] [播放速率] 设置播放速率为 1x
11:15:23.585 log.ts:179 [debug 11:15:23 ] [静音设置] 设置静音状态为 true
11:15:23.585 log.ts:179 [debug 11:15:23 ] [点击播放] 找到播放按钮，点击播放 button.vjs-big-play-button
11:15:23.587 log.ts:179 [debug 11:15:23 ] [静音设置] 设置静音状态为 true
11:15:23.587 log.ts:179 [debug 11:15:23 ] [播放速率] 设置播放速率为 1x
11:15:23.588 log.ts:179 [debug 11:15:23 ] [视频事件] Video playing, applying settings...
11:15:23.591 log.ts:179 [debug 11:15:23 ] 拦截到HTTP请求: /learn/app/getGlobalTimestamp.do?os=99&sid=DDFFB4A8903046B2B2A2C20195472FFA
11:15:23.592 log.ts:179 [debug 11:15:23 ] 拦截到HTTP请求: /learn/app/clientapi/course/play/queryStatus.do?courseWareId=1708932724584&courseId=N003284&bizType=0&bizId=&sid=DDFFB4A8903046B2B2A2C20195472FFA&os=99
11:15:23.828 log.ts:179 [debug 11:15:23 ] 拦截到HTTP请求: /learn/app/clientapi/course/bigdata/courseLearnTime.do?os=99&sid=DDFFB4A8903046B2B2A2C20195472FFA
11:15:23.896 utils.ts:137 unknown seeking事件触发 Event {isTrusted: true, type: 'seeking', target: video#course-video_html5_api.vjs-tech, currentTarget: video#course-video_html5_api.vjs-tech, eventPhase: 2, …}
11:15:23.900 log.ts:179 [debug 11:15:23 ] [视频事件] Video paused, attempting to resume...
11:15:23.907 log.ts:179 [debug 11:15:23 ] 拦截到HTTP请求: /learn/app/clientapi/course/bigdata/courseLearnTime.do?os=99&sid=DDFFB4A8903046B2B2A2C20195472FFA
11:15:23.912 (索引):1  Uncaught (in promise) t {message: undefined}
Promise.then
(匿名) @ 8222.6209a852.chunk.js:1
u @ 9561.4bf2dc71.js:2
(匿名) @ 9561.4bf2dc71.js:2
(匿名) @ 9561.4bf2dc71.js:2
r @ 9561.4bf2dc71.js:2
s @ 9561.4bf2dc71.js:2
Promise.then
r @ 9561.4bf2dc71.js:2
s @ 9561.4bf2dc71.js:2
(匿名) @ 9561.4bf2dc71.js:2
(匿名) @ 9561.4bf2dc71.js:2
(匿名) @ 8222.6209a852.chunk.js:1
u @ 9561.4bf2dc71.js:2
(匿名) @ 9561.4bf2dc71.js:2
(匿名) @ 9561.4bf2dc71.js:2
r @ 9561.4bf2dc71.js:2
s @ 9561.4bf2dc71.js:2
(匿名) @ 9561.4bf2dc71.js:2
(匿名) @ 9561.4bf2dc71.js:2
m @ 9561.4bf2dc71.js:2
w @ 9561.4bf2dc71.js:2
(匿名) @ 9561.4bf2dc71.js:2
E @ 9561.4bf2dc71.js:2
C @ 9561.4bf2dc71.js:2
S @ 9561.4bf2dc71.js:2
D @ 9561.4bf2dc71.js:2
kn @ 9561.4bf2dc71.js:2
le @ 9561.4bf2dc71.js:2
Dn @ 9561.4bf2dc71.js:2
zn @ 9561.4bf2dc71.js:2
An @ 9561.4bf2dc71.js:2
t.unstable_runWithPriority @ 9561.4bf2dc71.js:2
qo @ 9561.4bf2dc71.js:2
se @ 9561.4bf2dc71.js:2
Tn @ 9561.4bf2dc71.js:2
play
(匿名) @ 8222.6209a852.chunk.js:1
clickPlayButton @ video.ts:147
eval @ video.ts:177
setTimeout
eval @ video.ts:175
11:15:24.134 utils.ts:137 unknown seeked事件触发 Event {isTrusted: true, type: 'seeked', target: video#course-video_html5_api.vjs-tech, currentTarget: video#course-video_html5_api.vjs-tech, eventPhase: 2, …}
11:15:24.582 log.ts:179 [debug 11:15:24 ] [播放速率] 设置播放速率为 1x
11:15:24.582 log.ts:179 [debug 11:15:24 ] [静音设置] 设置静音状态为 true
11:15:24.582 log.ts:179 [debug 11:15:24 ] [点击播放] 找到播放按钮，点击播放 button.vjs-big-play-button
11:15:24.585 log.ts:179 [debug 11:15:24 ] [静音设置] 设置静音状态为 true
11:15:24.585 log.ts:179 [debug 11:15:24 ] [播放速率] 设置播放速率为 1x
11:15:24.585 log.ts:179 [debug 11:15:24 ] [视频事件] Video playing, applying settings...
11:15:24.589 log.ts:179 [debug 11:15:24 ] 拦截到HTTP请求: /learn/app/getGlobalTimestamp.do?os=99&sid=DDFFB4A8903046B2B2A2C20195472FFA
11:15:24.591 log.ts:179 [debug 11:15:24 ] 拦截到HTTP请求: /learn/app/clientapi/course/play/queryStatus.do?courseWareId=1708932724584&courseId=N003284&bizType=0&bizId=&sid=DDFFB4A8903046B2B2A2C20195472FFA&os=99
11:15:24.845 log.ts:179 [debug 11:15:24 ] 拦截到HTTP请求: /learn/app/clientapi/course/bigdata/courseLearnTime.do?os=99&sid=DDFFB4A8903046B2B2A2C20195472FFA
11:15:24.861 utils.ts:137 unknown seeking事件触发 Event {isTrusted: true, type: 'seeking', target: video#course-video_html5_api.vjs-tech, currentTarget: video#course-video_html5_api.vjs-tech, eventPhase: 2, …}
11:15:24.864 log.ts:179 [debug 11:15:24 ] [视频事件] Video paused, attempting to resume...
11:15:24.867 log.ts:179 [debug 11:15:24 ] 拦截到HTTP请求: /learn/app/clientapi/course/bigdata/courseLearnTime.do?os=99&sid=DDFFB4A8903046B2B2A2C20195472FFA
11:15:24.869 (索引):1  Uncaught (in promise) t {message: undefined}
Promise.then
(匿名) @ 8222.6209a852.chunk.js:1
u @ 9561.4bf2dc71.js:2
(匿名) @ 9561.4bf2dc71.js:2
(匿名) @ 9561.4bf2dc71.js:2
r @ 9561.4bf2dc71.js:2
s @ 9561.4bf2dc71.js:2
Promise.then
r @ 9561.4bf2dc71.js:2
s @ 9561.4bf2dc71.js:2
(匿名) @ 9561.4bf2dc71.js:2
(匿名) @ 9561.4bf2dc71.js:2
(匿名) @ 8222.6209a852.chunk.js:1
u @ 9561.4bf2dc71.js:2
(匿名) @ 9561.4bf2dc71.js:2
(匿名) @ 9561.4bf2dc71.js:2
r @ 9561.4bf2dc71.js:2
s @ 9561.4bf2dc71.js:2
(匿名) @ 9561.4bf2dc71.js:2
(匿名) @ 9561.4bf2dc71.js:2
m @ 9561.4bf2dc71.js:2
w @ 9561.4bf2dc71.js:2
(匿名) @ 9561.4bf2dc71.js:2
E @ 9561.4bf2dc71.js:2
C @ 9561.4bf2dc71.js:2
S @ 9561.4bf2dc71.js:2
D @ 9561.4bf2dc71.js:2
kn @ 9561.4bf2dc71.js:2
le @ 9561.4bf2dc71.js:2
Dn @ 9561.4bf2dc71.js:2
zn @ 9561.4bf2dc71.js:2
An @ 9561.4bf2dc71.js:2
t.unstable_runWithPriority @ 9561.4bf2dc71.js:2
qo @ 9561.4bf2dc71.js:2
se @ 9561.4bf2dc71.js:2
Tn @ 9561.4bf2dc71.js:2
play
(匿名) @ 8222.6209a852.chunk.js:1
clickPlayButton @ video.ts:147
eval @ video.ts:177
setTimeout
eval @ video.ts:175
11:15:25.165 utils.ts:137 unknown seeked事件触发 Event {isTrusted: true, type: 'seeked', target: video#course-video_html5_api.vjs-tech, currentTarget: video#course-video_html5_api.vjs-tech, eventPhase: 2, …}
11:15:25.593 log.ts:179 [debug 11:15:25 ] [播放速率] 设置播放速率为 1x
11:15:25.593 log.ts:179 [debug 11:15:25 ] [静音设置] 设置静音状态为 true
11:15:25.593 log.ts:179 [debug 11:15:25 ] [点击播放] 找到播放按钮，点击播放 button.vjs-big-play-button
11:15:25.596 log.ts:179 [debug 11:15:25 ] [静音设置] 设置静音状态为 true
11:15:25.596 log.ts:179 [debug 11:15:25 ] [播放速率] 设置播放速率为 1x
11:15:25.597 log.ts:179 [debug 11:15:25 ] [视频事件] Video playing, applying settings...
11:15:25.601 log.ts:179 [debug 11:15:25 ] 拦截到HTTP请求: /learn/app/getGlobalTimestamp.do?os=99&sid=DDFFB4A8903046B2B2A2C20195472FFA
11:15:25.602 log.ts:179 [debug 11:15:25 ] 拦截到HTTP请求: /learn/app/clientapi/course/play/queryStatus.do?courseWareId=1708932724584&courseId=N003284&bizType=0&bizId=&sid=DDFFB4A8903046B2B2A2C20195472FFA&os=99
11:15:25.799 utils.ts:137 unknown seeking事件触发 Event {isTrusted: true, type: 'seeking', target: video#course-video_html5_api.vjs-tech, currentTarget: video#course-video_html5_api.vjs-tech, eventPhase: 2, …}
11:15:25.801 log.ts:179 [debug 11:15:25 ] [视频事件] Video paused, attempting to resume...
11:15:25.833 log.ts:179 [debug 11:15:25 ] 拦截到HTTP请求: /learn/app/clientapi/course/bigdata/courseLearnTime.do?os=99&sid=DDFFB4A8903046B2B2A2C20195472FFA
11:15:26.042 utils.ts:137 unknown seeked事件触发 Event {isTrusted: true, type: 'seeked', target: video#course-video_html5_api.vjs-tech, currentTarget: video#course-video_html5_api.vjs-tech, eventPhase: 2, …}
11:15:26.574 log.ts:179 [debug 11:15:26 ] [播放速率] 设置播放速率为 1x
11:15:26.574 log.ts:179 [debug 11:15:26 ] [静音设置] 设置静音状态为 true
11:15:26.574 log.ts:179 [debug 11:15:26 ] [点击播放] 找到播放按钮，点击播放 button.vjs-big-play-button
11:15:26.577 log.ts:179 [debug 11:15:26 ] [静音设置] 设置静音状态为 true
11:15:26.577 log.ts:179 [debug 11:15:26 ] [播放速率] 设置播放速率为 1x
11:15:26.578 log.ts:179 [debug 11:15:26 ] [视频事件] Video playing, applying settings...
11:15:26.581 log.ts:179 [debug 11:15:26 ] 拦截到HTTP请求: /learn/app/clientapi/course/play/queryStatus.do?courseWareId=1708932724584&courseId=N003284&bizType=0&bizId=&sid=DDFFB4A8903046B2B2A2C20195472FFA&os=99
11:15:26.808 utils.ts:137 unknown seeking事件触发 Event {isTrusted: true, type: 'seeking', target: video#course-video_html5_api.vjs-tech, currentTarget: video#course-video_html5_api.vjs-tech, eventPhase: 2, …}
11:15:26.810 log.ts:179 [debug 11:15:26 ] [视频事件] Video paused, attempting to resume...
11:15:26.814 log.ts:179 [debug 11:15:26 ] 拦截到HTTP请求: /learn/app/clientapi/course/bigdata/courseLearnTime.do?os=99&sid=DDFFB4A8903046B2B2A2C20195472FFA
11:15:27.044 utils.ts:137 unknown seeked事件触发 Event {isTrusted: true, type: 'seeked', target: video#course-video_html5_api.vjs-tech, currentTarget: video#course-video_html5_api.vjs-tech, eventPhase: 2, …}
11:15:27.587 log.ts:179 [debug 11:15:27 ] [播放速率] 设置播放速率为 1x
11:15:27.587 log.ts:179 [debug 11:15:27 ] [静音设置] 设置静音状态为 true
11:15:27.587 log.ts:179 [debug 11:15:27 ] [点击播放] 找到播放按钮，点击播放 button.vjs-big-play-button
11:15:27.589 log.ts:179 [debug 11:15:27 ] [静音设置] 设置静音状态为 true
11:15:27.589 log.ts:179 [debug 11:15:27 ] [播放速率] 设置播放速率为 1x
11:15:27.590 log.ts:179 [debug 11:15:27 ] [视频事件] Video playing, applying settings...
11:15:27.593 log.ts:179 [debug 11:15:27 ] 拦截到HTTP请求: /learn/app/getGlobalTimestamp.do?os=99&sid=DDFFB4A8903046B2B2A2C20195472FFA
11:15:27.595 log.ts:179 [debug 11:15:27 ] 拦截到HTTP请求: /learn/app/clientapi/course/play/queryStatus.do?courseWareId=1708932724584&courseId=N003284&bizType=0&bizId=&sid=DDFFB4A8903046B2B2A2C20195472FFA&os=99
11:15:27.828 log.ts:179 [debug 11:15:27 ] 拦截到HTTP请求: /learn/app/clientapi/course/bigdata/courseLearnTime.do?os=99&sid=DDFFB4A8903046B2B2A2C20195472FFA
11:15:27.847 utils.ts:137 unknown seeking事件触发 Event {isTrusted: true, type: 'seeking', target: video#course-video_html5_api.vjs-tech, currentTarget: video#course-video_html5_api.vjs-tech, eventPhase: 2, …}
11:15:27.850 log.ts:179 [debug 11:15:27 ] [视频事件] Video paused, attempting to resume...
11:15:27.854 log.ts:179 [debug 11:15:27 ] 拦截到HTTP请求: /learn/app/clientapi/course/bigdata/courseLearnTime.do?os=99&sid=DDFFB4A8903046B2B2A2C20195472FFA
11:15:27.865 (索引):1  Uncaught (in promise) t {message: undefined}
Promise.then
(匿名) @ 8222.6209a852.chunk.js:1
u @ 9561.4bf2dc71.js:2
(匿名) @ 9561.4bf2dc71.js:2
(匿名) @ 9561.4bf2dc71.js:2
r @ 9561.4bf2dc71.js:2
s @ 9561.4bf2dc71.js:2
Promise.then
r @ 9561.4bf2dc71.js:2
s @ 9561.4bf2dc71.js:2
(匿名) @ 9561.4bf2dc71.js:2
(匿名) @ 9561.4bf2dc71.js:2
(匿名) @ 8222.6209a852.chunk.js:1
u @ 9561.4bf2dc71.js:2
(匿名) @ 9561.4bf2dc71.js:2
(匿名) @ 9561.4bf2dc71.js:2
r @ 9561.4bf2dc71.js:2
s @ 9561.4bf2dc71.js:2
(匿名) @ 9561.4bf2dc71.js:2
(匿名) @ 9561.4bf2dc71.js:2
m @ 9561.4bf2dc71.js:2
w @ 9561.4bf2dc71.js:2
(匿名) @ 9561.4bf2dc71.js:2
E @ 9561.4bf2dc71.js:2
C @ 9561.4bf2dc71.js:2
S @ 9561.4bf2dc71.js:2
D @ 9561.4bf2dc71.js:2
kn @ 9561.4bf2dc71.js:2
le @ 9561.4bf2dc71.js:2
Dn @ 9561.4bf2dc71.js:2
zn @ 9561.4bf2dc71.js:2
An @ 9561.4bf2dc71.js:2
t.unstable_runWithPriority @ 9561.4bf2dc71.js:2
qo @ 9561.4bf2dc71.js:2
se @ 9561.4bf2dc71.js:2
Tn @ 9561.4bf2dc71.js:2
play
(匿名) @ 8222.6209a852.chunk.js:1
clickPlayButton @ video.ts:147
eval @ video.ts:177
setTimeout
eval @ video.ts:175
11:15:28.097 utils.ts:137 unknown seeked事件触发 Event {isTrusted: true, type: 'seeked', target: video#course-video_html5_api.vjs-tech, currentTarget: video#course-video_html5_api.vjs-tech, eventPhase: 2, …}
11:15:28.574 log.ts:179 [debug 11:15:28 ] [播放速率] 设置播放速率为 1x
11:15:28.576 log.ts:179 [debug 11:15:28 ] [静音设置] 设置静音状态为 true
11:15:28.577 log.ts:179 [debug 11:15:28 ] [点击播放] 找到播放按钮，点击播放 button.vjs-big-play-button
11:15:28.583 log.ts:179 [debug 11:15:28 ] [静音设置] 设置静音状态为 true
11:15:28.584 log.ts:179 [debug 11:15:28 ] [播放速率] 设置播放速率为 1x
11:15:28.585 log.ts:179 [debug 11:15:28 ] [视频事件] Video playing, applying settings...
11:15:28.596 log.ts:179 [debug 11:15:28 ] 拦截到HTTP请求: /learn/app/getGlobalTimestamp.do?os=99&sid=DDFFB4A8903046B2B2A2C20195472FFA
11:15:28.598 log.ts:179 [debug 11:15:28 ] 拦截到HTTP请求: /learn/app/clientapi/course/play/queryStatus.do?courseWareId=1708932724584&courseId=N003284&bizType=0&bizId=&sid=DDFFB4A8903046B2B2A2C20195472FFA&os=99
11:15:28.823 log.ts:179 [debug 11:15:28 ] 拦截到HTTP请求: /learn/app/clientapi/course/bigdata/courseLearnTime.do?os=99&sid=DDFFB4A8903046B2B2A2C20195472FFA
11:15:28.856 utils.ts:137 unknown seeking事件触发 Event {isTrusted: true, type: 'seeking', target: video#course-video_html5_api.vjs-tech, currentTarget: video#course-video_html5_api.vjs-tech, eventPhase: 2, …}
11:15:28.858 log.ts:179 [debug 11:15:28 ] [视频事件] Video paused, attempting to resume...
11:15:28.861 log.ts:179 [debug 11:15:28 ] 拦截到HTTP请求: /learn/app/clientapi/course/bigdata/courseLearnTime.do?os=99&sid=DDFFB4A8903046B2B2A2C20195472FFA
11:15:28.864 (索引):1  Uncaught (in promise) t {message: undefined}
Promise.then
(匿名) @ 8222.6209a852.chunk.js:1
u @ 9561.4bf2dc71.js:2
(匿名) @ 9561.4bf2dc71.js:2
(匿名) @ 9561.4bf2dc71.js:2
r @ 9561.4bf2dc71.js:2
s @ 9561.4bf2dc71.js:2
Promise.then
r @ 9561.4bf2dc71.js:2
s @ 9561.4bf2dc71.js:2
(匿名) @ 9561.4bf2dc71.js:2
(匿名) @ 9561.4bf2dc71.js:2
(匿名) @ 8222.6209a852.chunk.js:1
u @ 9561.4bf2dc71.js:2
(匿名) @ 9561.4bf2dc71.js:2
(匿名) @ 9561.4bf2dc71.js:2
r @ 9561.4bf2dc71.js:2
s @ 9561.4bf2dc71.js:2
(匿名) @ 9561.4bf2dc71.js:2
(匿名) @ 9561.4bf2dc71.js:2
m @ 9561.4bf2dc71.js:2
w @ 9561.4bf2dc71.js:2
(匿名) @ 9561.4bf2dc71.js:2
E @ 9561.4bf2dc71.js:2
C @ 9561.4bf2dc71.js:2
S @ 9561.4bf2dc71.js:2
D @ 9561.4bf2dc71.js:2
kn @ 9561.4bf2dc71.js:2
le @ 9561.4bf2dc71.js:2
Dn @ 9561.4bf2dc71.js:2
zn @ 9561.4bf2dc71.js:2
An @ 9561.4bf2dc71.js:2
t.unstable_runWithPriority @ 9561.4bf2dc71.js:2
qo @ 9561.4bf2dc71.js:2
se @ 9561.4bf2dc71.js:2
Tn @ 9561.4bf2dc71.js:2
play
(匿名) @ 8222.6209a852.chunk.js:1
clickPlayButton @ video.ts:147
eval @ video.ts:177
setTimeout
eval @ video.ts:175
11:15:29.092 utils.ts:137 unknown seeked事件触发 Event {isTrusted: true, type: 'seeked', target: video#course-video_html5_api.vjs-tech, currentTarget: video#course-video_html5_api.vjs-tech, eventPhase: 2, …}
11:15:29.584 log.ts:179 [debug 11:15:29 ] [播放速率] 设置播放速率为 1x
11:15:29.584 log.ts:179 [debug 11:15:29 ] [静音设置] 设置静音状态为 true
11:15:29.584 log.ts:179 [debug 11:15:29 ] [点击播放] 找到播放按钮，点击播放 button.vjs-big-play-button
11:15:29.585 log.ts:179 [debug 11:15:29 ] [静音设置] 设置静音状态为 true
11:15:29.586 log.ts:179 [debug 11:15:29 ] [播放速率] 设置播放速率为 1x
11:15:29.586 log.ts:179 [debug 11:15:29 ] [视频事件] Video playing, applying settings...
11:15:29.589 log.ts:179 [debug 11:15:29 ] 拦截到HTTP请求: /learn/app/getGlobalTimestamp.do?os=99&sid=DDFFB4A8903046B2B2A2C20195472FFA
11:15:29.594 log.ts:179 [debug 11:15:29 ] 拦截到HTTP请求: /learn/app/clientapi/course/play/queryStatus.do?courseWareId=1708932724584&courseId=N003284&bizType=0&bizId=&sid=DDFFB4A8903046B2B2A2C20195472FFA&os=99
11:15:29.755 log.ts:179 [debug 11:15:29 ] 拦截到HTTP请求: /learn/app/clientapi/course/bigdata/courseLearnTime.do?os=99&sid=DDFFB4A8903046B2B2A2C20195472FFA
11:15:29.816 utils.ts:137 unknown seeking事件触发 Event {isTrusted: true, type: 'seeking', target: video#course-video_html5_api.vjs-tech, currentTarget: video#course-video_html5_api.vjs-tech, eventPhase: 2, …}
11:15:29.821 log.ts:179 [debug 11:15:29 ] [视频事件] Video paused, attempting to resume...
11:15:29.827 log.ts:179 [debug 11:15:29 ] 拦截到HTTP请求: /learn/app/clientapi/course/bigdata/courseLearnTime.do?os=99&sid=DDFFB4A8903046B2B2A2C20195472FFA
11:15:29.833 (索引):1  Uncaught (in promise) t {message: undefined}
Promise.then
(匿名) @ 8222.6209a852.chunk.js:1
u @ 9561.4bf2dc71.js:2
(匿名) @ 9561.4bf2dc71.js:2
(匿名) @ 9561.4bf2dc71.js:2
r @ 9561.4bf2dc71.js:2
s @ 9561.4bf2dc71.js:2
Promise.then
r @ 9561.4bf2dc71.js:2
s @ 9561.4bf2dc71.js:2
(匿名) @ 9561.4bf2dc71.js:2
(匿名) @ 9561.4bf2dc71.js:2
(匿名) @ 8222.6209a852.chunk.js:1
u @ 9561.4bf2dc71.js:2
(匿名) @ 9561.4bf2dc71.js:2
(匿名) @ 9561.4bf2dc71.js:2
r @ 9561.4bf2dc71.js:2
s @ 9561.4bf2dc71.js:2
(匿名) @ 9561.4bf2dc71.js:2
(匿名) @ 9561.4bf2dc71.js:2
m @ 9561.4bf2dc71.js:2
w @ 9561.4bf2dc71.js:2
(匿名) @ 9561.4bf2dc71.js:2
E @ 9561.4bf2dc71.js:2
C @ 9561.4bf2dc71.js:2
S @ 9561.4bf2dc71.js:2
D @ 9561.4bf2dc71.js:2
kn @ 9561.4bf2dc71.js:2
le @ 9561.4bf2dc71.js:2
Dn @ 9561.4bf2dc71.js:2
zn @ 9561.4bf2dc71.js:2
An @ 9561.4bf2dc71.js:2
t.unstable_runWithPriority @ 9561.4bf2dc71.js:2
qo @ 9561.4bf2dc71.js:2
se @ 9561.4bf2dc71.js:2
Tn @ 9561.4bf2dc71.js:2
play
(匿名) @ 8222.6209a852.chunk.js:1
clickPlayButton @ video.ts:147
eval @ video.ts:177
setTimeout
eval @ video.ts:175
11:15:30.066 utils.ts:137 unknown seeked事件触发 Event {isTrusted: true, type: 'seeked', target: video#course-video_html5_api.vjs-tech, currentTarget: video#course-video_html5_api.vjs-tech, eventPhase: 2, …}
11:15:30.587 log.ts:179 [debug 11:15:30 ] [播放速率] 设置播放速率为 1x
11:15:30.587 log.ts:179 [debug 11:15:30 ] [静音设置] 设置静音状态为 true
11:15:30.587 log.ts:179 [debug 11:15:30 ] [点击播放] 找到播放按钮，点击播放 button.vjs-big-play-button
11:15:30.591 log.ts:179 [debug 11:15:30 ] [静音设置] 设置静音状态为 true
11:15:30.592 log.ts:179 [debug 11:15:30 ] [播放速率] 设置播放速率为 1x
11:15:30.592 log.ts:179 [debug 11:15:30 ] [视频事件] Video playing, applying settings...
11:15:30.601 log.ts:179 [debug 11:15:30 ] 拦截到HTTP请求: /learn/app/getGlobalTimestamp.do?os=99&sid=DDFFB4A8903046B2B2A2C20195472FFA
11:15:30.613 log.ts:179 [debug 11:15:30 ] 拦截到HTTP请求: /learn/app/clientapi/course/play/queryStatus.do?courseWareId=1708932724584&courseId=N003284&bizType=0&bizId=&sid=DDFFB4A8903046B2B2A2C20195472FFA&os=99
11:15:30.804 log.ts:179 [debug 11:15:30 ] 拦截到HTTP请求: /learn/app/clientapi/course/bigdata/courseLearnTime.do?os=99&sid=DDFFB4A8903046B2B2A2C20195472FFA
11:15:30.814 utils.ts:137 unknown seeking事件触发 Event {isTrusted: true, type: 'seeking', target: video#course-video_html5_api.vjs-tech, currentTarget: video#course-video_html5_api.vjs-tech, eventPhase: 2, …}
11:15:30.815 log.ts:179 [debug 11:15:30 ] [视频事件] Video paused, attempting to resume...
11:15:30.819 log.ts:179 [debug 11:15:30 ] 拦截到HTTP请求: /learn/app/clientapi/course/bigdata/courseLearnTime.do?os=99&sid=DDFFB4A8903046B2B2A2C20195472FFA
11:15:30.825 (索引):1  Uncaught (in promise) t {message: undefined}
Promise.then
(匿名) @ 8222.6209a852.chunk.js:1
u @ 9561.4bf2dc71.js:2
(匿名) @ 9561.4bf2dc71.js:2
(匿名) @ 9561.4bf2dc71.js:2
r @ 9561.4bf2dc71.js:2
s @ 9561.4bf2dc71.js:2
Promise.then
r @ 9561.4bf2dc71.js:2
s @ 9561.4bf2dc71.js:2
(匿名) @ 9561.4bf2dc71.js:2
(匿名) @ 9561.4bf2dc71.js:2
(匿名) @ 8222.6209a852.chunk.js:1
u @ 9561.4bf2dc71.js:2
(匿名) @ 9561.4bf2dc71.js:2
(匿名) @ 9561.4bf2dc71.js:2
r @ 9561.4bf2dc71.js:2
s @ 9561.4bf2dc71.js:2
(匿名) @ 9561.4bf2dc71.js:2
(匿名) @ 9561.4bf2dc71.js:2
m @ 9561.4bf2dc71.js:2
w @ 9561.4bf2dc71.js:2
(匿名) @ 9561.4bf2dc71.js:2
E @ 9561.4bf2dc71.js:2
C @ 9561.4bf2dc71.js:2
S @ 9561.4bf2dc71.js:2
D @ 9561.4bf2dc71.js:2
kn @ 9561.4bf2dc71.js:2
le @ 9561.4bf2dc71.js:2
Dn @ 9561.4bf2dc71.js:2
zn @ 9561.4bf2dc71.js:2
An @ 9561.4bf2dc71.js:2
t.unstable_runWithPriority @ 9561.4bf2dc71.js:2
qo @ 9561.4bf2dc71.js:2
se @ 9561.4bf2dc71.js:2
Tn @ 9561.4bf2dc71.js:2
play
(匿名) @ 8222.6209a852.chunk.js:1
clickPlayButton @ video.ts:147
eval @ video.ts:177
setTimeout
eval @ video.ts:175
11:15:31.051 utils.ts:137 unknown seeked事件触发 Event {isTrusted: true, type: 'seeked', target: video#course-video_html5_api.vjs-tech, currentTarget: video#course-video_html5_api.vjs-tech, eventPhase: 2, …}
11:15:31.586 log.ts:179 [debug 11:15:31 ] [播放速率] 设置播放速率为 1x
11:15:31.587 log.ts:179 [debug 11:15:31 ] [静音设置] 设置静音状态为 true
11:15:31.587 log.ts:179 [debug 11:15:31 ] [点击播放] 找到播放按钮，点击播放 button.vjs-big-play-button
11:15:31.590 log.ts:179 [debug 11:15:31 ] [静音设置] 设置静音状态为 true
11:15:31.590 log.ts:179 [debug 11:15:31 ] [播放速率] 设置播放速率为 1x
11:15:31.593 log.ts:179 [debug 11:15:31 ] [视频事件] Video playing, applying settings...
11:15:31.596 log.ts:179 [debug 11:15:31 ] 拦截到HTTP请求: /learn/app/getGlobalTimestamp.do?os=99&sid=DDFFB4A8903046B2B2A2C20195472FFA
11:15:31.597 log.ts:179 [debug 11:15:31 ] 拦截到HTTP请求: /learn/app/clientapi/course/play/queryStatus.do?courseWareId=1708932724584&courseId=N003284&bizType=0&bizId=&sid=DDFFB4A8903046B2B2A2C20195472FFA&os=99
11:15:31.825 log.ts:179 [debug 11:15:31 ] 拦截到HTTP请求: /learn/app/clientapi/course/bigdata/courseLearnTime.do?os=99&sid=DDFFB4A8903046B2B2A2C20195472FFA
11:15:31.859 utils.ts:137 unknown seeking事件触发 Event {isTrusted: true, type: 'seeking', target: video#course-video_html5_api.vjs-tech, currentTarget: video#course-video_html5_api.vjs-tech, eventPhase: 2, …}
11:15:31.861 log.ts:179 [debug 11:15:31 ] [视频事件] Video paused, attempting to resume...
11:15:31.873 log.ts:179 [debug 11:15:31 ] 拦截到HTTP请求: /learn/app/clientapi/course/bigdata/courseLearnTime.do?os=99&sid=DDFFB4A8903046B2B2A2C20195472FFA
11:15:31.876 (索引):1  Uncaught (in promise) t {message: undefined}
Promise.then
(匿名) @ 8222.6209a852.chunk.js:1
u @ 9561.4bf2dc71.js:2
(匿名) @ 9561.4bf2dc71.js:2
(匿名) @ 9561.4bf2dc71.js:2
r @ 9561.4bf2dc71.js:2
s @ 9561.4bf2dc71.js:2
Promise.then
r @ 9561.4bf2dc71.js:2
s @ 9561.4bf2dc71.js:2
(匿名) @ 9561.4bf2dc71.js:2
(匿名) @ 9561.4bf2dc71.js:2
(匿名) @ 8222.6209a852.chunk.js:1
u @ 9561.4bf2dc71.js:2
(匿名) @ 9561.4bf2dc71.js:2
(匿名) @ 9561.4bf2dc71.js:2
r @ 9561.4bf2dc71.js:2
s @ 9561.4bf2dc71.js:2
(匿名) @ 9561.4bf2dc71.js:2
(匿名) @ 9561.4bf2dc71.js:2
m @ 9561.4bf2dc71.js:2
w @ 9561.4bf2dc71.js:2
(匿名) @ 9561.4bf2dc71.js:2
E @ 9561.4bf2dc71.js:2
C @ 9561.4bf2dc71.js:2
S @ 9561.4bf2dc71.js:2
D @ 9561.4bf2dc71.js:2
kn @ 9561.4bf2dc71.js:2
le @ 9561.4bf2dc71.js:2
Dn @ 9561.4bf2dc71.js:2
zn @ 9561.4bf2dc71.js:2
An @ 9561.4bf2dc71.js:2
t.unstable_runWithPriority @ 9561.4bf2dc71.js:2
qo @ 9561.4bf2dc71.js:2
se @ 9561.4bf2dc71.js:2
Tn @ 9561.4bf2dc71.js:2
play
(匿名) @ 8222.6209a852.chunk.js:1
clickPlayButton @ video.ts:147
eval @ video.ts:177
setTimeout
eval @ video.ts:175
11:15:32.114 utils.ts:137 unknown seeked事件触发 Event {isTrusted: true, type: 'seeked', target: video#course-video_html5_api.vjs-tech, currentTarget: video#course-video_html5_api.vjs-tech, eventPhase: 2, …}
11:15:32.580 log.ts:179 [debug 11:15:32 ] [播放速率] 设置播放速率为 1x
11:15:32.580 log.ts:179 [debug 11:15:32 ] [静音设置] 设置静音状态为 true
11:15:32.580 log.ts:179 [debug 11:15:32 ] [点击播放] 找到播放按钮，点击播放 button.vjs-big-play-button
11:15:32.582 log.ts:179 [debug 11:15:32 ] [静音设置] 设置静音状态为 true
11:15:32.582 log.ts:179 [debug 11:15:32 ] [播放速率] 设置播放速率为 1x
11:15:32.583 log.ts:179 [debug 11:15:32 ] [视频事件] Video playing, applying settings...
11:15:32.586 log.ts:179 [debug 11:15:32 ] 拦截到HTTP请求: /learn/app/getGlobalTimestamp.do?os=99&sid=DDFFB4A8903046B2B2A2C20195472FFA
11:15:32.587 log.ts:179 [debug 11:15:32 ] 拦截到HTTP请求: /learn/app/clientapi/course/play/queryStatus.do?courseWareId=1708932724584&courseId=N003284&bizType=0&bizId=&sid=DDFFB4A8903046B2B2A2C20195472FFA&os=99
11:15:32.809 log.ts:179 [debug 11:15:32 ] 拦截到HTTP请求: /learn/app/clientapi/course/bigdata/courseLearnTime.do?os=99&sid=DDFFB4A8903046B2B2A2C20195472FFA
11:15:32.874 utils.ts:137 unknown seeking事件触发 Event {isTrusted: true, type: 'seeking', target: video#course-video_html5_api.vjs-tech, currentTarget: video#course-video_html5_api.vjs-tech, eventPhase: 2, …}
11:15:32.876 log.ts:179 [debug 11:15:32 ] [视频事件] Video paused, attempting to resume...
11:15:32.882 log.ts:179 [debug 11:15:32 ] 拦截到HTTP请求: /learn/app/clientapi/course/bigdata/courseLearnTime.do?os=99&sid=DDFFB4A8903046B2B2A2C20195472FFA
11:15:32.887 (索引):1  Uncaught (in promise) t {message: undefined}
Promise.then
(匿名) @ 8222.6209a852.chunk.js:1
u @ 9561.4bf2dc71.js:2
(匿名) @ 9561.4bf2dc71.js:2
(匿名) @ 9561.4bf2dc71.js:2
r @ 9561.4bf2dc71.js:2
s @ 9561.4bf2dc71.js:2
Promise.then
r @ 9561.4bf2dc71.js:2
s @ 9561.4bf2dc71.js:2
(匿名) @ 9561.4bf2dc71.js:2
(匿名) @ 9561.4bf2dc71.js:2
(匿名) @ 8222.6209a852.chunk.js:1
u @ 9561.4bf2dc71.js:2
(匿名) @ 9561.4bf2dc71.js:2
(匿名) @ 9561.4bf2dc71.js:2
r @ 9561.4bf2dc71.js:2
s @ 9561.4bf2dc71.js:2
(匿名) @ 9561.4bf2dc71.js:2
(匿名) @ 9561.4bf2dc71.js:2
m @ 9561.4bf2dc71.js:2
w @ 9561.4bf2dc71.js:2
(匿名) @ 9561.4bf2dc71.js:2
E @ 9561.4bf2dc71.js:2
C @ 9561.4bf2dc71.js:2
S @ 9561.4bf2dc71.js:2
D @ 9561.4bf2dc71.js:2
kn @ 9561.4bf2dc71.js:2
le @ 9561.4bf2dc71.js:2
Dn @ 9561.4bf2dc71.js:2
zn @ 9561.4bf2dc71.js:2
An @ 9561.4bf2dc71.js:2
t.unstable_runWithPriority @ 9561.4bf2dc71.js:2
qo @ 9561.4bf2dc71.js:2
se @ 9561.4bf2dc71.js:2
Tn @ 9561.4bf2dc71.js:2
play
(匿名) @ 8222.6209a852.chunk.js:1
clickPlayButton @ video.ts:147
eval @ video.ts:177
setTimeout
eval @ video.ts:175
11:15:33.131 utils.ts:137 unknown seeked事件触发 Event {isTrusted: true, type: 'seeked', target: video#course-video_html5_api.vjs-tech, currentTarget: video#course-video_html5_api.vjs-tech, eventPhase: 2, …}
11:15:33.579 log.ts:179 [debug 11:15:33 ] [播放速率] 设置播放速率为 1x
11:15:33.579 log.ts:179 [debug 11:15:33 ] [静音设置] 设置静音状态为 true
11:15:33.579 log.ts:179 [debug 11:15:33 ] [点击播放] 找到播放按钮，点击播放 button.vjs-big-play-button
11:15:33.583 log.ts:179 [debug 11:15:33 ] [静音设置] 设置静音状态为 true
11:15:33.583 log.ts:179 [debug 11:15:33 ] [播放速率] 设置播放速率为 1x
11:15:33.583 log.ts:179 [debug 11:15:33 ] [视频事件] Video playing, applying settings...
11:15:33.587 log.ts:179 [debug 11:15:33 ] 拦截到HTTP请求: /learn/app/getGlobalTimestamp.do?os=99&sid=DDFFB4A8903046B2B2A2C20195472FFA
11:15:33.590 log.ts:179 [debug 11:15:33 ] 拦截到HTTP请求: /learn/app/clientapi/course/play/queryStatus.do?courseWareId=1708932724584&courseId=N003284&bizType=0&bizId=&sid=DDFFB4A8903046B2B2A2C20195472FFA&os=99
11:15:33.796 log.ts:179 [debug 11:15:33 ] 拦截到HTTP请求: /learn/app/clientapi/course/bigdata/courseLearnTime.do?os=99&sid=DDFFB4A8903046B2B2A2C20195472FFA
11:15:33.871 utils.ts:137 unknown seeking事件触发 Event {isTrusted: true, type: 'seeking', target: video#course-video_html5_api.vjs-tech, currentTarget: video#course-video_html5_api.vjs-tech, eventPhase: 2, …}
11:15:33.874 log.ts:179 [debug 11:15:33 ] [视频事件] Video paused, attempting to resume...
11:15:33.881 log.ts:179 [debug 11:15:33 ] 拦截到HTTP请求: /learn/app/clientapi/course/bigdata/courseLearnTime.do?os=99&sid=DDFFB4A8903046B2B2A2C20195472FFA
11:15:33.888 (索引):1  Uncaught (in promise) t {message: undefined}
Promise.then
(匿名) @ 8222.6209a852.chunk.js:1
u @ 9561.4bf2dc71.js:2
(匿名) @ 9561.4bf2dc71.js:2
(匿名) @ 9561.4bf2dc71.js:2
r @ 9561.4bf2dc71.js:2
s @ 9561.4bf2dc71.js:2
Promise.then
r @ 9561.4bf2dc71.js:2
s @ 9561.4bf2dc71.js:2
(匿名) @ 9561.4bf2dc71.js:2
(匿名) @ 9561.4bf2dc71.js:2
(匿名) @ 8222.6209a852.chunk.js:1
u @ 9561.4bf2dc71.js:2
(匿名) @ 9561.4bf2dc71.js:2
(匿名) @ 9561.4bf2dc71.js:2
r @ 9561.4bf2dc71.js:2
s @ 9561.4bf2dc71.js:2
(匿名) @ 9561.4bf2dc71.js:2
(匿名) @ 9561.4bf2dc71.js:2
m @ 9561.4bf2dc71.js:2
w @ 9561.4bf2dc71.js:2
(匿名) @ 9561.4bf2dc71.js:2
E @ 9561.4bf2dc71.js:2
C @ 9561.4bf2dc71.js:2
S @ 9561.4bf2dc71.js:2
D @ 9561.4bf2dc71.js:2
kn @ 9561.4bf2dc71.js:2
le @ 9561.4bf2dc71.js:2
Dn @ 9561.4bf2dc71.js:2
zn @ 9561.4bf2dc71.js:2
An @ 9561.4bf2dc71.js:2
t.unstable_runWithPriority @ 9561.4bf2dc71.js:2
qo @ 9561.4bf2dc71.js:2
se @ 9561.4bf2dc71.js:2
Tn @ 9561.4bf2dc71.js:2
play
(匿名) @ 8222.6209a852.chunk.js:1
clickPlayButton @ video.ts:147
eval @ video.ts:177
setTimeout
eval @ video.ts:175
11:15:34.193 utils.ts:137 unknown seeked事件触发 Event {isTrusted: true, type: 'seeked', target: video#course-video_html5_api.vjs-tech, currentTarget: video#course-video_html5_api.vjs-tech, eventPhase: 2, …}
11:15:34.584 log.ts:179 [debug 11:15:34 ] [播放速率] 设置播放速率为 1x
11:15:34.584 log.ts:179 [debug 11:15:34 ] [静音设置] 设置静音状态为 true
11:15:34.585 log.ts:179 [debug 11:15:34 ] [点击播放] 找到播放按钮，点击播放 button.vjs-big-play-button
11:15:34.587 log.ts:179 [debug 11:15:34 ] [静音设置] 设置静音状态为 true
11:15:34.587 log.ts:179 [debug 11:15:34 ] [播放速率] 设置播放速率为 1x
11:15:34.587 log.ts:179 [debug 11:15:34 ] [视频事件] Video playing, applying settings...
11:15:34.592 log.ts:179 [debug 11:15:34 ] 拦截到HTTP请求: /learn/app/getGlobalTimestamp.do?os=99&sid=DDFFB4A8903046B2B2A2C20195472FFA
11:15:34.593 log.ts:179 [debug 11:15:34 ] 拦截到HTTP请求: /learn/app/clientapi/course/play/queryStatus.do?courseWareId=1708932724584&courseId=N003284&bizType=0&bizId=&sid=DDFFB4A8903046B2B2A2C20195472FFA&os=99
11:15:34.750 log.ts:179 [debug 11:15:34 ] 拦截到HTTP请求: /learn/app/clientapi/course/bigdata/courseLearnTime.do?os=99&sid=DDFFB4A8903046B2B2A2C20195472FFA
11:15:34.785 utils.ts:137 unknown seeking事件触发 Event {isTrusted: true, type: 'seeking', target: video#course-video_html5_api.vjs-tech, currentTarget: video#course-video_html5_api.vjs-tech, eventPhase: 2, …}
11:15:34.788 log.ts:179 [debug 11:15:34 ] [视频事件] Video paused, attempting to resume...
11:15:34.794 log.ts:179 [debug 11:15:34 ] 拦截到HTTP请求: /learn/app/clientapi/course/bigdata/courseLearnTime.do?os=99&sid=DDFFB4A8903046B2B2A2C20195472FFA
11:15:34.799 (索引):1  Uncaught (in promise) t {message: undefined}
Promise.then
(匿名) @ 8222.6209a852.chunk.js:1
u @ 9561.4bf2dc71.js:2
(匿名) @ 9561.4bf2dc71.js:2
(匿名) @ 9561.4bf2dc71.js:2
r @ 9561.4bf2dc71.js:2
s @ 9561.4bf2dc71.js:2
Promise.then
r @ 9561.4bf2dc71.js:2
s @ 9561.4bf2dc71.js:2
(匿名) @ 9561.4bf2dc71.js:2
(匿名) @ 9561.4bf2dc71.js:2
(匿名) @ 8222.6209a852.chunk.js:1
u @ 9561.4bf2dc71.js:2
(匿名) @ 9561.4bf2dc71.js:2
(匿名) @ 9561.4bf2dc71.js:2
r @ 9561.4bf2dc71.js:2
s @ 9561.4bf2dc71.js:2
(匿名) @ 9561.4bf2dc71.js:2
(匿名) @ 9561.4bf2dc71.js:2
m @ 9561.4bf2dc71.js:2
w @ 9561.4bf2dc71.js:2
(匿名) @ 9561.4bf2dc71.js:2
E @ 9561.4bf2dc71.js:2
C @ 9561.4bf2dc71.js:2
S @ 9561.4bf2dc71.js:2
D @ 9561.4bf2dc71.js:2
kn @ 9561.4bf2dc71.js:2
le @ 9561.4bf2dc71.js:2
Dn @ 9561.4bf2dc71.js:2
zn @ 9561.4bf2dc71.js:2
An @ 9561.4bf2dc71.js:2
t.unstable_runWithPriority @ 9561.4bf2dc71.js:2
qo @ 9561.4bf2dc71.js:2
se @ 9561.4bf2dc71.js:2
Tn @ 9561.4bf2dc71.js:2
play
(匿名) @ 8222.6209a852.chunk.js:1
clickPlayButton @ video.ts:147
eval @ video.ts:177
setTimeout
eval @ video.ts:175
11:15:35.030 utils.ts:137 unknown seeked事件触发 Event {isTrusted: true, type: 'seeked', target: video#course-video_html5_api.vjs-tech, currentTarget: video#course-video_html5_api.vjs-tech, eventPhase: 2, …}
11:15:35.581 log.ts:179 [debug 11:15:35 ] [播放速率] 设置播放速率为 1x
11:15:35.582 log.ts:179 [debug 11:15:35 ] [静音设置] 设置静音状态为 true
11:15:35.582 log.ts:179 [debug 11:15:35 ] [点击播放] 找到播放按钮，点击播放 button.vjs-big-play-button
11:15:35.586 log.ts:179 [debug 11:15:35 ] [静音设置] 设置静音状态为 true
11:15:35.586 log.ts:179 [debug 11:15:35 ] [播放速率] 设置播放速率为 1x
11:15:35.586 log.ts:179 [debug 11:15:35 ] [视频事件] Video playing, applying settings...
11:15:35.590 log.ts:179 [debug 11:15:35 ] 拦截到HTTP请求: /learn/app/getGlobalTimestamp.do?os=99&sid=DDFFB4A8903046B2B2A2C20195472FFA
11:15:35.591 log.ts:179 [debug 11:15:35 ] 拦截到HTTP请求: /learn/app/clientapi/course/play/queryStatus.do?courseWareId=1708932724584&courseId=N003284&bizType=0&bizId=&sid=DDFFB4A8903046B2B2A2C20195472FFA&os=99
11:15:35.808 log.ts:179 [debug 11:15:35 ] 拦截到HTTP请求: /learn/app/clientapi/course/bigdata/courseLearnTime.do?os=99&sid=DDFFB4A8903046B2B2A2C20195472FFA
11:15:35.846 utils.ts:137 unknown seeking事件触发 Event {isTrusted: true, type: 'seeking', target: video#course-video_html5_api.vjs-tech, currentTarget: video#course-video_html5_api.vjs-tech, eventPhase: 2, …}
11:15:35.849 log.ts:179 [debug 11:15:35 ] [视频事件] Video paused, attempting to resume...
11:15:35.853 log.ts:179 [debug 11:15:35 ] 拦截到HTTP请求: /learn/app/clientapi/course/bigdata/courseLearnTime.do?os=99&sid=DDFFB4A8903046B2B2A2C20195472FFA
11:15:35.857 (索引):1  Uncaught (in promise) t {message: undefined}
Promise.then
(匿名) @ 8222.6209a852.chunk.js:1
u @ 9561.4bf2dc71.js:2
(匿名) @ 9561.4bf2dc71.js:2
(匿名) @ 9561.4bf2dc71.js:2
r @ 9561.4bf2dc71.js:2
s @ 9561.4bf2dc71.js:2
Promise.then
r @ 9561.4bf2dc71.js:2
s @ 9561.4bf2dc71.js:2
(匿名) @ 9561.4bf2dc71.js:2
(匿名) @ 9561.4bf2dc71.js:2
(匿名) @ 8222.6209a852.chunk.js:1
u @ 9561.4bf2dc71.js:2
(匿名) @ 9561.4bf2dc71.js:2
(匿名) @ 9561.4bf2dc71.js:2
r @ 9561.4bf2dc71.js:2
s @ 9561.4bf2dc71.js:2
(匿名) @ 9561.4bf2dc71.js:2
(匿名) @ 9561.4bf2dc71.js:2
m @ 9561.4bf2dc71.js:2
w @ 9561.4bf2dc71.js:2
(匿名) @ 9561.4bf2dc71.js:2
E @ 9561.4bf2dc71.js:2
C @ 9561.4bf2dc71.js:2
S @ 9561.4bf2dc71.js:2
D @ 9561.4bf2dc71.js:2
kn @ 9561.4bf2dc71.js:2
le @ 9561.4bf2dc71.js:2
Dn @ 9561.4bf2dc71.js:2
zn @ 9561.4bf2dc71.js:2
An @ 9561.4bf2dc71.js:2
t.unstable_runWithPriority @ 9561.4bf2dc71.js:2
qo @ 9561.4bf2dc71.js:2
se @ 9561.4bf2dc71.js:2
Tn @ 9561.4bf2dc71.js:2
play
(匿名) @ 8222.6209a852.chunk.js:1
clickPlayButton @ video.ts:147
eval @ video.ts:177
setTimeout
eval @ video.ts:175
11:15:36.105 utils.ts:137 unknown seeked事件触发 Event {isTrusted: true, type: 'seeked', target: video#course-video_html5_api.vjs-tech, currentTarget: video#course-video_html5_api.vjs-tech, eventPhase: 2, …}
11:15:36.592 log.ts:179 [debug 11:15:36 ] [播放速率] 设置播放速率为 1x
11:15:36.592 log.ts:179 [debug 11:15:36 ] [静音设置] 设置静音状态为 true
11:15:36.592 log.ts:179 [debug 11:15:36 ] [点击播放] 找到播放按钮，点击播放 button.vjs-big-play-button
11:15:36.595 log.ts:179 [debug 11:15:36 ] [静音设置] 设置静音状态为 true
11:15:36.595 log.ts:179 [debug 11:15:36 ] [播放速率] 设置播放速率为 1x
11:15:36.595 log.ts:179 [debug 11:15:36 ] [视频事件] Video playing, applying settings...
11:15:36.602 log.ts:179 [debug 11:15:36 ] 拦截到HTTP请求: /learn/app/getGlobalTimestamp.do?os=99&sid=DDFFB4A8903046B2B2A2C20195472FFA
11:15:36.604 log.ts:179 [debug 11:15:36 ] 拦截到HTTP请求: /learn/app/clientapi/course/play/queryStatus.do?courseWareId=1708932724584&courseId=N003284&bizType=0&bizId=&sid=DDFFB4A8903046B2B2A2C20195472FFA&os=99
11:15:36.823 log.ts:179 [debug 11:15:36 ] 拦截到HTTP请求: /learn/app/clientapi/course/bigdata/courseLearnTime.do?os=99&sid=DDFFB4A8903046B2B2A2C20195472FFA
11:15:36.825 utils.ts:137 unknown seeking事件触发 Event {isTrusted: true, type: 'seeking', target: video#course-video_html5_api.vjs-tech, currentTarget: video#course-video_html5_api.vjs-tech, eventPhase: 2, …}
11:15:36.828 log.ts:179 [debug 11:15:36 ] [视频事件] Video paused, attempting to resume...
11:15:36.836 log.ts:179 [debug 11:15:36 ] 拦截到HTTP请求: /learn/app/clientapi/course/bigdata/courseLearnTime.do?os=99&sid=DDFFB4A8903046B2B2A2C20195472FFA
11:15:36.841 (索引):1  Uncaught (in promise) t {message: undefined}
Promise.then
(匿名) @ 8222.6209a852.chunk.js:1
u @ 9561.4bf2dc71.js:2
(匿名) @ 9561.4bf2dc71.js:2
(匿名) @ 9561.4bf2dc71.js:2
r @ 9561.4bf2dc71.js:2
s @ 9561.4bf2dc71.js:2
Promise.then
r @ 9561.4bf2dc71.js:2
s @ 9561.4bf2dc71.js:2
(匿名) @ 9561.4bf2dc71.js:2
(匿名) @ 9561.4bf2dc71.js:2
(匿名) @ 8222.6209a852.chunk.js:1
u @ 9561.4bf2dc71.js:2
(匿名) @ 9561.4bf2dc71.js:2
(匿名) @ 9561.4bf2dc71.js:2
r @ 9561.4bf2dc71.js:2
s @ 9561.4bf2dc71.js:2
(匿名) @ 9561.4bf2dc71.js:2
(匿名) @ 9561.4bf2dc71.js:2
m @ 9561.4bf2dc71.js:2
w @ 9561.4bf2dc71.js:2
(匿名) @ 9561.4bf2dc71.js:2
E @ 9561.4bf2dc71.js:2
C @ 9561.4bf2dc71.js:2
S @ 9561.4bf2dc71.js:2
D @ 9561.4bf2dc71.js:2
kn @ 9561.4bf2dc71.js:2
le @ 9561.4bf2dc71.js:2
Dn @ 9561.4bf2dc71.js:2
zn @ 9561.4bf2dc71.js:2
An @ 9561.4bf2dc71.js:2
t.unstable_runWithPriority @ 9561.4bf2dc71.js:2
qo @ 9561.4bf2dc71.js:2
se @ 9561.4bf2dc71.js:2
Tn @ 9561.4bf2dc71.js:2
play
(匿名) @ 8222.6209a852.chunk.js:1
clickPlayButton @ video.ts:147
eval @ video.ts:177
setTimeout
eval @ video.ts:175
11:15:37.084 utils.ts:137 unknown seeked事件触发 Event {isTrusted: true, type: 'seeked', target: video#course-video_html5_api.vjs-tech, currentTarget: video#course-video_html5_api.vjs-tech, eventPhase: 2, …}
11:15:37.581 log.ts:179 [debug 11:15:37 ] [播放速率] 设置播放速率为 1x
11:15:37.581 log.ts:179 [debug 11:15:37 ] [静音设置] 设置静音状态为 true
11:15:37.581 log.ts:179 [debug 11:15:37 ] [点击播放] 找到播放按钮，点击播放 button.vjs-big-play-button
11:15:37.583 log.ts:179 [debug 11:15:37 ] [静音设置] 设置静音状态为 true
11:15:37.584 log.ts:179 [debug 11:15:37 ] [播放速率] 设置播放速率为 1x
11:15:37.584 log.ts:179 [debug 11:15:37 ] [视频事件] Video playing, applying settings...
11:15:37.587 log.ts:179 [debug 11:15:37 ] 拦截到HTTP请求: /learn/app/getGlobalTimestamp.do?os=99&sid=DDFFB4A8903046B2B2A2C20195472FFA
11:15:37.588 log.ts:179 [debug 11:15:37 ] 拦截到HTTP请求: /learn/app/clientapi/course/play/queryStatus.do?courseWareId=1708932724584&courseId=N003284&bizType=0&bizId=&sid=DDFFB4A8903046B2B2A2C20195472FFA&os=99
11:15:37.875 log.ts:179 [debug 11:15:37 ] 拦截到HTTP请求: /learn/app/clientapi/course/bigdata/courseLearnTime.do?os=99&sid=DDFFB4A8903046B2B2A2C20195472FFA
11:15:37.890 utils.ts:137 unknown seeking事件触发 Event {isTrusted: true, type: 'seeking', target: video#course-video_html5_api.vjs-tech, currentTarget: video#course-video_html5_api.vjs-tech, eventPhase: 2, …}
11:15:37.901 log.ts:179 [debug 11:15:37 ] [视频事件] Video paused, attempting to resume...
11:15:37.923 log.ts:179 [debug 11:15:37 ] 拦截到HTTP请求: /learn/app/clientapi/course/bigdata/courseLearnTime.do?os=99&sid=DDFFB4A8903046B2B2A2C20195472FFA
11:15:37.935 (索引):1  Uncaught (in promise) t {message: undefined}
Promise.then
(匿名) @ 8222.6209a852.chunk.js:1
u @ 9561.4bf2dc71.js:2
(匿名) @ 9561.4bf2dc71.js:2
(匿名) @ 9561.4bf2dc71.js:2
r @ 9561.4bf2dc71.js:2
s @ 9561.4bf2dc71.js:2
Promise.then
r @ 9561.4bf2dc71.js:2
s @ 9561.4bf2dc71.js:2
(匿名) @ 9561.4bf2dc71.js:2
(匿名) @ 9561.4bf2dc71.js:2
(匿名) @ 8222.6209a852.chunk.js:1
u @ 9561.4bf2dc71.js:2
(匿名) @ 9561.4bf2dc71.js:2
(匿名) @ 9561.4bf2dc71.js:2
r @ 9561.4bf2dc71.js:2
s @ 9561.4bf2dc71.js:2
(匿名) @ 9561.4bf2dc71.js:2
(匿名) @ 9561.4bf2dc71.js:2
m @ 9561.4bf2dc71.js:2
w @ 9561.4bf2dc71.js:2
(匿名) @ 9561.4bf2dc71.js:2
E @ 9561.4bf2dc71.js:2
C @ 9561.4bf2dc71.js:2
S @ 9561.4bf2dc71.js:2
D @ 9561.4bf2dc71.js:2
kn @ 9561.4bf2dc71.js:2
le @ 9561.4bf2dc71.js:2
Dn @ 9561.4bf2dc71.js:2
zn @ 9561.4bf2dc71.js:2
An @ 9561.4bf2dc71.js:2
t.unstable_runWithPriority @ 9561.4bf2dc71.js:2
qo @ 9561.4bf2dc71.js:2
se @ 9561.4bf2dc71.js:2
Tn @ 9561.4bf2dc71.js:2
play
(匿名) @ 8222.6209a852.chunk.js:1
clickPlayButton @ video.ts:147
eval @ video.ts:177
setTimeout
eval @ video.ts:175
11:15:38.202 utils.ts:137 unknown seeked事件触发 Event {isTrusted: true, type: 'seeked', target: video#course-video_html5_api.vjs-tech, currentTarget: video#course-video_html5_api.vjs-tech, eventPhase: 2, …}
11:15:38.588 log.ts:179 [debug 11:15:38 ] [播放速率] 设置播放速率为 1x
11:15:38.589 log.ts:179 [debug 11:15:38 ] [静音设置] 设置静音状态为 true
11:15:38.589 log.ts:179 [debug 11:15:38 ] [点击播放] 找到播放按钮，点击播放 button.vjs-big-play-button
11:15:38.592 log.ts:179 [debug 11:15:38 ] [静音设置] 设置静音状态为 true
11:15:38.593 log.ts:179 [debug 11:15:38 ] [播放速率] 设置播放速率为 1x
11:15:38.593 log.ts:179 [debug 11:15:38 ] [视频事件] Video playing, applying settings...
11:15:38.596 log.ts:179 [debug 11:15:38 ] 拦截到HTTP请求: /learn/app/getGlobalTimestamp.do?os=99&sid=DDFFB4A8903046B2B2A2C20195472FFA
11:15:38.598 log.ts:179 [debug 11:15:38 ] 拦截到HTTP请求: /learn/app/clientapi/course/play/queryStatus.do?courseWareId=1708932724584&courseId=N003284&bizType=0&bizId=&sid=DDFFB4A8903046B2B2A2C20195472FFA&os=99
11:15:38.841 log.ts:179 [debug 11:15:38 ] 拦截到HTTP请求: /learn/app/clientapi/course/bigdata/courseLearnTime.do?os=99&sid=DDFFB4A8903046B2B2A2C20195472FFA
11:15:38.885 utils.ts:137 unknown seeking事件触发 Event {isTrusted: true, type: 'seeking', target: video#course-video_html5_api.vjs-tech, currentTarget: video#course-video_html5_api.vjs-tech, eventPhase: 2, …}
11:15:38.887 log.ts:179 [debug 11:15:38 ] [视频事件] Video paused, attempting to resume...
11:15:38.890 log.ts:179 [debug 11:15:38 ] 拦截到HTTP请求: /learn/app/clientapi/course/bigdata/courseLearnTime.do?os=99&sid=DDFFB4A8903046B2B2A2C20195472FFA
11:15:38.893 (索引):1  Uncaught (in promise) t {message: undefined}
Promise.then
(匿名) @ 8222.6209a852.chunk.js:1
u @ 9561.4bf2dc71.js:2
(匿名) @ 9561.4bf2dc71.js:2
(匿名) @ 9561.4bf2dc71.js:2
r @ 9561.4bf2dc71.js:2
s @ 9561.4bf2dc71.js:2
Promise.then
r @ 9561.4bf2dc71.js:2
s @ 9561.4bf2dc71.js:2
(匿名) @ 9561.4bf2dc71.js:2
(匿名) @ 9561.4bf2dc71.js:2
(匿名) @ 8222.6209a852.chunk.js:1
u @ 9561.4bf2dc71.js:2
(匿名) @ 9561.4bf2dc71.js:2
(匿名) @ 9561.4bf2dc71.js:2
r @ 9561.4bf2dc71.js:2
s @ 9561.4bf2dc71.js:2
(匿名) @ 9561.4bf2dc71.js:2
(匿名) @ 9561.4bf2dc71.js:2
m @ 9561.4bf2dc71.js:2
w @ 9561.4bf2dc71.js:2
(匿名) @ 9561.4bf2dc71.js:2
E @ 9561.4bf2dc71.js:2
C @ 9561.4bf2dc71.js:2
S @ 9561.4bf2dc71.js:2
D @ 9561.4bf2dc71.js:2
kn @ 9561.4bf2dc71.js:2
le @ 9561.4bf2dc71.js:2
Dn @ 9561.4bf2dc71.js:2
zn @ 9561.4bf2dc71.js:2
An @ 9561.4bf2dc71.js:2
t.unstable_runWithPriority @ 9561.4bf2dc71.js:2
qo @ 9561.4bf2dc71.js:2
se @ 9561.4bf2dc71.js:2
Tn @ 9561.4bf2dc71.js:2
play
(匿名) @ 8222.6209a852.chunk.js:1
clickPlayButton @ video.ts:147
eval @ video.ts:177
setTimeout
eval @ video.ts:175
11:15:39.130 utils.ts:137 unknown seeked事件触发 Event {isTrusted: true, type: 'seeked', target: video#course-video_html5_api.vjs-tech, currentTarget: video#course-video_html5_api.vjs-tech, eventPhase: 2, …}
11:15:39.590 log.ts:179 [debug 11:15:39 ] [播放速率] 设置播放速率为 1x
11:15:39.591 log.ts:179 [debug 11:15:39 ] [静音设置] 设置静音状态为 true
11:15:39.591 log.ts:179 [debug 11:15:39 ] [点击播放] 找到播放按钮，点击播放 button.vjs-big-play-button
11:15:39.594 log.ts:179 [debug 11:15:39 ] [静音设置] 设置静音状态为 true
11:15:39.594 log.ts:179 [debug 11:15:39 ] [播放速率] 设置播放速率为 1x
11:15:39.594 log.ts:179 [debug 11:15:39 ] [视频事件] Video playing, applying settings...
11:15:39.598 log.ts:179 [debug 11:15:39 ] 拦截到HTTP请求: /learn/app/getGlobalTimestamp.do?os=99&sid=DDFFB4A8903046B2B2A2C20195472FFA
11:15:39.600 log.ts:179 [debug 11:15:39 ] 拦截到HTTP请求: /learn/app/clientapi/course/play/queryStatus.do?courseWareId=1708932724584&courseId=N003284&bizType=0&bizId=&sid=DDFFB4A8903046B2B2A2C20195472FFA&os=99
11:15:39.803 utils.ts:137 unknown seeking事件触发 Event {isTrusted: true, type: 'seeking', target: video#course-video_html5_api.vjs-tech, currentTarget: video#course-video_html5_api.vjs-tech, eventPhase: 2, …}
11:15:39.815 log.ts:179 [debug 11:15:39 ] 拦截到HTTP请求: /learn/app/clientapi/course/bigdata/courseLearnTime.do?os=99&sid=DDFFB4A8903046B2B2A2C20195472FFA
11:15:39.826 log.ts:179 [debug 11:15:39 ] [视频事件] Video paused, attempting to resume...
11:15:39.831 log.ts:179 [debug 11:15:39 ] 拦截到HTTP请求: /learn/app/clientapi/course/bigdata/courseLearnTime.do?os=99&sid=DDFFB4A8903046B2B2A2C20195472FFA
11:15:39.834 (索引):1  Uncaught (in promise) t {message: undefined}
Promise.then
(匿名) @ 8222.6209a852.chunk.js:1
u @ 9561.4bf2dc71.js:2
(匿名) @ 9561.4bf2dc71.js:2
(匿名) @ 9561.4bf2dc71.js:2
r @ 9561.4bf2dc71.js:2
s @ 9561.4bf2dc71.js:2
Promise.then
r @ 9561.4bf2dc71.js:2
s @ 9561.4bf2dc71.js:2
(匿名) @ 9561.4bf2dc71.js:2
(匿名) @ 9561.4bf2dc71.js:2
(匿名) @ 8222.6209a852.chunk.js:1
u @ 9561.4bf2dc71.js:2
(匿名) @ 9561.4bf2dc71.js:2
(匿名) @ 9561.4bf2dc71.js:2
r @ 9561.4bf2dc71.js:2
s @ 9561.4bf2dc71.js:2
(匿名) @ 9561.4bf2dc71.js:2
(匿名) @ 9561.4bf2dc71.js:2
m @ 9561.4bf2dc71.js:2
w @ 9561.4bf2dc71.js:2
(匿名) @ 9561.4bf2dc71.js:2
E @ 9561.4bf2dc71.js:2
C @ 9561.4bf2dc71.js:2
S @ 9561.4bf2dc71.js:2
D @ 9561.4bf2dc71.js:2
kn @ 9561.4bf2dc71.js:2
le @ 9561.4bf2dc71.js:2
Dn @ 9561.4bf2dc71.js:2
zn @ 9561.4bf2dc71.js:2
An @ 9561.4bf2dc71.js:2
t.unstable_runWithPriority @ 9561.4bf2dc71.js:2
qo @ 9561.4bf2dc71.js:2
se @ 9561.4bf2dc71.js:2
Tn @ 9561.4bf2dc71.js:2
play
(匿名) @ 8222.6209a852.chunk.js:1
clickPlayButton @ video.ts:147
eval @ video.ts:177
setTimeout
eval @ video.ts:175
11:15:40.055 utils.ts:137 unknown seeked事件触发 Event {isTrusted: true, type: 'seeked', target: video#course-video_html5_api.vjs-tech, currentTarget: video#course-video_html5_api.vjs-tech, eventPhase: 2, …}
11:15:40.581 log.ts:179 [debug 11:15:40 ] [播放速率] 设置播放速率为 1x
11:15:40.581 log.ts:179 [debug 11:15:40 ] [静音设置] 设置静音状态为 true
11:15:40.581 log.ts:179 [debug 11:15:40 ] [点击播放] 找到播放按钮，点击播放 button.vjs-big-play-button
11:15:40.583 log.ts:179 [debug 11:15:40 ] [静音设置] 设置静音状态为 true
11:15:40.583 log.ts:179 [debug 11:15:40 ] [播放速率] 设置播放速率为 1x
11:15:40.584 log.ts:179 [debug 11:15:40 ] [视频事件] Video playing, applying settings...
11:15:40.588 log.ts:179 [debug 11:15:40 ] 拦截到HTTP请求: /learn/app/getGlobalTimestamp.do?os=99&sid=DDFFB4A8903046B2B2A2C20195472FFA
11:15:40.589 log.ts:179 [debug 11:15:40 ] 拦截到HTTP请求: /learn/app/clientapi/course/play/queryStatus.do?courseWareId=1708932724584&courseId=N003284&bizType=0&bizId=&sid=DDFFB4A8903046B2B2A2C20195472FFA&os=99
11:15:40.791 utils.ts:137 unknown seeking事件触发 Event {isTrusted: true, type: 'seeking', target: video#course-video_html5_api.vjs-tech, currentTarget: video#course-video_html5_api.vjs-tech, eventPhase: 2, …}
11:15:40.792 log.ts:179 [debug 11:15:40 ] [视频事件] Video paused, attempting to resume...
11:15:40.810 log.ts:179 [debug 11:15:40 ] 拦截到HTTP请求: /learn/app/clientapi/course/bigdata/courseLearnTime.do?os=99&sid=DDFFB4A8903046B2B2A2C20195472FFA
11:15:41.029 utils.ts:137 unknown seeked事件触发 Event {isTrusted: true, type: 'seeked', target: video#course-video_html5_api.vjs-tech, currentTarget: video#course-video_html5_api.vjs-tech, eventPhase: 2, …}
11:15:41.596 log.ts:179 [debug 11:15:41 ] [播放速率] 设置播放速率为 1x
11:15:41.596 log.ts:179 [debug 11:15:41 ] [静音设置] 设置静音状态为 true
11:15:41.596 log.ts:179 [debug 11:15:41 ] [点击播放] 找到播放按钮，点击播放 button.vjs-big-play-button
11:15:41.600 log.ts:179 [debug 11:15:41 ] [静音设置] 设置静音状态为 true
11:15:41.600 log.ts:179 [debug 11:15:41 ] [播放速率] 设置播放速率为 1x
11:15:41.600 log.ts:179 [debug 11:15:41 ] [视频事件] Video playing, applying settings...
11:15:41.603 log.ts:179 [debug 11:15:41 ] 拦截到HTTP请求: /learn/app/clientapi/course/play/queryStatus.do?courseWareId=1708932724584&courseId=N003284&bizType=0&bizId=&sid=DDFFB4A8903046B2B2A2C20195472FFA&os=99
11:15:41.843 utils.ts:137 unknown seeking事件触发 Event {isTrusted: true, type: 'seeking', target: video#course-video_html5_api.vjs-tech, currentTarget: video#course-video_html5_api.vjs-tech, eventPhase: 2, …}
11:15:41.845 log.ts:179 [debug 11:15:41 ] [视频事件] Video paused, attempting to resume...
11:15:41.849 log.ts:179 [debug 11:15:41 ] 拦截到HTTP请求: /learn/app/clientapi/course/bigdata/courseLearnTime.do?os=99&sid=DDFFB4A8903046B2B2A2C20195472FFA
11:15:42.123 utils.ts:137 unknown seeked事件触发 Event {isTrusted: true, type: 'seeked', target: video#course-video_html5_api.vjs-tech, currentTarget: video#course-video_html5_api.vjs-tech, eventPhase: 2, …}
11:15:42.593 log.ts:179 [debug 11:15:42 ] [播放速率] 设置播放速率为 1x
11:15:42.594 log.ts:179 [debug 11:15:42 ] [静音设置] 设置静音状态为 true
11:15:42.594 log.ts:179 [debug 11:15:42 ] [点击播放] 找到播放按钮，点击播放 button.vjs-big-play-button
11:15:42.596 log.ts:179 [debug 11:15:42 ] [静音设置] 设置静音状态为 true
11:15:42.597 log.ts:179 [debug 11:15:42 ] [播放速率] 设置播放速率为 1x
11:15:42.597 log.ts:179 [debug 11:15:42 ] [视频事件] Video playing, applying settings...
11:15:42.601 log.ts:179 [debug 11:15:42 ] 拦截到HTTP请求: /learn/app/getGlobalTimestamp.do?os=99&sid=DDFFB4A8903046B2B2A2C20195472FFA
11:15:42.602 log.ts:179 [debug 11:15:42 ] 拦截到HTTP请求: /learn/app/clientapi/course/play/queryStatus.do?courseWareId=1708932724584&courseId=N003284&bizType=0&bizId=&sid=DDFFB4A8903046B2B2A2C20195472FFA&os=99
11:15:42.754 utils.ts:137 unknown seeking事件触发 Event {isTrusted: true, type: 'seeking', target: video#course-video_html5_api.vjs-tech, currentTarget: video#course-video_html5_api.vjs-tech, eventPhase: 2, …}
11:15:42.756 log.ts:179 [debug 11:15:42 ] [视频事件] Video paused, attempting to resume...
11:15:42.832 log.ts:179 [debug 11:15:42 ] 拦截到HTTP请求: /learn/app/clientapi/course/bigdata/courseLearnTime.do?os=99&sid=DDFFB4A8903046B2B2A2C20195472FFA
11:15:43.005 utils.ts:137 unknown seeked事件触发 Event {isTrusted: true, type: 'seeked', target: video#course-video_html5_api.vjs-tech, currentTarget: video#course-video_html5_api.vjs-tech, eventPhase: 2, …}
11:15:43.588 log.ts:179 [debug 11:15:43 ] [播放速率] 设置播放速率为 1x
11:15:43.588 log.ts:179 [debug 11:15:43 ] [静音设置] 设置静音状态为 true
11:15:43.588 log.ts:179 [debug 11:15:43 ] [点击播放] 找到播放按钮，点击播放 button.vjs-big-play-button
11:15:43.590 log.ts:179 [debug 11:15:43 ] [静音设置] 设置静音状态为 true
11:15:43.590 log.ts:179 [debug 11:15:43 ] [播放速率] 设置播放速率为 1x
11:15:43.590 log.ts:179 [debug 11:15:43 ] [视频事件] Video playing, applying settings...
11:15:43.593 log.ts:179 [debug 11:15:43 ] 拦截到HTTP请求: /learn/app/clientapi/course/play/queryStatus.do?courseWareId=1708932724584&courseId=N003284&bizType=0&bizId=&sid=DDFFB4A8903046B2B2A2C20195472FFA&os=99
11:15:43.746 utils.ts:137 unknown seeking事件触发 Event {isTrusted: true, type: 'seeking', target: video#course-video_html5_api.vjs-tech, currentTarget: video#course-video_html5_api.vjs-tech, eventPhase: 2, …}
11:15:43.748 log.ts:179 [debug 11:15:43 ] [视频事件] Video paused, attempting to resume...
11:15:43.752 log.ts:179 [debug 11:15:43 ] 拦截到HTTP请求: /learn/app/clientapi/course/bigdata/courseLearnTime.do?os=99&sid=DDFFB4A8903046B2B2A2C20195472FFA
11:15:43.986 utils.ts:137 unknown seeked事件触发 Event {isTrusted: true, type: 'seeked', target: video#course-video_html5_api.vjs-tech, currentTarget: video#course-video_html5_api.vjs-tech, eventPhase: 2, …}
11:15:44.585 log.ts:179 [debug 11:15:44 ] [播放速率] 设置播放速率为 1x
11:15:44.585 log.ts:179 [debug 11:15:44 ] [静音设置] 设置静音状态为 true
11:15:44.586 log.ts:179 [debug 11:15:44 ] [点击播放] 找到播放按钮，点击播放 button.vjs-big-play-button
11:15:44.587 log.ts:179 [debug 11:15:44 ] [静音设置] 设置静音状态为 true
11:15:44.587 log.ts:179 [debug 11:15:44 ] [播放速率] 设置播放速率为 1x
11:15:44.587 log.ts:179 [debug 11:15:44 ] [视频事件] Video playing, applying settings...
11:15:44.591 log.ts:179 [debug 11:15:44 ] 拦截到HTTP请求: /learn/app/getGlobalTimestamp.do?os=99&sid=DDFFB4A8903046B2B2A2C20195472FFA
11:15:44.592 log.ts:179 [debug 11:15:44 ] 拦截到HTTP请求: /learn/app/clientapi/course/play/queryStatus.do?courseWareId=1708932724584&courseId=N003284&bizType=0&bizId=&sid=DDFFB4A8903046B2B2A2C20195472FFA&os=99
11:15:44.783 utils.ts:137 unknown seeking事件触发 Event {isTrusted: true, type: 'seeking', target: video#course-video_html5_api.vjs-tech, currentTarget: video#course-video_html5_api.vjs-tech, eventPhase: 2, …}
11:15:44.785 log.ts:179 [debug 11:15:44 ] [视频事件] Video paused, attempting to resume...
11:15:44.822 log.ts:179 [debug 11:15:44 ] 拦截到HTTP请求: /learn/app/clientapi/course/bigdata/courseLearnTime.do?os=99&sid=DDFFB4A8903046B2B2A2C20195472FFA
11:15:45.039 utils.ts:137 unknown seeked事件触发 Event {isTrusted: true, type: 'seeked', target: video#course-video_html5_api.vjs-tech, currentTarget: video#course-video_html5_api.vjs-tech, eventPhase: 2, …}
11:15:45.580 log.ts:179 [debug 11:15:45 ] [播放速率] 设置播放速率为 1x
11:15:45.580 log.ts:179 [debug 11:15:45 ] [静音设置] 设置静音状态为 true
11:15:45.580 log.ts:179 [debug 11:15:45 ] [点击播放] 找到播放按钮，点击播放 button.vjs-big-play-button
11:15:45.585 log.ts:179 [debug 11:15:45 ] [静音设置] 设置静音状态为 true
11:15:45.585 log.ts:179 [debug 11:15:45 ] [播放速率] 设置播放速率为 1x
11:15:45.586 log.ts:179 [debug 11:15:45 ] [视频事件] Video playing, applying settings...
11:15:45.588 log.ts:179 [debug 11:15:45 ] 拦截到HTTP请求: /learn/app/clientapi/course/play/queryStatus.do?courseWareId=1708932724584&courseId=N003284&bizType=0&bizId=&sid=DDFFB4A8903046B2B2A2C20195472FFA&os=99
11:15:45.825 utils.ts:137 unknown seeking事件触发 Event {isTrusted: true, type: 'seeking', target: video#course-video_html5_api.vjs-tech, currentTarget: video#course-video_html5_api.vjs-tech, eventPhase: 2, …}
11:15:45.826 log.ts:179 [debug 11:15:45 ] [视频事件] Video paused, attempting to resume...
11:15:45.833 log.ts:179 [debug 11:15:45 ] 拦截到HTTP请求: /learn/app/clientapi/course/bigdata/courseLearnTime.do?os=99&sid=DDFFB4A8903046B2B2A2C20195472FFA
11:15:46.076 utils.ts:137 unknown seeked事件触发 Event {isTrusted: true, type: 'seeked', target: video#course-video_html5_api.vjs-tech, currentTarget: video#course-video_html5_api.vjs-tech, eventPhase: 2, …}
11:15:46.586 log.ts:179 [debug 11:15:46 ] [播放速率] 设置播放速率为 1x
11:15:46.586 log.ts:179 [debug 11:15:46 ] [静音设置] 设置静音状态为 true
11:15:46.586 log.ts:179 [debug 11:15:46 ] [点击播放] 找到播放按钮，点击播放 button.vjs-big-play-button
11:15:46.588 log.ts:179 [debug 11:15:46 ] [静音设置] 设置静音状态为 true
11:15:46.589 log.ts:179 [debug 11:15:46 ] [播放速率] 设置播放速率为 1x
11:15:46.589 log.ts:179 [debug 11:15:46 ] [视频事件] Video playing, applying settings...
11:15:46.592 log.ts:179 [debug 11:15:46 ] 拦截到HTTP请求: /learn/app/getGlobalTimestamp.do?os=99&sid=DDFFB4A8903046B2B2A2C20195472FFA
11:15:46.593 log.ts:179 [debug 11:15:46 ] 拦截到HTTP请求: /learn/app/clientapi/course/play/queryStatus.do?courseWareId=1708932724584&courseId=N003284&bizType=0&bizId=&sid=DDFFB4A8903046B2B2A2C20195472FFA&os=99
11:15:46.770 utils.ts:137 unknown seeking事件触发 Event {isTrusted: true, type: 'seeking', target: video#course-video_html5_api.vjs-tech, currentTarget: video#course-video_html5_api.vjs-tech, eventPhase: 2, …}
11:15:46.772 log.ts:179 [debug 11:15:46 ] [视频事件] Video paused, attempting to resume...
11:15:46.828 log.ts:179 [debug 11:15:46 ] 拦截到HTTP请求: /learn/app/clientapi/course/bigdata/courseLearnTime.do?os=99&sid=DDFFB4A8903046B2B2A2C20195472FFA
11:15:47.011 utils.ts:137 unknown seeked事件触发 Event {isTrusted: true, type: 'seeked', target: video#course-video_html5_api.vjs-tech, currentTarget: video#course-video_html5_api.vjs-tech, eventPhase: 2, …}
11:15:47.574 log.ts:179 [debug 11:15:47 ] [播放速率] 设置播放速率为 1x
11:15:47.574 log.ts:179 [debug 11:15:47 ] [静音设置] 设置静音状态为 true
11:15:47.575 log.ts:179 [debug 11:15:47 ] [点击播放] 找到播放按钮，点击播放 button.vjs-big-play-button
11:15:47.577 log.ts:179 [debug 11:15:47 ] [静音设置] 设置静音状态为 true
11:15:47.577 log.ts:179 [debug 11:15:47 ] [播放速率] 设置播放速率为 1x
11:15:47.577 log.ts:179 [debug 11:15:47 ] [视频事件] Video playing, applying settings...
11:15:47.579 log.ts:179 [debug 11:15:47 ] 拦截到HTTP请求: /learn/app/clientapi/course/play/queryStatus.do?courseWareId=1708932724584&courseId=N003284&bizType=0&bizId=&sid=DDFFB4A8903046B2B2A2C20195472FFA&os=99
11:15:47.728 utils.ts:137 unknown seeking事件触发 Event {isTrusted: true, type: 'seeking', target: video#course-video_html5_api.vjs-tech, currentTarget: video#course-video_html5_api.vjs-tech, eventPhase: 2, …}
11:15:47.731 log.ts:179 [debug 11:15:47 ] [视频事件] Video paused, attempting to resume...
11:15:47.735 log.ts:179 [debug 11:15:47 ] 拦截到HTTP请求: /learn/app/clientapi/course/bigdata/courseLearnTime.do?os=99&sid=DDFFB4A8903046B2B2A2C20195472FFA
11:15:47.971 utils.ts:137 unknown seeked事件触发 Event {isTrusted: true, type: 'seeked', target: video#course-video_html5_api.vjs-tech, currentTarget: video#course-video_html5_api.vjs-tech, eventPhase: 2, …}
11:15:48.586 log.ts:179 [debug 11:15:48 ] [播放速率] 设置播放速率为 1x
11:15:48.586 log.ts:179 [debug 11:15:48 ] [静音设置] 设置静音状态为 true
11:15:48.586 log.ts:179 [debug 11:15:48 ] [点击播放] 找到播放按钮，点击播放 button.vjs-big-play-button
11:15:48.589 log.ts:179 [debug 11:15:48 ] [静音设置] 设置静音状态为 true
11:15:48.589 log.ts:179 [debug 11:15:48 ] [播放速率] 设置播放速率为 1x
11:15:48.589 log.ts:179 [debug 11:15:48 ] [视频事件] Video playing, applying settings...
11:15:48.592 log.ts:179 [debug 11:15:48 ] 拦截到HTTP请求: /learn/app/getGlobalTimestamp.do?os=99&sid=DDFFB4A8903046B2B2A2C20195472FFA
11:15:48.593 log.ts:179 [debug 11:15:48 ] 拦截到HTTP请求: /learn/app/clientapi/course/play/queryStatus.do?courseWareId=1708932724584&courseId=N003284&bizType=0&bizId=&sid=DDFFB4A8903046B2B2A2C20195472FFA&os=99
11:15:48.794 utils.ts:137 unknown seeking事件触发 Event {isTrusted: true, type: 'seeking', target: video#course-video_html5_api.vjs-tech, currentTarget: video#course-video_html5_api.vjs-tech, eventPhase: 2, …}
11:15:48.796 log.ts:179 [debug 11:15:48 ] [视频事件] Video paused, attempting to resume...
11:15:48.827 log.ts:179 [debug 11:15:48 ] 拦截到HTTP请求: /learn/app/clientapi/course/bigdata/courseLearnTime.do?os=99&sid=DDFFB4A8903046B2B2A2C20195472FFA
11:15:49.034 utils.ts:137 unknown seeked事件触发 Event {isTrusted: true, type: 'seeked', target: video#course-video_html5_api.vjs-tech, currentTarget: video#course-video_html5_api.vjs-tech, eventPhase: 2, …}
11:15:49.582 log.ts:179 [debug 11:15:49 ] [播放速率] 设置播放速率为 1x
11:15:49.582 log.ts:179 [debug 11:15:49 ] [静音设置] 设置静音状态为 true
11:15:49.582 log.ts:179 [debug 11:15:49 ] [点击播放] 找到播放按钮，点击播放 button.vjs-big-play-button
11:15:49.585 log.ts:179 [debug 11:15:49 ] [静音设置] 设置静音状态为 true
11:15:49.585 log.ts:179 [debug 11:15:49 ] [播放速率] 设置播放速率为 1x
11:15:49.585 log.ts:179 [debug 11:15:49 ] [视频事件] Video playing, applying settings...
11:15:49.588 log.ts:179 [debug 11:15:49 ] 拦截到HTTP请求: /learn/app/clientapi/course/play/queryStatus.do?courseWareId=1708932724584&courseId=N003284&bizType=0&bizId=&sid=DDFFB4A8903046B2B2A2C20195472FFA&os=99
11:15:49.823 utils.ts:137 unknown seeking事件触发 Event {isTrusted: true, type: 'seeking', target: video#course-video_html5_api.vjs-tech, currentTarget: video#course-video_html5_api.vjs-tech, eventPhase: 2, …}
11:15:49.825 log.ts:179 [debug 11:15:49 ] [视频事件] Video paused, attempting to resume...
11:15:49.829 log.ts:179 [debug 11:15:49 ] 拦截到HTTP请求: /learn/app/clientapi/course/bigdata/courseLearnTime.do?os=99&sid=DDFFB4A8903046B2B2A2C20195472FFA
11:15:50.070 utils.ts:137 unknown seeked事件触发 Event {isTrusted: true, type: 'seeked', target: video#course-video_html5_api.vjs-tech, currentTarget: video#course-video_html5_api.vjs-tech, eventPhase: 2, …}
11:15:50.587 log.ts:179 [debug 11:15:50 ] [播放速率] 设置播放速率为 1x
11:15:50.587 log.ts:179 [debug 11:15:50 ] [静音设置] 设置静音状态为 true
11:15:50.587 log.ts:179 [debug 11:15:50 ] [点击播放] 找到播放按钮，点击播放 button.vjs-big-play-button
11:15:50.589 log.ts:179 [debug 11:15:50 ] [静音设置] 设置静音状态为 true
11:15:50.589 log.ts:179 [debug 11:15:50 ] [播放速率] 设置播放速率为 1x
11:15:50.590 log.ts:179 [debug 11:15:50 ] [视频事件] Video playing, applying settings...
11:15:50.594 log.ts:179 [debug 11:15:50 ] 拦截到HTTP请求: /learn/app/getGlobalTimestamp.do?os=99&sid=DDFFB4A8903046B2B2A2C20195472FFA
11:15:50.598 log.ts:179 [debug 11:15:50 ] 拦截到HTTP请求: /learn/app/clientapi/course/play/queryStatus.do?courseWareId=1708932724584&courseId=N003284&bizType=0&bizId=&sid=DDFFB4A8903046B2B2A2C20195472FFA&os=99
11:15:50.763 utils.ts:137 unknown seeking事件触发 Event {isTrusted: true, type: 'seeking', target: video#course-video_html5_api.vjs-tech, currentTarget: video#course-video_html5_api.vjs-tech, eventPhase: 2, …}
11:15:50.766 log.ts:179 [debug 11:15:50 ] [视频事件] Video paused, attempting to resume...
11:15:50.843 log.ts:179 [debug 11:15:50 ] 拦截到HTTP请求: /learn/app/clientapi/course/bigdata/courseLearnTime.do?os=99&sid=DDFFB4A8903046B2B2A2C20195472FFA
11:15:51.006 utils.ts:137 unknown seeked事件触发 Event {isTrusted: true, type: 'seeked', target: video#course-video_html5_api.vjs-tech, currentTarget: video#course-video_html5_api.vjs-tech, eventPhase: 2, …}
11:15:51.581 log.ts:179 [debug 11:15:51 ] [播放速率] 设置播放速率为 1x
11:15:51.581 log.ts:179 [debug 11:15:51 ] [静音设置] 设置静音状态为 true
11:15:51.581 log.ts:179 [debug 11:15:51 ] [点击播放] 找到播放按钮，点击播放 button.vjs-big-play-button
11:15:51.600 log.ts:179 [debug 11:15:51 ] [静音设置] 设置静音状态为 true
11:15:51.600 log.ts:179 [debug 11:15:51 ] [播放速率] 设置播放速率为 1x
11:15:51.600 log.ts:179 [debug 11:15:51 ] [视频事件] Video playing, applying settings...
11:15:51.604 log.ts:179 [debug 11:15:51 ] 拦截到HTTP请求: /learn/app/clientapi/course/play/queryStatus.do?courseWareId=1708932724584&courseId=N003284&bizType=0&bizId=&sid=DDFFB4A8903046B2B2A2C20195472FFA&os=99
11:15:51.847 utils.ts:137 unknown seeking事件触发 Event {isTrusted: true, type: 'seeking', target: video#course-video_html5_api.vjs-tech, currentTarget: video#course-video_html5_api.vjs-tech, eventPhase: 2, …}
11:15:51.850 log.ts:179 [debug 11:15:51 ] [视频事件] Video paused, attempting to resume...
11:15:51.858 log.ts:179 [debug 11:15:51 ] 拦截到HTTP请求: /learn/app/clientapi/course/bigdata/courseLearnTime.do?os=99&sid=DDFFB4A8903046B2B2A2C20195472FFA
11:15:52.091 utils.ts:137 unknown seeked事件触发 Event {isTrusted: true, type: 'seeked', target: video#course-video_html5_api.vjs-tech, currentTarget: video#course-video_html5_api.vjs-tech, eventPhase: 2, …}
11:15:52.582 log.ts:179 [debug 11:15:52 ] [播放速率] 设置播放速率为 1x
11:15:52.582 log.ts:179 [debug 11:15:52 ] [静音设置] 设置静音状态为 true
11:15:52.582 log.ts:179 [debug 11:15:52 ] [点击播放] 找到播放按钮，点击播放 button.vjs-big-play-button
11:15:52.586 log.ts:179 [debug 11:15:52 ] [静音设置] 设置静音状态为 true
11:15:52.587 log.ts:179 [debug 11:15:52 ] [播放速率] 设置播放速率为 1x
11:15:52.587 log.ts:179 [debug 11:15:52 ] [视频事件] Video playing, applying settings...
11:15:52.590 log.ts:179 [debug 11:15:52 ] 拦截到HTTP请求: /learn/app/getGlobalTimestamp.do?os=99&sid=DDFFB4A8903046B2B2A2C20195472FFA
11:15:52.591 log.ts:179 [debug 11:15:52 ] 拦截到HTTP请求: /learn/app/clientapi/course/play/queryStatus.do?courseWareId=1708932724584&courseId=N003284&bizType=0&bizId=&sid=DDFFB4A8903046B2B2A2C20195472FFA&os=99
11:15:52.747 utils.ts:137 unknown seeking事件触发 Event {isTrusted: true, type: 'seeking', target: video#course-video_html5_api.vjs-tech, currentTarget: video#course-video_html5_api.vjs-tech, eventPhase: 2, …}
11:15:52.749 log.ts:179 [debug 11:15:52 ] [视频事件] Video paused, attempting to resume...
11:15:52.812 log.ts:179 [debug 11:15:52 ] 拦截到HTTP请求: /learn/app/clientapi/course/bigdata/courseLearnTime.do?os=99&sid=DDFFB4A8903046B2B2A2C20195472FFA
11:15:52.989 utils.ts:137 unknown seeked事件触发 Event {isTrusted: true, type: 'seeked', target: video#course-video_html5_api.vjs-tech, currentTarget: video#course-video_html5_api.vjs-tech, eventPhase: 2, …}
11:15:53.583 log.ts:179 [debug 11:15:53 ] [播放速率] 设置播放速率为 1x
11:15:53.584 log.ts:179 [debug 11:15:53 ] [静音设置] 设置静音状态为 true
11:15:53.584 log.ts:179 [debug 11:15:53 ] [点击播放] 找到播放按钮，点击播放 button.vjs-big-play-button
11:15:53.585 log.ts:179 [debug 11:15:53 ] [静音设置] 设置静音状态为 true
11:15:53.585 log.ts:179 [debug 11:15:53 ] [播放速率] 设置播放速率为 1x
11:15:53.586 log.ts:179 [debug 11:15:53 ] [视频事件] Video playing, applying settings...
11:15:53.596 log.ts:179 [debug 11:15:53 ] 拦截到HTTP请求: /learn/app/clientapi/course/play/queryStatus.do?courseWareId=1708932724584&courseId=N003284&bizType=0&bizId=&sid=DDFFB4A8903046B2B2A2C20195472FFA&os=99
11:15:53.755 utils.ts:137 unknown seeking事件触发 Event {isTrusted: true, type: 'seeking', target: video#course-video_html5_api.vjs-tech, currentTarget: video#course-video_html5_api.vjs-tech, eventPhase: 2, …}
11:15:53.756 log.ts:179 [debug 11:15:53 ] [视频事件] Video paused, attempting to resume...
11:15:53.759 log.ts:179 [debug 11:15:53 ] 拦截到HTTP请求: /learn/app/clientapi/course/bigdata/courseLearnTime.do?os=99&sid=DDFFB4A8903046B2B2A2C20195472FFA
11:15:53.998 utils.ts:137 unknown seeked事件触发 Event {isTrusted: true, type: 'seeked', target: video#course-video_html5_api.vjs-tech, currentTarget: video#course-video_html5_api.vjs-tech, eventPhase: 2, …}
11:15:54.591 log.ts:179 [debug 11:15:54 ] [播放速率] 设置播放速率为 1x
11:15:54.591 log.ts:179 [debug 11:15:54 ] [静音设置] 设置静音状态为 true
11:15:54.591 log.ts:179 [debug 11:15:54 ] [点击播放] 找到播放按钮，点击播放 button.vjs-big-play-button
11:15:54.598 log.ts:179 [debug 11:15:54 ] [静音设置] 设置静音状态为 true
11:15:54.599 log.ts:179 [debug 11:15:54 ] [播放速率] 设置播放速率为 1x
11:15:54.599 log.ts:179 [debug 11:15:54 ] [视频事件] Video playing, applying settings...
11:15:54.611 log.ts:179 [debug 11:15:54 ] 拦截到HTTP请求: /learn/app/getGlobalTimestamp.do?os=99&sid=DDFFB4A8903046B2B2A2C20195472FFA
11:15:54.624 log.ts:179 [debug 11:15:54 ] 拦截到HTTP请求: /learn/app/clientapi/course/play/queryStatus.do?courseWareId=1708932724584&courseId=N003284&bizType=0&bizId=&sid=DDFFB4A8903046B2B2A2C20195472FFA&os=99
11:15:54.771 log.ts:179 [debug 11:15:54 ] 拦截到HTTP请求: /learn/app/clientapi/course/bigdata/courseLearnTime.do?os=99&sid=DDFFB4A8903046B2B2A2C20195472FFA
11:15:54.798 utils.ts:137 unknown seeking事件触发 Event {isTrusted: true, type: 'seeking', target: video#course-video_html5_api.vjs-tech, currentTarget: video#course-video_html5_api.vjs-tech, eventPhase: 2, …}
11:15:54.800 log.ts:179 [debug 11:15:54 ] [视频事件] Video paused, attempting to resume...
11:15:54.805 log.ts:179 [debug 11:15:54 ] 拦截到HTTP请求: /learn/app/clientapi/course/bigdata/courseLearnTime.do?os=99&sid=DDFFB4A8903046B2B2A2C20195472FFA
11:15:54.809 (索引):1  Uncaught (in promise) t {message: undefined}
Promise.then
(匿名) @ 8222.6209a852.chunk.js:1
u @ 9561.4bf2dc71.js:2
(匿名) @ 9561.4bf2dc71.js:2
(匿名) @ 9561.4bf2dc71.js:2
r @ 9561.4bf2dc71.js:2
s @ 9561.4bf2dc71.js:2
Promise.then
r @ 9561.4bf2dc71.js:2
s @ 9561.4bf2dc71.js:2
(匿名) @ 9561.4bf2dc71.js:2
(匿名) @ 9561.4bf2dc71.js:2
(匿名) @ 8222.6209a852.chunk.js:1
u @ 9561.4bf2dc71.js:2
(匿名) @ 9561.4bf2dc71.js:2
(匿名) @ 9561.4bf2dc71.js:2
r @ 9561.4bf2dc71.js:2
s @ 9561.4bf2dc71.js:2
(匿名) @ 9561.4bf2dc71.js:2
(匿名) @ 9561.4bf2dc71.js:2
m @ 9561.4bf2dc71.js:2
w @ 9561.4bf2dc71.js:2
(匿名) @ 9561.4bf2dc71.js:2
E @ 9561.4bf2dc71.js:2
C @ 9561.4bf2dc71.js:2
S @ 9561.4bf2dc71.js:2
D @ 9561.4bf2dc71.js:2
kn @ 9561.4bf2dc71.js:2
le @ 9561.4bf2dc71.js:2
Dn @ 9561.4bf2dc71.js:2
zn @ 9561.4bf2dc71.js:2
An @ 9561.4bf2dc71.js:2
t.unstable_runWithPriority @ 9561.4bf2dc71.js:2
qo @ 9561.4bf2dc71.js:2
se @ 9561.4bf2dc71.js:2
Tn @ 9561.4bf2dc71.js:2
play
(匿名) @ 8222.6209a852.chunk.js:1
clickPlayButton @ video.ts:147
eval @ video.ts:177
setTimeout
eval @ video.ts:175
11:15:55.037 utils.ts:137 unknown seeked事件触发 Event {isTrusted: true, type: 'seeked', target: video#course-video_html5_api.vjs-tech, currentTarget: video#course-video_html5_api.vjs-tech, eventPhase: 2, …}
11:15:55.586 log.ts:179 [debug 11:15:55 ] [播放速率] 设置播放速率为 1x
11:15:55.587 log.ts:179 [debug 11:15:55 ] [静音设置] 设置静音状态为 true
11:15:55.587 log.ts:179 [debug 11:15:55 ] [点击播放] 找到播放按钮，点击播放 button.vjs-big-play-button
11:15:55.589 log.ts:179 [debug 11:15:55 ] [静音设置] 设置静音状态为 true
11:15:55.589 log.ts:179 [debug 11:15:55 ] [播放速率] 设置播放速率为 1x
11:15:55.590 log.ts:179 [debug 11:15:55 ] [视频事件] Video playing, applying settings...
11:15:55.594 log.ts:179 [debug 11:15:55 ] 拦截到HTTP请求: /learn/app/getGlobalTimestamp.do?os=99&sid=DDFFB4A8903046B2B2A2C20195472FFA
11:15:55.595 log.ts:179 [debug 11:15:55 ] 拦截到HTTP请求: /learn/app/clientapi/course/play/queryStatus.do?courseWareId=1708932724584&courseId=N003284&bizType=0&bizId=&sid=DDFFB4A8903046B2B2A2C20195472FFA&os=99
11:15:55.749 log.ts:179 [debug 11:15:55 ] 拦截到HTTP请求: /learn/app/clientapi/course/bigdata/courseLearnTime.do?os=99&sid=DDFFB4A8903046B2B2A2C20195472FFA
11:15:55.817 utils.ts:137 unknown seeking事件触发 Event {isTrusted: true, type: 'seeking', target: video#course-video_html5_api.vjs-tech, currentTarget: video#course-video_html5_api.vjs-tech, eventPhase: 2, …}
11:15:55.822 log.ts:179 [debug 11:15:55 ] [视频事件] Video paused, attempting to resume...
11:15:55.828 log.ts:179 [debug 11:15:55 ] 拦截到HTTP请求: /learn/app/clientapi/course/bigdata/courseLearnTime.do?os=99&sid=DDFFB4A8903046B2B2A2C20195472FFA
11:15:55.834 (索引):1  Uncaught (in promise) t {message: undefined}
Promise.then
(匿名) @ 8222.6209a852.chunk.js:1
u @ 9561.4bf2dc71.js:2
(匿名) @ 9561.4bf2dc71.js:2
(匿名) @ 9561.4bf2dc71.js:2
r @ 9561.4bf2dc71.js:2
s @ 9561.4bf2dc71.js:2
Promise.then
r @ 9561.4bf2dc71.js:2
s @ 9561.4bf2dc71.js:2
(匿名) @ 9561.4bf2dc71.js:2
(匿名) @ 9561.4bf2dc71.js:2
(匿名) @ 8222.6209a852.chunk.js:1
u @ 9561.4bf2dc71.js:2
(匿名) @ 9561.4bf2dc71.js:2
(匿名) @ 9561.4bf2dc71.js:2
r @ 9561.4bf2dc71.js:2
s @ 9561.4bf2dc71.js:2
(匿名) @ 9561.4bf2dc71.js:2
(匿名) @ 9561.4bf2dc71.js:2
m @ 9561.4bf2dc71.js:2
w @ 9561.4bf2dc71.js:2
(匿名) @ 9561.4bf2dc71.js:2
E @ 9561.4bf2dc71.js:2
C @ 9561.4bf2dc71.js:2
S @ 9561.4bf2dc71.js:2
D @ 9561.4bf2dc71.js:2
kn @ 9561.4bf2dc71.js:2
le @ 9561.4bf2dc71.js:2
Dn @ 9561.4bf2dc71.js:2
zn @ 9561.4bf2dc71.js:2
An @ 9561.4bf2dc71.js:2
t.unstable_runWithPriority @ 9561.4bf2dc71.js:2
qo @ 9561.4bf2dc71.js:2
se @ 9561.4bf2dc71.js:2
Tn @ 9561.4bf2dc71.js:2
play
(匿名) @ 8222.6209a852.chunk.js:1
clickPlayButton @ video.ts:147
eval @ video.ts:177
setTimeout
eval @ video.ts:175
11:15:56.073 utils.ts:137 unknown seeked事件触发 Event {isTrusted: true, type: 'seeked', target: video#course-video_html5_api.vjs-tech, currentTarget: video#course-video_html5_api.vjs-tech, eventPhase: 2, …}
11:15:56.586 log.ts:179 [debug 11:15:56 ] [播放速率] 设置播放速率为 1x
11:15:56.586 log.ts:179 [debug 11:15:56 ] [静音设置] 设置静音状态为 true
11:15:56.586 log.ts:179 [debug 11:15:56 ] [点击播放] 找到播放按钮，点击播放 button.vjs-big-play-button
11:15:56.588 log.ts:179 [debug 11:15:56 ] [静音设置] 设置静音状态为 true
11:15:56.588 log.ts:179 [debug 11:15:56 ] [播放速率] 设置播放速率为 1x
11:15:56.588 log.ts:179 [debug 11:15:56 ] [视频事件] Video playing, applying settings...
11:15:56.601 log.ts:179 [debug 11:15:56 ] 拦截到HTTP请求: /learn/app/getGlobalTimestamp.do?os=99&sid=DDFFB4A8903046B2B2A2C20195472FFA
11:15:56.603 log.ts:179 [debug 11:15:56 ] 拦截到HTTP请求: /learn/app/clientapi/course/play/queryStatus.do?courseWareId=1708932724584&courseId=N003284&bizType=0&bizId=&sid=DDFFB4A8903046B2B2A2C20195472FFA&os=99
11:15:56.807 utils.ts:137 unknown seeking事件触发 Event {isTrusted: true, type: 'seeking', target: video#course-video_html5_api.vjs-tech, currentTarget: video#course-video_html5_api.vjs-tech, eventPhase: 2, …}
11:15:56.814 log.ts:179 [debug 11:15:56 ] [视频事件] Video paused, attempting to resume...
11:15:56.846 log.ts:179 [debug 11:15:56 ] 拦截到HTTP请求: /learn/app/clientapi/course/bigdata/courseLearnTime.do?os=99&sid=DDFFB4A8903046B2B2A2C20195472FFA
11:15:57.056 utils.ts:137 unknown seeked事件触发 Event {isTrusted: true, type: 'seeked', target: video#course-video_html5_api.vjs-tech, currentTarget: video#course-video_html5_api.vjs-tech, eventPhase: 2, …}
11:15:57.591 log.ts:179 [debug 11:15:57 ] [播放速率] 设置播放速率为 1x
11:15:57.592 log.ts:179 [debug 11:15:57 ] [静音设置] 设置静音状态为 true
11:15:57.592 log.ts:179 [debug 11:15:57 ] [点击播放] 找到播放按钮，点击播放 button.vjs-big-play-button
11:15:57.594 log.ts:179 [debug 11:15:57 ] [静音设置] 设置静音状态为 true
11:15:57.594 log.ts:179 [debug 11:15:57 ] [播放速率] 设置播放速率为 1x
11:15:57.594 log.ts:179 [debug 11:15:57 ] [视频事件] Video playing, applying settings...
11:15:57.598 log.ts:179 [debug 11:15:57 ] 拦截到HTTP请求: /learn/app/clientapi/course/play/queryStatus.do?courseWareId=1708932724584&courseId=N003284&bizType=0&bizId=&sid=DDFFB4A8903046B2B2A2C20195472FFA&os=99
11:15:57.875 utils.ts:137 unknown seeking事件触发 Event {isTrusted: true, type: 'seeking', target: video#course-video_html5_api.vjs-tech, currentTarget: video#course-video_html5_api.vjs-tech, eventPhase: 2, …}
11:15:57.876 log.ts:179 [debug 11:15:57 ] [视频事件] Video paused, attempting to resume...
11:15:57.880 log.ts:179 [debug 11:15:57 ] 拦截到HTTP请求: /learn/app/clientapi/course/bigdata/courseLearnTime.do?os=99&sid=DDFFB4A8903046B2B2A2C20195472FFA
11:15:58.122 utils.ts:137 unknown seeked事件触发 Event {isTrusted: true, type: 'seeked', target: video#course-video_html5_api.vjs-tech, currentTarget: video#course-video_html5_api.vjs-tech, eventPhase: 2, …}
11:15:58.589 log.ts:179 [debug 11:15:58 ] [播放速率] 设置播放速率为 1x
11:15:58.589 log.ts:179 [debug 11:15:58 ] [静音设置] 设置静音状态为 true
11:15:58.589 log.ts:179 [debug 11:15:58 ] [点击播放] 找到播放按钮，点击播放 button.vjs-big-play-button
11:15:58.592 log.ts:179 [debug 11:15:58 ] [静音设置] 设置静音状态为 true
11:15:58.592 log.ts:179 [debug 11:15:58 ] [播放速率] 设置播放速率为 1x
11:15:58.593 log.ts:179 [debug 11:15:58 ] [视频事件] Video playing, applying settings...
11:15:58.597 log.ts:179 [debug 11:15:58 ] 拦截到HTTP请求: /learn/app/getGlobalTimestamp.do?os=99&sid=DDFFB4A8903046B2B2A2C20195472FFA
11:15:58.598 log.ts:179 [debug 11:15:58 ] 拦截到HTTP请求: /learn/app/clientapi/course/play/queryStatus.do?courseWareId=1708932724584&courseId=N003284&bizType=0&bizId=&sid=DDFFB4A8903046B2B2A2C20195472FFA&os=99
11:15:58.718 utils.ts:137 unknown seeking事件触发 Event {isTrusted: true, type: 'seeking', target: video#course-video_html5_api.vjs-tech, currentTarget: video#course-video_html5_api.vjs-tech, eventPhase: 2, …}
11:15:58.720 log.ts:179 [debug 11:15:58 ] [视频事件] Video paused, attempting to resume...
11:15:58.904 log.ts:179 [debug 11:15:58 ] 拦截到HTTP请求: /learn/app/clientapi/course/bigdata/courseLearnTime.do?os=99&sid=DDFFB4A8903046B2B2A2C20195472FFA
11:15:59.024 utils.ts:137 unknown seeked事件触发 Event {isTrusted: true, type: 'seeked', target: video#course-video_html5_api.vjs-tech, currentTarget: video#course-video_html5_api.vjs-tech, eventPhase: 2, …}
11:15:59.581 log.ts:179 [debug 11:15:59 ] [播放速率] 设置播放速率为 1x
11:15:59.581 log.ts:179 [debug 11:15:59 ] [静音设置] 设置静音状态为 true
11:15:59.582 log.ts:179 [debug 11:15:59 ] [点击播放] 找到播放按钮，点击播放 button.vjs-big-play-button
11:15:59.586 log.ts:179 [debug 11:15:59 ] [静音设置] 设置静音状态为 true
11:15:59.586 log.ts:179 [debug 11:15:59 ] [播放速率] 设置播放速率为 1x
11:15:59.587 log.ts:179 [debug 11:15:59 ] [视频事件] Video playing, applying settings...
11:15:59.592 log.ts:179 [debug 11:15:59 ] 拦截到HTTP请求: /learn/app/clientapi/course/play/queryStatus.do?courseWareId=1708932724584&courseId=N003284&bizType=0&bizId=&sid=DDFFB4A8903046B2B2A2C20195472FFA&os=99
11:15:59.840 utils.ts:137 unknown seeking事件触发 Event {isTrusted: true, type: 'seeking', target: video#course-video_html5_api.vjs-tech, currentTarget: video#course-video_html5_api.vjs-tech, eventPhase: 2, …}
11:15:59.845 log.ts:179 [debug 11:15:59 ] [视频事件] Video paused, attempting to resume...
11:15:59.850 log.ts:179 [debug 11:15:59 ] 拦截到HTTP请求: /learn/app/clientapi/course/bigdata/courseLearnTime.do?os=99&sid=DDFFB4A8903046B2B2A2C20195472FFA
11:16:00.093 utils.ts:137 unknown seeked事件触发 Event {isTrusted: true, type: 'seeked', target: video#course-video_html5_api.vjs-tech, currentTarget: video#course-video_html5_api.vjs-tech, eventPhase: 2, …}
11:16:00.577 log.ts:179 [debug 11:16:0 ] [播放速率] 设置播放速率为 1x
11:16:00.578 log.ts:179 [debug 11:16:0 ] [静音设置] 设置静音状态为 true
11:16:00.578 log.ts:179 [debug 11:16:0 ] [点击播放] 找到播放按钮，点击播放 button.vjs-big-play-button
11:16:00.581 log.ts:179 [debug 11:16:0 ] [静音设置] 设置静音状态为 true
11:16:00.581 log.ts:179 [debug 11:16:0 ] [播放速率] 设置播放速率为 1x
11:16:00.581 log.ts:179 [debug 11:16:0 ] [视频事件] Video playing, applying settings...
11:16:00.585 log.ts:179 [debug 11:16:0 ] 拦截到HTTP请求: /learn/app/getGlobalTimestamp.do?os=99&sid=DDFFB4A8903046B2B2A2C20195472FFA
11:16:00.586 log.ts:179 [debug 11:16:0 ] 拦截到HTTP请求: /learn/app/clientapi/course/play/queryStatus.do?courseWareId=1708932724584&courseId=N003284&bizType=0&bizId=&sid=DDFFB4A8903046B2B2A2C20195472FFA&os=99
11:16:00.733 log.ts:179 [debug 11:16:0 ] 拦截到HTTP请求: /learn/app/clientapi/course/bigdata/courseLearnTime.do?os=99&sid=DDFFB4A8903046B2B2A2C20195472FFA
11:16:00.741 utils.ts:137 unknown seeking事件触发 Event {isTrusted: true, type: 'seeking', target: video#course-video_html5_api.vjs-tech, currentTarget: video#course-video_html5_api.vjs-tech, eventPhase: 2, …}
11:16:00.742 log.ts:179 [debug 11:16:0 ] [视频事件] Video paused, attempting to resume...
11:16:00.745 log.ts:179 [debug 11:16:0 ] 拦截到HTTP请求: /learn/app/clientapi/course/bigdata/courseLearnTime.do?os=99&sid=DDFFB4A8903046B2B2A2C20195472FFA
11:16:00.748 (索引):1  Uncaught (in promise) t {message: undefined}
Promise.then
(匿名) @ 8222.6209a852.chunk.js:1
u @ 9561.4bf2dc71.js:2
(匿名) @ 9561.4bf2dc71.js:2
(匿名) @ 9561.4bf2dc71.js:2
r @ 9561.4bf2dc71.js:2
s @ 9561.4bf2dc71.js:2
Promise.then
r @ 9561.4bf2dc71.js:2
s @ 9561.4bf2dc71.js:2
(匿名) @ 9561.4bf2dc71.js:2
(匿名) @ 9561.4bf2dc71.js:2
(匿名) @ 8222.6209a852.chunk.js:1
u @ 9561.4bf2dc71.js:2
(匿名) @ 9561.4bf2dc71.js:2
(匿名) @ 9561.4bf2dc71.js:2
r @ 9561.4bf2dc71.js:2
s @ 9561.4bf2dc71.js:2
(匿名) @ 9561.4bf2dc71.js:2
(匿名) @ 9561.4bf2dc71.js:2
m @ 9561.4bf2dc71.js:2
w @ 9561.4bf2dc71.js:2
(匿名) @ 9561.4bf2dc71.js:2
E @ 9561.4bf2dc71.js:2
C @ 9561.4bf2dc71.js:2
S @ 9561.4bf2dc71.js:2
D @ 9561.4bf2dc71.js:2
kn @ 9561.4bf2dc71.js:2
le @ 9561.4bf2dc71.js:2
Dn @ 9561.4bf2dc71.js:2
zn @ 9561.4bf2dc71.js:2
An @ 9561.4bf2dc71.js:2
t.unstable_runWithPriority @ 9561.4bf2dc71.js:2
qo @ 9561.4bf2dc71.js:2
se @ 9561.4bf2dc71.js:2
Tn @ 9561.4bf2dc71.js:2
play
(匿名) @ 8222.6209a852.chunk.js:1
clickPlayButton @ video.ts:147
eval @ video.ts:177
setTimeout
eval @ video.ts:175
11:16:00.980 utils.ts:137 unknown seeked事件触发 Event {isTrusted: true, type: 'seeked', target: video#course-video_html5_api.vjs-tech, currentTarget: video#course-video_html5_api.vjs-tech, eventPhase: 2, …}
11:16:01.586 log.ts:179 [debug 11:16:1 ] [播放速率] 设置播放速率为 1x
11:16:01.586 log.ts:179 [debug 11:16:1 ] [静音设置] 设置静音状态为 true
11:16:01.586 log.ts:179 [debug 11:16:1 ] [点击播放] 找到播放按钮，点击播放 button.vjs-big-play-button
11:16:01.591 log.ts:179 [debug 11:16:1 ] [静音设置] 设置静音状态为 true
11:16:01.591 log.ts:179 [debug 11:16:1 ] [播放速率] 设置播放速率为 1x
11:16:01.591 log.ts:179 [debug 11:16:1 ] [视频事件] Video playing, applying settings...
11:16:01.595 log.ts:179 [debug 11:16:1 ] 拦截到HTTP请求: /learn/app/getGlobalTimestamp.do?os=99&sid=DDFFB4A8903046B2B2A2C20195472FFA
11:16:01.602 log.ts:179 [debug 11:16:1 ] 拦截到HTTP请求: /learn/app/clientapi/course/play/queryStatus.do?courseWareId=1708932724584&courseId=N003284&bizType=0&bizId=&sid=DDFFB4A8903046B2B2A2C20195472FFA&os=99
11:16:01.798 utils.ts:137 unknown seeking事件触发 Event {isTrusted: true, type: 'seeking', target: video#course-video_html5_api.vjs-tech, currentTarget: video#course-video_html5_api.vjs-tech, eventPhase: 2, …}
11:16:01.802 log.ts:179 [debug 11:16:1 ] [视频事件] Video paused, attempting to resume...
11:16:01.833 log.ts:179 [debug 11:16:1 ] 拦截到HTTP请求: /learn/app/clientapi/course/bigdata/courseLearnTime.do?os=99&sid=DDFFB4A8903046B2B2A2C20195472FFA
11:16:02.041 utils.ts:137 unknown seeked事件触发 Event {isTrusted: true, type: 'seeked', target: video#course-video_html5_api.vjs-tech, currentTarget: video#course-video_html5_api.vjs-tech, eventPhase: 2, …}
11:16:02.578 log.ts:179 [debug 11:16:2 ] [播放速率] 设置播放速率为 1x
11:16:02.578 log.ts:179 [debug 11:16:2 ] [静音设置] 设置静音状态为 true
11:16:02.579 log.ts:179 [debug 11:16:2 ] [点击播放] 找到播放按钮，点击播放 button.vjs-big-play-button
11:16:02.585 log.ts:179 [debug 11:16:2 ] [静音设置] 设置静音状态为 true
11:16:02.585 log.ts:179 [debug 11:16:2 ] [播放速率] 设置播放速率为 1x
11:16:02.585 log.ts:179 [debug 11:16:2 ] [视频事件] Video playing, applying settings...
11:16:02.588 log.ts:179 [debug 11:16:2 ] 拦截到HTTP请求: /learn/app/clientapi/course/play/queryStatus.do?courseWareId=1708932724584&courseId=N003284&bizType=0&bizId=&sid=DDFFB4A8903046B2B2A2C20195472FFA&os=99
11:16:02.745 utils.ts:137 unknown seeking事件触发 Event {isTrusted: true, type: 'seeking', target: video#course-video_html5_api.vjs-tech, currentTarget: video#course-video_html5_api.vjs-tech, eventPhase: 2, …}
11:16:02.747 log.ts:179 [debug 11:16:2 ] [视频事件] Video paused, attempting to resume...
11:16:02.759 log.ts:179 [debug 11:16:2 ] 拦截到HTTP请求: /learn/app/clientapi/course/bigdata/courseLearnTime.do?os=99&sid=DDFFB4A8903046B2B2A2C20195472FFA
11:16:03.034 utils.ts:137 unknown seeked事件触发 Event {isTrusted: true, type: 'seeked', target: video#course-video_html5_api.vjs-tech, currentTarget: video#course-video_html5_api.vjs-tech, eventPhase: 2, …}
11:16:03.589 log.ts:179 [debug 11:16:3 ] [播放速率] 设置播放速率为 1x
11:16:03.589 log.ts:179 [debug 11:16:3 ] [静音设置] 设置静音状态为 true
11:16:03.589 log.ts:179 [debug 11:16:3 ] [点击播放] 找到播放按钮，点击播放 button.vjs-big-play-button
11:16:03.591 log.ts:179 [debug 11:16:3 ] [静音设置] 设置静音状态为 true
11:16:03.591 log.ts:179 [debug 11:16:3 ] [播放速率] 设置播放速率为 1x
11:16:03.591 log.ts:179 [debug 11:16:3 ] [视频事件] Video playing, applying settings...
11:16:03.594 log.ts:179 [debug 11:16:3 ] 拦截到HTTP请求: /learn/app/getGlobalTimestamp.do?os=99&sid=DDFFB4A8903046B2B2A2C20195472FFA
11:16:03.596 log.ts:179 [debug 11:16:3 ] 拦截到HTTP请求: /learn/app/clientapi/course/play/queryStatus.do?courseWareId=1708932724584&courseId=N003284&bizType=0&bizId=&sid=DDFFB4A8903046B2B2A2C20195472FFA&os=99
11:16:03.836 log.ts:179 [debug 11:16:3 ] 拦截到HTTP请求: /learn/app/clientapi/course/bigdata/courseLearnTime.do?os=99&sid=DDFFB4A8903046B2B2A2C20195472FFA
11:16:03.843 utils.ts:137 unknown seeking事件触发 Event {isTrusted: true, type: 'seeking', target: video#course-video_html5_api.vjs-tech, currentTarget: video#course-video_html5_api.vjs-tech, eventPhase: 2, …}
11:16:03.847 log.ts:179 [debug 11:16:3 ] [视频事件] Video paused, attempting to resume...
11:16:03.850 log.ts:179 [debug 11:16:3 ] 拦截到HTTP请求: /learn/app/clientapi/course/bigdata/courseLearnTime.do?os=99&sid=DDFFB4A8903046B2B2A2C20195472FFA
11:16:03.854 (索引):1  Uncaught (in promise) t {message: undefined}
Promise.then
(匿名) @ 8222.6209a852.chunk.js:1
u @ 9561.4bf2dc71.js:2
(匿名) @ 9561.4bf2dc71.js:2
(匿名) @ 9561.4bf2dc71.js:2
r @ 9561.4bf2dc71.js:2
s @ 9561.4bf2dc71.js:2
Promise.then
r @ 9561.4bf2dc71.js:2
s @ 9561.4bf2dc71.js:2
(匿名) @ 9561.4bf2dc71.js:2
(匿名) @ 9561.4bf2dc71.js:2
(匿名) @ 8222.6209a852.chunk.js:1
u @ 9561.4bf2dc71.js:2
(匿名) @ 9561.4bf2dc71.js:2
(匿名) @ 9561.4bf2dc71.js:2
r @ 9561.4bf2dc71.js:2
s @ 9561.4bf2dc71.js:2
(匿名) @ 9561.4bf2dc71.js:2
(匿名) @ 9561.4bf2dc71.js:2
m @ 9561.4bf2dc71.js:2
w @ 9561.4bf2dc71.js:2
(匿名) @ 9561.4bf2dc71.js:2
E @ 9561.4bf2dc71.js:2
C @ 9561.4bf2dc71.js:2
S @ 9561.4bf2dc71.js:2
D @ 9561.4bf2dc71.js:2
kn @ 9561.4bf2dc71.js:2
le @ 9561.4bf2dc71.js:2
Dn @ 9561.4bf2dc71.js:2
zn @ 9561.4bf2dc71.js:2
An @ 9561.4bf2dc71.js:2
t.unstable_runWithPriority @ 9561.4bf2dc71.js:2
qo @ 9561.4bf2dc71.js:2
se @ 9561.4bf2dc71.js:2
Tn @ 9561.4bf2dc71.js:2
play
(匿名) @ 8222.6209a852.chunk.js:1
clickPlayButton @ video.ts:147
eval @ video.ts:177
setTimeout
eval @ video.ts:175
11:16:04.078 utils.ts:137 unknown seeked事件触发 Event {isTrusted: true, type: 'seeked', target: video#course-video_html5_api.vjs-tech, currentTarget: video#course-video_html5_api.vjs-tech, eventPhase: 2, …}
11:16:04.584 log.ts:179 [debug 11:16:4 ] [播放速率] 设置播放速率为 1x
11:16:04.584 log.ts:179 [debug 11:16:4 ] [静音设置] 设置静音状态为 true
11:16:04.584 log.ts:179 [debug 11:16:4 ] [点击播放] 找到播放按钮，点击播放 button.vjs-big-play-button
11:16:04.585 log.ts:179 [debug 11:16:4 ] [静音设置] 设置静音状态为 true
11:16:04.586 log.ts:179 [debug 11:16:4 ] [播放速率] 设置播放速率为 1x
11:16:04.586 log.ts:179 [debug 11:16:4 ] [视频事件] Video playing, applying settings...
11:16:04.589 log.ts:179 [debug 11:16:4 ] 拦截到HTTP请求: /learn/app/getGlobalTimestamp.do?os=99&sid=DDFFB4A8903046B2B2A2C20195472FFA
11:16:04.590 log.ts:179 [debug 11:16:4 ] 拦截到HTTP请求: /learn/app/clientapi/course/play/queryStatus.do?courseWareId=1708932724584&courseId=N003284&bizType=0&bizId=&sid=DDFFB4A8903046B2B2A2C20195472FFA&os=99
11:16:04.820 log.ts:179 [debug 11:16:4 ] 拦截到HTTP请求: /learn/app/clientapi/course/bigdata/courseLearnTime.do?os=99&sid=DDFFB4A8903046B2B2A2C20195472FFA
11:16:04.876 utils.ts:137 unknown seeking事件触发 Event {isTrusted: true, type: 'seeking', target: video#course-video_html5_api.vjs-tech, currentTarget: video#course-video_html5_api.vjs-tech, eventPhase: 2, …}
11:16:04.880 log.ts:179 [debug 11:16:4 ] [视频事件] Video paused, attempting to resume...
11:16:04.885 log.ts:179 [debug 11:16:4 ] 拦截到HTTP请求: /learn/app/clientapi/course/bigdata/courseLearnTime.do?os=99&sid=DDFFB4A8903046B2B2A2C20195472FFA
11:16:04.888 (索引):1  Uncaught (in promise) t {message: undefined}
Promise.then
(匿名) @ 8222.6209a852.chunk.js:1
u @ 9561.4bf2dc71.js:2
(匿名) @ 9561.4bf2dc71.js:2
(匿名) @ 9561.4bf2dc71.js:2
r @ 9561.4bf2dc71.js:2
s @ 9561.4bf2dc71.js:2
Promise.then
r @ 9561.4bf2dc71.js:2
s @ 9561.4bf2dc71.js:2
(匿名) @ 9561.4bf2dc71.js:2
(匿名) @ 9561.4bf2dc71.js:2
(匿名) @ 8222.6209a852.chunk.js:1
u @ 9561.4bf2dc71.js:2
(匿名) @ 9561.4bf2dc71.js:2
(匿名) @ 9561.4bf2dc71.js:2
r @ 9561.4bf2dc71.js:2
s @ 9561.4bf2dc71.js:2
(匿名) @ 9561.4bf2dc71.js:2
(匿名) @ 9561.4bf2dc71.js:2
m @ 9561.4bf2dc71.js:2
w @ 9561.4bf2dc71.js:2
(匿名) @ 9561.4bf2dc71.js:2
E @ 9561.4bf2dc71.js:2
C @ 9561.4bf2dc71.js:2
S @ 9561.4bf2dc71.js:2
D @ 9561.4bf2dc71.js:2
kn @ 9561.4bf2dc71.js:2
le @ 9561.4bf2dc71.js:2
Dn @ 9561.4bf2dc71.js:2
zn @ 9561.4bf2dc71.js:2
An @ 9561.4bf2dc71.js:2
t.unstable_runWithPriority @ 9561.4bf2dc71.js:2
qo @ 9561.4bf2dc71.js:2
se @ 9561.4bf2dc71.js:2
Tn @ 9561.4bf2dc71.js:2
play
(匿名) @ 8222.6209a852.chunk.js:1
clickPlayButton @ video.ts:147
eval @ video.ts:177
setTimeout
eval @ video.ts:175
11:16:05.123 utils.ts:137 unknown seeked事件触发 Event {isTrusted: true, type: 'seeked', target: video#course-video_html5_api.vjs-tech, currentTarget: video#course-video_html5_api.vjs-tech, eventPhase: 2, …}
11:16:05.585 log.ts:179 [debug 11:16:5 ] [播放速率] 设置播放速率为 1x
11:16:05.585 log.ts:179 [debug 11:16:5 ] [静音设置] 设置静音状态为 true
11:16:05.585 log.ts:179 [debug 11:16:5 ] [点击播放] 找到播放按钮，点击播放 button.vjs-big-play-button
11:16:05.587 log.ts:179 [debug 11:16:5 ] [静音设置] 设置静音状态为 true
11:16:05.587 log.ts:179 [debug 11:16:5 ] [播放速率] 设置播放速率为 1x
11:16:05.587 log.ts:179 [debug 11:16:5 ] [视频事件] Video playing, applying settings...
11:16:05.591 log.ts:179 [debug 11:16:5 ] 拦截到HTTP请求: /learn/app/getGlobalTimestamp.do?os=99&sid=DDFFB4A8903046B2B2A2C20195472FFA
11:16:05.593 log.ts:179 [debug 11:16:5 ] 拦截到HTTP请求: /learn/app/clientapi/course/play/queryStatus.do?courseWareId=1708932724584&courseId=N003284&bizType=0&bizId=&sid=DDFFB4A8903046B2B2A2C20195472FFA&os=99
11:16:05.799 utils.ts:137 unknown seeking事件触发 Event {isTrusted: true, type: 'seeking', target: video#course-video_html5_api.vjs-tech, currentTarget: video#course-video_html5_api.vjs-tech, eventPhase: 2, …}
11:16:05.801 log.ts:179 [debug 11:16:5 ] [视频事件] Video paused, attempting to resume...
11:16:05.837 log.ts:179 [debug 11:16:5 ] 拦截到HTTP请求: /learn/app/clientapi/course/bigdata/courseLearnTime.do?os=99&sid=DDFFB4A8903046B2B2A2C20195472FFA
11:16:06.091 utils.ts:137 unknown seeked事件触发 Event {isTrusted: true, type: 'seeked', target: video#course-video_html5_api.vjs-tech, currentTarget: video#course-video_html5_api.vjs-tech, eventPhase: 2, …}
11:16:06.591 log.ts:179 [debug 11:16:6 ] [播放速率] 设置播放速率为 1x
11:16:06.591 log.ts:179 [debug 11:16:6 ] [静音设置] 设置静音状态为 true
11:16:06.591 log.ts:179 [debug 11:16:6 ] [点击播放] 找到播放按钮，点击播放 button.vjs-big-play-button
11:16:06.593 log.ts:179 [debug 11:16:6 ] [静音设置] 设置静音状态为 true
11:16:06.593 log.ts:179 [debug 11:16:6 ] [播放速率] 设置播放速率为 1x
11:16:06.593 log.ts:179 [debug 11:16:6 ] [视频事件] Video playing, applying settings...
11:16:06.597 log.ts:179 [debug 11:16:6 ] 拦截到HTTP请求: /learn/app/clientapi/course/play/queryStatus.do?courseWareId=1708932724584&courseId=N003284&bizType=0&bizId=&sid=DDFFB4A8903046B2B2A2C20195472FFA&os=99
11:16:06.750 utils.ts:137 unknown seeking事件触发 Event {isTrusted: true, type: 'seeking', target: video#course-video_html5_api.vjs-tech, currentTarget: video#course-video_html5_api.vjs-tech, eventPhase: 2, …}
11:16:06.753 log.ts:179 [debug 11:16:6 ] [视频事件] Video paused, attempting to resume...
11:16:06.757 log.ts:179 [debug 11:16:6 ] 拦截到HTTP请求: /learn/app/clientapi/course/bigdata/courseLearnTime.do?os=99&sid=DDFFB4A8903046B2B2A2C20195472FFA
11:16:07.004 utils.ts:137 unknown seeked事件触发 Event {isTrusted: true, type: 'seeked', target: video#course-video_html5_api.vjs-tech, currentTarget: video#course-video_html5_api.vjs-tech, eventPhase: 2, …}
11:16:07.579 log.ts:179 [debug 11:16:7 ] [播放速率] 设置播放速率为 1x
11:16:07.579 log.ts:179 [debug 11:16:7 ] [静音设置] 设置静音状态为 true
11:16:07.579 log.ts:179 [debug 11:16:7 ] [点击播放] 找到播放按钮，点击播放 button.vjs-big-play-button
11:16:07.581 log.ts:179 [debug 11:16:7 ] [静音设置] 设置静音状态为 true
11:16:07.581 log.ts:179 [debug 11:16:7 ] [播放速率] 设置播放速率为 1x
11:16:07.582 log.ts:179 [debug 11:16:7 ] [视频事件] Video playing, applying settings...
11:16:07.585 log.ts:179 [debug 11:16:7 ] 拦截到HTTP请求: /learn/app/getGlobalTimestamp.do?os=99&sid=DDFFB4A8903046B2B2A2C20195472FFA
11:16:07.587 log.ts:179 [debug 11:16:7 ] 拦截到HTTP请求: /learn/app/clientapi/course/play/queryStatus.do?courseWareId=1708932724584&courseId=N003284&bizType=0&bizId=&sid=DDFFB4A8903046B2B2A2C20195472FFA&os=99
11:16:07.708 utils.ts:137 unknown seeking事件触发 Event {isTrusted: true, type: 'seeking', target: video#course-video_html5_api.vjs-tech, currentTarget: video#course-video_html5_api.vjs-tech, eventPhase: 2, …}
11:16:07.710 log.ts:179 [debug 11:16:7 ] [视频事件] Video paused, attempting to resume...
11:16:07.848 log.ts:179 [debug 11:16:7 ] 拦截到HTTP请求: /learn/app/clientapi/course/bigdata/courseLearnTime.do?os=99&sid=DDFFB4A8903046B2B2A2C20195472FFA
11:16:07.959 utils.ts:137 unknown seeked事件触发 Event {isTrusted: true, type: 'seeked', target: video#course-video_html5_api.vjs-tech, currentTarget: video#course-video_html5_api.vjs-tech, eventPhase: 2, …}
11:16:08.596 log.ts:179 [debug 11:16:8 ] [播放速率] 设置播放速率为 1x
11:16:08.596 log.ts:179 [debug 11:16:8 ] [静音设置] 设置静音状态为 true
11:16:08.596 log.ts:179 [debug 11:16:8 ] [点击播放] 找到播放按钮，点击播放 button.vjs-big-play-button
11:16:08.600 log.ts:179 [debug 11:16:8 ] [静音设置] 设置静音状态为 true
11:16:08.600 log.ts:179 [debug 11:16:8 ] [播放速率] 设置播放速率为 1x
11:16:08.600 log.ts:179 [debug 11:16:8 ] [视频事件] Video playing, applying settings...
11:16:08.604 log.ts:179 [debug 11:16:8 ] 拦截到HTTP请求: /learn/app/clientapi/course/play/queryStatus.do?courseWareId=1708932724584&courseId=N003284&bizType=0&bizId=&sid=DDFFB4A8903046B2B2A2C20195472FFA&os=99
11:16:08.768 utils.ts:137 unknown seeking事件触发 Event {isTrusted: true, type: 'seeking', target: video#course-video_html5_api.vjs-tech, currentTarget: video#course-video_html5_api.vjs-tech, eventPhase: 2, …}
11:16:08.769 log.ts:179 [debug 11:16:8 ] [视频事件] Video paused, attempting to resume...
11:16:08.774 log.ts:179 [debug 11:16:8 ] 拦截到HTTP请求: /learn/app/clientapi/course/bigdata/courseLearnTime.do?os=99&sid=DDFFB4A8903046B2B2A2C20195472FFA
11:16:09.009 utils.ts:137 unknown seeked事件触发 Event {isTrusted: true, type: 'seeked', target: video#course-video_html5_api.vjs-tech, currentTarget: video#course-video_html5_api.vjs-tech, eventPhase: 2, …}
11:16:09.587 log.ts:179 [debug 11:16:9 ] [播放速率] 设置播放速率为 1x
11:16:09.587 log.ts:179 [debug 11:16:9 ] [静音设置] 设置静音状态为 true
11:16:09.587 log.ts:179 [debug 11:16:9 ] [点击播放] 找到播放按钮，点击播放 button.vjs-big-play-button
11:16:09.589 log.ts:179 [debug 11:16:9 ] [静音设置] 设置静音状态为 true
11:16:09.589 log.ts:179 [debug 11:16:9 ] [播放速率] 设置播放速率为 1x
11:16:09.589 log.ts:179 [debug 11:16:9 ] [视频事件] Video playing, applying settings...
11:16:09.592 log.ts:179 [debug 11:16:9 ] 拦截到HTTP请求: /learn/app/getGlobalTimestamp.do?os=99&sid=DDFFB4A8903046B2B2A2C20195472FFA
11:16:09.593 log.ts:179 [debug 11:16:9 ] 拦截到HTTP请求: /learn/app/clientapi/course/play/queryStatus.do?courseWareId=1708932724584&courseId=N003284&bizType=0&bizId=&sid=DDFFB4A8903046B2B2A2C20195472FFA&os=99
11:16:09.753 utils.ts:137 unknown seeking事件触发 Event {isTrusted: true, type: 'seeking', target: video#course-video_html5_api.vjs-tech, currentTarget: video#course-video_html5_api.vjs-tech, eventPhase: 2, …}
11:16:09.756 log.ts:179 [debug 11:16:9 ] [视频事件] Video paused, attempting to resume...
11:16:09.817 log.ts:179 [debug 11:16:9 ] 拦截到HTTP请求: /learn/app/clientapi/course/bigdata/courseLearnTime.do?os=99&sid=DDFFB4A8903046B2B2A2C20195472FFA
11:16:09.996 utils.ts:137 unknown seeked事件触发 Event {isTrusted: true, type: 'seeked', target: video#course-video_html5_api.vjs-tech, currentTarget: video#course-video_html5_api.vjs-tech, eventPhase: 2, …}
11:16:10.579 log.ts:179 [debug 11:16:10 ] [播放速率] 设置播放速率为 1x
11:16:10.579 log.ts:179 [debug 11:16:10 ] [静音设置] 设置静音状态为 true
11:16:10.580 log.ts:179 [debug 11:16:10 ] [点击播放] 找到播放按钮，点击播放 button.vjs-big-play-button
11:16:10.587 log.ts:179 [debug 11:16:10 ] [静音设置] 设置静音状态为 true
11:16:10.587 log.ts:179 [debug 11:16:10 ] [播放速率] 设置播放速率为 1x
11:16:10.587 log.ts:179 [debug 11:16:10 ] [视频事件] Video playing, applying settings...
11:16:10.594 log.ts:179 [debug 11:16:10 ] 拦截到HTTP请求: /learn/app/clientapi/course/play/queryStatus.do?courseWareId=1708932724584&courseId=N003284&bizType=0&bizId=&sid=DDFFB4A8903046B2B2A2C20195472FFA&os=99
11:16:10.757 utils.ts:137 unknown seeking事件触发 Event {isTrusted: true, type: 'seeking', target: video#course-video_html5_api.vjs-tech, currentTarget: video#course-video_html5_api.vjs-tech, eventPhase: 2, …}
11:16:10.759 log.ts:179 [debug 11:16:10 ] [视频事件] Video paused, attempting to resume...
11:16:10.767 log.ts:179 [debug 11:16:10 ] 拦截到HTTP请求: /learn/app/clientapi/course/bigdata/courseLearnTime.do?os=99&sid=DDFFB4A8903046B2B2A2C20195472FFA
11:16:11.002 utils.ts:137 unknown seeked事件触发 Event {isTrusted: true, type: 'seeked', target: video#course-video_html5_api.vjs-tech, currentTarget: video#course-video_html5_api.vjs-tech, eventPhase: 2, …}
11:16:11.586 log.ts:179 [debug 11:16:11 ] [播放速率] 设置播放速率为 1x
11:16:11.586 log.ts:179 [debug 11:16:11 ] [静音设置] 设置静音状态为 true
11:16:11.586 log.ts:179 [debug 11:16:11 ] [点击播放] 找到播放按钮，点击播放 button.vjs-big-play-button
11:16:11.588 log.ts:179 [debug 11:16:11 ] [静音设置] 设置静音状态为 true
11:16:11.589 log.ts:179 [debug 11:16:11 ] [播放速率] 设置播放速率为 1x
11:16:11.589 log.ts:179 [debug 11:16:11 ] [视频事件] Video playing, applying settings...
11:16:11.592 log.ts:179 [debug 11:16:11 ] 拦截到HTTP请求: /learn/app/getGlobalTimestamp.do?os=99&sid=DDFFB4A8903046B2B2A2C20195472FFA
11:16:11.592 log.ts:179 [debug 11:16:11 ] 拦截到HTTP请求: /learn/app/clientapi/course/play/queryStatus.do?courseWareId=1708932724584&courseId=N003284&bizType=0&bizId=&sid=DDFFB4A8903046B2B2A2C20195472FFA&os=99
11:16:11.745 utils.ts:137 unknown seeking事件触发 Event {isTrusted: true, type: 'seeking', target: video#course-video_html5_api.vjs-tech, currentTarget: video#course-video_html5_api.vjs-tech, eventPhase: 2, …}
11:16:11.747 log.ts:179 [debug 11:16:11 ] [视频事件] Video paused, attempting to resume...
11:16:11.841 log.ts:179 [debug 11:16:11 ] 拦截到HTTP请求: /learn/app/clientapi/course/bigdata/courseLearnTime.do?os=99&sid=DDFFB4A8903046B2B2A2C20195472FFA
11:16:11.990 utils.ts:137 unknown seeked事件触发 Event {isTrusted: true, type: 'seeked', target: video#course-video_html5_api.vjs-tech, currentTarget: video#course-video_html5_api.vjs-tech, eventPhase: 2, …}
11:16:12.588 log.ts:179 [debug 11:16:12 ] [播放速率] 设置播放速率为 1x
11:16:12.588 log.ts:179 [debug 11:16:12 ] [静音设置] 设置静音状态为 true
11:16:12.588 log.ts:179 [debug 11:16:12 ] [点击播放] 找到播放按钮，点击播放 button.vjs-big-play-button
11:16:12.591 log.ts:179 [debug 11:16:12 ] [静音设置] 设置静音状态为 true
11:16:12.591 log.ts:179 [debug 11:16:12 ] [播放速率] 设置播放速率为 1x
11:16:12.591 log.ts:179 [debug 11:16:12 ] [视频事件] Video playing, applying settings...
11:16:12.595 log.ts:179 [debug 11:16:12 ] 拦截到HTTP请求: /learn/app/clientapi/course/play/queryStatus.do?courseWareId=1708932724584&courseId=N003284&bizType=0&bizId=&sid=DDFFB4A8903046B2B2A2C20195472FFA&os=99
11:16:12.750 utils.ts:137 unknown seeking事件触发 Event {isTrusted: true, type: 'seeking', target: video#course-video_html5_api.vjs-tech, currentTarget: video#course-video_html5_api.vjs-tech, eventPhase: 2, …}
11:16:12.752 log.ts:179 [debug 11:16:12 ] [视频事件] Video paused, attempting to resume...
11:16:12.760 log.ts:179 [debug 11:16:12 ] 拦截到HTTP请求: /learn/app/clientapi/course/bigdata/courseLearnTime.do?os=99&sid=DDFFB4A8903046B2B2A2C20195472FFA
11:16:12.996 utils.ts:137 unknown seeked事件触发 Event {isTrusted: true, type: 'seeked', target: video#course-video_html5_api.vjs-tech, currentTarget: video#course-video_html5_api.vjs-tech, eventPhase: 2, …}
11:16:13.583 log.ts:179 [debug 11:16:13 ] [播放速率] 设置播放速率为 1x
11:16:13.583 log.ts:179 [debug 11:16:13 ] [静音设置] 设置静音状态为 true
11:16:13.583 log.ts:179 [debug 11:16:13 ] [点击播放] 找到播放按钮，点击播放 button.vjs-big-play-button
11:16:13.586 log.ts:179 [debug 11:16:13 ] [静音设置] 设置静音状态为 true
11:16:13.586 log.ts:179 [debug 11:16:13 ] [播放速率] 设置播放速率为 1x
11:16:13.586 log.ts:179 [debug 11:16:13 ] [视频事件] Video playing, applying settings...
11:16:13.589 log.ts:179 [debug 11:16:13 ] 拦截到HTTP请求: /learn/app/getGlobalTimestamp.do?os=99&sid=DDFFB4A8903046B2B2A2C20195472FFA
11:16:13.590 log.ts:179 [debug 11:16:13 ] 拦截到HTTP请求: /learn/app/clientapi/course/play/queryStatus.do?courseWareId=1708932724584&courseId=N003284&bizType=0&bizId=&sid=DDFFB4A8903046B2B2A2C20195472FFA&os=99
11:16:13.744 utils.ts:137 unknown seeking事件触发 Event {isTrusted: true, type: 'seeking', target: video#course-video_html5_api.vjs-tech, currentTarget: video#course-video_html5_api.vjs-tech, eventPhase: 2, …}
11:16:13.745 log.ts:179 [debug 11:16:13 ] [视频事件] Video paused, attempting to resume...
11:16:13.838 log.ts:179 [debug 11:16:13 ] 拦截到HTTP请求: /learn/app/clientapi/course/bigdata/courseLearnTime.do?os=99&sid=DDFFB4A8903046B2B2A2C20195472FFA
11:16:13.987 utils.ts:137 unknown seeked事件触发 Event {isTrusted: true, type: 'seeked', target: video#course-video_html5_api.vjs-tech, currentTarget: video#course-video_html5_api.vjs-tech, eventPhase: 2, …}
11:16:14.588 log.ts:179 [debug 11:16:14 ] [播放速率] 设置播放速率为 1x
11:16:14.588 log.ts:179 [debug 11:16:14 ] [静音设置] 设置静音状态为 true
11:16:14.589 log.ts:179 [debug 11:16:14 ] [点击播放] 找到播放按钮，点击播放 button.vjs-big-play-button
11:16:14.591 log.ts:179 [debug 11:16:14 ] [静音设置] 设置静音状态为 true
11:16:14.591 log.ts:179 [debug 11:16:14 ] [播放速率] 设置播放速率为 1x
11:16:14.592 log.ts:179 [debug 11:16:14 ] [视频事件] Video playing, applying settings...
11:16:14.594 log.ts:179 [debug 11:16:14 ] 拦截到HTTP请求: /learn/app/clientapi/course/play/queryStatus.do?courseWareId=1708932724584&courseId=N003284&bizType=0&bizId=&sid=DDFFB4A8903046B2B2A2C20195472FFA&os=99
11:16:14.755 utils.ts:137 unknown seeking事件触发 Event {isTrusted: true, type: 'seeking', target: video#course-video_html5_api.vjs-tech, currentTarget: video#course-video_html5_api.vjs-tech, eventPhase: 2, …}
11:16:14.759 log.ts:179 [debug 11:16:14 ] [视频事件] Video paused, attempting to resume...
11:16:14.763 log.ts:179 [debug 11:16:14 ] 拦截到HTTP请求: /learn/app/clientapi/course/bigdata/courseLearnTime.do?os=99&sid=DDFFB4A8903046B2B2A2C20195472FFA
11:16:15.000 utils.ts:137 unknown seeked事件触发 Event {isTrusted: true, type: 'seeked', target: video#course-video_html5_api.vjs-tech, currentTarget: video#course-video_html5_api.vjs-tech, eventPhase: 2, …}
11:16:15.597 log.ts:179 [debug 11:16:15 ] [播放速率] 设置播放速率为 1x
11:16:15.597 log.ts:179 [debug 11:16:15 ] [静音设置] 设置静音状态为 true
11:16:15.597 log.ts:179 [debug 11:16:15 ] [点击播放] 找到播放按钮，点击播放 button.vjs-big-play-button
11:16:15.609 log.ts:179 [debug 11:16:15 ] [静音设置] 设置静音状态为 true
11:16:15.609 log.ts:179 [debug 11:16:15 ] [播放速率] 设置播放速率为 1x
11:16:15.609 log.ts:179 [debug 11:16:15 ] [视频事件] Video playing, applying settings...
11:16:15.625 log.ts:179 [debug 11:16:15 ] 拦截到HTTP请求: /learn/app/getGlobalTimestamp.do?os=99&sid=DDFFB4A8903046B2B2A2C20195472FFA
11:16:15.627 log.ts:179 [debug 11:16:15 ] 拦截到HTTP请求: /learn/app/clientapi/course/play/queryStatus.do?courseWareId=1708932724584&courseId=N003284&bizType=0&bizId=&sid=DDFFB4A8903046B2B2A2C20195472FFA&os=99
11:16:15.784 log.ts:179 [debug 11:16:15 ] 拦截到HTTP请求: /learn/app/clientapi/course/bigdata/courseLearnTime.do?os=99&sid=DDFFB4A8903046B2B2A2C20195472FFA
11:16:15.786 utils.ts:137 unknown seeking事件触发 Event {isTrusted: true, type: 'seeking', target: video#course-video_html5_api.vjs-tech, currentTarget: video#course-video_html5_api.vjs-tech, eventPhase: 2, …}
11:16:15.792 log.ts:179 [debug 11:16:15 ] [视频事件] Video paused, attempting to resume...
11:16:15.795 log.ts:179 [debug 11:16:15 ] 拦截到HTTP请求: /learn/app/clientapi/course/bigdata/courseLearnTime.do?os=99&sid=DDFFB4A8903046B2B2A2C20195472FFA
11:16:15.798 (索引):1  Uncaught (in promise) t {message: undefined}
Promise.then
(匿名) @ 8222.6209a852.chunk.js:1
u @ 9561.4bf2dc71.js:2
(匿名) @ 9561.4bf2dc71.js:2
(匿名) @ 9561.4bf2dc71.js:2
r @ 9561.4bf2dc71.js:2
s @ 9561.4bf2dc71.js:2
Promise.then
r @ 9561.4bf2dc71.js:2
s @ 9561.4bf2dc71.js:2
(匿名) @ 9561.4bf2dc71.js:2
(匿名) @ 9561.4bf2dc71.js:2
(匿名) @ 8222.6209a852.chunk.js:1
u @ 9561.4bf2dc71.js:2
(匿名) @ 9561.4bf2dc71.js:2
(匿名) @ 9561.4bf2dc71.js:2
r @ 9561.4bf2dc71.js:2
s @ 9561.4bf2dc71.js:2
(匿名) @ 9561.4bf2dc71.js:2
(匿名) @ 9561.4bf2dc71.js:2
m @ 9561.4bf2dc71.js:2
w @ 9561.4bf2dc71.js:2
(匿名) @ 9561.4bf2dc71.js:2
E @ 9561.4bf2dc71.js:2
C @ 9561.4bf2dc71.js:2
S @ 9561.4bf2dc71.js:2
D @ 9561.4bf2dc71.js:2
kn @ 9561.4bf2dc71.js:2
le @ 9561.4bf2dc71.js:2
Dn @ 9561.4bf2dc71.js:2
zn @ 9561.4bf2dc71.js:2
An @ 9561.4bf2dc71.js:2
t.unstable_runWithPriority @ 9561.4bf2dc71.js:2
qo @ 9561.4bf2dc71.js:2
se @ 9561.4bf2dc71.js:2
Tn @ 9561.4bf2dc71.js:2
play
(匿名) @ 8222.6209a852.chunk.js:1
clickPlayButton @ video.ts:147
eval @ video.ts:177
setTimeout
eval @ video.ts:175
11:16:16.020 utils.ts:137 unknown seeked事件触发 Event {isTrusted: true, type: 'seeked', target: video#course-video_html5_api.vjs-tech, currentTarget: video#course-video_html5_api.vjs-tech, eventPhase: 2, …}
11:16:16.586 log.ts:179 [debug 11:16:16 ] [播放速率] 设置播放速率为 1x
11:16:16.586 log.ts:179 [debug 11:16:16 ] [静音设置] 设置静音状态为 true
11:16:16.587 log.ts:179 [debug 11:16:16 ] [点击播放] 找到播放按钮，点击播放 button.vjs-big-play-button
11:16:16.589 log.ts:179 [debug 11:16:16 ] [静音设置] 设置静音状态为 true
11:16:16.589 log.ts:179 [debug 11:16:16 ] [播放速率] 设置播放速率为 1x
11:16:16.589 log.ts:179 [debug 11:16:16 ] [视频事件] Video playing, applying settings...
11:16:16.596 log.ts:179 [debug 11:16:16 ] 拦截到HTTP请求: /learn/app/getGlobalTimestamp.do?os=99&sid=DDFFB4A8903046B2B2A2C20195472FFA
11:16:16.597 log.ts:179 [debug 11:16:16 ] 拦截到HTTP请求: /learn/app/clientapi/course/play/queryStatus.do?courseWareId=1708932724584&courseId=N003284&bizType=0&bizId=&sid=DDFFB4A8903046B2B2A2C20195472FFA&os=99
11:16:16.791 utils.ts:137 unknown seeking事件触发 Event {isTrusted: true, type: 'seeking', target: video#course-video_html5_api.vjs-tech, currentTarget: video#course-video_html5_api.vjs-tech, eventPhase: 2, …}
11:16:16.793 log.ts:179 [debug 11:16:16 ] [视频事件] Video paused, attempting to resume...
11:16:16.930 log.ts:179 [debug 11:16:16 ] 拦截到HTTP请求: /learn/app/clientapi/course/bigdata/courseLearnTime.do?os=99&sid=DDFFB4A8903046B2B2A2C20195472FFA
11:16:17.040 utils.ts:137 unknown seeked事件触发 Event {isTrusted: true, type: 'seeked', target: video#course-video_html5_api.vjs-tech, currentTarget: video#course-video_html5_api.vjs-tech, eventPhase: 2, …}
11:16:17.587 log.ts:179 [debug 11:16:17 ] [播放速率] 设置播放速率为 1x
11:16:17.587 log.ts:179 [debug 11:16:17 ] [静音设置] 设置静音状态为 true
11:16:17.587 log.ts:179 [debug 11:16:17 ] [点击播放] 找到播放按钮，点击播放 button.vjs-big-play-button
11:16:17.589 log.ts:179 [debug 11:16:17 ] [静音设置] 设置静音状态为 true
11:16:17.590 log.ts:179 [debug 11:16:17 ] [播放速率] 设置播放速率为 1x
11:16:17.590 log.ts:179 [debug 11:16:17 ] [视频事件] Video playing, applying settings...
11:16:17.593 log.ts:179 [debug 11:16:17 ] 拦截到HTTP请求: /learn/app/clientapi/course/play/queryStatus.do?courseWareId=1708932724584&courseId=N003284&bizType=0&bizId=&sid=DDFFB4A8903046B2B2A2C20195472FFA&os=99
11:16:17.745 utils.ts:137 unknown seeking事件触发 Event {isTrusted: true, type: 'seeking', target: video#course-video_html5_api.vjs-tech, currentTarget: video#course-video_html5_api.vjs-tech, eventPhase: 2, …}
11:16:17.747 log.ts:179 [debug 11:16:17 ] [视频事件] Video paused, attempting to resume...
11:16:17.751 log.ts:179 [debug 11:16:17 ] 拦截到HTTP请求: /learn/app/clientapi/course/bigdata/courseLearnTime.do?os=99&sid=DDFFB4A8903046B2B2A2C20195472FFA
11:16:17.990 utils.ts:137 unknown seeked事件触发 Event {isTrusted: true, type: 'seeked', target: video#course-video_html5_api.vjs-tech, currentTarget: video#course-video_html5_api.vjs-tech, eventPhase: 2, …}
11:16:18.579 log.ts:179 [debug 11:16:18 ] [播放速率] 设置播放速率为 1x
11:16:18.580 log.ts:179 [debug 11:16:18 ] [静音设置] 设置静音状态为 true
11:16:18.580 log.ts:179 [debug 11:16:18 ] [点击播放] 找到播放按钮，点击播放 button.vjs-big-play-button
11:16:18.586 log.ts:179 [debug 11:16:18 ] [静音设置] 设置静音状态为 true
11:16:18.586 log.ts:179 [debug 11:16:18 ] [播放速率] 设置播放速率为 1x
11:16:18.586 log.ts:179 [debug 11:16:18 ] [视频事件] Video playing, applying settings...
11:16:18.590 log.ts:179 [debug 11:16:18 ] 拦截到HTTP请求: /learn/app/getGlobalTimestamp.do?os=99&sid=DDFFB4A8903046B2B2A2C20195472FFA
11:16:18.591 log.ts:179 [debug 11:16:18 ] 拦截到HTTP请求: /learn/app/clientapi/course/play/queryStatus.do?courseWareId=1708932724584&courseId=N003284&bizType=0&bizId=&sid=DDFFB4A8903046B2B2A2C20195472FFA&os=99
11:16:18.760 utils.ts:137 unknown seeking事件触发 Event {isTrusted: true, type: 'seeking', target: video#course-video_html5_api.vjs-tech, currentTarget: video#course-video_html5_api.vjs-tech, eventPhase: 2, …}
11:16:18.761 log.ts:179 [debug 11:16:18 ] [视频事件] Video paused, attempting to resume...
11:16:18.808 log.ts:179 [debug 11:16:18 ] 拦截到HTTP请求: /learn/app/clientapi/course/bigdata/courseLearnTime.do?os=99&sid=DDFFB4A8903046B2B2A2C20195472FFA
11:16:19.003 utils.ts:137 unknown seeked事件触发 Event {isTrusted: true, type: 'seeked', target: video#course-video_html5_api.vjs-tech, currentTarget: video#course-video_html5_api.vjs-tech, eventPhase: 2, …}
11:16:19.590 log.ts:179 [debug 11:16:19 ] [播放速率] 设置播放速率为 1x
11:16:19.591 log.ts:179 [debug 11:16:19 ] [静音设置] 设置静音状态为 true
11:16:19.591 log.ts:179 [debug 11:16:19 ] [点击播放] 找到播放按钮，点击播放 button.vjs-big-play-button
11:16:19.593 log.ts:179 [debug 11:16:19 ] [静音设置] 设置静音状态为 true
11:16:19.593 log.ts:179 [debug 11:16:19 ] [播放速率] 设置播放速率为 1x
11:16:19.593 log.ts:179 [debug 11:16:19 ] [视频事件] Video playing, applying settings...
11:16:19.596 log.ts:179 [debug 11:16:19 ] 拦截到HTTP请求: /learn/app/clientapi/course/play/queryStatus.do?courseWareId=1708932724584&courseId=N003284&bizType=0&bizId=&sid=DDFFB4A8903046B2B2A2C20195472FFA&os=99
11:16:19.782 utils.ts:137 unknown seeking事件触发 Event {isTrusted: true, type: 'seeking', target: video#course-video_html5_api.vjs-tech, currentTarget: video#course-video_html5_api.vjs-tech, eventPhase: 2, …}
11:16:19.797 log.ts:179 [debug 11:16:19 ] [视频事件] Video paused, attempting to resume...
11:16:19.802 log.ts:179 [debug 11:16:19 ] 拦截到HTTP请求: /learn/app/clientapi/course/bigdata/courseLearnTime.do?os=99&sid=DDFFB4A8903046B2B2A2C20195472FFA
11:16:20.081 utils.ts:137 unknown seeked事件触发 Event {isTrusted: true, type: 'seeked', target: video#course-video_html5_api.vjs-tech, currentTarget: video#course-video_html5_api.vjs-tech, eventPhase: 2, …}
11:16:20.588 log.ts:179 [debug 11:16:20 ] [播放速率] 设置播放速率为 1x
11:16:20.589 log.ts:179 [debug 11:16:20 ] [静音设置] 设置静音状态为 true
11:16:20.589 log.ts:179 [debug 11:16:20 ] [点击播放] 找到播放按钮，点击播放 button.vjs-big-play-button
11:16:20.591 log.ts:179 [debug 11:16:20 ] [静音设置] 设置静音状态为 true
11:16:20.591 log.ts:179 [debug 11:16:20 ] [播放速率] 设置播放速率为 1x
11:16:20.591 log.ts:179 [debug 11:16:20 ] [视频事件] Video playing, applying settings...
11:16:20.595 log.ts:179 [debug 11:16:20 ] 拦截到HTTP请求: /learn/app/getGlobalTimestamp.do?os=99&sid=DDFFB4A8903046B2B2A2C20195472FFA
11:16:20.596 log.ts:179 [debug 11:16:20 ] 拦截到HTTP请求: /learn/app/clientapi/course/play/queryStatus.do?courseWareId=1708932724584&courseId=N003284&bizType=0&bizId=&sid=DDFFB4A8903046B2B2A2C20195472FFA&os=99
11:16:20.758 utils.ts:137 unknown seeking事件触发 Event {isTrusted: true, type: 'seeking', target: video#course-video_html5_api.vjs-tech, currentTarget: video#course-video_html5_api.vjs-tech, eventPhase: 2, …}
11:16:20.764 log.ts:179 [debug 11:16:20 ] [视频事件] Video paused, attempting to resume...
11:16:20.820 log.ts:179 [debug 11:16:20 ] 拦截到HTTP请求: /learn/app/clientapi/course/bigdata/courseLearnTime.do?os=99&sid=DDFFB4A8903046B2B2A2C20195472FFA
11:16:21.017 utils.ts:137 unknown seeked事件触发 Event {isTrusted: true, type: 'seeked', target: video#course-video_html5_api.vjs-tech, currentTarget: video#course-video_html5_api.vjs-tech, eventPhase: 2, …}
11:16:21.588 log.ts:179 [debug 11:16:21 ] [播放速率] 设置播放速率为 1x
11:16:21.588 log.ts:179 [debug 11:16:21 ] [静音设置] 设置静音状态为 true
11:16:21.588 log.ts:179 [debug 11:16:21 ] [点击播放] 找到播放按钮，点击播放 button.vjs-big-play-button
11:16:21.590 log.ts:179 [debug 11:16:21 ] [静音设置] 设置静音状态为 true
11:16:21.590 log.ts:179 [debug 11:16:21 ] [播放速率] 设置播放速率为 1x
11:16:21.590 log.ts:179 [debug 11:16:21 ] [视频事件] Video playing, applying settings...
11:16:21.593 log.ts:179 [debug 11:16:21 ] 拦截到HTTP请求: /learn/app/clientapi/course/play/queryStatus.do?courseWareId=1708932724584&courseId=N003284&bizType=0&bizId=&sid=DDFFB4A8903046B2B2A2C20195472FFA&os=99
11:16:21.754 utils.ts:137 unknown seeking事件触发 Event {isTrusted: true, type: 'seeking', target: video#course-video_html5_api.vjs-tech, currentTarget: video#course-video_html5_api.vjs-tech, eventPhase: 2, …}
11:16:21.755 log.ts:179 [debug 11:16:21 ] [视频事件] Video paused, attempting to resume...
11:16:21.758 log.ts:179 [debug 11:16:21 ] 拦截到HTTP请求: /learn/app/clientapi/course/bigdata/courseLearnTime.do?os=99&sid=DDFFB4A8903046B2B2A2C20195472FFA
11:16:22.109 utils.ts:137 unknown seeked事件触发 Event {isTrusted: true, type: 'seeked', target: video#course-video_html5_api.vjs-tech, currentTarget: video#course-video_html5_api.vjs-tech, eventPhase: 2, …}
11:16:22.581 log.ts:179 [debug 11:16:22 ] [播放速率] 设置播放速率为 1x
11:16:22.581 log.ts:179 [debug 11:16:22 ] [静音设置] 设置静音状态为 true
11:16:22.581 log.ts:179 [debug 11:16:22 ] [点击播放] 找到播放按钮，点击播放 button.vjs-big-play-button
11:16:22.584 log.ts:179 [debug 11:16:22 ] [静音设置] 设置静音状态为 true
11:16:22.584 log.ts:179 [debug 11:16:22 ] [播放速率] 设置播放速率为 1x
11:16:22.584 log.ts:179 [debug 11:16:22 ] [视频事件] Video playing, applying settings...
11:16:22.587 log.ts:179 [debug 11:16:22 ] 拦截到HTTP请求: /learn/app/getGlobalTimestamp.do?os=99&sid=DDFFB4A8903046B2B2A2C20195472FFA
11:16:22.589 log.ts:179 [debug 11:16:22 ] 拦截到HTTP请求: /learn/app/clientapi/course/play/queryStatus.do?courseWareId=1708932724584&courseId=N003284&bizType=0&bizId=&sid=DDFFB4A8903046B2B2A2C20195472FFA&os=99
11:16:22.745 log.ts:179 [debug 11:16:22 ] 拦截到HTTP请求: /learn/app/clientapi/course/bigdata/courseLearnTime.do?os=99&sid=DDFFB4A8903046B2B2A2C20195472FFA
11:16:22.761 utils.ts:137 unknown seeking事件触发 Event {isTrusted: true, type: 'seeking', target: video#course-video_html5_api.vjs-tech, currentTarget: video#course-video_html5_api.vjs-tech, eventPhase: 2, …}
11:16:22.763 log.ts:179 [debug 11:16:22 ] [视频事件] Video paused, attempting to resume...
11:16:22.767 log.ts:179 [debug 11:16:22 ] 拦截到HTTP请求: /learn/app/clientapi/course/bigdata/courseLearnTime.do?os=99&sid=DDFFB4A8903046B2B2A2C20195472FFA
11:16:22.772 (索引):1  Uncaught (in promise) t {message: undefined}
Promise.then
(匿名) @ 8222.6209a852.chunk.js:1
u @ 9561.4bf2dc71.js:2
(匿名) @ 9561.4bf2dc71.js:2
(匿名) @ 9561.4bf2dc71.js:2
r @ 9561.4bf2dc71.js:2
s @ 9561.4bf2dc71.js:2
Promise.then
r @ 9561.4bf2dc71.js:2
s @ 9561.4bf2dc71.js:2
(匿名) @ 9561.4bf2dc71.js:2
(匿名) @ 9561.4bf2dc71.js:2
(匿名) @ 8222.6209a852.chunk.js:1
u @ 9561.4bf2dc71.js:2
(匿名) @ 9561.4bf2dc71.js:2
(匿名) @ 9561.4bf2dc71.js:2
r @ 9561.4bf2dc71.js:2
s @ 9561.4bf2dc71.js:2
(匿名) @ 9561.4bf2dc71.js:2
(匿名) @ 9561.4bf2dc71.js:2
m @ 9561.4bf2dc71.js:2
w @ 9561.4bf2dc71.js:2
(匿名) @ 9561.4bf2dc71.js:2
E @ 9561.4bf2dc71.js:2
C @ 9561.4bf2dc71.js:2
S @ 9561.4bf2dc71.js:2
D @ 9561.4bf2dc71.js:2
kn @ 9561.4bf2dc71.js:2
le @ 9561.4bf2dc71.js:2
Dn @ 9561.4bf2dc71.js:2
zn @ 9561.4bf2dc71.js:2
An @ 9561.4bf2dc71.js:2
t.unstable_runWithPriority @ 9561.4bf2dc71.js:2
qo @ 9561.4bf2dc71.js:2
se @ 9561.4bf2dc71.js:2
Tn @ 9561.4bf2dc71.js:2
play
(匿名) @ 8222.6209a852.chunk.js:1
clickPlayButton @ video.ts:147
eval @ video.ts:177
setTimeout
eval @ video.ts:175
11:16:23.050 utils.ts:137 unknown seeked事件触发 Event {isTrusted: true, type: 'seeked', target: video#course-video_html5_api.vjs-tech, currentTarget: video#course-video_html5_api.vjs-tech, eventPhase: 2, …}
11:16:23.574 log.ts:179 [debug 11:16:23 ] [播放速率] 设置播放速率为 1x
11:16:23.574 log.ts:179 [debug 11:16:23 ] [静音设置] 设置静音状态为 true
11:16:23.574 log.ts:179 [debug 11:16:23 ] [点击播放] 找到播放按钮，点击播放 button.vjs-big-play-button
11:16:23.576 log.ts:179 [debug 11:16:23 ] [静音设置] 设置静音状态为 true
11:16:23.576 log.ts:179 [debug 11:16:23 ] [播放速率] 设置播放速率为 1x
11:16:23.577 log.ts:179 [debug 11:16:23 ] [视频事件] Video playing, applying settings...
11:16:23.581 log.ts:179 [debug 11:16:23 ] 拦截到HTTP请求: /learn/app/getGlobalTimestamp.do?os=99&sid=DDFFB4A8903046B2B2A2C20195472FFA
11:16:23.583 log.ts:179 [debug 11:16:23 ] 拦截到HTTP请求: /learn/app/clientapi/course/play/queryStatus.do?courseWareId=1708932724584&courseId=N003284&bizType=0&bizId=&sid=DDFFB4A8903046B2B2A2C20195472FFA&os=99
11:16:23.815 log.ts:179 [debug 11:16:23 ] 拦截到HTTP请求: /learn/app/clientapi/course/bigdata/courseLearnTime.do?os=99&sid=DDFFB4A8903046B2B2A2C20195472FFA
11:16:23.827 utils.ts:137 unknown seeking事件触发 Event {isTrusted: true, type: 'seeking', target: video#course-video_html5_api.vjs-tech, currentTarget: video#course-video_html5_api.vjs-tech, eventPhase: 2, …}
11:16:23.830 log.ts:179 [debug 11:16:23 ] [视频事件] Video paused, attempting to resume...
11:16:23.832 log.ts:179 [debug 11:16:23 ] 拦截到HTTP请求: /learn/app/clientapi/course/bigdata/courseLearnTime.do?os=99&sid=DDFFB4A8903046B2B2A2C20195472FFA
11:16:23.838 (索引):1  Uncaught (in promise) t {message: undefined}
Promise.then
(匿名) @ 8222.6209a852.chunk.js:1
u @ 9561.4bf2dc71.js:2
(匿名) @ 9561.4bf2dc71.js:2
(匿名) @ 9561.4bf2dc71.js:2
r @ 9561.4bf2dc71.js:2
s @ 9561.4bf2dc71.js:2
Promise.then
r @ 9561.4bf2dc71.js:2
s @ 9561.4bf2dc71.js:2
(匿名) @ 9561.4bf2dc71.js:2
(匿名) @ 9561.4bf2dc71.js:2
(匿名) @ 8222.6209a852.chunk.js:1
u @ 9561.4bf2dc71.js:2
(匿名) @ 9561.4bf2dc71.js:2
(匿名) @ 9561.4bf2dc71.js:2
r @ 9561.4bf2dc71.js:2
s @ 9561.4bf2dc71.js:2
(匿名) @ 9561.4bf2dc71.js:2
(匿名) @ 9561.4bf2dc71.js:2
m @ 9561.4bf2dc71.js:2
w @ 9561.4bf2dc71.js:2
(匿名) @ 9561.4bf2dc71.js:2
E @ 9561.4bf2dc71.js:2
C @ 9561.4bf2dc71.js:2
S @ 9561.4bf2dc71.js:2
D @ 9561.4bf2dc71.js:2
kn @ 9561.4bf2dc71.js:2
le @ 9561.4bf2dc71.js:2
Dn @ 9561.4bf2dc71.js:2
zn @ 9561.4bf2dc71.js:2
An @ 9561.4bf2dc71.js:2
t.unstable_runWithPriority @ 9561.4bf2dc71.js:2
qo @ 9561.4bf2dc71.js:2
se @ 9561.4bf2dc71.js:2
Tn @ 9561.4bf2dc71.js:2
play
(匿名) @ 8222.6209a852.chunk.js:1
clickPlayButton @ video.ts:147
eval @ video.ts:177
setTimeout
eval @ video.ts:175
11:16:24.105 utils.ts:137 unknown seeked事件触发 Event {isTrusted: true, type: 'seeked', target: video#course-video_html5_api.vjs-tech, currentTarget: video#course-video_html5_api.vjs-tech, eventPhase: 2, …}
11:16:24.587 log.ts:179 [debug 11:16:24 ] [播放速率] 设置播放速率为 1x
11:16:24.587 log.ts:179 [debug 11:16:24 ] [静音设置] 设置静音状态为 true
11:16:24.588 log.ts:179 [debug 11:16:24 ] [点击播放] 找到播放按钮，点击播放 button.vjs-big-play-button
11:16:24.591 log.ts:179 [debug 11:16:24 ] [静音设置] 设置静音状态为 true
11:16:24.591 log.ts:179 [debug 11:16:24 ] [播放速率] 设置播放速率为 1x
11:16:24.591 log.ts:179 [debug 11:16:24 ] [视频事件] Video playing, applying settings...
11:16:24.594 log.ts:179 [debug 11:16:24 ] 拦截到HTTP请求: /learn/app/getGlobalTimestamp.do?os=99&sid=DDFFB4A8903046B2B2A2C20195472FFA
11:16:24.596 log.ts:179 [debug 11:16:24 ] 拦截到HTTP请求: /learn/app/clientapi/course/play/queryStatus.do?courseWareId=1708932724584&courseId=N003284&bizType=0&bizId=&sid=DDFFB4A8903046B2B2A2C20195472FFA&os=99
11:16:24.748 log.ts:179 [debug 11:16:24 ] 拦截到HTTP请求: /learn/app/clientapi/course/bigdata/courseLearnTime.do?os=99&sid=DDFFB4A8903046B2B2A2C20195472FFA
11:16:24.791 utils.ts:137 unknown seeking事件触发 Event {isTrusted: true, type: 'seeking', target: video#course-video_html5_api.vjs-tech, currentTarget: video#course-video_html5_api.vjs-tech, eventPhase: 2, …}
11:16:24.793 log.ts:179 [debug 11:16:24 ] [视频事件] Video paused, attempting to resume...
11:16:24.797 log.ts:179 [debug 11:16:24 ] 拦截到HTTP请求: /learn/app/clientapi/course/bigdata/courseLearnTime.do?os=99&sid=DDFFB4A8903046B2B2A2C20195472FFA
11:16:24.800 (索引):1  Uncaught (in promise) t {message: undefined}
Promise.then
(匿名) @ 8222.6209a852.chunk.js:1
u @ 9561.4bf2dc71.js:2
(匿名) @ 9561.4bf2dc71.js:2
(匿名) @ 9561.4bf2dc71.js:2
r @ 9561.4bf2dc71.js:2
s @ 9561.4bf2dc71.js:2
Promise.then
r @ 9561.4bf2dc71.js:2
s @ 9561.4bf2dc71.js:2
(匿名) @ 9561.4bf2dc71.js:2
(匿名) @ 9561.4bf2dc71.js:2
(匿名) @ 8222.6209a852.chunk.js:1
u @ 9561.4bf2dc71.js:2
(匿名) @ 9561.4bf2dc71.js:2
(匿名) @ 9561.4bf2dc71.js:2
r @ 9561.4bf2dc71.js:2
s @ 9561.4bf2dc71.js:2
(匿名) @ 9561.4bf2dc71.js:2
(匿名) @ 9561.4bf2dc71.js:2
m @ 9561.4bf2dc71.js:2
w @ 9561.4bf2dc71.js:2
(匿名) @ 9561.4bf2dc71.js:2
E @ 9561.4bf2dc71.js:2
C @ 9561.4bf2dc71.js:2
S @ 9561.4bf2dc71.js:2
D @ 9561.4bf2dc71.js:2
kn @ 9561.4bf2dc71.js:2
le @ 9561.4bf2dc71.js:2
Dn @ 9561.4bf2dc71.js:2
zn @ 9561.4bf2dc71.js:2
An @ 9561.4bf2dc71.js:2
t.unstable_runWithPriority @ 9561.4bf2dc71.js:2
qo @ 9561.4bf2dc71.js:2
se @ 9561.4bf2dc71.js:2
Tn @ 9561.4bf2dc71.js:2
play
(匿名) @ 8222.6209a852.chunk.js:1
clickPlayButton @ video.ts:147
eval @ video.ts:177
setTimeout
eval @ video.ts:175
11:16:25.033 utils.ts:137 unknown seeked事件触发 Event {isTrusted: true, type: 'seeked', target: video#course-video_html5_api.vjs-tech, currentTarget: video#course-video_html5_api.vjs-tech, eventPhase: 2, …}
11:16:25.585 log.ts:179 [debug 11:16:25 ] [播放速率] 设置播放速率为 1x
11:16:25.585 log.ts:179 [debug 11:16:25 ] [静音设置] 设置静音状态为 true
11:16:25.586 log.ts:179 [debug 11:16:25 ] [点击播放] 找到播放按钮，点击播放 button.vjs-big-play-button
11:16:25.589 log.ts:179 [debug 11:16:25 ] [静音设置] 设置静音状态为 true
11:16:25.589 log.ts:179 [debug 11:16:25 ] [播放速率] 设置播放速率为 1x
11:16:25.589 log.ts:179 [debug 11:16:25 ] [视频事件] Video playing, applying settings...
11:16:25.592 log.ts:179 [debug 11:16:25 ] 拦截到HTTP请求: /learn/app/getGlobalTimestamp.do?os=99&sid=DDFFB4A8903046B2B2A2C20195472FFA
11:16:25.593 log.ts:179 [debug 11:16:25 ] 拦截到HTTP请求: /learn/app/clientapi/course/play/queryStatus.do?courseWareId=1708932724584&courseId=N003284&bizType=0&bizId=&sid=DDFFB4A8903046B2B2A2C20195472FFA&os=99
11:16:25.738 log.ts:179 [debug 11:16:25 ] 拦截到HTTP请求: /learn/app/clientapi/course/bigdata/courseLearnTime.do?os=99&sid=DDFFB4A8903046B2B2A2C20195472FFA
11:16:25.791 utils.ts:137 unknown seeking事件触发 Event {isTrusted: true, type: 'seeking', target: video#course-video_html5_api.vjs-tech, currentTarget: video#course-video_html5_api.vjs-tech, eventPhase: 2, …}
11:16:25.793 log.ts:179 [debug 11:16:25 ] [视频事件] Video paused, attempting to resume...
11:16:25.798 log.ts:179 [debug 11:16:25 ] 拦截到HTTP请求: /learn/app/clientapi/course/bigdata/courseLearnTime.do?os=99&sid=DDFFB4A8903046B2B2A2C20195472FFA
11:16:25.800 (索引):1  Uncaught (in promise) t {message: undefined}
Promise.then
(匿名) @ 8222.6209a852.chunk.js:1
u @ 9561.4bf2dc71.js:2
(匿名) @ 9561.4bf2dc71.js:2
(匿名) @ 9561.4bf2dc71.js:2
r @ 9561.4bf2dc71.js:2
s @ 9561.4bf2dc71.js:2
Promise.then
r @ 9561.4bf2dc71.js:2
s @ 9561.4bf2dc71.js:2
(匿名) @ 9561.4bf2dc71.js:2
(匿名) @ 9561.4bf2dc71.js:2
(匿名) @ 8222.6209a852.chunk.js:1
u @ 9561.4bf2dc71.js:2
(匿名) @ 9561.4bf2dc71.js:2
(匿名) @ 9561.4bf2dc71.js:2
r @ 9561.4bf2dc71.js:2
s @ 9561.4bf2dc71.js:2
(匿名) @ 9561.4bf2dc71.js:2
(匿名) @ 9561.4bf2dc71.js:2
m @ 9561.4bf2dc71.js:2
w @ 9561.4bf2dc71.js:2
(匿名) @ 9561.4bf2dc71.js:2
E @ 9561.4bf2dc71.js:2
C @ 9561.4bf2dc71.js:2
S @ 9561.4bf2dc71.js:2
D @ 9561.4bf2dc71.js:2
kn @ 9561.4bf2dc71.js:2
le @ 9561.4bf2dc71.js:2
Dn @ 9561.4bf2dc71.js:2
zn @ 9561.4bf2dc71.js:2
An @ 9561.4bf2dc71.js:2
t.unstable_runWithPriority @ 9561.4bf2dc71.js:2
qo @ 9561.4bf2dc71.js:2
se @ 9561.4bf2dc71.js:2
Tn @ 9561.4bf2dc71.js:2
play
(匿名) @ 8222.6209a852.chunk.js:1
clickPlayButton @ video.ts:147
eval @ video.ts:177
setTimeout
eval @ video.ts:175
11:16:26.031 utils.ts:137 unknown seeked事件触发 Event {isTrusted: true, type: 'seeked', target: video#course-video_html5_api.vjs-tech, currentTarget: video#course-video_html5_api.vjs-tech, eventPhase: 2, …}
11:16:26.578 log.ts:179 [debug 11:16:26 ] [播放速率] 设置播放速率为 1x
11:16:26.579 log.ts:179 [debug 11:16:26 ] [静音设置] 设置静音状态为 true
11:16:26.579 log.ts:179 [debug 11:16:26 ] [点击播放] 找到播放按钮，点击播放 button.vjs-big-play-button
11:16:26.581 log.ts:179 [debug 11:16:26 ] [静音设置] 设置静音状态为 true
11:16:26.581 log.ts:179 [debug 11:16:26 ] [播放速率] 设置播放速率为 1x
11:16:26.582 log.ts:179 [debug 11:16:26 ] [视频事件] Video playing, applying settings...
11:16:26.586 log.ts:179 [debug 11:16:26 ] 拦截到HTTP请求: /learn/app/getGlobalTimestamp.do?os=99&sid=DDFFB4A8903046B2B2A2C20195472FFA
11:16:26.587 log.ts:179 [debug 11:16:26 ] 拦截到HTTP请求: /learn/app/clientapi/course/play/queryStatus.do?courseWareId=1708932724584&courseId=N003284&bizType=0&bizId=&sid=DDFFB4A8903046B2B2A2C20195472FFA&os=99
11:16:26.829 log.ts:179 [debug 11:16:26 ] 拦截到HTTP请求: /learn/app/clientapi/course/bigdata/courseLearnTime.do?os=99&sid=DDFFB4A8903046B2B2A2C20195472FFA
11:16:26.836 utils.ts:137 unknown seeking事件触发 Event {isTrusted: true, type: 'seeking', target: video#course-video_html5_api.vjs-tech, currentTarget: video#course-video_html5_api.vjs-tech, eventPhase: 2, …}
11:16:26.837 log.ts:179 [debug 11:16:26 ] [视频事件] Video paused, attempting to resume...
11:16:26.843 log.ts:179 [debug 11:16:26 ] 拦截到HTTP请求: /learn/app/clientapi/course/bigdata/courseLearnTime.do?os=99&sid=DDFFB4A8903046B2B2A2C20195472FFA
11:16:26.846 (索引):1  Uncaught (in promise) t {message: undefined}
Promise.then
(匿名) @ 8222.6209a852.chunk.js:1
u @ 9561.4bf2dc71.js:2
(匿名) @ 9561.4bf2dc71.js:2
(匿名) @ 9561.4bf2dc71.js:2
r @ 9561.4bf2dc71.js:2
s @ 9561.4bf2dc71.js:2
Promise.then
r @ 9561.4bf2dc71.js:2
s @ 9561.4bf2dc71.js:2
(匿名) @ 9561.4bf2dc71.js:2
(匿名) @ 9561.4bf2dc71.js:2
(匿名) @ 8222.6209a852.chunk.js:1
u @ 9561.4bf2dc71.js:2
(匿名) @ 9561.4bf2dc71.js:2
(匿名) @ 9561.4bf2dc71.js:2
r @ 9561.4bf2dc71.js:2
s @ 9561.4bf2dc71.js:2
(匿名) @ 9561.4bf2dc71.js:2
(匿名) @ 9561.4bf2dc71.js:2
m @ 9561.4bf2dc71.js:2
w @ 9561.4bf2dc71.js:2
(匿名) @ 9561.4bf2dc71.js:2
E @ 9561.4bf2dc71.js:2
C @ 9561.4bf2dc71.js:2
S @ 9561.4bf2dc71.js:2
D @ 9561.4bf2dc71.js:2
kn @ 9561.4bf2dc71.js:2
le @ 9561.4bf2dc71.js:2
Dn @ 9561.4bf2dc71.js:2
zn @ 9561.4bf2dc71.js:2
An @ 9561.4bf2dc71.js:2
t.unstable_runWithPriority @ 9561.4bf2dc71.js:2
qo @ 9561.4bf2dc71.js:2
se @ 9561.4bf2dc71.js:2
Tn @ 9561.4bf2dc71.js:2
play
(匿名) @ 8222.6209a852.chunk.js:1
clickPlayButton @ video.ts:147
eval @ video.ts:177
setTimeout
eval @ video.ts:175
11:16:27.076 utils.ts:137 unknown seeked事件触发 Event {isTrusted: true, type: 'seeked', target: video#course-video_html5_api.vjs-tech, currentTarget: video#course-video_html5_api.vjs-tech, eventPhase: 2, …}
11:16:27.588 log.ts:179 [debug 11:16:27 ] [播放速率] 设置播放速率为 1x
11:16:27.588 log.ts:179 [debug 11:16:27 ] [静音设置] 设置静音状态为 true
11:16:27.589 log.ts:179 [debug 11:16:27 ] [点击播放] 找到播放按钮，点击播放 button.vjs-big-play-button
11:16:27.591 log.ts:179 [debug 11:16:27 ] [静音设置] 设置静音状态为 true
11:16:27.591 log.ts:179 [debug 11:16:27 ] [播放速率] 设置播放速率为 1x
11:16:27.591 log.ts:179 [debug 11:16:27 ] [视频事件] Video playing, applying settings...
11:16:27.596 log.ts:179 [debug 11:16:27 ] 拦截到HTTP请求: /learn/app/getGlobalTimestamp.do?os=99&sid=DDFFB4A8903046B2B2A2C20195472FFA
11:16:27.597 log.ts:179 [debug 11:16:27 ] 拦截到HTTP请求: /learn/app/clientapi/course/play/queryStatus.do?courseWareId=1708932724584&courseId=N003284&bizType=0&bizId=&sid=DDFFB4A8903046B2B2A2C20195472FFA&os=99
11:16:27.758 utils.ts:137 unknown seeking事件触发 Event {isTrusted: true, type: 'seeking', target: video#course-video_html5_api.vjs-tech, currentTarget: video#course-video_html5_api.vjs-tech, eventPhase: 2, …}
11:16:27.761 log.ts:179 [debug 11:16:27 ] [视频事件] Video paused, attempting to resume...
11:16:27.828 log.ts:179 [debug 11:16:27 ] 拦截到HTTP请求: /learn/app/clientapi/course/bigdata/courseLearnTime.do?os=99&sid=DDFFB4A8903046B2B2A2C20195472FFA
11:16:27.998 utils.ts:137 unknown seeked事件触发 Event {isTrusted: true, type: 'seeked', target: video#course-video_html5_api.vjs-tech, currentTarget: video#course-video_html5_api.vjs-tech, eventPhase: 2, …}
11:16:28.586 log.ts:179 [debug 11:16:28 ] [播放速率] 设置播放速率为 1x
11:16:28.586 log.ts:179 [debug 11:16:28 ] [静音设置] 设置静音状态为 true
11:16:28.586 log.ts:179 [debug 11:16:28 ] [点击播放] 找到播放按钮，点击播放 button.vjs-big-play-button
11:16:28.589 log.ts:179 [debug 11:16:28 ] [静音设置] 设置静音状态为 true
11:16:28.589 log.ts:179 [debug 11:16:28 ] [播放速率] 设置播放速率为 1x
11:16:28.589 log.ts:179 [debug 11:16:28 ] [视频事件] Video playing, applying settings...
11:16:28.592 log.ts:179 [debug 11:16:28 ] 拦截到HTTP请求: /learn/app/clientapi/course/play/queryStatus.do?courseWareId=1708932724584&courseId=N003284&bizType=0&bizId=&sid=DDFFB4A8903046B2B2A2C20195472FFA&os=99
11:16:28.747 utils.ts:137 unknown seeking事件触发 Event {isTrusted: true, type: 'seeking', target: video#course-video_html5_api.vjs-tech, currentTarget: video#course-video_html5_api.vjs-tech, eventPhase: 2, …}
11:16:28.752 log.ts:179 [debug 11:16:28 ] [视频事件] Video paused, attempting to resume...
11:16:28.756 log.ts:179 [debug 11:16:28 ] 拦截到HTTP请求: /learn/app/clientapi/course/bigdata/courseLearnTime.do?os=99&sid=DDFFB4A8903046B2B2A2C20195472FFA
11:16:28.991 utils.ts:137 unknown seeked事件触发 Event {isTrusted: true, type: 'seeked', target: video#course-video_html5_api.vjs-tech, currentTarget: video#course-video_html5_api.vjs-tech, eventPhase: 2, …}
11:16:29.579 log.ts:179 [debug 11:16:29 ] [播放速率] 设置播放速率为 1x
11:16:29.580 log.ts:179 [debug 11:16:29 ] [静音设置] 设置静音状态为 true
11:16:29.580 log.ts:179 [debug 11:16:29 ] [点击播放] 找到播放按钮，点击播放 button.vjs-big-play-button
11:16:29.585 log.ts:179 [debug 11:16:29 ] [静音设置] 设置静音状态为 true
11:16:29.585 log.ts:179 [debug 11:16:29 ] [播放速率] 设置播放速率为 1x
11:16:29.585 log.ts:179 [debug 11:16:29 ] [视频事件] Video playing, applying settings...
11:16:29.588 log.ts:179 [debug 11:16:29 ] 拦截到HTTP请求: /learn/app/getGlobalTimestamp.do?os=99&sid=DDFFB4A8903046B2B2A2C20195472FFA
11:16:29.589 log.ts:179 [debug 11:16:29 ] 拦截到HTTP请求: /learn/app/clientapi/course/play/queryStatus.do?courseWareId=1708932724584&courseId=N003284&bizType=0&bizId=&sid=DDFFB4A8903046B2B2A2C20195472FFA&os=99
11:16:29.743 utils.ts:137 unknown seeking事件触发 Event {isTrusted: true, type: 'seeking', target: video#course-video_html5_api.vjs-tech, currentTarget: video#course-video_html5_api.vjs-tech, eventPhase: 2, …}
11:16:29.746 log.ts:179 [debug 11:16:29 ] [视频事件] Video paused, attempting to resume...
11:16:29.774 log.ts:179 [debug 11:16:29 ] 拦截到HTTP请求: /learn/app/clientapi/course/bigdata/courseLearnTime.do?os=99&sid=DDFFB4A8903046B2B2A2C20195472FFA
11:16:29.995 utils.ts:137 unknown seeked事件触发 Event {isTrusted: true, type: 'seeked', target: video#course-video_html5_api.vjs-tech, currentTarget: video#course-video_html5_api.vjs-tech, eventPhase: 2, …}
11:16:30.588 log.ts:179 [debug 11:16:30 ] [播放速率] 设置播放速率为 1x
11:16:30.588 log.ts:179 [debug 11:16:30 ] [静音设置] 设置静音状态为 true
11:16:30.588 log.ts:179 [debug 11:16:30 ] [点击播放] 找到播放按钮，点击播放 button.vjs-big-play-button
11:16:30.590 log.ts:179 [debug 11:16:30 ] [静音设置] 设置静音状态为 true
11:16:30.590 log.ts:179 [debug 11:16:30 ] [播放速率] 设置播放速率为 1x
11:16:30.590 log.ts:179 [debug 11:16:30 ] [视频事件] Video playing, applying settings...
11:16:30.593 log.ts:179 [debug 11:16:30 ] 拦截到HTTP请求: /learn/app/clientapi/course/play/queryStatus.do?courseWareId=1708932724584&courseId=N003284&bizType=0&bizId=&sid=DDFFB4A8903046B2B2A2C20195472FFA&os=99
11:16:30.744 utils.ts:137 unknown seeking事件触发 Event {isTrusted: true, type: 'seeking', target: video#course-video_html5_api.vjs-tech, currentTarget: video#course-video_html5_api.vjs-tech, eventPhase: 2, …}
11:16:30.746 log.ts:179 [debug 11:16:30 ] [视频事件] Video paused, attempting to resume...
11:16:30.749 log.ts:179 [debug 11:16:30 ] 拦截到HTTP请求: /learn/app/clientapi/course/bigdata/courseLearnTime.do?os=99&sid=DDFFB4A8903046B2B2A2C20195472FFA
11:16:30.990 utils.ts:137 unknown seeked事件触发 Event {isTrusted: true, type: 'seeked', target: video#course-video_html5_api.vjs-tech, currentTarget: video#course-video_html5_api.vjs-tech, eventPhase: 2, …}
11:16:31.589 log.ts:179 [debug 11:16:31 ] [播放速率] 设置播放速率为 1x
11:16:31.590 log.ts:179 [debug 11:16:31 ] [静音设置] 设置静音状态为 true
11:16:31.590 log.ts:179 [debug 11:16:31 ] [点击播放] 找到播放按钮，点击播放 button.vjs-big-play-button
11:16:31.592 log.ts:179 [debug 11:16:31 ] [静音设置] 设置静音状态为 true
11:16:31.592 log.ts:179 [debug 11:16:31 ] [播放速率] 设置播放速率为 1x
11:16:31.593 log.ts:179 [debug 11:16:31 ] [视频事件] Video playing, applying settings...
11:16:31.601 log.ts:179 [debug 11:16:31 ] 拦截到HTTP请求: /learn/app/getGlobalTimestamp.do?os=99&sid=DDFFB4A8903046B2B2A2C20195472FFA
11:16:31.602 log.ts:179 [debug 11:16:31 ] 拦截到HTTP请求: /learn/app/clientapi/course/play/queryStatus.do?courseWareId=1708932724584&courseId=N003284&bizType=0&bizId=&sid=DDFFB4A8903046B2B2A2C20195472FFA&os=99
11:16:31.755 log.ts:179 [debug 11:16:31 ] 拦截到HTTP请求: /learn/app/clientapi/course/bigdata/courseLearnTime.do?os=99&sid=DDFFB4A8903046B2B2A2C20195472FFA
11:16:31.764 utils.ts:137 unknown seeking事件触发 Event {isTrusted: true, type: 'seeking', target: video#course-video_html5_api.vjs-tech, currentTarget: video#course-video_html5_api.vjs-tech, eventPhase: 2, …}
11:16:31.769 log.ts:179 [debug 11:16:31 ] [视频事件] Video paused, attempting to resume...
11:16:31.772 log.ts:179 [debug 11:16:31 ] 拦截到HTTP请求: /learn/app/clientapi/course/bigdata/courseLearnTime.do?os=99&sid=DDFFB4A8903046B2B2A2C20195472FFA
11:16:31.774 (索引):1  Uncaught (in promise) t {message: undefined}
Promise.then
(匿名) @ 8222.6209a852.chunk.js:1
u @ 9561.4bf2dc71.js:2
(匿名) @ 9561.4bf2dc71.js:2
(匿名) @ 9561.4bf2dc71.js:2
r @ 9561.4bf2dc71.js:2
s @ 9561.4bf2dc71.js:2
Promise.then
r @ 9561.4bf2dc71.js:2
s @ 9561.4bf2dc71.js:2
(匿名) @ 9561.4bf2dc71.js:2
(匿名) @ 9561.4bf2dc71.js:2
(匿名) @ 8222.6209a852.chunk.js:1
u @ 9561.4bf2dc71.js:2
(匿名) @ 9561.4bf2dc71.js:2
(匿名) @ 9561.4bf2dc71.js:2
r @ 9561.4bf2dc71.js:2
s @ 9561.4bf2dc71.js:2
(匿名) @ 9561.4bf2dc71.js:2
(匿名) @ 9561.4bf2dc71.js:2
m @ 9561.4bf2dc71.js:2
w @ 9561.4bf2dc71.js:2
(匿名) @ 9561.4bf2dc71.js:2
E @ 9561.4bf2dc71.js:2
C @ 9561.4bf2dc71.js:2
S @ 9561.4bf2dc71.js:2
D @ 9561.4bf2dc71.js:2
kn @ 9561.4bf2dc71.js:2
le @ 9561.4bf2dc71.js:2
Dn @ 9561.4bf2dc71.js:2
zn @ 9561.4bf2dc71.js:2
An @ 9561.4bf2dc71.js:2
t.unstable_runWithPriority @ 9561.4bf2dc71.js:2
qo @ 9561.4bf2dc71.js:2
se @ 9561.4bf2dc71.js:2
Tn @ 9561.4bf2dc71.js:2
play
(匿名) @ 8222.6209a852.chunk.js:1
clickPlayButton @ video.ts:147
eval @ video.ts:177
setTimeout
eval @ video.ts:175
11:16:32.004 utils.ts:137 unknown seeked事件触发 Event {isTrusted: true, type: 'seeked', target: video#course-video_html5_api.vjs-tech, currentTarget: video#course-video_html5_api.vjs-tech, eventPhase: 2, …}
11:16:32.588 log.ts:179 [debug 11:16:32 ] [播放速率] 设置播放速率为 1x
11:16:32.588 log.ts:179 [debug 11:16:32 ] [静音设置] 设置静音状态为 true
11:16:32.588 log.ts:179 [debug 11:16:32 ] [点击播放] 找到播放按钮，点击播放 button.vjs-big-play-button
11:16:32.590 log.ts:179 [debug 11:16:32 ] [静音设置] 设置静音状态为 true
11:16:32.590 log.ts:179 [debug 11:16:32 ] [播放速率] 设置播放速率为 1x
11:16:32.590 log.ts:179 [debug 11:16:32 ] [视频事件] Video playing, applying settings...
11:16:32.596 log.ts:179 [debug 11:16:32 ] 拦截到HTTP请求: /learn/app/getGlobalTimestamp.do?os=99&sid=DDFFB4A8903046B2B2A2C20195472FFA
11:16:32.597 log.ts:179 [debug 11:16:32 ] 拦截到HTTP请求: /learn/app/clientapi/course/play/queryStatus.do?courseWareId=1708932724584&courseId=N003284&bizType=0&bizId=&sid=DDFFB4A8903046B2B2A2C20195472FFA&os=99
11:16:32.797 utils.ts:137 unknown seeking事件触发 Event {isTrusted: true, type: 'seeking', target: video#course-video_html5_api.vjs-tech, currentTarget: video#course-video_html5_api.vjs-tech, eventPhase: 2, …}
11:16:32.799 log.ts:179 [debug 11:16:32 ] [视频事件] Video paused, attempting to resume...
11:16:32.814 log.ts:179 [debug 11:16:32 ] 拦截到HTTP请求: /learn/app/clientapi/course/bigdata/courseLearnTime.do?os=99&sid=DDFFB4A8903046B2B2A2C20195472FFA
11:16:33.035 utils.ts:137 unknown seeked事件触发 Event {isTrusted: true, type: 'seeked', target: video#course-video_html5_api.vjs-tech, currentTarget: video#course-video_html5_api.vjs-tech, eventPhase: 2, …}
11:16:33.589 log.ts:179 [debug 11:16:33 ] [播放速率] 设置播放速率为 1x
11:16:33.590 log.ts:179 [debug 11:16:33 ] [静音设置] 设置静音状态为 true
11:16:33.590 log.ts:179 [debug 11:16:33 ] [点击播放] 找到播放按钮，点击播放 button.vjs-big-play-button
11:16:33.592 log.ts:179 [debug 11:16:33 ] [静音设置] 设置静音状态为 true
11:16:33.592 log.ts:179 [debug 11:16:33 ] [播放速率] 设置播放速率为 1x
11:16:33.593 log.ts:179 [debug 11:16:33 ] [视频事件] Video playing, applying settings...
11:16:33.597 log.ts:179 [debug 11:16:33 ] 拦截到HTTP请求: /learn/app/clientapi/course/play/queryStatus.do?courseWareId=1708932724584&courseId=N003284&bizType=0&bizId=&sid=DDFFB4A8903046B2B2A2C20195472FFA&os=99
11:16:33.746 utils.ts:137 unknown seeking事件触发 Event {isTrusted: true, type: 'seeking', target: video#course-video_html5_api.vjs-tech, currentTarget: video#course-video_html5_api.vjs-tech, eventPhase: 2, …}
11:16:33.747 log.ts:179 [debug 11:16:33 ] [视频事件] Video paused, attempting to resume...
11:16:33.751 log.ts:179 [debug 11:16:33 ] 拦截到HTTP请求: /learn/app/clientapi/course/bigdata/courseLearnTime.do?os=99&sid=DDFFB4A8903046B2B2A2C20195472FFA
11:16:33.986 utils.ts:137 unknown seeked事件触发 Event {isTrusted: true, type: 'seeked', target: video#course-video_html5_api.vjs-tech, currentTarget: video#course-video_html5_api.vjs-tech, eventPhase: 2, …}
11:16:34.579 log.ts:179 [debug 11:16:34 ] [播放速率] 设置播放速率为 1x
11:16:34.580 log.ts:179 [debug 11:16:34 ] [静音设置] 设置静音状态为 true
11:16:34.580 log.ts:179 [debug 11:16:34 ] [点击播放] 找到播放按钮，点击播放 button.vjs-big-play-button
11:16:34.581 log.ts:179 [debug 11:16:34 ] [静音设置] 设置静音状态为 true
11:16:34.581 log.ts:179 [debug 11:16:34 ] [播放速率] 设置播放速率为 1x
11:16:34.581 log.ts:179 [debug 11:16:34 ] [视频事件] Video playing, applying settings...
11:16:34.585 log.ts:179 [debug 11:16:34 ] 拦截到HTTP请求: /learn/app/getGlobalTimestamp.do?os=99&sid=DDFFB4A8903046B2B2A2C20195472FFA
11:16:34.586 log.ts:179 [debug 11:16:34 ] 拦截到HTTP请求: /learn/app/clientapi/course/play/queryStatus.do?courseWareId=1708932724584&courseId=N003284&bizType=0&bizId=&sid=DDFFB4A8903046B2B2A2C20195472FFA&os=99
11:16:34.736 log.ts:179 [debug 11:16:34 ] 拦截到HTTP请求: /learn/app/clientapi/course/bigdata/courseLearnTime.do?os=99&sid=DDFFB4A8903046B2B2A2C20195472FFA
11:16:34.745 utils.ts:137 unknown seeking事件触发 Event {isTrusted: true, type: 'seeking', target: video#course-video_html5_api.vjs-tech, currentTarget: video#course-video_html5_api.vjs-tech, eventPhase: 2, …}
11:16:34.752 log.ts:179 [debug 11:16:34 ] [视频事件] Video paused, attempting to resume...
11:16:34.760 log.ts:179 [debug 11:16:34 ] 拦截到HTTP请求: /learn/app/clientapi/course/bigdata/courseLearnTime.do?os=99&sid=DDFFB4A8903046B2B2A2C20195472FFA
11:16:34.763 (索引):1  Uncaught (in promise) t {message: undefined}
Promise.then
(匿名) @ 8222.6209a852.chunk.js:1
u @ 9561.4bf2dc71.js:2
(匿名) @ 9561.4bf2dc71.js:2
(匿名) @ 9561.4bf2dc71.js:2
r @ 9561.4bf2dc71.js:2
s @ 9561.4bf2dc71.js:2
Promise.then
r @ 9561.4bf2dc71.js:2
s @ 9561.4bf2dc71.js:2
(匿名) @ 9561.4bf2dc71.js:2
(匿名) @ 9561.4bf2dc71.js:2
(匿名) @ 8222.6209a852.chunk.js:1
u @ 9561.4bf2dc71.js:2
(匿名) @ 9561.4bf2dc71.js:2
(匿名) @ 9561.4bf2dc71.js:2
r @ 9561.4bf2dc71.js:2
s @ 9561.4bf2dc71.js:2
(匿名) @ 9561.4bf2dc71.js:2
(匿名) @ 9561.4bf2dc71.js:2
m @ 9561.4bf2dc71.js:2
w @ 9561.4bf2dc71.js:2
(匿名) @ 9561.4bf2dc71.js:2
E @ 9561.4bf2dc71.js:2
C @ 9561.4bf2dc71.js:2
S @ 9561.4bf2dc71.js:2
D @ 9561.4bf2dc71.js:2
kn @ 9561.4bf2dc71.js:2
le @ 9561.4bf2dc71.js:2
Dn @ 9561.4bf2dc71.js:2
zn @ 9561.4bf2dc71.js:2
An @ 9561.4bf2dc71.js:2
t.unstable_runWithPriority @ 9561.4bf2dc71.js:2
qo @ 9561.4bf2dc71.js:2
se @ 9561.4bf2dc71.js:2
Tn @ 9561.4bf2dc71.js:2
play
(匿名) @ 8222.6209a852.chunk.js:1
clickPlayButton @ video.ts:147
eval @ video.ts:177
setTimeout
eval @ video.ts:175
11:16:34.992 utils.ts:137 unknown seeked事件触发 Event {isTrusted: true, type: 'seeked', target: video#course-video_html5_api.vjs-tech, currentTarget: video#course-video_html5_api.vjs-tech, eventPhase: 2, …}
11:16:35.579 log.ts:179 [debug 11:16:35 ] [播放速率] 设置播放速率为 1x
11:16:35.579 log.ts:179 [debug 11:16:35 ] [静音设置] 设置静音状态为 true
11:16:35.579 log.ts:179 [debug 11:16:35 ] [点击播放] 找到播放按钮，点击播放 button.vjs-big-play-button
11:16:35.582 log.ts:179 [debug 11:16:35 ] [静音设置] 设置静音状态为 true
11:16:35.582 log.ts:179 [debug 11:16:35 ] [播放速率] 设置播放速率为 1x
11:16:35.582 log.ts:179 [debug 11:16:35 ] [视频事件] Video playing, applying settings...
11:16:35.586 log.ts:179 [debug 11:16:35 ] 拦截到HTTP请求: /learn/app/getGlobalTimestamp.do?os=99&sid=DDFFB4A8903046B2B2A2C20195472FFA
11:16:35.588 log.ts:179 [debug 11:16:35 ] 拦截到HTTP请求: /learn/app/clientapi/course/play/queryStatus.do?courseWareId=1708932724584&courseId=N003284&bizType=0&bizId=&sid=DDFFB4A8903046B2B2A2C20195472FFA&os=99
11:16:35.787 utils.ts:137 unknown seeking事件触发 Event {isTrusted: true, type: 'seeking', target: video#course-video_html5_api.vjs-tech, currentTarget: video#course-video_html5_api.vjs-tech, eventPhase: 2, …}
11:16:35.789 log.ts:179 [debug 11:16:35 ] [视频事件] Video paused, attempting to resume...
11:16:35.814 log.ts:179 [debug 11:16:35 ] 拦截到HTTP请求: /learn/app/clientapi/course/bigdata/courseLearnTime.do?os=99&sid=DDFFB4A8903046B2B2A2C20195472FFA
11:16:36.029 utils.ts:137 unknown seeked事件触发 Event {isTrusted: true, type: 'seeked', target: video#course-video_html5_api.vjs-tech, currentTarget: video#course-video_html5_api.vjs-tech, eventPhase: 2, …}
11:16:36.579 log.ts:179 [debug 11:16:36 ] [播放速率] 设置播放速率为 1x
11:16:36.579 log.ts:179 [debug 11:16:36 ] [静音设置] 设置静音状态为 true
11:16:36.580 log.ts:179 [debug 11:16:36 ] [点击播放] 找到播放按钮，点击播放 button.vjs-big-play-button
11:16:36.589 log.ts:179 [debug 11:16:36 ] [静音设置] 设置静音状态为 true
11:16:36.589 log.ts:179 [debug 11:16:36 ] [播放速率] 设置播放速率为 1x
11:16:36.589 log.ts:179 [debug 11:16:36 ] [视频事件] Video playing, applying settings...
11:16:36.594 log.ts:179 [debug 11:16:36 ] 拦截到HTTP请求: /learn/app/clientapi/course/play/queryStatus.do?courseWareId=1708932724584&courseId=N003284&bizType=0&bizId=&sid=DDFFB4A8903046B2B2A2C20195472FFA&os=99
11:16:36.749 utils.ts:137 unknown seeking事件触发 Event {isTrusted: true, type: 'seeking', target: video#course-video_html5_api.vjs-tech, currentTarget: video#course-video_html5_api.vjs-tech, eventPhase: 2, …}
11:16:36.752 log.ts:179 [debug 11:16:36 ] [视频事件] Video paused, attempting to resume...
11:16:36.763 log.ts:179 [debug 11:16:36 ] 拦截到HTTP请求: /learn/app/clientapi/course/bigdata/courseLearnTime.do?os=99&sid=DDFFB4A8903046B2B2A2C20195472FFA
11:16:37.003 utils.ts:137 unknown seeked事件触发 Event {isTrusted: true, type: 'seeked', target: video#course-video_html5_api.vjs-tech, currentTarget: video#course-video_html5_api.vjs-tech, eventPhase: 2, …}
11:16:37.585 log.ts:179 [debug 11:16:37 ] [播放速率] 设置播放速率为 1x
11:16:37.586 log.ts:179 [debug 11:16:37 ] [静音设置] 设置静音状态为 true
11:16:37.586 log.ts:179 [debug 11:16:37 ] [点击播放] 找到播放按钮，点击播放 button.vjs-big-play-button
11:16:37.590 log.ts:179 [debug 11:16:37 ] [静音设置] 设置静音状态为 true
11:16:37.590 log.ts:179 [debug 11:16:37 ] [播放速率] 设置播放速率为 1x
11:16:37.590 log.ts:179 [debug 11:16:37 ] [视频事件] Video playing, applying settings...
11:16:37.598 log.ts:179 [debug 11:16:37 ] 拦截到HTTP请求: /learn/app/getGlobalTimestamp.do?os=99&sid=DDFFB4A8903046B2B2A2C20195472FFA
11:16:37.600 log.ts:179 [debug 11:16:37 ] 拦截到HTTP请求: /learn/app/clientapi/course/play/queryStatus.do?courseWareId=1708932724584&courseId=N003284&bizType=0&bizId=&sid=DDFFB4A8903046B2B2A2C20195472FFA&os=99
11:16:37.758 utils.ts:137 unknown seeking事件触发 Event {isTrusted: true, type: 'seeking', target: video#course-video_html5_api.vjs-tech, currentTarget: video#course-video_html5_api.vjs-tech, eventPhase: 2, …}
11:16:37.759 log.ts:179 [debug 11:16:37 ] [视频事件] Video paused, attempting to resume...
11:16:37.829 log.ts:179 [debug 11:16:37 ] 拦截到HTTP请求: /learn/app/clientapi/course/bigdata/courseLearnTime.do?os=99&sid=DDFFB4A8903046B2B2A2C20195472FFA
11:16:37.996 utils.ts:137 unknown seeked事件触发 Event {isTrusted: true, type: 'seeked', target: video#course-video_html5_api.vjs-tech, currentTarget: video#course-video_html5_api.vjs-tech, eventPhase: 2, …}
11:16:38.579 log.ts:179 [debug 11:16:38 ] [播放速率] 设置播放速率为 1x
11:16:38.579 log.ts:179 [debug 11:16:38 ] [静音设置] 设置静音状态为 true
11:16:38.579 log.ts:179 [debug 11:16:38 ] [点击播放] 找到播放按钮，点击播放 button.vjs-big-play-button
11:16:38.582 log.ts:179 [debug 11:16:38 ] [静音设置] 设置静音状态为 true
11:16:38.582 log.ts:179 [debug 11:16:38 ] [播放速率] 设置播放速率为 1x
11:16:38.583 log.ts:179 [debug 11:16:38 ] [视频事件] Video playing, applying settings...
11:16:38.587 log.ts:179 [debug 11:16:38 ] 拦截到HTTP请求: /learn/app/clientapi/course/play/queryStatus.do?courseWareId=1708932724584&courseId=N003284&bizType=0&bizId=&sid=DDFFB4A8903046B2B2A2C20195472FFA&os=99
11:16:38.739 utils.ts:137 unknown seeking事件触发 Event {isTrusted: true, type: 'seeking', target: video#course-video_html5_api.vjs-tech, currentTarget: video#course-video_html5_api.vjs-tech, eventPhase: 2, …}
11:16:38.744 log.ts:179 [debug 11:16:38 ] [视频事件] Video paused, attempting to resume...
11:16:38.749 log.ts:179 [debug 11:16:38 ] 拦截到HTTP请求: /learn/app/clientapi/course/bigdata/courseLearnTime.do?os=99&sid=DDFFB4A8903046B2B2A2C20195472FFA
11:16:38.988 utils.ts:137 unknown seeked事件触发 Event {isTrusted: true, type: 'seeked', target: video#course-video_html5_api.vjs-tech, currentTarget: video#course-video_html5_api.vjs-tech, eventPhase: 2, …}
11:16:39.590 log.ts:179 [debug 11:16:39 ] [播放速率] 设置播放速率为 1x
11:16:39.590 log.ts:179 [debug 11:16:39 ] [静音设置] 设置静音状态为 true
11:16:39.590 log.ts:179 [debug 11:16:39 ] [点击播放] 找到播放按钮，点击播放 button.vjs-big-play-button
11:16:39.592 log.ts:179 [debug 11:16:39 ] [静音设置] 设置静音状态为 true
11:16:39.592 log.ts:179 [debug 11:16:39 ] [播放速率] 设置播放速率为 1x
11:16:39.593 log.ts:179 [debug 11:16:39 ] [视频事件] Video playing, applying settings...
11:16:39.596 log.ts:179 [debug 11:16:39 ] 拦截到HTTP请求: /learn/app/getGlobalTimestamp.do?os=99&sid=DDFFB4A8903046B2B2A2C20195472FFA
11:16:39.597 log.ts:179 [debug 11:16:39 ] 拦截到HTTP请求: /learn/app/clientapi/course/play/queryStatus.do?courseWareId=1708932724584&courseId=N003284&bizType=0&bizId=&sid=DDFFB4A8903046B2B2A2C20195472FFA&os=99
11:16:39.757 utils.ts:137 unknown seeking事件触发 Event {isTrusted: true, type: 'seeking', target: video#course-video_html5_api.vjs-tech, currentTarget: video#course-video_html5_api.vjs-tech, eventPhase: 2, …}
11:16:39.759 log.ts:179 [debug 11:16:39 ] [视频事件] Video paused, attempting to resume...
11:16:39.819 log.ts:179 [debug 11:16:39 ] 拦截到HTTP请求: /learn/app/clientapi/course/bigdata/courseLearnTime.do?os=99&sid=DDFFB4A8903046B2B2A2C20195472FFA
11:16:40.001 utils.ts:137 unknown seeked事件触发 Event {isTrusted: true, type: 'seeked', target: video#course-video_html5_api.vjs-tech, currentTarget: video#course-video_html5_api.vjs-tech, eventPhase: 2, …}
11:16:40.584 log.ts:179 [debug 11:16:40 ] [播放速率] 设置播放速率为 1x
11:16:40.585 log.ts:179 [debug 11:16:40 ] [静音设置] 设置静音状态为 true
11:16:40.585 log.ts:179 [debug 11:16:40 ] [点击播放] 找到播放按钮，点击播放 button.vjs-big-play-button
11:16:40.588 log.ts:179 [debug 11:16:40 ] [静音设置] 设置静音状态为 true
11:16:40.589 log.ts:179 [debug 11:16:40 ] [播放速率] 设置播放速率为 1x
11:16:40.589 log.ts:179 [debug 11:16:40 ] [视频事件] Video playing, applying settings...
11:16:40.593 log.ts:179 [debug 11:16:40 ] 拦截到HTTP请求: /learn/app/clientapi/course/play/queryStatus.do?courseWareId=1708932724584&courseId=N003284&bizType=0&bizId=&sid=DDFFB4A8903046B2B2A2C20195472FFA&os=99
11:16:40.772 utils.ts:137 unknown seeking事件触发 Event {isTrusted: true, type: 'seeking', target: video#course-video_html5_api.vjs-tech, currentTarget: video#course-video_html5_api.vjs-tech, eventPhase: 2, …}
11:16:40.775 log.ts:179 [debug 11:16:40 ] [视频事件] Video paused, attempting to resume...
11:16:40.781 log.ts:179 [debug 11:16:40 ] 拦截到HTTP请求: /learn/app/clientapi/course/bigdata/courseLearnTime.do?os=99&sid=DDFFB4A8903046B2B2A2C20195472FFA
11:16:41.053 utils.ts:137 unknown seeked事件触发 Event {isTrusted: true, type: 'seeked', target: video#course-video_html5_api.vjs-tech, currentTarget: video#course-video_html5_api.vjs-tech, eventPhase: 2, …}
11:16:41.580 log.ts:179 [debug 11:16:41 ] [播放速率] 设置播放速率为 1x
11:16:41.580 log.ts:179 [debug 11:16:41 ] [静音设置] 设置静音状态为 true
11:16:41.580 log.ts:179 [debug 11:16:41 ] [点击播放] 找到播放按钮，点击播放 button.vjs-big-play-button
11:16:41.583 log.ts:179 [debug 11:16:41 ] [静音设置] 设置静音状态为 true
11:16:41.583 log.ts:179 [debug 11:16:41 ] [播放速率] 设置播放速率为 1x
11:16:41.583 log.ts:179 [debug 11:16:41 ] [视频事件] Video playing, applying settings...
11:16:41.587 log.ts:179 [debug 11:16:41 ] 拦截到HTTP请求: /learn/app/getGlobalTimestamp.do?os=99&sid=DDFFB4A8903046B2B2A2C20195472FFA
11:16:41.589 log.ts:179 [debug 11:16:41 ] 拦截到HTTP请求: /learn/app/clientapi/course/play/queryStatus.do?courseWareId=1708932724584&courseId=N003284&bizType=0&bizId=&sid=DDFFB4A8903046B2B2A2C20195472FFA&os=99
11:16:41.748 utils.ts:137 unknown seeking事件触发 Event {isTrusted: true, type: 'seeking', target: video#course-video_html5_api.vjs-tech, currentTarget: video#course-video_html5_api.vjs-tech, eventPhase: 2, …}
11:16:41.751 log.ts:179 [debug 11:16:41 ] [视频事件] Video paused, attempting to resume...
11:16:41.873 log.ts:179 [debug 11:16:41 ] 拦截到HTTP请求: /learn/app/clientapi/course/bigdata/courseLearnTime.do?os=99&sid=DDFFB4A8903046B2B2A2C20195472FFA
11:16:42.050 utils.ts:137 unknown seeked事件触发 Event {isTrusted: true, type: 'seeked', target: video#course-video_html5_api.vjs-tech, currentTarget: video#course-video_html5_api.vjs-tech, eventPhase: 2, …}
11:16:42.583 log.ts:179 [debug 11:16:42 ] [播放速率] 设置播放速率为 1x
11:16:42.583 log.ts:179 [debug 11:16:42 ] [静音设置] 设置静音状态为 true
11:16:42.583 log.ts:179 [debug 11:16:42 ] [点击播放] 找到播放按钮，点击播放 button.vjs-big-play-button
11:16:42.585 log.ts:179 [debug 11:16:42 ] [静音设置] 设置静音状态为 true
11:16:42.585 log.ts:179 [debug 11:16:42 ] [播放速率] 设置播放速率为 1x
11:16:42.585 log.ts:179 [debug 11:16:42 ] [视频事件] Video playing, applying settings...
11:16:42.588 log.ts:179 [debug 11:16:42 ] 拦截到HTTP请求: /learn/app/clientapi/course/play/queryStatus.do?courseWareId=1708932724584&courseId=N003284&bizType=0&bizId=&sid=DDFFB4A8903046B2B2A2C20195472FFA&os=99
11:16:42.740 utils.ts:137 unknown seeking事件触发 Event {isTrusted: true, type: 'seeking', target: video#course-video_html5_api.vjs-tech, currentTarget: video#course-video_html5_api.vjs-tech, eventPhase: 2, …}
11:16:42.741 log.ts:179 [debug 11:16:42 ] [视频事件] Video paused, attempting to resume...
11:16:42.746 log.ts:179 [debug 11:16:42 ] 拦截到HTTP请求: /learn/app/clientapi/course/bigdata/courseLearnTime.do?os=99&sid=DDFFB4A8903046B2B2A2C20195472FFA
11:16:42.989 utils.ts:137 unknown seeked事件触发 Event {isTrusted: true, type: 'seeked', target: video#course-video_html5_api.vjs-tech, currentTarget: video#course-video_html5_api.vjs-tech, eventPhase: 2, …}
11:16:43.591 log.ts:179 [debug 11:16:43 ] [播放速率] 设置播放速率为 1x
11:16:43.592 log.ts:179 [debug 11:16:43 ] [静音设置] 设置静音状态为 true
11:16:43.592 log.ts:179 [debug 11:16:43 ] [点击播放] 找到播放按钮，点击播放 button.vjs-big-play-button
11:16:43.595 log.ts:179 [debug 11:16:43 ] [静音设置] 设置静音状态为 true
11:16:43.595 log.ts:179 [debug 11:16:43 ] [播放速率] 设置播放速率为 1x
11:16:43.596 log.ts:179 [debug 11:16:43 ] [视频事件] Video playing, applying settings...
11:16:43.600 log.ts:179 [debug 11:16:43 ] 拦截到HTTP请求: /learn/app/getGlobalTimestamp.do?os=99&sid=DDFFB4A8903046B2B2A2C20195472FFA
11:16:43.601 log.ts:179 [debug 11:16:43 ] 拦截到HTTP请求: /learn/app/clientapi/course/play/queryStatus.do?courseWareId=1708932724584&courseId=N003284&bizType=0&bizId=&sid=DDFFB4A8903046B2B2A2C20195472FFA&os=99
11:16:43.726 utils.ts:137 unknown seeking事件触发 Event {isTrusted: true, type: 'seeking', target: video#course-video_html5_api.vjs-tech, currentTarget: video#course-video_html5_api.vjs-tech, eventPhase: 2, …}
11:16:43.729 log.ts:179 [debug 11:16:43 ] [视频事件] Video paused, attempting to resume...
11:16:43.818 log.ts:179 [debug 11:16:43 ] 拦截到HTTP请求: /learn/app/clientapi/course/bigdata/courseLearnTime.do?os=99&sid=DDFFB4A8903046B2B2A2C20195472FFA
11:16:43.967 utils.ts:137 unknown seeked事件触发 Event {isTrusted: true, type: 'seeked', target: video#course-video_html5_api.vjs-tech, currentTarget: video#course-video_html5_api.vjs-tech, eventPhase: 2, …}
11:16:44.591 log.ts:179 [debug 11:16:44 ] [播放速率] 设置播放速率为 1x
11:16:44.592 log.ts:179 [debug 11:16:44 ] [静音设置] 设置静音状态为 true
11:16:44.592 log.ts:179 [debug 11:16:44 ] [点击播放] 找到播放按钮，点击播放 button.vjs-big-play-button
11:16:44.594 log.ts:179 [debug 11:16:44 ] [静音设置] 设置静音状态为 true
11:16:44.595 log.ts:179 [debug 11:16:44 ] [播放速率] 设置播放速率为 1x
11:16:44.595 log.ts:179 [debug 11:16:44 ] [视频事件] Video playing, applying settings...
11:16:44.598 log.ts:179 [debug 11:16:44 ] 拦截到HTTP请求: /learn/app/clientapi/course/play/queryStatus.do?courseWareId=1708932724584&courseId=N003284&bizType=0&bizId=&sid=DDFFB4A8903046B2B2A2C20195472FFA&os=99
11:16:44.745 utils.ts:137 unknown seeking事件触发 Event {isTrusted: true, type: 'seeking', target: video#course-video_html5_api.vjs-tech, currentTarget: video#course-video_html5_api.vjs-tech, eventPhase: 2, …}
11:16:44.747 log.ts:179 [debug 11:16:44 ] [视频事件] Video paused, attempting to resume...
11:16:44.754 log.ts:179 [debug 11:16:44 ] 拦截到HTTP请求: /learn/app/clientapi/course/bigdata/courseLearnTime.do?os=99&sid=DDFFB4A8903046B2B2A2C20195472FFA
11:16:45.125 utils.ts:137 unknown seeked事件触发 Event {isTrusted: true, type: 'seeked', target: video#course-video_html5_api.vjs-tech, currentTarget: video#course-video_html5_api.vjs-tech, eventPhase: 2, …}
11:16:45.586 log.ts:179 [debug 11:16:45 ] [播放速率] 设置播放速率为 1x
11:16:45.586 log.ts:179 [debug 11:16:45 ] [静音设置] 设置静音状态为 true
11:16:45.586 log.ts:179 [debug 11:16:45 ] [点击播放] 找到播放按钮，点击播放 button.vjs-big-play-button
11:16:45.589 log.ts:179 [debug 11:16:45 ] [静音设置] 设置静音状态为 true
11:16:45.590 log.ts:179 [debug 11:16:45 ] [播放速率] 设置播放速率为 1x
11:16:45.590 log.ts:179 [debug 11:16:45 ] [视频事件] Video playing, applying settings...
11:16:45.603 log.ts:179 [debug 11:16:45 ] 拦截到HTTP请求: /learn/app/getGlobalTimestamp.do?os=99&sid=DDFFB4A8903046B2B2A2C20195472FFA
11:16:45.605 log.ts:179 [debug 11:16:45 ] 拦截到HTTP请求: /learn/app/clientapi/course/play/queryStatus.do?courseWareId=1708932724584&courseId=N003284&bizType=0&bizId=&sid=DDFFB4A8903046B2B2A2C20195472FFA&os=99
11:16:45.755 utils.ts:137 unknown seeking事件触发 Event {isTrusted: true, type: 'seeking', target: video#course-video_html5_api.vjs-tech, currentTarget: video#course-video_html5_api.vjs-tech, eventPhase: 2, …}
11:16:45.758 log.ts:179 [debug 11:16:45 ] [视频事件] Video paused, attempting to resume...
11:16:45.833 log.ts:179 [debug 11:16:45 ] 拦截到HTTP请求: /learn/app/clientapi/course/bigdata/courseLearnTime.do?os=99&sid=DDFFB4A8903046B2B2A2C20195472FFA
11:16:46.061 utils.ts:137 unknown seeked事件触发 Event {isTrusted: true, type: 'seeked', target: video#course-video_html5_api.vjs-tech, currentTarget: video#course-video_html5_api.vjs-tech, eventPhase: 2, …}
11:16:46.580 log.ts:179 [debug 11:16:46 ] [播放速率] 设置播放速率为 1x
11:16:46.580 log.ts:179 [debug 11:16:46 ] [静音设置] 设置静音状态为 true
11:16:46.580 log.ts:179 [debug 11:16:46 ] [点击播放] 找到播放按钮，点击播放 button.vjs-big-play-button
11:16:46.582 log.ts:179 [debug 11:16:46 ] [静音设置] 设置静音状态为 true
11:16:46.582 log.ts:179 [debug 11:16:46 ] [播放速率] 设置播放速率为 1x
11:16:46.582 log.ts:179 [debug 11:16:46 ] [视频事件] Video playing, applying settings...
11:16:46.585 log.ts:179 [debug 11:16:46 ] 拦截到HTTP请求: /learn/app/clientapi/course/play/queryStatus.do?courseWareId=1708932724584&courseId=N003284&bizType=0&bizId=&sid=DDFFB4A8903046B2B2A2C20195472FFA&os=99
11:16:46.729 utils.ts:137 unknown seeking事件触发 Event {isTrusted: true, type: 'seeking', target: video#course-video_html5_api.vjs-tech, currentTarget: video#course-video_html5_api.vjs-tech, eventPhase: 2, …}
11:16:46.732 log.ts:179 [debug 11:16:46 ] [视频事件] Video paused, attempting to resume...
11:16:46.741 log.ts:179 [debug 11:16:46 ] 拦截到HTTP请求: /learn/app/clientapi/course/bigdata/courseLearnTime.do?os=99&sid=DDFFB4A8903046B2B2A2C20195472FFA
11:16:46.976 utils.ts:137 unknown seeked事件触发 Event {isTrusted: true, type: 'seeked', target: video#course-video_html5_api.vjs-tech, currentTarget: video#course-video_html5_api.vjs-tech, eventPhase: 2, …}
11:16:47.588 log.ts:179 [debug 11:16:47 ] [播放速率] 设置播放速率为 1x
11:16:47.588 log.ts:179 [debug 11:16:47 ] [静音设置] 设置静音状态为 true
11:16:47.588 log.ts:179 [debug 11:16:47 ] [点击播放] 找到播放按钮，点击播放 button.vjs-big-play-button
11:16:47.591 log.ts:179 [debug 11:16:47 ] [静音设置] 设置静音状态为 true
11:16:47.591 log.ts:179 [debug 11:16:47 ] [播放速率] 设置播放速率为 1x
11:16:47.592 log.ts:179 [debug 11:16:47 ] [视频事件] Video playing, applying settings...
11:16:47.596 log.ts:179 [debug 11:16:47 ] 拦截到HTTP请求: /learn/app/getGlobalTimestamp.do?os=99&sid=DDFFB4A8903046B2B2A2C20195472FFA
11:16:47.596 log.ts:179 [debug 11:16:47 ] 拦截到HTTP请求: /learn/app/clientapi/course/play/queryStatus.do?courseWareId=1708932724584&courseId=N003284&bizType=0&bizId=&sid=DDFFB4A8903046B2B2A2C20195472FFA&os=99
11:16:47.717 utils.ts:137 unknown seeking事件触发 Event {isTrusted: true, type: 'seeking', target: video#course-video_html5_api.vjs-tech, currentTarget: video#course-video_html5_api.vjs-tech, eventPhase: 2, …}
11:16:47.720 log.ts:179 [debug 11:16:47 ] [视频事件] Video paused, attempting to resume...
11:16:47.741 log.ts:179 [debug 11:16:47 ] 拦截到HTTP请求: /learn/app/clientapi/course/bigdata/courseLearnTime.do?os=99&sid=DDFFB4A8903046B2B2A2C20195472FFA
11:16:47.971 utils.ts:137 unknown seeked事件触发 Event {isTrusted: true, type: 'seeked', target: video#course-video_html5_api.vjs-tech, currentTarget: video#course-video_html5_api.vjs-tech, eventPhase: 2, …}
11:16:48.580 log.ts:179 [debug 11:16:48 ] [播放速率] 设置播放速率为 1x
11:16:48.580 log.ts:179 [debug 11:16:48 ] [静音设置] 设置静音状态为 true
11:16:48.581 log.ts:179 [debug 11:16:48 ] [点击播放] 找到播放按钮，点击播放 button.vjs-big-play-button
11:16:48.585 log.ts:179 [debug 11:16:48 ] [静音设置] 设置静音状态为 true
11:16:48.585 log.ts:179 [debug 11:16:48 ] [播放速率] 设置播放速率为 1x
11:16:48.585 log.ts:179 [debug 11:16:48 ] [视频事件] Video playing, applying settings...
11:16:48.588 log.ts:179 [debug 11:16:48 ] 拦截到HTTP请求: /learn/app/clientapi/course/play/queryStatus.do?courseWareId=1708932724584&courseId=N003284&bizType=0&bizId=&sid=DDFFB4A8903046B2B2A2C20195472FFA&os=99
11:16:48.739 utils.ts:137 unknown seeking事件触发 Event {isTrusted: true, type: 'seeking', target: video#course-video_html5_api.vjs-tech, currentTarget: video#course-video_html5_api.vjs-tech, eventPhase: 2, …}
11:16:48.743 log.ts:179 [debug 11:16:48 ] [视频事件] Video paused, attempting to resume...
11:16:48.748 log.ts:179 [debug 11:16:48 ] 拦截到HTTP请求: /learn/app/clientapi/course/bigdata/courseLearnTime.do?os=99&sid=DDFFB4A8903046B2B2A2C20195472FFA
11:16:48.984 utils.ts:137 unknown seeked事件触发 Event {isTrusted: true, type: 'seeked', target: video#course-video_html5_api.vjs-tech, currentTarget: video#course-video_html5_api.vjs-tech, eventPhase: 2, …}
11:16:49.579 log.ts:179 [debug 11:16:49 ] [播放速率] 设置播放速率为 1x
11:16:49.580 log.ts:179 [debug 11:16:49 ] [静音设置] 设置静音状态为 true
11:16:49.580 log.ts:179 [debug 11:16:49 ] [点击播放] 找到播放按钮，点击播放 button.vjs-big-play-button
11:16:49.585 log.ts:179 [debug 11:16:49 ] [静音设置] 设置静音状态为 true
11:16:49.585 log.ts:179 [debug 11:16:49 ] [播放速率] 设置播放速率为 1x
11:16:49.586 log.ts:179 [debug 11:16:49 ] [视频事件] Video playing, applying settings...
11:16:49.590 log.ts:179 [debug 11:16:49 ] 拦截到HTTP请求: /learn/app/getGlobalTimestamp.do?os=99&sid=DDFFB4A8903046B2B2A2C20195472FFA
11:16:49.592 log.ts:179 [debug 11:16:49 ] 拦截到HTTP请求: /learn/app/clientapi/course/play/queryStatus.do?courseWareId=1708932724584&courseId=N003284&bizType=0&bizId=&sid=DDFFB4A8903046B2B2A2C20195472FFA&os=99
11:16:49.755 utils.ts:137 unknown seeking事件触发 Event {isTrusted: true, type: 'seeking', target: video#course-video_html5_api.vjs-tech, currentTarget: video#course-video_html5_api.vjs-tech, eventPhase: 2, …}
11:16:49.757 log.ts:179 [debug 11:16:49 ] [视频事件] Video paused, attempting to resume...
11:16:49.802 log.ts:179 [debug 11:16:49 ] 拦截到HTTP请求: /learn/app/clientapi/course/bigdata/courseLearnTime.do?os=99&sid=DDFFB4A8903046B2B2A2C20195472FFA
11:16:49.998 utils.ts:137 unknown seeked事件触发 Event {isTrusted: true, type: 'seeked', target: video#course-video_html5_api.vjs-tech, currentTarget: video#course-video_html5_api.vjs-tech, eventPhase: 2, …}
11:16:50.585 log.ts:179 [debug 11:16:50 ] [播放速率] 设置播放速率为 1x
11:16:50.585 log.ts:179 [debug 11:16:50 ] [静音设置] 设置静音状态为 true
11:16:50.585 log.ts:179 [debug 11:16:50 ] [点击播放] 找到播放按钮，点击播放 button.vjs-big-play-button
11:16:50.590 log.ts:179 [debug 11:16:50 ] [静音设置] 设置静音状态为 true
11:16:50.590 log.ts:179 [debug 11:16:50 ] [播放速率] 设置播放速率为 1x
11:16:50.591 log.ts:179 [debug 11:16:50 ] [视频事件] Video playing, applying settings...
11:16:50.595 log.ts:179 [debug 11:16:50 ] 拦截到HTTP请求: /learn/app/clientapi/course/play/queryStatus.do?courseWareId=1708932724584&courseId=N003284&bizType=0&bizId=&sid=DDFFB4A8903046B2B2A2C20195472FFA&os=99
11:16:50.826 utils.ts:137 unknown seeking事件触发 Event {isTrusted: true, type: 'seeking', target: video#course-video_html5_api.vjs-tech, currentTarget: video#course-video_html5_api.vjs-tech, eventPhase: 2, …}
11:16:50.831 log.ts:179 [debug 11:16:50 ] [视频事件] Video paused, attempting to resume...
11:16:50.840 log.ts:179 [debug 11:16:50 ] 拦截到HTTP请求: /learn/app/clientapi/course/bigdata/courseLearnTime.do?os=99&sid=DDFFB4A8903046B2B2A2C20195472FFA
11:16:51.076 utils.ts:137 unknown seeked事件触发 Event {isTrusted: true, type: 'seeked', target: video#course-video_html5_api.vjs-tech, currentTarget: video#course-video_html5_api.vjs-tech, eventPhase: 2, …}
11:16:51.584 log.ts:179 [debug 11:16:51 ] [播放速率] 设置播放速率为 1x
11:16:51.584 log.ts:179 [debug 11:16:51 ] [静音设置] 设置静音状态为 true
11:16:51.584 log.ts:179 [debug 11:16:51 ] [点击播放] 找到播放按钮，点击播放 button.vjs-big-play-button
11:16:51.595 log.ts:179 [debug 11:16:51 ] [静音设置] 设置静音状态为 true
11:16:51.595 log.ts:179 [debug 11:16:51 ] [播放速率] 设置播放速率为 1x
11:16:51.595 log.ts:179 [debug 11:16:51 ] [视频事件] Video playing, applying settings...
11:16:51.601 log.ts:179 [debug 11:16:51 ] 拦截到HTTP请求: /learn/app/getGlobalTimestamp.do?os=99&sid=DDFFB4A8903046B2B2A2C20195472FFA
11:16:51.602 log.ts:179 [debug 11:16:51 ] 拦截到HTTP请求: /learn/app/clientapi/course/play/queryStatus.do?courseWareId=1708932724584&courseId=N003284&bizType=0&bizId=&sid=DDFFB4A8903046B2B2A2C20195472FFA&os=99
11:16:51.825 utils.ts:137 unknown seeking事件触发 Event {isTrusted: true, type: 'seeking', target: video#course-video_html5_api.vjs-tech, currentTarget: video#course-video_html5_api.vjs-tech, eventPhase: 2, …}
11:16:51.828 log.ts:179 [debug 11:16:51 ] [视频事件] Video paused, attempting to resume...
11:16:51.889 log.ts:179 [debug 11:16:51 ] 拦截到HTTP请求: /learn/app/clientapi/course/bigdata/courseLearnTime.do?os=99&sid=DDFFB4A8903046B2B2A2C20195472FFA
11:16:52.081 utils.ts:137 unknown seeked事件触发 Event {isTrusted: true, type: 'seeked', target: video#course-video_html5_api.vjs-tech, currentTarget: video#course-video_html5_api.vjs-tech, eventPhase: 2, …}
11:16:52.578 log.ts:179 [debug 11:16:52 ] [播放速率] 设置播放速率为 1x
11:16:52.578 log.ts:179 [debug 11:16:52 ] [静音设置] 设置静音状态为 true
11:16:52.578 log.ts:179 [debug 11:16:52 ] [点击播放] 找到播放按钮，点击播放 button.vjs-big-play-button
11:16:52.583 log.ts:179 [debug 11:16:52 ] [静音设置] 设置静音状态为 true
11:16:52.583 log.ts:179 [debug 11:16:52 ] [播放速率] 设置播放速率为 1x
11:16:52.584 log.ts:179 [debug 11:16:52 ] [视频事件] Video playing, applying settings...
11:16:52.591 log.ts:179 [debug 11:16:52 ] 拦截到HTTP请求: /learn/app/clientapi/course/play/queryStatus.do?courseWareId=1708932724584&courseId=N003284&bizType=0&bizId=&sid=DDFFB4A8903046B2B2A2C20195472FFA&os=99
11:16:52.812 utils.ts:137 unknown seeking事件触发 Event {isTrusted: true, type: 'seeking', target: video#course-video_html5_api.vjs-tech, currentTarget: video#course-video_html5_api.vjs-tech, eventPhase: 2, …}
11:16:52.816 log.ts:179 [debug 11:16:52 ] [视频事件] Video paused, attempting to resume...
11:16:52.820 log.ts:179 [debug 11:16:52 ] 拦截到HTTP请求: /learn/app/clientapi/course/bigdata/courseLearnTime.do?os=99&sid=DDFFB4A8903046B2B2A2C20195472FFA
11:16:53.054 utils.ts:137 unknown seeked事件触发 Event {isTrusted: true, type: 'seeked', target: video#course-video_html5_api.vjs-tech, currentTarget: video#course-video_html5_api.vjs-tech, eventPhase: 2, …}
11:16:53.587 log.ts:179 [debug 11:16:53 ] [播放速率] 设置播放速率为 1x
11:16:53.588 log.ts:179 [debug 11:16:53 ] [静音设置] 设置静音状态为 true
11:16:53.588 log.ts:179 [debug 11:16:53 ] [点击播放] 找到播放按钮，点击播放 button.vjs-big-play-button
11:16:53.591 log.ts:179 [debug 11:16:53 ] [静音设置] 设置静音状态为 true
11:16:53.591 log.ts:179 [debug 11:16:53 ] [播放速率] 设置播放速率为 1x
11:16:53.591 log.ts:179 [debug 11:16:53 ] [视频事件] Video playing, applying settings...
11:16:53.593 log.ts:179 [debug 11:16:53 ] 拦截到HTTP请求: /learn/app/getGlobalTimestamp.do?os=99&sid=DDFFB4A8903046B2B2A2C20195472FFA
11:16:53.594 log.ts:179 [debug 11:16:53 ] 拦截到HTTP请求: /learn/app/clientapi/course/play/queryStatus.do?courseWareId=1708932724584&courseId=N003284&bizType=0&bizId=&sid=DDFFB4A8903046B2B2A2C20195472FFA&os=99
11:16:53.745 utils.ts:137 unknown seeking事件触发 Event {isTrusted: true, type: 'seeking', target: video#course-video_html5_api.vjs-tech, currentTarget: video#course-video_html5_api.vjs-tech, eventPhase: 2, …}
11:16:53.747 log.ts:179 [debug 11:16:53 ] [视频事件] Video paused, attempting to resume...
11:16:53.832 log.ts:179 [debug 11:16:53 ] 拦截到HTTP请求: /learn/app/clientapi/course/bigdata/courseLearnTime.do?os=99&sid=DDFFB4A8903046B2B2A2C20195472FFA
11:16:53.991 utils.ts:137 unknown seeked事件触发 Event {isTrusted: true, type: 'seeked', target: video#course-video_html5_api.vjs-tech, currentTarget: video#course-video_html5_api.vjs-tech, eventPhase: 2, …}
11:16:54.574 log.ts:179 [debug 11:16:54 ] [播放速率] 设置播放速率为 1x
11:16:54.575 log.ts:179 [debug 11:16:54 ] [静音设置] 设置静音状态为 true
11:16:54.575 log.ts:179 [debug 11:16:54 ] [点击播放] 找到播放按钮，点击播放 button.vjs-big-play-button
11:16:54.583 log.ts:179 [debug 11:16:54 ] [静音设置] 设置静音状态为 true
11:16:54.585 log.ts:179 [debug 11:16:54 ] [播放速率] 设置播放速率为 1x
11:16:54.586 log.ts:179 [debug 11:16:54 ] [视频事件] Video playing, applying settings...
11:16:54.593 log.ts:179 [debug 11:16:54 ] 拦截到HTTP请求: /learn/app/clientapi/course/play/queryStatus.do?courseWareId=1708932724584&courseId=N003284&bizType=0&bizId=&sid=DDFFB4A8903046B2B2A2C20195472FFA&os=99
11:16:54.738 utils.ts:137 unknown seeking事件触发 Event {isTrusted: true, type: 'seeking', target: video#course-video_html5_api.vjs-tech, currentTarget: video#course-video_html5_api.vjs-tech, eventPhase: 2, …}
11:16:54.743 log.ts:179 [debug 11:16:54 ] [视频事件] Video paused, attempting to resume...
11:16:54.750 log.ts:179 [debug 11:16:54 ] 拦截到HTTP请求: /learn/app/clientapi/course/bigdata/courseLearnTime.do?os=99&sid=DDFFB4A8903046B2B2A2C20195472FFA
11:16:54.985 utils.ts:137 unknown seeked事件触发 Event {isTrusted: true, type: 'seeked', target: video#course-video_html5_api.vjs-tech, currentTarget: video#course-video_html5_api.vjs-tech, eventPhase: 2, …}
11:16:55.585 log.ts:179 [debug 11:16:55 ] [播放速率] 设置播放速率为 1x
11:16:55.586 log.ts:179 [debug 11:16:55 ] [静音设置] 设置静音状态为 true
11:16:55.586 log.ts:179 [debug 11:16:55 ] [点击播放] 找到播放按钮，点击播放 button.vjs-big-play-button
11:16:55.590 log.ts:179 [debug 11:16:55 ] [静音设置] 设置静音状态为 true
11:16:55.590 log.ts:179 [debug 11:16:55 ] [播放速率] 设置播放速率为 1x
11:16:55.592 log.ts:179 [debug 11:16:55 ] [视频事件] Video playing, applying settings...
11:16:55.596 log.ts:179 [debug 11:16:55 ] 拦截到HTTP请求: /learn/app/getGlobalTimestamp.do?os=99&sid=DDFFB4A8903046B2B2A2C20195472FFA
11:16:55.597 log.ts:179 [debug 11:16:55 ] 拦截到HTTP请求: /learn/app/clientapi/course/play/queryStatus.do?courseWareId=1708932724584&courseId=N003284&bizType=0&bizId=&sid=DDFFB4A8903046B2B2A2C20195472FFA&os=99
11:16:55.757 log.ts:179 [debug 11:16:55 ] 拦截到HTTP请求: /learn/app/clientapi/course/bigdata/courseLearnTime.do?os=99&sid=DDFFB4A8903046B2B2A2C20195472FFA
11:16:55.764 utils.ts:137 unknown seeking事件触发 Event {isTrusted: true, type: 'seeking', target: video#course-video_html5_api.vjs-tech, currentTarget: video#course-video_html5_api.vjs-tech, eventPhase: 2, …}
11:16:55.766 log.ts:179 [debug 11:16:55 ] [视频事件] Video paused, attempting to resume...
11:16:55.771 log.ts:179 [debug 11:16:55 ] 拦截到HTTP请求: /learn/app/clientapi/course/bigdata/courseLearnTime.do?os=99&sid=DDFFB4A8903046B2B2A2C20195472FFA
11:16:55.776 (索引):1  Uncaught (in promise) t {message: undefined}
Promise.then
(匿名) @ 8222.6209a852.chunk.js:1
u @ 9561.4bf2dc71.js:2
(匿名) @ 9561.4bf2dc71.js:2
(匿名) @ 9561.4bf2dc71.js:2
r @ 9561.4bf2dc71.js:2
s @ 9561.4bf2dc71.js:2
Promise.then
r @ 9561.4bf2dc71.js:2
s @ 9561.4bf2dc71.js:2
(匿名) @ 9561.4bf2dc71.js:2
(匿名) @ 9561.4bf2dc71.js:2
(匿名) @ 8222.6209a852.chunk.js:1
u @ 9561.4bf2dc71.js:2
(匿名) @ 9561.4bf2dc71.js:2
(匿名) @ 9561.4bf2dc71.js:2
r @ 9561.4bf2dc71.js:2
s @ 9561.4bf2dc71.js:2
(匿名) @ 9561.4bf2dc71.js:2
(匿名) @ 9561.4bf2dc71.js:2
m @ 9561.4bf2dc71.js:2
w @ 9561.4bf2dc71.js:2
(匿名) @ 9561.4bf2dc71.js:2
E @ 9561.4bf2dc71.js:2
C @ 9561.4bf2dc71.js:2
S @ 9561.4bf2dc71.js:2
D @ 9561.4bf2dc71.js:2
kn @ 9561.4bf2dc71.js:2
le @ 9561.4bf2dc71.js:2
Dn @ 9561.4bf2dc71.js:2
zn @ 9561.4bf2dc71.js:2
An @ 9561.4bf2dc71.js:2
t.unstable_runWithPriority @ 9561.4bf2dc71.js:2
qo @ 9561.4bf2dc71.js:2
se @ 9561.4bf2dc71.js:2
Tn @ 9561.4bf2dc71.js:2
play
(匿名) @ 8222.6209a852.chunk.js:1
clickPlayButton @ video.ts:147
eval @ video.ts:177
setTimeout
eval @ video.ts:175
11:16:55.999 utils.ts:137 unknown seeked事件触发 Event {isTrusted: true, type: 'seeked', target: video#course-video_html5_api.vjs-tech, currentTarget: video#course-video_html5_api.vjs-tech, eventPhase: 2, …}
11:16:56.593 log.ts:179 [debug 11:16:56 ] [播放速率] 设置播放速率为 1x
11:16:56.594 log.ts:179 [debug 11:16:56 ] [静音设置] 设置静音状态为 true
11:16:56.594 log.ts:179 [debug 11:16:56 ] [点击播放] 找到播放按钮，点击播放 button.vjs-big-play-button
11:16:56.597 log.ts:179 [debug 11:16:56 ] [静音设置] 设置静音状态为 true
11:16:56.597 log.ts:179 [debug 11:16:56 ] [播放速率] 设置播放速率为 1x
11:16:56.597 log.ts:179 [debug 11:16:56 ] [视频事件] Video playing, applying settings...
11:16:56.602 log.ts:179 [debug 11:16:56 ] 拦截到HTTP请求: /learn/app/getGlobalTimestamp.do?os=99&sid=DDFFB4A8903046B2B2A2C20195472FFA
11:16:56.604 log.ts:179 [debug 11:16:56 ] 拦截到HTTP请求: /learn/app/clientapi/course/play/queryStatus.do?courseWareId=1708932724584&courseId=N003284&bizType=0&bizId=&sid=DDFFB4A8903046B2B2A2C20195472FFA&os=99
11:16:56.804 utils.ts:137 unknown seeking事件触发 Event {isTrusted: true, type: 'seeking', target: video#course-video_html5_api.vjs-tech, currentTarget: video#course-video_html5_api.vjs-tech, eventPhase: 2, …}
11:16:56.808 log.ts:179 [debug 11:16:56 ] [视频事件] Video paused, attempting to resume...
11:16:56.833 log.ts:179 [debug 11:16:56 ] 拦截到HTTP请求: /learn/app/clientapi/course/bigdata/courseLearnTime.do?os=99&sid=DDFFB4A8903046B2B2A2C20195472FFA
11:16:57.065 utils.ts:137 unknown seeked事件触发 Event {isTrusted: true, type: 'seeked', target: video#course-video_html5_api.vjs-tech, currentTarget: video#course-video_html5_api.vjs-tech, eventPhase: 2, …}
11:16:57.592 log.ts:179 [debug 11:16:57 ] [播放速率] 设置播放速率为 1x
11:16:57.593 log.ts:179 [debug 11:16:57 ] [静音设置] 设置静音状态为 true
11:16:57.593 log.ts:179 [debug 11:16:57 ] [点击播放] 找到播放按钮，点击播放 button.vjs-big-play-button
11:16:57.595 log.ts:179 [debug 11:16:57 ] [静音设置] 设置静音状态为 true
11:16:57.595 log.ts:179 [debug 11:16:57 ] [播放速率] 设置播放速率为 1x
11:16:57.595 log.ts:179 [debug 11:16:57 ] [视频事件] Video playing, applying settings...
11:16:57.636 log.ts:179 [debug 11:16:57 ] 拦截到HTTP请求: /learn/app/clientapi/course/play/queryStatus.do?courseWareId=1708932724584&courseId=N003284&bizType=0&bizId=&sid=DDFFB4A8903046B2B2A2C20195472FFA&os=99
11:16:57.810 utils.ts:137 unknown seeking事件触发 Event {isTrusted: true, type: 'seeking', target: video#course-video_html5_api.vjs-tech, currentTarget: video#course-video_html5_api.vjs-tech, eventPhase: 2, …}
11:16:57.814 log.ts:179 [debug 11:16:57 ] [视频事件] Video paused, attempting to resume...
11:16:57.831 log.ts:179 [debug 11:16:57 ] 拦截到HTTP请求: /learn/app/clientapi/course/bigdata/courseLearnTime.do?os=99&sid=DDFFB4A8903046B2B2A2C20195472FFA
11:16:58.081 utils.ts:137 unknown seeked事件触发 Event {isTrusted: true, type: 'seeked', target: video#course-video_html5_api.vjs-tech, currentTarget: video#course-video_html5_api.vjs-tech, eventPhase: 2, …}
11:16:58.581 log.ts:179 [debug 11:16:58 ] [播放速率] 设置播放速率为 1x
11:16:58.581 log.ts:179 [debug 11:16:58 ] [静音设置] 设置静音状态为 true
11:16:58.581 log.ts:179 [debug 11:16:58 ] [点击播放] 找到播放按钮，点击播放 button.vjs-big-play-button
11:16:58.589 log.ts:179 [debug 11:16:58 ] [静音设置] 设置静音状态为 true
11:16:58.589 log.ts:179 [debug 11:16:58 ] [播放速率] 设置播放速率为 1x
11:16:58.589 log.ts:179 [debug 11:16:58 ] [视频事件] Video playing, applying settings...
11:16:58.596 log.ts:179 [debug 11:16:58 ] 拦截到HTTP请求: /learn/app/getGlobalTimestamp.do?os=99&sid=DDFFB4A8903046B2B2A2C20195472FFA
11:16:58.601 log.ts:179 [debug 11:16:58 ] 拦截到HTTP请求: /learn/app/clientapi/course/play/queryStatus.do?courseWareId=1708932724584&courseId=N003284&bizType=0&bizId=&sid=DDFFB4A8903046B2B2A2C20195472FFA&os=99
11:16:58.792 utils.ts:137 unknown seeking事件触发 Event {isTrusted: true, type: 'seeking', target: video#course-video_html5_api.vjs-tech, currentTarget: video#course-video_html5_api.vjs-tech, eventPhase: 2, …}
11:16:58.795 log.ts:179 [debug 11:16:58 ] [视频事件] Video paused, attempting to resume...
11:16:58.832 log.ts:179 [debug 11:16:58 ] 拦截到HTTP请求: /learn/app/clientapi/course/bigdata/courseLearnTime.do?os=99&sid=DDFFB4A8903046B2B2A2C20195472FFA
11:16:59.030 utils.ts:137 unknown seeked事件触发 Event {isTrusted: true, type: 'seeked', target: video#course-video_html5_api.vjs-tech, currentTarget: video#course-video_html5_api.vjs-tech, eventPhase: 2, …}
11:16:59.602 log.ts:179 [debug 11:16:59 ] [播放速率] 设置播放速率为 1x
11:16:59.602 log.ts:179 [debug 11:16:59 ] [静音设置] 设置静音状态为 true
11:16:59.602 log.ts:179 [debug 11:16:59 ] [点击播放] 找到播放按钮，点击播放 button.vjs-big-play-button
11:16:59.605 log.ts:179 [debug 11:16:59 ] [静音设置] 设置静音状态为 true
11:16:59.605 log.ts:179 [debug 11:16:59 ] [播放速率] 设置播放速率为 1x
11:16:59.605 log.ts:179 [debug 11:16:59 ] [视频事件] Video playing, applying settings...
11:16:59.609 log.ts:179 [debug 11:16:59 ] 拦截到HTTP请求: /learn/app/clientapi/course/play/queryStatus.do?courseWareId=1708932724584&courseId=N003284&bizType=0&bizId=&sid=DDFFB4A8903046B2B2A2C20195472FFA&os=99
11:16:59.772 utils.ts:137 unknown seeking事件触发 Event {isTrusted: true, type: 'seeking', target: video#course-video_html5_api.vjs-tech, currentTarget: video#course-video_html5_api.vjs-tech, eventPhase: 2, …}
11:16:59.775 log.ts:179 [debug 11:16:59 ] [视频事件] Video paused, attempting to resume...
11:16:59.780 log.ts:179 [debug 11:16:59 ] 拦截到HTTP请求: /learn/app/clientapi/course/bigdata/courseLearnTime.do?os=99&sid=DDFFB4A8903046B2B2A2C20195472FFA
11:17:00.011 utils.ts:137 unknown seeked事件触发 Event {isTrusted: true, type: 'seeked', target: video#course-video_html5_api.vjs-tech, currentTarget: video#course-video_html5_api.vjs-tech, eventPhase: 2, …}
11:17:00.589 log.ts:179 [debug 11:17:0 ] [播放速率] 设置播放速率为 1x
11:17:00.589 log.ts:179 [debug 11:17:0 ] [静音设置] 设置静音状态为 true
11:17:00.589 log.ts:179 [debug 11:17:0 ] [点击播放] 找到播放按钮，点击播放 button.vjs-big-play-button
11:17:00.592 log.ts:179 [debug 11:17:0 ] [静音设置] 设置静音状态为 true
11:17:00.592 log.ts:179 [debug 11:17:0 ] [播放速率] 设置播放速率为 1x
11:17:00.592 log.ts:179 [debug 11:17:0 ] [视频事件] Video playing, applying settings...
11:17:00.596 log.ts:179 [debug 11:17:0 ] 拦截到HTTP请求: /learn/app/getGlobalTimestamp.do?os=99&sid=DDFFB4A8903046B2B2A2C20195472FFA
11:17:00.597 log.ts:179 [debug 11:17:0 ] 拦截到HTTP请求: /learn/app/clientapi/course/play/queryStatus.do?courseWareId=1708932724584&courseId=N003284&bizType=0&bizId=&sid=DDFFB4A8903046B2B2A2C20195472FFA&os=99
11:17:00.749 utils.ts:137 unknown seeking事件触发 Event {isTrusted: true, type: 'seeking', target: video#course-video_html5_api.vjs-tech, currentTarget: video#course-video_html5_api.vjs-tech, eventPhase: 2, …}
11:17:00.751 log.ts:179 [debug 11:17:0 ] [视频事件] Video paused, attempting to resume...
11:17:00.829 log.ts:179 [debug 11:17:0 ] 拦截到HTTP请求: /learn/app/clientapi/course/bigdata/courseLearnTime.do?os=99&sid=DDFFB4A8903046B2B2A2C20195472FFA
11:17:00.997 utils.ts:137 unknown seeked事件触发 Event {isTrusted: true, type: 'seeked', target: video#course-video_html5_api.vjs-tech, currentTarget: video#course-video_html5_api.vjs-tech, eventPhase: 2, …}
11:17:01.587 log.ts:179 [debug 11:17:1 ] [播放速率] 设置播放速率为 1x
11:17:01.587 log.ts:179 [debug 11:17:1 ] [静音设置] 设置静音状态为 true
11:17:01.587 log.ts:179 [debug 11:17:1 ] [点击播放] 找到播放按钮，点击播放 button.vjs-big-play-button
11:17:01.590 log.ts:179 [debug 11:17:1 ] [静音设置] 设置静音状态为 true
11:17:01.590 log.ts:179 [debug 11:17:1 ] [播放速率] 设置播放速率为 1x
11:17:01.591 log.ts:179 [debug 11:17:1 ] [视频事件] Video playing, applying settings...
11:17:01.593 log.ts:179 [debug 11:17:1 ] 拦截到HTTP请求: /learn/app/clientapi/course/play/queryStatus.do?courseWareId=1708932724584&courseId=N003284&bizType=0&bizId=&sid=DDFFB4A8903046B2B2A2C20195472FFA&os=99
11:17:01.798 utils.ts:137 unknown seeking事件触发 Event {isTrusted: true, type: 'seeking', target: video#course-video_html5_api.vjs-tech, currentTarget: video#course-video_html5_api.vjs-tech, eventPhase: 2, …}
11:17:01.802 log.ts:179 [debug 11:17:1 ] [视频事件] Video paused, attempting to resume...
11:17:01.813 log.ts:179 [debug 11:17:1 ] 拦截到HTTP请求: /learn/app/clientapi/course/bigdata/courseLearnTime.do?os=99&sid=DDFFB4A8903046B2B2A2C20195472FFA
11:17:02.095 utils.ts:137 unknown seeked事件触发 Event {isTrusted: true, type: 'seeked', target: video#course-video_html5_api.vjs-tech, currentTarget: video#course-video_html5_api.vjs-tech, eventPhase: 2, …}
11:17:02.583 log.ts:179 [debug 11:17:2 ] [播放速率] 设置播放速率为 1x
11:17:02.583 log.ts:179 [debug 11:17:2 ] [静音设置] 设置静音状态为 true
11:17:02.583 log.ts:179 [debug 11:17:2 ] [点击播放] 找到播放按钮，点击播放 button.vjs-big-play-button
11:17:02.585 log.ts:179 [debug 11:17:2 ] [静音设置] 设置静音状态为 true
11:17:02.586 log.ts:179 [debug 11:17:2 ] [播放速率] 设置播放速率为 1x
11:17:02.586 log.ts:179 [debug 11:17:2 ] [视频事件] Video playing, applying settings...
11:17:02.591 log.ts:179 [debug 11:17:2 ] 拦截到HTTP请求: /learn/app/getGlobalTimestamp.do?os=99&sid=DDFFB4A8903046B2B2A2C20195472FFA
11:17:02.591 log.ts:179 [debug 11:17:2 ] 拦截到HTTP请求: /learn/app/clientapi/course/play/queryStatus.do?courseWareId=1708932724584&courseId=N003284&bizType=0&bizId=&sid=DDFFB4A8903046B2B2A2C20195472FFA&os=99
11:17:02.745 log.ts:179 [debug 11:17:2 ] 拦截到HTTP请求: /learn/app/clientapi/course/bigdata/courseLearnTime.do?os=99&sid=DDFFB4A8903046B2B2A2C20195472FFA
11:17:02.751 utils.ts:137 unknown seeking事件触发 Event {isTrusted: true, type: 'seeking', target: video#course-video_html5_api.vjs-tech, currentTarget: video#course-video_html5_api.vjs-tech, eventPhase: 2, …}
11:17:02.754 log.ts:179 [debug 11:17:2 ] [视频事件] Video paused, attempting to resume...
11:17:02.758 log.ts:179 [debug 11:17:2 ] 拦截到HTTP请求: /learn/app/clientapi/course/bigdata/courseLearnTime.do?os=99&sid=DDFFB4A8903046B2B2A2C20195472FFA
11:17:02.763 (索引):1  Uncaught (in promise) t {message: undefined}
Promise.then
(匿名) @ 8222.6209a852.chunk.js:1
u @ 9561.4bf2dc71.js:2
(匿名) @ 9561.4bf2dc71.js:2
(匿名) @ 9561.4bf2dc71.js:2
r @ 9561.4bf2dc71.js:2
s @ 9561.4bf2dc71.js:2
Promise.then
r @ 9561.4bf2dc71.js:2
s @ 9561.4bf2dc71.js:2
(匿名) @ 9561.4bf2dc71.js:2
(匿名) @ 9561.4bf2dc71.js:2
(匿名) @ 8222.6209a852.chunk.js:1
u @ 9561.4bf2dc71.js:2
(匿名) @ 9561.4bf2dc71.js:2
(匿名) @ 9561.4bf2dc71.js:2
r @ 9561.4bf2dc71.js:2
s @ 9561.4bf2dc71.js:2
(匿名) @ 9561.4bf2dc71.js:2
(匿名) @ 9561.4bf2dc71.js:2
m @ 9561.4bf2dc71.js:2
w @ 9561.4bf2dc71.js:2
(匿名) @ 9561.4bf2dc71.js:2
E @ 9561.4bf2dc71.js:2
C @ 9561.4bf2dc71.js:2
S @ 9561.4bf2dc71.js:2
D @ 9561.4bf2dc71.js:2
kn @ 9561.4bf2dc71.js:2
le @ 9561.4bf2dc71.js:2
Dn @ 9561.4bf2dc71.js:2
zn @ 9561.4bf2dc71.js:2
An @ 9561.4bf2dc71.js:2
t.unstable_runWithPriority @ 9561.4bf2dc71.js:2
qo @ 9561.4bf2dc71.js:2
se @ 9561.4bf2dc71.js:2
Tn @ 9561.4bf2dc71.js:2
play
(匿名) @ 8222.6209a852.chunk.js:1
clickPlayButton @ video.ts:147
eval @ video.ts:177
setTimeout
eval @ video.ts:175
11:17:03.044 utils.ts:137 unknown seeked事件触发 Event {isTrusted: true, type: 'seeked', target: video#course-video_html5_api.vjs-tech, currentTarget: video#course-video_html5_api.vjs-tech, eventPhase: 2, …}
11:17:03.579 log.ts:179 [debug 11:17:3 ] [播放速率] 设置播放速率为 1x
11:17:03.579 log.ts:179 [debug 11:17:3 ] [静音设置] 设置静音状态为 true
11:17:03.579 log.ts:179 [debug 11:17:3 ] [点击播放] 找到播放按钮，点击播放 button.vjs-big-play-button
11:17:03.583 log.ts:179 [debug 11:17:3 ] [静音设置] 设置静音状态为 true
11:17:03.583 log.ts:179 [debug 11:17:3 ] [播放速率] 设置播放速率为 1x
11:17:03.584 log.ts:179 [debug 11:17:3 ] [视频事件] Video playing, applying settings...
11:17:03.590 log.ts:179 [debug 11:17:3 ] 拦截到HTTP请求: /learn/app/getGlobalTimestamp.do?os=99&sid=DDFFB4A8903046B2B2A2C20195472FFA
11:17:03.593 log.ts:179 [debug 11:17:3 ] 拦截到HTTP请求: /learn/app/clientapi/course/play/queryStatus.do?courseWareId=1708932724584&courseId=N003284&bizType=0&bizId=&sid=DDFFB4A8903046B2B2A2C20195472FFA&os=99
11:17:03.804 utils.ts:137 unknown seeking事件触发 Event {isTrusted: true, type: 'seeking', target: video#course-video_html5_api.vjs-tech, currentTarget: video#course-video_html5_api.vjs-tech, eventPhase: 2, …}
11:17:03.805 log.ts:179 [debug 11:17:3 ] [视频事件] Video paused, attempting to resume...
11:17:03.821 log.ts:179 [debug 11:17:3 ] 拦截到HTTP请求: /learn/app/clientapi/course/bigdata/courseLearnTime.do?os=99&sid=DDFFB4A8903046B2B2A2C20195472FFA
11:17:04.053 utils.ts:137 unknown seeked事件触发 Event {isTrusted: true, type: 'seeked', target: video#course-video_html5_api.vjs-tech, currentTarget: video#course-video_html5_api.vjs-tech, eventPhase: 2, …}
11:17:04.576 log.ts:179 [debug 11:17:4 ] [播放速率] 设置播放速率为 1x
11:17:04.576 log.ts:179 [debug 11:17:4 ] [静音设置] 设置静音状态为 true
11:17:04.576 log.ts:179 [debug 11:17:4 ] [点击播放] 找到播放按钮，点击播放 button.vjs-big-play-button
11:17:04.579 log.ts:179 [debug 11:17:4 ] [静音设置] 设置静音状态为 true
11:17:04.579 log.ts:179 [debug 11:17:4 ] [播放速率] 设置播放速率为 1x
11:17:04.579 log.ts:179 [debug 11:17:4 ] [视频事件] Video playing, applying settings...
11:17:04.583 log.ts:179 [debug 11:17:4 ] 拦截到HTTP请求: /learn/app/clientapi/course/play/queryStatus.do?courseWareId=1708932724584&courseId=N003284&bizType=0&bizId=&sid=DDFFB4A8903046B2B2A2C20195472FFA&os=99
11:17:04.780 utils.ts:137 unknown seeking事件触发 Event {isTrusted: true, type: 'seeking', target: video#course-video_html5_api.vjs-tech, currentTarget: video#course-video_html5_api.vjs-tech, eventPhase: 2, …}
11:17:04.785 log.ts:179 [debug 11:17:4 ] [视频事件] Video paused, attempting to resume...
11:17:04.789 log.ts:179 [debug 11:17:4 ] 拦截到HTTP请求: /learn/app/clientapi/course/bigdata/courseLearnTime.do?os=99&sid=DDFFB4A8903046B2B2A2C20195472FFA
11:17:05.023 utils.ts:137 unknown seeked事件触发 Event {isTrusted: true, type: 'seeked', target: video#course-video_html5_api.vjs-tech, currentTarget: video#course-video_html5_api.vjs-tech, eventPhase: 2, …}
11:17:05.583 log.ts:179 [debug 11:17:5 ] [播放速率] 设置播放速率为 1x
11:17:05.584 log.ts:179 [debug 11:17:5 ] [静音设置] 设置静音状态为 true
11:17:05.584 log.ts:179 [debug 11:17:5 ] [点击播放] 找到播放按钮，点击播放 button.vjs-big-play-button
11:17:05.593 log.ts:179 [debug 11:17:5 ] [静音设置] 设置静音状态为 true
11:17:05.593 log.ts:179 [debug 11:17:5 ] [播放速率] 设置播放速率为 1x
11:17:05.594 log.ts:179 [debug 11:17:5 ] [视频事件] Video playing, applying settings...
11:17:05.607 log.ts:179 [debug 11:17:5 ] 拦截到HTTP请求: /learn/app/getGlobalTimestamp.do?os=99&sid=DDFFB4A8903046B2B2A2C20195472FFA
11:17:05.623 log.ts:179 [debug 11:17:5 ] 拦截到HTTP请求: /learn/app/clientapi/course/play/queryStatus.do?courseWareId=1708932724584&courseId=N003284&bizType=0&bizId=&sid=DDFFB4A8903046B2B2A2C20195472FFA&os=99
11:17:05.777 utils.ts:137 unknown seeking事件触发 Event {isTrusted: true, type: 'seeking', target: video#course-video_html5_api.vjs-tech, currentTarget: video#course-video_html5_api.vjs-tech, eventPhase: 2, …}
11:17:05.782 log.ts:179 [debug 11:17:5 ] [视频事件] Video paused, attempting to resume...
11:17:05.842 log.ts:179 [debug 11:17:5 ] 拦截到HTTP请求: /learn/app/clientapi/course/bigdata/courseLearnTime.do?os=99&sid=DDFFB4A8903046B2B2A2C20195472FFA
11:17:06.046 utils.ts:137 unknown seeked事件触发 Event {isTrusted: true, type: 'seeked', target: video#course-video_html5_api.vjs-tech, currentTarget: video#course-video_html5_api.vjs-tech, eventPhase: 2, …}
11:17:06.577 log.ts:179 [debug 11:17:6 ] [播放速率] 设置播放速率为 1x
11:17:06.578 log.ts:179 [debug 11:17:6 ] [静音设置] 设置静音状态为 true
11:17:06.578 log.ts:179 [debug 11:17:6 ] [点击播放] 找到播放按钮，点击播放 button.vjs-big-play-button
11:17:06.583 log.ts:179 [debug 11:17:6 ] [静音设置] 设置静音状态为 true
11:17:06.583 log.ts:179 [debug 11:17:6 ] [播放速率] 设置播放速率为 1x
11:17:06.583 log.ts:179 [debug 11:17:6 ] [视频事件] Video playing, applying settings...
11:17:06.586 log.ts:179 [debug 11:17:6 ] 拦截到HTTP请求: /learn/app/clientapi/course/play/queryStatus.do?courseWareId=1708932724584&courseId=N003284&bizType=0&bizId=&sid=DDFFB4A8903046B2B2A2C20195472FFA&os=99
11:17:06.741 utils.ts:137 unknown seeking事件触发 Event {isTrusted: true, type: 'seeking', target: video#course-video_html5_api.vjs-tech, currentTarget: video#course-video_html5_api.vjs-tech, eventPhase: 2, …}
11:17:06.744 log.ts:179 [debug 11:17:6 ] [视频事件] Video paused, attempting to resume...
11:17:06.748 log.ts:179 [debug 11:17:6 ] 拦截到HTTP请求: /learn/app/clientapi/course/bigdata/courseLearnTime.do?os=99&sid=DDFFB4A8903046B2B2A2C20195472FFA
11:17:06.977 utils.ts:137 unknown seeked事件触发 Event {isTrusted: true, type: 'seeked', target: video#course-video_html5_api.vjs-tech, currentTarget: video#course-video_html5_api.vjs-tech, eventPhase: 2, …}
11:17:07.575 log.ts:179 [debug 11:17:7 ] [播放速率] 设置播放速率为 1x
11:17:07.575 log.ts:179 [debug 11:17:7 ] [静音设置] 设置静音状态为 true
11:17:07.575 log.ts:179 [debug 11:17:7 ] [点击播放] 找到播放按钮，点击播放 button.vjs-big-play-button
11:17:07.578 log.ts:179 [debug 11:17:7 ] [静音设置] 设置静音状态为 true
11:17:07.579 log.ts:179 [debug 11:17:7 ] [播放速率] 设置播放速率为 1x
11:17:07.579 log.ts:179 [debug 11:17:7 ] [视频事件] Video playing, applying settings...
11:17:07.583 log.ts:179 [debug 11:17:7 ] 拦截到HTTP请求: /learn/app/getGlobalTimestamp.do?os=99&sid=DDFFB4A8903046B2B2A2C20195472FFA
11:17:07.584 log.ts:179 [debug 11:17:7 ] 拦截到HTTP请求: /learn/app/clientapi/course/play/queryStatus.do?courseWareId=1708932724584&courseId=N003284&bizType=0&bizId=&sid=DDFFB4A8903046B2B2A2C20195472FFA&os=99
11:17:07.751 utils.ts:137 unknown seeking事件触发 Event {isTrusted: true, type: 'seeking', target: video#course-video_html5_api.vjs-tech, currentTarget: video#course-video_html5_api.vjs-tech, eventPhase: 2, …}
11:17:07.754 log.ts:179 [debug 11:17:7 ] [视频事件] Video paused, attempting to resume...
11:17:07.777 log.ts:179 [debug 11:17:7 ] 拦截到HTTP请求: /learn/app/clientapi/course/bigdata/courseLearnTime.do?os=99&sid=DDFFB4A8903046B2B2A2C20195472FFA
11:17:07.988 utils.ts:137 unknown seeked事件触发 Event {isTrusted: true, type: 'seeked', target: video#course-video_html5_api.vjs-tech, currentTarget: video#course-video_html5_api.vjs-tech, eventPhase: 2, …}
11:17:08.604 log.ts:179 [debug 11:17:8 ] [播放速率] 设置播放速率为 1x
11:17:08.604 log.ts:179 [debug 11:17:8 ] [静音设置] 设置静音状态为 true
11:17:08.604 log.ts:179 [debug 11:17:8 ] [点击播放] 找到播放按钮，点击播放 button.vjs-big-play-button
11:17:08.607 log.ts:179 [debug 11:17:8 ] [静音设置] 设置静音状态为 true
11:17:08.618 log.ts:179 [debug 11:17:8 ] [播放速率] 设置播放速率为 1x
11:17:08.618 log.ts:179 [debug 11:17:8 ] [视频事件] Video playing, applying settings...
11:17:08.621 log.ts:179 [debug 11:17:8 ] 拦截到HTTP请求: /learn/app/clientapi/course/play/queryStatus.do?courseWareId=1708932724584&courseId=N003284&bizType=0&bizId=&sid=DDFFB4A8903046B2B2A2C20195472FFA&os=99
11:17:08.788 utils.ts:137 unknown seeking事件触发 Event {isTrusted: true, type: 'seeking', target: video#course-video_html5_api.vjs-tech, currentTarget: video#course-video_html5_api.vjs-tech, eventPhase: 2, …}
11:17:08.793 log.ts:179 [debug 11:17:8 ] [视频事件] Video paused, attempting to resume...
11:17:08.806 log.ts:179 [debug 11:17:8 ] 拦截到HTTP请求: /learn/app/clientapi/course/bigdata/courseLearnTime.do?os=99&sid=DDFFB4A8903046B2B2A2C20195472FFA
11:17:09.046 utils.ts:137 unknown seeked事件触发 Event {isTrusted: true, type: 'seeked', target: video#course-video_html5_api.vjs-tech, currentTarget: video#course-video_html5_api.vjs-tech, eventPhase: 2, …}
11:17:09.579 log.ts:179 [debug 11:17:9 ] [播放速率] 设置播放速率为 1x
11:17:09.580 log.ts:179 [debug 11:17:9 ] [静音设置] 设置静音状态为 true
11:17:09.580 log.ts:179 [debug 11:17:9 ] [点击播放] 找到播放按钮，点击播放 button.vjs-big-play-button
11:17:09.584 log.ts:179 [debug 11:17:9 ] [静音设置] 设置静音状态为 true
11:17:09.584 log.ts:179 [debug 11:17:9 ] [播放速率] 设置播放速率为 1x
11:17:09.584 log.ts:179 [debug 11:17:9 ] [视频事件] Video playing, applying settings...
11:17:09.591 log.ts:179 [debug 11:17:9 ] 拦截到HTTP请求: /learn/app/getGlobalTimestamp.do?os=99&sid=DDFFB4A8903046B2B2A2C20195472FFA
11:17:09.595 log.ts:179 [debug 11:17:9 ] 拦截到HTTP请求: /learn/app/clientapi/course/play/queryStatus.do?courseWareId=1708932724584&courseId=N003284&bizType=0&bizId=&sid=DDFFB4A8903046B2B2A2C20195472FFA&os=99
11:17:09.728 utils.ts:137 unknown seeking事件触发 Event {isTrusted: true, type: 'seeking', target: video#course-video_html5_api.vjs-tech, currentTarget: video#course-video_html5_api.vjs-tech, eventPhase: 2, …}
11:17:09.730 log.ts:179 [debug 11:17:9 ] [视频事件] Video paused, attempting to resume...
11:17:09.835 log.ts:179 [debug 11:17:9 ] 拦截到HTTP请求: /learn/app/clientapi/course/bigdata/courseLearnTime.do?os=99&sid=DDFFB4A8903046B2B2A2C20195472FFA
11:17:09.970 utils.ts:137 unknown seeked事件触发 Event {isTrusted: true, type: 'seeked', target: video#course-video_html5_api.vjs-tech, currentTarget: video#course-video_html5_api.vjs-tech, eventPhase: 2, …}
11:17:10.597 log.ts:179 [debug 11:17:10 ] [播放速率] 设置播放速率为 1x
11:17:10.598 log.ts:179 [debug 11:17:10 ] [静音设置] 设置静音状态为 true
11:17:10.598 log.ts:179 [debug 11:17:10 ] [点击播放] 找到播放按钮，点击播放 button.vjs-big-play-button
11:17:10.604 log.ts:179 [debug 11:17:10 ] [静音设置] 设置静音状态为 true
11:17:10.605 log.ts:179 [debug 11:17:10 ] [播放速率] 设置播放速率为 1x
11:17:10.605 log.ts:179 [debug 11:17:10 ] [视频事件] Video playing, applying settings...
11:17:10.613 log.ts:179 [debug 11:17:10 ] 拦截到HTTP请求: /learn/app/clientapi/course/play/queryStatus.do?courseWareId=1708932724584&courseId=N003284&bizType=0&bizId=&sid=DDFFB4A8903046B2B2A2C20195472FFA&os=99
11:17:10.765 utils.ts:137 unknown seeking事件触发 Event {isTrusted: true, type: 'seeking', target: video#course-video_html5_api.vjs-tech, currentTarget: video#course-video_html5_api.vjs-tech, eventPhase: 2, …}
11:17:10.767 log.ts:179 [debug 11:17:10 ] [视频事件] Video paused, attempting to resume...
11:17:10.772 log.ts:179 [debug 11:17:10 ] 拦截到HTTP请求: /learn/app/clientapi/course/bigdata/courseLearnTime.do?os=99&sid=DDFFB4A8903046B2B2A2C20195472FFA
11:17:11.016 utils.ts:137 unknown seeked事件触发 Event {isTrusted: true, type: 'seeked', target: video#course-video_html5_api.vjs-tech, currentTarget: video#course-video_html5_api.vjs-tech, eventPhase: 2, …}
11:17:11.579 log.ts:179 [debug 11:17:11 ] [播放速率] 设置播放速率为 1x
11:17:11.581 log.ts:179 [debug 11:17:11 ] [静音设置] 设置静音状态为 true
11:17:11.582 log.ts:179 [debug 11:17:11 ] [点击播放] 找到播放按钮，点击播放 button.vjs-big-play-button
11:17:11.590 log.ts:179 [debug 11:17:11 ] [静音设置] 设置静音状态为 true
11:17:11.592 log.ts:179 [debug 11:17:11 ] [播放速率] 设置播放速率为 1x
11:17:11.592 log.ts:179 [debug 11:17:11 ] [视频事件] Video playing, applying settings...
11:17:11.604 log.ts:179 [debug 11:17:11 ] 拦截到HTTP请求: /learn/app/getGlobalTimestamp.do?os=99&sid=DDFFB4A8903046B2B2A2C20195472FFA
11:17:11.607 log.ts:179 [debug 11:17:11 ] 拦截到HTTP请求: /learn/app/clientapi/course/play/queryStatus.do?courseWareId=1708932724584&courseId=N003284&bizType=0&bizId=&sid=DDFFB4A8903046B2B2A2C20195472FFA&os=99
11:17:11.772 utils.ts:137 unknown seeking事件触发 Event {isTrusted: true, type: 'seeking', target: video#course-video_html5_api.vjs-tech, currentTarget: video#course-video_html5_api.vjs-tech, eventPhase: 2, …}
11:17:11.775 log.ts:179 [debug 11:17:11 ] [视频事件] Video paused, attempting to resume...
11:17:11.860 log.ts:179 [debug 11:17:11 ] 拦截到HTTP请求: /learn/app/clientapi/course/bigdata/courseLearnTime.do?os=99&sid=DDFFB4A8903046B2B2A2C20195472FFA
11:17:12.010 utils.ts:137 unknown seeked事件触发 Event {isTrusted: true, type: 'seeked', target: video#course-video_html5_api.vjs-tech, currentTarget: video#course-video_html5_api.vjs-tech, eventPhase: 2, …}
11:17:12.594 log.ts:179 [debug 11:17:12 ] [播放速率] 设置播放速率为 1x
11:17:12.594 log.ts:179 [debug 11:17:12 ] [静音设置] 设置静音状态为 true
11:17:12.594 log.ts:179 [debug 11:17:12 ] [点击播放] 找到播放按钮，点击播放 button.vjs-big-play-button
11:17:12.599 log.ts:179 [debug 11:17:12 ] [静音设置] 设置静音状态为 true
11:17:12.599 log.ts:179 [debug 11:17:12 ] [播放速率] 设置播放速率为 1x
11:17:12.599 log.ts:179 [debug 11:17:12 ] [视频事件] Video playing, applying settings...
11:17:12.603 log.ts:179 [debug 11:17:12 ] 拦截到HTTP请求: /learn/app/clientapi/course/play/queryStatus.do?courseWareId=1708932724584&courseId=N003284&bizType=0&bizId=&sid=DDFFB4A8903046B2B2A2C20195472FFA&os=99
11:17:12.758 utils.ts:137 unknown seeking事件触发 Event {isTrusted: true, type: 'seeking', target: video#course-video_html5_api.vjs-tech, currentTarget: video#course-video_html5_api.vjs-tech, eventPhase: 2, …}
11:17:12.767 log.ts:179 [debug 11:17:12 ] [视频事件] Video paused, attempting to resume...
11:17:12.773 log.ts:179 [debug 11:17:12 ] 拦截到HTTP请求: /learn/app/clientapi/course/bigdata/courseLearnTime.do?os=99&sid=DDFFB4A8903046B2B2A2C20195472FFA
11:17:13.013 utils.ts:137 unknown seeked事件触发 Event {isTrusted: true, type: 'seeked', target: video#course-video_html5_api.vjs-tech, currentTarget: video#course-video_html5_api.vjs-tech, eventPhase: 2, …}
11:17:13.263 utils.ts:137 unknown visibilitychange事件触发 Event {isTrusted: true, type: 'visibilitychange', target: document, currentTarget: Window, eventPhase: 1, …}
11:17:13.263 log.ts:179 [debug 11:17:13 ] [视频事件] Video playing, applying settings...
11:17:13.265 log.ts:179 [debug 11:17:13 ] 拦截到HTTP请求: /learn/app/getGlobalTimestamp.do?os=99&sid=DDFFB4A8903046B2B2A2C20195472FFA
11:17:13.265 log.ts:179 [debug 11:17:13 ] 拦截到HTTP请求: /learn/app/clientapi/course/play/queryStatus.do?courseWareId=1708932724584&courseId=N003284&bizType=0&bizId=&sid=DDFFB4A8903046B2B2A2C20195472FFA&os=99
11:17:13.272 log.ts:179 [debug 11:17:13 ] [播放速率] 设置播放速率为 1x
11:17:13.272 log.ts:179 [debug 11:17:13 ] [静音设置] 设置静音状态为 true
11:17:13.364 log.ts:179 [debug 11:17:13 ] [播放速率] 设置播放速率为 1x
11:17:13.364 log.ts:179 [debug 11:17:13 ] [静音设置] 设置静音状态为 true
11:17:13.389 utils.ts:137 unknown mouseout事件触发 MouseEvent {isTrusted: true, screenX: 879, screenY: 1011, clientX: 875, clientY: 931, …}
11:17:13.417 utils.ts:137 unknown mouseout事件触发 MouseEvent {isTrusted: true, screenX: 935, screenY: 953, clientX: 931, clientY: 873, …}
11:17:13.417 utils.ts:137 unknown mouseleave事件触发 MouseEvent {isTrusted: true, screenX: 935, screenY: 953, clientX: 931, clientY: 873, …}
11:17:13.423 utils.ts:137 unknown mouseout事件触发 MouseEvent {isTrusted: true, screenX: 943, screenY: 943, clientX: 939, clientY: 863, …}
11:17:13.431 utils.ts:137 unknown seeking事件触发 Event {isTrusted: true, type: 'seeking', target: video#course-video_html5_api.vjs-tech, currentTarget: video#course-video_html5_api.vjs-tech, eventPhase: 2, …}
11:17:13.434 utils.ts:137 unknown mouseout事件触发 MouseEvent {isTrusted: true, screenX: 962, screenY: 917, clientX: 958, clientY: 837, …}
11:17:13.434 utils.ts:137 unknown mouseleave事件触发 MouseEvent {isTrusted: true, screenX: 962, screenY: 917, clientX: 958, clientY: 837, …}
11:17:13.446 log.ts:179 [debug 11:17:13 ] 拦截到HTTP请求: /learn/app/clientapi/course/bigdata/courseLearnTime.do?os=99&sid=DDFFB4A8903046B2B2A2C20195472FFA
11:17:13.457 utils.ts:137 unknown mouseout事件触发 MouseEvent {isTrusted: true, screenX: 1002, screenY: 856, clientX: 998, clientY: 776, …}
11:17:13.463 utils.ts:137 unknown mouseout事件触发 MouseEvent {isTrusted: true, screenX: 1018, screenY: 831, clientX: 1014, clientY: 751, …}
11:17:13.463 utils.ts:137 unknown mouseleave事件触发 MouseEvent {isTrusted: true, screenX: 1018, screenY: 831, clientX: 1014, clientY: 751, …}
11:17:13.469 utils.ts:137 unknown mouseout事件触发 MouseEvent {isTrusted: true, screenX: 1033, screenY: 812, clientX: 1029, clientY: 732, …}
11:17:13.476 utils.ts:137 unknown mouseout事件触发 MouseEvent {isTrusted: true, screenX: 1048, screenY: 789, clientX: 1044, clientY: 709, …}
11:17:13.476 utils.ts:137 unknown mouseleave事件触发 MouseEvent {isTrusted: true, screenX: 1048, screenY: 789, clientX: 1044, clientY: 709, …}
11:17:13.477 utils.ts:137 unknown mouseout事件触发 MouseEvent {isTrusted: true, screenX: 1052, screenY: 785, clientX: 1048, clientY: 705, …}
11:17:13.477 utils.ts:137 unknown mouseleave事件触发 MouseEvent {isTrusted: true, screenX: 1052, screenY: 785, clientX: 1048, clientY: 705, …}
11:17:13.477 utils.ts:137 unknown mouseleave事件触发 MouseEvent {isTrusted: true, screenX: 1052, screenY: 785, clientX: 1048, clientY: 705, …}
11:17:13.477 utils.ts:137 unknown mouseleave事件触发 MouseEvent {isTrusted: true, screenX: 1052, screenY: 785, clientX: 1048, clientY: 705, …}
11:17:13.477 utils.ts:137 unknown mouseleave事件触发 MouseEvent {isTrusted: true, screenX: 1052, screenY: 785, clientX: 1048, clientY: 705, …}
11:17:13.477 utils.ts:137 unknown mouseleave事件触发 MouseEvent {isTrusted: true, screenX: 1052, screenY: 785, clientX: 1048, clientY: 705, …}
11:17:13.477 utils.ts:137 unknown mouseleave事件触发 MouseEvent {isTrusted: true, screenX: 1052, screenY: 785, clientX: 1048, clientY: 705, …}
11:17:13.477 utils.ts:137 unknown mouseleave事件触发 MouseEvent {isTrusted: true, screenX: 1052, screenY: 785, clientX: 1048, clientY: 705, …}
11:17:13.477 utils.ts:137 unknown mouseleave事件触发 MouseEvent {isTrusted: true, screenX: 1052, screenY: 785, clientX: 1048, clientY: 705, …}
11:17:13.477 utils.ts:137 unknown mouseleave事件触发 MouseEvent {isTrusted: true, screenX: 1052, screenY: 785, clientX: 1048, clientY: 705, …}
11:17:13.477 utils.ts:137 unknown mouseleave事件触发 MouseEvent {isTrusted: true, screenX: 1052, screenY: 785, clientX: 1048, clientY: 705, …}
11:17:13.477 utils.ts:137 unknown mouseleave事件触发 MouseEvent {isTrusted: true, screenX: 1052, screenY: 785, clientX: 1048, clientY: 705, …}
11:17:13.477 utils.ts:137 unknown mouseleave事件触发 MouseEvent {isTrusted: true, screenX: 1052, screenY: 785, clientX: 1048, clientY: 705, …}
11:17:13.477 utils.ts:137 unknown mouseleave事件触发 MouseEvent {isTrusted: true, screenX: 1052, screenY: 785, clientX: 1048, clientY: 705, …}
11:17:13.481 utils.ts:137 unknown mouseout事件触发 MouseEvent {isTrusted: true, screenX: 1062, screenY: 771, clientX: 1058, clientY: 691, …}
11:17:13.481 utils.ts:137 unknown mouseleave事件触发 MouseEvent {isTrusted: true, screenX: 1062, screenY: 771, clientX: 1058, clientY: 691, …}
11:17:13.481 utils.ts:137 unknown mouseleave事件触发 MouseEvent {isTrusted: true, screenX: 1062, screenY: 771, clientX: 1058, clientY: 691, …}
11:17:13.661 utils.ts:137 unknown seeked事件触发 Event {isTrusted: true, type: 'seeked', target: video#course-video_html5_api.vjs-tech, currentTarget: video#course-video_html5_api.vjs-tech, eventPhase: 2, …}
11:17:13.784 log.ts:179 [debug 11:17:13 ] 拦截到HTTP请求: /learn/app/clientapi/course/progress/reportLearnProgress.do?os=99&sid=DDFFB4A8903046B2B2A2C20195472FFA
11:17:14.009 8222.6209a852.chunk.js:1 report success
11:17:15.444 log.ts:179 [debug 11:17:15 ] 拦截到HTTP请求: https://zsglcdn.lzlj.com/learn/app/filehub/0001/formal/course/transCode/2024/02/26/B9A39E5CAA144D388621666CF671ED68/1708932724584_s_11.ts
11:17:25.453 log.ts:179 [debug 11:17:25 ] 拦截到HTTP请求: https://zsglcdn.lzlj.com/learn/app/filehub/0001/formal/course/transCode/2024/02/26/B9A39E5CAA144D388621666CF671ED68/1708932724584_s_12.ts
11:17:35.444 log.ts:179 [debug 11:17:35 ] 拦截到HTTP请求: https://zsglcdn.lzlj.com/learn/app/filehub/0001/formal/course/transCode/2024/02/26/B9A39E5CAA144D388621666CF671ED68/1708932724584_s_13.ts
11:17:42.843 utils.ts:137 unknown visibilitychange事件触发 Event {isTrusted: true, type: 'visibilitychange', target: document, currentTarget: Window, eventPhase: 1, …}
11:17:42.868 log.ts:179 [debug 11:17:42 ] [视频事件] Video paused, attempting to resume...
11:17:42.874 log.ts:179 [debug 11:17:42 ] 拦截到HTTP请求: /learn/app/clientapi/course/bigdata/courseLearnTime.do?os=99&sid=DDFFB4A8903046B2B2A2C20195472FFA
11:17:43.591 log.ts:179 [debug 11:17:43 ] [点击播放] 找到播放按钮，点击播放 <button class=​"vjs-big-play-button" type=​"button" title=​"Play Video" aria-disabled=​"false">​…​</button>​
11:17:43.593 log.ts:179 [debug 11:17:43 ] [静音设置] 设置静音状态为 true
11:17:43.593 log.ts:179 [debug 11:17:43 ] [播放速率] 设置播放速率为 1x
11:17:43.594 log.ts:179 [debug 11:17:43 ] [视频事件] Video playing, applying settings...
11:17:43.597 log.ts:179 [debug 11:17:43 ] 拦截到HTTP请求: /learn/app/getGlobalTimestamp.do?os=99&sid=DDFFB4A8903046B2B2A2C20195472FFA
11:17:43.598 log.ts:179 [debug 11:17:43 ] 拦截到HTTP请求: /learn/app/clientapi/course/play/queryStatus.do?courseWareId=1708932724584&courseId=N003284&bizType=0&bizId=&sid=DDFFB4A8903046B2B2A2C20195472FFA&os=99
11:17:43.755 utils.ts:137 unknown seeking事件触发 Event {isTrusted: true, type: 'seeking', target: video#course-video_html5_api.vjs-tech, currentTarget: video#course-video_html5_api.vjs-tech, eventPhase: 2, …}
11:17:43.757 log.ts:179 [debug 11:17:43 ] [视频事件] Video paused, attempting to resume...
11:17:43.821 log.ts:179 [debug 11:17:43 ] 拦截到HTTP请求: /learn/app/clientapi/course/bigdata/courseLearnTime.do?os=99&sid=DDFFB4A8903046B2B2A2C20195472FFA
11:17:44.031 utils.ts:137 unknown seeked事件触发 Event {isTrusted: true, type: 'seeked', target: video#course-video_html5_api.vjs-tech, currentTarget: video#course-video_html5_api.vjs-tech, eventPhase: 2, …}
11:17:44.583 log.ts:179 [debug 11:17:44 ] [播放速率] 设置播放速率为 1x
11:17:44.584 log.ts:179 [debug 11:17:44 ] [静音设置] 设置静音状态为 true
11:17:44.584 log.ts:179 [debug 11:17:44 ] [点击播放] 找到播放按钮，点击播放 button.vjs-big-play-button
11:17:44.586 log.ts:179 [debug 11:17:44 ] [静音设置] 设置静音状态为 true
11:17:44.586 log.ts:179 [debug 11:17:44 ] [播放速率] 设置播放速率为 1x
11:17:44.591 log.ts:179 [debug 11:17:44 ] [视频事件] Video playing, applying settings...
11:17:44.595 log.ts:179 [debug 11:17:44 ] 拦截到HTTP请求: /learn/app/clientapi/course/play/queryStatus.do?courseWareId=1708932724584&courseId=N003284&bizType=0&bizId=&sid=DDFFB4A8903046B2B2A2C20195472FFA&os=99
11:17:44.712 utils.ts:137 unknown seeking事件触发 Event {isTrusted: true, type: 'seeking', target: video#course-video_html5_api.vjs-tech, currentTarget: video#course-video_html5_api.vjs-tech, eventPhase: 2, …}
11:17:44.714 log.ts:179 [debug 11:17:44 ] [视频事件] Video paused, attempting to resume...
11:17:44.717 log.ts:179 [debug 11:17:44 ] 拦截到HTTP请求: /learn/app/clientapi/course/bigdata/courseLearnTime.do?os=99&sid=DDFFB4A8903046B2B2A2C20195472FFA
11:17:44.875 utils.ts:137 unknown seeked事件触发 Event {isTrusted: true, type: 'seeked', target: video#course-video_html5_api.vjs-tech, currentTarget: video#course-video_html5_api.vjs-tech, eventPhase: 2, …}
11:17:45.591 log.ts:179 [debug 11:17:45 ] [播放速率] 设置播放速率为 1x
11:17:45.591 log.ts:179 [debug 11:17:45 ] [静音设置] 设置静音状态为 true
11:17:45.591 log.ts:179 [debug 11:17:45 ] [点击播放] 找到播放按钮，点击播放 button.vjs-big-play-button
11:17:45.596 log.ts:179 [debug 11:17:45 ] [静音设置] 设置静音状态为 true
11:17:45.596 log.ts:179 [debug 11:17:45 ] [播放速率] 设置播放速率为 1x
11:17:45.597 log.ts:179 [debug 11:17:45 ] [视频事件] Video playing, applying settings...
11:17:45.602 log.ts:179 [debug 11:17:45 ] 拦截到HTTP请求: /learn/app/getGlobalTimestamp.do?os=99&sid=DDFFB4A8903046B2B2A2C20195472FFA
11:17:45.603 log.ts:179 [debug 11:17:45 ] 拦截到HTTP请求: /learn/app/clientapi/course/play/queryStatus.do?courseWareId=1708932724584&courseId=N003284&bizType=0&bizId=&sid=DDFFB4A8903046B2B2A2C20195472FFA&os=99
11:17:45.756 log.ts:179 [debug 11:17:45 ] 拦截到HTTP请求: /learn/app/clientapi/course/bigdata/courseLearnTime.do?os=99&sid=DDFFB4A8903046B2B2A2C20195472FFA
11:17:45.772 utils.ts:137 unknown seeking事件触发 Event {isTrusted: true, type: 'seeking', target: video#course-video_html5_api.vjs-tech, currentTarget: video#course-video_html5_api.vjs-tech, eventPhase: 2, …}
11:17:45.783 log.ts:179 [debug 11:17:45 ] [视频事件] Video paused, attempting to resume...
11:17:45.786 log.ts:179 [debug 11:17:45 ] 拦截到HTTP请求: /learn/app/clientapi/course/bigdata/courseLearnTime.do?os=99&sid=DDFFB4A8903046B2B2A2C20195472FFA
11:17:45.788 (索引):1  Uncaught (in promise) t {message: undefined}
Promise.then
(匿名) @ 8222.6209a852.chunk.js:1
u @ 9561.4bf2dc71.js:2
(匿名) @ 9561.4bf2dc71.js:2
(匿名) @ 9561.4bf2dc71.js:2
r @ 9561.4bf2dc71.js:2
s @ 9561.4bf2dc71.js:2
Promise.then
r @ 9561.4bf2dc71.js:2
s @ 9561.4bf2dc71.js:2
(匿名) @ 9561.4bf2dc71.js:2
(匿名) @ 9561.4bf2dc71.js:2
(匿名) @ 8222.6209a852.chunk.js:1
u @ 9561.4bf2dc71.js:2
(匿名) @ 9561.4bf2dc71.js:2
(匿名) @ 9561.4bf2dc71.js:2
r @ 9561.4bf2dc71.js:2
s @ 9561.4bf2dc71.js:2
(匿名) @ 9561.4bf2dc71.js:2
(匿名) @ 9561.4bf2dc71.js:2
m @ 9561.4bf2dc71.js:2
w @ 9561.4bf2dc71.js:2
(匿名) @ 9561.4bf2dc71.js:2
E @ 9561.4bf2dc71.js:2
C @ 9561.4bf2dc71.js:2
S @ 9561.4bf2dc71.js:2
D @ 9561.4bf2dc71.js:2
kn @ 9561.4bf2dc71.js:2
le @ 9561.4bf2dc71.js:2
Dn @ 9561.4bf2dc71.js:2
zn @ 9561.4bf2dc71.js:2
An @ 9561.4bf2dc71.js:2
t.unstable_runWithPriority @ 9561.4bf2dc71.js:2
qo @ 9561.4bf2dc71.js:2
se @ 9561.4bf2dc71.js:2
Tn @ 9561.4bf2dc71.js:2
play
(匿名) @ 8222.6209a852.chunk.js:1
clickPlayButton @ video.ts:147
eval @ video.ts:177
setTimeout
eval @ video.ts:175
11:17:46.054 utils.ts:137 unknown seeked事件触发 Event {isTrusted: true, type: 'seeked', target: video#course-video_html5_api.vjs-tech, currentTarget: video#course-video_html5_api.vjs-tech, eventPhase: 2, …}
11:17:46.586 log.ts:179 [debug 11:17:46 ] [播放速率] 设置播放速率为 1x
11:17:46.587 log.ts:179 [debug 11:17:46 ] [静音设置] 设置静音状态为 true
11:17:46.587 log.ts:179 [debug 11:17:46 ] [点击播放] 找到播放按钮，点击播放 button.vjs-big-play-button
11:17:46.590 log.ts:179 [debug 11:17:46 ] [静音设置] 设置静音状态为 true
11:17:46.590 log.ts:179 [debug 11:17:46 ] [播放速率] 设置播放速率为 1x
11:17:46.593 log.ts:179 [debug 11:17:46 ] [视频事件] Video playing, applying settings...
11:17:46.597 log.ts:179 [debug 11:17:46 ] 拦截到HTTP请求: /learn/app/getGlobalTimestamp.do?os=99&sid=DDFFB4A8903046B2B2A2C20195472FFA
11:17:46.598 log.ts:179 [debug 11:17:46 ] 拦截到HTTP请求: /learn/app/clientapi/course/play/queryStatus.do?courseWareId=1708932724584&courseId=N003284&bizType=0&bizId=&sid=DDFFB4A8903046B2B2A2C20195472FFA&os=99
11:17:46.825 log.ts:179 [debug 11:17:46 ] 拦截到HTTP请求: /learn/app/clientapi/course/bigdata/courseLearnTime.do?os=99&sid=DDFFB4A8903046B2B2A2C20195472FFA
11:17:46.877 utils.ts:137 unknown seeking事件触发 Event {isTrusted: true, type: 'seeking', target: video#course-video_html5_api.vjs-tech, currentTarget: video#course-video_html5_api.vjs-tech, eventPhase: 2, …}
11:17:46.879 log.ts:179 [debug 11:17:46 ] [视频事件] Video paused, attempting to resume...
11:17:46.883 log.ts:179 [debug 11:17:46 ] 拦截到HTTP请求: /learn/app/clientapi/course/bigdata/courseLearnTime.do?os=99&sid=DDFFB4A8903046B2B2A2C20195472FFA
11:17:46.885 (索引):1  Uncaught (in promise) t {message: undefined}
Promise.then
(匿名) @ 8222.6209a852.chunk.js:1
u @ 9561.4bf2dc71.js:2
(匿名) @ 9561.4bf2dc71.js:2
(匿名) @ 9561.4bf2dc71.js:2
r @ 9561.4bf2dc71.js:2
s @ 9561.4bf2dc71.js:2
Promise.then
r @ 9561.4bf2dc71.js:2
s @ 9561.4bf2dc71.js:2
(匿名) @ 9561.4bf2dc71.js:2
(匿名) @ 9561.4bf2dc71.js:2
(匿名) @ 8222.6209a852.chunk.js:1
u @ 9561.4bf2dc71.js:2
(匿名) @ 9561.4bf2dc71.js:2
(匿名) @ 9561.4bf2dc71.js:2
r @ 9561.4bf2dc71.js:2
s @ 9561.4bf2dc71.js:2
(匿名) @ 9561.4bf2dc71.js:2
(匿名) @ 9561.4bf2dc71.js:2
m @ 9561.4bf2dc71.js:2
w @ 9561.4bf2dc71.js:2
(匿名) @ 9561.4bf2dc71.js:2
E @ 9561.4bf2dc71.js:2
C @ 9561.4bf2dc71.js:2
S @ 9561.4bf2dc71.js:2
D @ 9561.4bf2dc71.js:2
kn @ 9561.4bf2dc71.js:2
le @ 9561.4bf2dc71.js:2
Dn @ 9561.4bf2dc71.js:2
zn @ 9561.4bf2dc71.js:2
An @ 9561.4bf2dc71.js:2
t.unstable_runWithPriority @ 9561.4bf2dc71.js:2
qo @ 9561.4bf2dc71.js:2
se @ 9561.4bf2dc71.js:2
Tn @ 9561.4bf2dc71.js:2
play
(匿名) @ 8222.6209a852.chunk.js:1
clickPlayButton @ video.ts:147
eval @ video.ts:177
setTimeout
eval @ video.ts:175
11:17:47.100 utils.ts:137 unknown seeked事件触发 Event {isTrusted: true, type: 'seeked', target: video#course-video_html5_api.vjs-tech, currentTarget: video#course-video_html5_api.vjs-tech, eventPhase: 2, …}
11:17:47.575 log.ts:179 [debug 11:17:47 ] [播放速率] 设置播放速率为 1x
11:17:47.575 log.ts:179 [debug 11:17:47 ] [静音设置] 设置静音状态为 true
11:17:47.575 log.ts:179 [debug 11:17:47 ] [点击播放] 找到播放按钮，点击播放 button.vjs-big-play-button
11:17:47.577 log.ts:179 [debug 11:17:47 ] [静音设置] 设置静音状态为 true
11:17:47.578 log.ts:179 [debug 11:17:47 ] [播放速率] 设置播放速率为 1x
11:17:47.579 log.ts:179 [debug 11:17:47 ] [视频事件] Video playing, applying settings...
11:17:47.582 log.ts:179 [debug 11:17:47 ] 拦截到HTTP请求: /learn/app/getGlobalTimestamp.do?os=99&sid=DDFFB4A8903046B2B2A2C20195472FFA
11:17:47.583 log.ts:179 [debug 11:17:47 ] 拦截到HTTP请求: /learn/app/clientapi/course/play/queryStatus.do?courseWareId=1708932724584&courseId=N003284&bizType=0&bizId=&sid=DDFFB4A8903046B2B2A2C20195472FFA&os=99
11:17:47.706 log.ts:179 [debug 11:17:47 ] 拦截到HTTP请求: /learn/app/clientapi/course/bigdata/courseLearnTime.do?os=99&sid=DDFFB4A8903046B2B2A2C20195472FFA
11:17:47.795 utils.ts:137 unknown seeking事件触发 Event {isTrusted: true, type: 'seeking', target: video#course-video_html5_api.vjs-tech, currentTarget: video#course-video_html5_api.vjs-tech, eventPhase: 2, …}
11:17:47.797 log.ts:179 [debug 11:17:47 ] [视频事件] Video paused, attempting to resume...
11:17:47.800 log.ts:179 [debug 11:17:47 ] 拦截到HTTP请求: /learn/app/clientapi/course/bigdata/courseLearnTime.do?os=99&sid=DDFFB4A8903046B2B2A2C20195472FFA
11:17:47.802 (索引):1  Uncaught (in promise) t {message: undefined}
Promise.then
(匿名) @ 8222.6209a852.chunk.js:1
u @ 9561.4bf2dc71.js:2
(匿名) @ 9561.4bf2dc71.js:2
(匿名) @ 9561.4bf2dc71.js:2
r @ 9561.4bf2dc71.js:2
s @ 9561.4bf2dc71.js:2
Promise.then
r @ 9561.4bf2dc71.js:2
s @ 9561.4bf2dc71.js:2
(匿名) @ 9561.4bf2dc71.js:2
(匿名) @ 9561.4bf2dc71.js:2
(匿名) @ 8222.6209a852.chunk.js:1
u @ 9561.4bf2dc71.js:2
(匿名) @ 9561.4bf2dc71.js:2
(匿名) @ 9561.4bf2dc71.js:2
r @ 9561.4bf2dc71.js:2
s @ 9561.4bf2dc71.js:2
(匿名) @ 9561.4bf2dc71.js:2
(匿名) @ 9561.4bf2dc71.js:2
m @ 9561.4bf2dc71.js:2
w @ 9561.4bf2dc71.js:2
(匿名) @ 9561.4bf2dc71.js:2
E @ 9561.4bf2dc71.js:2
C @ 9561.4bf2dc71.js:2
S @ 9561.4bf2dc71.js:2
D @ 9561.4bf2dc71.js:2
kn @ 9561.4bf2dc71.js:2
le @ 9561.4bf2dc71.js:2
Dn @ 9561.4bf2dc71.js:2
zn @ 9561.4bf2dc71.js:2
An @ 9561.4bf2dc71.js:2
t.unstable_runWithPriority @ 9561.4bf2dc71.js:2
qo @ 9561.4bf2dc71.js:2
se @ 9561.4bf2dc71.js:2
Tn @ 9561.4bf2dc71.js:2
play
(匿名) @ 8222.6209a852.chunk.js:1
clickPlayButton @ video.ts:147
eval @ video.ts:177
setTimeout
eval @ video.ts:175
11:17:48.069 utils.ts:137 unknown seeked事件触发 Event {isTrusted: true, type: 'seeked', target: video#course-video_html5_api.vjs-tech, currentTarget: video#course-video_html5_api.vjs-tech, eventPhase: 2, …}
11:17:48.587 log.ts:179 [debug 11:17:48 ] [播放速率] 设置播放速率为 1x
11:17:48.587 log.ts:179 [debug 11:17:48 ] [静音设置] 设置静音状态为 true
11:17:48.588 log.ts:179 [debug 11:17:48 ] [点击播放] 找到播放按钮，点击播放 button.vjs-big-play-button
11:17:48.590 log.ts:179 [debug 11:17:48 ] [静音设置] 设置静音状态为 true
11:17:48.590 log.ts:179 [debug 11:17:48 ] [播放速率] 设置播放速率为 1x
11:17:48.592 log.ts:179 [debug 11:17:48 ] [视频事件] Video playing, applying settings...
11:17:48.594 log.ts:179 [debug 11:17:48 ] 拦截到HTTP请求: /learn/app/getGlobalTimestamp.do?os=99&sid=DDFFB4A8903046B2B2A2C20195472FFA
11:17:48.595 log.ts:179 [debug 11:17:48 ] 拦截到HTTP请求: /learn/app/clientapi/course/play/queryStatus.do?courseWareId=1708932724584&courseId=N003284&bizType=0&bizId=&sid=DDFFB4A8903046B2B2A2C20195472FFA&os=99
11:17:48.743 log.ts:179 [debug 11:17:48 ] 拦截到HTTP请求: /learn/app/clientapi/course/bigdata/courseLearnTime.do?os=99&sid=DDFFB4A8903046B2B2A2C20195472FFA
11:17:48.851 utils.ts:137 unknown seeking事件触发 Event {isTrusted: true, type: 'seeking', target: video#course-video_html5_api.vjs-tech, currentTarget: video#course-video_html5_api.vjs-tech, eventPhase: 2, …}
11:17:48.853 log.ts:179 [debug 11:17:48 ] [视频事件] Video paused, attempting to resume...
11:17:48.857 log.ts:179 [debug 11:17:48 ] 拦截到HTTP请求: /learn/app/clientapi/course/bigdata/courseLearnTime.do?os=99&sid=DDFFB4A8903046B2B2A2C20195472FFA
11:17:48.860 (索引):1  Uncaught (in promise) t {message: undefined}
Promise.then
(匿名) @ 8222.6209a852.chunk.js:1
u @ 9561.4bf2dc71.js:2
(匿名) @ 9561.4bf2dc71.js:2
(匿名) @ 9561.4bf2dc71.js:2
r @ 9561.4bf2dc71.js:2
s @ 9561.4bf2dc71.js:2
Promise.then
r @ 9561.4bf2dc71.js:2
s @ 9561.4bf2dc71.js:2
(匿名) @ 9561.4bf2dc71.js:2
(匿名) @ 9561.4bf2dc71.js:2
(匿名) @ 8222.6209a852.chunk.js:1
u @ 9561.4bf2dc71.js:2
(匿名) @ 9561.4bf2dc71.js:2
(匿名) @ 9561.4bf2dc71.js:2
r @ 9561.4bf2dc71.js:2
s @ 9561.4bf2dc71.js:2
(匿名) @ 9561.4bf2dc71.js:2
(匿名) @ 9561.4bf2dc71.js:2
m @ 9561.4bf2dc71.js:2
w @ 9561.4bf2dc71.js:2
(匿名) @ 9561.4bf2dc71.js:2
E @ 9561.4bf2dc71.js:2
C @ 9561.4bf2dc71.js:2
S @ 9561.4bf2dc71.js:2
D @ 9561.4bf2dc71.js:2
kn @ 9561.4bf2dc71.js:2
le @ 9561.4bf2dc71.js:2
Dn @ 9561.4bf2dc71.js:2
zn @ 9561.4bf2dc71.js:2
An @ 9561.4bf2dc71.js:2
t.unstable_runWithPriority @ 9561.4bf2dc71.js:2
qo @ 9561.4bf2dc71.js:2
se @ 9561.4bf2dc71.js:2
Tn @ 9561.4bf2dc71.js:2
play
(匿名) @ 8222.6209a852.chunk.js:1
clickPlayButton @ video.ts:147
eval @ video.ts:177
setTimeout
eval @ video.ts:175
11:17:49.041 utils.ts:137 unknown seeked事件触发 Event {isTrusted: true, type: 'seeked', target: video#course-video_html5_api.vjs-tech, currentTarget: video#course-video_html5_api.vjs-tech, eventPhase: 2, …}
11:17:49.586 log.ts:179 [debug 11:17:49 ] [播放速率] 设置播放速率为 1x
11:17:49.586 log.ts:179 [debug 11:17:49 ] [静音设置] 设置静音状态为 true
11:17:49.586 log.ts:179 [debug 11:17:49 ] [点击播放] 找到播放按钮，点击播放 button.vjs-big-play-button
11:17:49.588 log.ts:179 [debug 11:17:49 ] [静音设置] 设置静音状态为 true
11:17:49.588 log.ts:179 [debug 11:17:49 ] [播放速率] 设置播放速率为 1x
11:17:49.590 log.ts:179 [debug 11:17:49 ] [视频事件] Video playing, applying settings...
11:17:49.592 log.ts:179 [debug 11:17:49 ] 拦截到HTTP请求: /learn/app/getGlobalTimestamp.do?os=99&sid=DDFFB4A8903046B2B2A2C20195472FFA
11:17:49.594 log.ts:179 [debug 11:17:49 ] 拦截到HTTP请求: /learn/app/clientapi/course/play/queryStatus.do?courseWareId=1708932724584&courseId=N003284&bizType=0&bizId=&sid=DDFFB4A8903046B2B2A2C20195472FFA&os=99
11:17:49.819 log.ts:179 [debug 11:17:49 ] 拦截到HTTP请求: /learn/app/clientapi/course/bigdata/courseLearnTime.do?os=99&sid=DDFFB4A8903046B2B2A2C20195472FFA
11:17:49.881 utils.ts:137 unknown seeking事件触发 Event {isTrusted: true, type: 'seeking', target: video#course-video_html5_api.vjs-tech, currentTarget: video#course-video_html5_api.vjs-tech, eventPhase: 2, …}
11:17:49.882 log.ts:179 [debug 11:17:49 ] [视频事件] Video paused, attempting to resume...
11:17:49.888 log.ts:179 [debug 11:17:49 ] 拦截到HTTP请求: /learn/app/clientapi/course/bigdata/courseLearnTime.do?os=99&sid=DDFFB4A8903046B2B2A2C20195472FFA
11:17:49.892 (索引):1  Uncaught (in promise) t {message: undefined}
Promise.then
(匿名) @ 8222.6209a852.chunk.js:1
u @ 9561.4bf2dc71.js:2
(匿名) @ 9561.4bf2dc71.js:2
(匿名) @ 9561.4bf2dc71.js:2
r @ 9561.4bf2dc71.js:2
s @ 9561.4bf2dc71.js:2
Promise.then
r @ 9561.4bf2dc71.js:2
s @ 9561.4bf2dc71.js:2
(匿名) @ 9561.4bf2dc71.js:2
(匿名) @ 9561.4bf2dc71.js:2
(匿名) @ 8222.6209a852.chunk.js:1
u @ 9561.4bf2dc71.js:2
(匿名) @ 9561.4bf2dc71.js:2
(匿名) @ 9561.4bf2dc71.js:2
r @ 9561.4bf2dc71.js:2
s @ 9561.4bf2dc71.js:2
(匿名) @ 9561.4bf2dc71.js:2
(匿名) @ 9561.4bf2dc71.js:2
m @ 9561.4bf2dc71.js:2
w @ 9561.4bf2dc71.js:2
(匿名) @ 9561.4bf2dc71.js:2
E @ 9561.4bf2dc71.js:2
C @ 9561.4bf2dc71.js:2
S @ 9561.4bf2dc71.js:2
D @ 9561.4bf2dc71.js:2
kn @ 9561.4bf2dc71.js:2
le @ 9561.4bf2dc71.js:2
Dn @ 9561.4bf2dc71.js:2
zn @ 9561.4bf2dc71.js:2
An @ 9561.4bf2dc71.js:2
t.unstable_runWithPriority @ 9561.4bf2dc71.js:2
qo @ 9561.4bf2dc71.js:2
se @ 9561.4bf2dc71.js:2
Tn @ 9561.4bf2dc71.js:2
play
(匿名) @ 8222.6209a852.chunk.js:1
clickPlayButton @ video.ts:147
eval @ video.ts:177
setTimeout
eval @ video.ts:175
11:17:50.110 utils.ts:137 unknown seeked事件触发 Event {isTrusted: true, type: 'seeked', target: video#course-video_html5_api.vjs-tech, currentTarget: video#course-video_html5_api.vjs-tech, eventPhase: 2, …}
11:17:50.586 log.ts:179 [debug 11:17:50 ] [播放速率] 设置播放速率为 1x
11:17:50.586 log.ts:179 [debug 11:17:50 ] [静音设置] 设置静音状态为 true
11:17:50.586 log.ts:179 [debug 11:17:50 ] [点击播放] 找到播放按钮，点击播放 button.vjs-big-play-button
11:17:50.588 log.ts:179 [debug 11:17:50 ] [静音设置] 设置静音状态为 true
11:17:50.589 log.ts:179 [debug 11:17:50 ] [播放速率] 设置播放速率为 1x
11:17:50.590 log.ts:179 [debug 11:17:50 ] [视频事件] Video playing, applying settings...
11:17:50.593 log.ts:179 [debug 11:17:50 ] 拦截到HTTP请求: /learn/app/getGlobalTimestamp.do?os=99&sid=DDFFB4A8903046B2B2A2C20195472FFA
11:17:50.594 log.ts:179 [debug 11:17:50 ] 拦截到HTTP请求: /learn/app/clientapi/course/play/queryStatus.do?courseWareId=1708932724584&courseId=N003284&bizType=0&bizId=&sid=DDFFB4A8903046B2B2A2C20195472FFA&os=99
11:17:50.801 utils.ts:137 unknown seeking事件触发 Event {isTrusted: true, type: 'seeking', target: video#course-video_html5_api.vjs-tech, currentTarget: video#course-video_html5_api.vjs-tech, eventPhase: 2, …}
11:17:50.803 log.ts:179 [debug 11:17:50 ] [视频事件] Video paused, attempting to resume...
11:17:50.832 log.ts:179 [debug 11:17:50 ] 拦截到HTTP请求: /learn/app/clientapi/course/bigdata/courseLearnTime.do?os=99&sid=DDFFB4A8903046B2B2A2C20195472FFA
11:17:50.970 utils.ts:137 unknown seeked事件触发 Event {isTrusted: true, type: 'seeked', target: video#course-video_html5_api.vjs-tech, currentTarget: video#course-video_html5_api.vjs-tech, eventPhase: 2, …}
11:17:51.585 log.ts:179 [debug 11:17:51 ] [播放速率] 设置播放速率为 1x
11:17:51.585 log.ts:179 [debug 11:17:51 ] [静音设置] 设置静音状态为 true
11:17:51.586 log.ts:179 [debug 11:17:51 ] [点击播放] 找到播放按钮，点击播放 button.vjs-big-play-button
11:17:51.588 log.ts:179 [debug 11:17:51 ] [静音设置] 设置静音状态为 true
11:17:51.588 log.ts:179 [debug 11:17:51 ] [播放速率] 设置播放速率为 1x
11:17:51.590 log.ts:179 [debug 11:17:51 ] [视频事件] Video playing, applying settings...
11:17:51.592 log.ts:179 [debug 11:17:51 ] 拦截到HTTP请求: /learn/app/clientapi/course/play/queryStatus.do?courseWareId=1708932724584&courseId=N003284&bizType=0&bizId=&sid=DDFFB4A8903046B2B2A2C20195472FFA&os=99
11:17:51.708 utils.ts:137 unknown seeking事件触发 Event {isTrusted: true, type: 'seeking', target: video#course-video_html5_api.vjs-tech, currentTarget: video#course-video_html5_api.vjs-tech, eventPhase: 2, …}
11:17:51.710 log.ts:179 [debug 11:17:51 ] [视频事件] Video paused, attempting to resume...
11:17:51.714 log.ts:179 [debug 11:17:51 ] 拦截到HTTP请求: /learn/app/clientapi/course/bigdata/courseLearnTime.do?os=99&sid=DDFFB4A8903046B2B2A2C20195472FFA
11:17:51.860 utils.ts:137 unknown seeked事件触发 Event {isTrusted: true, type: 'seeked', target: video#course-video_html5_api.vjs-tech, currentTarget: video#course-video_html5_api.vjs-tech, eventPhase: 2, …}
11:17:52.598 log.ts:179 [debug 11:17:52 ] [播放速率] 设置播放速率为 1x
11:17:52.598 log.ts:179 [debug 11:17:52 ] [静音设置] 设置静音状态为 true
11:17:52.598 log.ts:179 [debug 11:17:52 ] [点击播放] 找到播放按钮，点击播放 button.vjs-big-play-button
11:17:52.611 log.ts:179 [debug 11:17:52 ] [静音设置] 设置静音状态为 true
11:17:52.611 log.ts:179 [debug 11:17:52 ] [播放速率] 设置播放速率为 1x
11:17:52.615 log.ts:179 [debug 11:17:52 ] [视频事件] Video playing, applying settings...
11:17:52.621 log.ts:179 [debug 11:17:52 ] 拦截到HTTP请求: /learn/app/getGlobalTimestamp.do?os=99&sid=DDFFB4A8903046B2B2A2C20195472FFA
11:17:52.634 log.ts:179 [debug 11:17:52 ] 拦截到HTTP请求: /learn/app/clientapi/course/play/queryStatus.do?courseWareId=1708932724584&courseId=N003284&bizType=0&bizId=&sid=DDFFB4A8903046B2B2A2C20195472FFA&os=99
11:17:52.846 log.ts:179 [debug 11:17:52 ] 拦截到HTTP请求: /learn/app/clientapi/course/bigdata/courseLearnTime.do?os=99&sid=DDFFB4A8903046B2B2A2C20195472FFA
11:17:52.864 utils.ts:137 unknown seeking事件触发 Event {isTrusted: true, type: 'seeking', target: video#course-video_html5_api.vjs-tech, currentTarget: video#course-video_html5_api.vjs-tech, eventPhase: 2, …}
11:17:52.875 log.ts:179 [debug 11:17:52 ] [视频事件] Video paused, attempting to resume...
11:17:52.880 log.ts:179 [debug 11:17:52 ] 拦截到HTTP请求: /learn/app/clientapi/course/bigdata/courseLearnTime.do?os=99&sid=DDFFB4A8903046B2B2A2C20195472FFA
11:17:52.886 (索引):1  Uncaught (in promise) t {message: undefined}
Promise.then
(匿名) @ 8222.6209a852.chunk.js:1
u @ 9561.4bf2dc71.js:2
(匿名) @ 9561.4bf2dc71.js:2
(匿名) @ 9561.4bf2dc71.js:2
r @ 9561.4bf2dc71.js:2
s @ 9561.4bf2dc71.js:2
Promise.then
r @ 9561.4bf2dc71.js:2
s @ 9561.4bf2dc71.js:2
(匿名) @ 9561.4bf2dc71.js:2
(匿名) @ 9561.4bf2dc71.js:2
(匿名) @ 8222.6209a852.chunk.js:1
u @ 9561.4bf2dc71.js:2
(匿名) @ 9561.4bf2dc71.js:2
(匿名) @ 9561.4bf2dc71.js:2
r @ 9561.4bf2dc71.js:2
s @ 9561.4bf2dc71.js:2
(匿名) @ 9561.4bf2dc71.js:2
(匿名) @ 9561.4bf2dc71.js:2
m @ 9561.4bf2dc71.js:2
w @ 9561.4bf2dc71.js:2
(匿名) @ 9561.4bf2dc71.js:2
E @ 9561.4bf2dc71.js:2
C @ 9561.4bf2dc71.js:2
S @ 9561.4bf2dc71.js:2
D @ 9561.4bf2dc71.js:2
kn @ 9561.4bf2dc71.js:2
le @ 9561.4bf2dc71.js:2
Dn @ 9561.4bf2dc71.js:2
zn @ 9561.4bf2dc71.js:2
An @ 9561.4bf2dc71.js:2
t.unstable_runWithPriority @ 9561.4bf2dc71.js:2
qo @ 9561.4bf2dc71.js:2
se @ 9561.4bf2dc71.js:2
Tn @ 9561.4bf2dc71.js:2
play
(匿名) @ 8222.6209a852.chunk.js:1
clickPlayButton @ video.ts:147
eval @ video.ts:177
setTimeout
eval @ video.ts:175
11:17:53.099 utils.ts:137 unknown seeked事件触发 Event {isTrusted: true, type: 'seeked', target: video#course-video_html5_api.vjs-tech, currentTarget: video#course-video_html5_api.vjs-tech, eventPhase: 2, …}
11:17:53.588 log.ts:179 [debug 11:17:53 ] [播放速率] 设置播放速率为 1x
11:17:53.588 log.ts:179 [debug 11:17:53 ] [静音设置] 设置静音状态为 true
11:17:53.588 log.ts:179 [debug 11:17:53 ] [点击播放] 找到播放按钮，点击播放 button.vjs-big-play-button
11:17:53.590 log.ts:179 [debug 11:17:53 ] [静音设置] 设置静音状态为 true
11:17:53.590 log.ts:179 [debug 11:17:53 ] [播放速率] 设置播放速率为 1x
11:17:53.592 log.ts:179 [debug 11:17:53 ] [视频事件] Video playing, applying settings...
11:17:53.596 log.ts:179 [debug 11:17:53 ] 拦截到HTTP请求: /learn/app/getGlobalTimestamp.do?os=99&sid=DDFFB4A8903046B2B2A2C20195472FFA
11:17:53.597 log.ts:179 [debug 11:17:53 ] 拦截到HTTP请求: /learn/app/clientapi/course/play/queryStatus.do?courseWareId=1708932724584&courseId=N003284&bizType=0&bizId=&sid=DDFFB4A8903046B2B2A2C20195472FFA&os=99
11:17:53.752 log.ts:179 [debug 11:17:53 ] 拦截到HTTP请求: /learn/app/clientapi/course/bigdata/courseLearnTime.do?os=99&sid=DDFFB4A8903046B2B2A2C20195472FFA
11:17:53.862 utils.ts:137 unknown seeking事件触发 Event {isTrusted: true, type: 'seeking', target: video#course-video_html5_api.vjs-tech, currentTarget: video#course-video_html5_api.vjs-tech, eventPhase: 2, …}
11:17:53.863 log.ts:179 [debug 11:17:53 ] [视频事件] Video paused, attempting to resume...
11:17:53.871 log.ts:179 [debug 11:17:53 ] 拦截到HTTP请求: /learn/app/clientapi/course/bigdata/courseLearnTime.do?os=99&sid=DDFFB4A8903046B2B2A2C20195472FFA
11:17:53.873 (索引):1  Uncaught (in promise) t {message: undefined}
Promise.then
(匿名) @ 8222.6209a852.chunk.js:1
u @ 9561.4bf2dc71.js:2
(匿名) @ 9561.4bf2dc71.js:2
(匿名) @ 9561.4bf2dc71.js:2
r @ 9561.4bf2dc71.js:2
s @ 9561.4bf2dc71.js:2
Promise.then
r @ 9561.4bf2dc71.js:2
s @ 9561.4bf2dc71.js:2
(匿名) @ 9561.4bf2dc71.js:2
(匿名) @ 9561.4bf2dc71.js:2
(匿名) @ 8222.6209a852.chunk.js:1
u @ 9561.4bf2dc71.js:2
(匿名) @ 9561.4bf2dc71.js:2
(匿名) @ 9561.4bf2dc71.js:2
r @ 9561.4bf2dc71.js:2
s @ 9561.4bf2dc71.js:2
(匿名) @ 9561.4bf2dc71.js:2
(匿名) @ 9561.4bf2dc71.js:2
m @ 9561.4bf2dc71.js:2
w @ 9561.4bf2dc71.js:2
(匿名) @ 9561.4bf2dc71.js:2
E @ 9561.4bf2dc71.js:2
C @ 9561.4bf2dc71.js:2
S @ 9561.4bf2dc71.js:2
D @ 9561.4bf2dc71.js:2
kn @ 9561.4bf2dc71.js:2
le @ 9561.4bf2dc71.js:2
Dn @ 9561.4bf2dc71.js:2
zn @ 9561.4bf2dc71.js:2
An @ 9561.4bf2dc71.js:2
t.unstable_runWithPriority @ 9561.4bf2dc71.js:2
qo @ 9561.4bf2dc71.js:2
se @ 9561.4bf2dc71.js:2
Tn @ 9561.4bf2dc71.js:2
play
(匿名) @ 8222.6209a852.chunk.js:1
clickPlayButton @ video.ts:147
eval @ video.ts:177
setTimeout
eval @ video.ts:175
11:17:54.033 utils.ts:137 unknown seeked事件触发 Event {isTrusted: true, type: 'seeked', target: video#course-video_html5_api.vjs-tech, currentTarget: video#course-video_html5_api.vjs-tech, eventPhase: 2, …}
11:17:54.583 log.ts:179 [debug 11:17:54 ] [播放速率] 设置播放速率为 1x
11:17:54.583 log.ts:179 [debug 11:17:54 ] [静音设置] 设置静音状态为 true
11:17:54.583 log.ts:179 [debug 11:17:54 ] [点击播放] 找到播放按钮，点击播放 button.vjs-big-play-button
11:17:54.586 log.ts:179 [debug 11:17:54 ] [静音设置] 设置静音状态为 true
11:17:54.586 log.ts:179 [debug 11:17:54 ] [播放速率] 设置播放速率为 1x
11:17:54.589 log.ts:179 [debug 11:17:54 ] [视频事件] Video playing, applying settings...
11:17:54.592 log.ts:179 [debug 11:17:54 ] 拦截到HTTP请求: /learn/app/getGlobalTimestamp.do?os=99&sid=DDFFB4A8903046B2B2A2C20195472FFA
11:17:54.594 log.ts:179 [debug 11:17:54 ] 拦截到HTTP请求: /learn/app/clientapi/course/play/queryStatus.do?courseWareId=1708932724584&courseId=N003284&bizType=0&bizId=&sid=DDFFB4A8903046B2B2A2C20195472FFA&os=99
11:17:54.822 log.ts:179 [debug 11:17:54 ] 拦截到HTTP请求: /learn/app/clientapi/course/bigdata/courseLearnTime.do?os=99&sid=DDFFB4A8903046B2B2A2C20195472FFA
11:17:54.926 utils.ts:137 unknown seeking事件触发 Event {isTrusted: true, type: 'seeking', target: video#course-video_html5_api.vjs-tech, currentTarget: video#course-video_html5_api.vjs-tech, eventPhase: 2, …}
11:17:54.927 log.ts:179 [debug 11:17:54 ] [视频事件] Video paused, attempting to resume...
11:17:54.932 log.ts:179 [debug 11:17:54 ] 拦截到HTTP请求: /learn/app/clientapi/course/bigdata/courseLearnTime.do?os=99&sid=DDFFB4A8903046B2B2A2C20195472FFA
11:17:54.935 (索引):1  Uncaught (in promise) t {message: undefined}
Promise.then
(匿名) @ 8222.6209a852.chunk.js:1
u @ 9561.4bf2dc71.js:2
(匿名) @ 9561.4bf2dc71.js:2
(匿名) @ 9561.4bf2dc71.js:2
r @ 9561.4bf2dc71.js:2
s @ 9561.4bf2dc71.js:2
Promise.then
r @ 9561.4bf2dc71.js:2
s @ 9561.4bf2dc71.js:2
(匿名) @ 9561.4bf2dc71.js:2
(匿名) @ 9561.4bf2dc71.js:2
(匿名) @ 8222.6209a852.chunk.js:1
u @ 9561.4bf2dc71.js:2
(匿名) @ 9561.4bf2dc71.js:2
(匿名) @ 9561.4bf2dc71.js:2
r @ 9561.4bf2dc71.js:2
s @ 9561.4bf2dc71.js:2
(匿名) @ 9561.4bf2dc71.js:2
(匿名) @ 9561.4bf2dc71.js:2
m @ 9561.4bf2dc71.js:2
w @ 9561.4bf2dc71.js:2
(匿名) @ 9561.4bf2dc71.js:2
E @ 9561.4bf2dc71.js:2
C @ 9561.4bf2dc71.js:2
S @ 9561.4bf2dc71.js:2
D @ 9561.4bf2dc71.js:2
kn @ 9561.4bf2dc71.js:2
le @ 9561.4bf2dc71.js:2
Dn @ 9561.4bf2dc71.js:2
zn @ 9561.4bf2dc71.js:2
An @ 9561.4bf2dc71.js:2
t.unstable_runWithPriority @ 9561.4bf2dc71.js:2
qo @ 9561.4bf2dc71.js:2
se @ 9561.4bf2dc71.js:2
Tn @ 9561.4bf2dc71.js:2
play
(匿名) @ 8222.6209a852.chunk.js:1
clickPlayButton @ video.ts:147
eval @ video.ts:177
setTimeout
eval @ video.ts:175
11:17:55.142 utils.ts:137 unknown seeked事件触发 Event {isTrusted: true, type: 'seeked', target: video#course-video_html5_api.vjs-tech, currentTarget: video#course-video_html5_api.vjs-tech, eventPhase: 2, …}
11:17:55.583 log.ts:179 [debug 11:17:55 ] [播放速率] 设置播放速率为 1x
11:17:55.584 log.ts:179 [debug 11:17:55 ] [静音设置] 设置静音状态为 true
11:17:55.584 log.ts:179 [debug 11:17:55 ] [点击播放] 找到播放按钮，点击播放 button.vjs-big-play-button
11:17:55.585 log.ts:179 [debug 11:17:55 ] [静音设置] 设置静音状态为 true
11:17:55.586 log.ts:179 [debug 11:17:55 ] [播放速率] 设置播放速率为 1x
11:17:55.588 log.ts:179 [debug 11:17:55 ] [视频事件] Video playing, applying settings...
11:17:55.591 log.ts:179 [debug 11:17:55 ] 拦截到HTTP请求: /learn/app/getGlobalTimestamp.do?os=99&sid=DDFFB4A8903046B2B2A2C20195472FFA
11:17:55.592 log.ts:179 [debug 11:17:55 ] 拦截到HTTP请求: /learn/app/clientapi/course/play/queryStatus.do?courseWareId=1708932724584&courseId=N003284&bizType=0&bizId=&sid=DDFFB4A8903046B2B2A2C20195472FFA&os=99
11:17:55.823 log.ts:179 [debug 11:17:55 ] 拦截到HTTP请求: /learn/app/clientapi/course/bigdata/courseLearnTime.do?os=99&sid=DDFFB4A8903046B2B2A2C20195472FFA
11:17:55.897 utils.ts:137 unknown seeking事件触发 Event {isTrusted: true, type: 'seeking', target: video#course-video_html5_api.vjs-tech, currentTarget: video#course-video_html5_api.vjs-tech, eventPhase: 2, …}
11:17:55.898 log.ts:179 [debug 11:17:55 ] [视频事件] Video paused, attempting to resume...
11:17:55.902 log.ts:179 [debug 11:17:55 ] 拦截到HTTP请求: /learn/app/clientapi/course/bigdata/courseLearnTime.do?os=99&sid=DDFFB4A8903046B2B2A2C20195472FFA
11:17:55.909 (索引):1  Uncaught (in promise) t {message: undefined}
Promise.then
(匿名) @ 8222.6209a852.chunk.js:1
u @ 9561.4bf2dc71.js:2
(匿名) @ 9561.4bf2dc71.js:2
(匿名) @ 9561.4bf2dc71.js:2
r @ 9561.4bf2dc71.js:2
s @ 9561.4bf2dc71.js:2
Promise.then
r @ 9561.4bf2dc71.js:2
s @ 9561.4bf2dc71.js:2
(匿名) @ 9561.4bf2dc71.js:2
(匿名) @ 9561.4bf2dc71.js:2
(匿名) @ 8222.6209a852.chunk.js:1
u @ 9561.4bf2dc71.js:2
(匿名) @ 9561.4bf2dc71.js:2
(匿名) @ 9561.4bf2dc71.js:2
r @ 9561.4bf2dc71.js:2
s @ 9561.4bf2dc71.js:2
(匿名) @ 9561.4bf2dc71.js:2
(匿名) @ 9561.4bf2dc71.js:2
m @ 9561.4bf2dc71.js:2
w @ 9561.4bf2dc71.js:2
(匿名) @ 9561.4bf2dc71.js:2
E @ 9561.4bf2dc71.js:2
C @ 9561.4bf2dc71.js:2
S @ 9561.4bf2dc71.js:2
D @ 9561.4bf2dc71.js:2
kn @ 9561.4bf2dc71.js:2
le @ 9561.4bf2dc71.js:2
Dn @ 9561.4bf2dc71.js:2
zn @ 9561.4bf2dc71.js:2
An @ 9561.4bf2dc71.js:2
t.unstable_runWithPriority @ 9561.4bf2dc71.js:2
qo @ 9561.4bf2dc71.js:2
se @ 9561.4bf2dc71.js:2
Tn @ 9561.4bf2dc71.js:2
play
(匿名) @ 8222.6209a852.chunk.js:1
clickPlayButton @ video.ts:147
eval @ video.ts:177
setTimeout
eval @ video.ts:175
11:17:56.047 utils.ts:137 unknown seeked事件触发 Event {isTrusted: true, type: 'seeked', target: video#course-video_html5_api.vjs-tech, currentTarget: video#course-video_html5_api.vjs-tech, eventPhase: 2, …}
11:17:56.575 log.ts:179 [debug 11:17:56 ] [播放速率] 设置播放速率为 1x
11:17:56.576 log.ts:179 [debug 11:17:56 ] [静音设置] 设置静音状态为 true
11:17:56.576 log.ts:179 [debug 11:17:56 ] [点击播放] 找到播放按钮，点击播放 button.vjs-big-play-button
11:17:56.577 log.ts:179 [debug 11:17:56 ] [静音设置] 设置静音状态为 true
11:17:56.578 log.ts:179 [debug 11:17:56 ] [播放速率] 设置播放速率为 1x
11:17:56.580 log.ts:179 [debug 11:17:56 ] [视频事件] Video playing, applying settings...
11:17:56.583 log.ts:179 [debug 11:17:56 ] 拦截到HTTP请求: /learn/app/getGlobalTimestamp.do?os=99&sid=DDFFB4A8903046B2B2A2C20195472FFA
11:17:56.584 log.ts:179 [debug 11:17:56 ] 拦截到HTTP请求: /learn/app/clientapi/course/play/queryStatus.do?courseWareId=1708932724584&courseId=N003284&bizType=0&bizId=&sid=DDFFB4A8903046B2B2A2C20195472FFA&os=99
11:17:56.834 log.ts:179 [debug 11:17:56 ] 拦截到HTTP请求: /learn/app/clientapi/course/bigdata/courseLearnTime.do?os=99&sid=DDFFB4A8903046B2B2A2C20195472FFA
11:17:56.884 utils.ts:137 unknown seeking事件触发 Event {isTrusted: true, type: 'seeking', target: video#course-video_html5_api.vjs-tech, currentTarget: video#course-video_html5_api.vjs-tech, eventPhase: 2, …}
11:17:56.891 log.ts:179 [debug 11:17:56 ] [视频事件] Video paused, attempting to resume...
11:17:56.894 log.ts:179 [debug 11:17:56 ] 拦截到HTTP请求: /learn/app/clientapi/course/bigdata/courseLearnTime.do?os=99&sid=DDFFB4A8903046B2B2A2C20195472FFA
11:17:56.898 (索引):1  Uncaught (in promise) t {message: undefined}
Promise.then
(匿名) @ 8222.6209a852.chunk.js:1
u @ 9561.4bf2dc71.js:2
(匿名) @ 9561.4bf2dc71.js:2
(匿名) @ 9561.4bf2dc71.js:2
r @ 9561.4bf2dc71.js:2
s @ 9561.4bf2dc71.js:2
Promise.then
r @ 9561.4bf2dc71.js:2
s @ 9561.4bf2dc71.js:2
(匿名) @ 9561.4bf2dc71.js:2
(匿名) @ 9561.4bf2dc71.js:2
(匿名) @ 8222.6209a852.chunk.js:1
u @ 9561.4bf2dc71.js:2
(匿名) @ 9561.4bf2dc71.js:2
(匿名) @ 9561.4bf2dc71.js:2
r @ 9561.4bf2dc71.js:2
s @ 9561.4bf2dc71.js:2
(匿名) @ 9561.4bf2dc71.js:2
(匿名) @ 9561.4bf2dc71.js:2
m @ 9561.4bf2dc71.js:2
w @ 9561.4bf2dc71.js:2
(匿名) @ 9561.4bf2dc71.js:2
E @ 9561.4bf2dc71.js:2
C @ 9561.4bf2dc71.js:2
S @ 9561.4bf2dc71.js:2
D @ 9561.4bf2dc71.js:2
kn @ 9561.4bf2dc71.js:2
le @ 9561.4bf2dc71.js:2
Dn @ 9561.4bf2dc71.js:2
zn @ 9561.4bf2dc71.js:2
An @ 9561.4bf2dc71.js:2
t.unstable_runWithPriority @ 9561.4bf2dc71.js:2
qo @ 9561.4bf2dc71.js:2
se @ 9561.4bf2dc71.js:2
Tn @ 9561.4bf2dc71.js:2
play
(匿名) @ 8222.6209a852.chunk.js:1
clickPlayButton @ video.ts:147
eval @ video.ts:177
setTimeout
eval @ video.ts:175
11:17:57.072 utils.ts:137 unknown seeked事件触发 Event {isTrusted: true, type: 'seeked', target: video#course-video_html5_api.vjs-tech, currentTarget: video#course-video_html5_api.vjs-tech, eventPhase: 2, …}
11:17:57.590 log.ts:179 [debug 11:17:57 ] [播放速率] 设置播放速率为 1x
11:17:57.590 log.ts:179 [debug 11:17:57 ] [静音设置] 设置静音状态为 true
11:17:57.590 log.ts:179 [debug 11:17:57 ] [点击播放] 找到播放按钮，点击播放 button.vjs-big-play-button
11:17:57.592 log.ts:179 [debug 11:17:57 ] [静音设置] 设置静音状态为 true
11:17:57.592 log.ts:179 [debug 11:17:57 ] [播放速率] 设置播放速率为 1x
11:17:57.597 log.ts:179 [debug 11:17:57 ] [视频事件] Video playing, applying settings...
11:17:57.601 log.ts:179 [debug 11:17:57 ] 拦截到HTTP请求: /learn/app/getGlobalTimestamp.do?os=99&sid=DDFFB4A8903046B2B2A2C20195472FFA
11:17:57.604 log.ts:179 [debug 11:17:57 ] 拦截到HTTP请求: /learn/app/clientapi/course/play/queryStatus.do?courseWareId=1708932724584&courseId=N003284&bizType=0&bizId=&sid=DDFFB4A8903046B2B2A2C20195472FFA&os=99
11:17:57.827 log.ts:179 [debug 11:17:57 ] 拦截到HTTP请求: /learn/app/clientapi/course/bigdata/courseLearnTime.do?os=99&sid=DDFFB4A8903046B2B2A2C20195472FFA
11:17:57.873 utils.ts:137 unknown seeking事件触发 Event {isTrusted: true, type: 'seeking', target: video#course-video_html5_api.vjs-tech, currentTarget: video#course-video_html5_api.vjs-tech, eventPhase: 2, …}
11:17:57.874 log.ts:179 [debug 11:17:57 ] [视频事件] Video paused, attempting to resume...
11:17:57.880 log.ts:179 [debug 11:17:57 ] 拦截到HTTP请求: /learn/app/clientapi/course/bigdata/courseLearnTime.do?os=99&sid=DDFFB4A8903046B2B2A2C20195472FFA
11:17:57.886 (索引):1  Uncaught (in promise) t {message: undefined}
Promise.then
(匿名) @ 8222.6209a852.chunk.js:1
u @ 9561.4bf2dc71.js:2
(匿名) @ 9561.4bf2dc71.js:2
(匿名) @ 9561.4bf2dc71.js:2
r @ 9561.4bf2dc71.js:2
s @ 9561.4bf2dc71.js:2
Promise.then
r @ 9561.4bf2dc71.js:2
s @ 9561.4bf2dc71.js:2
(匿名) @ 9561.4bf2dc71.js:2
(匿名) @ 9561.4bf2dc71.js:2
(匿名) @ 8222.6209a852.chunk.js:1
u @ 9561.4bf2dc71.js:2
(匿名) @ 9561.4bf2dc71.js:2
(匿名) @ 9561.4bf2dc71.js:2
r @ 9561.4bf2dc71.js:2
s @ 9561.4bf2dc71.js:2
(匿名) @ 9561.4bf2dc71.js:2
(匿名) @ 9561.4bf2dc71.js:2
m @ 9561.4bf2dc71.js:2
w @ 9561.4bf2dc71.js:2
(匿名) @ 9561.4bf2dc71.js:2
E @ 9561.4bf2dc71.js:2
C @ 9561.4bf2dc71.js:2
S @ 9561.4bf2dc71.js:2
D @ 9561.4bf2dc71.js:2
kn @ 9561.4bf2dc71.js:2
le @ 9561.4bf2dc71.js:2
Dn @ 9561.4bf2dc71.js:2
zn @ 9561.4bf2dc71.js:2
An @ 9561.4bf2dc71.js:2
t.unstable_runWithPriority @ 9561.4bf2dc71.js:2
qo @ 9561.4bf2dc71.js:2
se @ 9561.4bf2dc71.js:2
Tn @ 9561.4bf2dc71.js:2
play
(匿名) @ 8222.6209a852.chunk.js:1
clickPlayButton @ video.ts:147
eval @ video.ts:177
setTimeout
eval @ video.ts:175
11:17:58.072 utils.ts:137 unknown seeked事件触发 Event {isTrusted: true, type: 'seeked', target: video#course-video_html5_api.vjs-tech, currentTarget: video#course-video_html5_api.vjs-tech, eventPhase: 2, …}
11:17:58.583 log.ts:179 [debug 11:17:58 ] [播放速率] 设置播放速率为 1x
11:17:58.583 log.ts:179 [debug 11:17:58 ] [静音设置] 设置静音状态为 true
11:17:58.583 log.ts:179 [debug 11:17:58 ] [点击播放] 找到播放按钮，点击播放 button.vjs-big-play-button
11:17:58.585 log.ts:179 [debug 11:17:58 ] [静音设置] 设置静音状态为 true
11:17:58.585 log.ts:179 [debug 11:17:58 ] [播放速率] 设置播放速率为 1x
11:17:58.587 log.ts:179 [debug 11:17:58 ] [视频事件] Video playing, applying settings...
11:17:58.590 log.ts:179 [debug 11:17:58 ] 拦截到HTTP请求: /learn/app/getGlobalTimestamp.do?os=99&sid=DDFFB4A8903046B2B2A2C20195472FFA
11:17:58.591 log.ts:179 [debug 11:17:58 ] 拦截到HTTP请求: /learn/app/clientapi/course/play/queryStatus.do?courseWareId=1708932724584&courseId=N003284&bizType=0&bizId=&sid=DDFFB4A8903046B2B2A2C20195472FFA&os=99
11:17:58.810 log.ts:179 [debug 11:17:58 ] 拦截到HTTP请求: /learn/app/clientapi/course/bigdata/courseLearnTime.do?os=99&sid=DDFFB4A8903046B2B2A2C20195472FFA
11:17:58.869 utils.ts:137 unknown seeking事件触发 Event {isTrusted: true, type: 'seeking', target: video#course-video_html5_api.vjs-tech, currentTarget: video#course-video_html5_api.vjs-tech, eventPhase: 2, …}
11:17:58.871 log.ts:179 [debug 11:17:58 ] [视频事件] Video paused, attempting to resume...
11:17:58.875 log.ts:179 [debug 11:17:58 ] 拦截到HTTP请求: /learn/app/clientapi/course/bigdata/courseLearnTime.do?os=99&sid=DDFFB4A8903046B2B2A2C20195472FFA
11:17:58.877 (索引):1  Uncaught (in promise) t {message: undefined}
Promise.then
(匿名) @ 8222.6209a852.chunk.js:1
u @ 9561.4bf2dc71.js:2
(匿名) @ 9561.4bf2dc71.js:2
(匿名) @ 9561.4bf2dc71.js:2
r @ 9561.4bf2dc71.js:2
s @ 9561.4bf2dc71.js:2
Promise.then
r @ 9561.4bf2dc71.js:2
s @ 9561.4bf2dc71.js:2
(匿名) @ 9561.4bf2dc71.js:2
(匿名) @ 9561.4bf2dc71.js:2
(匿名) @ 8222.6209a852.chunk.js:1
u @ 9561.4bf2dc71.js:2
(匿名) @ 9561.4bf2dc71.js:2
(匿名) @ 9561.4bf2dc71.js:2
r @ 9561.4bf2dc71.js:2
s @ 9561.4bf2dc71.js:2
(匿名) @ 9561.4bf2dc71.js:2
(匿名) @ 9561.4bf2dc71.js:2
m @ 9561.4bf2dc71.js:2
w @ 9561.4bf2dc71.js:2
(匿名) @ 9561.4bf2dc71.js:2
E @ 9561.4bf2dc71.js:2
C @ 9561.4bf2dc71.js:2
S @ 9561.4bf2dc71.js:2
D @ 9561.4bf2dc71.js:2
kn @ 9561.4bf2dc71.js:2
le @ 9561.4bf2dc71.js:2
Dn @ 9561.4bf2dc71.js:2
zn @ 9561.4bf2dc71.js:2
An @ 9561.4bf2dc71.js:2
t.unstable_runWithPriority @ 9561.4bf2dc71.js:2
qo @ 9561.4bf2dc71.js:2
se @ 9561.4bf2dc71.js:2
Tn @ 9561.4bf2dc71.js:2
play
(匿名) @ 8222.6209a852.chunk.js:1
clickPlayButton @ video.ts:147
eval @ video.ts:177
setTimeout
eval @ video.ts:175
11:17:59.059 utils.ts:137 unknown seeked事件触发 Event {isTrusted: true, type: 'seeked', target: video#course-video_html5_api.vjs-tech, currentTarget: video#course-video_html5_api.vjs-tech, eventPhase: 2, …}
11:17:59.579 log.ts:179 [debug 11:17:59 ] [播放速率] 设置播放速率为 1x
11:17:59.580 log.ts:179 [debug 11:17:59 ] [静音设置] 设置静音状态为 true
11:17:59.580 log.ts:179 [debug 11:17:59 ] [点击播放] 找到播放按钮，点击播放 button.vjs-big-play-button
11:17:59.582 log.ts:179 [debug 11:17:59 ] [静音设置] 设置静音状态为 true
11:17:59.582 log.ts:179 [debug 11:17:59 ] [播放速率] 设置播放速率为 1x
11:17:59.585 log.ts:179 [debug 11:17:59 ] [视频事件] Video playing, applying settings...
11:17:59.587 log.ts:179 [debug 11:17:59 ] 拦截到HTTP请求: /learn/app/getGlobalTimestamp.do?os=99&sid=DDFFB4A8903046B2B2A2C20195472FFA
11:17:59.588 log.ts:179 [debug 11:17:59 ] 拦截到HTTP请求: /learn/app/clientapi/course/play/queryStatus.do?courseWareId=1708932724584&courseId=N003284&bizType=0&bizId=&sid=DDFFB4A8903046B2B2A2C20195472FFA&os=99
11:17:59.804 log.ts:179 [debug 11:17:59 ] 拦截到HTTP请求: /learn/app/clientapi/course/bigdata/courseLearnTime.do?os=99&sid=DDFFB4A8903046B2B2A2C20195472FFA
11:17:59.864 utils.ts:137 unknown seeking事件触发 Event {isTrusted: true, type: 'seeking', target: video#course-video_html5_api.vjs-tech, currentTarget: video#course-video_html5_api.vjs-tech, eventPhase: 2, …}
11:17:59.865 log.ts:179 [debug 11:17:59 ] [视频事件] Video paused, attempting to resume...
11:17:59.868 log.ts:179 [debug 11:17:59 ] 拦截到HTTP请求: /learn/app/clientapi/course/bigdata/courseLearnTime.do?os=99&sid=DDFFB4A8903046B2B2A2C20195472FFA
11:17:59.869 (索引):1  Uncaught (in promise) t {message: undefined}
Promise.then
(匿名) @ 8222.6209a852.chunk.js:1
u @ 9561.4bf2dc71.js:2
(匿名) @ 9561.4bf2dc71.js:2
(匿名) @ 9561.4bf2dc71.js:2
r @ 9561.4bf2dc71.js:2
s @ 9561.4bf2dc71.js:2
Promise.then
r @ 9561.4bf2dc71.js:2
s @ 9561.4bf2dc71.js:2
(匿名) @ 9561.4bf2dc71.js:2
(匿名) @ 9561.4bf2dc71.js:2
(匿名) @ 8222.6209a852.chunk.js:1
u @ 9561.4bf2dc71.js:2
(匿名) @ 9561.4bf2dc71.js:2
(匿名) @ 9561.4bf2dc71.js:2
r @ 9561.4bf2dc71.js:2
s @ 9561.4bf2dc71.js:2
(匿名) @ 9561.4bf2dc71.js:2
(匿名) @ 9561.4bf2dc71.js:2
m @ 9561.4bf2dc71.js:2
w @ 9561.4bf2dc71.js:2
(匿名) @ 9561.4bf2dc71.js:2
E @ 9561.4bf2dc71.js:2
C @ 9561.4bf2dc71.js:2
S @ 9561.4bf2dc71.js:2
D @ 9561.4bf2dc71.js:2
kn @ 9561.4bf2dc71.js:2
le @ 9561.4bf2dc71.js:2
Dn @ 9561.4bf2dc71.js:2
zn @ 9561.4bf2dc71.js:2
An @ 9561.4bf2dc71.js:2
t.unstable_runWithPriority @ 9561.4bf2dc71.js:2
qo @ 9561.4bf2dc71.js:2
se @ 9561.4bf2dc71.js:2
Tn @ 9561.4bf2dc71.js:2
play
(匿名) @ 8222.6209a852.chunk.js:1
clickPlayButton @ video.ts:147
eval @ video.ts:177
setTimeout
eval @ video.ts:175
11:18:00.077 utils.ts:137 unknown seeked事件触发 Event {isTrusted: true, type: 'seeked', target: video#course-video_html5_api.vjs-tech, currentTarget: video#course-video_html5_api.vjs-tech, eventPhase: 2, …}
11:18:00.588 log.ts:179 [debug 11:18:0 ] [播放速率] 设置播放速率为 1x
11:18:00.588 log.ts:179 [debug 11:18:0 ] [静音设置] 设置静音状态为 true
11:18:00.588 log.ts:179 [debug 11:18:0 ] [点击播放] 找到播放按钮，点击播放 button.vjs-big-play-button
11:18:00.590 log.ts:179 [debug 11:18:0 ] [静音设置] 设置静音状态为 true
11:18:00.590 log.ts:179 [debug 11:18:0 ] [播放速率] 设置播放速率为 1x
11:18:00.592 log.ts:179 [debug 11:18:0 ] [视频事件] Video playing, applying settings...
11:18:00.595 log.ts:179 [debug 11:18:0 ] 拦截到HTTP请求: /learn/app/getGlobalTimestamp.do?os=99&sid=DDFFB4A8903046B2B2A2C20195472FFA
11:18:00.596 log.ts:179 [debug 11:18:0 ] 拦截到HTTP请求: /learn/app/clientapi/course/play/queryStatus.do?courseWareId=1708932724584&courseId=N003284&bizType=0&bizId=&sid=DDFFB4A8903046B2B2A2C20195472FFA&os=99
11:18:00.810 log.ts:179 [debug 11:18:0 ] 拦截到HTTP请求: /learn/app/clientapi/course/bigdata/courseLearnTime.do?os=99&sid=DDFFB4A8903046B2B2A2C20195472FFA
11:18:00.838 utils.ts:137 unknown seeking事件触发 Event {isTrusted: true, type: 'seeking', target: video#course-video_html5_api.vjs-tech, currentTarget: video#course-video_html5_api.vjs-tech, eventPhase: 2, …}
11:18:00.840 log.ts:179 [debug 11:18:0 ] [视频事件] Video paused, attempting to resume...
11:18:00.843 log.ts:179 [debug 11:18:0 ] 拦截到HTTP请求: /learn/app/clientapi/course/bigdata/courseLearnTime.do?os=99&sid=DDFFB4A8903046B2B2A2C20195472FFA
11:18:00.849 (索引):1  Uncaught (in promise) t {message: undefined}
Promise.then
(匿名) @ 8222.6209a852.chunk.js:1
u @ 9561.4bf2dc71.js:2
(匿名) @ 9561.4bf2dc71.js:2
(匿名) @ 9561.4bf2dc71.js:2
r @ 9561.4bf2dc71.js:2
s @ 9561.4bf2dc71.js:2
Promise.then
r @ 9561.4bf2dc71.js:2
s @ 9561.4bf2dc71.js:2
(匿名) @ 9561.4bf2dc71.js:2
(匿名) @ 9561.4bf2dc71.js:2
(匿名) @ 8222.6209a852.chunk.js:1
u @ 9561.4bf2dc71.js:2
(匿名) @ 9561.4bf2dc71.js:2
(匿名) @ 9561.4bf2dc71.js:2
r @ 9561.4bf2dc71.js:2
s @ 9561.4bf2dc71.js:2
(匿名) @ 9561.4bf2dc71.js:2
(匿名) @ 9561.4bf2dc71.js:2
m @ 9561.4bf2dc71.js:2
w @ 9561.4bf2dc71.js:2
(匿名) @ 9561.4bf2dc71.js:2
E @ 9561.4bf2dc71.js:2
C @ 9561.4bf2dc71.js:2
S @ 9561.4bf2dc71.js:2
D @ 9561.4bf2dc71.js:2
kn @ 9561.4bf2dc71.js:2
le @ 9561.4bf2dc71.js:2
Dn @ 9561.4bf2dc71.js:2
zn @ 9561.4bf2dc71.js:2
An @ 9561.4bf2dc71.js:2
t.unstable_runWithPriority @ 9561.4bf2dc71.js:2
qo @ 9561.4bf2dc71.js:2
se @ 9561.4bf2dc71.js:2
Tn @ 9561.4bf2dc71.js:2
play
(匿名) @ 8222.6209a852.chunk.js:1
clickPlayButton @ video.ts:147
eval @ video.ts:177
setTimeout
eval @ video.ts:175
11:18:01.153 utils.ts:137 unknown seeked事件触发 Event {isTrusted: true, type: 'seeked', target: video#course-video_html5_api.vjs-tech, currentTarget: video#course-video_html5_api.vjs-tech, eventPhase: 2, …}
11:18:01.576 log.ts:179 [debug 11:18:1 ] [播放速率] 设置播放速率为 1x
11:18:01.576 log.ts:179 [debug 11:18:1 ] [静音设置] 设置静音状态为 true
11:18:01.576 log.ts:179 [debug 11:18:1 ] [点击播放] 找到播放按钮，点击播放 button.vjs-big-play-button
11:18:01.578 log.ts:179 [debug 11:18:1 ] [静音设置] 设置静音状态为 true
11:18:01.578 log.ts:179 [debug 11:18:1 ] [播放速率] 设置播放速率为 1x
11:18:01.580 log.ts:179 [debug 11:18:1 ] [视频事件] Video playing, applying settings...
11:18:01.583 log.ts:179 [debug 11:18:1 ] 拦截到HTTP请求: /learn/app/getGlobalTimestamp.do?os=99&sid=DDFFB4A8903046B2B2A2C20195472FFA
11:18:01.584 log.ts:179 [debug 11:18:1 ] 拦截到HTTP请求: /learn/app/clientapi/course/play/queryStatus.do?courseWareId=1708932724584&courseId=N003284&bizType=0&bizId=&sid=DDFFB4A8903046B2B2A2C20195472FFA&os=99
11:18:01.813 log.ts:179 [debug 11:18:1 ] 拦截到HTTP请求: /learn/app/clientapi/course/bigdata/courseLearnTime.do?os=99&sid=DDFFB4A8903046B2B2A2C20195472FFA
11:18:01.898 utils.ts:137 unknown seeking事件触发 Event {isTrusted: true, type: 'seeking', target: video#course-video_html5_api.vjs-tech, currentTarget: video#course-video_html5_api.vjs-tech, eventPhase: 2, …}
11:18:01.901 log.ts:179 [debug 11:18:1 ] [视频事件] Video paused, attempting to resume...
11:18:01.906 log.ts:179 [debug 11:18:1 ] 拦截到HTTP请求: /learn/app/clientapi/course/bigdata/courseLearnTime.do?os=99&sid=DDFFB4A8903046B2B2A2C20195472FFA
11:18:01.911 (索引):1  Uncaught (in promise) t {message: undefined}
Promise.then
(匿名) @ 8222.6209a852.chunk.js:1
u @ 9561.4bf2dc71.js:2
(匿名) @ 9561.4bf2dc71.js:2
(匿名) @ 9561.4bf2dc71.js:2
r @ 9561.4bf2dc71.js:2
s @ 9561.4bf2dc71.js:2
Promise.then
r @ 9561.4bf2dc71.js:2
s @ 9561.4bf2dc71.js:2
(匿名) @ 9561.4bf2dc71.js:2
(匿名) @ 9561.4bf2dc71.js:2
(匿名) @ 8222.6209a852.chunk.js:1
u @ 9561.4bf2dc71.js:2
(匿名) @ 9561.4bf2dc71.js:2
(匿名) @ 9561.4bf2dc71.js:2
r @ 9561.4bf2dc71.js:2
s @ 9561.4bf2dc71.js:2
(匿名) @ 9561.4bf2dc71.js:2
(匿名) @ 9561.4bf2dc71.js:2
m @ 9561.4bf2dc71.js:2
w @ 9561.4bf2dc71.js:2
(匿名) @ 9561.4bf2dc71.js:2
E @ 9561.4bf2dc71.js:2
C @ 9561.4bf2dc71.js:2
S @ 9561.4bf2dc71.js:2
D @ 9561.4bf2dc71.js:2
kn @ 9561.4bf2dc71.js:2
le @ 9561.4bf2dc71.js:2
Dn @ 9561.4bf2dc71.js:2
zn @ 9561.4bf2dc71.js:2
An @ 9561.4bf2dc71.js:2
t.unstable_runWithPriority @ 9561.4bf2dc71.js:2
qo @ 9561.4bf2dc71.js:2
se @ 9561.4bf2dc71.js:2
Tn @ 9561.4bf2dc71.js:2
play
(匿名) @ 8222.6209a852.chunk.js:1
clickPlayButton @ video.ts:147
eval @ video.ts:177
setTimeout
eval @ video.ts:175
11:18:02.186 utils.ts:137 unknown seeked事件触发 Event {isTrusted: true, type: 'seeked', target: video#course-video_html5_api.vjs-tech, currentTarget: video#course-video_html5_api.vjs-tech, eventPhase: 2, …}
11:18:02.585 log.ts:179 [debug 11:18:2 ] [播放速率] 设置播放速率为 1x
11:18:02.586 log.ts:179 [debug 11:18:2 ] [静音设置] 设置静音状态为 true
11:18:02.586 log.ts:179 [debug 11:18:2 ] [点击播放] 找到播放按钮，点击播放 button.vjs-big-play-button
11:18:02.588 log.ts:179 [debug 11:18:2 ] [静音设置] 设置静音状态为 true
11:18:02.588 log.ts:179 [debug 11:18:2 ] [播放速率] 设置播放速率为 1x
11:18:02.590 log.ts:179 [debug 11:18:2 ] [视频事件] Video playing, applying settings...
11:18:02.593 log.ts:179 [debug 11:18:2 ] 拦截到HTTP请求: /learn/app/getGlobalTimestamp.do?os=99&sid=DDFFB4A8903046B2B2A2C20195472FFA
11:18:02.594 log.ts:179 [debug 11:18:2 ] 拦截到HTTP请求: /learn/app/clientapi/course/play/queryStatus.do?courseWareId=1708932724584&courseId=N003284&bizType=0&bizId=&sid=DDFFB4A8903046B2B2A2C20195472FFA&os=99
11:18:02.813 log.ts:179 [debug 11:18:2 ] 拦截到HTTP请求: /learn/app/clientapi/course/bigdata/courseLearnTime.do?os=99&sid=DDFFB4A8903046B2B2A2C20195472FFA
11:18:02.870 utils.ts:137 unknown seeking事件触发 Event {isTrusted: true, type: 'seeking', target: video#course-video_html5_api.vjs-tech, currentTarget: video#course-video_html5_api.vjs-tech, eventPhase: 2, …}
11:18:02.871 log.ts:179 [debug 11:18:2 ] [视频事件] Video paused, attempting to resume...
11:18:02.876 log.ts:179 [debug 11:18:2 ] 拦截到HTTP请求: /learn/app/clientapi/course/bigdata/courseLearnTime.do?os=99&sid=DDFFB4A8903046B2B2A2C20195472FFA
11:18:02.880 (索引):1  Uncaught (in promise) t {message: undefined}
Promise.then
(匿名) @ 8222.6209a852.chunk.js:1
u @ 9561.4bf2dc71.js:2
(匿名) @ 9561.4bf2dc71.js:2
(匿名) @ 9561.4bf2dc71.js:2
r @ 9561.4bf2dc71.js:2
s @ 9561.4bf2dc71.js:2
Promise.then
r @ 9561.4bf2dc71.js:2
s @ 9561.4bf2dc71.js:2
(匿名) @ 9561.4bf2dc71.js:2
(匿名) @ 9561.4bf2dc71.js:2
(匿名) @ 8222.6209a852.chunk.js:1
u @ 9561.4bf2dc71.js:2
(匿名) @ 9561.4bf2dc71.js:2
(匿名) @ 9561.4bf2dc71.js:2
r @ 9561.4bf2dc71.js:2
s @ 9561.4bf2dc71.js:2
(匿名) @ 9561.4bf2dc71.js:2
(匿名) @ 9561.4bf2dc71.js:2
m @ 9561.4bf2dc71.js:2
w @ 9561.4bf2dc71.js:2
(匿名) @ 9561.4bf2dc71.js:2
E @ 9561.4bf2dc71.js:2
C @ 9561.4bf2dc71.js:2
S @ 9561.4bf2dc71.js:2
D @ 9561.4bf2dc71.js:2
kn @ 9561.4bf2dc71.js:2
le @ 9561.4bf2dc71.js:2
Dn @ 9561.4bf2dc71.js:2
zn @ 9561.4bf2dc71.js:2
An @ 9561.4bf2dc71.js:2
t.unstable_runWithPriority @ 9561.4bf2dc71.js:2
qo @ 9561.4bf2dc71.js:2
se @ 9561.4bf2dc71.js:2
Tn @ 9561.4bf2dc71.js:2
play
(匿名) @ 8222.6209a852.chunk.js:1
clickPlayButton @ video.ts:147
eval @ video.ts:177
setTimeout
eval @ video.ts:175
11:18:03.094 utils.ts:137 unknown seeked事件触发 Event {isTrusted: true, type: 'seeked', target: video#course-video_html5_api.vjs-tech, currentTarget: video#course-video_html5_api.vjs-tech, eventPhase: 2, …}
11:18:03.585 log.ts:179 [debug 11:18:3 ] [播放速率] 设置播放速率为 1x
11:18:03.585 log.ts:179 [debug 11:18:3 ] [静音设置] 设置静音状态为 true
11:18:03.585 log.ts:179 [debug 11:18:3 ] [点击播放] 找到播放按钮，点击播放 button.vjs-big-play-button
11:18:03.588 log.ts:179 [debug 11:18:3 ] [静音设置] 设置静音状态为 true
11:18:03.588 log.ts:179 [debug 11:18:3 ] [播放速率] 设置播放速率为 1x
11:18:03.590 log.ts:179 [debug 11:18:3 ] [视频事件] Video playing, applying settings...
11:18:03.592 log.ts:179 [debug 11:18:3 ] 拦截到HTTP请求: /learn/app/getGlobalTimestamp.do?os=99&sid=DDFFB4A8903046B2B2A2C20195472FFA
11:18:03.593 log.ts:179 [debug 11:18:3 ] 拦截到HTTP请求: /learn/app/clientapi/course/play/queryStatus.do?courseWareId=1708932724584&courseId=N003284&bizType=0&bizId=&sid=DDFFB4A8903046B2B2A2C20195472FFA&os=99
11:18:03.800 utils.ts:137 unknown seeking事件触发 Event {isTrusted: true, type: 'seeking', target: video#course-video_html5_api.vjs-tech, currentTarget: video#course-video_html5_api.vjs-tech, eventPhase: 2, …}
11:18:03.804 log.ts:179 [debug 11:18:3 ] [视频事件] Video paused, attempting to resume...
11:18:03.829 log.ts:179 [debug 11:18:3 ] 拦截到HTTP请求: /learn/app/clientapi/course/bigdata/courseLearnTime.do?os=99&sid=DDFFB4A8903046B2B2A2C20195472FFA
11:18:03.968 utils.ts:137 unknown seeked事件触发 Event {isTrusted: true, type: 'seeked', target: video#course-video_html5_api.vjs-tech, currentTarget: video#course-video_html5_api.vjs-tech, eventPhase: 2, …}
11:18:04.575 log.ts:179 [debug 11:18:4 ] [播放速率] 设置播放速率为 1x
11:18:04.576 log.ts:179 [debug 11:18:4 ] [静音设置] 设置静音状态为 true
11:18:04.576 log.ts:179 [debug 11:18:4 ] [点击播放] 找到播放按钮，点击播放 button.vjs-big-play-button
11:18:04.578 log.ts:179 [debug 11:18:4 ] [静音设置] 设置静音状态为 true
11:18:04.578 log.ts:179 [debug 11:18:4 ] [播放速率] 设置播放速率为 1x
11:18:04.583 log.ts:179 [debug 11:18:4 ] [视频事件] Video playing, applying settings...
11:18:04.586 log.ts:179 [debug 11:18:4 ] 拦截到HTTP请求: /learn/app/clientapi/course/play/queryStatus.do?courseWareId=1708932724584&courseId=N003284&bizType=0&bizId=&sid=DDFFB4A8903046B2B2A2C20195472FFA&os=99
11:18:04.729 utils.ts:137 unknown seeking事件触发 Event {isTrusted: true, type: 'seeking', target: video#course-video_html5_api.vjs-tech, currentTarget: video#course-video_html5_api.vjs-tech, eventPhase: 2, …}
11:18:04.737 log.ts:179 [debug 11:18:4 ] [视频事件] Video paused, attempting to resume...
11:18:04.741 log.ts:179 [debug 11:18:4 ] 拦截到HTTP请求: /learn/app/clientapi/course/bigdata/courseLearnTime.do?os=99&sid=DDFFB4A8903046B2B2A2C20195472FFA
11:18:04.891 utils.ts:137 unknown seeked事件触发 Event {isTrusted: true, type: 'seeked', target: video#course-video_html5_api.vjs-tech, currentTarget: video#course-video_html5_api.vjs-tech, eventPhase: 2, …}
11:18:05.575 log.ts:179 [debug 11:18:5 ] [播放速率] 设置播放速率为 1x
11:18:05.575 log.ts:179 [debug 11:18:5 ] [静音设置] 设置静音状态为 true
11:18:05.575 log.ts:179 [debug 11:18:5 ] [点击播放] 找到播放按钮，点击播放 button.vjs-big-play-button
11:18:05.591 log.ts:179 [debug 11:18:5 ] [静音设置] 设置静音状态为 true
11:18:05.592 log.ts:179 [debug 11:18:5 ] [播放速率] 设置播放速率为 1x
11:18:05.601 log.ts:179 [debug 11:18:5 ] [视频事件] Video playing, applying settings...
11:18:05.611 log.ts:179 [debug 11:18:5 ] 拦截到HTTP请求: /learn/app/getGlobalTimestamp.do?os=99&sid=DDFFB4A8903046B2B2A2C20195472FFA
11:18:05.613 log.ts:179 [debug 11:18:5 ] 拦截到HTTP请求: /learn/app/clientapi/course/play/queryStatus.do?courseWareId=1708932724584&courseId=N003284&bizType=0&bizId=&sid=DDFFB4A8903046B2B2A2C20195472FFA&os=99
11:18:05.743 utils.ts:137 unknown seeking事件触发 Event {isTrusted: true, type: 'seeking', target: video#course-video_html5_api.vjs-tech, currentTarget: video#course-video_html5_api.vjs-tech, eventPhase: 2, …}
11:18:05.747 log.ts:179 [debug 11:18:5 ] [视频事件] Video paused, attempting to resume...
11:18:05.855 log.ts:179 [debug 11:18:5 ] 拦截到HTTP请求: /learn/app/clientapi/course/bigdata/courseLearnTime.do?os=99&sid=DDFFB4A8903046B2B2A2C20195472FFA
11:18:05.890 utils.ts:137 unknown seeked事件触发 Event {isTrusted: true, type: 'seeked', target: video#course-video_html5_api.vjs-tech, currentTarget: video#course-video_html5_api.vjs-tech, eventPhase: 2, …}
11:18:06.584 log.ts:179 [debug 11:18:6 ] [播放速率] 设置播放速率为 1x
11:18:06.584 log.ts:179 [debug 11:18:6 ] [静音设置] 设置静音状态为 true
11:18:06.584 log.ts:179 [debug 11:18:6 ] [点击播放] 找到播放按钮，点击播放 button.vjs-big-play-button
11:18:06.586 log.ts:179 [debug 11:18:6 ] [静音设置] 设置静音状态为 true
11:18:06.587 log.ts:179 [debug 11:18:6 ] [播放速率] 设置播放速率为 1x
11:18:06.587 log.ts:179 [debug 11:18:6 ] [视频事件] Video playing, applying settings...
11:18:06.590 log.ts:179 [debug 11:18:6 ] 拦截到HTTP请求: /learn/app/clientapi/course/play/queryStatus.do?courseWareId=1708932724584&courseId=N003284&bizType=0&bizId=&sid=DDFFB4A8903046B2B2A2C20195472FFA&os=99
11:18:06.796 utils.ts:137 unknown visibilitychange事件触发 Event {isTrusted: true, type: 'visibilitychange', target: document, currentTarget: Window, eventPhase: 1, …}
11:18:06.797 log.ts:179 [debug 11:18:6 ] [播放速率] 设置播放速率为 1x
11:18:06.797 log.ts:179 [debug 11:18:6 ] [静音设置] 设置静音状态为 true
11:18:06.802 log.ts:179 [debug 11:18:6 ] 拦截到HTTP请求: /learn/app/clientapi/course/progress/reportLearnProgress.do?os=99&sid=DDFFB4A8903046B2B2A2C20195472FFA
11:18:06.826 utils.ts:137 unknown seeking事件触发 Event {isTrusted: true, type: 'seeking', target: video#course-video_html5_api.vjs-tech, currentTarget: video#course-video_html5_api.vjs-tech, eventPhase: 2, …}
11:18:06.865 utils.ts:137 unknown mouseout事件触发 MouseEvent {isTrusted: true, screenX: 840, screenY: 1017, clientX: 836, clientY: 937, …}
11:18:06.884 utils.ts:137 unknown mouseout事件触发 MouseEvent {isTrusted: true, screenX: 853, screenY: 959, clientX: 849, clientY: 879, …}
11:18:06.884 utils.ts:137 unknown mouseleave事件触发 MouseEvent {isTrusted: true, screenX: 853, screenY: 959, clientX: 849, clientY: 879, …}
11:18:06.886 utils.ts:137 unknown mouseout事件触发 MouseEvent {isTrusted: true, screenX: 855, screenY: 942, clientX: 851, clientY: 862, …}
11:18:06.892 utils.ts:137 unknown mouseout事件触发 MouseEvent {isTrusted: true, screenX: 860, screenY: 916, clientX: 856, clientY: 836, …}
11:18:06.892 utils.ts:137 unknown mouseleave事件触发 MouseEvent {isTrusted: true, screenX: 860, screenY: 916, clientX: 856, clientY: 836, …}
11:18:06.896 utils.ts:137 unknown mouseout事件触发 MouseEvent {isTrusted: true, screenX: 865, screenY: 892, clientX: 861, clientY: 812, …}
11:18:06.900 utils.ts:137 unknown mouseout事件触发 MouseEvent {isTrusted: true, screenX: 867, screenY: 875, clientX: 863, clientY: 795, …}
11:18:06.900 utils.ts:137 unknown mouseleave事件触发 MouseEvent {isTrusted: true, screenX: 867, screenY: 875, clientX: 863, clientY: 795, …}
11:18:06.903 utils.ts:137 unknown mouseout事件触发 MouseEvent {isTrusted: true, screenX: 871, screenY: 857, clientX: 867, clientY: 777, …}
11:18:06.908 utils.ts:137 unknown mouseout事件触发 MouseEvent {isTrusted: true, screenX: 877, screenY: 833, clientX: 873, clientY: 753, …}
11:18:06.908 utils.ts:137 unknown mouseleave事件触发 MouseEvent {isTrusted: true, screenX: 877, screenY: 833, clientX: 873, clientY: 753, …}
11:18:06.912 utils.ts:137 unknown mouseout事件触发 MouseEvent {isTrusted: true, screenX: 881, screenY: 812, clientX: 877, clientY: 732, …}
11:18:06.917 utils.ts:137 unknown mouseout事件触发 MouseEvent {isTrusted: true, screenX: 887, screenY: 791, clientX: 883, clientY: 711, …}
11:18:06.917 utils.ts:137 unknown mouseleave事件触发 MouseEvent {isTrusted: true, screenX: 887, screenY: 791, clientX: 883, clientY: 711, …}
11:18:06.921 utils.ts:137 unknown mouseout事件触发 MouseEvent {isTrusted: true, screenX: 893, screenY: 771, clientX: 889, clientY: 691, …}
11:18:06.927 utils.ts:137 unknown mouseout事件触发 MouseEvent {isTrusted: true, screenX: 903, screenY: 740, clientX: 899, clientY: 660, …}
11:18:06.928 utils.ts:137 unknown mouseleave事件触发 MouseEvent {isTrusted: true, screenX: 903, screenY: 740, clientX: 899, clientY: 660, …}
11:18:06.942 utils.ts:137 unknown mouseout事件触发 MouseEvent {isTrusted: true, screenX: 929, screenY: 681, clientX: 925, clientY: 601, …}
11:18:06.942 utils.ts:137 unknown mouseleave事件触发 MouseEvent {isTrusted: true, screenX: 929, screenY: 681, clientX: 925, clientY: 601, …}
11:18:06.985 utils.ts:137 unknown seeked事件触发 Event {isTrusted: true, type: 'seeked', target: video#course-video_html5_api.vjs-tech, currentTarget: video#course-video_html5_api.vjs-tech, eventPhase: 2, …}
11:18:07.008 utils.ts:137 unknown mouseout事件触发 MouseEvent {isTrusted: true, screenX: 1051, screenY: 524, clientX: 1047, clientY: 444, …}
11:18:07.008 utils.ts:137 unknown mouseleave事件触发 MouseEvent {isTrusted: true, screenX: 1051, screenY: 524, clientX: 1047, clientY: 444, …}
11:18:07.008 utils.ts:137 unknown mouseleave事件触发 MouseEvent {isTrusted: true, screenX: 1051, screenY: 524, clientX: 1047, clientY: 444, …}
11:18:07.008 utils.ts:137 unknown mouseleave事件触发 MouseEvent {isTrusted: true, screenX: 1051, screenY: 524, clientX: 1047, clientY: 444, …}
11:18:07.008 utils.ts:137 unknown mouseleave事件触发 MouseEvent {isTrusted: true, screenX: 1051, screenY: 524, clientX: 1047, clientY: 444, …}
11:18:07.008 utils.ts:137 unknown mouseleave事件触发 MouseEvent {isTrusted: true, screenX: 1051, screenY: 524, clientX: 1047, clientY: 444, …}
11:18:07.008 utils.ts:137 unknown mouseleave事件触发 MouseEvent {isTrusted: true, screenX: 1051, screenY: 524, clientX: 1047, clientY: 444, …}
11:18:07.008 utils.ts:137 unknown mouseleave事件触发 MouseEvent {isTrusted: true, screenX: 1051, screenY: 524, clientX: 1047, clientY: 444, …}
11:18:07.008 utils.ts:137 unknown mouseleave事件触发 MouseEvent {isTrusted: true, screenX: 1051, screenY: 524, clientX: 1047, clientY: 444, …}
11:18:07.008 utils.ts:137 unknown mouseleave事件触发 MouseEvent {isTrusted: true, screenX: 1051, screenY: 524, clientX: 1047, clientY: 444, …}
11:18:07.008 utils.ts:137 unknown mouseleave事件触发 MouseEvent {isTrusted: true, screenX: 1051, screenY: 524, clientX: 1047, clientY: 444, …}
11:18:07.008 utils.ts:137 unknown mouseleave事件触发 MouseEvent {isTrusted: true, screenX: 1051, screenY: 524, clientX: 1047, clientY: 444, …}
11:18:07.008 utils.ts:137 unknown mouseleave事件触发 MouseEvent {isTrusted: true, screenX: 1051, screenY: 524, clientX: 1047, clientY: 444, …}
11:18:07.008 utils.ts:137 unknown mouseleave事件触发 MouseEvent {isTrusted: true, screenX: 1051, screenY: 524, clientX: 1047, clientY: 444, …}
11:18:07.008 utils.ts:137 unknown mouseleave事件触发 MouseEvent {isTrusted: true, screenX: 1051, screenY: 524, clientX: 1047, clientY: 444, …}
11:18:07.019 utils.ts:137 unknown mouseout事件触发 MouseEvent {isTrusted: true, screenX: 1061, screenY: 522, clientX: 1057, clientY: 442, …}
11:18:07.019 utils.ts:137 unknown mouseleave事件触发 MouseEvent {isTrusted: true, screenX: 1061, screenY: 522, clientX: 1057, clientY: 442, …}
11:18:07.019 utils.ts:137 unknown mouseleave事件触发 MouseEvent {isTrusted: true, screenX: 1061, screenY: 522, clientX: 1057, clientY: 442, …}
11:18:07.036 8222.6209a852.chunk.js:1 report success
11:18:07.273 utils.ts:137 unknown mouseout事件触发 MouseEvent {isTrusted: true, screenX: 1059, screenY: 522, clientX: 1055, clientY: 442, …}
11:18:07.273 utils.ts:137 unknown mouseleave事件触发 MouseEvent {isTrusted: true, screenX: 1059, screenY: 522, clientX: 1055, clientY: 442, …}
11:18:07.273 utils.ts:137 unknown mouseleave事件触发 MouseEvent {isTrusted: true, screenX: 1059, screenY: 522, clientX: 1055, clientY: 442, …}
11:18:07.287 utils.ts:137 unknown mouseout事件触发 MouseEvent {isTrusted: true, screenX: 1050, screenY: 518, clientX: 1046, clientY: 438, …}
11:18:07.304 utils.ts:137 unknown mouseout事件触发 MouseEvent {isTrusted: true, screenX: 1051, screenY: 515, clientX: 1047, clientY: 435, …}
11:18:07.305 utils.ts:137 unknown mouseleave事件触发 MouseEvent {isTrusted: true, screenX: 1051, screenY: 515, clientX: 1047, clientY: 435, …}
11:18:07.305 utils.ts:137 unknown mouseleave事件触发 MouseEvent {isTrusted: true, screenX: 1051, screenY: 515, clientX: 1047, clientY: 435, …}
11:18:07.305 utils.ts:137 unknown mouseleave事件触发 MouseEvent {isTrusted: true, screenX: 1051, screenY: 515, clientX: 1047, clientY: 435, …}
11:18:07.305 utils.ts:137 unknown mouseleave事件触发 MouseEvent {isTrusted: true, screenX: 1051, screenY: 515, clientX: 1047, clientY: 435, …}
11:18:07.305 utils.ts:137 unknown mouseleave事件触发 MouseEvent {isTrusted: true, screenX: 1051, screenY: 515, clientX: 1047, clientY: 435, …}
11:18:07.305 utils.ts:137 unknown mouseleave事件触发 MouseEvent {isTrusted: true, screenX: 1051, screenY: 515, clientX: 1047, clientY: 435, …}
11:18:07.305 utils.ts:137 unknown mouseleave事件触发 MouseEvent {isTrusted: true, screenX: 1051, screenY: 515, clientX: 1047, clientY: 435, …}
11:18:07.305 utils.ts:137 unknown mouseleave事件触发 MouseEvent {isTrusted: true, screenX: 1051, screenY: 515, clientX: 1047, clientY: 435, …}
11:18:07.305 utils.ts:137 unknown mouseleave事件触发 MouseEvent {isTrusted: true, screenX: 1051, screenY: 515, clientX: 1047, clientY: 435, …}
11:18:07.305 utils.ts:137 unknown mouseleave事件触发 MouseEvent {isTrusted: true, screenX: 1051, screenY: 515, clientX: 1047, clientY: 435, …}
11:18:07.305 utils.ts:137 unknown mouseleave事件触发 MouseEvent {isTrusted: true, screenX: 1051, screenY: 515, clientX: 1047, clientY: 435, …}
11:18:07.305 utils.ts:137 unknown mouseleave事件触发 MouseEvent {isTrusted: true, screenX: 1051, screenY: 515, clientX: 1047, clientY: 435, …}
11:18:07.305 utils.ts:137 unknown mouseleave事件触发 MouseEvent {isTrusted: true, screenX: 1051, screenY: 515, clientX: 1047, clientY: 435, …}
11:18:07.305 utils.ts:137 unknown mouseleave事件触发 MouseEvent {isTrusted: true, screenX: 1051, screenY: 515, clientX: 1047, clientY: 435, …}
11:18:07.315 utils.ts:137 unknown mouseout事件触发 MouseEvent {isTrusted: true, screenX: 1061, screenY: 512, clientX: 1057, clientY: 432, …}
11:18:07.316 utils.ts:137 unknown mouseleave事件触发 MouseEvent {isTrusted: true, screenX: 1061, screenY: 512, clientX: 1057, clientY: 432, …}
11:18:07.316 utils.ts:137 unknown mouseleave事件触发 MouseEvent {isTrusted: true, screenX: 1061, screenY: 512, clientX: 1057, clientY: 432, …}
11:18:09.747 log.ts:179 [debug 11:18:9 ] 拦截到HTTP请求: https://zsglcdn.lzlj.com/learn/app/filehub/0001/formal/course/transCode/2024/02/26/B9A39E5CAA144D388621666CF671ED68/1708932724584_s_14.ts
11:18:18.765 utils.ts:137 unknown visibilitychange事件触发 Event {isTrusted: true, type: 'visibilitychange', target: document, currentTarget: Window, eventPhase: 1, …}
11:18:18.767 log.ts:179 [debug 11:18:18 ] [视频事件] Video paused, attempting to resume...
11:18:18.770 log.ts:179 [debug 11:18:18 ] 拦截到HTTP请求: /learn/app/clientapi/course/bigdata/courseLearnTime.do?os=99&sid=DDFFB4A8903046B2B2A2C20195472FFA
11:18:19.587 log.ts:179 [debug 11:18:19 ] [点击播放] 找到播放按钮，点击播放 <button class=​"vjs-big-play-button" type=​"button" title=​"Play Video" aria-disabled=​"false">​…​</button>​
11:18:19.589 log.ts:179 [debug 11:18:19 ] [静音设置] 设置静音状态为 true
11:18:19.589 log.ts:179 [debug 11:18:19 ] [播放速率] 设置播放速率为 1x
11:18:19.589 log.ts:179 [debug 11:18:19 ] [视频事件] Video playing, applying settings...
11:18:19.592 log.ts:179 [debug 11:18:19 ] 拦截到HTTP请求: /learn/app/getGlobalTimestamp.do?os=99&sid=DDFFB4A8903046B2B2A2C20195472FFA
11:18:19.593 log.ts:179 [debug 11:18:19 ] 拦截到HTTP请求: /learn/app/clientapi/course/play/queryStatus.do?courseWareId=1708932724584&courseId=N003284&bizType=0&bizId=&sid=DDFFB4A8903046B2B2A2C20195472FFA&os=99
11:18:19.808 log.ts:179 [debug 11:18:19 ] 拦截到HTTP请求: /learn/app/clientapi/course/bigdata/courseLearnTime.do?os=99&sid=DDFFB4A8903046B2B2A2C20195472FFA
11:18:19.812 utils.ts:137 unknown seeking事件触发 Event {isTrusted: true, type: 'seeking', target: video#course-video_html5_api.vjs-tech, currentTarget: video#course-video_html5_api.vjs-tech, eventPhase: 2, …}
11:18:19.816 log.ts:179 [debug 11:18:19 ] [视频事件] Video paused, attempting to resume...
11:18:19.823 log.ts:179 [debug 11:18:19 ] 拦截到HTTP请求: /learn/app/clientapi/course/bigdata/courseLearnTime.do?os=99&sid=DDFFB4A8903046B2B2A2C20195472FFA
11:18:19.825 (索引):1  Uncaught (in promise) t {message: undefined}
Promise.then
(匿名) @ 8222.6209a852.chunk.js:1
u @ 9561.4bf2dc71.js:2
(匿名) @ 9561.4bf2dc71.js:2
(匿名) @ 9561.4bf2dc71.js:2
r @ 9561.4bf2dc71.js:2
s @ 9561.4bf2dc71.js:2
Promise.then
r @ 9561.4bf2dc71.js:2
s @ 9561.4bf2dc71.js:2
(匿名) @ 9561.4bf2dc71.js:2
(匿名) @ 9561.4bf2dc71.js:2
(匿名) @ 8222.6209a852.chunk.js:1
u @ 9561.4bf2dc71.js:2
(匿名) @ 9561.4bf2dc71.js:2
(匿名) @ 9561.4bf2dc71.js:2
r @ 9561.4bf2dc71.js:2
s @ 9561.4bf2dc71.js:2
(匿名) @ 9561.4bf2dc71.js:2
(匿名) @ 9561.4bf2dc71.js:2
m @ 9561.4bf2dc71.js:2
w @ 9561.4bf2dc71.js:2
(匿名) @ 9561.4bf2dc71.js:2
E @ 9561.4bf2dc71.js:2
C @ 9561.4bf2dc71.js:2
S @ 9561.4bf2dc71.js:2
D @ 9561.4bf2dc71.js:2
kn @ 9561.4bf2dc71.js:2
le @ 9561.4bf2dc71.js:2
Dn @ 9561.4bf2dc71.js:2
zn @ 9561.4bf2dc71.js:2
An @ 9561.4bf2dc71.js:2
t.unstable_runWithPriority @ 9561.4bf2dc71.js:2
qo @ 9561.4bf2dc71.js:2
se @ 9561.4bf2dc71.js:2
Tn @ 9561.4bf2dc71.js:2
play
(匿名) @ 8222.6209a852.chunk.js:1
clickPlayButton @ video.ts:147
eval @ video.ts:177
setTimeout
eval @ video.ts:175
11:18:20.207 utils.ts:137 unknown seeked事件触发 Event {isTrusted: true, type: 'seeked', target: video#course-video_html5_api.vjs-tech, currentTarget: video#course-video_html5_api.vjs-tech, eventPhase: 2, …}
11:18:20.589 log.ts:179 [debug 11:18:20 ] [播放速率] 设置播放速率为 1x
11:18:20.589 log.ts:179 [debug 11:18:20 ] [静音设置] 设置静音状态为 true
11:18:20.589 log.ts:179 [debug 11:18:20 ] [点击播放] 找到播放按钮，点击播放 button.vjs-big-play-button
11:18:20.592 log.ts:179 [debug 11:18:20 ] [静音设置] 设置静音状态为 true
11:18:20.592 log.ts:179 [debug 11:18:20 ] [播放速率] 设置播放速率为 1x
11:18:20.595 log.ts:179 [debug 11:18:20 ] [视频事件] Video playing, applying settings...
11:18:20.613 log.ts:179 [debug 11:18:20 ] 拦截到HTTP请求: /learn/app/getGlobalTimestamp.do?os=99&sid=DDFFB4A8903046B2B2A2C20195472FFA
11:18:20.649 log.ts:179 [debug 11:18:20 ] 拦截到HTTP请求: /learn/app/clientapi/course/play/queryStatus.do?courseWareId=1708932724584&courseId=N003284&bizType=0&bizId=&sid=DDFFB4A8903046B2B2A2C20195472FFA&os=99
11:18:20.829 log.ts:179 [debug 11:18:20 ] 拦截到HTTP请求: /learn/app/clientapi/course/bigdata/courseLearnTime.do?os=99&sid=DDFFB4A8903046B2B2A2C20195472FFA
11:18:20.876 utils.ts:137 unknown seeking事件触发 Event {isTrusted: true, type: 'seeking', target: video#course-video_html5_api.vjs-tech, currentTarget: video#course-video_html5_api.vjs-tech, eventPhase: 2, …}
11:18:20.879 log.ts:179 [debug 11:18:20 ] [视频事件] Video paused, attempting to resume...
11:18:20.882 log.ts:179 [debug 11:18:20 ] 拦截到HTTP请求: /learn/app/clientapi/course/bigdata/courseLearnTime.do?os=99&sid=DDFFB4A8903046B2B2A2C20195472FFA
11:18:20.886 (索引):1  Uncaught (in promise) t {message: undefined}
Promise.then
(匿名) @ 8222.6209a852.chunk.js:1
u @ 9561.4bf2dc71.js:2
(匿名) @ 9561.4bf2dc71.js:2
(匿名) @ 9561.4bf2dc71.js:2
r @ 9561.4bf2dc71.js:2
s @ 9561.4bf2dc71.js:2
Promise.then
r @ 9561.4bf2dc71.js:2
s @ 9561.4bf2dc71.js:2
(匿名) @ 9561.4bf2dc71.js:2
(匿名) @ 9561.4bf2dc71.js:2
(匿名) @ 8222.6209a852.chunk.js:1
u @ 9561.4bf2dc71.js:2
(匿名) @ 9561.4bf2dc71.js:2
(匿名) @ 9561.4bf2dc71.js:2
r @ 9561.4bf2dc71.js:2
s @ 9561.4bf2dc71.js:2
(匿名) @ 9561.4bf2dc71.js:2
(匿名) @ 9561.4bf2dc71.js:2
m @ 9561.4bf2dc71.js:2
w @ 9561.4bf2dc71.js:2
(匿名) @ 9561.4bf2dc71.js:2
E @ 9561.4bf2dc71.js:2
C @ 9561.4bf2dc71.js:2
S @ 9561.4bf2dc71.js:2
D @ 9561.4bf2dc71.js:2
kn @ 9561.4bf2dc71.js:2
le @ 9561.4bf2dc71.js:2
Dn @ 9561.4bf2dc71.js:2
zn @ 9561.4bf2dc71.js:2
An @ 9561.4bf2dc71.js:2
t.unstable_runWithPriority @ 9561.4bf2dc71.js:2
qo @ 9561.4bf2dc71.js:2
se @ 9561.4bf2dc71.js:2
Tn @ 9561.4bf2dc71.js:2
play
(匿名) @ 8222.6209a852.chunk.js:1
clickPlayButton @ video.ts:147
eval @ video.ts:177
setTimeout
eval @ video.ts:175
11:18:21.137 utils.ts:137 unknown seeked事件触发 Event {isTrusted: true, type: 'seeked', target: video#course-video_html5_api.vjs-tech, currentTarget: video#course-video_html5_api.vjs-tech, eventPhase: 2, …}
11:18:21.584 log.ts:179 [debug 11:18:21 ] [播放速率] 设置播放速率为 1x
11:18:21.585 log.ts:179 [debug 11:18:21 ] [静音设置] 设置静音状态为 true
11:18:21.585 log.ts:179 [debug 11:18:21 ] [点击播放] 找到播放按钮，点击播放 button.vjs-big-play-button
11:18:21.587 log.ts:179 [debug 11:18:21 ] [静音设置] 设置静音状态为 true
11:18:21.587 log.ts:179 [debug 11:18:21 ] [播放速率] 设置播放速率为 1x
11:18:21.590 log.ts:179 [debug 11:18:21 ] [视频事件] Video playing, applying settings...
11:18:21.593 log.ts:179 [debug 11:18:21 ] 拦截到HTTP请求: /learn/app/getGlobalTimestamp.do?os=99&sid=DDFFB4A8903046B2B2A2C20195472FFA
11:18:21.594 log.ts:179 [debug 11:18:21 ] 拦截到HTTP请求: /learn/app/clientapi/course/play/queryStatus.do?courseWareId=1708932724584&courseId=N003284&bizType=0&bizId=&sid=DDFFB4A8903046B2B2A2C20195472FFA&os=99
11:18:21.754 log.ts:179 [debug 11:18:21 ] 拦截到HTTP请求: /learn/app/clientapi/course/bigdata/courseLearnTime.do?os=99&sid=DDFFB4A8903046B2B2A2C20195472FFA
11:18:21.808 utils.ts:137 unknown seeking事件触发 Event {isTrusted: true, type: 'seeking', target: video#course-video_html5_api.vjs-tech, currentTarget: video#course-video_html5_api.vjs-tech, eventPhase: 2, …}
11:18:22.060 log.ts:179 [debug 11:18:22 ] [视频事件] Video paused, attempting to resume...
11:18:22.063 log.ts:179 [debug 11:18:22 ] 拦截到HTTP请求: /learn/app/clientapi/course/bigdata/courseLearnTime.do?os=99&sid=DDFFB4A8903046B2B2A2C20195472FFA
11:18:22.349 utils.ts:137 unknown seeked事件触发 Event {isTrusted: true, type: 'seeked', target: video#course-video_html5_api.vjs-tech, currentTarget: video#course-video_html5_api.vjs-tech, eventPhase: 2, …}
11:18:22.587 log.ts:179 [debug 11:18:22 ] [播放速率] 设置播放速率为 1x
11:18:22.587 log.ts:179 [debug 11:18:22 ] [静音设置] 设置静音状态为 true
11:18:22.590 log.ts:179 [debug 11:18:22 ] [点击播放] 找到播放按钮，点击播放 <button class=​"vjs-big-play-button" type=​"button" title=​"Play Video" aria-disabled=​"false">​…​</button>​
11:18:22.592 log.ts:179 [debug 11:18:22 ] [静音设置] 设置静音状态为 true
11:18:22.592 log.ts:179 [debug 11:18:22 ] [播放速率] 设置播放速率为 1x
11:18:22.592 log.ts:179 [debug 11:18:22 ] [视频事件] Video playing, applying settings...
11:18:22.595 log.ts:179 [debug 11:18:22 ] 拦截到HTTP请求: /learn/app/getGlobalTimestamp.do?os=99&sid=DDFFB4A8903046B2B2A2C20195472FFA
11:18:22.596 log.ts:179 [debug 11:18:22 ] 拦截到HTTP请求: /learn/app/clientapi/course/play/queryStatus.do?courseWareId=1708932724584&courseId=N003284&bizType=0&bizId=&sid=DDFFB4A8903046B2B2A2C20195472FFA&os=99
11:18:22.750 log.ts:179 [debug 11:18:22 ] 拦截到HTTP请求: /learn/app/clientapi/course/bigdata/courseLearnTime.do?os=99&sid=DDFFB4A8903046B2B2A2C20195472FFA
11:18:22.756 utils.ts:137 unknown seeking事件触发 Event {isTrusted: true, type: 'seeking', target: video#course-video_html5_api.vjs-tech, currentTarget: video#course-video_html5_api.vjs-tech, eventPhase: 2, …}
11:18:22.759 log.ts:179 [debug 11:18:22 ] [视频事件] Video paused, attempting to resume...
11:18:22.762 log.ts:179 [debug 11:18:22 ] 拦截到HTTP请求: /learn/app/clientapi/course/bigdata/courseLearnTime.do?os=99&sid=DDFFB4A8903046B2B2A2C20195472FFA
11:18:22.766 (索引):1  Uncaught (in promise) t {message: undefined}
Promise.then
(匿名) @ 8222.6209a852.chunk.js:1
u @ 9561.4bf2dc71.js:2
(匿名) @ 9561.4bf2dc71.js:2
(匿名) @ 9561.4bf2dc71.js:2
r @ 9561.4bf2dc71.js:2
s @ 9561.4bf2dc71.js:2
Promise.then
r @ 9561.4bf2dc71.js:2
s @ 9561.4bf2dc71.js:2
(匿名) @ 9561.4bf2dc71.js:2
(匿名) @ 9561.4bf2dc71.js:2
(匿名) @ 8222.6209a852.chunk.js:1
u @ 9561.4bf2dc71.js:2
(匿名) @ 9561.4bf2dc71.js:2
(匿名) @ 9561.4bf2dc71.js:2
r @ 9561.4bf2dc71.js:2
s @ 9561.4bf2dc71.js:2
(匿名) @ 9561.4bf2dc71.js:2
(匿名) @ 9561.4bf2dc71.js:2
m @ 9561.4bf2dc71.js:2
w @ 9561.4bf2dc71.js:2
(匿名) @ 9561.4bf2dc71.js:2
E @ 9561.4bf2dc71.js:2
C @ 9561.4bf2dc71.js:2
S @ 9561.4bf2dc71.js:2
D @ 9561.4bf2dc71.js:2
kn @ 9561.4bf2dc71.js:2
le @ 9561.4bf2dc71.js:2
Dn @ 9561.4bf2dc71.js:2
zn @ 9561.4bf2dc71.js:2
An @ 9561.4bf2dc71.js:2
t.unstable_runWithPriority @ 9561.4bf2dc71.js:2
qo @ 9561.4bf2dc71.js:2
se @ 9561.4bf2dc71.js:2
Tn @ 9561.4bf2dc71.js:2
play
(匿名) @ 8222.6209a852.chunk.js:1
clickPlayButton @ video.ts:147
eval @ video.ts:177
setTimeout
eval @ video.ts:175
11:18:23.003 utils.ts:137 unknown seeked事件触发 Event {isTrusted: true, type: 'seeked', target: video#course-video_html5_api.vjs-tech, currentTarget: video#course-video_html5_api.vjs-tech, eventPhase: 2, …}
11:18:23.586 log.ts:179 [debug 11:18:23 ] [播放速率] 设置播放速率为 1x
11:18:23.588 log.ts:179 [debug 11:18:23 ] [静音设置] 设置静音状态为 true
11:18:23.588 log.ts:179 [debug 11:18:23 ] [点击播放] 找到播放按钮，点击播放 button.vjs-big-play-button
11:18:23.591 log.ts:179 [debug 11:18:23 ] [静音设置] 设置静音状态为 true
11:18:23.591 log.ts:179 [debug 11:18:23 ] [播放速率] 设置播放速率为 1x
11:18:23.593 log.ts:179 [debug 11:18:23 ] [视频事件] Video playing, applying settings...
11:18:23.596 log.ts:179 [debug 11:18:23 ] 拦截到HTTP请求: /learn/app/getGlobalTimestamp.do?os=99&sid=DDFFB4A8903046B2B2A2C20195472FFA
11:18:23.597 log.ts:179 [debug 11:18:23 ] 拦截到HTTP请求: /learn/app/clientapi/course/play/queryStatus.do?courseWareId=1708932724584&courseId=N003284&bizType=0&bizId=&sid=DDFFB4A8903046B2B2A2C20195472FFA&os=99
11:18:23.827 utils.ts:137 unknown seeking事件触发 Event {isTrusted: true, type: 'seeking', target: video#course-video_html5_api.vjs-tech, currentTarget: video#course-video_html5_api.vjs-tech, eventPhase: 2, …}
11:18:23.832 log.ts:179 [debug 11:18:23 ] [视频事件] Video paused, attempting to resume...
11:18:23.922 log.ts:179 [debug 11:18:23 ] 拦截到HTTP请求: /learn/app/clientapi/course/bigdata/courseLearnTime.do?os=99&sid=DDFFB4A8903046B2B2A2C20195472FFA
11:18:24.064 utils.ts:137 unknown seeked事件触发 Event {isTrusted: true, type: 'seeked', target: video#course-video_html5_api.vjs-tech, currentTarget: video#course-video_html5_api.vjs-tech, eventPhase: 2, …}
11:18:24.589 log.ts:179 [debug 11:18:24 ] [播放速率] 设置播放速率为 1x
11:18:24.589 log.ts:179 [debug 11:18:24 ] [静音设置] 设置静音状态为 true
11:18:24.589 log.ts:179 [debug 11:18:24 ] [点击播放] 找到播放按钮，点击播放 button.vjs-big-play-button
11:18:24.591 log.ts:179 [debug 11:18:24 ] [静音设置] 设置静音状态为 true
11:18:24.591 log.ts:179 [debug 11:18:24 ] [播放速率] 设置播放速率为 1x
11:18:24.596 log.ts:179 [debug 11:18:24 ] [视频事件] Video playing, applying settings...
11:18:24.599 log.ts:179 [debug 11:18:24 ] 拦截到HTTP请求: /learn/app/clientapi/course/play/queryStatus.do?courseWareId=1708932724584&courseId=N003284&bizType=0&bizId=&sid=DDFFB4A8903046B2B2A2C20195472FFA&os=99
11:18:24.765 utils.ts:137 unknown seeking事件触发 Event {isTrusted: true, type: 'seeking', target: video#course-video_html5_api.vjs-tech, currentTarget: video#course-video_html5_api.vjs-tech, eventPhase: 2, …}
11:18:24.768 log.ts:179 [debug 11:18:24 ] [视频事件] Video paused, attempting to resume...
11:18:24.784 log.ts:179 [debug 11:18:24 ] 拦截到HTTP请求: /learn/app/clientapi/course/bigdata/courseLearnTime.do?os=99&sid=DDFFB4A8903046B2B2A2C20195472FFA
11:18:25.078 utils.ts:137 unknown seeked事件触发 Event {isTrusted: true, type: 'seeked', target: video#course-video_html5_api.vjs-tech, currentTarget: video#course-video_html5_api.vjs-tech, eventPhase: 2, …}
11:18:25.580 log.ts:179 [debug 11:18:25 ] [播放速率] 设置播放速率为 1x
11:18:25.581 log.ts:179 [debug 11:18:25 ] [静音设置] 设置静音状态为 true
11:18:25.582 log.ts:179 [debug 11:18:25 ] [点击播放] 找到播放按钮，点击播放 button.vjs-big-play-button
11:18:25.587 log.ts:179 [debug 11:18:25 ] [静音设置] 设置静音状态为 true
11:18:25.588 log.ts:179 [debug 11:18:25 ] [播放速率] 设置播放速率为 1x
11:18:25.593 log.ts:179 [debug 11:18:25 ] [视频事件] Video playing, applying settings...
11:18:25.597 log.ts:179 [debug 11:18:25 ] 拦截到HTTP请求: /learn/app/getGlobalTimestamp.do?os=99&sid=DDFFB4A8903046B2B2A2C20195472FFA
11:18:25.598 log.ts:179 [debug 11:18:25 ] 拦截到HTTP请求: /learn/app/clientapi/course/play/queryStatus.do?courseWareId=1708932724584&courseId=N003284&bizType=0&bizId=&sid=DDFFB4A8903046B2B2A2C20195472FFA&os=99
11:18:25.754 utils.ts:137 unknown seeking事件触发 Event {isTrusted: true, type: 'seeking', target: video#course-video_html5_api.vjs-tech, currentTarget: video#course-video_html5_api.vjs-tech, eventPhase: 2, …}
11:18:25.762 log.ts:179 [debug 11:18:25 ] [视频事件] Video paused, attempting to resume...
11:18:25.821 log.ts:179 [debug 11:18:25 ] 拦截到HTTP请求: /learn/app/clientapi/course/bigdata/courseLearnTime.do?os=99&sid=DDFFB4A8903046B2B2A2C20195472FFA
11:18:26.003 utils.ts:137 unknown seeked事件触发 Event {isTrusted: true, type: 'seeked', target: video#course-video_html5_api.vjs-tech, currentTarget: video#course-video_html5_api.vjs-tech, eventPhase: 2, …}
11:18:26.602 log.ts:179 [debug 11:18:26 ] [播放速率] 设置播放速率为 1x
11:18:26.602 log.ts:179 [debug 11:18:26 ] [静音设置] 设置静音状态为 true
11:18:26.602 log.ts:179 [debug 11:18:26 ] [点击播放] 找到播放按钮，点击播放 button.vjs-big-play-button
11:18:26.607 log.ts:179 [debug 11:18:26 ] [静音设置] 设置静音状态为 true
11:18:26.607 log.ts:179 [debug 11:18:26 ] [播放速率] 设置播放速率为 1x
11:18:26.609 log.ts:179 [debug 11:18:26 ] [视频事件] Video playing, applying settings...
11:18:26.617 log.ts:179 [debug 11:18:26 ] 拦截到HTTP请求: /learn/app/clientapi/course/play/queryStatus.do?courseWareId=1708932724584&courseId=N003284&bizType=0&bizId=&sid=DDFFB4A8903046B2B2A2C20195472FFA&os=99
11:18:26.768 utils.ts:137 unknown seeking事件触发 Event {isTrusted: true, type: 'seeking', target: video#course-video_html5_api.vjs-tech, currentTarget: video#course-video_html5_api.vjs-tech, eventPhase: 2, …}
11:18:26.770 log.ts:179 [debug 11:18:26 ] [视频事件] Video paused, attempting to resume...
11:18:26.775 log.ts:179 [debug 11:18:26 ] 拦截到HTTP请求: /learn/app/clientapi/course/bigdata/courseLearnTime.do?os=99&sid=DDFFB4A8903046B2B2A2C20195472FFA
11:18:27.166 utils.ts:137 unknown seeked事件触发 Event {isTrusted: true, type: 'seeked', target: video#course-video_html5_api.vjs-tech, currentTarget: video#course-video_html5_api.vjs-tech, eventPhase: 2, …}
11:18:27.589 log.ts:179 [debug 11:18:27 ] [播放速率] 设置播放速率为 1x
11:18:27.589 log.ts:179 [debug 11:18:27 ] [静音设置] 设置静音状态为 true
11:18:27.591 log.ts:179 [debug 11:18:27 ] [点击播放] 找到播放按钮，点击播放 button.vjs-big-play-button
11:18:27.596 log.ts:179 [debug 11:18:27 ] [静音设置] 设置静音状态为 true
11:18:27.596 log.ts:179 [debug 11:18:27 ] [播放速率] 设置播放速率为 1x
11:18:27.598 log.ts:179 [debug 11:18:27 ] [视频事件] Video playing, applying settings...
11:18:27.603 log.ts:179 [debug 11:18:27 ] 拦截到HTTP请求: /learn/app/getGlobalTimestamp.do?os=99&sid=DDFFB4A8903046B2B2A2C20195472FFA
11:18:27.604 log.ts:179 [debug 11:18:27 ] 拦截到HTTP请求: /learn/app/clientapi/course/play/queryStatus.do?courseWareId=1708932724584&courseId=N003284&bizType=0&bizId=&sid=DDFFB4A8903046B2B2A2C20195472FFA&os=99
11:18:27.760 utils.ts:137 unknown seeking事件触发 Event {isTrusted: true, type: 'seeking', target: video#course-video_html5_api.vjs-tech, currentTarget: video#course-video_html5_api.vjs-tech, eventPhase: 2, …}
11:18:27.762 log.ts:179 [debug 11:18:27 ] [视频事件] Video paused, attempting to resume...
11:18:27.859 log.ts:179 [debug 11:18:27 ] 拦截到HTTP请求: /learn/app/clientapi/course/bigdata/courseLearnTime.do?os=99&sid=DDFFB4A8903046B2B2A2C20195472FFA
11:18:28.054 utils.ts:137 unknown seeked事件触发 Event {isTrusted: true, type: 'seeked', target: video#course-video_html5_api.vjs-tech, currentTarget: video#course-video_html5_api.vjs-tech, eventPhase: 2, …}
11:18:28.581 log.ts:179 [debug 11:18:28 ] [播放速率] 设置播放速率为 1x
11:18:28.581 log.ts:179 [debug 11:18:28 ] [静音设置] 设置静音状态为 true
11:18:28.581 log.ts:179 [debug 11:18:28 ] [点击播放] 找到播放按钮，点击播放 button.vjs-big-play-button
11:18:28.583 log.ts:179 [debug 11:18:28 ] [静音设置] 设置静音状态为 true
11:18:28.584 log.ts:179 [debug 11:18:28 ] [播放速率] 设置播放速率为 1x
11:18:28.586 log.ts:179 [debug 11:18:28 ] [视频事件] Video playing, applying settings...
11:18:28.591 log.ts:179 [debug 11:18:28 ] 拦截到HTTP请求: /learn/app/clientapi/course/play/queryStatus.do?courseWareId=1708932724584&courseId=N003284&bizType=0&bizId=&sid=DDFFB4A8903046B2B2A2C20195472FFA&os=99
11:18:29.002 utils.ts:137 unknown seeking事件触发 Event {isTrusted: true, type: 'seeking', target: video#course-video_html5_api.vjs-tech, currentTarget: video#course-video_html5_api.vjs-tech, eventPhase: 2, …}
11:18:29.005 log.ts:179 [debug 11:18:29 ] [视频事件] Video paused, attempting to resume...
11:18:29.009 log.ts:179 [debug 11:18:29 ] 拦截到HTTP请求: /learn/app/clientapi/course/bigdata/courseLearnTime.do?os=99&sid=DDFFB4A8903046B2B2A2C20195472FFA
11:18:29.247 utils.ts:137 unknown seeked事件触发 Event {isTrusted: true, type: 'seeked', target: video#course-video_html5_api.vjs-tech, currentTarget: video#course-video_html5_api.vjs-tech, eventPhase: 2, …}
11:18:29.583 log.ts:179 [debug 11:18:29 ] [播放速率] 设置播放速率为 1x
11:18:29.584 log.ts:179 [debug 11:18:29 ] [静音设置] 设置静音状态为 true
11:18:29.585 log.ts:179 [debug 11:18:29 ] [点击播放] 找到播放按钮，点击播放 <button class=​"vjs-big-play-button" type=​"button" title=​"Play Video" aria-disabled=​"false">​…​</button>​
11:18:29.591 log.ts:179 [debug 11:18:29 ] [静音设置] 设置静音状态为 true
11:18:29.591 log.ts:179 [debug 11:18:29 ] [播放速率] 设置播放速率为 1x
11:18:29.592 log.ts:179 [debug 11:18:29 ] [视频事件] Video playing, applying settings...
11:18:29.595 log.ts:179 [debug 11:18:29 ] 拦截到HTTP请求: /learn/app/getGlobalTimestamp.do?os=99&sid=DDFFB4A8903046B2B2A2C20195472FFA
11:18:29.596 log.ts:179 [debug 11:18:29 ] 拦截到HTTP请求: /learn/app/clientapi/course/play/queryStatus.do?courseWareId=1708932724584&courseId=N003284&bizType=0&bizId=&sid=DDFFB4A8903046B2B2A2C20195472FFA&os=99
11:18:29.751 utils.ts:137 unknown seeking事件触发 Event {isTrusted: true, type: 'seeking', target: video#course-video_html5_api.vjs-tech, currentTarget: video#course-video_html5_api.vjs-tech, eventPhase: 2, …}
11:18:29.757 log.ts:179 [debug 11:18:29 ] [视频事件] Video paused, attempting to resume...
11:18:29.821 log.ts:179 [debug 11:18:29 ] 拦截到HTTP请求: /learn/app/clientapi/course/bigdata/courseLearnTime.do?os=99&sid=DDFFB4A8903046B2B2A2C20195472FFA
11:18:29.998 utils.ts:137 unknown seeked事件触发 Event {isTrusted: true, type: 'seeked', target: video#course-video_html5_api.vjs-tech, currentTarget: video#course-video_html5_api.vjs-tech, eventPhase: 2, …}
11:18:30.582 log.ts:179 [debug 11:18:30 ] [播放速率] 设置播放速率为 1x
11:18:30.582 log.ts:179 [debug 11:18:30 ] [静音设置] 设置静音状态为 true
11:18:30.583 log.ts:179 [debug 11:18:30 ] [点击播放] 找到播放按钮，点击播放 button.vjs-big-play-button
11:18:30.585 log.ts:179 [debug 11:18:30 ] [静音设置] 设置静音状态为 true
11:18:30.585 log.ts:179 [debug 11:18:30 ] [播放速率] 设置播放速率为 1x
11:18:30.587 log.ts:179 [debug 11:18:30 ] [视频事件] Video playing, applying settings...
11:18:30.589 log.ts:179 [debug 11:18:30 ] 拦截到HTTP请求: /learn/app/clientapi/course/play/queryStatus.do?courseWareId=1708932724584&courseId=N003284&bizType=0&bizId=&sid=DDFFB4A8903046B2B2A2C20195472FFA&os=99
11:18:30.736 utils.ts:137 unknown seeking事件触发 Event {isTrusted: true, type: 'seeking', target: video#course-video_html5_api.vjs-tech, currentTarget: video#course-video_html5_api.vjs-tech, eventPhase: 2, …}
11:18:30.737 log.ts:179 [debug 11:18:30 ] [视频事件] Video paused, attempting to resume...
11:18:30.740 log.ts:179 [debug 11:18:30 ] 拦截到HTTP请求: /learn/app/clientapi/course/bigdata/courseLearnTime.do?os=99&sid=DDFFB4A8903046B2B2A2C20195472FFA
11:18:30.973 utils.ts:137 unknown seeked事件触发 Event {isTrusted: true, type: 'seeked', target: video#course-video_html5_api.vjs-tech, currentTarget: video#course-video_html5_api.vjs-tech, eventPhase: 2, …}
11:18:31.585 log.ts:179 [debug 11:18:31 ] [播放速率] 设置播放速率为 1x
11:18:31.585 log.ts:179 [debug 11:18:31 ] [静音设置] 设置静音状态为 true
11:18:31.585 log.ts:179 [debug 11:18:31 ] [点击播放] 找到播放按钮，点击播放 button.vjs-big-play-button
11:18:31.588 log.ts:179 [debug 11:18:31 ] [静音设置] 设置静音状态为 true
11:18:31.588 log.ts:179 [debug 11:18:31 ] [播放速率] 设置播放速率为 1x
11:18:31.591 log.ts:179 [debug 11:18:31 ] [视频事件] Video playing, applying settings...
11:18:31.593 log.ts:179 [debug 11:18:31 ] 拦截到HTTP请求: /learn/app/getGlobalTimestamp.do?os=99&sid=DDFFB4A8903046B2B2A2C20195472FFA
11:18:31.594 log.ts:179 [debug 11:18:31 ] 拦截到HTTP请求: /learn/app/clientapi/course/play/queryStatus.do?courseWareId=1708932724584&courseId=N003284&bizType=0&bizId=&sid=DDFFB4A8903046B2B2A2C20195472FFA&os=99
11:18:31.834 log.ts:179 [debug 11:18:31 ] 拦截到HTTP请求: /learn/app/clientapi/course/bigdata/courseLearnTime.do?os=99&sid=DDFFB4A8903046B2B2A2C20195472FFA
11:18:31.836 utils.ts:137 unknown seeking事件触发 Event {isTrusted: true, type: 'seeking', target: video#course-video_html5_api.vjs-tech, currentTarget: video#course-video_html5_api.vjs-tech, eventPhase: 2, …}
11:18:31.838 log.ts:179 [debug 11:18:31 ] [视频事件] Video paused, attempting to resume...
11:18:31.844 log.ts:179 [debug 11:18:31 ] 拦截到HTTP请求: /learn/app/clientapi/course/bigdata/courseLearnTime.do?os=99&sid=DDFFB4A8903046B2B2A2C20195472FFA
11:18:31.847 (索引):1  Uncaught (in promise) t {message: undefined}
Promise.then
(匿名) @ 8222.6209a852.chunk.js:1
u @ 9561.4bf2dc71.js:2
(匿名) @ 9561.4bf2dc71.js:2
(匿名) @ 9561.4bf2dc71.js:2
r @ 9561.4bf2dc71.js:2
s @ 9561.4bf2dc71.js:2
Promise.then
r @ 9561.4bf2dc71.js:2
s @ 9561.4bf2dc71.js:2
(匿名) @ 9561.4bf2dc71.js:2
(匿名) @ 9561.4bf2dc71.js:2
(匿名) @ 8222.6209a852.chunk.js:1
u @ 9561.4bf2dc71.js:2
(匿名) @ 9561.4bf2dc71.js:2
(匿名) @ 9561.4bf2dc71.js:2
r @ 9561.4bf2dc71.js:2
s @ 9561.4bf2dc71.js:2
(匿名) @ 9561.4bf2dc71.js:2
(匿名) @ 9561.4bf2dc71.js:2
m @ 9561.4bf2dc71.js:2
w @ 9561.4bf2dc71.js:2
(匿名) @ 9561.4bf2dc71.js:2
E @ 9561.4bf2dc71.js:2
C @ 9561.4bf2dc71.js:2
S @ 9561.4bf2dc71.js:2
D @ 9561.4bf2dc71.js:2
kn @ 9561.4bf2dc71.js:2
le @ 9561.4bf2dc71.js:2
Dn @ 9561.4bf2dc71.js:2
zn @ 9561.4bf2dc71.js:2
An @ 9561.4bf2dc71.js:2
t.unstable_runWithPriority @ 9561.4bf2dc71.js:2
qo @ 9561.4bf2dc71.js:2
se @ 9561.4bf2dc71.js:2
Tn @ 9561.4bf2dc71.js:2
play
(匿名) @ 8222.6209a852.chunk.js:1
clickPlayButton @ video.ts:147
eval @ video.ts:177
setTimeout
eval @ video.ts:175
11:18:32.064 utils.ts:137 unknown seeked事件触发 Event {isTrusted: true, type: 'seeked', target: video#course-video_html5_api.vjs-tech, currentTarget: video#course-video_html5_api.vjs-tech, eventPhase: 2, …}
11:18:32.592 log.ts:179 [debug 11:18:32 ] [播放速率] 设置播放速率为 1x
11:18:32.592 log.ts:179 [debug 11:18:32 ] [静音设置] 设置静音状态为 true
11:18:32.593 log.ts:179 [debug 11:18:32 ] [点击播放] 找到播放按钮，点击播放 button.vjs-big-play-button
11:18:32.599 log.ts:179 [debug 11:18:32 ] [静音设置] 设置静音状态为 true
11:18:32.599 log.ts:179 [debug 11:18:32 ] [播放速率] 设置播放速率为 1x
11:18:32.612 log.ts:179 [debug 11:18:32 ] [视频事件] Video playing, applying settings...
11:18:32.621 log.ts:179 [debug 11:18:32 ] 拦截到HTTP请求: /learn/app/getGlobalTimestamp.do?os=99&sid=DDFFB4A8903046B2B2A2C20195472FFA
11:18:32.628 log.ts:179 [debug 11:18:32 ] 拦截到HTTP请求: /learn/app/clientapi/course/play/queryStatus.do?courseWareId=1708932724584&courseId=N003284&bizType=0&bizId=&sid=DDFFB4A8903046B2B2A2C20195472FFA&os=99
11:18:32.841 utils.ts:137 unknown seeking事件触发 Event {isTrusted: true, type: 'seeking', target: video#course-video_html5_api.vjs-tech, currentTarget: video#course-video_html5_api.vjs-tech, eventPhase: 2, …}
11:18:32.842 log.ts:179 [debug 11:18:32 ] [视频事件] Video paused, attempting to resume...
11:18:32.858 log.ts:179 [debug 11:18:32 ] 拦截到HTTP请求: /learn/app/clientapi/course/bigdata/courseLearnTime.do?os=99&sid=DDFFB4A8903046B2B2A2C20195472FFA
11:18:33.175 utils.ts:137 unknown seeked事件触发 Event {isTrusted: true, type: 'seeked', target: video#course-video_html5_api.vjs-tech, currentTarget: video#course-video_html5_api.vjs-tech, eventPhase: 2, …}
11:18:33.577 log.ts:179 [debug 11:18:33 ] [播放速率] 设置播放速率为 1x
11:18:33.577 log.ts:179 [debug 11:18:33 ] [静音设置] 设置静音状态为 true
11:18:33.577 log.ts:179 [debug 11:18:33 ] [点击播放] 找到播放按钮，点击播放 button.vjs-big-play-button
11:18:33.579 log.ts:179 [debug 11:18:33 ] [静音设置] 设置静音状态为 true
11:18:33.579 log.ts:179 [debug 11:18:33 ] [播放速率] 设置播放速率为 1x
11:18:33.579 log.ts:179 [debug 11:18:33 ] [视频事件] Video playing, applying settings...
11:18:33.582 log.ts:179 [debug 11:18:33 ] 拦截到HTTP请求: /learn/app/clientapi/course/play/queryStatus.do?courseWareId=1708932724584&courseId=N003284&bizType=0&bizId=&sid=DDFFB4A8903046B2B2A2C20195472FFA&os=99
11:18:33.747 utils.ts:137 unknown seeking事件触发 Event {isTrusted: true, type: 'seeking', target: video#course-video_html5_api.vjs-tech, currentTarget: video#course-video_html5_api.vjs-tech, eventPhase: 2, …}
11:18:33.750 log.ts:179 [debug 11:18:33 ] [视频事件] Video paused, attempting to resume...
11:18:33.752 log.ts:179 [debug 11:18:33 ] 拦截到HTTP请求: /learn/app/clientapi/course/bigdata/courseLearnTime.do?os=99&sid=DDFFB4A8903046B2B2A2C20195472FFA
11:18:33.991 utils.ts:137 unknown seeked事件触发 Event {isTrusted: true, type: 'seeked', target: video#course-video_html5_api.vjs-tech, currentTarget: video#course-video_html5_api.vjs-tech, eventPhase: 2, …}
11:18:34.592 log.ts:179 [debug 11:18:34 ] [播放速率] 设置播放速率为 1x
11:18:34.592 log.ts:179 [debug 11:18:34 ] [静音设置] 设置静音状态为 true
11:18:34.593 log.ts:179 [debug 11:18:34 ] [点击播放] 找到播放按钮，点击播放 button.vjs-big-play-button
11:18:34.595 log.ts:179 [debug 11:18:34 ] [静音设置] 设置静音状态为 true
11:18:34.595 log.ts:179 [debug 11:18:34 ] [播放速率] 设置播放速率为 1x
11:18:34.600 log.ts:179 [debug 11:18:34 ] [视频事件] Video playing, applying settings...
11:18:34.610 log.ts:179 [debug 11:18:34 ] 拦截到HTTP请求: /learn/app/getGlobalTimestamp.do?os=99&sid=DDFFB4A8903046B2B2A2C20195472FFA
11:18:34.620 log.ts:179 [debug 11:18:34 ] 拦截到HTTP请求: /learn/app/clientapi/course/play/queryStatus.do?courseWareId=1708932724584&courseId=N003284&bizType=0&bizId=&sid=DDFFB4A8903046B2B2A2C20195472FFA&os=99
11:18:34.784 utils.ts:137 unknown seeking事件触发 Event {isTrusted: true, type: 'seeking', target: video#course-video_html5_api.vjs-tech, currentTarget: video#course-video_html5_api.vjs-tech, eventPhase: 2, …}
11:18:34.785 log.ts:179 [debug 11:18:34 ] [视频事件] Video paused, attempting to resume...
11:18:34.853 log.ts:179 [debug 11:18:34 ] 拦截到HTTP请求: /learn/app/clientapi/course/bigdata/courseLearnTime.do?os=99&sid=DDFFB4A8903046B2B2A2C20195472FFA
11:18:35.030 utils.ts:137 unknown seeked事件触发 Event {isTrusted: true, type: 'seeked', target: video#course-video_html5_api.vjs-tech, currentTarget: video#course-video_html5_api.vjs-tech, eventPhase: 2, …}
11:18:35.592 log.ts:179 [debug 11:18:35 ] [播放速率] 设置播放速率为 1x
11:18:35.592 log.ts:179 [debug 11:18:35 ] [静音设置] 设置静音状态为 true
11:18:35.592 log.ts:179 [debug 11:18:35 ] [点击播放] 找到播放按钮，点击播放 button.vjs-big-play-button
11:18:35.594 log.ts:179 [debug 11:18:35 ] [静音设置] 设置静音状态为 true
11:18:35.594 log.ts:179 [debug 11:18:35 ] [播放速率] 设置播放速率为 1x
11:18:35.596 log.ts:179 [debug 11:18:35 ] [视频事件] Video playing, applying settings...
11:18:35.599 log.ts:179 [debug 11:18:35 ] 拦截到HTTP请求: /learn/app/clientapi/course/play/queryStatus.do?courseWareId=1708932724584&courseId=N003284&bizType=0&bizId=&sid=DDFFB4A8903046B2B2A2C20195472FFA&os=99
11:18:35.773 utils.ts:137 unknown seeking事件触发 Event {isTrusted: true, type: 'seeking', target: video#course-video_html5_api.vjs-tech, currentTarget: video#course-video_html5_api.vjs-tech, eventPhase: 2, …}
11:18:35.780 log.ts:179 [debug 11:18:35 ] [视频事件] Video paused, attempting to resume...
11:18:35.785 log.ts:179 [debug 11:18:35 ] 拦截到HTTP请求: /learn/app/clientapi/course/bigdata/courseLearnTime.do?os=99&sid=DDFFB4A8903046B2B2A2C20195472FFA
11:18:36.018 utils.ts:137 unknown seeked事件触发 Event {isTrusted: true, type: 'seeked', target: video#course-video_html5_api.vjs-tech, currentTarget: video#course-video_html5_api.vjs-tech, eventPhase: 2, …}
11:18:36.590 log.ts:179 [debug 11:18:36 ] [播放速率] 设置播放速率为 1x
11:18:36.592 log.ts:179 [debug 11:18:36 ] [静音设置] 设置静音状态为 true
11:18:36.592 log.ts:179 [debug 11:18:36 ] [点击播放] 找到播放按钮，点击播放 button.vjs-big-play-button
11:18:36.595 log.ts:179 [debug 11:18:36 ] [静音设置] 设置静音状态为 true
11:18:36.595 log.ts:179 [debug 11:18:36 ] [播放速率] 设置播放速率为 1x
11:18:36.598 log.ts:179 [debug 11:18:36 ] [视频事件] Video playing, applying settings...
11:18:36.601 log.ts:179 [debug 11:18:36 ] 拦截到HTTP请求: /learn/app/getGlobalTimestamp.do?os=99&sid=DDFFB4A8903046B2B2A2C20195472FFA
11:18:36.602 log.ts:179 [debug 11:18:36 ] 拦截到HTTP请求: /learn/app/clientapi/course/play/queryStatus.do?courseWareId=1708932724584&courseId=N003284&bizType=0&bizId=&sid=DDFFB4A8903046B2B2A2C20195472FFA&os=99
11:18:36.756 utils.ts:137 unknown seeking事件触发 Event {isTrusted: true, type: 'seeking', target: video#course-video_html5_api.vjs-tech, currentTarget: video#course-video_html5_api.vjs-tech, eventPhase: 2, …}
11:18:36.765 log.ts:179 [debug 11:18:36 ] [视频事件] Video paused, attempting to resume...
11:18:36.875 log.ts:179 [debug 11:18:36 ] 拦截到HTTP请求: /learn/app/clientapi/course/bigdata/courseLearnTime.do?os=99&sid=DDFFB4A8903046B2B2A2C20195472FFA
11:18:37.011 utils.ts:137 unknown seeked事件触发 Event {isTrusted: true, type: 'seeked', target: video#course-video_html5_api.vjs-tech, currentTarget: video#course-video_html5_api.vjs-tech, eventPhase: 2, …}
11:18:37.583 log.ts:179 [debug 11:18:37 ] [播放速率] 设置播放速率为 1x
11:18:37.583 log.ts:179 [debug 11:18:37 ] [静音设置] 设置静音状态为 true
11:18:37.584 log.ts:179 [debug 11:18:37 ] [点击播放] 找到播放按钮，点击播放 button.vjs-big-play-button
11:18:37.589 log.ts:179 [debug 11:18:37 ] [静音设置] 设置静音状态为 true
11:18:37.589 log.ts:179 [debug 11:18:37 ] [播放速率] 设置播放速率为 1x
11:18:37.591 log.ts:179 [debug 11:18:37 ] [视频事件] Video playing, applying settings...
11:18:37.595 log.ts:179 [debug 11:18:37 ] 拦截到HTTP请求: /learn/app/clientapi/course/play/queryStatus.do?courseWareId=1708932724584&courseId=N003284&bizType=0&bizId=&sid=DDFFB4A8903046B2B2A2C20195472FFA&os=99
11:18:37.751 utils.ts:137 unknown seeking事件触发 Event {isTrusted: true, type: 'seeking', target: video#course-video_html5_api.vjs-tech, currentTarget: video#course-video_html5_api.vjs-tech, eventPhase: 2, …}
11:18:37.758 log.ts:179 [debug 11:18:37 ] [视频事件] Video paused, attempting to resume...
11:18:37.762 log.ts:179 [debug 11:18:37 ] 拦截到HTTP请求: /learn/app/clientapi/course/bigdata/courseLearnTime.do?os=99&sid=DDFFB4A8903046B2B2A2C20195472FFA
11:18:38.000 utils.ts:137 unknown seeked事件触发 Event {isTrusted: true, type: 'seeked', target: video#course-video_html5_api.vjs-tech, currentTarget: video#course-video_html5_api.vjs-tech, eventPhase: 2, …}
11:18:38.578 log.ts:179 [debug 11:18:38 ] [播放速率] 设置播放速率为 1x
11:18:38.578 log.ts:179 [debug 11:18:38 ] [静音设置] 设置静音状态为 true
11:18:38.578 log.ts:179 [debug 11:18:38 ] [点击播放] 找到播放按钮，点击播放 button.vjs-big-play-button
11:18:38.581 log.ts:179 [debug 11:18:38 ] [静音设置] 设置静音状态为 true
11:18:38.581 log.ts:179 [debug 11:18:38 ] [播放速率] 设置播放速率为 1x
11:18:38.582 log.ts:179 [debug 11:18:38 ] [视频事件] Video playing, applying settings...
11:18:38.586 log.ts:179 [debug 11:18:38 ] 拦截到HTTP请求: /learn/app/getGlobalTimestamp.do?os=99&sid=DDFFB4A8903046B2B2A2C20195472FFA
11:18:38.589 log.ts:179 [debug 11:18:38 ] 拦截到HTTP请求: /learn/app/clientapi/course/play/queryStatus.do?courseWareId=1708932724584&courseId=N003284&bizType=0&bizId=&sid=DDFFB4A8903046B2B2A2C20195472FFA&os=99
11:18:38.767 utils.ts:137 unknown seeking事件触发 Event {isTrusted: true, type: 'seeking', target: video#course-video_html5_api.vjs-tech, currentTarget: video#course-video_html5_api.vjs-tech, eventPhase: 2, …}
11:18:38.770 log.ts:179 [debug 11:18:38 ] [视频事件] Video paused, attempting to resume...
11:18:38.836 log.ts:179 [debug 11:18:38 ] 拦截到HTTP请求: /learn/app/clientapi/course/bigdata/courseLearnTime.do?os=99&sid=DDFFB4A8903046B2B2A2C20195472FFA
11:18:39.086 utils.ts:137 unknown seeked事件触发 Event {isTrusted: true, type: 'seeked', target: video#course-video_html5_api.vjs-tech, currentTarget: video#course-video_html5_api.vjs-tech, eventPhase: 2, …}
11:18:39.587 log.ts:179 [debug 11:18:39 ] [播放速率] 设置播放速率为 1x
11:18:39.587 log.ts:179 [debug 11:18:39 ] [静音设置] 设置静音状态为 true
11:18:39.587 log.ts:179 [debug 11:18:39 ] [点击播放] 找到播放按钮，点击播放 button.vjs-big-play-button
11:18:39.589 log.ts:179 [debug 11:18:39 ] [静音设置] 设置静音状态为 true
11:18:39.589 log.ts:179 [debug 11:18:39 ] [播放速率] 设置播放速率为 1x
11:18:39.592 log.ts:179 [debug 11:18:39 ] [视频事件] Video playing, applying settings...
11:18:39.596 log.ts:179 [debug 11:18:39 ] 拦截到HTTP请求: /learn/app/clientapi/course/play/queryStatus.do?courseWareId=1708932724584&courseId=N003284&bizType=0&bizId=&sid=DDFFB4A8903046B2B2A2C20195472FFA&os=99
11:18:39.825 utils.ts:137 unknown seeking事件触发 Event {isTrusted: true, type: 'seeking', target: video#course-video_html5_api.vjs-tech, currentTarget: video#course-video_html5_api.vjs-tech, eventPhase: 2, …}
11:18:39.828 log.ts:179 [debug 11:18:39 ] [视频事件] Video paused, attempting to resume...
11:18:39.838 log.ts:179 [debug 11:18:39 ] 拦截到HTTP请求: /learn/app/clientapi/course/bigdata/courseLearnTime.do?os=99&sid=DDFFB4A8903046B2B2A2C20195472FFA
11:18:40.230 utils.ts:137 unknown seeked事件触发 Event {isTrusted: true, type: 'seeked', target: video#course-video_html5_api.vjs-tech, currentTarget: video#course-video_html5_api.vjs-tech, eventPhase: 2, …}
11:18:40.592 log.ts:179 [debug 11:18:40 ] [播放速率] 设置播放速率为 1x
11:18:40.592 log.ts:179 [debug 11:18:40 ] [静音设置] 设置静音状态为 true
11:18:40.593 log.ts:179 [debug 11:18:40 ] [点击播放] 找到播放按钮，点击播放 button.vjs-big-play-button
11:18:40.601 log.ts:179 [debug 11:18:40 ] [静音设置] 设置静音状态为 true
11:18:40.601 log.ts:179 [debug 11:18:40 ] [播放速率] 设置播放速率为 1x
11:18:40.603 log.ts:179 [debug 11:18:40 ] [视频事件] Video playing, applying settings...
11:18:40.607 log.ts:179 [debug 11:18:40 ] 拦截到HTTP请求: /learn/app/getGlobalTimestamp.do?os=99&sid=DDFFB4A8903046B2B2A2C20195472FFA
11:18:40.616 log.ts:179 [debug 11:18:40 ] 拦截到HTTP请求: /learn/app/clientapi/course/play/queryStatus.do?courseWareId=1708932724584&courseId=N003284&bizType=0&bizId=&sid=DDFFB4A8903046B2B2A2C20195472FFA&os=99
11:18:40.777 utils.ts:137 unknown seeking事件触发 Event {isTrusted: true, type: 'seeking', target: video#course-video_html5_api.vjs-tech, currentTarget: video#course-video_html5_api.vjs-tech, eventPhase: 2, …}
11:18:40.778 log.ts:179 [debug 11:18:40 ] [视频事件] Video paused, attempting to resume...
11:18:40.846 log.ts:179 [debug 11:18:40 ] 拦截到HTTP请求: /learn/app/clientapi/course/bigdata/courseLearnTime.do?os=99&sid=DDFFB4A8903046B2B2A2C20195472FFA
11:18:41.014 utils.ts:137 unknown seeked事件触发 Event {isTrusted: true, type: 'seeked', target: video#course-video_html5_api.vjs-tech, currentTarget: video#course-video_html5_api.vjs-tech, eventPhase: 2, …}
11:18:41.580 log.ts:179 [debug 11:18:41 ] [播放速率] 设置播放速率为 1x
11:18:41.580 log.ts:179 [debug 11:18:41 ] [静音设置] 设置静音状态为 true
11:18:41.580 log.ts:179 [debug 11:18:41 ] [点击播放] 找到播放按钮，点击播放 button.vjs-big-play-button
11:18:41.585 log.ts:179 [debug 11:18:41 ] [静音设置] 设置静音状态为 true
11:18:41.585 log.ts:179 [debug 11:18:41 ] [播放速率] 设置播放速率为 1x
11:18:41.590 log.ts:179 [debug 11:18:41 ] [视频事件] Video playing, applying settings...
11:18:41.601 log.ts:179 [debug 11:18:41 ] 拦截到HTTP请求: /learn/app/clientapi/course/play/queryStatus.do?courseWareId=1708932724584&courseId=N003284&bizType=0&bizId=&sid=DDFFB4A8903046B2B2A2C20195472FFA&os=99
11:18:41.768 utils.ts:137 unknown seeking事件触发 Event {isTrusted: true, type: 'seeking', target: video#course-video_html5_api.vjs-tech, currentTarget: video#course-video_html5_api.vjs-tech, eventPhase: 2, …}
11:18:41.770 log.ts:179 [debug 11:18:41 ] [视频事件] Video paused, attempting to resume...
11:18:41.775 log.ts:179 [debug 11:18:41 ] 拦截到HTTP请求: /learn/app/clientapi/course/bigdata/courseLearnTime.do?os=99&sid=DDFFB4A8903046B2B2A2C20195472FFA
11:18:42.011 utils.ts:137 unknown seeked事件触发 Event {isTrusted: true, type: 'seeked', target: video#course-video_html5_api.vjs-tech, currentTarget: video#course-video_html5_api.vjs-tech, eventPhase: 2, …}
11:18:42.577 log.ts:179 [debug 11:18:42 ] [播放速率] 设置播放速率为 1x
11:18:42.577 log.ts:179 [debug 11:18:42 ] [静音设置] 设置静音状态为 true
11:18:42.577 log.ts:179 [debug 11:18:42 ] [点击播放] 找到播放按钮，点击播放 button.vjs-big-play-button
11:18:42.580 log.ts:179 [debug 11:18:42 ] [静音设置] 设置静音状态为 true
11:18:42.580 log.ts:179 [debug 11:18:42 ] [播放速率] 设置播放速率为 1x
11:18:42.582 log.ts:179 [debug 11:18:42 ] [视频事件] Video playing, applying settings...
11:18:42.585 log.ts:179 [debug 11:18:42 ] 拦截到HTTP请求: /learn/app/getGlobalTimestamp.do?os=99&sid=DDFFB4A8903046B2B2A2C20195472FFA
11:18:42.586 log.ts:179 [debug 11:18:42 ] 拦截到HTTP请求: /learn/app/clientapi/course/play/queryStatus.do?courseWareId=1708932724584&courseId=N003284&bizType=0&bizId=&sid=DDFFB4A8903046B2B2A2C20195472FFA&os=99
11:18:42.746 utils.ts:137 unknown seeking事件触发 Event {isTrusted: true, type: 'seeking', target: video#course-video_html5_api.vjs-tech, currentTarget: video#course-video_html5_api.vjs-tech, eventPhase: 2, …}
11:18:42.753 log.ts:179 [debug 11:18:42 ] [视频事件] Video paused, attempting to resume...
11:18:42.827 log.ts:179 [debug 11:18:42 ] 拦截到HTTP请求: /learn/app/clientapi/course/bigdata/courseLearnTime.do?os=99&sid=DDFFB4A8903046B2B2A2C20195472FFA
11:18:43.152 utils.ts:137 unknown seeked事件触发 Event {isTrusted: true, type: 'seeked', target: video#course-video_html5_api.vjs-tech, currentTarget: video#course-video_html5_api.vjs-tech, eventPhase: 2, …}
11:18:43.588 log.ts:179 [debug 11:18:43 ] [播放速率] 设置播放速率为 1x
11:18:43.588 log.ts:179 [debug 11:18:43 ] [静音设置] 设置静音状态为 true
11:18:43.589 log.ts:179 [debug 11:18:43 ] [点击播放] 找到播放按钮，点击播放 button.vjs-big-play-button
11:18:43.591 log.ts:179 [debug 11:18:43 ] [静音设置] 设置静音状态为 true
11:18:43.591 log.ts:179 [debug 11:18:43 ] [播放速率] 设置播放速率为 1x
11:18:43.593 log.ts:179 [debug 11:18:43 ] [视频事件] Video playing, applying settings...
11:18:43.595 log.ts:179 [debug 11:18:43 ] 拦截到HTTP请求: /learn/app/clientapi/course/play/queryStatus.do?courseWareId=1708932724584&courseId=N003284&bizType=0&bizId=&sid=DDFFB4A8903046B2B2A2C20195472FFA&os=99
11:18:43.983 utils.ts:137 unknown seeking事件触发 Event {isTrusted: true, type: 'seeking', target: video#course-video_html5_api.vjs-tech, currentTarget: video#course-video_html5_api.vjs-tech, eventPhase: 2, …}
11:18:43.985 log.ts:179 [debug 11:18:43 ] [视频事件] Video paused, attempting to resume...
11:18:43.989 log.ts:179 [debug 11:18:43 ] 拦截到HTTP请求: /learn/app/clientapi/course/bigdata/courseLearnTime.do?os=99&sid=DDFFB4A8903046B2B2A2C20195472FFA
11:18:44.302 utils.ts:137 unknown seeked事件触发 Event {isTrusted: true, type: 'seeked', target: video#course-video_html5_api.vjs-tech, currentTarget: video#course-video_html5_api.vjs-tech, eventPhase: 2, …}
11:18:44.581 log.ts:179 [debug 11:18:44 ] [播放速率] 设置播放速率为 1x
11:18:44.581 log.ts:179 [debug 11:18:44 ] [静音设置] 设置静音状态为 true
11:18:44.582 log.ts:179 [debug 11:18:44 ] [点击播放] 找到播放按钮，点击播放 button.vjs-big-play-button
11:18:44.585 log.ts:179 [debug 11:18:44 ] [静音设置] 设置静音状态为 true
11:18:44.585 log.ts:179 [debug 11:18:44 ] [播放速率] 设置播放速率为 1x
11:18:44.588 log.ts:179 [debug 11:18:44 ] [视频事件] Video playing, applying settings...
11:18:44.591 log.ts:179 [debug 11:18:44 ] 拦截到HTTP请求: /learn/app/getGlobalTimestamp.do?os=99&sid=DDFFB4A8903046B2B2A2C20195472FFA
11:18:44.592 log.ts:179 [debug 11:18:44 ] 拦截到HTTP请求: /learn/app/clientapi/course/play/queryStatus.do?courseWareId=1708932724584&courseId=N003284&bizType=0&bizId=&sid=DDFFB4A8903046B2B2A2C20195472FFA&os=99
11:18:44.749 utils.ts:137 unknown seeking事件触发 Event {isTrusted: true, type: 'seeking', target: video#course-video_html5_api.vjs-tech, currentTarget: video#course-video_html5_api.vjs-tech, eventPhase: 2, …}
11:18:44.751 log.ts:179 [debug 11:18:44 ] [视频事件] Video paused, attempting to resume...
11:18:44.817 log.ts:179 [debug 11:18:44 ] 拦截到HTTP请求: /learn/app/clientapi/course/bigdata/courseLearnTime.do?os=99&sid=DDFFB4A8903046B2B2A2C20195472FFA
11:18:44.993 utils.ts:137 unknown seeked事件触发 Event {isTrusted: true, type: 'seeked', target: video#course-video_html5_api.vjs-tech, currentTarget: video#course-video_html5_api.vjs-tech, eventPhase: 2, …}
11:18:45.587 log.ts:179 [debug 11:18:45 ] [播放速率] 设置播放速率为 1x
11:18:45.587 log.ts:179 [debug 11:18:45 ] [静音设置] 设置静音状态为 true
11:18:45.588 log.ts:179 [debug 11:18:45 ] [点击播放] 找到播放按钮，点击播放 button.vjs-big-play-button
11:18:45.590 log.ts:179 [debug 11:18:45 ] [静音设置] 设置静音状态为 true
11:18:45.590 log.ts:179 [debug 11:18:45 ] [播放速率] 设置播放速率为 1x
11:18:45.590 log.ts:179 [debug 11:18:45 ] [视频事件] Video playing, applying settings...
11:18:45.592 log.ts:179 [debug 11:18:45 ] 拦截到HTTP请求: /learn/app/clientapi/course/play/queryStatus.do?courseWareId=1708932724584&courseId=N003284&bizType=0&bizId=&sid=DDFFB4A8903046B2B2A2C20195472FFA&os=99
11:18:45.741 utils.ts:137 unknown seeking事件触发 Event {isTrusted: true, type: 'seeking', target: video#course-video_html5_api.vjs-tech, currentTarget: video#course-video_html5_api.vjs-tech, eventPhase: 2, …}
11:18:45.749 log.ts:179 [debug 11:18:45 ] [视频事件] Video paused, attempting to resume...
11:18:45.754 log.ts:179 [debug 11:18:45 ] 拦截到HTTP请求: /learn/app/clientapi/course/bigdata/courseLearnTime.do?os=99&sid=DDFFB4A8903046B2B2A2C20195472FFA
11:18:45.988 utils.ts:137 unknown seeked事件触发 Event {isTrusted: true, type: 'seeked', target: video#course-video_html5_api.vjs-tech, currentTarget: video#course-video_html5_api.vjs-tech, eventPhase: 2, …}
11:18:46.588 log.ts:179 [debug 11:18:46 ] [播放速率] 设置播放速率为 1x
11:18:46.588 log.ts:179 [debug 11:18:46 ] [静音设置] 设置静音状态为 true
11:18:46.588 log.ts:179 [debug 11:18:46 ] [点击播放] 找到播放按钮，点击播放 button.vjs-big-play-button
11:18:46.591 log.ts:179 [debug 11:18:46 ] [静音设置] 设置静音状态为 true
11:18:46.591 log.ts:179 [debug 11:18:46 ] [播放速率] 设置播放速率为 1x
11:18:46.592 log.ts:179 [debug 11:18:46 ] [视频事件] Video playing, applying settings...
11:18:46.595 log.ts:179 [debug 11:18:46 ] 拦截到HTTP请求: /learn/app/getGlobalTimestamp.do?os=99&sid=DDFFB4A8903046B2B2A2C20195472FFA
11:18:46.599 log.ts:179 [debug 11:18:46 ] 拦截到HTTP请求: /learn/app/clientapi/course/play/queryStatus.do?courseWareId=1708932724584&courseId=N003284&bizType=0&bizId=&sid=DDFFB4A8903046B2B2A2C20195472FFA&os=99
11:18:46.756 utils.ts:137 unknown seeking事件触发 Event {isTrusted: true, type: 'seeking', target: video#course-video_html5_api.vjs-tech, currentTarget: video#course-video_html5_api.vjs-tech, eventPhase: 2, …}
11:18:46.758 log.ts:179 [debug 11:18:46 ] [视频事件] Video paused, attempting to resume...
11:18:46.825 log.ts:179 [debug 11:18:46 ] 拦截到HTTP请求: /learn/app/clientapi/course/bigdata/courseLearnTime.do?os=99&sid=DDFFB4A8903046B2B2A2C20195472FFA
11:18:47.006 utils.ts:137 unknown seeked事件触发 Event {isTrusted: true, type: 'seeked', target: video#course-video_html5_api.vjs-tech, currentTarget: video#course-video_html5_api.vjs-tech, eventPhase: 2, …}
11:18:47.575 log.ts:179 [debug 11:18:47 ] [播放速率] 设置播放速率为 1x
11:18:47.575 log.ts:179 [debug 11:18:47 ] [静音设置] 设置静音状态为 true
11:18:47.575 log.ts:179 [debug 11:18:47 ] [点击播放] 找到播放按钮，点击播放 button.vjs-big-play-button
11:18:47.577 log.ts:179 [debug 11:18:47 ] [静音设置] 设置静音状态为 true
11:18:47.577 log.ts:179 [debug 11:18:47 ] [播放速率] 设置播放速率为 1x
11:18:47.580 log.ts:179 [debug 11:18:47 ] [视频事件] Video playing, applying settings...
11:18:47.583 log.ts:179 [debug 11:18:47 ] 拦截到HTTP请求: /learn/app/clientapi/course/play/queryStatus.do?courseWareId=1708932724584&courseId=N003284&bizType=0&bizId=&sid=DDFFB4A8903046B2B2A2C20195472FFA&os=99
11:18:47.741 utils.ts:137 unknown seeking事件触发 Event {isTrusted: true, type: 'seeking', target: video#course-video_html5_api.vjs-tech, currentTarget: video#course-video_html5_api.vjs-tech, eventPhase: 2, …}
11:18:47.743 log.ts:179 [debug 11:18:47 ] [视频事件] Video paused, attempting to resume...
11:18:47.748 log.ts:179 [debug 11:18:47 ] 拦截到HTTP请求: /learn/app/clientapi/course/bigdata/courseLearnTime.do?os=99&sid=DDFFB4A8903046B2B2A2C20195472FFA
11:18:47.983 utils.ts:137 unknown seeked事件触发 Event {isTrusted: true, type: 'seeked', target: video#course-video_html5_api.vjs-tech, currentTarget: video#course-video_html5_api.vjs-tech, eventPhase: 2, …}
11:18:48.583 log.ts:179 [debug 11:18:48 ] [播放速率] 设置播放速率为 1x
11:18:48.583 log.ts:179 [debug 11:18:48 ] [静音设置] 设置静音状态为 true
11:18:48.583 log.ts:179 [debug 11:18:48 ] [点击播放] 找到播放按钮，点击播放 button.vjs-big-play-button
11:18:48.585 log.ts:179 [debug 11:18:48 ] [静音设置] 设置静音状态为 true
11:18:48.585 log.ts:179 [debug 11:18:48 ] [播放速率] 设置播放速率为 1x
11:18:48.587 log.ts:179 [debug 11:18:48 ] [视频事件] Video playing, applying settings...
11:18:48.590 log.ts:179 [debug 11:18:48 ] 拦截到HTTP请求: /learn/app/getGlobalTimestamp.do?os=99&sid=DDFFB4A8903046B2B2A2C20195472FFA
11:18:48.591 log.ts:179 [debug 11:18:48 ] 拦截到HTTP请求: /learn/app/clientapi/course/play/queryStatus.do?courseWareId=1708932724584&courseId=N003284&bizType=0&bizId=&sid=DDFFB4A8903046B2B2A2C20195472FFA&os=99
11:18:48.739 utils.ts:137 unknown seeking事件触发 Event {isTrusted: true, type: 'seeking', target: video#course-video_html5_api.vjs-tech, currentTarget: video#course-video_html5_api.vjs-tech, eventPhase: 2, …}
11:18:48.740 log.ts:179 [debug 11:18:48 ] [视频事件] Video paused, attempting to resume...
11:18:48.812 log.ts:179 [debug 11:18:48 ] 拦截到HTTP请求: /learn/app/clientapi/course/bigdata/courseLearnTime.do?os=99&sid=DDFFB4A8903046B2B2A2C20195472FFA
11:18:48.981 utils.ts:137 unknown seeked事件触发 Event {isTrusted: true, type: 'seeked', target: video#course-video_html5_api.vjs-tech, currentTarget: video#course-video_html5_api.vjs-tech, eventPhase: 2, …}
11:18:49.584 log.ts:179 [debug 11:18:49 ] [播放速率] 设置播放速率为 1x
11:18:49.584 log.ts:179 [debug 11:18:49 ] [静音设置] 设置静音状态为 true
11:18:49.585 log.ts:179 [debug 11:18:49 ] [点击播放] 找到播放按钮，点击播放 button.vjs-big-play-button
11:18:49.586 log.ts:179 [debug 11:18:49 ] [静音设置] 设置静音状态为 true
11:18:49.586 log.ts:179 [debug 11:18:49 ] [播放速率] 设置播放速率为 1x
11:18:49.588 log.ts:179 [debug 11:18:49 ] [视频事件] Video playing, applying settings...
11:18:49.592 log.ts:179 [debug 11:18:49 ] 拦截到HTTP请求: /learn/app/clientapi/course/play/queryStatus.do?courseWareId=1708932724584&courseId=N003284&bizType=0&bizId=&sid=DDFFB4A8903046B2B2A2C20195472FFA&os=99
11:18:49.823 utils.ts:137 unknown seeking事件触发 Event {isTrusted: true, type: 'seeking', target: video#course-video_html5_api.vjs-tech, currentTarget: video#course-video_html5_api.vjs-tech, eventPhase: 2, …}
11:18:49.826 log.ts:179 [debug 11:18:49 ] [视频事件] Video paused, attempting to resume...
11:18:49.831 log.ts:179 [debug 11:18:49 ] 拦截到HTTP请求: /learn/app/clientapi/course/bigdata/courseLearnTime.do?os=99&sid=DDFFB4A8903046B2B2A2C20195472FFA
11:18:50.136 utils.ts:137 unknown seeked事件触发 Event {isTrusted: true, type: 'seeked', target: video#course-video_html5_api.vjs-tech, currentTarget: video#course-video_html5_api.vjs-tech, eventPhase: 2, …}
11:18:50.579 log.ts:179 [debug 11:18:50 ] [播放速率] 设置播放速率为 1x
11:18:50.580 log.ts:179 [debug 11:18:50 ] [静音设置] 设置静音状态为 true
11:18:50.581 log.ts:179 [debug 11:18:50 ] [点击播放] 找到播放按钮，点击播放 button.vjs-big-play-button
11:18:50.588 log.ts:179 [debug 11:18:50 ] [静音设置] 设置静音状态为 true
11:18:50.589 log.ts:179 [debug 11:18:50 ] [播放速率] 设置播放速率为 1x
11:18:50.597 log.ts:179 [debug 11:18:50 ] [视频事件] Video playing, applying settings...
11:18:50.604 log.ts:179 [debug 11:18:50 ] 拦截到HTTP请求: /learn/app/getGlobalTimestamp.do?os=99&sid=DDFFB4A8903046B2B2A2C20195472FFA
11:18:50.605 log.ts:179 [debug 11:18:50 ] 拦截到HTTP请求: /learn/app/clientapi/course/play/queryStatus.do?courseWareId=1708932724584&courseId=N003284&bizType=0&bizId=&sid=DDFFB4A8903046B2B2A2C20195472FFA&os=99
11:18:50.755 utils.ts:137 unknown seeking事件触发 Event {isTrusted: true, type: 'seeking', target: video#course-video_html5_api.vjs-tech, currentTarget: video#course-video_html5_api.vjs-tech, eventPhase: 2, …}
11:18:50.757 log.ts:179 [debug 11:18:50 ] [视频事件] Video paused, attempting to resume...
11:18:50.816 log.ts:179 [debug 11:18:50 ] 拦截到HTTP请求: /learn/app/clientapi/course/bigdata/courseLearnTime.do?os=99&sid=DDFFB4A8903046B2B2A2C20195472FFA
11:18:51.055 utils.ts:137 unknown seeked事件触发 Event {isTrusted: true, type: 'seeked', target: video#course-video_html5_api.vjs-tech, currentTarget: video#course-video_html5_api.vjs-tech, eventPhase: 2, …}
11:18:51.591 log.ts:179 [debug 11:18:51 ] [播放速率] 设置播放速率为 1x
11:18:51.591 log.ts:179 [debug 11:18:51 ] [静音设置] 设置静音状态为 true
11:18:51.592 log.ts:179 [debug 11:18:51 ] [点击播放] 找到播放按钮，点击播放 button.vjs-big-play-button
11:18:51.601 log.ts:179 [debug 11:18:51 ] [静音设置] 设置静音状态为 true
11:18:51.602 log.ts:179 [debug 11:18:51 ] [播放速率] 设置播放速率为 1x
11:18:51.612 log.ts:179 [debug 11:18:51 ] [视频事件] Video playing, applying settings...
11:18:51.616 log.ts:179 [debug 11:18:51 ] 拦截到HTTP请求: /learn/app/clientapi/course/play/queryStatus.do?courseWareId=1708932724584&courseId=N003284&bizType=0&bizId=&sid=DDFFB4A8903046B2B2A2C20195472FFA&os=99
11:18:51.769 utils.ts:137 unknown seeking事件触发 Event {isTrusted: true, type: 'seeking', target: video#course-video_html5_api.vjs-tech, currentTarget: video#course-video_html5_api.vjs-tech, eventPhase: 2, …}
11:18:51.771 log.ts:179 [debug 11:18:51 ] [视频事件] Video paused, attempting to resume...
11:18:51.779 log.ts:179 [debug 11:18:51 ] 拦截到HTTP请求: /learn/app/clientapi/course/bigdata/courseLearnTime.do?os=99&sid=DDFFB4A8903046B2B2A2C20195472FFA
11:18:52.014 utils.ts:137 unknown seeked事件触发 Event {isTrusted: true, type: 'seeked', target: video#course-video_html5_api.vjs-tech, currentTarget: video#course-video_html5_api.vjs-tech, eventPhase: 2, …}
11:18:52.587 log.ts:179 [debug 11:18:52 ] [播放速率] 设置播放速率为 1x
11:18:52.587 log.ts:179 [debug 11:18:52 ] [静音设置] 设置静音状态为 true
11:18:52.587 log.ts:179 [debug 11:18:52 ] [点击播放] 找到播放按钮，点击播放 button.vjs-big-play-button
11:18:52.589 log.ts:179 [debug 11:18:52 ] [静音设置] 设置静音状态为 true
11:18:52.589 log.ts:179 [debug 11:18:52 ] [播放速率] 设置播放速率为 1x
11:18:52.591 log.ts:179 [debug 11:18:52 ] [视频事件] Video playing, applying settings...
11:18:52.594 log.ts:179 [debug 11:18:52 ] 拦截到HTTP请求: /learn/app/getGlobalTimestamp.do?os=99&sid=DDFFB4A8903046B2B2A2C20195472FFA
11:18:52.595 log.ts:179 [debug 11:18:52 ] 拦截到HTTP请求: /learn/app/clientapi/course/play/queryStatus.do?courseWareId=1708932724584&courseId=N003284&bizType=0&bizId=&sid=DDFFB4A8903046B2B2A2C20195472FFA&os=99
11:18:52.753 utils.ts:137 unknown seeking事件触发 Event {isTrusted: true, type: 'seeking', target: video#course-video_html5_api.vjs-tech, currentTarget: video#course-video_html5_api.vjs-tech, eventPhase: 2, …}
11:18:52.755 log.ts:179 [debug 11:18:52 ] [视频事件] Video paused, attempting to resume...
11:18:52.833 log.ts:179 [debug 11:18:52 ] 拦截到HTTP请求: /learn/app/clientapi/course/bigdata/courseLearnTime.do?os=99&sid=DDFFB4A8903046B2B2A2C20195472FFA
11:18:53.001 utils.ts:137 unknown seeked事件触发 Event {isTrusted: true, type: 'seeked', target: video#course-video_html5_api.vjs-tech, currentTarget: video#course-video_html5_api.vjs-tech, eventPhase: 2, …}
11:18:53.588 log.ts:179 [debug 11:18:53 ] [播放速率] 设置播放速率为 1x
11:18:53.589 log.ts:179 [debug 11:18:53 ] [静音设置] 设置静音状态为 true
11:18:53.589 log.ts:179 [debug 11:18:53 ] [点击播放] 找到播放按钮，点击播放 button.vjs-big-play-button
11:18:53.592 log.ts:179 [debug 11:18:53 ] [静音设置] 设置静音状态为 true
11:18:53.592 log.ts:179 [debug 11:18:53 ] [播放速率] 设置播放速率为 1x
11:18:53.596 log.ts:179 [debug 11:18:53 ] [视频事件] Video playing, applying settings...
11:18:53.603 log.ts:179 [debug 11:18:53 ] 拦截到HTTP请求: /learn/app/clientapi/course/play/queryStatus.do?courseWareId=1708932724584&courseId=N003284&bizType=0&bizId=&sid=DDFFB4A8903046B2B2A2C20195472FFA&os=99
11:18:53.755 utils.ts:137 unknown seeking事件触发 Event {isTrusted: true, type: 'seeking', target: video#course-video_html5_api.vjs-tech, currentTarget: video#course-video_html5_api.vjs-tech, eventPhase: 2, …}
11:18:53.760 log.ts:179 [debug 11:18:53 ] [视频事件] Video paused, attempting to resume...
11:18:53.765 log.ts:179 [debug 11:18:53 ] 拦截到HTTP请求: /learn/app/clientapi/course/bigdata/courseLearnTime.do?os=99&sid=DDFFB4A8903046B2B2A2C20195472FFA
11:18:54.002 utils.ts:137 unknown seeked事件触发 Event {isTrusted: true, type: 'seeked', target: video#course-video_html5_api.vjs-tech, currentTarget: video#course-video_html5_api.vjs-tech, eventPhase: 2, …}
11:18:54.582 log.ts:179 [debug 11:18:54 ] [播放速率] 设置播放速率为 1x
11:18:54.582 log.ts:179 [debug 11:18:54 ] [静音设置] 设置静音状态为 true
11:18:54.582 log.ts:179 [debug 11:18:54 ] [点击播放] 找到播放按钮，点击播放 button.vjs-big-play-button
11:18:54.584 log.ts:179 [debug 11:18:54 ] [静音设置] 设置静音状态为 true
11:18:54.584 log.ts:179 [debug 11:18:54 ] [播放速率] 设置播放速率为 1x
11:18:54.586 log.ts:179 [debug 11:18:54 ] [视频事件] Video playing, applying settings...
11:18:54.588 log.ts:179 [debug 11:18:54 ] 拦截到HTTP请求: /learn/app/getGlobalTimestamp.do?os=99&sid=DDFFB4A8903046B2B2A2C20195472FFA
11:18:54.589 log.ts:179 [debug 11:18:54 ] 拦截到HTTP请求: /learn/app/clientapi/course/play/queryStatus.do?courseWareId=1708932724584&courseId=N003284&bizType=0&bizId=&sid=DDFFB4A8903046B2B2A2C20195472FFA&os=99
11:18:54.738 utils.ts:137 unknown seeking事件触发 Event {isTrusted: true, type: 'seeking', target: video#course-video_html5_api.vjs-tech, currentTarget: video#course-video_html5_api.vjs-tech, eventPhase: 2, …}
11:18:54.739 log.ts:179 [debug 11:18:54 ] [视频事件] Video paused, attempting to resume...
11:18:54.874 log.ts:179 [debug 11:18:54 ] 拦截到HTTP请求: /learn/app/clientapi/course/bigdata/courseLearnTime.do?os=99&sid=DDFFB4A8903046B2B2A2C20195472FFA
11:18:54.979 utils.ts:137 unknown seeked事件触发 Event {isTrusted: true, type: 'seeked', target: video#course-video_html5_api.vjs-tech, currentTarget: video#course-video_html5_api.vjs-tech, eventPhase: 2, …}
11:18:55.591 log.ts:179 [debug 11:18:55 ] [播放速率] 设置播放速率为 1x
11:18:55.591 log.ts:179 [debug 11:18:55 ] [静音设置] 设置静音状态为 true
11:18:55.591 log.ts:179 [debug 11:18:55 ] [点击播放] 找到播放按钮，点击播放 button.vjs-big-play-button
11:18:55.596 log.ts:179 [debug 11:18:55 ] [静音设置] 设置静音状态为 true
11:18:55.596 log.ts:179 [debug 11:18:55 ] [播放速率] 设置播放速率为 1x
11:18:55.598 log.ts:179 [debug 11:18:55 ] [视频事件] Video playing, applying settings...
11:18:55.602 log.ts:179 [debug 11:18:55 ] 拦截到HTTP请求: /learn/app/clientapi/course/play/queryStatus.do?courseWareId=1708932724584&courseId=N003284&bizType=0&bizId=&sid=DDFFB4A8903046B2B2A2C20195472FFA&os=99
11:18:55.756 utils.ts:137 unknown seeking事件触发 Event {isTrusted: true, type: 'seeking', target: video#course-video_html5_api.vjs-tech, currentTarget: video#course-video_html5_api.vjs-tech, eventPhase: 2, …}
11:18:55.758 log.ts:179 [debug 11:18:55 ] [视频事件] Video paused, attempting to resume...
11:18:55.761 log.ts:179 [debug 11:18:55 ] 拦截到HTTP请求: /learn/app/clientapi/course/bigdata/courseLearnTime.do?os=99&sid=DDFFB4A8903046B2B2A2C20195472FFA
11:18:56.136 utils.ts:137 unknown seeked事件触发 Event {isTrusted: true, type: 'seeked', target: video#course-video_html5_api.vjs-tech, currentTarget: video#course-video_html5_api.vjs-tech, eventPhase: 2, …}
11:18:56.585 log.ts:179 [debug 11:18:56 ] [播放速率] 设置播放速率为 1x
11:18:56.585 log.ts:179 [debug 11:18:56 ] [静音设置] 设置静音状态为 true
11:18:56.585 log.ts:179 [debug 11:18:56 ] [点击播放] 找到播放按钮，点击播放 button.vjs-big-play-button
11:18:56.587 log.ts:179 [debug 11:18:56 ] [静音设置] 设置静音状态为 true
11:18:56.589 log.ts:179 [debug 11:18:56 ] [播放速率] 设置播放速率为 1x
11:18:56.591 log.ts:179 [debug 11:18:56 ] [视频事件] Video playing, applying settings...
11:18:56.595 log.ts:179 [debug 11:18:56 ] 拦截到HTTP请求: /learn/app/getGlobalTimestamp.do?os=99&sid=DDFFB4A8903046B2B2A2C20195472FFA
11:18:56.597 log.ts:179 [debug 11:18:56 ] 拦截到HTTP请求: /learn/app/clientapi/course/play/queryStatus.do?courseWareId=1708932724584&courseId=N003284&bizType=0&bizId=&sid=DDFFB4A8903046B2B2A2C20195472FFA&os=99
11:18:56.726 utils.ts:137 unknown seeking事件触发 Event {isTrusted: true, type: 'seeking', target: video#course-video_html5_api.vjs-tech, currentTarget: video#course-video_html5_api.vjs-tech, eventPhase: 2, …}
11:18:56.728 log.ts:179 [debug 11:18:56 ] [视频事件] Video paused, attempting to resume...
11:18:56.828 log.ts:179 [debug 11:18:56 ] 拦截到HTTP请求: /learn/app/clientapi/course/bigdata/courseLearnTime.do?os=99&sid=DDFFB4A8903046B2B2A2C20195472FFA
11:18:57.001 utils.ts:137 unknown seeked事件触发 Event {isTrusted: true, type: 'seeked', target: video#course-video_html5_api.vjs-tech, currentTarget: video#course-video_html5_api.vjs-tech, eventPhase: 2, …}
11:18:57.593 log.ts:179 [debug 11:18:57 ] [播放速率] 设置播放速率为 1x
11:18:57.593 log.ts:179 [debug 11:18:57 ] [静音设置] 设置静音状态为 true
11:18:57.593 log.ts:179 [debug 11:18:57 ] [点击播放] 找到播放按钮，点击播放 button.vjs-big-play-button
11:18:57.596 log.ts:179 [debug 11:18:57 ] [静音设置] 设置静音状态为 true
11:18:57.597 log.ts:179 [debug 11:18:57 ] [播放速率] 设置播放速率为 1x
11:18:57.597 log.ts:179 [debug 11:18:57 ] [视频事件] Video playing, applying settings...
11:18:57.601 log.ts:179 [debug 11:18:57 ] 拦截到HTTP请求: /learn/app/clientapi/course/play/queryStatus.do?courseWareId=1708932724584&courseId=N003284&bizType=0&bizId=&sid=DDFFB4A8903046B2B2A2C20195472FFA&os=99
11:18:57.827 utils.ts:137 unknown seeking事件触发 Event {isTrusted: true, type: 'seeking', target: video#course-video_html5_api.vjs-tech, currentTarget: video#course-video_html5_api.vjs-tech, eventPhase: 2, …}
11:18:57.837 log.ts:179 [debug 11:18:57 ] [视频事件] Video paused, attempting to resume...
11:18:57.842 log.ts:179 [debug 11:18:57 ] 拦截到HTTP请求: /learn/app/clientapi/course/bigdata/courseLearnTime.do?os=99&sid=DDFFB4A8903046B2B2A2C20195472FFA
11:18:58.083 utils.ts:137 unknown seeked事件触发 Event {isTrusted: true, type: 'seeked', target: video#course-video_html5_api.vjs-tech, currentTarget: video#course-video_html5_api.vjs-tech, eventPhase: 2, …}
11:18:58.591 log.ts:179 [debug 11:18:58 ] [播放速率] 设置播放速率为 1x
11:18:58.591 log.ts:179 [debug 11:18:58 ] [静音设置] 设置静音状态为 true
11:18:58.591 log.ts:179 [debug 11:18:58 ] [点击播放] 找到播放按钮，点击播放 button.vjs-big-play-button
11:18:58.593 log.ts:179 [debug 11:18:58 ] [静音设置] 设置静音状态为 true
11:18:58.593 log.ts:179 [debug 11:18:58 ] [播放速率] 设置播放速率为 1x
11:18:58.595 log.ts:179 [debug 11:18:58 ] [视频事件] Video playing, applying settings...
11:18:58.599 log.ts:179 [debug 11:18:58 ] 拦截到HTTP请求: /learn/app/getGlobalTimestamp.do?os=99&sid=DDFFB4A8903046B2B2A2C20195472FFA
11:18:58.605 log.ts:179 [debug 11:18:58 ] 拦截到HTTP请求: /learn/app/clientapi/course/play/queryStatus.do?courseWareId=1708932724584&courseId=N003284&bizType=0&bizId=&sid=DDFFB4A8903046B2B2A2C20195472FFA&os=99
11:18:58.783 utils.ts:137 unknown seeking事件触发 Event {isTrusted: true, type: 'seeking', target: video#course-video_html5_api.vjs-tech, currentTarget: video#course-video_html5_api.vjs-tech, eventPhase: 2, …}
11:18:58.786 log.ts:179 [debug 11:18:58 ] [视频事件] Video paused, attempting to resume...
11:18:58.814 log.ts:179 [debug 11:18:58 ] 拦截到HTTP请求: /learn/app/clientapi/course/bigdata/courseLearnTime.do?os=99&sid=DDFFB4A8903046B2B2A2C20195472FFA
11:18:59.020 utils.ts:137 unknown seeked事件触发 Event {isTrusted: true, type: 'seeked', target: video#course-video_html5_api.vjs-tech, currentTarget: video#course-video_html5_api.vjs-tech, eventPhase: 2, …}
11:18:59.584 log.ts:179 [debug 11:18:59 ] [播放速率] 设置播放速率为 1x
11:18:59.585 log.ts:179 [debug 11:18:59 ] [静音设置] 设置静音状态为 true
11:18:59.585 log.ts:179 [debug 11:18:59 ] [点击播放] 找到播放按钮，点击播放 button.vjs-big-play-button
11:18:59.588 log.ts:179 [debug 11:18:59 ] [静音设置] 设置静音状态为 true
11:18:59.588 log.ts:179 [debug 11:18:59 ] [播放速率] 设置播放速率为 1x
11:18:59.591 log.ts:179 [debug 11:18:59 ] [视频事件] Video playing, applying settings...
11:18:59.593 log.ts:179 [debug 11:18:59 ] 拦截到HTTP请求: /learn/app/clientapi/course/play/queryStatus.do?courseWareId=1708932724584&courseId=N003284&bizType=0&bizId=&sid=DDFFB4A8903046B2B2A2C20195472FFA&os=99
11:18:59.790 utils.ts:137 unknown seeking事件触发 Event {isTrusted: true, type: 'seeking', target: video#course-video_html5_api.vjs-tech, currentTarget: video#course-video_html5_api.vjs-tech, eventPhase: 2, …}
11:18:59.793 log.ts:179 [debug 11:18:59 ] [视频事件] Video paused, attempting to resume...
11:18:59.797 log.ts:179 [debug 11:18:59 ] 拦截到HTTP请求: /learn/app/clientapi/course/bigdata/courseLearnTime.do?os=99&sid=DDFFB4A8903046B2B2A2C20195472FFA
11:19:00.093 utils.ts:137 unknown seeked事件触发 Event {isTrusted: true, type: 'seeked', target: video#course-video_html5_api.vjs-tech, currentTarget: video#course-video_html5_api.vjs-tech, eventPhase: 2, …}
11:19:00.601 log.ts:179 [debug 11:19:0 ] [播放速率] 设置播放速率为 1x
11:19:00.602 log.ts:179 [debug 11:19:0 ] [静音设置] 设置静音状态为 true
11:19:00.604 log.ts:179 [debug 11:19:0 ] [点击播放] 找到播放按钮，点击播放 button.vjs-big-play-button
11:19:00.647 log.ts:179 [debug 11:19:0 ] [静音设置] 设置静音状态为 true
11:19:00.648 log.ts:179 [debug 11:19:0 ] [播放速率] 设置播放速率为 1x
11:19:00.651 log.ts:179 [debug 11:19:0 ] [视频事件] Video playing, applying settings...
11:19:00.656 log.ts:179 [debug 11:19:0 ] 拦截到HTTP请求: /learn/app/getGlobalTimestamp.do?os=99&sid=DDFFB4A8903046B2B2A2C20195472FFA
11:19:00.665 log.ts:179 [debug 11:19:0 ] 拦截到HTTP请求: /learn/app/clientapi/course/play/queryStatus.do?courseWareId=1708932724584&courseId=N003284&bizType=0&bizId=&sid=DDFFB4A8903046B2B2A2C20195472FFA&os=99
11:19:00.820 log.ts:179 [debug 11:19:0 ] 拦截到HTTP请求: /learn/app/clientapi/course/bigdata/courseLearnTime.do?os=99&sid=DDFFB4A8903046B2B2A2C20195472FFA
11:19:00.886 utils.ts:137 unknown seeking事件触发 Event {isTrusted: true, type: 'seeking', target: video#course-video_html5_api.vjs-tech, currentTarget: video#course-video_html5_api.vjs-tech, eventPhase: 2, …}
11:19:00.888 log.ts:179 [debug 11:19:0 ] [视频事件] Video paused, attempting to resume...
11:19:00.892 log.ts:179 [debug 11:19:0 ] 拦截到HTTP请求: /learn/app/clientapi/course/bigdata/courseLearnTime.do?os=99&sid=DDFFB4A8903046B2B2A2C20195472FFA
11:19:00.898 (索引):1  Uncaught (in promise) t {message: undefined}
Promise.then
(匿名) @ 8222.6209a852.chunk.js:1
u @ 9561.4bf2dc71.js:2
(匿名) @ 9561.4bf2dc71.js:2
(匿名) @ 9561.4bf2dc71.js:2
r @ 9561.4bf2dc71.js:2
s @ 9561.4bf2dc71.js:2
Promise.then
r @ 9561.4bf2dc71.js:2
s @ 9561.4bf2dc71.js:2
(匿名) @ 9561.4bf2dc71.js:2
(匿名) @ 9561.4bf2dc71.js:2
(匿名) @ 8222.6209a852.chunk.js:1
u @ 9561.4bf2dc71.js:2
(匿名) @ 9561.4bf2dc71.js:2
(匿名) @ 9561.4bf2dc71.js:2
r @ 9561.4bf2dc71.js:2
s @ 9561.4bf2dc71.js:2
(匿名) @ 9561.4bf2dc71.js:2
(匿名) @ 9561.4bf2dc71.js:2
m @ 9561.4bf2dc71.js:2
w @ 9561.4bf2dc71.js:2
(匿名) @ 9561.4bf2dc71.js:2
E @ 9561.4bf2dc71.js:2
C @ 9561.4bf2dc71.js:2
S @ 9561.4bf2dc71.js:2
D @ 9561.4bf2dc71.js:2
kn @ 9561.4bf2dc71.js:2
le @ 9561.4bf2dc71.js:2
Dn @ 9561.4bf2dc71.js:2
zn @ 9561.4bf2dc71.js:2
An @ 9561.4bf2dc71.js:2
t.unstable_runWithPriority @ 9561.4bf2dc71.js:2
qo @ 9561.4bf2dc71.js:2
se @ 9561.4bf2dc71.js:2
Tn @ 9561.4bf2dc71.js:2
play
(匿名) @ 8222.6209a852.chunk.js:1
clickPlayButton @ video.ts:147
eval @ video.ts:177
setTimeout
eval @ video.ts:175
11:19:01.131 utils.ts:137 unknown seeked事件触发 Event {isTrusted: true, type: 'seeked', target: video#course-video_html5_api.vjs-tech, currentTarget: video#course-video_html5_api.vjs-tech, eventPhase: 2, …}
11:19:01.575 log.ts:179 [debug 11:19:1 ] [播放速率] 设置播放速率为 1x
11:19:01.575 log.ts:179 [debug 11:19:1 ] [静音设置] 设置静音状态为 true
11:19:01.575 log.ts:179 [debug 11:19:1 ] [点击播放] 找到播放按钮，点击播放 button.vjs-big-play-button
11:19:01.577 log.ts:179 [debug 11:19:1 ] [静音设置] 设置静音状态为 true
11:19:01.577 log.ts:179 [debug 11:19:1 ] [播放速率] 设置播放速率为 1x
11:19:01.579 log.ts:179 [debug 11:19:1 ] [视频事件] Video playing, applying settings...
11:19:01.582 log.ts:179 [debug 11:19:1 ] 拦截到HTTP请求: /learn/app/getGlobalTimestamp.do?os=99&sid=DDFFB4A8903046B2B2A2C20195472FFA
11:19:01.583 log.ts:179 [debug 11:19:1 ] 拦截到HTTP请求: /learn/app/clientapi/course/play/queryStatus.do?courseWareId=1708932724584&courseId=N003284&bizType=0&bizId=&sid=DDFFB4A8903046B2B2A2C20195472FFA&os=99
11:19:01.784 utils.ts:137 unknown seeking事件触发 Event {isTrusted: true, type: 'seeking', target: video#course-video_html5_api.vjs-tech, currentTarget: video#course-video_html5_api.vjs-tech, eventPhase: 2, …}
11:19:01.786 log.ts:179 [debug 11:19:1 ] [视频事件] Video paused, attempting to resume...
11:19:01.999 log.ts:179 [debug 11:19:1 ] 拦截到HTTP请求: /learn/app/clientapi/course/bigdata/courseLearnTime.do?os=99&sid=DDFFB4A8903046B2B2A2C20195472FFA
11:19:02.144 utils.ts:137 unknown seeked事件触发 Event {isTrusted: true, type: 'seeked', target: video#course-video_html5_api.vjs-tech, currentTarget: video#course-video_html5_api.vjs-tech, eventPhase: 2, …}
11:19:02.581 log.ts:179 [debug 11:19:2 ] [播放速率] 设置播放速率为 1x
11:19:02.581 log.ts:179 [debug 11:19:2 ] [静音设置] 设置静音状态为 true
11:19:02.581 log.ts:179 [debug 11:19:2 ] [点击播放] 找到播放按钮，点击播放 button.vjs-big-play-button
11:19:02.586 log.ts:179 [debug 11:19:2 ] [静音设置] 设置静音状态为 true
11:19:02.586 log.ts:179 [debug 11:19:2 ] [播放速率] 设置播放速率为 1x
11:19:02.589 log.ts:179 [debug 11:19:2 ] [视频事件] Video playing, applying settings...
11:19:02.592 log.ts:179 [debug 11:19:2 ] 拦截到HTTP请求: /learn/app/clientapi/course/play/queryStatus.do?courseWareId=1708932724584&courseId=N003284&bizType=0&bizId=&sid=DDFFB4A8903046B2B2A2C20195472FFA&os=99
11:19:02.745 utils.ts:137 unknown seeking事件触发 Event {isTrusted: true, type: 'seeking', target: video#course-video_html5_api.vjs-tech, currentTarget: video#course-video_html5_api.vjs-tech, eventPhase: 2, …}
11:19:02.747 log.ts:179 [debug 11:19:2 ] [视频事件] Video paused, attempting to resume...
11:19:02.755 log.ts:179 [debug 11:19:2 ] 拦截到HTTP请求: /learn/app/clientapi/course/bigdata/courseLearnTime.do?os=99&sid=DDFFB4A8903046B2B2A2C20195472FFA
11:19:02.980 utils.ts:137 unknown seeked事件触发 Event {isTrusted: true, type: 'seeked', target: video#course-video_html5_api.vjs-tech, currentTarget: video#course-video_html5_api.vjs-tech, eventPhase: 2, …}
11:19:03.596 log.ts:179 [debug 11:19:3 ] [播放速率] 设置播放速率为 1x
11:19:03.596 log.ts:179 [debug 11:19:3 ] [静音设置] 设置静音状态为 true
11:19:03.596 log.ts:179 [debug 11:19:3 ] [点击播放] 找到播放按钮，点击播放 button.vjs-big-play-button
11:19:03.599 log.ts:179 [debug 11:19:3 ] [静音设置] 设置静音状态为 true
11:19:03.600 log.ts:179 [debug 11:19:3 ] [播放速率] 设置播放速率为 1x
11:19:03.600 log.ts:179 [debug 11:19:3 ] [视频事件] Video playing, applying settings...
11:19:03.603 log.ts:179 [debug 11:19:3 ] 拦截到HTTP请求: /learn/app/getGlobalTimestamp.do?os=99&sid=DDFFB4A8903046B2B2A2C20195472FFA
11:19:03.604 log.ts:179 [debug 11:19:3 ] 拦截到HTTP请求: /learn/app/clientapi/course/play/queryStatus.do?courseWareId=1708932724584&courseId=N003284&bizType=0&bizId=&sid=DDFFB4A8903046B2B2A2C20195472FFA&os=99
11:19:03.762 utils.ts:137 unknown seeking事件触发 Event {isTrusted: true, type: 'seeking', target: video#course-video_html5_api.vjs-tech, currentTarget: video#course-video_html5_api.vjs-tech, eventPhase: 2, …}
11:19:03.763 log.ts:179 [debug 11:19:3 ] [视频事件] Video paused, attempting to resume...
11:19:03.785 log.ts:179 [debug 11:19:3 ] 拦截到HTTP请求: /learn/app/clientapi/course/bigdata/courseLearnTime.do?os=99&sid=DDFFB4A8903046B2B2A2C20195472FFA
11:19:04.076 utils.ts:137 unknown seeked事件触发 Event {isTrusted: true, type: 'seeked', target: video#course-video_html5_api.vjs-tech, currentTarget: video#course-video_html5_api.vjs-tech, eventPhase: 2, …}
11:19:04.584 log.ts:179 [debug 11:19:4 ] [播放速率] 设置播放速率为 1x
11:19:04.584 log.ts:179 [debug 11:19:4 ] [静音设置] 设置静音状态为 true
11:19:04.585 log.ts:179 [debug 11:19:4 ] [点击播放] 找到播放按钮，点击播放 button.vjs-big-play-button
11:19:04.587 log.ts:179 [debug 11:19:4 ] [静音设置] 设置静音状态为 true
11:19:04.587 log.ts:179 [debug 11:19:4 ] [播放速率] 设置播放速率为 1x
11:19:04.590 log.ts:179 [debug 11:19:4 ] [视频事件] Video playing, applying settings...
11:19:04.607 log.ts:179 [debug 11:19:4 ] 拦截到HTTP请求: /learn/app/clientapi/course/play/queryStatus.do?courseWareId=1708932724584&courseId=N003284&bizType=0&bizId=&sid=DDFFB4A8903046B2B2A2C20195472FFA&os=99
11:19:04.775 utils.ts:137 unknown seeking事件触发 Event {isTrusted: true, type: 'seeking', target: video#course-video_html5_api.vjs-tech, currentTarget: video#course-video_html5_api.vjs-tech, eventPhase: 2, …}
11:19:04.778 log.ts:179 [debug 11:19:4 ] [视频事件] Video paused, attempting to resume...
11:19:04.792 log.ts:179 [debug 11:19:4 ] 拦截到HTTP请求: /learn/app/clientapi/course/bigdata/courseLearnTime.do?os=99&sid=DDFFB4A8903046B2B2A2C20195472FFA
11:19:05.020 utils.ts:137 unknown seeked事件触发 Event {isTrusted: true, type: 'seeked', target: video#course-video_html5_api.vjs-tech, currentTarget: video#course-video_html5_api.vjs-tech, eventPhase: 2, …}
11:19:05.579 log.ts:179 [debug 11:19:5 ] [播放速率] 设置播放速率为 1x
11:19:05.579 log.ts:179 [debug 11:19:5 ] [静音设置] 设置静音状态为 true
11:19:05.580 log.ts:179 [debug 11:19:5 ] [点击播放] 找到播放按钮，点击播放 button.vjs-big-play-button
11:19:05.583 log.ts:179 [debug 11:19:5 ] [静音设置] 设置静音状态为 true
11:19:05.583 log.ts:179 [debug 11:19:5 ] [播放速率] 设置播放速率为 1x
11:19:05.588 log.ts:179 [debug 11:19:5 ] [视频事件] Video playing, applying settings...
11:19:05.594 log.ts:179 [debug 11:19:5 ] 拦截到HTTP请求: /learn/app/getGlobalTimestamp.do?os=99&sid=DDFFB4A8903046B2B2A2C20195472FFA
11:19:05.595 log.ts:179 [debug 11:19:5 ] 拦截到HTTP请求: /learn/app/clientapi/course/play/queryStatus.do?courseWareId=1708932724584&courseId=N003284&bizType=0&bizId=&sid=DDFFB4A8903046B2B2A2C20195472FFA&os=99
11:19:05.760 utils.ts:137 unknown seeking事件触发 Event {isTrusted: true, type: 'seeking', target: video#course-video_html5_api.vjs-tech, currentTarget: video#course-video_html5_api.vjs-tech, eventPhase: 2, …}
11:19:05.764 log.ts:179 [debug 11:19:5 ] [视频事件] Video paused, attempting to resume...
11:19:05.826 log.ts:179 [debug 11:19:5 ] 拦截到HTTP请求: /learn/app/clientapi/course/bigdata/courseLearnTime.do?os=99&sid=DDFFB4A8903046B2B2A2C20195472FFA
11:19:05.994 utils.ts:137 unknown seeked事件触发 Event {isTrusted: true, type: 'seeked', target: video#course-video_html5_api.vjs-tech, currentTarget: video#course-video_html5_api.vjs-tech, eventPhase: 2, …}
11:19:06.589 log.ts:179 [debug 11:19:6 ] [播放速率] 设置播放速率为 1x
11:19:06.589 log.ts:179 [debug 11:19:6 ] [静音设置] 设置静音状态为 true
11:19:06.590 log.ts:179 [debug 11:19:6 ] [点击播放] 找到播放按钮，点击播放 button.vjs-big-play-button
11:19:06.592 log.ts:179 [debug 11:19:6 ] [静音设置] 设置静音状态为 true
11:19:06.592 log.ts:179 [debug 11:19:6 ] [播放速率] 设置播放速率为 1x
11:19:06.595 log.ts:179 [debug 11:19:6 ] [视频事件] Video playing, applying settings...
11:19:06.597 log.ts:179 [debug 11:19:6 ] 拦截到HTTP请求: /learn/app/clientapi/course/play/queryStatus.do?courseWareId=1708932724584&courseId=N003284&bizType=0&bizId=&sid=DDFFB4A8903046B2B2A2C20195472FFA&os=99
11:19:06.725 utils.ts:137 unknown seeking事件触发 Event {isTrusted: true, type: 'seeking', target: video#course-video_html5_api.vjs-tech, currentTarget: video#course-video_html5_api.vjs-tech, eventPhase: 2, …}
11:19:06.730 log.ts:179 [debug 11:19:6 ] [视频事件] Video paused, attempting to resume...
11:19:06.736 log.ts:179 [debug 11:19:6 ] 拦截到HTTP请求: /learn/app/clientapi/course/bigdata/courseLearnTime.do?os=99&sid=DDFFB4A8903046B2B2A2C20195472FFA
11:19:06.967 utils.ts:137 unknown seeked事件触发 Event {isTrusted: true, type: 'seeked', target: video#course-video_html5_api.vjs-tech, currentTarget: video#course-video_html5_api.vjs-tech, eventPhase: 2, …}
11:19:07.587 log.ts:179 [debug 11:19:7 ] [播放速率] 设置播放速率为 1x
11:19:07.587 log.ts:179 [debug 11:19:7 ] [静音设置] 设置静音状态为 true
11:19:07.588 log.ts:179 [debug 11:19:7 ] [点击播放] 找到播放按钮，点击播放 button.vjs-big-play-button
11:19:07.593 log.ts:179 [debug 11:19:7 ] [静音设置] 设置静音状态为 true
11:19:07.593 log.ts:179 [debug 11:19:7 ] [播放速率] 设置播放速率为 1x
11:19:07.596 log.ts:179 [debug 11:19:7 ] [视频事件] Video playing, applying settings...
11:19:07.599 log.ts:179 [debug 11:19:7 ] 拦截到HTTP请求: /learn/app/getGlobalTimestamp.do?os=99&sid=DDFFB4A8903046B2B2A2C20195472FFA
11:19:07.599 log.ts:179 [debug 11:19:7 ] 拦截到HTTP请求: /learn/app/clientapi/course/play/queryStatus.do?courseWareId=1708932724584&courseId=N003284&bizType=0&bizId=&sid=DDFFB4A8903046B2B2A2C20195472FFA&os=99
11:19:07.764 log.ts:179 [debug 11:19:7 ] 拦截到HTTP请求: /learn/app/clientapi/course/bigdata/courseLearnTime.do?os=99&sid=DDFFB4A8903046B2B2A2C20195472FFA
11:19:07.775 utils.ts:137 unknown seeking事件触发 Event {isTrusted: true, type: 'seeking', target: video#course-video_html5_api.vjs-tech, currentTarget: video#course-video_html5_api.vjs-tech, eventPhase: 2, …}
11:19:07.798 log.ts:179 [debug 11:19:7 ] [视频事件] Video paused, attempting to resume...
11:19:07.800 log.ts:179 [debug 11:19:7 ] 拦截到HTTP请求: /learn/app/clientapi/course/bigdata/courseLearnTime.do?os=99&sid=DDFFB4A8903046B2B2A2C20195472FFA
11:19:07.804 (索引):1  Uncaught (in promise) t {message: undefined}
Promise.then
(匿名) @ 8222.6209a852.chunk.js:1
u @ 9561.4bf2dc71.js:2
(匿名) @ 9561.4bf2dc71.js:2
(匿名) @ 9561.4bf2dc71.js:2
r @ 9561.4bf2dc71.js:2
s @ 9561.4bf2dc71.js:2
Promise.then
r @ 9561.4bf2dc71.js:2
s @ 9561.4bf2dc71.js:2
(匿名) @ 9561.4bf2dc71.js:2
(匿名) @ 9561.4bf2dc71.js:2
(匿名) @ 8222.6209a852.chunk.js:1
u @ 9561.4bf2dc71.js:2
(匿名) @ 9561.4bf2dc71.js:2
(匿名) @ 9561.4bf2dc71.js:2
r @ 9561.4bf2dc71.js:2
s @ 9561.4bf2dc71.js:2
(匿名) @ 9561.4bf2dc71.js:2
(匿名) @ 9561.4bf2dc71.js:2
m @ 9561.4bf2dc71.js:2
w @ 9561.4bf2dc71.js:2
(匿名) @ 9561.4bf2dc71.js:2
E @ 9561.4bf2dc71.js:2
C @ 9561.4bf2dc71.js:2
S @ 9561.4bf2dc71.js:2
D @ 9561.4bf2dc71.js:2
kn @ 9561.4bf2dc71.js:2
le @ 9561.4bf2dc71.js:2
Dn @ 9561.4bf2dc71.js:2
zn @ 9561.4bf2dc71.js:2
An @ 9561.4bf2dc71.js:2
t.unstable_runWithPriority @ 9561.4bf2dc71.js:2
qo @ 9561.4bf2dc71.js:2
se @ 9561.4bf2dc71.js:2
Tn @ 9561.4bf2dc71.js:2
play
(匿名) @ 8222.6209a852.chunk.js:1
clickPlayButton @ video.ts:147
eval @ video.ts:177
setTimeout
eval @ video.ts:175
11:19:08.265 utils.ts:137 unknown seeked事件触发 Event {isTrusted: true, type: 'seeked', target: video#course-video_html5_api.vjs-tech, currentTarget: video#course-video_html5_api.vjs-tech, eventPhase: 2, …}
11:19:08.579 log.ts:179 [debug 11:19:8 ] [播放速率] 设置播放速率为 1x
11:19:08.581 log.ts:179 [debug 11:19:8 ] [静音设置] 设置静音状态为 true
11:19:08.582 log.ts:179 [debug 11:19:8 ] [点击播放] 找到播放按钮，点击播放 button.vjs-big-play-button
11:19:08.584 log.ts:179 [debug 11:19:8 ] [静音设置] 设置静音状态为 true
11:19:08.584 log.ts:179 [debug 11:19:8 ] [播放速率] 设置播放速率为 1x
11:19:08.587 log.ts:179 [debug 11:19:8 ] [视频事件] Video playing, applying settings...
11:19:08.590 log.ts:179 [debug 11:19:8 ] 拦截到HTTP请求: /learn/app/getGlobalTimestamp.do?os=99&sid=DDFFB4A8903046B2B2A2C20195472FFA
11:19:08.591 log.ts:179 [debug 11:19:8 ] 拦截到HTTP请求: /learn/app/clientapi/course/play/queryStatus.do?courseWareId=1708932724584&courseId=N003284&bizType=0&bizId=&sid=DDFFB4A8903046B2B2A2C20195472FFA&os=99
11:19:08.743 log.ts:179 [debug 11:19:8 ] 拦截到HTTP请求: /learn/app/clientapi/course/bigdata/courseLearnTime.do?os=99&sid=DDFFB4A8903046B2B2A2C20195472FFA
11:19:08.797 utils.ts:137 unknown seeking事件触发 Event {isTrusted: true, type: 'seeking', target: video#course-video_html5_api.vjs-tech, currentTarget: video#course-video_html5_api.vjs-tech, eventPhase: 2, …}
11:19:08.798 log.ts:179 [debug 11:19:8 ] [视频事件] Video paused, attempting to resume...
11:19:08.801 log.ts:179 [debug 11:19:8 ] 拦截到HTTP请求: /learn/app/clientapi/course/bigdata/courseLearnTime.do?os=99&sid=DDFFB4A8903046B2B2A2C20195472FFA
11:19:08.803 (索引):1  Uncaught (in promise) t {message: undefined}
Promise.then
(匿名) @ 8222.6209a852.chunk.js:1
u @ 9561.4bf2dc71.js:2
(匿名) @ 9561.4bf2dc71.js:2
(匿名) @ 9561.4bf2dc71.js:2
r @ 9561.4bf2dc71.js:2
s @ 9561.4bf2dc71.js:2
Promise.then
r @ 9561.4bf2dc71.js:2
s @ 9561.4bf2dc71.js:2
(匿名) @ 9561.4bf2dc71.js:2
(匿名) @ 9561.4bf2dc71.js:2
(匿名) @ 8222.6209a852.chunk.js:1
u @ 9561.4bf2dc71.js:2
(匿名) @ 9561.4bf2dc71.js:2
(匿名) @ 9561.4bf2dc71.js:2
r @ 9561.4bf2dc71.js:2
s @ 9561.4bf2dc71.js:2
(匿名) @ 9561.4bf2dc71.js:2
(匿名) @ 9561.4bf2dc71.js:2
m @ 9561.4bf2dc71.js:2
w @ 9561.4bf2dc71.js:2
(匿名) @ 9561.4bf2dc71.js:2
E @ 9561.4bf2dc71.js:2
C @ 9561.4bf2dc71.js:2
S @ 9561.4bf2dc71.js:2
D @ 9561.4bf2dc71.js:2
kn @ 9561.4bf2dc71.js:2
le @ 9561.4bf2dc71.js:2
Dn @ 9561.4bf2dc71.js:2
zn @ 9561.4bf2dc71.js:2
An @ 9561.4bf2dc71.js:2
t.unstable_runWithPriority @ 9561.4bf2dc71.js:2
qo @ 9561.4bf2dc71.js:2
se @ 9561.4bf2dc71.js:2
Tn @ 9561.4bf2dc71.js:2
play
(匿名) @ 8222.6209a852.chunk.js:1
clickPlayButton @ video.ts:147
eval @ video.ts:177
setTimeout
eval @ video.ts:175
11:19:09.049 utils.ts:137 unknown seeked事件触发 Event {isTrusted: true, type: 'seeked', target: video#course-video_html5_api.vjs-tech, currentTarget: video#course-video_html5_api.vjs-tech, eventPhase: 2, …}
11:19:09.584 log.ts:179 [debug 11:19:9 ] [播放速率] 设置播放速率为 1x
11:19:09.584 log.ts:179 [debug 11:19:9 ] [静音设置] 设置静音状态为 true
11:19:09.585 log.ts:179 [debug 11:19:9 ] [点击播放] 找到播放按钮，点击播放 button.vjs-big-play-button
11:19:09.587 log.ts:179 [debug 11:19:9 ] [静音设置] 设置静音状态为 true
11:19:09.587 log.ts:179 [debug 11:19:9 ] [播放速率] 设置播放速率为 1x
11:19:09.590 log.ts:179 [debug 11:19:9 ] [视频事件] Video playing, applying settings...
11:19:09.593 log.ts:179 [debug 11:19:9 ] 拦截到HTTP请求: /learn/app/getGlobalTimestamp.do?os=99&sid=DDFFB4A8903046B2B2A2C20195472FFA
11:19:09.594 log.ts:179 [debug 11:19:9 ] 拦截到HTTP请求: /learn/app/clientapi/course/play/queryStatus.do?courseWareId=1708932724584&courseId=N003284&bizType=0&bizId=&sid=DDFFB4A8903046B2B2A2C20195472FFA&os=99
11:19:09.826 log.ts:179 [debug 11:19:9 ] 拦截到HTTP请求: /learn/app/clientapi/course/bigdata/courseLearnTime.do?os=99&sid=DDFFB4A8903046B2B2A2C20195472FFA
11:19:09.828 utils.ts:137 unknown seeking事件触发 Event {isTrusted: true, type: 'seeking', target: video#course-video_html5_api.vjs-tech, currentTarget: video#course-video_html5_api.vjs-tech, eventPhase: 2, …}
11:19:09.832 log.ts:179 [debug 11:19:9 ] [视频事件] Video paused, attempting to resume...
11:19:09.838 log.ts:179 [debug 11:19:9 ] 拦截到HTTP请求: /learn/app/clientapi/course/bigdata/courseLearnTime.do?os=99&sid=DDFFB4A8903046B2B2A2C20195472FFA
11:19:09.844 (索引):1  Uncaught (in promise) t {message: undefined}
Promise.then
(匿名) @ 8222.6209a852.chunk.js:1
u @ 9561.4bf2dc71.js:2
(匿名) @ 9561.4bf2dc71.js:2
(匿名) @ 9561.4bf2dc71.js:2
r @ 9561.4bf2dc71.js:2
s @ 9561.4bf2dc71.js:2
Promise.then
r @ 9561.4bf2dc71.js:2
s @ 9561.4bf2dc71.js:2
(匿名) @ 9561.4bf2dc71.js:2
(匿名) @ 9561.4bf2dc71.js:2
(匿名) @ 8222.6209a852.chunk.js:1
u @ 9561.4bf2dc71.js:2
(匿名) @ 9561.4bf2dc71.js:2
(匿名) @ 9561.4bf2dc71.js:2
r @ 9561.4bf2dc71.js:2
s @ 9561.4bf2dc71.js:2
(匿名) @ 9561.4bf2dc71.js:2
(匿名) @ 9561.4bf2dc71.js:2
m @ 9561.4bf2dc71.js:2
w @ 9561.4bf2dc71.js:2
(匿名) @ 9561.4bf2dc71.js:2
E @ 9561.4bf2dc71.js:2
C @ 9561.4bf2dc71.js:2
S @ 9561.4bf2dc71.js:2
D @ 9561.4bf2dc71.js:2
kn @ 9561.4bf2dc71.js:2
le @ 9561.4bf2dc71.js:2
Dn @ 9561.4bf2dc71.js:2
zn @ 9561.4bf2dc71.js:2
An @ 9561.4bf2dc71.js:2
t.unstable_runWithPriority @ 9561.4bf2dc71.js:2
qo @ 9561.4bf2dc71.js:2
se @ 9561.4bf2dc71.js:2
Tn @ 9561.4bf2dc71.js:2
play
(匿名) @ 8222.6209a852.chunk.js:1
clickPlayButton @ video.ts:147
eval @ video.ts:177
setTimeout
eval @ video.ts:175
11:19:10.054 utils.ts:137 unknown seeked事件触发 Event {isTrusted: true, type: 'seeked', target: video#course-video_html5_api.vjs-tech, currentTarget: video#course-video_html5_api.vjs-tech, eventPhase: 2, …}
11:19:10.580 log.ts:179 [debug 11:19:10 ] [播放速率] 设置播放速率为 1x
11:19:10.581 log.ts:179 [debug 11:19:10 ] [静音设置] 设置静音状态为 true
11:19:10.581 log.ts:179 [debug 11:19:10 ] [点击播放] 找到播放按钮，点击播放 button.vjs-big-play-button
11:19:10.584 log.ts:179 [debug 11:19:10 ] [静音设置] 设置静音状态为 true
11:19:10.584 log.ts:179 [debug 11:19:10 ] [播放速率] 设置播放速率为 1x
11:19:10.586 log.ts:179 [debug 11:19:10 ] [视频事件] Video playing, applying settings...
11:19:10.589 log.ts:179 [debug 11:19:10 ] 拦截到HTTP请求: /learn/app/getGlobalTimestamp.do?os=99&sid=DDFFB4A8903046B2B2A2C20195472FFA
11:19:10.590 log.ts:179 [debug 11:19:10 ] 拦截到HTTP请求: /learn/app/clientapi/course/play/queryStatus.do?courseWareId=1708932724584&courseId=N003284&bizType=0&bizId=&sid=DDFFB4A8903046B2B2A2C20195472FFA&os=99
11:19:10.794 utils.ts:137 unknown seeking事件触发 Event {isTrusted: true, type: 'seeking', target: video#course-video_html5_api.vjs-tech, currentTarget: video#course-video_html5_api.vjs-tech, eventPhase: 2, …}
11:19:10.799 log.ts:179 [debug 11:19:10 ] [视频事件] Video paused, attempting to resume...
11:19:10.985 log.ts:179 [debug 11:19:10 ] 拦截到HTTP请求: /learn/app/clientapi/course/bigdata/courseLearnTime.do?os=99&sid=DDFFB4A8903046B2B2A2C20195472FFA
11:19:11.030 utils.ts:137 unknown seeked事件触发 Event {isTrusted: true, type: 'seeked', target: video#course-video_html5_api.vjs-tech, currentTarget: video#course-video_html5_api.vjs-tech, eventPhase: 2, …}
11:19:11.589 log.ts:179 [debug 11:19:11 ] [播放速率] 设置播放速率为 1x
11:19:11.590 log.ts:179 [debug 11:19:11 ] [静音设置] 设置静音状态为 true
11:19:11.590 log.ts:179 [debug 11:19:11 ] [点击播放] 找到播放按钮，点击播放 button.vjs-big-play-button
11:19:11.593 log.ts:179 [debug 11:19:11 ] [静音设置] 设置静音状态为 true
11:19:11.593 log.ts:179 [debug 11:19:11 ] [播放速率] 设置播放速率为 1x
11:19:11.595 log.ts:179 [debug 11:19:11 ] [视频事件] Video playing, applying settings...
11:19:11.598 log.ts:179 [debug 11:19:11 ] 拦截到HTTP请求: /learn/app/clientapi/course/play/queryStatus.do?courseWareId=1708932724584&courseId=N003284&bizType=0&bizId=&sid=DDFFB4A8903046B2B2A2C20195472FFA&os=99
11:19:11.744 utils.ts:137 unknown seeking事件触发 Event {isTrusted: true, type: 'seeking', target: video#course-video_html5_api.vjs-tech, currentTarget: video#course-video_html5_api.vjs-tech, eventPhase: 2, …}
11:19:11.752 log.ts:179 [debug 11:19:11 ] [视频事件] Video paused, attempting to resume...
11:19:11.755 log.ts:179 [debug 11:19:11 ] 拦截到HTTP请求: /learn/app/clientapi/course/bigdata/courseLearnTime.do?os=99&sid=DDFFB4A8903046B2B2A2C20195472FFA
11:19:12.000 utils.ts:137 unknown seeked事件触发 Event {isTrusted: true, type: 'seeked', target: video#course-video_html5_api.vjs-tech, currentTarget: video#course-video_html5_api.vjs-tech, eventPhase: 2, …}
11:19:12.575 log.ts:179 [debug 11:19:12 ] [播放速率] 设置播放速率为 1x
11:19:12.575 log.ts:179 [debug 11:19:12 ] [静音设置] 设置静音状态为 true
11:19:12.575 log.ts:179 [debug 11:19:12 ] [点击播放] 找到播放按钮，点击播放 button.vjs-big-play-button
11:19:12.578 log.ts:179 [debug 11:19:12 ] [静音设置] 设置静音状态为 true
11:19:12.578 log.ts:179 [debug 11:19:12 ] [播放速率] 设置播放速率为 1x
11:19:12.583 log.ts:179 [debug 11:19:12 ] [视频事件] Video playing, applying settings...
11:19:12.592 log.ts:179 [debug 11:19:12 ] 拦截到HTTP请求: /learn/app/getGlobalTimestamp.do?os=99&sid=DDFFB4A8903046B2B2A2C20195472FFA
11:19:12.593 log.ts:179 [debug 11:19:12 ] 拦截到HTTP请求: /learn/app/clientapi/course/play/queryStatus.do?courseWareId=1708932724584&courseId=N003284&bizType=0&bizId=&sid=DDFFB4A8903046B2B2A2C20195472FFA&os=99
11:19:12.777 utils.ts:137 unknown seeking事件触发 Event {isTrusted: true, type: 'seeking', target: video#course-video_html5_api.vjs-tech, currentTarget: video#course-video_html5_api.vjs-tech, eventPhase: 2, …}
11:19:12.781 log.ts:179 [debug 11:19:12 ] [视频事件] Video paused, attempting to resume...
11:19:12.818 log.ts:179 [debug 11:19:12 ] 拦截到HTTP请求: /learn/app/clientapi/course/bigdata/courseLearnTime.do?os=99&sid=DDFFB4A8903046B2B2A2C20195472FFA
11:19:13.024 utils.ts:137 unknown seeked事件触发 Event {isTrusted: true, type: 'seeked', target: video#course-video_html5_api.vjs-tech, currentTarget: video#course-video_html5_api.vjs-tech, eventPhase: 2, …}
11:19:13.583 log.ts:179 [debug 11:19:13 ] [播放速率] 设置播放速率为 1x
11:19:13.584 log.ts:179 [debug 11:19:13 ] [静音设置] 设置静音状态为 true
11:19:13.584 log.ts:179 [debug 11:19:13 ] [点击播放] 找到播放按钮，点击播放 button.vjs-big-play-button
11:19:13.593 log.ts:179 [debug 11:19:13 ] [静音设置] 设置静音状态为 true
11:19:13.593 log.ts:179 [debug 11:19:13 ] [播放速率] 设置播放速率为 1x
11:19:13.604 log.ts:179 [debug 11:19:13 ] [视频事件] Video playing, applying settings...
11:19:13.609 log.ts:179 [debug 11:19:13 ] 拦截到HTTP请求: /learn/app/clientapi/course/play/queryStatus.do?courseWareId=1708932724584&courseId=N003284&bizType=0&bizId=&sid=DDFFB4A8903046B2B2A2C20195472FFA&os=99
11:19:13.771 utils.ts:137 unknown seeking事件触发 Event {isTrusted: true, type: 'seeking', target: video#course-video_html5_api.vjs-tech, currentTarget: video#course-video_html5_api.vjs-tech, eventPhase: 2, …}
11:19:13.775 log.ts:179 [debug 11:19:13 ] [视频事件] Video paused, attempting to resume...
11:19:13.780 log.ts:179 [debug 11:19:13 ] 拦截到HTTP请求: /learn/app/clientapi/course/bigdata/courseLearnTime.do?os=99&sid=DDFFB4A8903046B2B2A2C20195472FFA
11:19:14.007 utils.ts:137 unknown seeked事件触发 Event {isTrusted: true, type: 'seeked', target: video#course-video_html5_api.vjs-tech, currentTarget: video#course-video_html5_api.vjs-tech, eventPhase: 2, …}
11:19:14.576 log.ts:179 [debug 11:19:14 ] [播放速率] 设置播放速率为 1x
11:19:14.576 log.ts:179 [debug 11:19:14 ] [静音设置] 设置静音状态为 true
11:19:14.577 log.ts:179 [debug 11:19:14 ] [点击播放] 找到播放按钮，点击播放 button.vjs-big-play-button
11:19:14.582 log.ts:179 [debug 11:19:14 ] [静音设置] 设置静音状态为 true
11:19:14.582 log.ts:179 [debug 11:19:14 ] [播放速率] 设置播放速率为 1x
11:19:14.590 log.ts:179 [debug 11:19:14 ] [视频事件] Video playing, applying settings...
11:19:14.598 log.ts:179 [debug 11:19:14 ] 拦截到HTTP请求: /learn/app/getGlobalTimestamp.do?os=99&sid=DDFFB4A8903046B2B2A2C20195472FFA
11:19:14.602 log.ts:179 [debug 11:19:14 ] 拦截到HTTP请求: /learn/app/clientapi/course/play/queryStatus.do?courseWareId=1708932724584&courseId=N003284&bizType=0&bizId=&sid=DDFFB4A8903046B2B2A2C20195472FFA&os=99
11:19:14.767 utils.ts:137 unknown seeking事件触发 Event {isTrusted: true, type: 'seeking', target: video#course-video_html5_api.vjs-tech, currentTarget: video#course-video_html5_api.vjs-tech, eventPhase: 2, …}
11:19:14.770 log.ts:179 [debug 11:19:14 ] [视频事件] Video paused, attempting to resume...
11:19:14.818 log.ts:179 [debug 11:19:14 ] 拦截到HTTP请求: /learn/app/clientapi/course/bigdata/courseLearnTime.do?os=99&sid=DDFFB4A8903046B2B2A2C20195472FFA
11:19:15.003 utils.ts:137 unknown seeked事件触发 Event {isTrusted: true, type: 'seeked', target: video#course-video_html5_api.vjs-tech, currentTarget: video#course-video_html5_api.vjs-tech, eventPhase: 2, …}
11:19:15.575 log.ts:179 [debug 11:19:15 ] [播放速率] 设置播放速率为 1x
11:19:15.576 log.ts:179 [debug 11:19:15 ] [静音设置] 设置静音状态为 true
11:19:15.576 log.ts:179 [debug 11:19:15 ] [点击播放] 找到播放按钮，点击播放 button.vjs-big-play-button
11:19:15.582 log.ts:179 [debug 11:19:15 ] [静音设置] 设置静音状态为 true
11:19:15.582 log.ts:179 [debug 11:19:15 ] [播放速率] 设置播放速率为 1x
11:19:15.588 log.ts:179 [debug 11:19:15 ] [视频事件] Video playing, applying settings...
11:19:15.592 log.ts:179 [debug 11:19:15 ] 拦截到HTTP请求: /learn/app/clientapi/course/play/queryStatus.do?courseWareId=1708932724584&courseId=N003284&bizType=0&bizId=&sid=DDFFB4A8903046B2B2A2C20195472FFA&os=99
11:19:15.770 utils.ts:137 unknown seeking事件触发 Event {isTrusted: true, type: 'seeking', target: video#course-video_html5_api.vjs-tech, currentTarget: video#course-video_html5_api.vjs-tech, eventPhase: 2, …}
11:19:15.777 log.ts:179 [debug 11:19:15 ] [视频事件] Video paused, attempting to resume...
11:19:15.788 log.ts:179 [debug 11:19:15 ] 拦截到HTTP请求: /learn/app/clientapi/course/bigdata/courseLearnTime.do?os=99&sid=DDFFB4A8903046B2B2A2C20195472FFA
11:19:16.021 utils.ts:137 unknown seeked事件触发 Event {isTrusted: true, type: 'seeked', target: video#course-video_html5_api.vjs-tech, currentTarget: video#course-video_html5_api.vjs-tech, eventPhase: 2, …}
11:19:16.580 log.ts:179 [debug 11:19:16 ] [播放速率] 设置播放速率为 1x
11:19:16.581 log.ts:179 [debug 11:19:16 ] [静音设置] 设置静音状态为 true
11:19:16.581 log.ts:179 [debug 11:19:16 ] [点击播放] 找到播放按钮，点击播放 button.vjs-big-play-button
11:19:16.584 log.ts:179 [debug 11:19:16 ] [静音设置] 设置静音状态为 true
11:19:16.584 log.ts:179 [debug 11:19:16 ] [播放速率] 设置播放速率为 1x
11:19:16.587 log.ts:179 [debug 11:19:16 ] [视频事件] Video playing, applying settings...
11:19:16.590 log.ts:179 [debug 11:19:16 ] 拦截到HTTP请求: /learn/app/getGlobalTimestamp.do?os=99&sid=DDFFB4A8903046B2B2A2C20195472FFA
11:19:16.593 log.ts:179 [debug 11:19:16 ] 拦截到HTTP请求: /learn/app/clientapi/course/play/queryStatus.do?courseWareId=1708932724584&courseId=N003284&bizType=0&bizId=&sid=DDFFB4A8903046B2B2A2C20195472FFA&os=99
11:19:16.742 utils.ts:137 unknown seeking事件触发 Event {isTrusted: true, type: 'seeking', target: video#course-video_html5_api.vjs-tech, currentTarget: video#course-video_html5_api.vjs-tech, eventPhase: 2, …}
11:19:16.745 log.ts:179 [debug 11:19:16 ] [视频事件] Video paused, attempting to resume...
11:19:16.755 log.ts:179 [debug 11:19:16 ] 拦截到HTTP请求: /learn/app/clientapi/course/bigdata/courseLearnTime.do?os=99&sid=DDFFB4A8903046B2B2A2C20195472FFA
11:19:16.976 utils.ts:137 unknown seeked事件触发 Event {isTrusted: true, type: 'seeked', target: video#course-video_html5_api.vjs-tech, currentTarget: video#course-video_html5_api.vjs-tech, eventPhase: 2, …}
11:19:17.584 log.ts:179 [debug 11:19:17 ] [播放速率] 设置播放速率为 1x
11:19:17.584 log.ts:179 [debug 11:19:17 ] [静音设置] 设置静音状态为 true
11:19:17.585 log.ts:179 [debug 11:19:17 ] [点击播放] 找到播放按钮，点击播放 button.vjs-big-play-button
11:19:17.587 log.ts:179 [debug 11:19:17 ] [静音设置] 设置静音状态为 true
11:19:17.587 log.ts:179 [debug 11:19:17 ] [播放速率] 设置播放速率为 1x
11:19:17.588 log.ts:179 [debug 11:19:17 ] [视频事件] Video playing, applying settings...
11:19:17.590 log.ts:179 [debug 11:19:17 ] 拦截到HTTP请求: /learn/app/clientapi/course/play/queryStatus.do?courseWareId=1708932724584&courseId=N003284&bizType=0&bizId=&sid=DDFFB4A8903046B2B2A2C20195472FFA&os=99
11:19:17.747 utils.ts:137 unknown seeking事件触发 Event {isTrusted: true, type: 'seeking', target: video#course-video_html5_api.vjs-tech, currentTarget: video#course-video_html5_api.vjs-tech, eventPhase: 2, …}
11:19:17.749 log.ts:179 [debug 11:19:17 ] [视频事件] Video paused, attempting to resume...
11:19:17.753 log.ts:179 [debug 11:19:17 ] 拦截到HTTP请求: /learn/app/clientapi/course/bigdata/courseLearnTime.do?os=99&sid=DDFFB4A8903046B2B2A2C20195472FFA
11:19:17.982 utils.ts:137 unknown seeked事件触发 Event {isTrusted: true, type: 'seeked', target: video#course-video_html5_api.vjs-tech, currentTarget: video#course-video_html5_api.vjs-tech, eventPhase: 2, …}
11:19:18.583 log.ts:179 [debug 11:19:18 ] [播放速率] 设置播放速率为 1x
11:19:18.583 log.ts:179 [debug 11:19:18 ] [静音设置] 设置静音状态为 true
11:19:18.583 log.ts:179 [debug 11:19:18 ] [点击播放] 找到播放按钮，点击播放 button.vjs-big-play-button
11:19:18.585 log.ts:179 [debug 11:19:18 ] [静音设置] 设置静音状态为 true
11:19:18.585 log.ts:179 [debug 11:19:18 ] [播放速率] 设置播放速率为 1x
11:19:18.588 log.ts:179 [debug 11:19:18 ] [视频事件] Video playing, applying settings...
11:19:18.591 log.ts:179 [debug 11:19:18 ] 拦截到HTTP请求: /learn/app/getGlobalTimestamp.do?os=99&sid=DDFFB4A8903046B2B2A2C20195472FFA
11:19:18.592 log.ts:179 [debug 11:19:18 ] 拦截到HTTP请求: /learn/app/clientapi/course/play/queryStatus.do?courseWareId=1708932724584&courseId=N003284&bizType=0&bizId=&sid=DDFFB4A8903046B2B2A2C20195472FFA&os=99
11:19:18.739 log.ts:179 [debug 11:19:18 ] 拦截到HTTP请求: /learn/app/clientapi/course/bigdata/courseLearnTime.do?os=99&sid=DDFFB4A8903046B2B2A2C20195472FFA
11:19:18.745 utils.ts:137 unknown seeking事件触发 Event {isTrusted: true, type: 'seeking', target: video#course-video_html5_api.vjs-tech, currentTarget: video#course-video_html5_api.vjs-tech, eventPhase: 2, …}
11:19:18.747 log.ts:179 [debug 11:19:18 ] [视频事件] Video paused, attempting to resume...
11:19:18.751 log.ts:179 [debug 11:19:18 ] 拦截到HTTP请求: /learn/app/clientapi/course/bigdata/courseLearnTime.do?os=99&sid=DDFFB4A8903046B2B2A2C20195472FFA
11:19:18.754 (索引):1  Uncaught (in promise) t {message: undefined}
Promise.then
(匿名) @ 8222.6209a852.chunk.js:1
u @ 9561.4bf2dc71.js:2
(匿名) @ 9561.4bf2dc71.js:2
(匿名) @ 9561.4bf2dc71.js:2
r @ 9561.4bf2dc71.js:2
s @ 9561.4bf2dc71.js:2
Promise.then
r @ 9561.4bf2dc71.js:2
s @ 9561.4bf2dc71.js:2
(匿名) @ 9561.4bf2dc71.js:2
(匿名) @ 9561.4bf2dc71.js:2
(匿名) @ 8222.6209a852.chunk.js:1
u @ 9561.4bf2dc71.js:2
(匿名) @ 9561.4bf2dc71.js:2
(匿名) @ 9561.4bf2dc71.js:2
r @ 9561.4bf2dc71.js:2
s @ 9561.4bf2dc71.js:2
(匿名) @ 9561.4bf2dc71.js:2
(匿名) @ 9561.4bf2dc71.js:2
m @ 9561.4bf2dc71.js:2
w @ 9561.4bf2dc71.js:2
(匿名) @ 9561.4bf2dc71.js:2
E @ 9561.4bf2dc71.js:2
C @ 9561.4bf2dc71.js:2
S @ 9561.4bf2dc71.js:2
D @ 9561.4bf2dc71.js:2
kn @ 9561.4bf2dc71.js:2
le @ 9561.4bf2dc71.js:2
Dn @ 9561.4bf2dc71.js:2
zn @ 9561.4bf2dc71.js:2
An @ 9561.4bf2dc71.js:2
t.unstable_runWithPriority @ 9561.4bf2dc71.js:2
qo @ 9561.4bf2dc71.js:2
se @ 9561.4bf2dc71.js:2
Tn @ 9561.4bf2dc71.js:2
play
(匿名) @ 8222.6209a852.chunk.js:1
clickPlayButton @ video.ts:147
eval @ video.ts:177
setTimeout
eval @ video.ts:175
11:19:18.982 utils.ts:137 unknown seeked事件触发 Event {isTrusted: true, type: 'seeked', target: video#course-video_html5_api.vjs-tech, currentTarget: video#course-video_html5_api.vjs-tech, eventPhase: 2, …}
11:19:19.580 log.ts:179 [debug 11:19:19 ] [播放速率] 设置播放速率为 1x
11:19:19.580 log.ts:179 [debug 11:19:19 ] [静音设置] 设置静音状态为 true
11:19:19.580 log.ts:179 [debug 11:19:19 ] [点击播放] 找到播放按钮，点击播放 <button class=​"vjs-big-play-button" type=​"button" title=​"Play Video" aria-disabled=​"false">​…​</button>​
11:19:19.589 log.ts:179 [debug 11:19:19 ] [静音设置] 设置静音状态为 true
11:19:19.590 log.ts:179 [debug 11:19:19 ] [播放速率] 设置播放速率为 1x
11:19:19.590 log.ts:179 [debug 11:19:19 ] [视频事件] Video playing, applying settings...
11:19:19.594 log.ts:179 [debug 11:19:19 ] 拦截到HTTP请求: /learn/app/getGlobalTimestamp.do?os=99&sid=DDFFB4A8903046B2B2A2C20195472FFA
11:19:19.595 log.ts:179 [debug 11:19:19 ] 拦截到HTTP请求: /learn/app/clientapi/course/play/queryStatus.do?courseWareId=1708932724584&courseId=N003284&bizType=0&bizId=&sid=DDFFB4A8903046B2B2A2C20195472FFA&os=99
11:19:19.797 utils.ts:137 unknown seeking事件触发 Event {isTrusted: true, type: 'seeking', target: video#course-video_html5_api.vjs-tech, currentTarget: video#course-video_html5_api.vjs-tech, eventPhase: 2, …}
11:19:19.798 log.ts:179 [debug 11:19:19 ] [视频事件] Video paused, attempting to resume...
11:19:19.832 log.ts:179 [debug 11:19:19 ] 拦截到HTTP请求: /learn/app/clientapi/course/bigdata/courseLearnTime.do?os=99&sid=DDFFB4A8903046B2B2A2C20195472FFA
11:19:20.028 utils.ts:137 unknown seeked事件触发 Event {isTrusted: true, type: 'seeked', target: video#course-video_html5_api.vjs-tech, currentTarget: video#course-video_html5_api.vjs-tech, eventPhase: 2, …}
11:19:20.576 log.ts:179 [debug 11:19:20 ] [播放速率] 设置播放速率为 1x
11:19:20.577 log.ts:179 [debug 11:19:20 ] [静音设置] 设置静音状态为 true
11:19:20.577 log.ts:179 [debug 11:19:20 ] [点击播放] 找到播放按钮，点击播放 <button class=​"vjs-big-play-button" type=​"button" title=​"Play Video" aria-disabled=​"false">​…​</button>​
11:19:20.589 log.ts:179 [debug 11:19:20 ] [静音设置] 设置静音状态为 true
11:19:20.590 log.ts:179 [debug 11:19:20 ] [播放速率] 设置播放速率为 1x
11:19:20.590 log.ts:179 [debug 11:19:20 ] [视频事件] Video playing, applying settings...
11:19:20.645 log.ts:179 [debug 11:19:20 ] 拦截到HTTP请求: /learn/app/clientapi/course/play/queryStatus.do?courseWareId=1708932724584&courseId=N003284&bizType=0&bizId=&sid=DDFFB4A8903046B2B2A2C20195472FFA&os=99
11:19:20.841 utils.ts:137 unknown seeking事件触发 Event {isTrusted: true, type: 'seeking', target: video#course-video_html5_api.vjs-tech, currentTarget: video#course-video_html5_api.vjs-tech, eventPhase: 2, …}
11:19:20.889 log.ts:179 [debug 11:19:20 ] [视频事件] Video paused, attempting to resume...
11:19:20.893 log.ts:179 [debug 11:19:20 ] 拦截到HTTP请求: /learn/app/clientapi/course/bigdata/courseLearnTime.do?os=99&sid=DDFFB4A8903046B2B2A2C20195472FFA
11:19:21.134 utils.ts:137 unknown seeked事件触发 Event {isTrusted: true, type: 'seeked', target: video#course-video_html5_api.vjs-tech, currentTarget: video#course-video_html5_api.vjs-tech, eventPhase: 2, …}
11:19:21.592 log.ts:179 [debug 11:19:21 ] [播放速率] 设置播放速率为 1x
11:19:21.593 log.ts:179 [debug 11:19:21 ] [静音设置] 设置静音状态为 true
11:19:21.593 log.ts:179 [debug 11:19:21 ] [点击播放] 找到播放按钮，点击播放 <button class=​"vjs-big-play-button" type=​"button" title=​"Play Video" aria-disabled=​"false">​…​</button>​
11:19:21.596 log.ts:179 [debug 11:19:21 ] [静音设置] 设置静音状态为 true
11:19:21.596 log.ts:179 [debug 11:19:21 ] [播放速率] 设置播放速率为 1x
11:19:21.597 log.ts:179 [debug 11:19:21 ] [视频事件] Video playing, applying settings...
11:19:21.599 log.ts:179 [debug 11:19:21 ] 拦截到HTTP请求: /learn/app/getGlobalTimestamp.do?os=99&sid=DDFFB4A8903046B2B2A2C20195472FFA
11:19:21.600 log.ts:179 [debug 11:19:21 ] 拦截到HTTP请求: /learn/app/clientapi/course/play/queryStatus.do?courseWareId=1708932724584&courseId=N003284&bizType=0&bizId=&sid=DDFFB4A8903046B2B2A2C20195472FFA&os=99
11:19:21.752 utils.ts:137 unknown seeking事件触发 Event {isTrusted: true, type: 'seeking', target: video#course-video_html5_api.vjs-tech, currentTarget: video#course-video_html5_api.vjs-tech, eventPhase: 2, …}
11:19:21.755 log.ts:179 [debug 11:19:21 ] [视频事件] Video paused, attempting to resume...
11:19:21.833 log.ts:179 [debug 11:19:21 ] 拦截到HTTP请求: /learn/app/clientapi/course/bigdata/courseLearnTime.do?os=99&sid=DDFFB4A8903046B2B2A2C20195472FFA
11:19:21.991 utils.ts:137 unknown seeked事件触发 Event {isTrusted: true, type: 'seeked', target: video#course-video_html5_api.vjs-tech, currentTarget: video#course-video_html5_api.vjs-tech, eventPhase: 2, …}
11:19:22.601 log.ts:179 [debug 11:19:22 ] [播放速率] 设置播放速率为 1x
11:19:22.601 log.ts:179 [debug 11:19:22 ] [静音设置] 设置静音状态为 true
11:19:22.601 log.ts:179 [debug 11:19:22 ] [点击播放] 找到播放按钮，点击播放 <button class=​"vjs-big-play-button" type=​"button" title=​"Play Video" aria-disabled=​"false">​…​</button>​
11:19:22.607 log.ts:179 [debug 11:19:22 ] [静音设置] 设置静音状态为 true
11:19:22.607 log.ts:179 [debug 11:19:22 ] [播放速率] 设置播放速率为 1x
11:19:22.607 log.ts:179 [debug 11:19:22 ] [视频事件] Video playing, applying settings...
11:19:22.613 log.ts:179 [debug 11:19:22 ] 拦截到HTTP请求: /learn/app/clientapi/course/play/queryStatus.do?courseWareId=1708932724584&courseId=N003284&bizType=0&bizId=&sid=DDFFB4A8903046B2B2A2C20195472FFA&os=99
11:19:22.738 utils.ts:137 unknown seeking事件触发 Event {isTrusted: true, type: 'seeking', target: video#course-video_html5_api.vjs-tech, currentTarget: video#course-video_html5_api.vjs-tech, eventPhase: 2, …}
11:19:22.740 log.ts:179 [debug 11:19:22 ] [视频事件] Video paused, attempting to resume...
11:19:22.747 log.ts:179 [debug 11:19:22 ] 拦截到HTTP请求: /learn/app/clientapi/course/bigdata/courseLearnTime.do?os=99&sid=DDFFB4A8903046B2B2A2C20195472FFA
11:19:22.978 utils.ts:137 unknown seeked事件触发 Event {isTrusted: true, type: 'seeked', target: video#course-video_html5_api.vjs-tech, currentTarget: video#course-video_html5_api.vjs-tech, eventPhase: 2, …}
11:19:23.584 log.ts:179 [debug 11:19:23 ] [播放速率] 设置播放速率为 1x
11:19:23.584 log.ts:179 [debug 11:19:23 ] [静音设置] 设置静音状态为 true
11:19:23.584 log.ts:179 [debug 11:19:23 ] [点击播放] 找到播放按钮，点击播放 <button class=​"vjs-big-play-button" type=​"button" title=​"Play Video" aria-disabled=​"false">​…​</button>​
11:19:23.592 log.ts:179 [debug 11:19:23 ] [静音设置] 设置静音状态为 true
11:19:23.594 log.ts:179 [debug 11:19:23 ] [播放速率] 设置播放速率为 1x
11:19:23.595 log.ts:179 [debug 11:19:23 ] [视频事件] Video playing, applying settings...
11:19:23.602 log.ts:179 [debug 11:19:23 ] 拦截到HTTP请求: /learn/app/getGlobalTimestamp.do?os=99&sid=DDFFB4A8903046B2B2A2C20195472FFA
11:19:23.604 log.ts:179 [debug 11:19:23 ] 拦截到HTTP请求: /learn/app/clientapi/course/play/queryStatus.do?courseWareId=1708932724584&courseId=N003284&bizType=0&bizId=&sid=DDFFB4A8903046B2B2A2C20195472FFA&os=99
11:19:23.754 log.ts:179 [debug 11:19:23 ] 拦截到HTTP请求: /learn/app/clientapi/course/bigdata/courseLearnTime.do?os=99&sid=DDFFB4A8903046B2B2A2C20195472FFA
11:19:23.795 utils.ts:137 unknown seeking事件触发 Event {isTrusted: true, type: 'seeking', target: video#course-video_html5_api.vjs-tech, currentTarget: video#course-video_html5_api.vjs-tech, eventPhase: 2, …}
11:19:23.798 log.ts:179 [debug 11:19:23 ] [视频事件] Video paused, attempting to resume...
11:19:23.803 log.ts:179 [debug 11:19:23 ] 拦截到HTTP请求: /learn/app/clientapi/course/bigdata/courseLearnTime.do?os=99&sid=DDFFB4A8903046B2B2A2C20195472FFA
11:19:23.806 (索引):1  Uncaught (in promise) t {message: undefined}
Promise.then
(匿名) @ 8222.6209a852.chunk.js:1
u @ 9561.4bf2dc71.js:2
(匿名) @ 9561.4bf2dc71.js:2
(匿名) @ 9561.4bf2dc71.js:2
r @ 9561.4bf2dc71.js:2
s @ 9561.4bf2dc71.js:2
Promise.then
r @ 9561.4bf2dc71.js:2
s @ 9561.4bf2dc71.js:2
(匿名) @ 9561.4bf2dc71.js:2
(匿名) @ 9561.4bf2dc71.js:2
(匿名) @ 8222.6209a852.chunk.js:1
u @ 9561.4bf2dc71.js:2
(匿名) @ 9561.4bf2dc71.js:2
(匿名) @ 9561.4bf2dc71.js:2
r @ 9561.4bf2dc71.js:2
s @ 9561.4bf2dc71.js:2
(匿名) @ 9561.4bf2dc71.js:2
(匿名) @ 9561.4bf2dc71.js:2
m @ 9561.4bf2dc71.js:2
w @ 9561.4bf2dc71.js:2
(匿名) @ 9561.4bf2dc71.js:2
E @ 9561.4bf2dc71.js:2
C @ 9561.4bf2dc71.js:2
S @ 9561.4bf2dc71.js:2
D @ 9561.4bf2dc71.js:2
kn @ 9561.4bf2dc71.js:2
le @ 9561.4bf2dc71.js:2
Dn @ 9561.4bf2dc71.js:2
zn @ 9561.4bf2dc71.js:2
An @ 9561.4bf2dc71.js:2
t.unstable_runWithPriority @ 9561.4bf2dc71.js:2
qo @ 9561.4bf2dc71.js:2
se @ 9561.4bf2dc71.js:2
Tn @ 9561.4bf2dc71.js:2
play
(匿名) @ 8222.6209a852.chunk.js:1
clickPlayButton @ video.ts:147
eval @ video.ts:177
setTimeout
eval @ video.ts:175
11:19:24.041 utils.ts:137 unknown seeked事件触发 Event {isTrusted: true, type: 'seeked', target: video#course-video_html5_api.vjs-tech, currentTarget: video#course-video_html5_api.vjs-tech, eventPhase: 2, …}
11:19:24.581 log.ts:179 [debug 11:19:24 ] [播放速率] 设置播放速率为 1x
11:19:24.581 log.ts:179 [debug 11:19:24 ] [静音设置] 设置静音状态为 true
11:19:24.581 log.ts:179 [debug 11:19:24 ] [点击播放] 找到播放按钮，点击播放 <button class=​"vjs-big-play-button" type=​"button" title=​"Play Video" aria-disabled=​"false">​…​</button>​
11:19:24.584 log.ts:179 [debug 11:19:24 ] [静音设置] 设置静音状态为 true
11:19:24.584 log.ts:179 [debug 11:19:24 ] [播放速率] 设置播放速率为 1x
11:19:24.584 log.ts:179 [debug 11:19:24 ] [视频事件] Video playing, applying settings...
11:19:24.587 log.ts:179 [debug 11:19:24 ] 拦截到HTTP请求: /learn/app/getGlobalTimestamp.do?os=99&sid=DDFFB4A8903046B2B2A2C20195472FFA
11:19:24.588 log.ts:179 [debug 11:19:24 ] 拦截到HTTP请求: /learn/app/clientapi/course/play/queryStatus.do?courseWareId=1708932724584&courseId=N003284&bizType=0&bizId=&sid=DDFFB4A8903046B2B2A2C20195472FFA&os=99
11:19:24.781 utils.ts:137 unknown seeking事件触发 Event {isTrusted: true, type: 'seeking', target: video#course-video_html5_api.vjs-tech, currentTarget: video#course-video_html5_api.vjs-tech, eventPhase: 2, …}
11:19:24.783 log.ts:179 [debug 11:19:24 ] [视频事件] Video paused, attempting to resume...
11:19:24.815 log.ts:179 [debug 11:19:24 ] 拦截到HTTP请求: /learn/app/clientapi/course/bigdata/courseLearnTime.do?os=99&sid=DDFFB4A8903046B2B2A2C20195472FFA
11:19:25.202 utils.ts:137 unknown seeked事件触发 Event {isTrusted: true, type: 'seeked', target: video#course-video_html5_api.vjs-tech, currentTarget: video#course-video_html5_api.vjs-tech, eventPhase: 2, …}
11:19:25.588 log.ts:179 [debug 11:19:25 ] [播放速率] 设置播放速率为 1x
11:19:25.588 log.ts:179 [debug 11:19:25 ] [静音设置] 设置静音状态为 true
11:19:25.588 log.ts:179 [debug 11:19:25 ] [点击播放] 找到播放按钮，点击播放 <button class=​"vjs-big-play-button" type=​"button" title=​"Play Video" aria-disabled=​"false">​…​</button>​
11:19:25.590 log.ts:179 [debug 11:19:25 ] [静音设置] 设置静音状态为 true
11:19:25.591 log.ts:179 [debug 11:19:25 ] [播放速率] 设置播放速率为 1x
11:19:25.591 log.ts:179 [debug 11:19:25 ] [视频事件] Video playing, applying settings...
11:19:25.593 log.ts:179 [debug 11:19:25 ] 拦截到HTTP请求: /learn/app/clientapi/course/play/queryStatus.do?courseWareId=1708932724584&courseId=N003284&bizType=0&bizId=&sid=DDFFB4A8903046B2B2A2C20195472FFA&os=99
11:19:25.738 utils.ts:137 unknown seeking事件触发 Event {isTrusted: true, type: 'seeking', target: video#course-video_html5_api.vjs-tech, currentTarget: video#course-video_html5_api.vjs-tech, eventPhase: 2, …}
11:19:25.740 log.ts:179 [debug 11:19:25 ] [视频事件] Video paused, attempting to resume...
11:19:25.744 log.ts:179 [debug 11:19:25 ] 拦截到HTTP请求: /learn/app/clientapi/course/bigdata/courseLearnTime.do?os=99&sid=DDFFB4A8903046B2B2A2C20195472FFA
11:19:26.016 utils.ts:137 unknown seeked事件触发 Event {isTrusted: true, type: 'seeked', target: video#course-video_html5_api.vjs-tech, currentTarget: video#course-video_html5_api.vjs-tech, eventPhase: 2, …}
11:19:26.589 log.ts:179 [debug 11:19:26 ] [播放速率] 设置播放速率为 1x
11:19:26.589 log.ts:179 [debug 11:19:26 ] [静音设置] 设置静音状态为 true
11:19:26.590 log.ts:179 [debug 11:19:26 ] [点击播放] 找到播放按钮，点击播放 <button class=​"vjs-big-play-button" type=​"button" title=​"Play Video" aria-disabled=​"false">​…​</button>​
11:19:26.591 log.ts:179 [debug 11:19:26 ] [静音设置] 设置静音状态为 true
11:19:26.592 log.ts:179 [debug 11:19:26 ] [播放速率] 设置播放速率为 1x
11:19:26.592 log.ts:179 [debug 11:19:26 ] [视频事件] Video playing, applying settings...
11:19:26.594 log.ts:179 [debug 11:19:26 ] 拦截到HTTP请求: /learn/app/getGlobalTimestamp.do?os=99&sid=DDFFB4A8903046B2B2A2C20195472FFA
11:19:26.595 log.ts:179 [debug 11:19:26 ] 拦截到HTTP请求: /learn/app/clientapi/course/play/queryStatus.do?courseWareId=1708932724584&courseId=N003284&bizType=0&bizId=&sid=DDFFB4A8903046B2B2A2C20195472FFA&os=99
11:19:26.742 log.ts:179 [debug 11:19:26 ] 拦截到HTTP请求: /learn/app/clientapi/course/bigdata/courseLearnTime.do?os=99&sid=DDFFB4A8903046B2B2A2C20195472FFA
11:19:26.749 utils.ts:137 unknown seeking事件触发 Event {isTrusted: true, type: 'seeking', target: video#course-video_html5_api.vjs-tech, currentTarget: video#course-video_html5_api.vjs-tech, eventPhase: 2, …}
11:19:26.751 log.ts:179 [debug 11:19:26 ] [视频事件] Video paused, attempting to resume...
11:19:26.755 log.ts:179 [debug 11:19:26 ] 拦截到HTTP请求: /learn/app/clientapi/course/bigdata/courseLearnTime.do?os=99&sid=DDFFB4A8903046B2B2A2C20195472FFA
11:19:26.757 (索引):1  Uncaught (in promise) t {message: undefined}
Promise.then
(匿名) @ 8222.6209a852.chunk.js:1
u @ 9561.4bf2dc71.js:2
(匿名) @ 9561.4bf2dc71.js:2
(匿名) @ 9561.4bf2dc71.js:2
r @ 9561.4bf2dc71.js:2
s @ 9561.4bf2dc71.js:2
Promise.then
r @ 9561.4bf2dc71.js:2
s @ 9561.4bf2dc71.js:2
(匿名) @ 9561.4bf2dc71.js:2
(匿名) @ 9561.4bf2dc71.js:2
(匿名) @ 8222.6209a852.chunk.js:1
u @ 9561.4bf2dc71.js:2
(匿名) @ 9561.4bf2dc71.js:2
(匿名) @ 9561.4bf2dc71.js:2
r @ 9561.4bf2dc71.js:2
s @ 9561.4bf2dc71.js:2
(匿名) @ 9561.4bf2dc71.js:2
(匿名) @ 9561.4bf2dc71.js:2
m @ 9561.4bf2dc71.js:2
w @ 9561.4bf2dc71.js:2
(匿名) @ 9561.4bf2dc71.js:2
E @ 9561.4bf2dc71.js:2
C @ 9561.4bf2dc71.js:2
S @ 9561.4bf2dc71.js:2
D @ 9561.4bf2dc71.js:2
kn @ 9561.4bf2dc71.js:2
le @ 9561.4bf2dc71.js:2
Dn @ 9561.4bf2dc71.js:2
zn @ 9561.4bf2dc71.js:2
An @ 9561.4bf2dc71.js:2
t.unstable_runWithPriority @ 9561.4bf2dc71.js:2
qo @ 9561.4bf2dc71.js:2
se @ 9561.4bf2dc71.js:2
Tn @ 9561.4bf2dc71.js:2
play
(匿名) @ 8222.6209a852.chunk.js:1
clickPlayButton @ video.ts:147
eval @ video.ts:177
setTimeout
eval @ video.ts:175
11:19:26.988 utils.ts:137 unknown seeked事件触发 Event {isTrusted: true, type: 'seeked', target: video#course-video_html5_api.vjs-tech, currentTarget: video#course-video_html5_api.vjs-tech, eventPhase: 2, …}
11:19:27.584 log.ts:179 [debug 11:19:27 ] [播放速率] 设置播放速率为 1x
11:19:27.584 log.ts:179 [debug 11:19:27 ] [静音设置] 设置静音状态为 true
11:19:27.584 log.ts:179 [debug 11:19:27 ] [点击播放] 找到播放按钮，点击播放 <button class=​"vjs-big-play-button" type=​"button" title=​"Play Video" aria-disabled=​"false">​…​</button>​
11:19:27.592 log.ts:179 [debug 11:19:27 ] [静音设置] 设置静音状态为 true
11:19:27.592 log.ts:179 [debug 11:19:27 ] [播放速率] 设置播放速率为 1x
11:19:27.592 log.ts:179 [debug 11:19:27 ] [视频事件] Video playing, applying settings...
11:19:27.602 log.ts:179 [debug 11:19:27 ] 拦截到HTTP请求: /learn/app/getGlobalTimestamp.do?os=99&sid=DDFFB4A8903046B2B2A2C20195472FFA
11:19:27.604 log.ts:179 [debug 11:19:27 ] 拦截到HTTP请求: /learn/app/clientapi/course/play/queryStatus.do?courseWareId=1708932724584&courseId=N003284&bizType=0&bizId=&sid=DDFFB4A8903046B2B2A2C20195472FFA&os=99
11:19:27.809 log.ts:179 [debug 11:19:27 ] 拦截到HTTP请求: /learn/app/clientapi/course/bigdata/courseLearnTime.do?os=99&sid=DDFFB4A8903046B2B2A2C20195472FFA
11:19:27.824 utils.ts:137 unknown seeking事件触发 Event {isTrusted: true, type: 'seeking', target: video#course-video_html5_api.vjs-tech, currentTarget: video#course-video_html5_api.vjs-tech, eventPhase: 2, …}
11:19:27.833 log.ts:179 [debug 11:19:27 ] [视频事件] Video paused, attempting to resume...
11:19:27.837 log.ts:179 [debug 11:19:27 ] 拦截到HTTP请求: /learn/app/clientapi/course/bigdata/courseLearnTime.do?os=99&sid=DDFFB4A8903046B2B2A2C20195472FFA
11:19:27.844 (索引):1  Uncaught (in promise) t {message: undefined}
Promise.then
(匿名) @ 8222.6209a852.chunk.js:1
u @ 9561.4bf2dc71.js:2
(匿名) @ 9561.4bf2dc71.js:2
(匿名) @ 9561.4bf2dc71.js:2
r @ 9561.4bf2dc71.js:2
s @ 9561.4bf2dc71.js:2
Promise.then
r @ 9561.4bf2dc71.js:2
s @ 9561.4bf2dc71.js:2
(匿名) @ 9561.4bf2dc71.js:2
(匿名) @ 9561.4bf2dc71.js:2
(匿名) @ 8222.6209a852.chunk.js:1
u @ 9561.4bf2dc71.js:2
(匿名) @ 9561.4bf2dc71.js:2
(匿名) @ 9561.4bf2dc71.js:2
r @ 9561.4bf2dc71.js:2
s @ 9561.4bf2dc71.js:2
(匿名) @ 9561.4bf2dc71.js:2
(匿名) @ 9561.4bf2dc71.js:2
m @ 9561.4bf2dc71.js:2
w @ 9561.4bf2dc71.js:2
(匿名) @ 9561.4bf2dc71.js:2
E @ 9561.4bf2dc71.js:2
C @ 9561.4bf2dc71.js:2
S @ 9561.4bf2dc71.js:2
D @ 9561.4bf2dc71.js:2
kn @ 9561.4bf2dc71.js:2
le @ 9561.4bf2dc71.js:2
Dn @ 9561.4bf2dc71.js:2
zn @ 9561.4bf2dc71.js:2
An @ 9561.4bf2dc71.js:2
t.unstable_runWithPriority @ 9561.4bf2dc71.js:2
qo @ 9561.4bf2dc71.js:2
se @ 9561.4bf2dc71.js:2
Tn @ 9561.4bf2dc71.js:2
play
(匿名) @ 8222.6209a852.chunk.js:1
clickPlayButton @ video.ts:147
eval @ video.ts:177
setTimeout
eval @ video.ts:175
11:19:28.202 utils.ts:137 unknown seeked事件触发 Event {isTrusted: true, type: 'seeked', target: video#course-video_html5_api.vjs-tech, currentTarget: video#course-video_html5_api.vjs-tech, eventPhase: 2, …}
11:19:28.579 log.ts:179 [debug 11:19:28 ] [播放速率] 设置播放速率为 1x
11:19:28.579 log.ts:179 [debug 11:19:28 ] [静音设置] 设置静音状态为 true
11:19:28.579 log.ts:179 [debug 11:19:28 ] [点击播放] 找到播放按钮，点击播放 <button class=​"vjs-big-play-button" type=​"button" title=​"Play Video" aria-disabled=​"false">​…​</button>​
11:19:28.581 log.ts:179 [debug 11:19:28 ] [静音设置] 设置静音状态为 true
11:19:28.581 log.ts:179 [debug 11:19:28 ] [播放速率] 设置播放速率为 1x
11:19:28.581 log.ts:179 [debug 11:19:28 ] [视频事件] Video playing, applying settings...
11:19:28.585 log.ts:179 [debug 11:19:28 ] 拦截到HTTP请求: /learn/app/getGlobalTimestamp.do?os=99&sid=DDFFB4A8903046B2B2A2C20195472FFA
11:19:28.587 log.ts:179 [debug 11:19:28 ] 拦截到HTTP请求: /learn/app/clientapi/course/play/queryStatus.do?courseWareId=1708932724584&courseId=N003284&bizType=0&bizId=&sid=DDFFB4A8903046B2B2A2C20195472FFA&os=99
11:19:28.792 log.ts:179 [debug 11:19:28 ] 拦截到HTTP请求: /learn/app/clientapi/course/bigdata/courseLearnTime.do?os=99&sid=DDFFB4A8903046B2B2A2C20195472FFA
11:19:28.842 utils.ts:137 unknown seeking事件触发 Event {isTrusted: true, type: 'seeking', target: video#course-video_html5_api.vjs-tech, currentTarget: video#course-video_html5_api.vjs-tech, eventPhase: 2, …}
11:19:28.848 log.ts:179 [debug 11:19:28 ] [视频事件] Video paused, attempting to resume...
11:19:28.851 log.ts:179 [debug 11:19:28 ] 拦截到HTTP请求: /learn/app/clientapi/course/bigdata/courseLearnTime.do?os=99&sid=DDFFB4A8903046B2B2A2C20195472FFA
11:19:28.853 (索引):1  Uncaught (in promise) t {message: undefined}
Promise.then
(匿名) @ 8222.6209a852.chunk.js:1
u @ 9561.4bf2dc71.js:2
(匿名) @ 9561.4bf2dc71.js:2
(匿名) @ 9561.4bf2dc71.js:2
r @ 9561.4bf2dc71.js:2
s @ 9561.4bf2dc71.js:2
Promise.then
r @ 9561.4bf2dc71.js:2
s @ 9561.4bf2dc71.js:2
(匿名) @ 9561.4bf2dc71.js:2
(匿名) @ 9561.4bf2dc71.js:2
(匿名) @ 8222.6209a852.chunk.js:1
u @ 9561.4bf2dc71.js:2
(匿名) @ 9561.4bf2dc71.js:2
(匿名) @ 9561.4bf2dc71.js:2
r @ 9561.4bf2dc71.js:2
s @ 9561.4bf2dc71.js:2
(匿名) @ 9561.4bf2dc71.js:2
(匿名) @ 9561.4bf2dc71.js:2
m @ 9561.4bf2dc71.js:2
w @ 9561.4bf2dc71.js:2
(匿名) @ 9561.4bf2dc71.js:2
E @ 9561.4bf2dc71.js:2
C @ 9561.4bf2dc71.js:2
S @ 9561.4bf2dc71.js:2
D @ 9561.4bf2dc71.js:2
kn @ 9561.4bf2dc71.js:2
le @ 9561.4bf2dc71.js:2
Dn @ 9561.4bf2dc71.js:2
zn @ 9561.4bf2dc71.js:2
An @ 9561.4bf2dc71.js:2
t.unstable_runWithPriority @ 9561.4bf2dc71.js:2
qo @ 9561.4bf2dc71.js:2
se @ 9561.4bf2dc71.js:2
Tn @ 9561.4bf2dc71.js:2
play
(匿名) @ 8222.6209a852.chunk.js:1
clickPlayButton @ video.ts:147
eval @ video.ts:177
setTimeout
eval @ video.ts:175
11:19:29.587 log.ts:179 [debug 11:19:29 ] [播放速率] 设置播放速率为 1x
11:19:29.587 log.ts:179 [debug 11:19:29 ] [静音设置] 设置静音状态为 true
11:19:29.587 log.ts:179 [debug 11:19:29 ] [点击播放] 找到播放按钮，点击播放 <button class=​"vjs-big-play-button" type=​"button" title=​"Play Video" aria-disabled=​"false">​…​</button>​
11:19:29.590 log.ts:179 [debug 11:19:29 ] [静音设置] 设置静音状态为 true
11:19:29.590 log.ts:179 [debug 11:19:29 ] [播放速率] 设置播放速率为 1x
11:19:29.599 log.ts:179 [debug 11:19:29 ] [视频事件] Video playing, applying settings...
11:19:29.603 log.ts:179 [debug 11:19:29 ] 拦截到HTTP请求: /learn/app/getGlobalTimestamp.do?os=99&sid=DDFFB4A8903046B2B2A2C20195472FFA
11:19:29.604 log.ts:179 [debug 11:19:29 ] 拦截到HTTP请求: /learn/app/clientapi/course/play/queryStatus.do?courseWareId=1708932724584&courseId=N003284&bizType=0&bizId=&sid=DDFFB4A8903046B2B2A2C20195472FFA&os=99
11:19:29.649 utils.ts:137 unknown seeked事件触发 Event {isTrusted: true, type: 'seeked', target: video#course-video_html5_api.vjs-tech, currentTarget: video#course-video_html5_api.vjs-tech, eventPhase: 2, …}
11:19:29.810 utils.ts:137 unknown seeking事件触发 Event {isTrusted: true, type: 'seeking', target: video#course-video_html5_api.vjs-tech, currentTarget: video#course-video_html5_api.vjs-tech, eventPhase: 2, …}
11:19:29.811 log.ts:179 [debug 11:19:29 ] [视频事件] Video paused, attempting to resume...
11:19:29.905 log.ts:179 [debug 11:19:29 ] 拦截到HTTP请求: /learn/app/clientapi/course/bigdata/courseLearnTime.do?os=99&sid=DDFFB4A8903046B2B2A2C20195472FFA
11:19:30.263 utils.ts:137 unknown seeked事件触发 Event {isTrusted: true, type: 'seeked', target: video#course-video_html5_api.vjs-tech, currentTarget: video#course-video_html5_api.vjs-tech, eventPhase: 2, …}
11:19:30.580 log.ts:179 [debug 11:19:30 ] [播放速率] 设置播放速率为 1x
11:19:30.580 log.ts:179 [debug 11:19:30 ] [静音设置] 设置静音状态为 true
11:19:30.580 log.ts:179 [debug 11:19:30 ] [点击播放] 找到播放按钮，点击播放 <button class=​"vjs-big-play-button" type=​"button" title=​"Play Video" aria-disabled=​"false">​…​</button>​
11:19:30.582 log.ts:179 [debug 11:19:30 ] [静音设置] 设置静音状态为 true
11:19:30.582 log.ts:179 [debug 11:19:30 ] [播放速率] 设置播放速率为 1x
11:19:30.582 log.ts:179 [debug 11:19:30 ] [视频事件] Video playing, applying settings...
11:19:30.586 log.ts:179 [debug 11:19:30 ] 拦截到HTTP请求: /learn/app/clientapi/course/play/queryStatus.do?courseWareId=1708932724584&courseId=N003284&bizType=0&bizId=&sid=DDFFB4A8903046B2B2A2C20195472FFA&os=99
11:19:30.736 utils.ts:137 unknown seeking事件触发 Event {isTrusted: true, type: 'seeking', target: video#course-video_html5_api.vjs-tech, currentTarget: video#course-video_html5_api.vjs-tech, eventPhase: 2, …}
11:19:30.739 log.ts:179 [debug 11:19:30 ] [视频事件] Video paused, attempting to resume...
11:19:30.746 log.ts:179 [debug 11:19:30 ] 拦截到HTTP请求: /learn/app/clientapi/course/bigdata/courseLearnTime.do?os=99&sid=DDFFB4A8903046B2B2A2C20195472FFA
11:19:31.191 utils.ts:137 unknown seeked事件触发 Event {isTrusted: true, type: 'seeked', target: video#course-video_html5_api.vjs-tech, currentTarget: video#course-video_html5_api.vjs-tech, eventPhase: 2, …}
11:19:31.583 log.ts:179 [debug 11:19:31 ] [播放速率] 设置播放速率为 1x
11:19:31.583 log.ts:179 [debug 11:19:31 ] [静音设置] 设置静音状态为 true
11:19:31.584 log.ts:179 [debug 11:19:31 ] [点击播放] 找到播放按钮，点击播放 <button class=​"vjs-big-play-button" type=​"button" title=​"Play Video" aria-disabled=​"false">​…​</button>​
11:19:31.585 log.ts:179 [debug 11:19:31 ] [静音设置] 设置静音状态为 true
11:19:31.585 log.ts:179 [debug 11:19:31 ] [播放速率] 设置播放速率为 1x
11:19:31.586 log.ts:179 [debug 11:19:31 ] [视频事件] Video playing, applying settings...
11:19:31.589 log.ts:179 [debug 11:19:31 ] 拦截到HTTP请求: /learn/app/getGlobalTimestamp.do?os=99&sid=DDFFB4A8903046B2B2A2C20195472FFA
11:19:31.590 log.ts:179 [debug 11:19:31 ] 拦截到HTTP请求: /learn/app/clientapi/course/play/queryStatus.do?courseWareId=1708932724584&courseId=N003284&bizType=0&bizId=&sid=DDFFB4A8903046B2B2A2C20195472FFA&os=99
11:19:31.748 utils.ts:137 unknown seeking事件触发 Event {isTrusted: true, type: 'seeking', target: video#course-video_html5_api.vjs-tech, currentTarget: video#course-video_html5_api.vjs-tech, eventPhase: 2, …}
11:19:31.771 log.ts:179 [debug 11:19:31 ] [视频事件] Video paused, attempting to resume...
11:19:31.813 log.ts:179 [debug 11:19:31 ] 拦截到HTTP请求: /learn/app/clientapi/course/bigdata/courseLearnTime.do?os=99&sid=DDFFB4A8903046B2B2A2C20195472FFA
11:19:32.010 utils.ts:137 unknown seeked事件触发 Event {isTrusted: true, type: 'seeked', target: video#course-video_html5_api.vjs-tech, currentTarget: video#course-video_html5_api.vjs-tech, eventPhase: 2, …}
11:19:32.587 log.ts:179 [debug 11:19:32 ] [播放速率] 设置播放速率为 1x
11:19:32.587 log.ts:179 [debug 11:19:32 ] [静音设置] 设置静音状态为 true
11:19:32.588 log.ts:179 [debug 11:19:32 ] [点击播放] 找到播放按钮，点击播放 <button class=​"vjs-big-play-button" type=​"button" title=​"Play Video" aria-disabled=​"false">​…​</button>​
11:19:32.590 log.ts:179 [debug 11:19:32 ] [静音设置] 设置静音状态为 true
11:19:32.590 log.ts:179 [debug 11:19:32 ] [播放速率] 设置播放速率为 1x
11:19:32.590 log.ts:179 [debug 11:19:32 ] [视频事件] Video playing, applying settings...
11:19:32.593 log.ts:179 [debug 11:19:32 ] 拦截到HTTP请求: /learn/app/clientapi/course/play/queryStatus.do?courseWareId=1708932724584&courseId=N003284&bizType=0&bizId=&sid=DDFFB4A8903046B2B2A2C20195472FFA&os=99
11:19:32.743 utils.ts:137 unknown seeking事件触发 Event {isTrusted: true, type: 'seeking', target: video#course-video_html5_api.vjs-tech, currentTarget: video#course-video_html5_api.vjs-tech, eventPhase: 2, …}
11:19:32.745 log.ts:179 [debug 11:19:32 ] [视频事件] Video paused, attempting to resume...
11:19:32.749 log.ts:179 [debug 11:19:32 ] 拦截到HTTP请求: /learn/app/clientapi/course/bigdata/courseLearnTime.do?os=99&sid=DDFFB4A8903046B2B2A2C20195472FFA
11:19:32.980 utils.ts:137 unknown seeked事件触发 Event {isTrusted: true, type: 'seeked', target: video#course-video_html5_api.vjs-tech, currentTarget: video#course-video_html5_api.vjs-tech, eventPhase: 2, …}
11:19:33.573 log.ts:179 [debug 11:19:33 ] [播放速率] 设置播放速率为 1x
11:19:33.573 log.ts:179 [debug 11:19:33 ] [静音设置] 设置静音状态为 true
11:19:33.573 log.ts:179 [debug 11:19:33 ] [点击播放] 找到播放按钮，点击播放 <button class=​"vjs-big-play-button" type=​"button" title=​"Play Video" aria-disabled=​"false">​…​</button>​
11:19:33.575 log.ts:179 [debug 11:19:33 ] [静音设置] 设置静音状态为 true
11:19:33.575 log.ts:179 [debug 11:19:33 ] [播放速率] 设置播放速率为 1x
11:19:33.576 log.ts:179 [debug 11:19:33 ] [视频事件] Video playing, applying settings...
11:19:33.579 log.ts:179 [debug 11:19:33 ] 拦截到HTTP请求: /learn/app/getGlobalTimestamp.do?os=99&sid=DDFFB4A8903046B2B2A2C20195472FFA
11:19:33.587 log.ts:179 [debug 11:19:33 ] 拦截到HTTP请求: /learn/app/clientapi/course/play/queryStatus.do?courseWareId=1708932724584&courseId=N003284&bizType=0&bizId=&sid=DDFFB4A8903046B2B2A2C20195472FFA&os=99
11:19:33.738 utils.ts:137 unknown seeking事件触发 Event {isTrusted: true, type: 'seeking', target: video#course-video_html5_api.vjs-tech, currentTarget: video#course-video_html5_api.vjs-tech, eventPhase: 2, …}
11:19:33.740 log.ts:179 [debug 11:19:33 ] [视频事件] Video paused, attempting to resume...
11:19:33.800 log.ts:179 [debug 11:19:33 ] 拦截到HTTP请求: /learn/app/clientapi/course/bigdata/courseLearnTime.do?os=99&sid=DDFFB4A8903046B2B2A2C20195472FFA
11:19:33.976 utils.ts:137 unknown seeked事件触发 Event {isTrusted: true, type: 'seeked', target: video#course-video_html5_api.vjs-tech, currentTarget: video#course-video_html5_api.vjs-tech, eventPhase: 2, …}
11:19:34.575 log.ts:179 [debug 11:19:34 ] [播放速率] 设置播放速率为 1x
11:19:34.575 log.ts:179 [debug 11:19:34 ] [静音设置] 设置静音状态为 true
11:19:34.575 log.ts:179 [debug 11:19:34 ] [点击播放] 找到播放按钮，点击播放 <button class=​"vjs-big-play-button" type=​"button" title=​"Play Video" aria-disabled=​"false">​…​</button>​
11:19:34.577 log.ts:179 [debug 11:19:34 ] [静音设置] 设置静音状态为 true
11:19:34.578 log.ts:179 [debug 11:19:34 ] [播放速率] 设置播放速率为 1x
11:19:34.578 log.ts:179 [debug 11:19:34 ] [视频事件] Video playing, applying settings...
11:19:34.580 log.ts:179 [debug 11:19:34 ] 拦截到HTTP请求: /learn/app/clientapi/course/play/queryStatus.do?courseWareId=1708932724584&courseId=N003284&bizType=0&bizId=&sid=DDFFB4A8903046B2B2A2C20195472FFA&os=99
11:19:34.738 utils.ts:137 unknown seeking事件触发 Event {isTrusted: true, type: 'seeking', target: video#course-video_html5_api.vjs-tech, currentTarget: video#course-video_html5_api.vjs-tech, eventPhase: 2, …}
11:19:34.741 log.ts:179 [debug 11:19:34 ] [视频事件] Video paused, attempting to resume...
11:19:34.747 log.ts:179 [debug 11:19:34 ] 拦截到HTTP请求: /learn/app/clientapi/course/bigdata/courseLearnTime.do?os=99&sid=DDFFB4A8903046B2B2A2C20195472FFA
11:19:34.988 utils.ts:137 unknown seeked事件触发 Event {isTrusted: true, type: 'seeked', target: video#course-video_html5_api.vjs-tech, currentTarget: video#course-video_html5_api.vjs-tech, eventPhase: 2, …}
11:19:35.578 log.ts:179 [debug 11:19:35 ] [播放速率] 设置播放速率为 1x
11:19:35.578 log.ts:179 [debug 11:19:35 ] [静音设置] 设置静音状态为 true
11:19:35.579 log.ts:179 [debug 11:19:35 ] [点击播放] 找到播放按钮，点击播放 <button class=​"vjs-big-play-button" type=​"button" title=​"Play Video" aria-disabled=​"false">​…​</button>​
11:19:35.586 log.ts:179 [debug 11:19:35 ] [静音设置] 设置静音状态为 true
11:19:35.586 log.ts:179 [debug 11:19:35 ] [播放速率] 设置播放速率为 1x
11:19:35.586 log.ts:179 [debug 11:19:35 ] [视频事件] Video playing, applying settings...
11:19:35.589 log.ts:179 [debug 11:19:35 ] 拦截到HTTP请求: /learn/app/getGlobalTimestamp.do?os=99&sid=DDFFB4A8903046B2B2A2C20195472FFA
11:19:35.597 log.ts:179 [debug 11:19:35 ] 拦截到HTTP请求: /learn/app/clientapi/course/play/queryStatus.do?courseWareId=1708932724584&courseId=N003284&bizType=0&bizId=&sid=DDFFB4A8903046B2B2A2C20195472FFA&os=99
11:19:35.739 log.ts:179 [debug 11:19:35 ] 拦截到HTTP请求: /learn/app/clientapi/course/bigdata/courseLearnTime.do?os=99&sid=DDFFB4A8903046B2B2A2C20195472FFA
11:19:35.756 utils.ts:137 unknown seeking事件触发 Event {isTrusted: true, type: 'seeking', target: video#course-video_html5_api.vjs-tech, currentTarget: video#course-video_html5_api.vjs-tech, eventPhase: 2, …}
11:19:35.758 log.ts:179 [debug 11:19:35 ] [视频事件] Video paused, attempting to resume...
11:19:35.763 log.ts:179 [debug 11:19:35 ] 拦截到HTTP请求: /learn/app/clientapi/course/bigdata/courseLearnTime.do?os=99&sid=DDFFB4A8903046B2B2A2C20195472FFA
11:19:35.765 (索引):1  Uncaught (in promise) t {message: undefined}
Promise.then
(匿名) @ 8222.6209a852.chunk.js:1
u @ 9561.4bf2dc71.js:2
(匿名) @ 9561.4bf2dc71.js:2
(匿名) @ 9561.4bf2dc71.js:2
r @ 9561.4bf2dc71.js:2
s @ 9561.4bf2dc71.js:2
Promise.then
r @ 9561.4bf2dc71.js:2
s @ 9561.4bf2dc71.js:2
(匿名) @ 9561.4bf2dc71.js:2
(匿名) @ 9561.4bf2dc71.js:2
(匿名) @ 8222.6209a852.chunk.js:1
u @ 9561.4bf2dc71.js:2
(匿名) @ 9561.4bf2dc71.js:2
(匿名) @ 9561.4bf2dc71.js:2
r @ 9561.4bf2dc71.js:2
s @ 9561.4bf2dc71.js:2
(匿名) @ 9561.4bf2dc71.js:2
(匿名) @ 9561.4bf2dc71.js:2
m @ 9561.4bf2dc71.js:2
w @ 9561.4bf2dc71.js:2
(匿名) @ 9561.4bf2dc71.js:2
E @ 9561.4bf2dc71.js:2
C @ 9561.4bf2dc71.js:2
S @ 9561.4bf2dc71.js:2
D @ 9561.4bf2dc71.js:2
kn @ 9561.4bf2dc71.js:2
le @ 9561.4bf2dc71.js:2
Dn @ 9561.4bf2dc71.js:2
zn @ 9561.4bf2dc71.js:2
An @ 9561.4bf2dc71.js:2
t.unstable_runWithPriority @ 9561.4bf2dc71.js:2
qo @ 9561.4bf2dc71.js:2
se @ 9561.4bf2dc71.js:2
Tn @ 9561.4bf2dc71.js:2
play
(匿名) @ 8222.6209a852.chunk.js:1
clickPlayButton @ video.ts:147
eval @ video.ts:177
setTimeout
eval @ video.ts:175
11:19:35.998 utils.ts:137 unknown seeked事件触发 Event {isTrusted: true, type: 'seeked', target: video#course-video_html5_api.vjs-tech, currentTarget: video#course-video_html5_api.vjs-tech, eventPhase: 2, …}
11:19:36.590 log.ts:179 [debug 11:19:36 ] [播放速率] 设置播放速率为 1x
11:19:36.590 log.ts:179 [debug 11:19:36 ] [静音设置] 设置静音状态为 true
11:19:36.590 log.ts:179 [debug 11:19:36 ] [点击播放] 找到播放按钮，点击播放 <button class=​"vjs-big-play-button" type=​"button" title=​"Play Video" aria-disabled=​"false">​…​</button>​
11:19:36.592 log.ts:179 [debug 11:19:36 ] [静音设置] 设置静音状态为 true
11:19:36.592 log.ts:179 [debug 11:19:36 ] [播放速率] 设置播放速率为 1x
11:19:36.592 log.ts:179 [debug 11:19:36 ] [视频事件] Video playing, applying settings...
11:19:36.596 log.ts:179 [debug 11:19:36 ] 拦截到HTTP请求: /learn/app/getGlobalTimestamp.do?os=99&sid=DDFFB4A8903046B2B2A2C20195472FFA
11:19:36.597 log.ts:179 [debug 11:19:36 ] 拦截到HTTP请求: /learn/app/clientapi/course/play/queryStatus.do?courseWareId=1708932724584&courseId=N003284&bizType=0&bizId=&sid=DDFFB4A8903046B2B2A2C20195472FFA&os=99
11:19:36.794 utils.ts:137 unknown seeking事件触发 Event {isTrusted: true, type: 'seeking', target: video#course-video_html5_api.vjs-tech, currentTarget: video#course-video_html5_api.vjs-tech, eventPhase: 2, …}
11:19:36.796 log.ts:179 [debug 11:19:36 ] [视频事件] Video paused, attempting to resume...
11:19:36.846 log.ts:179 [debug 11:19:36 ] 拦截到HTTP请求: /learn/app/clientapi/course/bigdata/courseLearnTime.do?os=99&sid=DDFFB4A8903046B2B2A2C20195472FFA
11:19:37.033 utils.ts:137 unknown seeked事件触发 Event {isTrusted: true, type: 'seeked', target: video#course-video_html5_api.vjs-tech, currentTarget: video#course-video_html5_api.vjs-tech, eventPhase: 2, …}
11:19:37.586 log.ts:179 [debug 11:19:37 ] [播放速率] 设置播放速率为 1x
11:19:37.586 log.ts:179 [debug 11:19:37 ] [静音设置] 设置静音状态为 true
11:19:37.586 log.ts:179 [debug 11:19:37 ] [点击播放] 找到播放按钮，点击播放 <button class=​"vjs-big-play-button" type=​"button" title=​"Play Video" aria-disabled=​"false">​…​</button>​
11:19:37.606 log.ts:179 [debug 11:19:37 ] [静音设置] 设置静音状态为 true
11:19:37.607 log.ts:179 [debug 11:19:37 ] [播放速率] 设置播放速率为 1x
11:19:37.607 log.ts:179 [debug 11:19:37 ] [视频事件] Video playing, applying settings...
11:19:37.639 log.ts:179 [debug 11:19:37 ] 拦截到HTTP请求: /learn/app/clientapi/course/play/queryStatus.do?courseWareId=1708932724584&courseId=N003284&bizType=0&bizId=&sid=DDFFB4A8903046B2B2A2C20195472FFA&os=99
11:19:37.795 utils.ts:137 unknown seeking事件触发 Event {isTrusted: true, type: 'seeking', target: video#course-video_html5_api.vjs-tech, currentTarget: video#course-video_html5_api.vjs-tech, eventPhase: 2, …}
11:19:37.797 log.ts:179 [debug 11:19:37 ] [视频事件] Video paused, attempting to resume...
11:19:37.807 log.ts:179 [debug 11:19:37 ] 拦截到HTTP请求: /learn/app/clientapi/course/bigdata/courseLearnTime.do?os=99&sid=DDFFB4A8903046B2B2A2C20195472FFA
11:19:38.125 utils.ts:137 unknown seeked事件触发 Event {isTrusted: true, type: 'seeked', target: video#course-video_html5_api.vjs-tech, currentTarget: video#course-video_html5_api.vjs-tech, eventPhase: 2, …}
11:19:38.594 log.ts:179 [debug 11:19:38 ] [播放速率] 设置播放速率为 1x
11:19:38.594 log.ts:179 [debug 11:19:38 ] [静音设置] 设置静音状态为 true
11:19:38.595 log.ts:179 [debug 11:19:38 ] [点击播放] 找到播放按钮，点击播放 <button class=​"vjs-big-play-button" type=​"button" title=​"Play Video" aria-disabled=​"false">​…​</button>​
11:19:38.598 log.ts:179 [debug 11:19:38 ] [静音设置] 设置静音状态为 true
11:19:38.598 log.ts:179 [debug 11:19:38 ] [播放速率] 设置播放速率为 1x
11:19:38.598 log.ts:179 [debug 11:19:38 ] [视频事件] Video playing, applying settings...
11:19:38.601 log.ts:179 [debug 11:19:38 ] 拦截到HTTP请求: /learn/app/getGlobalTimestamp.do?os=99&sid=DDFFB4A8903046B2B2A2C20195472FFA
11:19:38.611 log.ts:179 [debug 11:19:38 ] 拦截到HTTP请求: /learn/app/clientapi/course/play/queryStatus.do?courseWareId=1708932724584&courseId=N003284&bizType=0&bizId=&sid=DDFFB4A8903046B2B2A2C20195472FFA&os=99
11:19:38.760 log.ts:179 [debug 11:19:38 ] 拦截到HTTP请求: /learn/app/clientapi/course/bigdata/courseLearnTime.do?os=99&sid=DDFFB4A8903046B2B2A2C20195472FFA
11:19:38.791 utils.ts:137 unknown seeking事件触发 Event {isTrusted: true, type: 'seeking', target: video#course-video_html5_api.vjs-tech, currentTarget: video#course-video_html5_api.vjs-tech, eventPhase: 2, …}
11:19:38.797 log.ts:179 [debug 11:19:38 ] [视频事件] Video paused, attempting to resume...
11:19:38.802 log.ts:179 [debug 11:19:38 ] 拦截到HTTP请求: /learn/app/clientapi/course/bigdata/courseLearnTime.do?os=99&sid=DDFFB4A8903046B2B2A2C20195472FFA
11:19:38.806 (索引):1  Uncaught (in promise) t {message: undefined}
Promise.then
(匿名) @ 8222.6209a852.chunk.js:1
u @ 9561.4bf2dc71.js:2
(匿名) @ 9561.4bf2dc71.js:2
(匿名) @ 9561.4bf2dc71.js:2
r @ 9561.4bf2dc71.js:2
s @ 9561.4bf2dc71.js:2
Promise.then
r @ 9561.4bf2dc71.js:2
s @ 9561.4bf2dc71.js:2
(匿名) @ 9561.4bf2dc71.js:2
(匿名) @ 9561.4bf2dc71.js:2
(匿名) @ 8222.6209a852.chunk.js:1
u @ 9561.4bf2dc71.js:2
(匿名) @ 9561.4bf2dc71.js:2
(匿名) @ 9561.4bf2dc71.js:2
r @ 9561.4bf2dc71.js:2
s @ 9561.4bf2dc71.js:2
(匿名) @ 9561.4bf2dc71.js:2
(匿名) @ 9561.4bf2dc71.js:2
m @ 9561.4bf2dc71.js:2
w @ 9561.4bf2dc71.js:2
(匿名) @ 9561.4bf2dc71.js:2
E @ 9561.4bf2dc71.js:2
C @ 9561.4bf2dc71.js:2
S @ 9561.4bf2dc71.js:2
D @ 9561.4bf2dc71.js:2
kn @ 9561.4bf2dc71.js:2
le @ 9561.4bf2dc71.js:2
Dn @ 9561.4bf2dc71.js:2
zn @ 9561.4bf2dc71.js:2
An @ 9561.4bf2dc71.js:2
t.unstable_runWithPriority @ 9561.4bf2dc71.js:2
qo @ 9561.4bf2dc71.js:2
se @ 9561.4bf2dc71.js:2
Tn @ 9561.4bf2dc71.js:2
play
(匿名) @ 8222.6209a852.chunk.js:1
clickPlayButton @ video.ts:147
eval @ video.ts:177
setTimeout
eval @ video.ts:175
11:19:39.101 utils.ts:137 unknown seeked事件触发 Event {isTrusted: true, type: 'seeked', target: video#course-video_html5_api.vjs-tech, currentTarget: video#course-video_html5_api.vjs-tech, eventPhase: 2, …}
11:19:39.589 log.ts:179 [debug 11:19:39 ] [播放速率] 设置播放速率为 1x
11:19:39.589 log.ts:179 [debug 11:19:39 ] [静音设置] 设置静音状态为 true
11:19:39.589 log.ts:179 [debug 11:19:39 ] [点击播放] 找到播放按钮，点击播放 <button class=​"vjs-big-play-button" type=​"button" title=​"Play Video" aria-disabled=​"false">​…​</button>​
11:19:39.592 log.ts:179 [debug 11:19:39 ] [静音设置] 设置静音状态为 true
11:19:39.592 log.ts:179 [debug 11:19:39 ] [播放速率] 设置播放速率为 1x
11:19:39.592 log.ts:179 [debug 11:19:39 ] [视频事件] Video playing, applying settings...
11:19:39.596 log.ts:179 [debug 11:19:39 ] 拦截到HTTP请求: /learn/app/getGlobalTimestamp.do?os=99&sid=DDFFB4A8903046B2B2A2C20195472FFA
11:19:39.597 log.ts:179 [debug 11:19:39 ] 拦截到HTTP请求: /learn/app/clientapi/course/play/queryStatus.do?courseWareId=1708932724584&courseId=N003284&bizType=0&bizId=&sid=DDFFB4A8903046B2B2A2C20195472FFA&os=99
11:19:39.749 log.ts:179 [debug 11:19:39 ] 拦截到HTTP请求: /learn/app/clientapi/course/bigdata/courseLearnTime.do?os=99&sid=DDFFB4A8903046B2B2A2C20195472FFA
11:19:39.814 utils.ts:137 unknown seeking事件触发 Event {isTrusted: true, type: 'seeking', target: video#course-video_html5_api.vjs-tech, currentTarget: video#course-video_html5_api.vjs-tech, eventPhase: 2, …}
11:19:39.816 log.ts:179 [debug 11:19:39 ] [视频事件] Video paused, attempting to resume...
11:19:39.821 log.ts:179 [debug 11:19:39 ] 拦截到HTTP请求: /learn/app/clientapi/course/bigdata/courseLearnTime.do?os=99&sid=DDFFB4A8903046B2B2A2C20195472FFA
11:19:39.826 (索引):1  Uncaught (in promise) t {message: undefined}
Promise.then
(匿名) @ 8222.6209a852.chunk.js:1
u @ 9561.4bf2dc71.js:2
(匿名) @ 9561.4bf2dc71.js:2
(匿名) @ 9561.4bf2dc71.js:2
r @ 9561.4bf2dc71.js:2
s @ 9561.4bf2dc71.js:2
Promise.then
r @ 9561.4bf2dc71.js:2
s @ 9561.4bf2dc71.js:2
(匿名) @ 9561.4bf2dc71.js:2
(匿名) @ 9561.4bf2dc71.js:2
(匿名) @ 8222.6209a852.chunk.js:1
u @ 9561.4bf2dc71.js:2
(匿名) @ 9561.4bf2dc71.js:2
(匿名) @ 9561.4bf2dc71.js:2
r @ 9561.4bf2dc71.js:2
s @ 9561.4bf2dc71.js:2
(匿名) @ 9561.4bf2dc71.js:2
(匿名) @ 9561.4bf2dc71.js:2
m @ 9561.4bf2dc71.js:2
w @ 9561.4bf2dc71.js:2
(匿名) @ 9561.4bf2dc71.js:2
E @ 9561.4bf2dc71.js:2
C @ 9561.4bf2dc71.js:2
S @ 9561.4bf2dc71.js:2
D @ 9561.4bf2dc71.js:2
kn @ 9561.4bf2dc71.js:2
le @ 9561.4bf2dc71.js:2
Dn @ 9561.4bf2dc71.js:2
zn @ 9561.4bf2dc71.js:2
An @ 9561.4bf2dc71.js:2
t.unstable_runWithPriority @ 9561.4bf2dc71.js:2
qo @ 9561.4bf2dc71.js:2
se @ 9561.4bf2dc71.js:2
Tn @ 9561.4bf2dc71.js:2
play
(匿名) @ 8222.6209a852.chunk.js:1
clickPlayButton @ video.ts:147
eval @ video.ts:177
setTimeout
eval @ video.ts:175
11:19:40.105 utils.ts:137 unknown seeked事件触发 Event {isTrusted: true, type: 'seeked', target: video#course-video_html5_api.vjs-tech, currentTarget: video#course-video_html5_api.vjs-tech, eventPhase: 2, …}
11:19:40.586 log.ts:179 [debug 11:19:40 ] [播放速率] 设置播放速率为 1x
11:19:40.587 log.ts:179 [debug 11:19:40 ] [静音设置] 设置静音状态为 true
11:19:40.587 log.ts:179 [debug 11:19:40 ] [点击播放] 找到播放按钮，点击播放 <button class=​"vjs-big-play-button" type=​"button" title=​"Play Video" aria-disabled=​"false">​…​</button>​
11:19:40.588 log.ts:179 [debug 11:19:40 ] [静音设置] 设置静音状态为 true
11:19:40.589 log.ts:179 [debug 11:19:40 ] [播放速率] 设置播放速率为 1x
11:19:40.589 log.ts:179 [debug 11:19:40 ] [视频事件] Video playing, applying settings...
11:19:40.595 log.ts:179 [debug 11:19:40 ] 拦截到HTTP请求: /learn/app/getGlobalTimestamp.do?os=99&sid=DDFFB4A8903046B2B2A2C20195472FFA
11:19:40.596 log.ts:179 [debug 11:19:40 ] 拦截到HTTP请求: /learn/app/clientapi/course/play/queryStatus.do?courseWareId=1708932724584&courseId=N003284&bizType=0&bizId=&sid=DDFFB4A8903046B2B2A2C20195472FFA&os=99
11:19:40.751 log.ts:179 [debug 11:19:40 ] 拦截到HTTP请求: /learn/app/clientapi/course/bigdata/courseLearnTime.do?os=99&sid=DDFFB4A8903046B2B2A2C20195472FFA
11:19:40.794 utils.ts:137 unknown seeking事件触发 Event {isTrusted: true, type: 'seeking', target: video#course-video_html5_api.vjs-tech, currentTarget: video#course-video_html5_api.vjs-tech, eventPhase: 2, …}
11:19:40.797 log.ts:179 [debug 11:19:40 ] [视频事件] Video paused, attempting to resume...
11:19:40.808 log.ts:179 [debug 11:19:40 ] 拦截到HTTP请求: /learn/app/clientapi/course/bigdata/courseLearnTime.do?os=99&sid=DDFFB4A8903046B2B2A2C20195472FFA
11:19:40.812 (索引):1  Uncaught (in promise) t {message: undefined}
Promise.then
(匿名) @ 8222.6209a852.chunk.js:1
u @ 9561.4bf2dc71.js:2
(匿名) @ 9561.4bf2dc71.js:2
(匿名) @ 9561.4bf2dc71.js:2
r @ 9561.4bf2dc71.js:2
s @ 9561.4bf2dc71.js:2
Promise.then
r @ 9561.4bf2dc71.js:2
s @ 9561.4bf2dc71.js:2
(匿名) @ 9561.4bf2dc71.js:2
(匿名) @ 9561.4bf2dc71.js:2
(匿名) @ 8222.6209a852.chunk.js:1
u @ 9561.4bf2dc71.js:2
(匿名) @ 9561.4bf2dc71.js:2
(匿名) @ 9561.4bf2dc71.js:2
r @ 9561.4bf2dc71.js:2
s @ 9561.4bf2dc71.js:2
(匿名) @ 9561.4bf2dc71.js:2
(匿名) @ 9561.4bf2dc71.js:2
m @ 9561.4bf2dc71.js:2
w @ 9561.4bf2dc71.js:2
(匿名) @ 9561.4bf2dc71.js:2
E @ 9561.4bf2dc71.js:2
C @ 9561.4bf2dc71.js:2
S @ 9561.4bf2dc71.js:2
D @ 9561.4bf2dc71.js:2
kn @ 9561.4bf2dc71.js:2
le @ 9561.4bf2dc71.js:2
Dn @ 9561.4bf2dc71.js:2
zn @ 9561.4bf2dc71.js:2
An @ 9561.4bf2dc71.js:2
t.unstable_runWithPriority @ 9561.4bf2dc71.js:2
qo @ 9561.4bf2dc71.js:2
se @ 9561.4bf2dc71.js:2
Tn @ 9561.4bf2dc71.js:2
play
(匿名) @ 8222.6209a852.chunk.js:1
clickPlayButton @ video.ts:147
eval @ video.ts:177
setTimeout
eval @ video.ts:175
11:19:41.066 utils.ts:137 unknown seeked事件触发 Event {isTrusted: true, type: 'seeked', target: video#course-video_html5_api.vjs-tech, currentTarget: video#course-video_html5_api.vjs-tech, eventPhase: 2, …}
11:19:41.579 log.ts:179 [debug 11:19:41 ] [播放速率] 设置播放速率为 1x
11:19:41.579 log.ts:179 [debug 11:19:41 ] [静音设置] 设置静音状态为 true
11:19:41.580 log.ts:179 [debug 11:19:41 ] [点击播放] 找到播放按钮，点击播放 <button class=​"vjs-big-play-button" type=​"button" title=​"Play Video" aria-disabled=​"false">​…​</button>​
11:19:41.584 log.ts:179 [debug 11:19:41 ] [静音设置] 设置静音状态为 true
11:19:41.585 log.ts:179 [debug 11:19:41 ] [播放速率] 设置播放速率为 1x
11:19:41.585 log.ts:179 [debug 11:19:41 ] [视频事件] Video playing, applying settings...
11:19:41.589 log.ts:179 [debug 11:19:41 ] 拦截到HTTP请求: /learn/app/getGlobalTimestamp.do?os=99&sid=DDFFB4A8903046B2B2A2C20195472FFA
11:19:41.590 log.ts:179 [debug 11:19:41 ] 拦截到HTTP请求: /learn/app/clientapi/course/play/queryStatus.do?courseWareId=1708932724584&courseId=N003284&bizType=0&bizId=&sid=DDFFB4A8903046B2B2A2C20195472FFA&os=99
11:19:41.848 log.ts:179 [debug 11:19:41 ] 拦截到HTTP请求: /learn/app/clientapi/course/bigdata/courseLearnTime.do?os=99&sid=DDFFB4A8903046B2B2A2C20195472FFA
11:19:41.857 utils.ts:137 unknown seeking事件触发 Event {isTrusted: true, type: 'seeking', target: video#course-video_html5_api.vjs-tech, currentTarget: video#course-video_html5_api.vjs-tech, eventPhase: 2, …}
11:19:41.891 log.ts:179 [debug 11:19:41 ] [视频事件] Video paused, attempting to resume...
11:19:41.897 log.ts:179 [debug 11:19:41 ] 拦截到HTTP请求: /learn/app/clientapi/course/bigdata/courseLearnTime.do?os=99&sid=DDFFB4A8903046B2B2A2C20195472FFA
11:19:41.901 (索引):1  Uncaught (in promise) t {message: undefined}
Promise.then
(匿名) @ 8222.6209a852.chunk.js:1
u @ 9561.4bf2dc71.js:2
(匿名) @ 9561.4bf2dc71.js:2
(匿名) @ 9561.4bf2dc71.js:2
r @ 9561.4bf2dc71.js:2
s @ 9561.4bf2dc71.js:2
Promise.then
r @ 9561.4bf2dc71.js:2
s @ 9561.4bf2dc71.js:2
(匿名) @ 9561.4bf2dc71.js:2
(匿名) @ 9561.4bf2dc71.js:2
(匿名) @ 8222.6209a852.chunk.js:1
u @ 9561.4bf2dc71.js:2
(匿名) @ 9561.4bf2dc71.js:2
(匿名) @ 9561.4bf2dc71.js:2
r @ 9561.4bf2dc71.js:2
s @ 9561.4bf2dc71.js:2
(匿名) @ 9561.4bf2dc71.js:2
(匿名) @ 9561.4bf2dc71.js:2
m @ 9561.4bf2dc71.js:2
w @ 9561.4bf2dc71.js:2
(匿名) @ 9561.4bf2dc71.js:2
E @ 9561.4bf2dc71.js:2
C @ 9561.4bf2dc71.js:2
S @ 9561.4bf2dc71.js:2
D @ 9561.4bf2dc71.js:2
kn @ 9561.4bf2dc71.js:2
le @ 9561.4bf2dc71.js:2
Dn @ 9561.4bf2dc71.js:2
zn @ 9561.4bf2dc71.js:2
An @ 9561.4bf2dc71.js:2
t.unstable_runWithPriority @ 9561.4bf2dc71.js:2
qo @ 9561.4bf2dc71.js:2
se @ 9561.4bf2dc71.js:2
Tn @ 9561.4bf2dc71.js:2
play
(匿名) @ 8222.6209a852.chunk.js:1
clickPlayButton @ video.ts:147
eval @ video.ts:177
setTimeout
eval @ video.ts:175
11:19:42.142 utils.ts:137 unknown seeked事件触发 Event {isTrusted: true, type: 'seeked', target: video#course-video_html5_api.vjs-tech, currentTarget: video#course-video_html5_api.vjs-tech, eventPhase: 2, …}
11:19:42.590 log.ts:179 [debug 11:19:42 ] [播放速率] 设置播放速率为 1x
11:19:42.590 log.ts:179 [debug 11:19:42 ] [静音设置] 设置静音状态为 true
11:19:42.590 log.ts:179 [debug 11:19:42 ] [点击播放] 找到播放按钮，点击播放 <button class=​"vjs-big-play-button" type=​"button" title=​"Play Video" aria-disabled=​"false">​…​</button>​
11:19:42.593 log.ts:179 [debug 11:19:42 ] [静音设置] 设置静音状态为 true
11:19:42.593 log.ts:179 [debug 11:19:42 ] [播放速率] 设置播放速率为 1x
11:19:42.593 log.ts:179 [debug 11:19:42 ] [视频事件] Video playing, applying settings...
11:19:42.599 log.ts:179 [debug 11:19:42 ] 拦截到HTTP请求: /learn/app/getGlobalTimestamp.do?os=99&sid=DDFFB4A8903046B2B2A2C20195472FFA
11:19:42.600 log.ts:179 [debug 11:19:42 ] 拦截到HTTP请求: /learn/app/clientapi/course/play/queryStatus.do?courseWareId=1708932724584&courseId=N003284&bizType=0&bizId=&sid=DDFFB4A8903046B2B2A2C20195472FFA&os=99
11:19:42.800 utils.ts:137 unknown seeking事件触发 Event {isTrusted: true, type: 'seeking', target: video#course-video_html5_api.vjs-tech, currentTarget: video#course-video_html5_api.vjs-tech, eventPhase: 2, …}
11:19:42.802 log.ts:179 [debug 11:19:42 ] [视频事件] Video paused, attempting to resume...
11:19:42.824 log.ts:179 [debug 11:19:42 ] 拦截到HTTP请求: /learn/app/clientapi/course/bigdata/courseLearnTime.do?os=99&sid=DDFFB4A8903046B2B2A2C20195472FFA
11:19:43.050 utils.ts:137 unknown seeked事件触发 Event {isTrusted: true, type: 'seeked', target: video#course-video_html5_api.vjs-tech, currentTarget: video#course-video_html5_api.vjs-tech, eventPhase: 2, …}
11:19:43.593 log.ts:179 [debug 11:19:43 ] [播放速率] 设置播放速率为 1x
11:19:43.593 log.ts:179 [debug 11:19:43 ] [静音设置] 设置静音状态为 true
11:19:43.594 log.ts:179 [debug 11:19:43 ] [点击播放] 找到播放按钮，点击播放 <button class=​"vjs-big-play-button" type=​"button" title=​"Play Video" aria-disabled=​"false">​…​</button>​
11:19:43.599 log.ts:179 [debug 11:19:43 ] [静音设置] 设置静音状态为 true
11:19:43.599 log.ts:179 [debug 11:19:43 ] [播放速率] 设置播放速率为 1x
11:19:43.599 log.ts:179 [debug 11:19:43 ] [视频事件] Video playing, applying settings...
11:19:43.601 log.ts:179 [debug 11:19:43 ] 拦截到HTTP请求: /learn/app/clientapi/course/play/queryStatus.do?courseWareId=1708932724584&courseId=N003284&bizType=0&bizId=&sid=DDFFB4A8903046B2B2A2C20195472FFA&os=99
11:19:44.068 utils.ts:137 unknown seeking事件触发 Event {isTrusted: true, type: 'seeking', target: video#course-video_html5_api.vjs-tech, currentTarget: video#course-video_html5_api.vjs-tech, eventPhase: 2, …}
11:19:44.071 log.ts:179 [debug 11:19:44 ] [视频事件] Video paused, attempting to resume...
11:19:44.076 log.ts:179 [debug 11:19:44 ] 拦截到HTTP请求: /learn/app/clientapi/course/bigdata/courseLearnTime.do?os=99&sid=DDFFB4A8903046B2B2A2C20195472FFA
11:19:44.304 utils.ts:137 unknown seeked事件触发 Event {isTrusted: true, type: 'seeked', target: video#course-video_html5_api.vjs-tech, currentTarget: video#course-video_html5_api.vjs-tech, eventPhase: 2, …}
11:19:44.588 log.ts:179 [debug 11:19:44 ] [播放速率] 设置播放速率为 1x
11:19:44.589 log.ts:179 [debug 11:19:44 ] [静音设置] 设置静音状态为 true
11:19:44.589 log.ts:179 [debug 11:19:44 ] [点击播放] 找到播放按钮，点击播放 <button class=​"vjs-big-play-button" type=​"button" title=​"Play Video" aria-disabled=​"false">​…​</button>​
11:19:44.591 log.ts:179 [debug 11:19:44 ] [静音设置] 设置静音状态为 true
11:19:44.591 log.ts:179 [debug 11:19:44 ] [播放速率] 设置播放速率为 1x
11:19:44.591 log.ts:179 [debug 11:19:44 ] [视频事件] Video playing, applying settings...
11:19:44.594 log.ts:179 [debug 11:19:44 ] 拦截到HTTP请求: /learn/app/getGlobalTimestamp.do?os=99&sid=DDFFB4A8903046B2B2A2C20195472FFA
11:19:44.596 log.ts:179 [debug 11:19:44 ] 拦截到HTTP请求: /learn/app/clientapi/course/play/queryStatus.do?courseWareId=1708932724584&courseId=N003284&bizType=0&bizId=&sid=DDFFB4A8903046B2B2A2C20195472FFA&os=99
11:19:44.740 log.ts:179 [debug 11:19:44 ] 拦截到HTTP请求: /learn/app/clientapi/course/bigdata/courseLearnTime.do?os=99&sid=DDFFB4A8903046B2B2A2C20195472FFA
11:19:44.756 utils.ts:137 unknown seeking事件触发 Event {isTrusted: true, type: 'seeking', target: video#course-video_html5_api.vjs-tech, currentTarget: video#course-video_html5_api.vjs-tech, eventPhase: 2, …}
11:19:44.760 log.ts:179 [debug 11:19:44 ] [视频事件] Video paused, attempting to resume...
11:19:44.764 log.ts:179 [debug 11:19:44 ] 拦截到HTTP请求: /learn/app/clientapi/course/bigdata/courseLearnTime.do?os=99&sid=DDFFB4A8903046B2B2A2C20195472FFA
11:19:44.767 (索引):1  Uncaught (in promise) t {message: undefined}
Promise.then
(匿名) @ 8222.6209a852.chunk.js:1
u @ 9561.4bf2dc71.js:2
(匿名) @ 9561.4bf2dc71.js:2
(匿名) @ 9561.4bf2dc71.js:2
r @ 9561.4bf2dc71.js:2
s @ 9561.4bf2dc71.js:2
Promise.then
r @ 9561.4bf2dc71.js:2
s @ 9561.4bf2dc71.js:2
(匿名) @ 9561.4bf2dc71.js:2
(匿名) @ 9561.4bf2dc71.js:2
(匿名) @ 8222.6209a852.chunk.js:1
u @ 9561.4bf2dc71.js:2
(匿名) @ 9561.4bf2dc71.js:2
(匿名) @ 9561.4bf2dc71.js:2
r @ 9561.4bf2dc71.js:2
s @ 9561.4bf2dc71.js:2
(匿名) @ 9561.4bf2dc71.js:2
(匿名) @ 9561.4bf2dc71.js:2
m @ 9561.4bf2dc71.js:2
w @ 9561.4bf2dc71.js:2
(匿名) @ 9561.4bf2dc71.js:2
E @ 9561.4bf2dc71.js:2
C @ 9561.4bf2dc71.js:2
S @ 9561.4bf2dc71.js:2
D @ 9561.4bf2dc71.js:2
kn @ 9561.4bf2dc71.js:2
le @ 9561.4bf2dc71.js:2
Dn @ 9561.4bf2dc71.js:2
zn @ 9561.4bf2dc71.js:2
An @ 9561.4bf2dc71.js:2
t.unstable_runWithPriority @ 9561.4bf2dc71.js:2
qo @ 9561.4bf2dc71.js:2
se @ 9561.4bf2dc71.js:2
Tn @ 9561.4bf2dc71.js:2
play
(匿名) @ 8222.6209a852.chunk.js:1
clickPlayButton @ video.ts:147
eval @ video.ts:177
setTimeout
eval @ video.ts:175
11:19:44.996 utils.ts:137 unknown seeked事件触发 Event {isTrusted: true, type: 'seeked', target: video#course-video_html5_api.vjs-tech, currentTarget: video#course-video_html5_api.vjs-tech, eventPhase: 2, …}
11:19:45.584 log.ts:179 [debug 11:19:45 ] [播放速率] 设置播放速率为 1x
11:19:45.584 log.ts:179 [debug 11:19:45 ] [静音设置] 设置静音状态为 true
11:19:45.584 log.ts:179 [debug 11:19:45 ] [点击播放] 找到播放按钮，点击播放 <button class=​"vjs-big-play-button" type=​"button" title=​"Play Video" aria-disabled=​"false">​…​</button>​
11:19:45.586 log.ts:179 [debug 11:19:45 ] [静音设置] 设置静音状态为 true
11:19:45.586 log.ts:179 [debug 11:19:45 ] [播放速率] 设置播放速率为 1x
11:19:45.587 log.ts:179 [debug 11:19:45 ] [视频事件] Video playing, applying settings...
11:19:45.590 log.ts:179 [debug 11:19:45 ] 拦截到HTTP请求: /learn/app/getGlobalTimestamp.do?os=99&sid=DDFFB4A8903046B2B2A2C20195472FFA
11:19:45.591 log.ts:179 [debug 11:19:45 ] 拦截到HTTP请求: /learn/app/clientapi/course/play/queryStatus.do?courseWareId=1708932724584&courseId=N003284&bizType=0&bizId=&sid=DDFFB4A8903046B2B2A2C20195472FFA&os=99
11:19:45.784 utils.ts:137 unknown seeking事件触发 Event {isTrusted: true, type: 'seeking', target: video#course-video_html5_api.vjs-tech, currentTarget: video#course-video_html5_api.vjs-tech, eventPhase: 2, …}
11:19:45.788 log.ts:179 [debug 11:19:45 ] [视频事件] Video paused, attempting to resume...
11:19:45.815 log.ts:179 [debug 11:19:45 ] 拦截到HTTP请求: /learn/app/clientapi/course/bigdata/courseLearnTime.do?os=99&sid=DDFFB4A8903046B2B2A2C20195472FFA
11:19:46.171 utils.ts:137 unknown seeked事件触发 Event {isTrusted: true, type: 'seeked', target: video#course-video_html5_api.vjs-tech, currentTarget: video#course-video_html5_api.vjs-tech, eventPhase: 2, …}
11:19:46.255 utils.ts:137 unknown visibilitychange事件触发 Event {isTrusted: true, type: 'visibilitychange', target: document, currentTarget: Window, eventPhase: 1, …}
11:19:46.256 log.ts:179 [debug 11:19:46 ] [视频事件] Video playing, applying settings...
11:19:46.258 log.ts:179 [debug 11:19:46 ] 拦截到HTTP请求: /learn/app/clientapi/course/play/queryStatus.do?courseWareId=1708932724584&courseId=N003284&bizType=0&bizId=&sid=DDFFB4A8903046B2B2A2C20195472FFA&os=99
11:19:46.267 log.ts:179 [debug 11:19:46 ] [播放速率] 设置播放速率为 1x
11:19:46.268 log.ts:179 [debug 11:19:46 ] [静音设置] 设置静音状态为 true
11:19:46.357 log.ts:179 [debug 11:19:46 ] [播放速率] 设置播放速率为 1x
11:19:46.357 log.ts:179 [debug 11:19:46 ] [静音设置] 设置静音状态为 true
11:19:46.401 utils.ts:137 unknown mouseout事件触发 MouseEvent {isTrusted: true, screenX: 855, screenY: 1027, clientX: 851, clientY: 947, …}
11:19:46.401 utils.ts:137 unknown mouseleave事件触发 MouseEvent {isTrusted: true, screenX: 855, screenY: 1027, clientX: 851, clientY: 947, …}
11:19:46.401 utils.ts:137 unknown mouseleave事件触发 MouseEvent {isTrusted: true, screenX: 855, screenY: 1027, clientX: 851, clientY: 947, …}
11:19:46.404 utils.ts:137 unknown seeking事件触发 Event {isTrusted: true, type: 'seeking', target: video#course-video_html5_api.vjs-tech, currentTarget: video#course-video_html5_api.vjs-tech, eventPhase: 2, …}
11:19:46.414 utils.ts:137 unknown mouseout事件触发 MouseEvent {isTrusted: true, screenX: 871, screenY: 1009, clientX: 867, clientY: 929, …}
11:19:46.435 utils.ts:137 unknown mouseout事件触发 MouseEvent {isTrusted: true, screenX: 911, screenY: 960, clientX: 907, clientY: 880, …}
11:19:46.435 utils.ts:137 unknown mouseleave事件触发 MouseEvent {isTrusted: true, screenX: 911, screenY: 960, clientX: 907, clientY: 880, …}
11:19:46.445 utils.ts:137 unknown mouseout事件触发 MouseEvent {isTrusted: true, screenX: 927, screenY: 942, clientX: 923, clientY: 862, …}
11:19:46.452 utils.ts:137 unknown mouseout事件触发 MouseEvent {isTrusted: true, screenX: 945, screenY: 921, clientX: 941, clientY: 841, …}
11:19:46.452 utils.ts:137 unknown mouseleave事件触发 MouseEvent {isTrusted: true, screenX: 945, screenY: 921, clientX: 941, clientY: 841, …}
11:19:46.460 utils.ts:137 unknown mouseout事件触发 MouseEvent {isTrusted: true, screenX: 964, screenY: 900, clientX: 960, clientY: 820, …}
11:19:46.470 utils.ts:137 unknown mouseout事件触发 MouseEvent {isTrusted: true, screenX: 985, screenY: 876, clientX: 981, clientY: 796, …}
11:19:46.470 utils.ts:137 unknown mouseleave事件触发 MouseEvent {isTrusted: true, screenX: 985, screenY: 876, clientX: 981, clientY: 796, …}
11:19:46.476 utils.ts:137 unknown mouseout事件触发 MouseEvent {isTrusted: true, screenX: 1003, screenY: 857, clientX: 999, clientY: 777, …}
11:19:46.482 utils.ts:137 unknown mouseout事件触发 MouseEvent {isTrusted: true, screenX: 1024, screenY: 835, clientX: 1020, clientY: 755, …}
11:19:46.482 utils.ts:137 unknown mouseleave事件触发 MouseEvent {isTrusted: true, screenX: 1024, screenY: 835, clientX: 1020, clientY: 755, …}
11:19:46.490 utils.ts:137 unknown mouseout事件触发 MouseEvent {isTrusted: true, screenX: 1047, screenY: 812, clientX: 1043, clientY: 732, …}
11:19:46.492 utils.ts:137 unknown mouseout事件触发 MouseEvent {isTrusted: true, screenX: 1053, screenY: 807, clientX: 1049, clientY: 727, …}
11:19:46.492 utils.ts:137 unknown mouseleave事件触发 MouseEvent {isTrusted: true, screenX: 1053, screenY: 807, clientX: 1049, clientY: 727, …}
11:19:46.492 utils.ts:137 unknown mouseleave事件触发 MouseEvent {isTrusted: true, screenX: 1053, screenY: 807, clientX: 1049, clientY: 727, …}
11:19:46.493 utils.ts:137 unknown mouseleave事件触发 MouseEvent {isTrusted: true, screenX: 1053, screenY: 807, clientX: 1049, clientY: 727, …}
11:19:46.493 utils.ts:137 unknown mouseleave事件触发 MouseEvent {isTrusted: true, screenX: 1053, screenY: 807, clientX: 1049, clientY: 727, …}
11:19:46.493 utils.ts:137 unknown mouseleave事件触发 MouseEvent {isTrusted: true, screenX: 1053, screenY: 807, clientX: 1049, clientY: 727, …}
11:19:46.493 utils.ts:137 unknown mouseleave事件触发 MouseEvent {isTrusted: true, screenX: 1053, screenY: 807, clientX: 1049, clientY: 727, …}
11:19:46.493 utils.ts:137 unknown mouseleave事件触发 MouseEvent {isTrusted: true, screenX: 1053, screenY: 807, clientX: 1049, clientY: 727, …}
11:19:46.493 utils.ts:137 unknown mouseleave事件触发 MouseEvent {isTrusted: true, screenX: 1053, screenY: 807, clientX: 1049, clientY: 727, …}
11:19:46.493 utils.ts:137 unknown mouseleave事件触发 MouseEvent {isTrusted: true, screenX: 1053, screenY: 807, clientX: 1049, clientY: 727, …}
11:19:46.493 utils.ts:137 unknown mouseleave事件触发 MouseEvent {isTrusted: true, screenX: 1053, screenY: 807, clientX: 1049, clientY: 727, …}
11:19:46.493 utils.ts:137 unknown mouseleave事件触发 MouseEvent {isTrusted: true, screenX: 1053, screenY: 807, clientX: 1049, clientY: 727, …}
11:19:46.493 utils.ts:137 unknown mouseleave事件触发 MouseEvent {isTrusted: true, screenX: 1053, screenY: 807, clientX: 1049, clientY: 727, …}
11:19:46.493 utils.ts:137 unknown mouseleave事件触发 MouseEvent {isTrusted: true, screenX: 1053, screenY: 807, clientX: 1049, clientY: 727, …}
11:19:46.493 utils.ts:137 unknown mouseleave事件触发 MouseEvent {isTrusted: true, screenX: 1053, screenY: 807, clientX: 1049, clientY: 727, …}
11:19:46.495 utils.ts:137 unknown mouseout事件触发 MouseEvent {isTrusted: true, screenX: 1064, screenY: 798, clientX: 1060, clientY: 718, …}
11:19:46.495 utils.ts:137 unknown mouseleave事件触发 MouseEvent {isTrusted: true, screenX: 1064, screenY: 798, clientX: 1060, clientY: 718, …}
11:19:46.495 utils.ts:137 unknown mouseleave事件触发 MouseEvent {isTrusted: true, screenX: 1064, screenY: 798, clientX: 1060, clientY: 718, …}
11:19:46.637 utils.ts:137 unknown seeked事件触发 Event {isTrusted: true, type: 'seeked', target: video#course-video_html5_api.vjs-tech, currentTarget: video#course-video_html5_api.vjs-tech, eventPhase: 2, …}
11:19:46.790 log.ts:179 [debug 11:19:46 ] 拦截到HTTP请求: /learn/app/clientapi/course/progress/reportLearnProgress.do?os=99&sid=DDFFB4A8903046B2B2A2C20195472FFA
11:19:47.018 8222.6209a852.chunk.js:1 report success
11:19:47.359 log.ts:179 [debug 11:19:47 ] 拦截到HTTP请求: https://zsglcdn.lzlj.com/learn/app/filehub/0001/formal/course/transCode/2024/02/26/B9A39E5CAA144D388621666CF671ED68/1708932724584_s_15.ts
11:19:48.286 utils.ts:137 unknown mouseout事件触发 MouseEvent {isTrusted: true, screenX: 1052, screenY: 702, clientX: 1048, clientY: 622, …}
11:19:48.286 utils.ts:137 unknown mouseleave事件触发 MouseEvent {isTrusted: true, screenX: 1052, screenY: 702, clientX: 1048, clientY: 622, …}
11:19:48.286 utils.ts:137 unknown mouseleave事件触发 MouseEvent {isTrusted: true, screenX: 1052, screenY: 702, clientX: 1048, clientY: 622, …}
11:19:48.286 utils.ts:137 unknown mouseleave事件触发 MouseEvent {isTrusted: true, screenX: 1052, screenY: 702, clientX: 1048, clientY: 622, …}
11:19:48.287 utils.ts:137 unknown mouseleave事件触发 MouseEvent {isTrusted: true, screenX: 1052, screenY: 702, clientX: 1048, clientY: 622, …}
11:19:48.287 utils.ts:137 unknown mouseleave事件触发 MouseEvent {isTrusted: true, screenX: 1052, screenY: 702, clientX: 1048, clientY: 622, …}
11:19:48.287 utils.ts:137 unknown mouseleave事件触发 MouseEvent {isTrusted: true, screenX: 1052, screenY: 702, clientX: 1048, clientY: 622, …}
11:19:48.287 utils.ts:137 unknown mouseleave事件触发 MouseEvent {isTrusted: true, screenX: 1052, screenY: 702, clientX: 1048, clientY: 622, …}
11:19:48.287 utils.ts:137 unknown mouseleave事件触发 MouseEvent {isTrusted: true, screenX: 1052, screenY: 702, clientX: 1048, clientY: 622, …}
11:19:48.287 utils.ts:137 unknown mouseleave事件触发 MouseEvent {isTrusted: true, screenX: 1052, screenY: 702, clientX: 1048, clientY: 622, …}
11:19:48.287 utils.ts:137 unknown mouseleave事件触发 MouseEvent {isTrusted: true, screenX: 1052, screenY: 702, clientX: 1048, clientY: 622, …}
11:19:48.287 utils.ts:137 unknown mouseleave事件触发 MouseEvent {isTrusted: true, screenX: 1052, screenY: 702, clientX: 1048, clientY: 622, …}
11:19:48.287 utils.ts:137 unknown mouseleave事件触发 MouseEvent {isTrusted: true, screenX: 1052, screenY: 702, clientX: 1048, clientY: 622, …}
11:19:48.287 utils.ts:137 unknown mouseleave事件触发 MouseEvent {isTrusted: true, screenX: 1052, screenY: 702, clientX: 1048, clientY: 622, …}
11:19:48.296 utils.ts:137 unknown mouseout事件触发 MouseEvent {isTrusted: true, screenX: 1062, screenY: 703, clientX: 1058, clientY: 623, …}
11:19:48.296 utils.ts:137 unknown mouseleave事件触发 MouseEvent {isTrusted: true, screenX: 1062, screenY: 703, clientX: 1058, clientY: 623, …}
11:19:48.297 utils.ts:137 unknown mouseleave事件触发 MouseEvent {isTrusted: true, screenX: 1062, screenY: 703, clientX: 1058, clientY: 623, …}
11:19:57.348 log.ts:179 [debug 11:19:57 ] 拦截到HTTP请求: https://zsglcdn.lzlj.com/learn/app/filehub/0001/formal/course/transCode/2024/02/26/B9A39E5CAA144D388621666CF671ED68/1708932724584_s_16.ts
11:19:59.497 utils.ts:137 unknown mouseout事件触发 MouseEvent {isTrusted: true, screenX: 1056, screenY: 570, clientX: 1052, clientY: 490, …}
11:19:59.498 utils.ts:137 unknown mouseleave事件触发 MouseEvent {isTrusted: true, screenX: 1056, screenY: 570, clientX: 1052, clientY: 490, …}
11:19:59.498 utils.ts:137 unknown mouseleave事件触发 MouseEvent {isTrusted: true, screenX: 1056, screenY: 570, clientX: 1052, clientY: 490, …}
11:19:59.498 utils.ts:137 unknown mouseleave事件触发 MouseEvent {isTrusted: true, screenX: 1056, screenY: 570, clientX: 1052, clientY: 490, …}
11:19:59.498 utils.ts:137 unknown mouseleave事件触发 MouseEvent {isTrusted: true, screenX: 1056, screenY: 570, clientX: 1052, clientY: 490, …}
11:19:59.498 utils.ts:137 unknown mouseleave事件触发 MouseEvent {isTrusted: true, screenX: 1056, screenY: 570, clientX: 1052, clientY: 490, …}
11:19:59.498 utils.ts:137 unknown mouseleave事件触发 MouseEvent {isTrusted: true, screenX: 1056, screenY: 570, clientX: 1052, clientY: 490, …}
11:19:59.498 utils.ts:137 unknown mouseleave事件触发 MouseEvent {isTrusted: true, screenX: 1056, screenY: 570, clientX: 1052, clientY: 490, …}
11:19:59.498 utils.ts:137 unknown mouseleave事件触发 MouseEvent {isTrusted: true, screenX: 1056, screenY: 570, clientX: 1052, clientY: 490, …}
11:19:59.498 utils.ts:137 unknown mouseleave事件触发 MouseEvent {isTrusted: true, screenX: 1056, screenY: 570, clientX: 1052, clientY: 490, …}
11:19:59.498 utils.ts:137 unknown mouseleave事件触发 MouseEvent {isTrusted: true, screenX: 1056, screenY: 570, clientX: 1052, clientY: 490, …}
11:19:59.498 utils.ts:137 unknown mouseleave事件触发 MouseEvent {isTrusted: true, screenX: 1056, screenY: 570, clientX: 1052, clientY: 490, …}
11:19:59.498 utils.ts:137 unknown mouseleave事件触发 MouseEvent {isTrusted: true, screenX: 1056, screenY: 570, clientX: 1052, clientY: 490, …}
11:19:59.498 utils.ts:137 unknown mouseleave事件触发 MouseEvent {isTrusted: true, screenX: 1056, screenY: 570, clientX: 1052, clientY: 490, …}
11:19:59.498 utils.ts:137 unknown mouseleave事件触发 MouseEvent {isTrusted: true, screenX: 1056, screenY: 570, clientX: 1052, clientY: 490, …}
11:19:59.499 utils.ts:137 unknown mouseout事件触发 MouseEvent {isTrusted: true, screenX: 1063, screenY: 567, clientX: 1059, clientY: 487, …}
11:19:59.500 utils.ts:137 unknown mouseleave事件触发 MouseEvent {isTrusted: true, screenX: 1063, screenY: 567, clientX: 1059, clientY: 487, …}
11:19:59.500 utils.ts:137 unknown mouseleave事件触发 MouseEvent {isTrusted: true, screenX: 1063, screenY: 567, clientX: 1059, clientY: 487, …}
