18:39:38.111 已导航到https://zsgl.lzlj.com/znWeb/knowledge-cloud/
18:39:38.266  [每日积分] panel: 构造函数被调用
18:39:38.266  [每日积分] panel: init方法被调用
18:39:38.267  [debug 18:39:38 ] Start document state: loading
18:39:38.267  create mooc
18:39:38.267  mooc start null
18:39:39.124  0530-2
18:39:39.180  [每日积分] panel: window.onload 触发
18:39:39.181  [每日积分] panel: 初始化消息监听
18:39:39.181  [debug 18:39:39 ] 每日积分模式初始化完成 {learning: {…}, contribution: {…}, interaction: {…}, lastUpdate: 1773657558481, isRunning: false, …}
18:39:39.420 main.7bcdfd5f.chunk.js:1 Uncaught (in promise) r {message: undefined}
ee @ main.7bcdfd5f.chunk.js:1
u @ main.7bcdfd5f.chunk.js:1
Promise.then
ee @ main.7bcdfd5f.chunk.js:1
i @ main.7bcdfd5f.chunk.js:1
(匿名) @ main.7bcdfd5f.chunk.js:1
(匿名) @ main.7bcdfd5f.chunk.js:1
(匿名) @ main.7bcdfd5f.chunk.js:1
(匿名) @ main.7bcdfd5f.chunk.js:1
ic @ 7.79e3e0dd.chunk.js:1
ms @ 7.79e3e0dd.chunk.js:1
t.unstable_runWithPriority @ 7.79e3e0dd.chunk.js:1
Vi @ 7.79e3e0dd.chunk.js:1
vs @ 7.79e3e0dd.chunk.js:1
Zc @ 7.79e3e0dd.chunk.js:1
(匿名) @ 7.79e3e0dd.chunk.js:1
t.unstable_runWithPriority @ 7.79e3e0dd.chunk.js:1
Vi @ 7.79e3e0dd.chunk.js:1
qi @ 7.79e3e0dd.chunk.js:1
Ki @ 7.79e3e0dd.chunk.js:1
Yc @ 7.79e3e0dd.chunk.js:1
vo @ 7.79e3e0dd.chunk.js:1
(匿名) @ main.7bcdfd5f.chunk.js:1
f @ main.7bcdfd5f.chunk.js:1
(匿名) @ main.7bcdfd5f.chunk.js:1
(匿名) @ main.7bcdfd5f.chunk.js:1
T @ main.7bcdfd5f.chunk.js:1
i @ main.7bcdfd5f.chunk.js:1
Promise.then
T @ main.7bcdfd5f.chunk.js:1
i @ main.7bcdfd5f.chunk.js:1
(匿名) @ main.7bcdfd5f.chunk.js:1
(匿名) @ main.7bcdfd5f.chunk.js:1
(匿名) @ main.7bcdfd5f.chunk.js:1
(匿名) @ main.7bcdfd5f.chunk.js:1
ic @ 7.79e3e0dd.chunk.js:1
ms @ 7.79e3e0dd.chunk.js:1
t.unstable_runWithPriority @ 7.79e3e0dd.chunk.js:1
Vi @ 7.79e3e0dd.chunk.js:1
vs @ 7.79e3e0dd.chunk.js:1
(匿名) @ 7.79e3e0dd.chunk.js:1
B @ 7.79e3e0dd.chunk.js:1
x.port1.onmessage @ 7.79e3e0dd.chunk.js:1
18:39:39.431 main.7bcdfd5f.chunk.js:1 Uncaught (in promise) r {message: undefined}
ee @ main.7bcdfd5f.chunk.js:1
u @ main.7bcdfd5f.chunk.js:1
Promise.then
ee @ main.7bcdfd5f.chunk.js:1
i @ main.7bcdfd5f.chunk.js:1
(匿名) @ main.7bcdfd5f.chunk.js:1
(匿名) @ main.7bcdfd5f.chunk.js:1
(匿名) @ main.7bcdfd5f.chunk.js:1
(匿名) @ main.7bcdfd5f.chunk.js:1
ic @ 7.79e3e0dd.chunk.js:1
ms @ 7.79e3e0dd.chunk.js:1
t.unstable_runWithPriority @ 7.79e3e0dd.chunk.js:1
Vi @ 7.79e3e0dd.chunk.js:1
vs @ 7.79e3e0dd.chunk.js:1
(匿名) @ 7.79e3e0dd.chunk.js:1
B @ 7.79e3e0dd.chunk.js:1
x.port1.onmessage @ 7.79e3e0dd.chunk.js:1
18:39:39.432 main.7bcdfd5f.chunk.js:1 Uncaught (in promise) r {message: undefined}
ee @ main.7bcdfd5f.chunk.js:1
u @ main.7bcdfd5f.chunk.js:1
Promise.then
ee @ main.7bcdfd5f.chunk.js:1
i @ main.7bcdfd5f.chunk.js:1
(匿名) @ main.7bcdfd5f.chunk.js:1
(匿名) @ main.7bcdfd5f.chunk.js:1
(匿名) @ main.7bcdfd5f.chunk.js:1
(匿名) @ main.7bcdfd5f.chunk.js:1
ic @ 7.79e3e0dd.chunk.js:1
ms @ 7.79e3e0dd.chunk.js:1
t.unstable_runWithPriority @ 7.79e3e0dd.chunk.js:1
Vi @ 7.79e3e0dd.chunk.js:1
vs @ 7.79e3e0dd.chunk.js:1
Zc @ 7.79e3e0dd.chunk.js:1
(匿名) @ 7.79e3e0dd.chunk.js:1
t.unstable_runWithPriority @ 7.79e3e0dd.chunk.js:1
Vi @ 7.79e3e0dd.chunk.js:1
qi @ 7.79e3e0dd.chunk.js:1
Ki @ 7.79e3e0dd.chunk.js:1
Yc @ 7.79e3e0dd.chunk.js:1
vo @ 7.79e3e0dd.chunk.js:1
(匿名) @ main.7bcdfd5f.chunk.js:1
f @ main.7bcdfd5f.chunk.js:1
(匿名) @ main.7bcdfd5f.chunk.js:1
(匿名) @ main.7bcdfd5f.chunk.js:1
T @ main.7bcdfd5f.chunk.js:1
i @ main.7bcdfd5f.chunk.js:1
Promise.then
T @ main.7bcdfd5f.chunk.js:1
i @ main.7bcdfd5f.chunk.js:1
(匿名) @ main.7bcdfd5f.chunk.js:1
(匿名) @ main.7bcdfd5f.chunk.js:1
(匿名) @ main.7bcdfd5f.chunk.js:1
(匿名) @ main.7bcdfd5f.chunk.js:1
ic @ 7.79e3e0dd.chunk.js:1
ms @ 7.79e3e0dd.chunk.js:1
t.unstable_runWithPriority @ 7.79e3e0dd.chunk.js:1
Vi @ 7.79e3e0dd.chunk.js:1
vs @ 7.79e3e0dd.chunk.js:1
(匿名) @ 7.79e3e0dd.chunk.js:1
B @ 7.79e3e0dd.chunk.js:1
x.port1.onmessage @ 7.79e3e0dd.chunk.js:1
18:39:40.476 main.7bcdfd5f.chunk.js:1 Uncaught (in promise) r {message: undefined}
H @ main.7bcdfd5f.chunk.js:1
u @ main.7bcdfd5f.chunk.js:1
Promise.then
H @ main.7bcdfd5f.chunk.js:1
i @ main.7bcdfd5f.chunk.js:1
(匿名) @ main.7bcdfd5f.chunk.js:1
(匿名) @ main.7bcdfd5f.chunk.js:1
(匿名) @ main.7bcdfd5f.chunk.js:1
(匿名) @ main.7bcdfd5f.chunk.js:1
ic @ 7.79e3e0dd.chunk.js:1
ms @ 7.79e3e0dd.chunk.js:1
t.unstable_runWithPriority @ 7.79e3e0dd.chunk.js:1
Vi @ 7.79e3e0dd.chunk.js:1
vs @ 7.79e3e0dd.chunk.js:1
Zc @ 7.79e3e0dd.chunk.js:1
(匿名) @ 7.79e3e0dd.chunk.js:1
t.unstable_runWithPriority @ 7.79e3e0dd.chunk.js:1
Vi @ 7.79e3e0dd.chunk.js:1
qi @ 7.79e3e0dd.chunk.js:1
Ki @ 7.79e3e0dd.chunk.js:1
Yc @ 7.79e3e0dd.chunk.js:1
vo @ 7.79e3e0dd.chunk.js:1
G @ 7.79e3e0dd.chunk.js:1
(匿名) @ 7.79e3e0dd.chunk.js:1
i @ 7.79e3e0dd.chunk.js:1
(匿名) @ 7.79e3e0dd.chunk.js:1
requestAnimationFrame
r @ 7.79e3e0dd.chunk.js:1
i @ 7.79e3e0dd.chunk.js:1
s @ 7.79e3e0dd.chunk.js:1
onResize @ 7.79e3e0dd.chunk.js:1
(匿名) @ 7.79e3e0dd.chunk.js:1
Promise.then
(匿名) @ 7.79e3e0dd.chunk.js:1
(匿名) @ 7.79e3e0dd.chunk.js:1
(匿名) @ 7.79e3e0dd.chunk.js:1
(匿名) @ 7.79e3e0dd.chunk.js:1
18:39:41.192  [每日积分] start: 收到消息 {type: 'START_DAILY_POINTS', data: {…}}
18:39:41.192  [每日积分] start: 转发START_DAILY_POINTS消息到页面 {knowledgeLink: 'https://zsgl.lzlj.com/znWeb/knowledge-cloud/#/knowledgePage/6d424ae30d064ae38560868164bbdec4', learningLimit: 100, contributionLimit: 300, interactionLimit: 100, taskDelay: 0}
18:39:41.193  [每日积分] panel: 收到页面消息1 {type: 'START_DAILY_POINTS', data: {…}}
18:39:41.194  [每日积分] panel: 处理START_DAILY_POINTS {knowledgeLink: 'https://zsgl.lzlj.com/znWeb/knowledge-cloud/#/knowledgePage/6d424ae30d064ae38560868164bbdec4', learningLimit: 100, contributionLimit: 300, interactionLimit: 100, taskDelay: 0}
18:39:41.194  [每日积分] panel: start方法被调用 {knowledgeLink: 'https://zsgl.lzlj.com/znWeb/knowledge-cloud/#/knowledgePage/6d424ae30d064ae38560868164bbdec4', learningLimit: 100, contributionLimit: 300, interactionLimit: 100, taskDelay: 0} isRunning: false
18:39:42.498  [每日积分] panel: 创建进度悬浮窗
18:39:42.501  [每日积分] panel: 收到页面消息1 {type: 'CONFIRM_START_TASK', data: {…}}
18:39:42.501  [debug 18:39:42 ] 收到确认开始任务消息 100 300 100
18:39:42.501  [debug 18:39:42 ] 用户确认开始任务，开始执行
18:39:42.501  [debug 18:39:42 ] 从知识页面链接提取pageId: 6d424ae30d064ae38560868164bbdec4
18:39:42.502  [debug 18:39:42 ] 从localStorage获取sid: F76FB3D332BB4D4D8F5F3EE25814DBF6
18:39:42.502  [debug 18:39:42 ] 获取积分详情: 2026-03-16 ~ 2026-03-31
18:39:42.502  [debug 18:39:42 ] 发送API请求: POST https://zsgl.lzlj.com/learn/app/clientapi/personal/statistics/queryUserPointPercent.do?os=99&sid=F76FB3D332BB4D4D8F5F3EE25814DBF6
18:39:42.740  [debug 18:39:42 ] API响应成功: {body: Array(4), code: '0', file: null, message: '成功', user: null}
18:39:42.741  [debug 18:39:42 ] 积分项: 知识被阅读 (knowledge_read_point) = 20
18:39:42.741  [debug 18:39:42 ] 更新贡献积分: 20
18:39:42.741  [debug 18:39:42 ] 积分项: 知识被分享 (knowledge_shared) = 20
18:39:42.741  [debug 18:39:42 ] 更新互动积分: 20
18:39:42.741  [debug 18:39:42 ] 积分项: 学习课程 (24E2D4D119E74B76AC349FA12A0B646C) = 8
18:39:42.741  [debug 18:39:42 ] 更新学习积分（学习课程）: +8，当前: 8
18:39:42.741  [debug 18:39:42 ] 积分项: 知识分享 (knowledge_sharing) = 10
18:39:42.742  [debug 18:39:42 ] 更新互动积分: 30
18:39:42.742  [debug 18:39:42 ] 开始执行任务：knowledgeShare
18:39:42.742  [debug 18:39:42 ] 提取到pageId: 6d424ae30d064ae38560868164bbdec4, sid: F76FB3D332BB4D4D8F5F3EE25814DBF6
18:39:42.742  [debug 18:39:42 ] 开始知识分享任务（API方式）
18:39:42.743  [debug 18:39:42 ] 互动积分分差: 70
18:39:42.743  [debug 18:39:42 ] 获取知识分享: pageId=6d424ae30d064ae38560868164bbdec4
18:39:42.743  [debug 18:39:42 ] 发送API请求: GET https://zsgl.lzlj.com/learn/app/clientapi/knowledge/cloud/page/like/isShareOut.do?pageId=6d424ae30d064ae38560868164bbdec4&shareOutType=&sid=F76FB3D332BB4D4D8F5F3EE25814DBF6&os=99
18:39:42.745  [每日积分] panel: 收到页面消息1 {type: 'POINTS_UPDATED', data: {…}}
18:39:42.745 dailyPointsPanel.ts:337 [每日积分] panel: 处理POINTS_UPDATED {learning: {…}, contribution: {…}, interaction: {…}}
18:39:42.944 log.ts:179 [debug 18:39:42 ] API响应成功: {body: {…}, code: '0', file: null, message: '成功', user: null}
18:39:42.944 log.ts:179 [debug 18:39:42 ] 知识分享成功，第1次调用，累积积分: 0.6/70
18:39:42.944 log.ts:179 [debug 18:39:42 ] 获取知识分享: pageId=6d424ae30d064ae38560868164bbdec4
18:39:42.944 log.ts:179 [debug 18:39:42 ] 发送API请求: GET https://zsgl.lzlj.com/learn/app/clientapi/knowledge/cloud/page/like/isShareOut.do?pageId=6d424ae30d064ae38560868164bbdec4&shareOutType=&sid=F76FB3D332BB4D4D8F5F3EE25814DBF6&os=99
18:39:43.130 log.ts:179 [debug 18:39:43 ] API响应成功: {body: {…}, code: '0', file: null, message: '成功', user: null}
18:39:43.130 log.ts:179 [debug 18:39:43 ] 知识分享成功，第2次调用，累积积分: 1.2/70
18:39:43.131 log.ts:179 [debug 18:39:43 ] 获取知识分享: pageId=6d424ae30d064ae38560868164bbdec4
18:39:43.131 log.ts:179 [debug 18:39:43 ] 发送API请求: GET https://zsgl.lzlj.com/learn/app/clientapi/knowledge/cloud/page/like/isShareOut.do?pageId=6d424ae30d064ae38560868164bbdec4&shareOutType=&sid=F76FB3D332BB4D4D8F5F3EE25814DBF6&os=99
18:39:43.243 log.ts:179 [debug 18:39:43 ] API响应成功: {body: {…}, code: '0', file: null, message: '成功', user: null}
18:39:43.243 log.ts:179 [debug 18:39:43 ] 知识分享成功，第3次调用，累积积分: 1.7999999999999998/70
18:39:43.243 log.ts:179 [debug 18:39:43 ] 获取知识分享: pageId=6d424ae30d064ae38560868164bbdec4
18:39:43.244 log.ts:179 [debug 18:39:43 ] 发送API请求: GET https://zsgl.lzlj.com/learn/app/clientapi/knowledge/cloud/page/like/isShareOut.do?pageId=6d424ae30d064ae38560868164bbdec4&shareOutType=&sid=F76FB3D332BB4D4D8F5F3EE25814DBF6&os=99
18:39:43.424 log.ts:179 [debug 18:39:43 ] API响应成功: {body: {…}, code: '0', file: null, message: '成功', user: null}
18:39:43.424 log.ts:179 [debug 18:39:43 ] 知识分享成功，第4次调用，累积积分: 2.4/70
18:39:43.424 log.ts:179 [debug 18:39:43 ] 获取知识分享: pageId=6d424ae30d064ae38560868164bbdec4
18:39:43.424 log.ts:179 [debug 18:39:43 ] 发送API请求: GET https://zsgl.lzlj.com/learn/app/clientapi/knowledge/cloud/page/like/isShareOut.do?pageId=6d424ae30d064ae38560868164bbdec4&shareOutType=&sid=F76FB3D332BB4D4D8F5F3EE25814DBF6&os=99
18:39:43.622 log.ts:179 [debug 18:39:43 ] API响应成功: {body: {…}, code: '0', file: null, message: '成功', user: null}
18:39:43.622 log.ts:179 [debug 18:39:43 ] 知识分享成功，第5次调用，累积积分: 3/70
18:39:43.623 log.ts:179 [debug 18:39:43 ] 获取积分详情: 2026-03-16 ~ 2026-03-31
18:39:43.623 log.ts:179 [debug 18:39:43 ] 发送API请求: POST https://zsgl.lzlj.com/learn/app/clientapi/personal/statistics/queryUserPointPercent.do?os=99&sid=F76FB3D332BB4D4D8F5F3EE25814DBF6
18:39:43.868 log.ts:179 [debug 18:39:43 ] API响应成功: {body: Array(4), code: '0', file: null, message: '成功', user: null}
18:39:43.868 log.ts:179 [debug 18:39:43 ] 积分项: 知识被阅读 (knowledge_read_point) = 20
18:39:43.868 log.ts:179 [debug 18:39:43 ] 更新贡献积分: 20
18:39:43.868 log.ts:179 [debug 18:39:43 ] 积分项: 知识被分享 (knowledge_shared) = 20
18:39:43.868 log.ts:179 [debug 18:39:43 ] 更新互动积分: 20
18:39:43.868 log.ts:179 [debug 18:39:43 ] 积分项: 学习课程 (24E2D4D119E74B76AC349FA12A0B646C) = 8
18:39:43.868 log.ts:179 [debug 18:39:43 ] 更新学习积分（学习课程）: +8，当前: 8
18:39:43.868 log.ts:179 [debug 18:39:43 ] 积分项: 知识分享 (knowledge_sharing) = 10
18:39:43.868 log.ts:179 [debug 18:39:43 ] 更新互动积分: 30
18:39:43.869 log.ts:197 [warn 18:39:43 ] 积分无变化，连续无变化次数: 1/2
Warn @ log.ts:197
updatePointsStateFromApi @ dailyPoints.ts:505
eval @ dailyPoints.ts:1041
fulfilled @ dailyPoints.ts:5
Promise.then
step @ dailyPoints.ts:7
fulfilled @ dailyPoints.ts:5
Promise.then
step @ dailyPoints.ts:7
fulfilled @ dailyPoints.ts:5
Promise.then
step @ dailyPoints.ts:7
fulfilled @ dailyPoints.ts:5
Promise.then
step @ dailyPoints.ts:7
fulfilled @ dailyPoints.ts:5
Promise.then
step @ dailyPoints.ts:7
fulfilled @ dailyPoints.ts:5
Promise.then
step @ dailyPoints.ts:7
eval @ dailyPoints.ts:8
__awaiter @ dailyPoints.ts:4
executeKnowledgeShareTask @ dailyPoints.ts:1007
eval @ dailyPoints.ts:274
fulfilled @ dailyPoints.ts:5
Promise.then
step @ dailyPoints.ts:7
eval @ dailyPoints.ts:8
__awaiter @ dailyPoints.ts:4
executeTaskAfterConfirm @ dailyPoints.ts:242
messageListener @ dailyPoints.ts:169
postMessage
eval @ dailyPointsPanel.ts:363
eval @ dailyPointsPanel.ts:447
18:39:43.869 log.ts:179 [debug 18:39:43 ] 获取知识分享: pageId=6d424ae30d064ae38560868164bbdec4
18:39:43.869 log.ts:179 [debug 18:39:43 ] 发送API请求: GET https://zsgl.lzlj.com/learn/app/clientapi/knowledge/cloud/page/like/isShareOut.do?pageId=6d424ae30d064ae38560868164bbdec4&shareOutType=&sid=F76FB3D332BB4D4D8F5F3EE25814DBF6&os=99
18:39:43.872 dailyPointsPanel.ts:323 [每日积分] panel: 收到页面消息1 {type: 'POINTS_UPDATED', data: {…}}
18:39:43.872 dailyPointsPanel.ts:337 [每日积分] panel: 处理POINTS_UPDATED {learning: {…}, contribution: {…}, interaction: {…}}
18:39:44.070 log.ts:179 [debug 18:39:44 ] API响应成功: {body: {…}, code: '0', file: null, message: '成功', user: null}
18:39:44.070 log.ts:179 [debug 18:39:44 ] 知识分享成功，第6次调用，累积积分: 0.6/70
18:39:44.070 log.ts:179 [debug 18:39:44 ] 获取知识分享: pageId=6d424ae30d064ae38560868164bbdec4
18:39:44.070 log.ts:179 [debug 18:39:44 ] 发送API请求: GET https://zsgl.lzlj.com/learn/app/clientapi/knowledge/cloud/page/like/isShareOut.do?pageId=6d424ae30d064ae38560868164bbdec4&shareOutType=&sid=F76FB3D332BB4D4D8F5F3EE25814DBF6&os=99
18:39:44.267 log.ts:179 [debug 18:39:44 ] API响应成功: {body: {…}, code: '0', file: null, message: '成功', user: null}
18:39:44.268 log.ts:179 [debug 18:39:44 ] 知识分享成功，第7次调用，累积积分: 1.2/70
18:39:44.268 log.ts:179 [debug 18:39:44 ] 获取知识分享: pageId=6d424ae30d064ae38560868164bbdec4
18:39:44.268 log.ts:179 [debug 18:39:44 ] 发送API请求: GET https://zsgl.lzlj.com/learn/app/clientapi/knowledge/cloud/page/like/isShareOut.do?pageId=6d424ae30d064ae38560868164bbdec4&shareOutType=&sid=F76FB3D332BB4D4D8F5F3EE25814DBF6&os=99
18:39:44.458 log.ts:179 [debug 18:39:44 ] API响应成功: {body: {…}, code: '0', file: null, message: '成功', user: null}
18:39:44.458 log.ts:179 [debug 18:39:44 ] 知识分享成功，第8次调用，累积积分: 1.7999999999999998/70
18:39:44.458 log.ts:179 [debug 18:39:44 ] 获取知识分享: pageId=6d424ae30d064ae38560868164bbdec4
18:39:44.458 log.ts:179 [debug 18:39:44 ] 发送API请求: GET https://zsgl.lzlj.com/learn/app/clientapi/knowledge/cloud/page/like/isShareOut.do?pageId=6d424ae30d064ae38560868164bbdec4&shareOutType=&sid=F76FB3D332BB4D4D8F5F3EE25814DBF6&os=99
18:39:44.653 log.ts:179 [debug 18:39:44 ] API响应成功: {body: {…}, code: '0', file: null, message: '成功', user: null}
18:39:44.653 log.ts:179 [debug 18:39:44 ] 知识分享成功，第9次调用，累积积分: 2.4/70
18:39:44.653 log.ts:179 [debug 18:39:44 ] 获取知识分享: pageId=6d424ae30d064ae38560868164bbdec4
18:39:44.653 log.ts:179 [debug 18:39:44 ] 发送API请求: GET https://zsgl.lzlj.com/learn/app/clientapi/knowledge/cloud/page/like/isShareOut.do?pageId=6d424ae30d064ae38560868164bbdec4&shareOutType=&sid=F76FB3D332BB4D4D8F5F3EE25814DBF6&os=99
18:39:44.851 log.ts:179 [debug 18:39:44 ] API响应成功: {body: {…}, code: '0', file: null, message: '成功', user: null}
18:39:44.851 log.ts:179 [debug 18:39:44 ] 知识分享成功，第10次调用，累积积分: 3/70
18:39:44.851 log.ts:179 [debug 18:39:44 ] 获取积分详情: 2026-03-16 ~ 2026-03-31
18:39:44.851 log.ts:179 [debug 18:39:44 ] 发送API请求: POST https://zsgl.lzlj.com/learn/app/clientapi/personal/statistics/queryUserPointPercent.do?os=99&sid=F76FB3D332BB4D4D8F5F3EE25814DBF6
18:39:45.110 log.ts:179 [debug 18:39:45 ] API响应成功: {body: Array(4), code: '0', file: null, message: '成功', user: null}
18:39:45.110 log.ts:179 [debug 18:39:45 ] 积分项: 知识被阅读 (knowledge_read_point) = 20
18:39:45.110 log.ts:179 [debug 18:39:45 ] 更新贡献积分: 20
18:39:45.110 log.ts:179 [debug 18:39:45 ] 积分项: 知识被分享 (knowledge_shared) = 20
18:39:45.110 log.ts:179 [debug 18:39:45 ] 更新互动积分: 20
18:39:45.110 log.ts:179 [debug 18:39:45 ] 积分项: 学习课程 (24E2D4D119E74B76AC349FA12A0B646C) = 8
18:39:45.110 log.ts:179 [debug 18:39:45 ] 更新学习积分（学习课程）: +8，当前: 8
18:39:45.110 log.ts:179 [debug 18:39:45 ] 积分项: 知识分享 (knowledge_sharing) = 10
18:39:45.111 log.ts:179 [debug 18:39:45 ] 更新互动积分: 30
18:39:45.111 log.ts:197 [warn 18:39:45 ] 积分无变化，连续无变化次数: 2/2
Warn @ log.ts:197
updatePointsStateFromApi @ dailyPoints.ts:505
eval @ dailyPoints.ts:1041
fulfilled @ dailyPoints.ts:5
Promise.then
step @ dailyPoints.ts:7
fulfilled @ dailyPoints.ts:5
Promise.then
step @ dailyPoints.ts:7
fulfilled @ dailyPoints.ts:5
Promise.then
step @ dailyPoints.ts:7
fulfilled @ dailyPoints.ts:5
Promise.then
step @ dailyPoints.ts:7
fulfilled @ dailyPoints.ts:5
Promise.then
step @ dailyPoints.ts:7
fulfilled @ dailyPoints.ts:5
Promise.then
step @ dailyPoints.ts:7
fulfilled @ dailyPoints.ts:5
Promise.then
step @ dailyPoints.ts:7
fulfilled @ dailyPoints.ts:5
Promise.then
step @ dailyPoints.ts:7
fulfilled @ dailyPoints.ts:5
Promise.then
step @ dailyPoints.ts:7
fulfilled @ dailyPoints.ts:5
Promise.then
step @ dailyPoints.ts:7
fulfilled @ dailyPoints.ts:5
Promise.then
step @ dailyPoints.ts:7
fulfilled @ dailyPoints.ts:5
Promise.then
step @ dailyPoints.ts:7
eval @ dailyPoints.ts:8
__awaiter @ dailyPoints.ts:4
executeKnowledgeShareTask @ dailyPoints.ts:1007
eval @ dailyPoints.ts:274
fulfilled @ dailyPoints.ts:5
Promise.then
step @ dailyPoints.ts:7
eval @ dailyPoints.ts:8
__awaiter @ dailyPoints.ts:4
executeTaskAfterConfirm @ dailyPoints.ts:242
messageListener @ dailyPoints.ts:169
postMessage
eval @ dailyPointsPanel.ts:363
eval @ dailyPointsPanel.ts:447
18:39:45.111 log.ts:179 [debug 18:39:45 ] 提取到pageId: 6d424ae30d064ae38560868164bbdec4, sid: F76FB3D332BB4D4D8F5F3EE25814DBF6
18:39:45.111 log.ts:179 [debug 18:39:45 ] 开始知识分享任务（API方式）
18:39:45.111 log.ts:179 [debug 18:39:45 ] 互动积分分差: 70
18:39:45.111 log.ts:179 [debug 18:39:45 ] 获取知识分享: pageId=6d424ae30d064ae38560868164bbdec4
18:39:45.111 log.ts:179 [debug 18:39:45 ] 发送API请求: GET https://zsgl.lzlj.com/learn/app/clientapi/knowledge/cloud/page/like/isShareOut.do?pageId=6d424ae30d064ae38560868164bbdec4&shareOutType=&sid=F76FB3D332BB4D4D8F5F3EE25814DBF6&os=99
18:39:45.112 log.ts:179 [debug 18:39:45 ] 获取知识分享: pageId=6d424ae30d064ae38560868164bbdec4
18:39:45.112 log.ts:179 [debug 18:39:45 ] 发送API请求: GET https://zsgl.lzlj.com/learn/app/clientapi/knowledge/cloud/page/like/isShareOut.do?pageId=6d424ae30d064ae38560868164bbdec4&shareOutType=&sid=F76FB3D332BB4D4D8F5F3EE25814DBF6&os=99
18:39:45.114 dailyPointsPanel.ts:323 [每日积分] panel: 收到页面消息1 {type: 'POINTS_UPDATED', data: {…}}
18:39:45.114 dailyPointsPanel.ts:337 [每日积分] panel: 处理POINTS_UPDATED {learning: {…}, contribution: {…}, interaction: {…}}
18:39:45.221 log.ts:179 [debug 18:39:45 ] API响应成功: {body: {…}, code: '0', file: null, message: '成功', user: null}
18:39:45.221 log.ts:179 [debug 18:39:45 ] 知识分享成功，第1次调用，累积积分: 0.6/70
18:39:45.222 log.ts:179 [debug 18:39:45 ] 获取知识分享: pageId=6d424ae30d064ae38560868164bbdec4
18:39:45.222 log.ts:179 [debug 18:39:45 ] 发送API请求: GET https://zsgl.lzlj.com/learn/app/clientapi/knowledge/cloud/page/like/isShareOut.do?pageId=6d424ae30d064ae38560868164bbdec4&shareOutType=&sid=F76FB3D332BB4D4D8F5F3EE25814DBF6&os=99
18:39:45.303 log.ts:179 [debug 18:39:45 ] API响应成功: {body: {…}, code: '0', file: null, message: '成功', user: null}
18:39:45.304 log.ts:179 [debug 18:39:45 ] 知识分享成功，第2次调用，累积积分: 1.2/70
18:39:45.304 log.ts:179 [debug 18:39:45 ] 获取知识分享: pageId=6d424ae30d064ae38560868164bbdec4
18:39:45.304 log.ts:179 [debug 18:39:45 ] 发送API请求: GET https://zsgl.lzlj.com/learn/app/clientapi/knowledge/cloud/page/like/isShareOut.do?pageId=6d424ae30d064ae38560868164bbdec4&shareOutType=&sid=F76FB3D332BB4D4D8F5F3EE25814DBF6&os=99
18:39:45.334 log.ts:179 [debug 18:39:45 ] API响应成功: {body: {…}, code: '0', file: null, message: '成功', user: null}
18:39:45.334 log.ts:179 [debug 18:39:45 ] 知识分享成功，第3次调用，累积积分: 1.7999999999999998/70
18:39:45.334 log.ts:179 [debug 18:39:45 ] 获取知识分享: pageId=6d424ae30d064ae38560868164bbdec4
18:39:45.335 log.ts:179 [debug 18:39:45 ] 发送API请求: GET https://zsgl.lzlj.com/learn/app/clientapi/knowledge/cloud/page/like/isShareOut.do?pageId=6d424ae30d064ae38560868164bbdec4&shareOutType=&sid=F76FB3D332BB4D4D8F5F3EE25814DBF6&os=99
18:39:45.418 log.ts:179 [debug 18:39:45 ] API响应成功: {body: {…}, code: '0', file: null, message: '成功', user: null}
18:39:45.418 log.ts:179 [debug 18:39:45 ] 知识分享成功，第4次调用，累积积分: 2.4/70
18:39:45.418 log.ts:179 [debug 18:39:45 ] 获取知识分享: pageId=6d424ae30d064ae38560868164bbdec4
18:39:45.419 log.ts:179 [debug 18:39:45 ] 发送API请求: GET https://zsgl.lzlj.com/learn/app/clientapi/knowledge/cloud/page/like/isShareOut.do?pageId=6d424ae30d064ae38560868164bbdec4&shareOutType=&sid=F76FB3D332BB4D4D8F5F3EE25814DBF6&os=99
18:39:45.458 log.ts:179 [debug 18:39:45 ] API响应成功: {body: {…}, code: '0', file: null, message: '成功', user: null}
18:39:45.459 log.ts:179 [debug 18:39:45 ] 知识分享成功，第5次调用，累积积分: 3/70
18:39:45.459 log.ts:179 [debug 18:39:45 ] 获取积分详情: 2026-03-16 ~ 2026-03-31
18:39:45.459 log.ts:179 [debug 18:39:45 ] 发送API请求: POST https://zsgl.lzlj.com/learn/app/clientapi/personal/statistics/queryUserPointPercent.do?os=99&sid=F76FB3D332BB4D4D8F5F3EE25814DBF6
18:39:45.611 log.ts:179 [debug 18:39:45 ] API响应成功: {body: {…}, code: '0', file: null, message: '成功', user: null}
18:39:45.611 log.ts:179 [debug 18:39:45 ] 知识分享成功，第6次调用，累积积分: 3.6/70
18:39:45.611 log.ts:179 [debug 18:39:45 ] 获取知识分享: pageId=6d424ae30d064ae38560868164bbdec4
18:39:45.611 log.ts:179 [debug 18:39:45 ] 发送API请求: GET https://zsgl.lzlj.com/learn/app/clientapi/knowledge/cloud/page/like/isShareOut.do?pageId=6d424ae30d064ae38560868164bbdec4&shareOutType=&sid=F76FB3D332BB4D4D8F5F3EE25814DBF6&os=99
18:39:45.694 log.ts:179 [debug 18:39:45 ] API响应成功: {body: Array(4), code: '0', file: null, message: '成功', user: null}
18:39:45.694 log.ts:179 [debug 18:39:45 ] 积分项: 知识被阅读 (knowledge_read_point) = 20
18:39:45.695 log.ts:179 [debug 18:39:45 ] 更新贡献积分: 20
18:39:45.695 log.ts:179 [debug 18:39:45 ] 积分项: 知识被分享 (knowledge_shared) = 20
18:39:45.695 log.ts:179 [debug 18:39:45 ] 更新互动积分: 20
18:39:45.695 log.ts:179 [debug 18:39:45 ] 积分项: 学习课程 (24E2D4D119E74B76AC349FA12A0B646C) = 8
18:39:45.695 log.ts:179 [debug 18:39:45 ] 更新学习积分（学习课程）: +8，当前: 8
18:39:45.695 log.ts:179 [debug 18:39:45 ] 积分项: 知识分享 (knowledge_sharing) = 10
18:39:45.695 log.ts:179 [debug 18:39:45 ] 更新互动积分: 30
18:39:45.695 log.ts:197 [warn 18:39:45 ] 积分无变化，连续无变化次数: 1/2
Warn @ log.ts:197
updatePointsStateFromApi @ dailyPoints.ts:505
eval @ dailyPoints.ts:1041
fulfilled @ dailyPoints.ts:5
Promise.then
step @ dailyPoints.ts:7
fulfilled @ dailyPoints.ts:5
Promise.then
step @ dailyPoints.ts:7
fulfilled @ dailyPoints.ts:5
Promise.then
step @ dailyPoints.ts:7
fulfilled @ dailyPoints.ts:5
Promise.then
step @ dailyPoints.ts:7
eval @ dailyPoints.ts:8
__awaiter @ dailyPoints.ts:4
executeKnowledgeShareTask @ dailyPoints.ts:1007
eval @ dailyPoints.ts:539
eval @ dailyPoints.ts:8
__awaiter @ dailyPoints.ts:4
switchToNextTask @ dailyPoints.ts:519
updatePointsStateFromApi @ dailyPoints.ts:508
eval @ dailyPoints.ts:1041
fulfilled @ dailyPoints.ts:5
Promise.then
step @ dailyPoints.ts:7
fulfilled @ dailyPoints.ts:5
Promise.then
step @ dailyPoints.ts:7
fulfilled @ dailyPoints.ts:5
Promise.then
step @ dailyPoints.ts:7
fulfilled @ dailyPoints.ts:5
Promise.then
step @ dailyPoints.ts:7
fulfilled @ dailyPoints.ts:5
Promise.then
step @ dailyPoints.ts:7
fulfilled @ dailyPoints.ts:5
Promise.then
step @ dailyPoints.ts:7
fulfilled @ dailyPoints.ts:5
Promise.then
step @ dailyPoints.ts:7
fulfilled @ dailyPoints.ts:5
Promise.then
step @ dailyPoints.ts:7
fulfilled @ dailyPoints.ts:5
Promise.then
step @ dailyPoints.ts:7
fulfilled @ dailyPoints.ts:5
Promise.then
step @ dailyPoints.ts:7
fulfilled @ dailyPoints.ts:5
Promise.then
step @ dailyPoints.ts:7
fulfilled @ dailyPoints.ts:5
Promise.then
step @ dailyPoints.ts:7
eval @ dailyPoints.ts:8
__awaiter @ dailyPoints.ts:4
executeKnowledgeShareTask @ dailyPoints.ts:1007
eval @ dailyPoints.ts:274
fulfilled @ dailyPoints.ts:5
Promise.then
step @ dailyPoints.ts:7
eval @ dailyPoints.ts:8
__awaiter @ dailyPoints.ts:4
executeTaskAfterConfirm @ dailyPoints.ts:242
messageListener @ dailyPoints.ts:169
postMessage
eval @ dailyPointsPanel.ts:363
eval @ dailyPointsPanel.ts:447
18:39:45.695 log.ts:179 [debug 18:39:45 ] 获取知识分享: pageId=6d424ae30d064ae38560868164bbdec4
18:39:45.695 log.ts:179 [debug 18:39:45 ] 发送API请求: GET https://zsgl.lzlj.com/learn/app/clientapi/knowledge/cloud/page/like/isShareOut.do?pageId=6d424ae30d064ae38560868164bbdec4&shareOutType=&sid=F76FB3D332BB4D4D8F5F3EE25814DBF6&os=99
18:39:45.698 dailyPointsPanel.ts:323 [每日积分] panel: 收到页面消息1 {type: 'POINTS_UPDATED', data: {…}}
18:39:45.698 dailyPointsPanel.ts:337 [每日积分] panel: 处理POINTS_UPDATED {learning: {…}, contribution: {…}, interaction: {…}}
18:39:45.809 log.ts:179 [debug 18:39:45 ] API响应成功: {body: {…}, code: '0', file: null, message: '成功', user: null}
18:39:45.809 log.ts:179 [debug 18:39:45 ] 知识分享成功，第7次调用，累积积分: 0.6/70
18:39:45.809 log.ts:179 [debug 18:39:45 ] 获取知识分享: pageId=6d424ae30d064ae38560868164bbdec4
18:39:45.809 log.ts:179 [debug 18:39:45 ] 发送API请求: GET https://zsgl.lzlj.com/learn/app/clientapi/knowledge/cloud/page/like/isShareOut.do?pageId=6d424ae30d064ae38560868164bbdec4&shareOutType=&sid=F76FB3D332BB4D4D8F5F3EE25814DBF6&os=99
18:39:45.884  [debug 18:39:45 ] API响应成功: {body: {…}, code: '0', file: null, message: '成功', user: null}
18:39:45.884  [debug 18:39:45 ] 知识分享成功，第8次调用，累积积分: 1.2/70
18:39:45.884  [debug 18:39:45 ] 获取知识分享: pageId=6d424ae30d064ae38560868164bbdec4
18:39:45.885  [debug 18:39:45 ] 发送API请求: GET https://zsgl.lzlj.com/learn/app/clientapi/knowledge/cloud/page/like/isShareOut.do?pageId=6d424ae30d064ae38560868164bbdec4&shareOutType=&sid=F76FB3D332BB4D4D8F5F3EE25814DBF6&os=99
18:39:45.941  [debug 18:39:45 ] API响应成功: {body: {…}, code: '0', file: null, message: '成功', user: null}
18:39:45.941  [debug 18:39:45 ] 知识分享成功，第9次调用，累积积分: 1.7999999999999998/70
18:39:45.941  [debug 18:39:45 ] 获取知识分享: pageId=6d424ae30d064ae38560868164bbdec4
18:39:45.941  [debug 18:39:45 ] 发送API请求: GET https://zsgl.lzlj.com/learn/app/clientapi/knowledge/cloud/page/like/isShareOut.do?pageId=6d424ae30d064ae38560868164bbdec4&shareOutType=&sid=F76FB3D332BB4D4D8F5F3EE25814DBF6&os=99
18:39:46.011  [debug 18:39:46 ] API响应成功: {body: {…}, code: '0', file: null, message: '成功', user: null}
18:39:46.011  [debug 18:39:46 ] 知识分享成功，第10次调用，累积积分: 2.4/70
18:39:46.012  [debug 18:39:46 ] 获取积分详情: 2026-03-16 ~ 2026-03-31
18:39:46.012  [debug 18:39:46 ] 发送API请求: POST https://zsgl.lzlj.com/learn/app/clientapi/personal/statistics/queryUserPointPercent.do?os=99&sid=F76FB3D332BB4D4D8F5F3EE25814DBF6
18:39:46.061  [debug 18:39:46 ] API响应成功: {body: {…}, code: '0', file: null, message: '成功', user: null}
18:39:46.061  [debug 18:39:46 ] 知识分享成功，第11次调用，累积积分: 3/70
18:39:46.061  [debug 18:39:46 ] 获取知识分享: pageId=6d424ae30d064ae38560868164bbdec4
18:39:46.061  [debug 18:39:46 ] 发送API请求: GET https://zsgl.lzlj.com/learn/app/clientapi/knowledge/cloud/page/like/isShareOut.do?pageId=6d424ae30d064ae38560868164bbdec4&shareOutType=&sid=F76FB3D332BB4D4D8F5F3EE25814DBF6&os=99
18:39:46.177  [debug 18:39:46 ] API响应成功: {body: {…}, code: '0', file: null, message: '成功', user: null}
18:39:46.177  [debug 18:39:46 ] 知识分享成功，第12次调用，累积积分: 3.6/70
18:39:46.177  [debug 18:39:46 ] 获取知识分享: pageId=6d424ae30d064ae38560868164bbdec4
18:39:46.177  [debug 18:39:46 ] 发送API请求: GET https://zsgl.lzlj.com/learn/app/clientapi/knowledge/cloud/page/like/isShareOut.do?pageId=6d424ae30d064ae38560868164bbdec4&shareOutType=&sid=F76FB3D332BB4D4D8F5F3EE25814DBF6&os=99
18:39:46.214  [debug 18:39:46 ] API响应成功: {body: Array(4), code: '0', file: null, message: '成功', user: null}
18:39:46.214  [debug 18:39:46 ] 积分项: 知识被阅读 (knowledge_read_point) = 20
18:39:46.214  [debug 18:39:46 ] 更新贡献积分: 20
18:39:46.214  [debug 18:39:46 ] 积分项: 知识被分享 (knowledge_shared) = 20
18:39:46.214  [debug 18:39:46 ] 更新互动积分: 20
18:39:46.215  [debug 18:39:46 ] 积分项: 学习课程 (24E2D4D119E74B76AC349FA12A0B646C) = 8
18:39:46.215  [debug 18:39:46 ] 更新学习积分（学习课程）: +8，当前: 8
18:39:46.215  [debug 18:39:46 ] 积分项: 知识分享 (knowledge_sharing) = 10
18:39:46.215  [debug 18:39:46 ] 更新互动积分: 30
18:39:46.215  [warn 18:39:46 ] 积分无变化，连续无变化次数: 2/2
Warn @ webpack://cxmooc-too…l/utils/log.ts?:197
updatePointsStateFromApi @ webpack://cxmooc-too…dailyPoints.ts?:505
eval @ webpack://cxmooc-too…ailyPoints.ts?:1041
fulfilled @ webpack://cxmooc-too…l/dailyPoints.ts?:5
Promise.then
step @ webpack://cxmooc-too…l/dailyPoints.ts?:7
fulfilled @ webpack://cxmooc-too…l/dailyPoints.ts?:5
Promise.then
step @ webpack://cxmooc-too…l/dailyPoints.ts?:7
fulfilled @ webpack://cxmooc-too…l/dailyPoints.ts?:5
Promise.then
step @ webpack://cxmooc-too…l/dailyPoints.ts?:7
fulfilled @ webpack://cxmooc-too…l/dailyPoints.ts?:5
Promise.then
step @ webpack://cxmooc-too…l/dailyPoints.ts?:7
fulfilled @ webpack://cxmooc-too…l/dailyPoints.ts?:5
Promise.then
step @ webpack://cxmooc-too…l/dailyPoints.ts?:7
fulfilled @ webpack://cxmooc-too…l/dailyPoints.ts?:5
Promise.then
step @ webpack://cxmooc-too…l/dailyPoints.ts?:7
fulfilled @ webpack://cxmooc-too…l/dailyPoints.ts?:5
Promise.then
step @ webpack://cxmooc-too…l/dailyPoints.ts?:7
eval @ webpack://cxmooc-too…l/dailyPoints.ts?:8
__awaiter @ webpack://cxmooc-too…l/dailyPoints.ts?:4
executeKnowledgeShareTask @ webpack://cxmooc-too…ailyPoints.ts?:1007
eval @ webpack://cxmooc-too…dailyPoints.ts?:539
eval @ webpack://cxmooc-too…l/dailyPoints.ts?:8
__awaiter @ webpack://cxmooc-too…l/dailyPoints.ts?:4
switchToNextTask @ webpack://cxmooc-too…dailyPoints.ts?:519
updatePointsStateFromApi @ webpack://cxmooc-too…dailyPoints.ts?:508
eval @ webpack://cxmooc-too…ailyPoints.ts?:1041
fulfilled @ webpack://cxmooc-too…l/dailyPoints.ts?:5
Promise.then
step @ webpack://cxmooc-too…l/dailyPoints.ts?:7
fulfilled @ webpack://cxmooc-too…l/dailyPoints.ts?:5
Promise.then
step @ webpack://cxmooc-too…l/dailyPoints.ts?:7
fulfilled @ webpack://cxmooc-too…l/dailyPoints.ts?:5
Promise.then
step @ webpack://cxmooc-too…l/dailyPoints.ts?:7
fulfilled @ webpack://cxmooc-too…l/dailyPoints.ts?:5
Promise.then
step @ webpack://cxmooc-too…l/dailyPoints.ts?:7
fulfilled @ webpack://cxmooc-too…l/dailyPoints.ts?:5
Promise.then
step @ webpack://cxmooc-too…l/dailyPoints.ts?:7
fulfilled @ webpack://cxmooc-too…l/dailyPoints.ts?:5
Promise.then
step @ webpack://cxmooc-too…l/dailyPoints.ts?:7
fulfilled @ webpack://cxmooc-too…l/dailyPoints.ts?:5
Promise.then
step @ webpack://cxmooc-too…l/dailyPoints.ts?:7
fulfilled @ webpack://cxmooc-too…l/dailyPoints.ts?:5
Promise.then
step @ webpack://cxmooc-too…l/dailyPoints.ts?:7
fulfilled @ webpack://cxmooc-too…l/dailyPoints.ts?:5
Promise.then
step @ webpack://cxmooc-too…l/dailyPoints.ts?:7
fulfilled @ webpack://cxmooc-too…l/dailyPoints.ts?:5
Promise.then
step @ webpack://cxmooc-too…l/dailyPoints.ts?:7
fulfilled @ webpack://cxmooc-too…l/dailyPoints.ts?:5
Promise.then
step @ webpack://cxmooc-too…l/dailyPoints.ts?:7
fulfilled @ webpack://cxmooc-too…l/dailyPoints.ts?:5
Promise.then
step @ webpack://cxmooc-too…l/dailyPoints.ts?:7
eval @ webpack://cxmooc-too…l/dailyPoints.ts?:8
__awaiter @ webpack://cxmooc-too…l/dailyPoints.ts?:4
executeKnowledgeShareTask @ webpack://cxmooc-too…ailyPoints.ts?:1007
eval @ webpack://cxmooc-too…dailyPoints.ts?:274
fulfilled @ webpack://cxmooc-too…l/dailyPoints.ts?:5
Promise.then
step @ webpack://cxmooc-too…l/dailyPoints.ts?:7
eval @ webpack://cxmooc-too…l/dailyPoints.ts?:8
__awaiter @ webpack://cxmooc-too…l/dailyPoints.ts?:4
executeTaskAfterConfirm @ webpack://cxmooc-too…dailyPoints.ts?:242
messageListener @ webpack://cxmooc-too…dailyPoints.ts?:169
postMessage
eval @ webpack://cxmooc-too…PointsPanel.ts?:363
eval @ webpack://cxmooc-too…PointsPanel.ts?:447
18:39:46.215  [warn 18:39:46 ] [任务切换] 正在切换中，跳过重复调用
Warn @ webpack://cxmooc-too…l/utils/log.ts?:197
eval @ webpack://cxmooc-too…dailyPoints.ts?:521
eval @ webpack://cxmooc-too…l/dailyPoints.ts?:8
__awaiter @ webpack://cxmooc-too…l/dailyPoints.ts?:4
switchToNextTask @ webpack://cxmooc-too…dailyPoints.ts?:519
updatePointsStateFromApi @ webpack://cxmooc-too…dailyPoints.ts?:508
eval @ webpack://cxmooc-too…ailyPoints.ts?:1041
fulfilled @ webpack://cxmooc-too…l/dailyPoints.ts?:5
Promise.then
step @ webpack://cxmooc-too…l/dailyPoints.ts?:7
fulfilled @ webpack://cxmooc-too…l/dailyPoints.ts?:5
Promise.then
step @ webpack://cxmooc-too…l/dailyPoints.ts?:7
fulfilled @ webpack://cxmooc-too…l/dailyPoints.ts?:5
Promise.then
step @ webpack://cxmooc-too…l/dailyPoints.ts?:7
fulfilled @ webpack://cxmooc-too…l/dailyPoints.ts?:5
Promise.then
step @ webpack://cxmooc-too…l/dailyPoints.ts?:7
fulfilled @ webpack://cxmooc-too…l/dailyPoints.ts?:5
Promise.then
step @ webpack://cxmooc-too…l/dailyPoints.ts?:7
fulfilled @ webpack://cxmooc-too…l/dailyPoints.ts?:5
Promise.then
step @ webpack://cxmooc-too…l/dailyPoints.ts?:7
fulfilled @ webpack://cxmooc-too…l/dailyPoints.ts?:5
Promise.then
step @ webpack://cxmooc-too…l/dailyPoints.ts?:7
eval @ webpack://cxmooc-too…l/dailyPoints.ts?:8
__awaiter @ webpack://cxmooc-too…l/dailyPoints.ts?:4
executeKnowledgeShareTask @ webpack://cxmooc-too…ailyPoints.ts?:1007
eval @ webpack://cxmooc-too…dailyPoints.ts?:539
eval @ webpack://cxmooc-too…l/dailyPoints.ts?:8
__awaiter @ webpack://cxmooc-too…l/dailyPoints.ts?:4
switchToNextTask @ webpack://cxmooc-too…dailyPoints.ts?:519
updatePointsStateFromApi @ webpack://cxmooc-too…dailyPoints.ts?:508
eval @ webpack://cxmooc-too…ailyPoints.ts?:1041
fulfilled @ webpack://cxmooc-too…l/dailyPoints.ts?:5
Promise.then
step @ webpack://cxmooc-too…l/dailyPoints.ts?:7
fulfilled @ webpack://cxmooc-too…l/dailyPoints.ts?:5
Promise.then
step @ webpack://cxmooc-too…l/dailyPoints.ts?:7
fulfilled @ webpack://cxmooc-too…l/dailyPoints.ts?:5
Promise.then
step @ webpack://cxmooc-too…l/dailyPoints.ts?:7
fulfilled @ webpack://cxmooc-too…l/dailyPoints.ts?:5
Promise.then
step @ webpack://cxmooc-too…l/dailyPoints.ts?:7
fulfilled @ webpack://cxmooc-too…l/dailyPoints.ts?:5
Promise.then
step @ webpack://cxmooc-too…l/dailyPoints.ts?:7
fulfilled @ webpack://cxmooc-too…l/dailyPoints.ts?:5
Promise.then
step @ webpack://cxmooc-too…l/dailyPoints.ts?:7
fulfilled @ webpack://cxmooc-too…l/dailyPoints.ts?:5
Promise.then
step @ webpack://cxmooc-too…l/dailyPoints.ts?:7
fulfilled @ webpack://cxmooc-too…l/dailyPoints.ts?:5
Promise.then
step @ webpack://cxmooc-too…l/dailyPoints.ts?:7
fulfilled @ webpack://cxmooc-too…l/dailyPoints.ts?:5
Promise.then
step @ webpack://cxmooc-too…l/dailyPoints.ts?:7
fulfilled @ webpack://cxmooc-too…l/dailyPoints.ts?:5
Promise.then
step @ webpack://cxmooc-too…l/dailyPoints.ts?:7
fulfilled @ webpack://cxmooc-too…l/dailyPoints.ts?:5
Promise.then
step @ webpack://cxmooc-too…l/dailyPoints.ts?:7
fulfilled @ webpack://cxmooc-too…l/dailyPoints.ts?:5
Promise.then
step @ webpack://cxmooc-too…l/dailyPoints.ts?:7
eval @ webpack://cxmooc-too…l/dailyPoints.ts?:8
__awaiter @ webpack://cxmooc-too…l/dailyPoints.ts?:4
executeKnowledgeShareTask @ webpack://cxmooc-too…ailyPoints.ts?:1007
eval @ webpack://cxmooc-too…dailyPoints.ts?:274
fulfilled @ webpack://cxmooc-too…l/dailyPoints.ts?:5
Promise.then
step @ webpack://cxmooc-too…l/dailyPoints.ts?:7
eval @ webpack://cxmooc-too…l/dailyPoints.ts?:8
__awaiter @ webpack://cxmooc-too…l/dailyPoints.ts?:4
executeTaskAfterConfirm @ webpack://cxmooc-too…dailyPoints.ts?:242
messageListener @ webpack://cxmooc-too…dailyPoints.ts?:169
postMessage
eval @ webpack://cxmooc-too…PointsPanel.ts?:363
eval @ webpack://cxmooc-too…PointsPanel.ts?:447
18:39:46.215  [debug 18:39:46 ] 获取知识分享: pageId=6d424ae30d064ae38560868164bbdec4
18:39:46.215  [debug 18:39:46 ] 发送API请求: GET https://zsgl.lzlj.com/learn/app/clientapi/knowledge/cloud/page/like/isShareOut.do?pageId=6d424ae30d064ae38560868164bbdec4&shareOutType=&sid=F76FB3D332BB4D4D8F5F3EE25814DBF6&os=99
18:39:46.218  [每日积分] panel: 收到页面消息1 {type: 'POINTS_UPDATED', data: {…}}
18:39:46.218  [每日积分] panel: 处理POINTS_UPDATED {learning: {…}, contribution: {…}, interaction: {…}}
18:39:46.324  [debug 18:39:46 ] API响应成功: {body: {…}, code: '0', file: null, message: '成功', user: null}
18:39:46.324  [debug 18:39:46 ] 知识分享成功，第13次调用，累积积分: 0.6/70
18:39:46.324  [debug 18:39:46 ] 获取知识分享: pageId=6d424ae30d064ae38560868164bbdec4
18:39:46.324  [debug 18:39:46 ] 发送API请求: GET https://zsgl.lzlj.com/learn/app/clientapi/knowledge/cloud/page/like/isShareOut.do?pageId=6d424ae30d064ae38560868164bbdec4&shareOutType=&sid=F76FB3D332BB4D4D8F5F3EE25814DBF6&os=99
18:39:46.377  [debug 18:39:46 ] API响应成功: {body: {…}, code: '0', file: null, message: '成功', user: null}
18:39:46.377  [debug 18:39:46 ] 知识分享成功，第14次调用，累积积分: 1.2/70
18:39:46.378  [debug 18:39:46 ] 获取知识分享: pageId=6d424ae30d064ae38560868164bbdec4
18:39:46.378  [debug 18:39:46 ] 发送API请求: GET https://zsgl.lzlj.com/learn/app/clientapi/knowledge/cloud/page/like/isShareOut.do?pageId=6d424ae30d064ae38560868164bbdec4&shareOutType=&sid=F76FB3D332BB4D4D8F5F3EE25814DBF6&os=99
18:39:46.432  [debug 18:39:46 ] API响应成功: {body: {…}, code: '0', file: null, message: '成功', user: null}
18:39:46.432  [debug 18:39:46 ] 知识分享成功，第15次调用，累积积分: 1.7999999999999998/70
18:39:46.432  [debug 18:39:46 ] 获取积分详情: 2026-03-16 ~ 2026-03-31
18:39:46.432  [debug 18:39:46 ] 发送API请求: POST https://zsgl.lzlj.com/learn/app/clientapi/personal/statistics/queryUserPointPercent.do?os=99&sid=F76FB3D332BB4D4D8F5F3EE25814DBF6
18:39:46.489  [debug 18:39:46 ] API响应成功: {body: {…}, code: '0', file: null, message: '成功', user: null}
18:39:46.489  [debug 18:39:46 ] 知识分享成功，第16次调用，累积积分: 2.4/70
18:39:46.489  [debug 18:39:46 ] 获取知识分享: pageId=6d424ae30d064ae38560868164bbdec4
18:39:46.490  [debug 18:39:46 ] 发送API请求: GET https://zsgl.lzlj.com/learn/app/clientapi/knowledge/cloud/page/like/isShareOut.do?pageId=6d424ae30d064ae38560868164bbdec4&shareOutType=&sid=F76FB3D332BB4D4D8F5F3EE25814DBF6&os=99
18:39:46.600  [debug 18:39:46 ] API响应成功: {body: {…}, code: '0', file: null, message: '成功', user: null}
18:39:46.600  [debug 18:39:46 ] 知识分享成功，第17次调用，累积积分: 3/70
18:39:46.600  [debug 18:39:46 ] 获取知识分享: pageId=6d424ae30d064ae38560868164bbdec4
18:39:46.601  [debug 18:39:46 ] 发送API请求: GET https://zsgl.lzlj.com/learn/app/clientapi/knowledge/cloud/page/like/isShareOut.do?pageId=6d424ae30d064ae38560868164bbdec4&shareOutType=&sid=F76FB3D332BB4D4D8F5F3EE25814DBF6&os=99
18:39:46.651  [debug 18:39:46 ] API响应成功: {body: Array(4), code: '0', file: null, message: '成功', user: null}
18:39:46.651  [debug 18:39:46 ] 积分项: 知识被阅读 (knowledge_read_point) = 20
18:39:46.651  [debug 18:39:46 ] 更新贡献积分: 20
18:39:46.651  [debug 18:39:46 ] 积分项: 知识被分享 (knowledge_shared) = 20
18:39:46.652  [debug 18:39:46 ] 更新互动积分: 20
18:39:46.652  [debug 18:39:46 ] 积分项: 学习课程 (24E2D4D119E74B76AC349FA12A0B646C) = 8
18:39:46.652  [debug 18:39:46 ] 更新学习积分（学习课程）: +8，当前: 8
18:39:46.652  [debug 18:39:46 ] 积分项: 知识分享 (knowledge_sharing) = 10
18:39:46.652  [debug 18:39:46 ] 更新互动积分: 30
18:39:46.652  [warn 18:39:46 ] 积分无变化，连续无变化次数: 3/2
Warn @ webpack://cxmooc-too…l/utils/log.ts?:197
updatePointsStateFromApi @ webpack://cxmooc-too…dailyPoints.ts?:505
eval @ webpack://cxmooc-too…ailyPoints.ts?:1041
fulfilled @ webpack://cxmooc-too…l/dailyPoints.ts?:5
Promise.then
step @ webpack://cxmooc-too…l/dailyPoints.ts?:7
fulfilled @ webpack://cxmooc-too…l/dailyPoints.ts?:5
Promise.then
step @ webpack://cxmooc-too…l/dailyPoints.ts?:7
fulfilled @ webpack://cxmooc-too…l/dailyPoints.ts?:5
Promise.then
step @ webpack://cxmooc-too…l/dailyPoints.ts?:7
fulfilled @ webpack://cxmooc-too…l/dailyPoints.ts?:5
Promise.then
step @ webpack://cxmooc-too…l/dailyPoints.ts?:7
fulfilled @ webpack://cxmooc-too…l/dailyPoints.ts?:5
Promise.then
step @ webpack://cxmooc-too…l/dailyPoints.ts?:7
fulfilled @ webpack://cxmooc-too…l/dailyPoints.ts?:5
Promise.then
step @ webpack://cxmooc-too…l/dailyPoints.ts?:7
fulfilled @ webpack://cxmooc-too…l/dailyPoints.ts?:5
Promise.then
step @ webpack://cxmooc-too…l/dailyPoints.ts?:7
fulfilled @ webpack://cxmooc-too…l/dailyPoints.ts?:5
Promise.then
step @ webpack://cxmooc-too…l/dailyPoints.ts?:7
fulfilled @ webpack://cxmooc-too…l/dailyPoints.ts?:5
Promise.then
step @ webpack://cxmooc-too…l/dailyPoints.ts?:7
fulfilled @ webpack://cxmooc-too…l/dailyPoints.ts?:5
Promise.then
step @ webpack://cxmooc-too…l/dailyPoints.ts?:7
eval @ webpack://cxmooc-too…l/dailyPoints.ts?:8
__awaiter @ webpack://cxmooc-too…l/dailyPoints.ts?:4
executeKnowledgeShareTask @ webpack://cxmooc-too…ailyPoints.ts?:1007
eval @ webpack://cxmooc-too…dailyPoints.ts?:539
eval @ webpack://cxmooc-too…l/dailyPoints.ts?:8
__awaiter @ webpack://cxmooc-too…l/dailyPoints.ts?:4
switchToNextTask @ webpack://cxmooc-too…dailyPoints.ts?:519
updatePointsStateFromApi @ webpack://cxmooc-too…dailyPoints.ts?:508
eval @ webpack://cxmooc-too…ailyPoints.ts?:1041
fulfilled @ webpack://cxmooc-too…l/dailyPoints.ts?:5
Promise.then
step @ webpack://cxmooc-too…l/dailyPoints.ts?:7
fulfilled @ webpack://cxmooc-too…l/dailyPoints.ts?:5
Promise.then
step @ webpack://cxmooc-too…l/dailyPoints.ts?:7
fulfilled @ webpack://cxmooc-too…l/dailyPoints.ts?:5
Promise.then
step @ webpack://cxmooc-too…l/dailyPoints.ts?:7
fulfilled @ webpack://cxmooc-too…l/dailyPoints.ts?:5
Promise.then
step @ webpack://cxmooc-too…l/dailyPoints.ts?:7
fulfilled @ webpack://cxmooc-too…l/dailyPoints.ts?:5
Promise.then
step @ webpack://cxmooc-too…l/dailyPoints.ts?:7
fulfilled @ webpack://cxmooc-too…l/dailyPoints.ts?:5
Promise.then
step @ webpack://cxmooc-too…l/dailyPoints.ts?:7
fulfilled @ webpack://cxmooc-too…l/dailyPoints.ts?:5
Promise.then
step @ webpack://cxmooc-too…l/dailyPoints.ts?:7
fulfilled @ webpack://cxmooc-too…l/dailyPoints.ts?:5
Promise.then
step @ webpack://cxmooc-too…l/dailyPoints.ts?:7
fulfilled @ webpack://cxmooc-too…l/dailyPoints.ts?:5
Promise.then
step @ webpack://cxmooc-too…l/dailyPoints.ts?:7
fulfilled @ webpack://cxmooc-too…l/dailyPoints.ts?:5
Promise.then
step @ webpack://cxmooc-too…l/dailyPoints.ts?:7
fulfilled @ webpack://cxmooc-too…l/dailyPoints.ts?:5
Promise.then
step @ webpack://cxmooc-too…l/dailyPoints.ts?:7
fulfilled @ webpack://cxmooc-too…l/dailyPoints.ts?:5
Promise.then
step @ webpack://cxmooc-too…l/dailyPoints.ts?:7
eval @ webpack://cxmooc-too…l/dailyPoints.ts?:8
__awaiter @ webpack://cxmooc-too…l/dailyPoints.ts?:4
executeKnowledgeShareTask @ webpack://cxmooc-too…ailyPoints.ts?:1007
eval @ webpack://cxmooc-too…dailyPoints.ts?:274
fulfilled @ webpack://cxmooc-too…l/dailyPoints.ts?:5
Promise.then
step @ webpack://cxmooc-too…l/dailyPoints.ts?:7
eval @ webpack://cxmooc-too…l/dailyPoints.ts?:8
__awaiter @ webpack://cxmooc-too…l/dailyPoints.ts?:4
executeTaskAfterConfirm @ webpack://cxmooc-too…dailyPoints.ts?:242
messageListener @ webpack://cxmooc-too…dailyPoints.ts?:169
postMessage
eval @ webpack://cxmooc-too…PointsPanel.ts?:363
eval @ webpack://cxmooc-too…PointsPanel.ts?:447
18:39:46.652  [warn 18:39:46 ] [任务切换] 正在切换中，跳过重复调用
Warn @ webpack://cxmooc-too…l/utils/log.ts?:197
eval @ webpack://cxmooc-too…dailyPoints.ts?:521
eval @ webpack://cxmooc-too…l/dailyPoints.ts?:8
__awaiter @ webpack://cxmooc-too…l/dailyPoints.ts?:4
switchToNextTask @ webpack://cxmooc-too…dailyPoints.ts?:519
updatePointsStateFromApi @ webpack://cxmooc-too…dailyPoints.ts?:508
eval @ webpack://cxmooc-too…ailyPoints.ts?:1041
fulfilled @ webpack://cxmooc-too…l/dailyPoints.ts?:5
Promise.then
step @ webpack://cxmooc-too…l/dailyPoints.ts?:7
fulfilled @ webpack://cxmooc-too…l/dailyPoints.ts?:5
Promise.then
step @ webpack://cxmooc-too…l/dailyPoints.ts?:7
fulfilled @ webpack://cxmooc-too…l/dailyPoints.ts?:5
Promise.then
step @ webpack://cxmooc-too…l/dailyPoints.ts?:7
fulfilled @ webpack://cxmooc-too…l/dailyPoints.ts?:5
Promise.then
step @ webpack://cxmooc-too…l/dailyPoints.ts?:7
fulfilled @ webpack://cxmooc-too…l/dailyPoints.ts?:5
Promise.then
step @ webpack://cxmooc-too…l/dailyPoints.ts?:7
fulfilled @ webpack://cxmooc-too…l/dailyPoints.ts?:5
Promise.then
step @ webpack://cxmooc-too…l/dailyPoints.ts?:7
fulfilled @ webpack://cxmooc-too…l/dailyPoints.ts?:5
Promise.then
step @ webpack://cxmooc-too…l/dailyPoints.ts?:7
fulfilled @ webpack://cxmooc-too…l/dailyPoints.ts?:5
Promise.then
step @ webpack://cxmooc-too…l/dailyPoints.ts?:7
fulfilled @ webpack://cxmooc-too…l/dailyPoints.ts?:5
Promise.then
step @ webpack://cxmooc-too…l/dailyPoints.ts?:7
fulfilled @ webpack://cxmooc-too…l/dailyPoints.ts?:5
Promise.then
step @ webpack://cxmooc-too…l/dailyPoints.ts?:7
eval @ webpack://cxmooc-too…l/dailyPoints.ts?:8
__awaiter @ webpack://cxmooc-too…l/dailyPoints.ts?:4
executeKnowledgeShareTask @ webpack://cxmooc-too…ailyPoints.ts?:1007
eval @ webpack://cxmooc-too…dailyPoints.ts?:539
eval @ webpack://cxmooc-too…l/dailyPoints.ts?:8
__awaiter @ webpack://cxmooc-too…l/dailyPoints.ts?:4
switchToNextTask @ webpack://cxmooc-too…dailyPoints.ts?:519
updatePointsStateFromApi @ webpack://cxmooc-too…dailyPoints.ts?:508
eval @ webpack://cxmooc-too…ailyPoints.ts?:1041
fulfilled @ webpack://cxmooc-too…l/dailyPoints.ts?:5
Promise.then
step @ webpack://cxmooc-too…l/dailyPoints.ts?:7
fulfilled @ webpack://cxmooc-too…l/dailyPoints.ts?:5
Promise.then
step @ webpack://cxmooc-too…l/dailyPoints.ts?:7
fulfilled @ webpack://cxmooc-too…l/dailyPoints.ts?:5
Promise.then
step @ webpack://cxmooc-too…l/dailyPoints.ts?:7
fulfilled @ webpack://cxmooc-too…l/dailyPoints.ts?:5
Promise.then
step @ webpack://cxmooc-too…l/dailyPoints.ts?:7
fulfilled @ webpack://cxmooc-too…l/dailyPoints.ts?:5
Promise.then
step @ webpack://cxmooc-too…l/dailyPoints.ts?:7
fulfilled @ webpack://cxmooc-too…l/dailyPoints.ts?:5
Promise.then
step @ webpack://cxmooc-too…l/dailyPoints.ts?:7
fulfilled @ webpack://cxmooc-too…l/dailyPoints.ts?:5
Promise.then
step @ webpack://cxmooc-too…l/dailyPoints.ts?:7
fulfilled @ webpack://cxmooc-too…l/dailyPoints.ts?:5
Promise.then
step @ webpack://cxmooc-too…l/dailyPoints.ts?:7
fulfilled @ webpack://cxmooc-too…l/dailyPoints.ts?:5
Promise.then
step @ webpack://cxmooc-too…l/dailyPoints.ts?:7
fulfilled @ webpack://cxmooc-too…l/dailyPoints.ts?:5
Promise.then
step @ webpack://cxmooc-too…l/dailyPoints.ts?:7
fulfilled @ webpack://cxmooc-too…l/dailyPoints.ts?:5
Promise.then
step @ webpack://cxmooc-too…l/dailyPoints.ts?:7
fulfilled @ webpack://cxmooc-too…l/dailyPoints.ts?:5
Promise.then
step @ webpack://cxmooc-too…l/dailyPoints.ts?:7
eval @ webpack://cxmooc-too…l/dailyPoints.ts?:8
__awaiter @ webpack://cxmooc-too…l/dailyPoints.ts?:4
executeKnowledgeShareTask @ webpack://cxmooc-too…ailyPoints.ts?:1007
eval @ webpack://cxmooc-too…dailyPoints.ts?:274
fulfilled @ webpack://cxmooc-too…l/dailyPoints.ts?:5
Promise.then
step @ webpack://cxmooc-too…l/dailyPoints.ts?:7
eval @ webpack://cxmooc-too…l/dailyPoints.ts?:8
__awaiter @ webpack://cxmooc-too…l/dailyPoints.ts?:4
executeTaskAfterConfirm @ webpack://cxmooc-too…dailyPoints.ts?:242
messageListener @ webpack://cxmooc-too…dailyPoints.ts?:169
postMessage
eval @ webpack://cxmooc-too…PointsPanel.ts?:363
eval @ webpack://cxmooc-too…PointsPanel.ts?:447
18:39:46.653  [debug 18:39:46 ] 获取知识分享: pageId=6d424ae30d064ae38560868164bbdec4
18:39:46.653  [debug 18:39:46 ] 发送API请求: GET https://zsgl.lzlj.com/learn/app/clientapi/knowledge/cloud/page/like/isShareOut.do?pageId=6d424ae30d064ae38560868164bbdec4&shareOutType=&sid=F76FB3D332BB4D4D8F5F3EE25814DBF6&os=99
18:39:46.655  [每日积分] panel: 收到页面消息1 {type: 'POINTS_UPDATED', data: {…}}
18:39:46.655  [每日积分] panel: 处理POINTS_UPDATED {learning: {…}, contribution: {…}, interaction: {…}}
18:39:46.713  [debug 18:39:46 ] API响应成功: {body: {…}, code: '0', file: null, message: '成功', user: null}
18:39:46.714  [debug 18:39:46 ] 知识分享成功，第18次调用，累积积分: 0.6/70
18:39:46.714  [debug 18:39:46 ] 获取知识分享: pageId=6d424ae30d064ae38560868164bbdec4
18:39:46.714  [debug 18:39:46 ] 发送API请求: GET https://zsgl.lzlj.com/learn/app/clientapi/knowledge/cloud/page/like/isShareOut.do?pageId=6d424ae30d064ae38560868164bbdec4&shareOutType=&sid=F76FB3D332BB4D4D8F5F3EE25814DBF6&os=99
18:39:46.758  [debug 18:39:46 ] API响应成功: {body: {…}, code: '0', file: null, message: '成功', user: null}
18:39:46.759  [debug 18:39:46 ] 知识分享成功，第19次调用，累积积分: 1.2/70
18:39:46.759  [debug 18:39:46 ] 获取知识分享: pageId=6d424ae30d064ae38560868164bbdec4
18:39:46.759  [debug 18:39:46 ] 发送API请求: GET https://zsgl.lzlj.com/learn/app/clientapi/knowledge/cloud/page/like/isShareOut.do?pageId=6d424ae30d064ae38560868164bbdec4&shareOutType=&sid=F76FB3D332BB4D4D8F5F3EE25814DBF6&os=99
18:39:46.857  [debug 18:39:46 ] API响应成功: {body: {…}, code: '0', file: null, message: '成功', user: null}
18:39:46.858  [debug 18:39:46 ] 知识分享成功，第20次调用，累积积分: 1.7999999999999998/70
18:39:46.858  [debug 18:39:46 ] 获取积分详情: 2026-03-16 ~ 2026-03-31
18:39:46.858  [debug 18:39:46 ] 发送API请求: POST https://zsgl.lzlj.com/learn/app/clientapi/personal/statistics/queryUserPointPercent.do?os=99&sid=F76FB3D332BB4D4D8F5F3EE25814DBF6
18:39:46.921  [debug 18:39:46 ] API响应成功: {body: {…}, code: '0', file: null, message: '成功', user: null}
18:39:46.922  [debug 18:39:46 ] 知识分享成功，第21次调用，累积积分: 2.4/70
18:39:46.922  [debug 18:39:46 ] 获取知识分享: pageId=6d424ae30d064ae38560868164bbdec4
18:39:46.922  [debug 18:39:46 ] 发送API请求: GET https://zsgl.lzlj.com/learn/app/clientapi/knowledge/cloud/page/like/isShareOut.do?pageId=6d424ae30d064ae38560868164bbdec4&shareOutType=&sid=F76FB3D332BB4D4D8F5F3EE25814DBF6&os=99
18:39:47.051  [debug 18:39:47 ] API响应成功: {body: {…}, code: '0', file: null, message: '成功', user: null}
18:39:47.051  [debug 18:39:47 ] 知识分享成功，第22次调用，累积积分: 3/70
18:39:47.051  [debug 18:39:47 ] 获取知识分享: pageId=6d424ae30d064ae38560868164bbdec4
18:39:47.052  [debug 18:39:47 ] 发送API请求: GET https://zsgl.lzlj.com/learn/app/clientapi/knowledge/cloud/page/like/isShareOut.do?pageId=6d424ae30d064ae38560868164bbdec4&shareOutType=&sid=F76FB3D332BB4D4D8F5F3EE25814DBF6&os=99
18:39:47.092  [debug 18:39:47 ] API响应成功: {body: Array(4), code: '0', file: null, message: '成功', user: null}
18:39:47.093  [debug 18:39:47 ] 积分项: 知识被阅读 (knowledge_read_point) = 20
18:39:47.093  [debug 18:39:47 ] 更新贡献积分: 20
18:39:47.093  [debug 18:39:47 ] 积分项: 知识被分享 (knowledge_shared) = 20
18:39:47.093  [debug 18:39:47 ] 更新互动积分: 20
18:39:47.093  [debug 18:39:47 ] 积分项: 学习课程 (24E2D4D119E74B76AC349FA12A0B646C) = 8
18:39:47.093  [debug 18:39:47 ] 更新学习积分（学习课程）: +8，当前: 8
18:39:47.093  [debug 18:39:47 ] 积分项: 知识分享 (knowledge_sharing) = 10
18:39:47.093  [debug 18:39:47 ] 更新互动积分: 30
18:39:47.093  [warn 18:39:47 ] 积分无变化，连续无变化次数: 4/2
Warn @ webpack://cxmooc-too…l/utils/log.ts?:197
updatePointsStateFromApi @ webpack://cxmooc-too…dailyPoints.ts?:505
eval @ webpack://cxmooc-too…ailyPoints.ts?:1041
fulfilled @ webpack://cxmooc-too…l/dailyPoints.ts?:5
Promise.then
step @ webpack://cxmooc-too…l/dailyPoints.ts?:7
fulfilled @ webpack://cxmooc-too…l/dailyPoints.ts?:5
Promise.then
step @ webpack://cxmooc-too…l/dailyPoints.ts?:7
fulfilled @ webpack://cxmooc-too…l/dailyPoints.ts?:5
Promise.then
step @ webpack://cxmooc-too…l/dailyPoints.ts?:7
fulfilled @ webpack://cxmooc-too…l/dailyPoints.ts?:5
Promise.then
step @ webpack://cxmooc-too…l/dailyPoints.ts?:7
fulfilled @ webpack://cxmooc-too…l/dailyPoints.ts?:5
Promise.then
step @ webpack://cxmooc-too…l/dailyPoints.ts?:7
fulfilled @ webpack://cxmooc-too…l/dailyPoints.ts?:5
Promise.then
step @ webpack://cxmooc-too…l/dailyPoints.ts?:7
fulfilled @ webpack://cxmooc-too…l/dailyPoints.ts?:5
Promise.then
step @ webpack://cxmooc-too…l/dailyPoints.ts?:7
fulfilled @ webpack://cxmooc-too…l/dailyPoints.ts?:5
Promise.then
step @ webpack://cxmooc-too…l/dailyPoints.ts?:7
fulfilled @ webpack://cxmooc-too…l/dailyPoints.ts?:5
Promise.then
step @ webpack://cxmooc-too…l/dailyPoints.ts?:7
fulfilled @ webpack://cxmooc-too…l/dailyPoints.ts?:5
Promise.then
step @ webpack://cxmooc-too…l/dailyPoints.ts?:7
fulfilled @ webpack://cxmooc-too…l/dailyPoints.ts?:5
Promise.then
step @ webpack://cxmooc-too…l/dailyPoints.ts?:7
fulfilled @ webpack://cxmooc-too…l/dailyPoints.ts?:5
Promise.then
step @ webpack://cxmooc-too…l/dailyPoints.ts?:7
fulfilled @ webpack://cxmooc-too…l/dailyPoints.ts?:5
Promise.then
step @ webpack://cxmooc-too…l/dailyPoints.ts?:7
fulfilled @ webpack://cxmooc-too…l/dailyPoints.ts?:5
Promise.then
step @ webpack://cxmooc-too…l/dailyPoints.ts?:7
fulfilled @ webpack://cxmooc-too…l/dailyPoints.ts?:5
Promise.then
step @ webpack://cxmooc-too…l/dailyPoints.ts?:7
fulfilled @ webpack://cxmooc-too…l/dailyPoints.ts?:5
Promise.then
step @ webpack://cxmooc-too…l/dailyPoints.ts?:7
fulfilled @ webpack://cxmooc-too…l/dailyPoints.ts?:5
Promise.then
step @ webpack://cxmooc-too…l/dailyPoints.ts?:7
fulfilled @ webpack://cxmooc-too…l/dailyPoints.ts?:5
Promise.then
step @ webpack://cxmooc-too…l/dailyPoints.ts?:7
fulfilled @ webpack://cxmooc-too…l/dailyPoints.ts?:5
Promise.then
step @ webpack://cxmooc-too…l/dailyPoints.ts?:7
fulfilled @ webpack://cxmooc-too…l/dailyPoints.ts?:5
Promise.then
step @ webpack://cxmooc-too…l/dailyPoints.ts?:7
fulfilled @ webpack://cxmooc-too…l/dailyPoints.ts?:5
Promise.then
step @ webpack://cxmooc-too…l/dailyPoints.ts?:7
fulfilled @ webpack://cxmooc-too…l/dailyPoints.ts?:5
Promise.then
step @ webpack://cxmooc-too…l/dailyPoints.ts?:7
fulfilled @ webpack://cxmooc-too…l/dailyPoints.ts?:5
Promise.then
step @ webpack://cxmooc-too…l/dailyPoints.ts?:7
fulfilled @ webpack://cxmooc-too…l/dailyPoints.ts?:5
Promise.then
step @ webpack://cxmooc-too…l/dailyPoints.ts?:7
fulfilled @ webpack://cxmooc-too…l/dailyPoints.ts?:5
Promise.then
step @ webpack://cxmooc-too…l/dailyPoints.ts?:7
eval @ webpack://cxmooc-too…l/dailyPoints.ts?:8
__awaiter @ webpack://cxmooc-too…l/dailyPoints.ts?:4
executeKnowledgeShareTask @ webpack://cxmooc-too…ailyPoints.ts?:1007
eval @ webpack://cxmooc-too…dailyPoints.ts?:274
fulfilled @ webpack://cxmooc-too…l/dailyPoints.ts?:5
Promise.then
step @ webpack://cxmooc-too…l/dailyPoints.ts?:7
eval @ webpack://cxmooc-too…l/dailyPoints.ts?:8
__awaiter @ webpack://cxmooc-too…l/dailyPoints.ts?:4
executeTaskAfterConfirm @ webpack://cxmooc-too…dailyPoints.ts?:242
messageListener @ webpack://cxmooc-too…dailyPoints.ts?:169
postMessage
eval @ webpack://cxmooc-too…PointsPanel.ts?:363
eval @ webpack://cxmooc-too…PointsPanel.ts?:447
18:39:47.094  [warn 18:39:47 ] [任务切换] 正在切换中，跳过重复调用
Warn @ webpack://cxmooc-too…l/utils/log.ts?:197
eval @ webpack://cxmooc-too…dailyPoints.ts?:521
eval @ webpack://cxmooc-too…l/dailyPoints.ts?:8
__awaiter @ webpack://cxmooc-too…l/dailyPoints.ts?:4
switchToNextTask @ webpack://cxmooc-too…dailyPoints.ts?:519
updatePointsStateFromApi @ webpack://cxmooc-too…dailyPoints.ts?:508
eval @ webpack://cxmooc-too…ailyPoints.ts?:1041
fulfilled @ webpack://cxmooc-too…l/dailyPoints.ts?:5
Promise.then
step @ webpack://cxmooc-too…l/dailyPoints.ts?:7
fulfilled @ webpack://cxmooc-too…l/dailyPoints.ts?:5
Promise.then
step @ webpack://cxmooc-too…l/dailyPoints.ts?:7
fulfilled @ webpack://cxmooc-too…l/dailyPoints.ts?:5
Promise.then
step @ webpack://cxmooc-too…l/dailyPoints.ts?:7
fulfilled @ webpack://cxmooc-too…l/dailyPoints.ts?:5
Promise.then
step @ webpack://cxmooc-too…l/dailyPoints.ts?:7
fulfilled @ webpack://cxmooc-too…l/dailyPoints.ts?:5
Promise.then
step @ webpack://cxmooc-too…l/dailyPoints.ts?:7
fulfilled @ webpack://cxmooc-too…l/dailyPoints.ts?:5
Promise.then
step @ webpack://cxmooc-too…l/dailyPoints.ts?:7
fulfilled @ webpack://cxmooc-too…l/dailyPoints.ts?:5
Promise.then
step @ webpack://cxmooc-too…l/dailyPoints.ts?:7
fulfilled @ webpack://cxmooc-too…l/dailyPoints.ts?:5
Promise.then
step @ webpack://cxmooc-too…l/dailyPoints.ts?:7
fulfilled @ webpack://cxmooc-too…l/dailyPoints.ts?:5
Promise.then
step @ webpack://cxmooc-too…l/dailyPoints.ts?:7
fulfilled @ webpack://cxmooc-too…l/dailyPoints.ts?:5
Promise.then
step @ webpack://cxmooc-too…l/dailyPoints.ts?:7
fulfilled @ webpack://cxmooc-too…l/dailyPoints.ts?:5
Promise.then
step @ webpack://cxmooc-too…l/dailyPoints.ts?:7
fulfilled @ webpack://cxmooc-too…l/dailyPoints.ts?:5
Promise.then
step @ webpack://cxmooc-too…l/dailyPoints.ts?:7
fulfilled @ webpack://cxmooc-too…l/dailyPoints.ts?:5
Promise.then
step @ webpack://cxmooc-too…l/dailyPoints.ts?:7
fulfilled @ webpack://cxmooc-too…l/dailyPoints.ts?:5
Promise.then
step @ webpack://cxmooc-too…l/dailyPoints.ts?:7
fulfilled @ webpack://cxmooc-too…l/dailyPoints.ts?:5
Promise.then
step @ webpack://cxmooc-too…l/dailyPoints.ts?:7
fulfilled @ webpack://cxmooc-too…l/dailyPoints.ts?:5
Promise.then
step @ webpack://cxmooc-too…l/dailyPoints.ts?:7
fulfilled @ webpack://cxmooc-too…l/dailyPoints.ts?:5
Promise.then
step @ webpack://cxmooc-too…l/dailyPoints.ts?:7
fulfilled @ webpack://cxmooc-too…l/dailyPoints.ts?:5
Promise.then
step @ webpack://cxmooc-too…l/dailyPoints.ts?:7
fulfilled @ webpack://cxmooc-too…l/dailyPoints.ts?:5
Promise.then
step @ webpack://cxmooc-too…l/dailyPoints.ts?:7
fulfilled @ webpack://cxmooc-too…l/dailyPoints.ts?:5
Promise.then
step @ webpack://cxmooc-too…l/dailyPoints.ts?:7
fulfilled @ webpack://cxmooc-too…l/dailyPoints.ts?:5
Promise.then
step @ webpack://cxmooc-too…l/dailyPoints.ts?:7
fulfilled @ webpack://cxmooc-too…l/dailyPoints.ts?:5
Promise.then
step @ webpack://cxmooc-too…l/dailyPoints.ts?:7
fulfilled @ webpack://cxmooc-too…l/dailyPoints.ts?:5
Promise.then
step @ webpack://cxmooc-too…l/dailyPoints.ts?:7
fulfilled @ webpack://cxmooc-too…l/dailyPoints.ts?:5
Promise.then
step @ webpack://cxmooc-too…l/dailyPoints.ts?:7
fulfilled @ webpack://cxmooc-too…l/dailyPoints.ts?:5
Promise.then
step @ webpack://cxmooc-too…l/dailyPoints.ts?:7
eval @ webpack://cxmooc-too…l/dailyPoints.ts?:8
__awaiter @ webpack://cxmooc-too…l/dailyPoints.ts?:4
executeKnowledgeShareTask @ webpack://cxmooc-too…ailyPoints.ts?:1007
eval @ webpack://cxmooc-too…dailyPoints.ts?:274
fulfilled @ webpack://cxmooc-too…l/dailyPoints.ts?:5
Promise.then
step @ webpack://cxmooc-too…l/dailyPoints.ts?:7
eval @ webpack://cxmooc-too…l/dailyPoints.ts?:8
__awaiter @ webpack://cxmooc-too…l/dailyPoints.ts?:4
executeTaskAfterConfirm @ webpack://cxmooc-too…dailyPoints.ts?:242
messageListener @ webpack://cxmooc-too…dailyPoints.ts?:169
postMessage
eval @ webpack://cxmooc-too…PointsPanel.ts?:363
eval @ webpack://cxmooc-too…PointsPanel.ts?:447
18:39:47.094  [debug 18:39:47 ] 获取知识分享: pageId=6d424ae30d064ae38560868164bbdec4
18:39:47.094  [debug 18:39:47 ] 发送API请求: GET https://zsgl.lzlj.com/learn/app/clientapi/knowledge/cloud/page/like/isShareOut.do?pageId=6d424ae30d064ae38560868164bbdec4&shareOutType=&sid=F76FB3D332BB4D4D8F5F3EE25814DBF6&os=99
18:39:47.096  [每日积分] panel: 收到页面消息1 {type: 'POINTS_UPDATED', data: {…}}
18:39:47.097  [每日积分] panel: 处理POINTS_UPDATED {learning: {…}, contribution: {…}, interaction: {…}}
18:39:47.169  [debug 18:39:47 ] API响应成功: {body: {…}, code: '0', file: null, message: '成功', user: null}
18:39:47.170  [debug 18:39:47 ] 知识分享成功，第23次调用，累积积分: 0.6/70
18:39:47.170  [debug 18:39:47 ] 获取知识分享: pageId=6d424ae30d064ae38560868164bbdec4
18:39:47.170  [debug 18:39:47 ] 发送API请求: GET https://zsgl.lzlj.com/learn/app/clientapi/knowledge/cloud/page/like/isShareOut.do?pageId=6d424ae30d064ae38560868164bbdec4&shareOutType=&sid=F76FB3D332BB4D4D8F5F3EE25814DBF6&os=99
18:39:47.248  [debug 18:39:47 ] API响应成功: {body: {…}, code: '0', file: null, message: '成功', user: null}
18:39:47.248  [debug 18:39:47 ] 知识分享成功，第24次调用，累积积分: 1.2/70
18:39:47.249  [debug 18:39:47 ] 获取知识分享: pageId=6d424ae30d064ae38560868164bbdec4
18:39:47.249  [debug 18:39:47 ] 发送API请求: GET https://zsgl.lzlj.com/learn/app/clientapi/knowledge/cloud/page/like/isShareOut.do?pageId=6d424ae30d064ae38560868164bbdec4&shareOutType=&sid=F76FB3D332BB4D4D8F5F3EE25814DBF6&os=99
18:39:47.281  [debug 18:39:47 ] API响应成功: {body: {…}, code: '0', file: null, message: '成功', user: null}
18:39:47.281  [debug 18:39:47 ] 知识分享成功，第25次调用，累积积分: 1.7999999999999998/70
18:39:47.282  [debug 18:39:47 ] 获取积分详情: 2026-03-16 ~ 2026-03-31
18:39:47.282  [debug 18:39:47 ] 发送API请求: POST https://zsgl.lzlj.com/learn/app/clientapi/personal/statistics/queryUserPointPercent.do?os=99&sid=F76FB3D332BB4D4D8F5F3EE25814DBF6
18:39:47.368  [debug 18:39:47 ] API响应成功: {body: {…}, code: '0', file: null, message: '成功', user: null}
18:39:47.368  [debug 18:39:47 ] 知识分享成功，第26次调用，累积积分: 2.4/70
18:39:47.369  [debug 18:39:47 ] 获取知识分享: pageId=6d424ae30d064ae38560868164bbdec4
18:39:47.369  [debug 18:39:47 ] 发送API请求: GET https://zsgl.lzlj.com/learn/app/clientapi/knowledge/cloud/page/like/isShareOut.do?pageId=6d424ae30d064ae38560868164bbdec4&shareOutType=&sid=F76FB3D332BB4D4D8F5F3EE25814DBF6&os=99
18:39:47.496  [debug 18:39:47 ] API响应成功: {body: {…}, code: '0', file: null, message: '成功', user: null}
18:39:47.496  [debug 18:39:47 ] 知识分享成功，第27次调用，累积积分: 3/70
18:39:47.497  [debug 18:39:47 ] 获取知识分享: pageId=6d424ae30d064ae38560868164bbdec4
18:39:47.497  [debug 18:39:47 ] 发送API请求: GET https://zsgl.lzlj.com/learn/app/clientapi/knowledge/cloud/page/like/isShareOut.do?pageId=6d424ae30d064ae38560868164bbdec4&shareOutType=&sid=F76FB3D332BB4D4D8F5F3EE25814DBF6&os=99
18:39:47.530  [debug 18:39:47 ] API响应成功: {body: Array(4), code: '0', file: null, message: '成功', user: null}
18:39:47.531  [debug 18:39:47 ] 积分项: 知识被阅读 (knowledge_read_point) = 20
18:39:47.531  [debug 18:39:47 ] 更新贡献积分: 20
18:39:47.531  [debug 18:39:47 ] 积分项: 知识被分享 (knowledge_shared) = 20
18:39:47.531  [debug 18:39:47 ] 更新互动积分: 20
18:39:47.531  [debug 18:39:47 ] 积分项: 学习课程 (24E2D4D119E74B76AC349FA12A0B646C) = 8
18:39:47.531  [debug 18:39:47 ] 更新学习积分（学习课程）: +8，当前: 8
18:39:47.531  [debug 18:39:47 ] 积分项: 知识分享 (knowledge_sharing) = 10
18:39:47.531  [debug 18:39:47 ] 更新互动积分: 30
18:39:47.531  [warn 18:39:47 ] 积分无变化，连续无变化次数: 5/2
Warn @ webpack://cxmooc-too…l/utils/log.ts?:197
updatePointsStateFromApi @ webpack://cxmooc-too…dailyPoints.ts?:505
eval @ webpack://cxmooc-too…ailyPoints.ts?:1041
fulfilled @ webpack://cxmooc-too…l/dailyPoints.ts?:5
Promise.then
step @ webpack://cxmooc-too…l/dailyPoints.ts?:7
fulfilled @ webpack://cxmooc-too…l/dailyPoints.ts?:5
Promise.then
step @ webpack://cxmooc-too…l/dailyPoints.ts?:7
fulfilled @ webpack://cxmooc-too…l/dailyPoints.ts?:5
Promise.then
step @ webpack://cxmooc-too…l/dailyPoints.ts?:7
fulfilled @ webpack://cxmooc-too…l/dailyPoints.ts?:5
Promise.then
step @ webpack://cxmooc-too…l/dailyPoints.ts?:7
fulfilled @ webpack://cxmooc-too…l/dailyPoints.ts?:5
Promise.then
step @ webpack://cxmooc-too…l/dailyPoints.ts?:7
fulfilled @ webpack://cxmooc-too…l/dailyPoints.ts?:5
Promise.then
step @ webpack://cxmooc-too…l/dailyPoints.ts?:7
fulfilled @ webpack://cxmooc-too…l/dailyPoints.ts?:5
Promise.then
step @ webpack://cxmooc-too…l/dailyPoints.ts?:7
fulfilled @ webpack://cxmooc-too…l/dailyPoints.ts?:5
Promise.then
step @ webpack://cxmooc-too…l/dailyPoints.ts?:7
fulfilled @ webpack://cxmooc-too…l/dailyPoints.ts?:5
Promise.then
step @ webpack://cxmooc-too…l/dailyPoints.ts?:7
fulfilled @ webpack://cxmooc-too…l/dailyPoints.ts?:5
Promise.then
step @ webpack://cxmooc-too…l/dailyPoints.ts?:7
fulfilled @ webpack://cxmooc-too…l/dailyPoints.ts?:5
Promise.then
step @ webpack://cxmooc-too…l/dailyPoints.ts?:7
fulfilled @ webpack://cxmooc-too…l/dailyPoints.ts?:5
Promise.then
step @ webpack://cxmooc-too…l/dailyPoints.ts?:7
fulfilled @ webpack://cxmooc-too…l/dailyPoints.ts?:5
Promise.then
step @ webpack://cxmooc-too…l/dailyPoints.ts?:7
fulfilled @ webpack://cxmooc-too…l/dailyPoints.ts?:5
Promise.then
step @ webpack://cxmooc-too…l/dailyPoints.ts?:7
fulfilled @ webpack://cxmooc-too…l/dailyPoints.ts?:5
Promise.then
step @ webpack://cxmooc-too…l/dailyPoints.ts?:7
fulfilled @ webpack://cxmooc-too…l/dailyPoints.ts?:5
Promise.then
step @ webpack://cxmooc-too…l/dailyPoints.ts?:7
eval @ webpack://cxmooc-too…l/dailyPoints.ts?:8
__awaiter @ webpack://cxmooc-too…l/dailyPoints.ts?:4
executeKnowledgeShareTask @ webpack://cxmooc-too…ailyPoints.ts?:1007
eval @ webpack://cxmooc-too…dailyPoints.ts?:539
eval @ webpack://cxmooc-too…l/dailyPoints.ts?:8
__awaiter @ webpack://cxmooc-too…l/dailyPoints.ts?:4
switchToNextTask @ webpack://cxmooc-too…dailyPoints.ts?:519
updatePointsStateFromApi @ webpack://cxmooc-too…dailyPoints.ts?:508
eval @ webpack://cxmooc-too…ailyPoints.ts?:1041
fulfilled @ webpack://cxmooc-too…l/dailyPoints.ts?:5
Promise.then
step @ webpack://cxmooc-too…l/dailyPoints.ts?:7
fulfilled @ webpack://cxmooc-too…l/dailyPoints.ts?:5
Promise.then
step @ webpack://cxmooc-too…l/dailyPoints.ts?:7
fulfilled @ webpack://cxmooc-too…l/dailyPoints.ts?:5
Promise.then
step @ webpack://cxmooc-too…l/dailyPoints.ts?:7
fulfilled @ webpack://cxmooc-too…l/dailyPoints.ts?:5
Promise.then
step @ webpack://cxmooc-too…l/dailyPoints.ts?:7
fulfilled @ webpack://cxmooc-too…l/dailyPoints.ts?:5
Promise.then
step @ webpack://cxmooc-too…l/dailyPoints.ts?:7
fulfilled @ webpack://cxmooc-too…l/dailyPoints.ts?:5
Promise.then
step @ webpack://cxmooc-too…l/dailyPoints.ts?:7
fulfilled @ webpack://cxmooc-too…l/dailyPoints.ts?:5
Promise.then
step @ webpack://cxmooc-too…l/dailyPoints.ts?:7
fulfilled @ webpack://cxmooc-too…l/dailyPoints.ts?:5
Promise.then
step @ webpack://cxmooc-too…l/dailyPoints.ts?:7
fulfilled @ webpack://cxmooc-too…l/dailyPoints.ts?:5
Promise.then
step @ webpack://cxmooc-too…l/dailyPoints.ts?:7
fulfilled @ webpack://cxmooc-too…l/dailyPoints.ts?:5
Promise.then
step @ webpack://cxmooc-too…l/dailyPoints.ts?:7
fulfilled @ webpack://cxmooc-too…l/dailyPoints.ts?:5
Promise.then
step @ webpack://cxmooc-too…l/dailyPoints.ts?:7
fulfilled @ webpack://cxmooc-too…l/dailyPoints.ts?:5
Promise.then
step @ webpack://cxmooc-too…l/dailyPoints.ts?:7
eval @ webpack://cxmooc-too…l/dailyPoints.ts?:8
__awaiter @ webpack://cxmooc-too…l/dailyPoints.ts?:4
executeKnowledgeShareTask @ webpack://cxmooc-too…ailyPoints.ts?:1007
eval @ webpack://cxmooc-too…dailyPoints.ts?:274
fulfilled @ webpack://cxmooc-too…l/dailyPoints.ts?:5
Promise.then
step @ webpack://cxmooc-too…l/dailyPoints.ts?:7
eval @ webpack://cxmooc-too…l/dailyPoints.ts?:8
__awaiter @ webpack://cxmooc-too…l/dailyPoints.ts?:4
executeTaskAfterConfirm @ webpack://cxmooc-too…dailyPoints.ts?:242
messageListener @ webpack://cxmooc-too…dailyPoints.ts?:169
postMessage
eval @ webpack://cxmooc-too…PointsPanel.ts?:363
eval @ webpack://cxmooc-too…PointsPanel.ts?:447
18:39:47.532  [warn 18:39:47 ] [任务切换] 正在切换中，跳过重复调用
Warn @ webpack://cxmooc-too…l/utils/log.ts?:197
eval @ webpack://cxmooc-too…dailyPoints.ts?:521
eval @ webpack://cxmooc-too…l/dailyPoints.ts?:8
__awaiter @ webpack://cxmooc-too…l/dailyPoints.ts?:4
switchToNextTask @ webpack://cxmooc-too…dailyPoints.ts?:519
updatePointsStateFromApi @ webpack://cxmooc-too…dailyPoints.ts?:508
eval @ webpack://cxmooc-too…ailyPoints.ts?:1041
fulfilled @ webpack://cxmooc-too…l/dailyPoints.ts?:5
Promise.then
step @ webpack://cxmooc-too…l/dailyPoints.ts?:7
fulfilled @ webpack://cxmooc-too…l/dailyPoints.ts?:5
Promise.then
step @ webpack://cxmooc-too…l/dailyPoints.ts?:7
fulfilled @ webpack://cxmooc-too…l/dailyPoints.ts?:5
Promise.then
step @ webpack://cxmooc-too…l/dailyPoints.ts?:7
fulfilled @ webpack://cxmooc-too…l/dailyPoints.ts?:5
Promise.then
step @ webpack://cxmooc-too…l/dailyPoints.ts?:7
fulfilled @ webpack://cxmooc-too…l/dailyPoints.ts?:5
Promise.then
step @ webpack://cxmooc-too…l/dailyPoints.ts?:7
fulfilled @ webpack://cxmooc-too…l/dailyPoints.ts?:5
Promise.then
step @ webpack://cxmooc-too…l/dailyPoints.ts?:7
fulfilled @ webpack://cxmooc-too…l/dailyPoints.ts?:5
Promise.then
step @ webpack://cxmooc-too…l/dailyPoints.ts?:7
fulfilled @ webpack://cxmooc-too…l/dailyPoints.ts?:5
Promise.then
step @ webpack://cxmooc-too…l/dailyPoints.ts?:7
fulfilled @ webpack://cxmooc-too…l/dailyPoints.ts?:5
Promise.then
step @ webpack://cxmooc-too…l/dailyPoints.ts?:7
fulfilled @ webpack://cxmooc-too…l/dailyPoints.ts?:5
Promise.then
step @ webpack://cxmooc-too…l/dailyPoints.ts?:7
fulfilled @ webpack://cxmooc-too…l/dailyPoints.ts?:5
Promise.then
step @ webpack://cxmooc-too…l/dailyPoints.ts?:7
fulfilled @ webpack://cxmooc-too…l/dailyPoints.ts?:5
Promise.then
step @ webpack://cxmooc-too…l/dailyPoints.ts?:7
fulfilled @ webpack://cxmooc-too…l/dailyPoints.ts?:5
Promise.then
step @ webpack://cxmooc-too…l/dailyPoints.ts?:7
fulfilled @ webpack://cxmooc-too…l/dailyPoints.ts?:5
Promise.then
step @ webpack://cxmooc-too…l/dailyPoints.ts?:7
fulfilled @ webpack://cxmooc-too…l/dailyPoints.ts?:5
Promise.then
step @ webpack://cxmooc-too…l/dailyPoints.ts?:7
fulfilled @ webpack://cxmooc-too…l/dailyPoints.ts?:5
Promise.then
step @ webpack://cxmooc-too…l/dailyPoints.ts?:7
eval @ webpack://cxmooc-too…l/dailyPoints.ts?:8
__awaiter @ webpack://cxmooc-too…l/dailyPoints.ts?:4
executeKnowledgeShareTask @ webpack://cxmooc-too…ailyPoints.ts?:1007
eval @ webpack://cxmooc-too…dailyPoints.ts?:539
eval @ webpack://cxmooc-too…l/dailyPoints.ts?:8
__awaiter @ webpack://cxmooc-too…l/dailyPoints.ts?:4
switchToNextTask @ webpack://cxmooc-too…dailyPoints.ts?:519
updatePointsStateFromApi @ webpack://cxmooc-too…dailyPoints.ts?:508
eval @ webpack://cxmooc-too…ailyPoints.ts?:1041
fulfilled @ webpack://cxmooc-too…l/dailyPoints.ts?:5
Promise.then
step @ webpack://cxmooc-too…l/dailyPoints.ts?:7
fulfilled @ webpack://cxmooc-too…l/dailyPoints.ts?:5
Promise.then
step @ webpack://cxmooc-too…l/dailyPoints.ts?:7
fulfilled @ webpack://cxmooc-too…l/dailyPoints.ts?:5
Promise.then
step @ webpack://cxmooc-too…l/dailyPoints.ts?:7
fulfilled @ webpack://cxmooc-too…l/dailyPoints.ts?:5
Promise.then
step @ webpack://cxmooc-too…l/dailyPoints.ts?:7
fulfilled @ webpack://cxmooc-too…l/dailyPoints.ts?:5
Promise.then
step @ webpack://cxmooc-too…l/dailyPoints.ts?:7
fulfilled @ webpack://cxmooc-too…l/dailyPoints.ts?:5
Promise.then
step @ webpack://cxmooc-too…l/dailyPoints.ts?:7
fulfilled @ webpack://cxmooc-too…l/dailyPoints.ts?:5
Promise.then
step @ webpack://cxmooc-too…l/dailyPoints.ts?:7
fulfilled @ webpack://cxmooc-too…l/dailyPoints.ts?:5
Promise.then
step @ webpack://cxmooc-too…l/dailyPoints.ts?:7
fulfilled @ webpack://cxmooc-too…l/dailyPoints.ts?:5
Promise.then
step @ webpack://cxmooc-too…l/dailyPoints.ts?:7
fulfilled @ webpack://cxmooc-too…l/dailyPoints.ts?:5
Promise.then
step @ webpack://cxmooc-too…l/dailyPoints.ts?:7
fulfilled @ webpack://cxmooc-too…l/dailyPoints.ts?:5
Promise.then
step @ webpack://cxmooc-too…l/dailyPoints.ts?:7
fulfilled @ webpack://cxmooc-too…l/dailyPoints.ts?:5
Promise.then
step @ webpack://cxmooc-too…l/dailyPoints.ts?:7
eval @ webpack://cxmooc-too…l/dailyPoints.ts?:8
__awaiter @ webpack://cxmooc-too…l/dailyPoints.ts?:4
executeKnowledgeShareTask @ webpack://cxmooc-too…ailyPoints.ts?:1007
eval @ webpack://cxmooc-too…dailyPoints.ts?:274
fulfilled @ webpack://cxmooc-too…l/dailyPoints.ts?:5
Promise.then
step @ webpack://cxmooc-too…l/dailyPoints.ts?:7
eval @ webpack://cxmooc-too…l/dailyPoints.ts?:8
__awaiter @ webpack://cxmooc-too…l/dailyPoints.ts?:4
executeTaskAfterConfirm @ webpack://cxmooc-too…dailyPoints.ts?:242
messageListener @ webpack://cxmooc-too…dailyPoints.ts?:169
postMessage
eval @ webpack://cxmooc-too…PointsPanel.ts?:363
eval @ webpack://cxmooc-too…PointsPanel.ts?:447
18:39:47.532  [debug 18:39:47 ] 获取知识分享: pageId=6d424ae30d064ae38560868164bbdec4
18:39:47.532  [debug 18:39:47 ] 发送API请求: GET https://zsgl.lzlj.com/learn/app/clientapi/knowledge/cloud/page/like/isShareOut.do?pageId=6d424ae30d064ae38560868164bbdec4&shareOutType=&sid=F76FB3D332BB4D4D8F5F3EE25814DBF6&os=99
18:39:47.535  [每日积分] panel: 收到页面消息1 {type: 'POINTS_UPDATED', data: {…}}
18:39:47.535  [每日积分] panel: 处理POINTS_UPDATED {learning: {…}, contribution: {…}, interaction: {…}}
18:39:47.611  [debug 18:39:47 ] API响应成功: {body: {…}, code: '0', file: null, message: '成功', user: null}
18:39:47.611  [debug 18:39:47 ] 知识分享成功，第28次调用，累积积分: 0.6/70
18:39:47.611  [debug 18:39:47 ] 获取知识分享: pageId=6d424ae30d064ae38560868164bbdec4
18:39:47.611  [debug 18:39:47 ] 发送API请求: GET https://zsgl.lzlj.com/learn/app/clientapi/knowledge/cloud/page/like/isShareOut.do?pageId=6d424ae30d064ae38560868164bbdec4&shareOutType=&sid=F76FB3D332BB4D4D8F5F3EE25814DBF6&os=99
18:39:47.727  [debug 18:39:47 ] API响应成功: {body: {…}, code: '0', file: null, message: '成功', user: null}
18:39:47.727  [debug 18:39:47 ] 知识分享成功，第29次调用，累积积分: 1.2/70
18:39:47.728  [debug 18:39:47 ] 获取知识分享: pageId=6d424ae30d064ae38560868164bbdec4
18:39:47.728  [debug 18:39:47 ] 发送API请求: GET https://zsgl.lzlj.com/learn/app/clientapi/knowledge/cloud/page/like/isShareOut.do?pageId=6d424ae30d064ae38560868164bbdec4&shareOutType=&sid=F76FB3D332BB4D4D8F5F3EE25814DBF6&os=99
18:39:47.794  [debug 18:39:47 ] API响应成功: {body: {…}, code: '0', file: null, message: '成功', user: null}
18:39:47.795  [debug 18:39:47 ] 知识分享成功，第30次调用，累积积分: 1.7999999999999998/70
18:39:47.795  [debug 18:39:47 ] 获取积分详情: 2026-03-16 ~ 2026-03-31
18:39:47.796  [debug 18:39:47 ] 发送API请求: POST https://zsgl.lzlj.com/learn/app/clientapi/personal/statistics/queryUserPointPercent.do?os=99&sid=F76FB3D332BB4D4D8F5F3EE25814DBF6
18:39:47.846  [debug 18:39:47 ] API响应成功: {body: {…}, code: '0', file: null, message: '成功', user: null}
18:39:47.847  [debug 18:39:47 ] 知识分享成功，第31次调用，累积积分: 2.4/70
18:39:47.847  [debug 18:39:47 ] 获取知识分享: pageId=6d424ae30d064ae38560868164bbdec4
18:39:47.848  [debug 18:39:47 ] 发送API请求: GET https://zsgl.lzlj.com/learn/app/clientapi/knowledge/cloud/page/like/isShareOut.do?pageId=6d424ae30d064ae38560868164bbdec4&shareOutType=&sid=F76FB3D332BB4D4D8F5F3EE25814DBF6&os=99
18:39:48.037  [debug 18:39:48 ] API响应成功: {body: {…}, code: '0', file: null, message: '成功', user: null}
18:39:48.037  [debug 18:39:48 ] 知识分享成功，第32次调用，累积积分: 3/70
18:39:48.038  [debug 18:39:48 ] 获取知识分享: pageId=6d424ae30d064ae38560868164bbdec4
18:39:48.038  [debug 18:39:48 ] 发送API请求: GET https://zsgl.lzlj.com/learn/app/clientapi/knowledge/cloud/page/like/isShareOut.do?pageId=6d424ae30d064ae38560868164bbdec4&shareOutType=&sid=F76FB3D332BB4D4D8F5F3EE25814DBF6&os=99
18:39:48.042  [debug 18:39:48 ] API响应成功: {body: Array(4), code: '0', file: null, message: '成功', user: null}
18:39:48.043  [debug 18:39:48 ] 积分项: 知识被阅读 (knowledge_read_point) = 20
18:39:48.043  [debug 18:39:48 ] 更新贡献积分: 20
18:39:48.043  [debug 18:39:48 ] 积分项: 知识被分享 (knowledge_shared) = 20
18:39:48.043  [debug 18:39:48 ] 更新互动积分: 20
18:39:48.044  [debug 18:39:48 ] 积分项: 学习课程 (24E2D4D119E74B76AC349FA12A0B646C) = 8
18:39:48.044  [debug 18:39:48 ] 更新学习积分（学习课程）: +8，当前: 8
18:39:48.044  [debug 18:39:48 ] 积分项: 知识分享 (knowledge_sharing) = 10
18:39:48.044  [debug 18:39:48 ] 更新互动积分: 30
18:39:48.045  [warn 18:39:48 ] 积分无变化，连续无变化次数: 6/2
Warn @ webpack://cxmooc-too…l/utils/log.ts?:197
updatePointsStateFromApi @ webpack://cxmooc-too…dailyPoints.ts?:505
eval @ webpack://cxmooc-too…ailyPoints.ts?:1041
fulfilled @ webpack://cxmooc-too…l/dailyPoints.ts?:5
Promise.then
step @ webpack://cxmooc-too…l/dailyPoints.ts?:7
fulfilled @ webpack://cxmooc-too…l/dailyPoints.ts?:5
Promise.then
step @ webpack://cxmooc-too…l/dailyPoints.ts?:7
fulfilled @ webpack://cxmooc-too…l/dailyPoints.ts?:5
Promise.then
step @ webpack://cxmooc-too…l/dailyPoints.ts?:7
fulfilled @ webpack://cxmooc-too…l/dailyPoints.ts?:5
Promise.then
step @ webpack://cxmooc-too…l/dailyPoints.ts?:7
fulfilled @ webpack://cxmooc-too…l/dailyPoints.ts?:5
Promise.then
step @ webpack://cxmooc-too…l/dailyPoints.ts?:7
fulfilled @ webpack://cxmooc-too…l/dailyPoints.ts?:5
Promise.then
step @ webpack://cxmooc-too…l/dailyPoints.ts?:7
fulfilled @ webpack://cxmooc-too…l/dailyPoints.ts?:5
Promise.then
step @ webpack://cxmooc-too…l/dailyPoints.ts?:7
fulfilled @ webpack://cxmooc-too…l/dailyPoints.ts?:5
Promise.then
step @ webpack://cxmooc-too…l/dailyPoints.ts?:7
fulfilled @ webpack://cxmooc-too…l/dailyPoints.ts?:5
Promise.then
step @ webpack://cxmooc-too…l/dailyPoints.ts?:7
fulfilled @ webpack://cxmooc-too…l/dailyPoints.ts?:5
Promise.then
step @ webpack://cxmooc-too…l/dailyPoints.ts?:7
fulfilled @ webpack://cxmooc-too…l/dailyPoints.ts?:5
Promise.then
step @ webpack://cxmooc-too…l/dailyPoints.ts?:7
fulfilled @ webpack://cxmooc-too…l/dailyPoints.ts?:5
Promise.then
step @ webpack://cxmooc-too…l/dailyPoints.ts?:7
fulfilled @ webpack://cxmooc-too…l/dailyPoints.ts?:5
Promise.then
step @ webpack://cxmooc-too…l/dailyPoints.ts?:7
fulfilled @ webpack://cxmooc-too…l/dailyPoints.ts?:5
Promise.then
step @ webpack://cxmooc-too…l/dailyPoints.ts?:7
fulfilled @ webpack://cxmooc-too…l/dailyPoints.ts?:5
Promise.then
step @ webpack://cxmooc-too…l/dailyPoints.ts?:7
fulfilled @ webpack://cxmooc-too…l/dailyPoints.ts?:5
Promise.then
step @ webpack://cxmooc-too…l/dailyPoints.ts?:7
fulfilled @ webpack://cxmooc-too…l/dailyPoints.ts?:5
Promise.then
step @ webpack://cxmooc-too…l/dailyPoints.ts?:7
fulfilled @ webpack://cxmooc-too…l/dailyPoints.ts?:5
Promise.then
step @ webpack://cxmooc-too…l/dailyPoints.ts?:7
fulfilled @ webpack://cxmooc-too…l/dailyPoints.ts?:5
Promise.then
step @ webpack://cxmooc-too…l/dailyPoints.ts?:7
fulfilled @ webpack://cxmooc-too…l/dailyPoints.ts?:5
Promise.then
step @ webpack://cxmooc-too…l/dailyPoints.ts?:7
fulfilled @ webpack://cxmooc-too…l/dailyPoints.ts?:5
Promise.then
step @ webpack://cxmooc-too…l/dailyPoints.ts?:7
fulfilled @ webpack://cxmooc-too…l/dailyPoints.ts?:5
Promise.then
step @ webpack://cxmooc-too…l/dailyPoints.ts?:7
fulfilled @ webpack://cxmooc-too…l/dailyPoints.ts?:5
Promise.then
step @ webpack://cxmooc-too…l/dailyPoints.ts?:7
fulfilled @ webpack://cxmooc-too…l/dailyPoints.ts?:5
Promise.then
step @ webpack://cxmooc-too…l/dailyPoints.ts?:7
fulfilled @ webpack://cxmooc-too…l/dailyPoints.ts?:5
Promise.then
step @ webpack://cxmooc-too…l/dailyPoints.ts?:7
fulfilled @ webpack://cxmooc-too…l/dailyPoints.ts?:5
Promise.then
step @ webpack://cxmooc-too…l/dailyPoints.ts?:7
fulfilled @ webpack://cxmooc-too…l/dailyPoints.ts?:5
Promise.then
step @ webpack://cxmooc-too…l/dailyPoints.ts?:7
fulfilled @ webpack://cxmooc-too…l/dailyPoints.ts?:5
Promise.then
step @ webpack://cxmooc-too…l/dailyPoints.ts?:7
fulfilled @ webpack://cxmooc-too…l/dailyPoints.ts?:5
Promise.then
step @ webpack://cxmooc-too…l/dailyPoints.ts?:7
fulfilled @ webpack://cxmooc-too…l/dailyPoints.ts?:5
Promise.then
step @ webpack://cxmooc-too…l/dailyPoints.ts?:7
fulfilled @ webpack://cxmooc-too…l/dailyPoints.ts?:5
Promise.then
step @ webpack://cxmooc-too…l/dailyPoints.ts?:7
eval @ webpack://cxmooc-too…l/dailyPoints.ts?:8
__awaiter @ webpack://cxmooc-too…l/dailyPoints.ts?:4
executeKnowledgeShareTask @ webpack://cxmooc-too…ailyPoints.ts?:1007
eval @ webpack://cxmooc-too…dailyPoints.ts?:274
fulfilled @ webpack://cxmooc-too…l/dailyPoints.ts?:5
Promise.then
step @ webpack://cxmooc-too…l/dailyPoints.ts?:7
eval @ webpack://cxmooc-too…l/dailyPoints.ts?:8
__awaiter @ webpack://cxmooc-too…l/dailyPoints.ts?:4
executeTaskAfterConfirm @ webpack://cxmooc-too…dailyPoints.ts?:242
messageListener @ webpack://cxmooc-too…dailyPoints.ts?:169
18:39:48.045  [warn 18:39:48 ] [任务切换] 正在切换中，跳过重复调用
Warn @ webpack://cxmooc-too…l/utils/log.ts?:197
eval @ webpack://cxmooc-too…dailyPoints.ts?:521
eval @ webpack://cxmooc-too…l/dailyPoints.ts?:8
__awaiter @ webpack://cxmooc-too…l/dailyPoints.ts?:4
switchToNextTask @ webpack://cxmooc-too…dailyPoints.ts?:519
updatePointsStateFromApi @ webpack://cxmooc-too…dailyPoints.ts?:508
eval @ webpack://cxmooc-too…ailyPoints.ts?:1041
fulfilled @ webpack://cxmooc-too…l/dailyPoints.ts?:5
Promise.then
step @ webpack://cxmooc-too…l/dailyPoints.ts?:7
fulfilled @ webpack://cxmooc-too…l/dailyPoints.ts?:5
Promise.then
step @ webpack://cxmooc-too…l/dailyPoints.ts?:7
fulfilled @ webpack://cxmooc-too…l/dailyPoints.ts?:5
Promise.then
step @ webpack://cxmooc-too…l/dailyPoints.ts?:7
fulfilled @ webpack://cxmooc-too…l/dailyPoints.ts?:5
Promise.then
step @ webpack://cxmooc-too…l/dailyPoints.ts?:7
fulfilled @ webpack://cxmooc-too…l/dailyPoints.ts?:5
Promise.then
step @ webpack://cxmooc-too…l/dailyPoints.ts?:7
fulfilled @ webpack://cxmooc-too…l/dailyPoints.ts?:5
Promise.then
step @ webpack://cxmooc-too…l/dailyPoints.ts?:7
fulfilled @ webpack://cxmooc-too…l/dailyPoints.ts?:5
Promise.then
step @ webpack://cxmooc-too…l/dailyPoints.ts?:7
fulfilled @ webpack://cxmooc-too…l/dailyPoints.ts?:5
Promise.then
step @ webpack://cxmooc-too…l/dailyPoints.ts?:7
fulfilled @ webpack://cxmooc-too…l/dailyPoints.ts?:5
Promise.then
step @ webpack://cxmooc-too…l/dailyPoints.ts?:7
fulfilled @ webpack://cxmooc-too…l/dailyPoints.ts?:5
Promise.then
step @ webpack://cxmooc-too…l/dailyPoints.ts?:7
fulfilled @ webpack://cxmooc-too…l/dailyPoints.ts?:5
Promise.then
step @ webpack://cxmooc-too…l/dailyPoints.ts?:7
fulfilled @ webpack://cxmooc-too…l/dailyPoints.ts?:5
Promise.then
step @ webpack://cxmooc-too…l/dailyPoints.ts?:7
fulfilled @ webpack://cxmooc-too…l/dailyPoints.ts?:5
Promise.then
step @ webpack://cxmooc-too…l/dailyPoints.ts?:7
fulfilled @ webpack://cxmooc-too…l/dailyPoints.ts?:5
Promise.then
step @ webpack://cxmooc-too…l/dailyPoints.ts?:7
fulfilled @ webpack://cxmooc-too…l/dailyPoints.ts?:5
Promise.then
step @ webpack://cxmooc-too…l/dailyPoints.ts?:7
fulfilled @ webpack://cxmooc-too…l/dailyPoints.ts?:5
Promise.then
step @ webpack://cxmooc-too…l/dailyPoints.ts?:7
fulfilled @ webpack://cxmooc-too…l/dailyPoints.ts?:5
Promise.then
step @ webpack://cxmooc-too…l/dailyPoints.ts?:7
fulfilled @ webpack://cxmooc-too…l/dailyPoints.ts?:5
Promise.then
step @ webpack://cxmooc-too…l/dailyPoints.ts?:7
fulfilled @ webpack://cxmooc-too…l/dailyPoints.ts?:5
Promise.then
step @ webpack://cxmooc-too…l/dailyPoints.ts?:7
fulfilled @ webpack://cxmooc-too…l/dailyPoints.ts?:5
Promise.then
step @ webpack://cxmooc-too…l/dailyPoints.ts?:7
fulfilled @ webpack://cxmooc-too…l/dailyPoints.ts?:5
Promise.then
step @ webpack://cxmooc-too…l/dailyPoints.ts?:7
fulfilled @ webpack://cxmooc-too…l/dailyPoints.ts?:5
Promise.then
step @ webpack://cxmooc-too…l/dailyPoints.ts?:7
fulfilled @ webpack://cxmooc-too…l/dailyPoints.ts?:5
Promise.then
step @ webpack://cxmooc-too…l/dailyPoints.ts?:7
fulfilled @ webpack://cxmooc-too…l/dailyPoints.ts?:5
Promise.then
step @ webpack://cxmooc-too…l/dailyPoints.ts?:7
fulfilled @ webpack://cxmooc-too…l/dailyPoints.ts?:5
Promise.then
step @ webpack://cxmooc-too…l/dailyPoints.ts?:7
fulfilled @ webpack://cxmooc-too…l/dailyPoints.ts?:5
Promise.then
step @ webpack://cxmooc-too…l/dailyPoints.ts?:7
fulfilled @ webpack://cxmooc-too…l/dailyPoints.ts?:5
Promise.then
step @ webpack://cxmooc-too…l/dailyPoints.ts?:7
fulfilled @ webpack://cxmooc-too…l/dailyPoints.ts?:5
Promise.then
step @ webpack://cxmooc-too…l/dailyPoints.ts?:7
fulfilled @ webpack://cxmooc-too…l/dailyPoints.ts?:5
Promise.then
step @ webpack://cxmooc-too…l/dailyPoints.ts?:7
fulfilled @ webpack://cxmooc-too…l/dailyPoints.ts?:5
Promise.then
step @ webpack://cxmooc-too…l/dailyPoints.ts?:7
fulfilled @ webpack://cxmooc-too…l/dailyPoints.ts?:5
Promise.then
step @ webpack://cxmooc-too…l/dailyPoints.ts?:7
eval @ webpack://cxmooc-too…l/dailyPoints.ts?:8
__awaiter @ webpack://cxmooc-too…l/dailyPoints.ts?:4
executeKnowledgeShareTask @ webpack://cxmooc-too…ailyPoints.ts?:1007
eval @ webpack://cxmooc-too…dailyPoints.ts?:274
fulfilled @ webpack://cxmooc-too…l/dailyPoints.ts?:5
Promise.then
step @ webpack://cxmooc-too…l/dailyPoints.ts?:7
eval @ webpack://cxmooc-too…l/dailyPoints.ts?:8
__awaiter @ webpack://cxmooc-too…l/dailyPoints.ts?:4
executeTaskAfterConfirm @ webpack://cxmooc-too…dailyPoints.ts?:242
messageListener @ webpack://cxmooc-too…dailyPoints.ts?:169
18:39:48.045  [debug 18:39:48 ] 获取知识分享: pageId=6d424ae30d064ae38560868164bbdec4
18:39:48.045  [debug 18:39:48 ] 发送API请求: GET https://zsgl.lzlj.com/learn/app/clientapi/knowledge/cloud/page/like/isShareOut.do?pageId=6d424ae30d064ae38560868164bbdec4&shareOutType=&sid=F76FB3D332BB4D4D8F5F3EE25814DBF6&os=99
18:39:48.046  [每日积分] panel: 收到页面消息1 {type: 'POINTS_UPDATED', data: {…}}
18:39:48.046  [每日积分] panel: 处理POINTS_UPDATED {learning: {…}, contribution: {…}, interaction: {…}}
18:39:48.162  [debug 18:39:48 ] API响应成功: {body: {…}, code: '0', file: null, message: '成功', user: null}
18:39:48.163  [debug 18:39:48 ] 知识分享成功，第33次调用，累积积分: 0.6/70
18:39:48.163  [debug 18:39:48 ] 获取知识分享: pageId=6d424ae30d064ae38560868164bbdec4
18:39:48.163  [debug 18:39:48 ] 发送API请求: GET https://zsgl.lzlj.com/learn/app/clientapi/knowledge/cloud/page/like/isShareOut.do?pageId=6d424ae30d064ae38560868164bbdec4&shareOutType=&sid=F76FB3D332BB4D4D8F5F3EE25814DBF6&os=99
18:39:48.190  [debug 18:39:48 ] API响应成功: {body: {…}, code: '0', file: null, message: '成功', user: null}
18:39:48.191  [debug 18:39:48 ] 知识分享成功，第34次调用，累积积分: 1.2/70
18:39:48.191  [debug 18:39:48 ] 获取知识分享: pageId=6d424ae30d064ae38560868164bbdec4
18:39:48.191  [debug 18:39:48 ] 发送API请求: GET https://zsgl.lzlj.com/learn/app/clientapi/knowledge/cloud/page/like/isShareOut.do?pageId=6d424ae30d064ae38560868164bbdec4&shareOutType=&sid=F76FB3D332BB4D4D8F5F3EE25814DBF6&os=99
18:39:48.274  [debug 18:39:48 ] API响应成功: {body: {…}, code: '0', file: null, message: '成功', user: null}
18:39:48.275  [debug 18:39:48 ] 知识分享成功，第35次调用，累积积分: 1.7999999999999998/70
18:39:48.275  [debug 18:39:48 ] 获取积分详情: 2026-03-16 ~ 2026-03-31
18:39:48.275  [debug 18:39:48 ] 发送API请求: POST https://zsgl.lzlj.com/learn/app/clientapi/personal/statistics/queryUserPointPercent.do?os=99&sid=F76FB3D332BB4D4D8F5F3EE25814DBF6
18:39:48.314  [debug 18:39:48 ] API响应成功: {body: {…}, code: '0', file: null, message: '成功', user: null}
18:39:48.314  [debug 18:39:48 ] 知识分享成功，第36次调用，累积积分: 2.4/70
18:39:48.314  [debug 18:39:48 ] 获取知识分享: pageId=6d424ae30d064ae38560868164bbdec4
18:39:48.314  [debug 18:39:48 ] 发送API请求: GET https://zsgl.lzlj.com/learn/app/clientapi/knowledge/cloud/page/like/isShareOut.do?pageId=6d424ae30d064ae38560868164bbdec4&shareOutType=&sid=F76FB3D332BB4D4D8F5F3EE25814DBF6&os=99
18:39:48.429  [debug 18:39:48 ] API响应成功: {body: {…}, code: '0', file: null, message: '成功', user: null}
18:39:48.429  [debug 18:39:48 ] 知识分享成功，第37次调用，累积积分: 3/70
18:39:48.429  [debug 18:39:48 ] 获取知识分享: pageId=6d424ae30d064ae38560868164bbdec4
18:39:48.430  [debug 18:39:48 ] 发送API请求: GET https://zsgl.lzlj.com/learn/app/clientapi/knowledge/cloud/page/like/isShareOut.do?pageId=6d424ae30d064ae38560868164bbdec4&shareOutType=&sid=F76FB3D332BB4D4D8F5F3EE25814DBF6&os=99
18:39:48.515  [debug 18:39:48 ] API响应成功: {body: Array(4), code: '0', file: null, message: '成功', user: null}
18:39:48.516  [debug 18:39:48 ] 积分项: 知识被阅读 (knowledge_read_point) = 20
18:39:48.517  [debug 18:39:48 ] 更新贡献积分: 20
18:39:48.517  [debug 18:39:48 ] 积分项: 知识被分享 (knowledge_shared) = 20
18:39:48.517  [debug 18:39:48 ] 更新互动积分: 20
18:39:48.517  [debug 18:39:48 ] 积分项: 学习课程 (24E2D4D119E74B76AC349FA12A0B646C) = 8
18:39:48.518  [debug 18:39:48 ] 更新学习积分（学习课程）: +8，当前: 8
18:39:48.518  [debug 18:39:48 ] 积分项: 知识分享 (knowledge_sharing) = 10
18:39:48.518  [debug 18:39:48 ] 更新互动积分: 30
18:39:48.518  [warn 18:39:48 ] 积分无变化，连续无变化次数: 7/2
Warn @ webpack://cxmooc-too…l/utils/log.ts?:197
updatePointsStateFromApi @ webpack://cxmooc-too…dailyPoints.ts?:505
eval @ webpack://cxmooc-too…ailyPoints.ts?:1041
fulfilled @ webpack://cxmooc-too…l/dailyPoints.ts?:5
Promise.then
step @ webpack://cxmooc-too…l/dailyPoints.ts?:7
fulfilled @ webpack://cxmooc-too…l/dailyPoints.ts?:5
Promise.then
step @ webpack://cxmooc-too…l/dailyPoints.ts?:7
fulfilled @ webpack://cxmooc-too…l/dailyPoints.ts?:5
Promise.then
step @ webpack://cxmooc-too…l/dailyPoints.ts?:7
fulfilled @ webpack://cxmooc-too…l/dailyPoints.ts?:5
Promise.then
step @ webpack://cxmooc-too…l/dailyPoints.ts?:7
fulfilled @ webpack://cxmooc-too…l/dailyPoints.ts?:5
Promise.then
step @ webpack://cxmooc-too…l/dailyPoints.ts?:7
fulfilled @ webpack://cxmooc-too…l/dailyPoints.ts?:5
Promise.then
step @ webpack://cxmooc-too…l/dailyPoints.ts?:7
fulfilled @ webpack://cxmooc-too…l/dailyPoints.ts?:5
Promise.then
step @ webpack://cxmooc-too…l/dailyPoints.ts?:7
fulfilled @ webpack://cxmooc-too…l/dailyPoints.ts?:5
Promise.then
step @ webpack://cxmooc-too…l/dailyPoints.ts?:7
fulfilled @ webpack://cxmooc-too…l/dailyPoints.ts?:5
Promise.then
step @ webpack://cxmooc-too…l/dailyPoints.ts?:7
fulfilled @ webpack://cxmooc-too…l/dailyPoints.ts?:5
Promise.then
step @ webpack://cxmooc-too…l/dailyPoints.ts?:7
fulfilled @ webpack://cxmooc-too…l/dailyPoints.ts?:5
Promise.then
step @ webpack://cxmooc-too…l/dailyPoints.ts?:7
fulfilled @ webpack://cxmooc-too…l/dailyPoints.ts?:5
Promise.then
step @ webpack://cxmooc-too…l/dailyPoints.ts?:7
fulfilled @ webpack://cxmooc-too…l/dailyPoints.ts?:5
Promise.then
step @ webpack://cxmooc-too…l/dailyPoints.ts?:7
fulfilled @ webpack://cxmooc-too…l/dailyPoints.ts?:5
Promise.then
step @ webpack://cxmooc-too…l/dailyPoints.ts?:7
fulfilled @ webpack://cxmooc-too…l/dailyPoints.ts?:5
Promise.then
step @ webpack://cxmooc-too…l/dailyPoints.ts?:7
fulfilled @ webpack://cxmooc-too…l/dailyPoints.ts?:5
Promise.then
step @ webpack://cxmooc-too…l/dailyPoints.ts?:7
fulfilled @ webpack://cxmooc-too…l/dailyPoints.ts?:5
Promise.then
step @ webpack://cxmooc-too…l/dailyPoints.ts?:7
fulfilled @ webpack://cxmooc-too…l/dailyPoints.ts?:5
Promise.then
step @ webpack://cxmooc-too…l/dailyPoints.ts?:7
fulfilled @ webpack://cxmooc-too…l/dailyPoints.ts?:5
Promise.then
step @ webpack://cxmooc-too…l/dailyPoints.ts?:7
fulfilled @ webpack://cxmooc-too…l/dailyPoints.ts?:5
Promise.then
step @ webpack://cxmooc-too…l/dailyPoints.ts?:7
fulfilled @ webpack://cxmooc-too…l/dailyPoints.ts?:5
Promise.then
step @ webpack://cxmooc-too…l/dailyPoints.ts?:7
fulfilled @ webpack://cxmooc-too…l/dailyPoints.ts?:5
Promise.then
step @ webpack://cxmooc-too…l/dailyPoints.ts?:7
fulfilled @ webpack://cxmooc-too…l/dailyPoints.ts?:5
Promise.then
step @ webpack://cxmooc-too…l/dailyPoints.ts?:7
fulfilled @ webpack://cxmooc-too…l/dailyPoints.ts?:5
Promise.then
step @ webpack://cxmooc-too…l/dailyPoints.ts?:7
fulfilled @ webpack://cxmooc-too…l/dailyPoints.ts?:5
Promise.then
step @ webpack://cxmooc-too…l/dailyPoints.ts?:7
fulfilled @ webpack://cxmooc-too…l/dailyPoints.ts?:5
Promise.then
step @ webpack://cxmooc-too…l/dailyPoints.ts?:7
fulfilled @ webpack://cxmooc-too…l/dailyPoints.ts?:5
Promise.then
step @ webpack://cxmooc-too…l/dailyPoints.ts?:7
fulfilled @ webpack://cxmooc-too…l/dailyPoints.ts?:5
Promise.then
step @ webpack://cxmooc-too…l/dailyPoints.ts?:7
fulfilled @ webpack://cxmooc-too…l/dailyPoints.ts?:5
Promise.then
step @ webpack://cxmooc-too…l/dailyPoints.ts?:7
fulfilled @ webpack://cxmooc-too…l/dailyPoints.ts?:5
Promise.then
step @ webpack://cxmooc-too…l/dailyPoints.ts?:7
fulfilled @ webpack://cxmooc-too…l/dailyPoints.ts?:5
Promise.then
step @ webpack://cxmooc-too…l/dailyPoints.ts?:7
fulfilled @ webpack://cxmooc-too…l/dailyPoints.ts?:5
Promise.then
step @ webpack://cxmooc-too…l/dailyPoints.ts?:7
fulfilled @ webpack://cxmooc-too…l/dailyPoints.ts?:5
18:39:48.519  [warn 18:39:48 ] [任务切换] 正在切换中，跳过重复调用
Warn @ webpack://cxmooc-too…l/utils/log.ts?:197
eval @ webpack://cxmooc-too…dailyPoints.ts?:521
eval @ webpack://cxmooc-too…l/dailyPoints.ts?:8
__awaiter @ webpack://cxmooc-too…l/dailyPoints.ts?:4
switchToNextTask @ webpack://cxmooc-too…dailyPoints.ts?:519
updatePointsStateFromApi @ webpack://cxmooc-too…dailyPoints.ts?:508
eval @ webpack://cxmooc-too…ailyPoints.ts?:1041
fulfilled @ webpack://cxmooc-too…l/dailyPoints.ts?:5
Promise.then
step @ webpack://cxmooc-too…l/dailyPoints.ts?:7
fulfilled @ webpack://cxmooc-too…l/dailyPoints.ts?:5
Promise.then
step @ webpack://cxmooc-too…l/dailyPoints.ts?:7
fulfilled @ webpack://cxmooc-too…l/dailyPoints.ts?:5
Promise.then
step @ webpack://cxmooc-too…l/dailyPoints.ts?:7
fulfilled @ webpack://cxmooc-too…l/dailyPoints.ts?:5
Promise.then
step @ webpack://cxmooc-too…l/dailyPoints.ts?:7
fulfilled @ webpack://cxmooc-too…l/dailyPoints.ts?:5
Promise.then
step @ webpack://cxmooc-too…l/dailyPoints.ts?:7
fulfilled @ webpack://cxmooc-too…l/dailyPoints.ts?:5
Promise.then
step @ webpack://cxmooc-too…l/dailyPoints.ts?:7
fulfilled @ webpack://cxmooc-too…l/dailyPoints.ts?:5
Promise.then
step @ webpack://cxmooc-too…l/dailyPoints.ts?:7
fulfilled @ webpack://cxmooc-too…l/dailyPoints.ts?:5
Promise.then
step @ webpack://cxmooc-too…l/dailyPoints.ts?:7
fulfilled @ webpack://cxmooc-too…l/dailyPoints.ts?:5
Promise.then
step @ webpack://cxmooc-too…l/dailyPoints.ts?:7
fulfilled @ webpack://cxmooc-too…l/dailyPoints.ts?:5
Promise.then
step @ webpack://cxmooc-too…l/dailyPoints.ts?:7
fulfilled @ webpack://cxmooc-too…l/dailyPoints.ts?:5
Promise.then
step @ webpack://cxmooc-too…l/dailyPoints.ts?:7
fulfilled @ webpack://cxmooc-too…l/dailyPoints.ts?:5
Promise.then
step @ webpack://cxmooc-too…l/dailyPoints.ts?:7
fulfilled @ webpack://cxmooc-too…l/dailyPoints.ts?:5
Promise.then
step @ webpack://cxmooc-too…l/dailyPoints.ts?:7
fulfilled @ webpack://cxmooc-too…l/dailyPoints.ts?:5
Promise.then
step @ webpack://cxmooc-too…l/dailyPoints.ts?:7
fulfilled @ webpack://cxmooc-too…l/dailyPoints.ts?:5
Promise.then
step @ webpack://cxmooc-too…l/dailyPoints.ts?:7
fulfilled @ webpack://cxmooc-too…l/dailyPoints.ts?:5
Promise.then
step @ webpack://cxmooc-too…l/dailyPoints.ts?:7
fulfilled @ webpack://cxmooc-too…l/dailyPoints.ts?:5
Promise.then
step @ webpack://cxmooc-too…l/dailyPoints.ts?:7
fulfilled @ webpack://cxmooc-too…l/dailyPoints.ts?:5
Promise.then
step @ webpack://cxmooc-too…l/dailyPoints.ts?:7
fulfilled @ webpack://cxmooc-too…l/dailyPoints.ts?:5
Promise.then
step @ webpack://cxmooc-too…l/dailyPoints.ts?:7
fulfilled @ webpack://cxmooc-too…l/dailyPoints.ts?:5
Promise.then
step @ webpack://cxmooc-too…l/dailyPoints.ts?:7
fulfilled @ webpack://cxmooc-too…l/dailyPoints.ts?:5
Promise.then
step @ webpack://cxmooc-too…l/dailyPoints.ts?:7
fulfilled @ webpack://cxmooc-too…l/dailyPoints.ts?:5
Promise.then
step @ webpack://cxmooc-too…l/dailyPoints.ts?:7
fulfilled @ webpack://cxmooc-too…l/dailyPoints.ts?:5
Promise.then
step @ webpack://cxmooc-too…l/dailyPoints.ts?:7
fulfilled @ webpack://cxmooc-too…l/dailyPoints.ts?:5
Promise.then
step @ webpack://cxmooc-too…l/dailyPoints.ts?:7
fulfilled @ webpack://cxmooc-too…l/dailyPoints.ts?:5
Promise.then
step @ webpack://cxmooc-too…l/dailyPoints.ts?:7
fulfilled @ webpack://cxmooc-too…l/dailyPoints.ts?:5
Promise.then
step @ webpack://cxmooc-too…l/dailyPoints.ts?:7
fulfilled @ webpack://cxmooc-too…l/dailyPoints.ts?:5
Promise.then
step @ webpack://cxmooc-too…l/dailyPoints.ts?:7
fulfilled @ webpack://cxmooc-too…l/dailyPoints.ts?:5
Promise.then
step @ webpack://cxmooc-too…l/dailyPoints.ts?:7
fulfilled @ webpack://cxmooc-too…l/dailyPoints.ts?:5
Promise.then
step @ webpack://cxmooc-too…l/dailyPoints.ts?:7
fulfilled @ webpack://cxmooc-too…l/dailyPoints.ts?:5
Promise.then
step @ webpack://cxmooc-too…l/dailyPoints.ts?:7
fulfilled @ webpack://cxmooc-too…l/dailyPoints.ts?:5
Promise.then
step @ webpack://cxmooc-too…l/dailyPoints.ts?:7
fulfilled @ webpack://cxmooc-too…l/dailyPoints.ts?:5
Promise.then
step @ webpack://cxmooc-too…l/dailyPoints.ts?:7
fulfilled @ webpack://cxmooc-too…l/dailyPoints.ts?:5
18:39:48.519  [debug 18:39:48 ] 获取知识分享: pageId=6d424ae30d064ae38560868164bbdec4
18:39:48.519  [debug 18:39:48 ] 发送API请求: GET https://zsgl.lzlj.com/learn/app/clientapi/knowledge/cloud/page/like/isShareOut.do?pageId=6d424ae30d064ae38560868164bbdec4&shareOutType=&sid=F76FB3D332BB4D4D8F5F3EE25814DBF6&os=99
18:39:48.524  [每日积分] panel: 收到页面消息1 {type: 'POINTS_UPDATED', data: {…}}
18:39:48.524  [每日积分] panel: 处理POINTS_UPDATED {learning: {…}, contribution: {…}, interaction: {…}}
18:39:48.566  [debug 18:39:48 ] API响应成功: {body: {…}, code: '0', file: null, message: '成功', user: null}
18:39:48.567  [debug 18:39:48 ] 知识分享成功，第38次调用，累积积分: 0.6/70
18:39:48.567  [debug 18:39:48 ] 获取知识分享: pageId=6d424ae30d064ae38560868164bbdec4
18:39:48.568  [debug 18:39:48 ] 发送API请求: GET https://zsgl.lzlj.com/learn/app/clientapi/knowledge/cloud/page/like/isShareOut.do?pageId=6d424ae30d064ae38560868164bbdec4&shareOutType=&sid=F76FB3D332BB4D4D8F5F3EE25814DBF6&os=99
18:39:48.694  [debug 18:39:48 ] API响应成功: {body: {…}, code: '0', file: null, message: '成功', user: null}
18:39:48.695  [debug 18:39:48 ] 知识分享成功，第39次调用，累积积分: 1.2/70
18:39:48.695  [debug 18:39:48 ] 获取知识分享: pageId=6d424ae30d064ae38560868164bbdec4
18:39:48.695  [debug 18:39:48 ] 发送API请求: GET https://zsgl.lzlj.com/learn/app/clientapi/knowledge/cloud/page/like/isShareOut.do?pageId=6d424ae30d064ae38560868164bbdec4&shareOutType=&sid=F76FB3D332BB4D4D8F5F3EE25814DBF6&os=99
18:39:48.700  [debug 18:39:48 ] API响应成功: {body: {…}, code: '0', file: null, message: '成功', user: null}
18:39:48.700  [debug 18:39:48 ] 知识分享成功，第40次调用，累积积分: 1.7999999999999998/70
18:39:48.701  [debug 18:39:48 ] 获取积分详情: 2026-03-16 ~ 2026-03-31
18:39:48.701  [debug 18:39:48 ] 发送API请求: POST https://zsgl.lzlj.com/learn/app/clientapi/personal/statistics/queryUserPointPercent.do?os=99&sid=F76FB3D332BB4D4D8F5F3EE25814DBF6
18:39:48.812  [debug 18:39:48 ] API响应成功: {body: {…}, code: '0', file: null, message: '成功', user: null}
18:39:48.812  [debug 18:39:48 ] 知识分享成功，第41次调用，累积积分: 2.4/70
18:39:48.813  [debug 18:39:48 ] 获取知识分享: pageId=6d424ae30d064ae38560868164bbdec4
18:39:48.813  [debug 18:39:48 ] 发送API请求: GET https://zsgl.lzlj.com/learn/app/clientapi/knowledge/cloud/page/like/isShareOut.do?pageId=6d424ae30d064ae38560868164bbdec4&shareOutType=&sid=F76FB3D332BB4D4D8F5F3EE25814DBF6&os=99
18:39:48.949  [debug 18:39:48 ] API响应成功: {body: Array(4), code: '0', file: null, message: '成功', user: null}
18:39:48.949  [debug 18:39:48 ] 积分项: 知识被阅读 (knowledge_read_point) = 20
18:39:48.950  [debug 18:39:48 ] 更新贡献积分: 20
18:39:48.950  [debug 18:39:48 ] 积分项: 知识被分享 (knowledge_shared) = 20
18:39:48.950  [debug 18:39:48 ] 更新互动积分: 20
18:39:48.950  [debug 18:39:48 ] 积分项: 学习课程 (24E2D4D119E74B76AC349FA12A0B646C) = 8
18:39:48.950  [debug 18:39:48 ] 更新学习积分（学习课程）: +8，当前: 8
18:39:48.951  [debug 18:39:48 ] 积分项: 知识分享 (knowledge_sharing) = 10
18:39:48.951  [debug 18:39:48 ] 更新互动积分: 30
18:39:48.951  [warn 18:39:48 ] 积分无变化，连续无变化次数: 8/2
Warn @ webpack://cxmooc-too…l/utils/log.ts?:197
updatePointsStateFromApi @ webpack://cxmooc-too…dailyPoints.ts?:505
eval @ webpack://cxmooc-too…ailyPoints.ts?:1041
fulfilled @ webpack://cxmooc-too…l/dailyPoints.ts?:5
Promise.then
step @ webpack://cxmooc-too…l/dailyPoints.ts?:7
fulfilled @ webpack://cxmooc-too…l/dailyPoints.ts?:5
Promise.then
step @ webpack://cxmooc-too…l/dailyPoints.ts?:7
fulfilled @ webpack://cxmooc-too…l/dailyPoints.ts?:5
Promise.then
step @ webpack://cxmooc-too…l/dailyPoints.ts?:7
fulfilled @ webpack://cxmooc-too…l/dailyPoints.ts?:5
Promise.then
step @ webpack://cxmooc-too…l/dailyPoints.ts?:7
fulfilled @ webpack://cxmooc-too…l/dailyPoints.ts?:5
Promise.then
step @ webpack://cxmooc-too…l/dailyPoints.ts?:7
fulfilled @ webpack://cxmooc-too…l/dailyPoints.ts?:5
Promise.then
step @ webpack://cxmooc-too…l/dailyPoints.ts?:7
fulfilled @ webpack://cxmooc-too…l/dailyPoints.ts?:5
Promise.then
step @ webpack://cxmooc-too…l/dailyPoints.ts?:7
fulfilled @ webpack://cxmooc-too…l/dailyPoints.ts?:5
Promise.then
step @ webpack://cxmooc-too…l/dailyPoints.ts?:7
fulfilled @ webpack://cxmooc-too…l/dailyPoints.ts?:5
Promise.then
step @ webpack://cxmooc-too…l/dailyPoints.ts?:7
fulfilled @ webpack://cxmooc-too…l/dailyPoints.ts?:5
Promise.then
step @ webpack://cxmooc-too…l/dailyPoints.ts?:7
fulfilled @ webpack://cxmooc-too…l/dailyPoints.ts?:5
Promise.then
step @ webpack://cxmooc-too…l/dailyPoints.ts?:7
fulfilled @ webpack://cxmooc-too…l/dailyPoints.ts?:5
Promise.then
step @ webpack://cxmooc-too…l/dailyPoints.ts?:7
fulfilled @ webpack://cxmooc-too…l/dailyPoints.ts?:5
Promise.then
step @ webpack://cxmooc-too…l/dailyPoints.ts?:7
fulfilled @ webpack://cxmooc-too…l/dailyPoints.ts?:5
Promise.then
step @ webpack://cxmooc-too…l/dailyPoints.ts?:7
fulfilled @ webpack://cxmooc-too…l/dailyPoints.ts?:5
Promise.then
step @ webpack://cxmooc-too…l/dailyPoints.ts?:7
fulfilled @ webpack://cxmooc-too…l/dailyPoints.ts?:5
Promise.then
step @ webpack://cxmooc-too…l/dailyPoints.ts?:7
fulfilled @ webpack://cxmooc-too…l/dailyPoints.ts?:5
Promise.then
step @ webpack://cxmooc-too…l/dailyPoints.ts?:7
fulfilled @ webpack://cxmooc-too…l/dailyPoints.ts?:5
Promise.then
step @ webpack://cxmooc-too…l/dailyPoints.ts?:7
fulfilled @ webpack://cxmooc-too…l/dailyPoints.ts?:5
Promise.then
step @ webpack://cxmooc-too…l/dailyPoints.ts?:7
fulfilled @ webpack://cxmooc-too…l/dailyPoints.ts?:5
Promise.then
step @ webpack://cxmooc-too…l/dailyPoints.ts?:7
fulfilled @ webpack://cxmooc-too…l/dailyPoints.ts?:5
Promise.then
step @ webpack://cxmooc-too…l/dailyPoints.ts?:7
fulfilled @ webpack://cxmooc-too…l/dailyPoints.ts?:5
Promise.then
step @ webpack://cxmooc-too…l/dailyPoints.ts?:7
fulfilled @ webpack://cxmooc-too…l/dailyPoints.ts?:5
Promise.then
step @ webpack://cxmooc-too…l/dailyPoints.ts?:7
fulfilled @ webpack://cxmooc-too…l/dailyPoints.ts?:5
Promise.then
step @ webpack://cxmooc-too…l/dailyPoints.ts?:7
fulfilled @ webpack://cxmooc-too…l/dailyPoints.ts?:5
Promise.then
step @ webpack://cxmooc-too…l/dailyPoints.ts?:7
fulfilled @ webpack://cxmooc-too…l/dailyPoints.ts?:5
Promise.then
step @ webpack://cxmooc-too…l/dailyPoints.ts?:7
fulfilled @ webpack://cxmooc-too…l/dailyPoints.ts?:5
Promise.then
step @ webpack://cxmooc-too…l/dailyPoints.ts?:7
fulfilled @ webpack://cxmooc-too…l/dailyPoints.ts?:5
Promise.then
step @ webpack://cxmooc-too…l/dailyPoints.ts?:7
fulfilled @ webpack://cxmooc-too…l/dailyPoints.ts?:5
Promise.then
step @ webpack://cxmooc-too…l/dailyPoints.ts?:7
fulfilled @ webpack://cxmooc-too…l/dailyPoints.ts?:5
Promise.then
step @ webpack://cxmooc-too…l/dailyPoints.ts?:7
fulfilled @ webpack://cxmooc-too…l/dailyPoints.ts?:5
Promise.then
step @ webpack://cxmooc-too…l/dailyPoints.ts?:7
fulfilled @ webpack://cxmooc-too…l/dailyPoints.ts?:5
Promise.then
step @ webpack://cxmooc-too…l/dailyPoints.ts?:7
fulfilled @ webpack://cxmooc-too…l/dailyPoints.ts?:5
18:39:48.951  [warn 18:39:48 ] [任务切换] 正在切换中，跳过重复调用
Warn @ webpack://cxmooc-too…l/utils/log.ts?:197
eval @ webpack://cxmooc-too…dailyPoints.ts?:521
eval @ webpack://cxmooc-too…l/dailyPoints.ts?:8
__awaiter @ webpack://cxmooc-too…l/dailyPoints.ts?:4
switchToNextTask @ webpack://cxmooc-too…dailyPoints.ts?:519
updatePointsStateFromApi @ webpack://cxmooc-too…dailyPoints.ts?:508
eval @ webpack://cxmooc-too…ailyPoints.ts?:1041
fulfilled @ webpack://cxmooc-too…l/dailyPoints.ts?:5
Promise.then
step @ webpack://cxmooc-too…l/dailyPoints.ts?:7
fulfilled @ webpack://cxmooc-too…l/dailyPoints.ts?:5
Promise.then
step @ webpack://cxmooc-too…l/dailyPoints.ts?:7
fulfilled @ webpack://cxmooc-too…l/dailyPoints.ts?:5
Promise.then
step @ webpack://cxmooc-too…l/dailyPoints.ts?:7
fulfilled @ webpack://cxmooc-too…l/dailyPoints.ts?:5
Promise.then
step @ webpack://cxmooc-too…l/dailyPoints.ts?:7
fulfilled @ webpack://cxmooc-too…l/dailyPoints.ts?:5
Promise.then
step @ webpack://cxmooc-too…l/dailyPoints.ts?:7
fulfilled @ webpack://cxmooc-too…l/dailyPoints.ts?:5
Promise.then
step @ webpack://cxmooc-too…l/dailyPoints.ts?:7
fulfilled @ webpack://cxmooc-too…l/dailyPoints.ts?:5
Promise.then
step @ webpack://cxmooc-too…l/dailyPoints.ts?:7
fulfilled @ webpack://cxmooc-too…l/dailyPoints.ts?:5
Promise.then
step @ webpack://cxmooc-too…l/dailyPoints.ts?:7
fulfilled @ webpack://cxmooc-too…l/dailyPoints.ts?:5
Promise.then
step @ webpack://cxmooc-too…l/dailyPoints.ts?:7
fulfilled @ webpack://cxmooc-too…l/dailyPoints.ts?:5
Promise.then
step @ webpack://cxmooc-too…l/dailyPoints.ts?:7
fulfilled @ webpack://cxmooc-too…l/dailyPoints.ts?:5
Promise.then
step @ webpack://cxmooc-too…l/dailyPoints.ts?:7
fulfilled @ webpack://cxmooc-too…l/dailyPoints.ts?:5
Promise.then
step @ webpack://cxmooc-too…l/dailyPoints.ts?:7
fulfilled @ webpack://cxmooc-too…l/dailyPoints.ts?:5
Promise.then
step @ webpack://cxmooc-too…l/dailyPoints.ts?:7
fulfilled @ webpack://cxmooc-too…l/dailyPoints.ts?:5
Promise.then
step @ webpack://cxmooc-too…l/dailyPoints.ts?:7
fulfilled @ webpack://cxmooc-too…l/dailyPoints.ts?:5
Promise.then
step @ webpack://cxmooc-too…l/dailyPoints.ts?:7
fulfilled @ webpack://cxmooc-too…l/dailyPoints.ts?:5
Promise.then
step @ webpack://cxmooc-too…l/dailyPoints.ts?:7
fulfilled @ webpack://cxmooc-too…l/dailyPoints.ts?:5
Promise.then
step @ webpack://cxmooc-too…l/dailyPoints.ts?:7
fulfilled @ webpack://cxmooc-too…l/dailyPoints.ts?:5
Promise.then
step @ webpack://cxmooc-too…l/dailyPoints.ts?:7
fulfilled @ webpack://cxmooc-too…l/dailyPoints.ts?:5
Promise.then
step @ webpack://cxmooc-too…l/dailyPoints.ts?:7
fulfilled @ webpack://cxmooc-too…l/dailyPoints.ts?:5
Promise.then
step @ webpack://cxmooc-too…l/dailyPoints.ts?:7
fulfilled @ webpack://cxmooc-too…l/dailyPoints.ts?:5
Promise.then
step @ webpack://cxmooc-too…l/dailyPoints.ts?:7
fulfilled @ webpack://cxmooc-too…l/dailyPoints.ts?:5
Promise.then
step @ webpack://cxmooc-too…l/dailyPoints.ts?:7
fulfilled @ webpack://cxmooc-too…l/dailyPoints.ts?:5
Promise.then
step @ webpack://cxmooc-too…l/dailyPoints.ts?:7
fulfilled @ webpack://cxmooc-too…l/dailyPoints.ts?:5
Promise.then
step @ webpack://cxmooc-too…l/dailyPoints.ts?:7
fulfilled @ webpack://cxmooc-too…l/dailyPoints.ts?:5
Promise.then
step @ webpack://cxmooc-too…l/dailyPoints.ts?:7
fulfilled @ webpack://cxmooc-too…l/dailyPoints.ts?:5
Promise.then
step @ webpack://cxmooc-too…l/dailyPoints.ts?:7
fulfilled @ webpack://cxmooc-too…l/dailyPoints.ts?:5
Promise.then
step @ webpack://cxmooc-too…l/dailyPoints.ts?:7
fulfilled @ webpack://cxmooc-too…l/dailyPoints.ts?:5
Promise.then
step @ webpack://cxmooc-too…l/dailyPoints.ts?:7
fulfilled @ webpack://cxmooc-too…l/dailyPoints.ts?:5
Promise.then
step @ webpack://cxmooc-too…l/dailyPoints.ts?:7
fulfilled @ webpack://cxmooc-too…l/dailyPoints.ts?:5
Promise.then
step @ webpack://cxmooc-too…l/dailyPoints.ts?:7
fulfilled @ webpack://cxmooc-too…l/dailyPoints.ts?:5
Promise.then
step @ webpack://cxmooc-too…l/dailyPoints.ts?:7
fulfilled @ webpack://cxmooc-too…l/dailyPoints.ts?:5
Promise.then
step @ webpack://cxmooc-too…l/dailyPoints.ts?:7
fulfilled @ webpack://cxmooc-too…l/dailyPoints.ts?:5
18:39:48.952  [debug 18:39:48 ] 获取知识分享: pageId=6d424ae30d064ae38560868164bbdec4
18:39:48.952  [debug 18:39:48 ] 发送API请求: GET https://zsgl.lzlj.com/learn/app/clientapi/knowledge/cloud/page/like/isShareOut.do?pageId=6d424ae30d064ae38560868164bbdec4&shareOutType=&sid=F76FB3D332BB4D4D8F5F3EE25814DBF6&os=99
18:39:48.957  [每日积分] panel: 收到页面消息1 {type: 'POINTS_UPDATED', data: {…}}
18:39:48.958  [每日积分] panel: 处理POINTS_UPDATED {learning: {…}, contribution: {…}, interaction: {…}}
18:39:48.958  [debug 18:39:48 ] API响应成功: {body: {…}, code: '0', file: null, message: '成功', user: null}
18:39:48.959  [debug 18:39:48 ] 知识分享成功，第42次调用，累积积分: 0.6/70
18:39:48.959  [debug 18:39:48 ] 获取知识分享: pageId=6d424ae30d064ae38560868164bbdec4
18:39:48.959  [debug 18:39:48 ] 发送API请求: GET https://zsgl.lzlj.com/learn/app/clientapi/knowledge/cloud/page/like/isShareOut.do?pageId=6d424ae30d064ae38560868164bbdec4&shareOutType=&sid=F76FB3D332BB4D4D8F5F3EE25814DBF6&os=99
18:39:49.066  [debug 18:39:49 ] API响应成功: {body: {…}, code: '0', file: null, message: '成功', user: null}
18:39:49.066  [debug 18:39:49 ] 知识分享成功，第43次调用，累积积分: 1.2/70
18:39:49.066  [debug 18:39:49 ] 获取知识分享: pageId=6d424ae30d064ae38560868164bbdec4
18:39:49.067  [debug 18:39:49 ] 发送API请求: GET https://zsgl.lzlj.com/learn/app/clientapi/knowledge/cloud/page/like/isShareOut.do?pageId=6d424ae30d064ae38560868164bbdec4&shareOutType=&sid=F76FB3D332BB4D4D8F5F3EE25814DBF6&os=99
18:39:49.072  [debug 18:39:49 ] API响应成功: {body: {…}, code: '0', file: null, message: '成功', user: null}
18:39:49.073  [debug 18:39:49 ] 知识分享成功，第44次调用，累积积分: 1.7999999999999998/70
18:39:49.073  [debug 18:39:49 ] 获取知识分享: pageId=6d424ae30d064ae38560868164bbdec4
18:39:49.073  [debug 18:39:49 ] 发送API请求: GET https://zsgl.lzlj.com/learn/app/clientapi/knowledge/cloud/page/like/isShareOut.do?pageId=6d424ae30d064ae38560868164bbdec4&shareOutType=&sid=F76FB3D332BB4D4D8F5F3EE25814DBF6&os=99
18:39:49.215  [debug 18:39:49 ] API响应成功: {body: {…}, code: '0', file: null, message: '成功', user: null}
18:39:49.215  [debug 18:39:49 ] 知识分享成功，第45次调用，累积积分: 2.4/70
18:39:49.215  [debug 18:39:49 ] 获取积分详情: 2026-03-16 ~ 2026-03-31
18:39:49.215  [debug 18:39:49 ] 发送API请求: POST https://zsgl.lzlj.com/learn/app/clientapi/personal/statistics/queryUserPointPercent.do?os=99&sid=F76FB3D332BB4D4D8F5F3EE25814DBF6
18:39:49.224  [debug 18:39:49 ] API响应成功: {body: {…}, code: '0', file: null, message: '成功', user: null}
18:39:49.224  [debug 18:39:49 ] 知识分享成功，第46次调用，累积积分: 3/70
18:39:49.224  [debug 18:39:49 ] 获取知识分享: pageId=6d424ae30d064ae38560868164bbdec4
18:39:49.224  [debug 18:39:49 ] 发送API请求: GET https://zsgl.lzlj.com/learn/app/clientapi/knowledge/cloud/page/like/isShareOut.do?pageId=6d424ae30d064ae38560868164bbdec4&shareOutType=&sid=F76FB3D332BB4D4D8F5F3EE25814DBF6&os=99
18:39:49.384  [debug 18:39:49 ] API响应成功: {body: {…}, code: '0', file: null, message: '成功', user: null}
18:39:49.385  [debug 18:39:49 ] 知识分享成功，第47次调用，累积积分: 3.6/70
18:39:49.386  [debug 18:39:49 ] 获取知识分享: pageId=6d424ae30d064ae38560868164bbdec4
18:39:49.386  [debug 18:39:49 ] 发送API请求: GET https://zsgl.lzlj.com/learn/app/clientapi/knowledge/cloud/page/like/isShareOut.do?pageId=6d424ae30d064ae38560868164bbdec4&shareOutType=&sid=F76FB3D332BB4D4D8F5F3EE25814DBF6&os=99
18:39:49.473  [debug 18:39:49 ] API响应成功: {body: Array(4), code: '0', file: null, message: '成功', user: null}
18:39:49.474  [debug 18:39:49 ] 积分项: 知识被阅读 (knowledge_read_point) = 20
18:39:49.474  [debug 18:39:49 ] 更新贡献积分: 20
18:39:49.474  [debug 18:39:49 ] 积分项: 知识被分享 (knowledge_shared) = 20
18:39:49.474  [debug 18:39:49 ] 更新互动积分: 20
18:39:49.474  [debug 18:39:49 ] 积分项: 学习课程 (24E2D4D119E74B76AC349FA12A0B646C) = 8
18:39:49.475  [debug 18:39:49 ] 更新学习积分（学习课程）: +8，当前: 8
18:39:49.475  [debug 18:39:49 ] 积分项: 知识分享 (knowledge_sharing) = 10
18:39:49.475  [debug 18:39:49 ] 更新互动积分: 30
18:39:49.475  [warn 18:39:49 ] 积分无变化，连续无变化次数: 9/2
Warn @ webpack://cxmooc-too…l/utils/log.ts?:197
updatePointsStateFromApi @ webpack://cxmooc-too…dailyPoints.ts?:505
eval @ webpack://cxmooc-too…ailyPoints.ts?:1041
fulfilled @ webpack://cxmooc-too…l/dailyPoints.ts?:5
Promise.then
step @ webpack://cxmooc-too…l/dailyPoints.ts?:7
fulfilled @ webpack://cxmooc-too…l/dailyPoints.ts?:5
Promise.then
step @ webpack://cxmooc-too…l/dailyPoints.ts?:7
fulfilled @ webpack://cxmooc-too…l/dailyPoints.ts?:5
Promise.then
step @ webpack://cxmooc-too…l/dailyPoints.ts?:7
fulfilled @ webpack://cxmooc-too…l/dailyPoints.ts?:5
Promise.then
step @ webpack://cxmooc-too…l/dailyPoints.ts?:7
fulfilled @ webpack://cxmooc-too…l/dailyPoints.ts?:5
Promise.then
step @ webpack://cxmooc-too…l/dailyPoints.ts?:7
fulfilled @ webpack://cxmooc-too…l/dailyPoints.ts?:5
Promise.then
step @ webpack://cxmooc-too…l/dailyPoints.ts?:7
fulfilled @ webpack://cxmooc-too…l/dailyPoints.ts?:5
Promise.then
step @ webpack://cxmooc-too…l/dailyPoints.ts?:7
fulfilled @ webpack://cxmooc-too…l/dailyPoints.ts?:5
Promise.then
step @ webpack://cxmooc-too…l/dailyPoints.ts?:7
fulfilled @ webpack://cxmooc-too…l/dailyPoints.ts?:5
Promise.then
step @ webpack://cxmooc-too…l/dailyPoints.ts?:7
fulfilled @ webpack://cxmooc-too…l/dailyPoints.ts?:5
Promise.then
step @ webpack://cxmooc-too…l/dailyPoints.ts?:7
fulfilled @ webpack://cxmooc-too…l/dailyPoints.ts?:5
Promise.then
step @ webpack://cxmooc-too…l/dailyPoints.ts?:7
fulfilled @ webpack://cxmooc-too…l/dailyPoints.ts?:5
Promise.then
step @ webpack://cxmooc-too…l/dailyPoints.ts?:7
fulfilled @ webpack://cxmooc-too…l/dailyPoints.ts?:5
Promise.then
step @ webpack://cxmooc-too…l/dailyPoints.ts?:7
fulfilled @ webpack://cxmooc-too…l/dailyPoints.ts?:5
Promise.then
step @ webpack://cxmooc-too…l/dailyPoints.ts?:7
fulfilled @ webpack://cxmooc-too…l/dailyPoints.ts?:5
Promise.then
step @ webpack://cxmooc-too…l/dailyPoints.ts?:7
fulfilled @ webpack://cxmooc-too…l/dailyPoints.ts?:5
Promise.then
step @ webpack://cxmooc-too…l/dailyPoints.ts?:7
fulfilled @ webpack://cxmooc-too…l/dailyPoints.ts?:5
Promise.then
step @ webpack://cxmooc-too…l/dailyPoints.ts?:7
fulfilled @ webpack://cxmooc-too…l/dailyPoints.ts?:5
Promise.then
step @ webpack://cxmooc-too…l/dailyPoints.ts?:7
fulfilled @ webpack://cxmooc-too…l/dailyPoints.ts?:5
Promise.then
step @ webpack://cxmooc-too…l/dailyPoints.ts?:7
fulfilled @ webpack://cxmooc-too…l/dailyPoints.ts?:5
Promise.then
step @ webpack://cxmooc-too…l/dailyPoints.ts?:7
fulfilled @ webpack://cxmooc-too…l/dailyPoints.ts?:5
Promise.then
step @ webpack://cxmooc-too…l/dailyPoints.ts?:7
fulfilled @ webpack://cxmooc-too…l/dailyPoints.ts?:5
Promise.then
step @ webpack://cxmooc-too…l/dailyPoints.ts?:7
fulfilled @ webpack://cxmooc-too…l/dailyPoints.ts?:5
Promise.then
step @ webpack://cxmooc-too…l/dailyPoints.ts?:7
fulfilled @ webpack://cxmooc-too…l/dailyPoints.ts?:5
Promise.then
step @ webpack://cxmooc-too…l/dailyPoints.ts?:7
fulfilled @ webpack://cxmooc-too…l/dailyPoints.ts?:5
Promise.then
step @ webpack://cxmooc-too…l/dailyPoints.ts?:7
fulfilled @ webpack://cxmooc-too…l/dailyPoints.ts?:5
Promise.then
step @ webpack://cxmooc-too…l/dailyPoints.ts?:7
fulfilled @ webpack://cxmooc-too…l/dailyPoints.ts?:5
Promise.then
step @ webpack://cxmooc-too…l/dailyPoints.ts?:7
fulfilled @ webpack://cxmooc-too…l/dailyPoints.ts?:5
Promise.then
step @ webpack://cxmooc-too…l/dailyPoints.ts?:7
fulfilled @ webpack://cxmooc-too…l/dailyPoints.ts?:5
Promise.then
step @ webpack://cxmooc-too…l/dailyPoints.ts?:7
eval @ webpack://cxmooc-too…l/dailyPoints.ts?:8
__awaiter @ webpack://cxmooc-too…l/dailyPoints.ts?:4
executeKnowledgeShareTask @ webpack://cxmooc-too…ailyPoints.ts?:1007
eval @ webpack://cxmooc-too…dailyPoints.ts?:539
eval @ webpack://cxmooc-too…l/dailyPoints.ts?:8
__awaiter @ webpack://cxmooc-too…l/dailyPoints.ts?:4
switchToNextTask @ webpack://cxmooc-too…dailyPoints.ts?:519
updatePointsStateFromApi @ webpack://cxmooc-too…dailyPoints.ts?:508
eval @ webpack://cxmooc-too…ailyPoints.ts?:1041
fulfilled @ webpack://cxmooc-too…l/dailyPoints.ts?:5
Promise.then
step @ webpack://cxmooc-too…l/dailyPoints.ts?:7
fulfilled @ webpack://cxmooc-too…l/dailyPoints.ts?:5
Promise.then
step @ webpack://cxmooc-too…l/dailyPoints.ts?:7
fulfilled @ webpack://cxmooc-too…l/dailyPoints.ts?:5
Promise.then
step @ webpack://cxmooc-too…l/dailyPoints.ts?:7
fulfilled @ webpack://cxmooc-too…l/dailyPoints.ts?:5
18:39:49.476  [warn 18:39:49 ] [任务切换] 正在切换中，跳过重复调用
Warn @ webpack://cxmooc-too…l/utils/log.ts?:197
eval @ webpack://cxmooc-too…dailyPoints.ts?:521
eval @ webpack://cxmooc-too…l/dailyPoints.ts?:8
__awaiter @ webpack://cxmooc-too…l/dailyPoints.ts?:4
switchToNextTask @ webpack://cxmooc-too…dailyPoints.ts?:519
updatePointsStateFromApi @ webpack://cxmooc-too…dailyPoints.ts?:508
eval @ webpack://cxmooc-too…ailyPoints.ts?:1041
fulfilled @ webpack://cxmooc-too…l/dailyPoints.ts?:5
Promise.then
step @ webpack://cxmooc-too…l/dailyPoints.ts?:7
fulfilled @ webpack://cxmooc-too…l/dailyPoints.ts?:5
Promise.then
step @ webpack://cxmooc-too…l/dailyPoints.ts?:7
fulfilled @ webpack://cxmooc-too…l/dailyPoints.ts?:5
Promise.then
step @ webpack://cxmooc-too…l/dailyPoints.ts?:7
fulfilled @ webpack://cxmooc-too…l/dailyPoints.ts?:5
Promise.then
step @ webpack://cxmooc-too…l/dailyPoints.ts?:7
fulfilled @ webpack://cxmooc-too…l/dailyPoints.ts?:5
Promise.then
step @ webpack://cxmooc-too…l/dailyPoints.ts?:7
fulfilled @ webpack://cxmooc-too…l/dailyPoints.ts?:5
Promise.then
step @ webpack://cxmooc-too…l/dailyPoints.ts?:7
fulfilled @ webpack://cxmooc-too…l/dailyPoints.ts?:5
Promise.then
step @ webpack://cxmooc-too…l/dailyPoints.ts?:7
fulfilled @ webpack://cxmooc-too…l/dailyPoints.ts?:5
Promise.then
step @ webpack://cxmooc-too…l/dailyPoints.ts?:7
fulfilled @ webpack://cxmooc-too…l/dailyPoints.ts?:5
Promise.then
step @ webpack://cxmooc-too…l/dailyPoints.ts?:7
fulfilled @ webpack://cxmooc-too…l/dailyPoints.ts?:5
Promise.then
step @ webpack://cxmooc-too…l/dailyPoints.ts?:7
fulfilled @ webpack://cxmooc-too…l/dailyPoints.ts?:5
Promise.then
step @ webpack://cxmooc-too…l/dailyPoints.ts?:7
fulfilled @ webpack://cxmooc-too…l/dailyPoints.ts?:5
Promise.then
step @ webpack://cxmooc-too…l/dailyPoints.ts?:7
fulfilled @ webpack://cxmooc-too…l/dailyPoints.ts?:5
Promise.then
step @ webpack://cxmooc-too…l/dailyPoints.ts?:7
fulfilled @ webpack://cxmooc-too…l/dailyPoints.ts?:5
Promise.then
step @ webpack://cxmooc-too…l/dailyPoints.ts?:7
fulfilled @ webpack://cxmooc-too…l/dailyPoints.ts?:5
Promise.then
step @ webpack://cxmooc-too…l/dailyPoints.ts?:7
fulfilled @ webpack://cxmooc-too…l/dailyPoints.ts?:5
Promise.then
step @ webpack://cxmooc-too…l/dailyPoints.ts?:7
fulfilled @ webpack://cxmooc-too…l/dailyPoints.ts?:5
Promise.then
step @ webpack://cxmooc-too…l/dailyPoints.ts?:7
fulfilled @ webpack://cxmooc-too…l/dailyPoints.ts?:5
Promise.then
step @ webpack://cxmooc-too…l/dailyPoints.ts?:7
fulfilled @ webpack://cxmooc-too…l/dailyPoints.ts?:5
Promise.then
step @ webpack://cxmooc-too…l/dailyPoints.ts?:7
fulfilled @ webpack://cxmooc-too…l/dailyPoints.ts?:5
Promise.then
step @ webpack://cxmooc-too…l/dailyPoints.ts?:7
fulfilled @ webpack://cxmooc-too…l/dailyPoints.ts?:5
Promise.then
step @ webpack://cxmooc-too…l/dailyPoints.ts?:7
fulfilled @ webpack://cxmooc-too…l/dailyPoints.ts?:5
Promise.then
step @ webpack://cxmooc-too…l/dailyPoints.ts?:7
fulfilled @ webpack://cxmooc-too…l/dailyPoints.ts?:5
Promise.then
step @ webpack://cxmooc-too…l/dailyPoints.ts?:7
fulfilled @ webpack://cxmooc-too…l/dailyPoints.ts?:5
Promise.then
step @ webpack://cxmooc-too…l/dailyPoints.ts?:7
fulfilled @ webpack://cxmooc-too…l/dailyPoints.ts?:5
Promise.then
step @ webpack://cxmooc-too…l/dailyPoints.ts?:7
fulfilled @ webpack://cxmooc-too…l/dailyPoints.ts?:5
Promise.then
step @ webpack://cxmooc-too…l/dailyPoints.ts?:7
fulfilled @ webpack://cxmooc-too…l/dailyPoints.ts?:5
Promise.then
step @ webpack://cxmooc-too…l/dailyPoints.ts?:7
fulfilled @ webpack://cxmooc-too…l/dailyPoints.ts?:5
Promise.then
step @ webpack://cxmooc-too…l/dailyPoints.ts?:7
fulfilled @ webpack://cxmooc-too…l/dailyPoints.ts?:5
Promise.then
step @ webpack://cxmooc-too…l/dailyPoints.ts?:7
eval @ webpack://cxmooc-too…l/dailyPoints.ts?:8
__awaiter @ webpack://cxmooc-too…l/dailyPoints.ts?:4
executeKnowledgeShareTask @ webpack://cxmooc-too…ailyPoints.ts?:1007
eval @ webpack://cxmooc-too…dailyPoints.ts?:539
eval @ webpack://cxmooc-too…l/dailyPoints.ts?:8
__awaiter @ webpack://cxmooc-too…l/dailyPoints.ts?:4
switchToNextTask @ webpack://cxmooc-too…dailyPoints.ts?:519
updatePointsStateFromApi @ webpack://cxmooc-too…dailyPoints.ts?:508
eval @ webpack://cxmooc-too…ailyPoints.ts?:1041
fulfilled @ webpack://cxmooc-too…l/dailyPoints.ts?:5
Promise.then
step @ webpack://cxmooc-too…l/dailyPoints.ts?:7
fulfilled @ webpack://cxmooc-too…l/dailyPoints.ts?:5
Promise.then
step @ webpack://cxmooc-too…l/dailyPoints.ts?:7
fulfilled @ webpack://cxmooc-too…l/dailyPoints.ts?:5
Promise.then
step @ webpack://cxmooc-too…l/dailyPoints.ts?:7
fulfilled @ webpack://cxmooc-too…l/dailyPoints.ts?:5
18:39:49.476  [debug 18:39:49 ] 获取知识分享: pageId=6d424ae30d064ae38560868164bbdec4
18:39:49.476  [debug 18:39:49 ] 发送API请求: GET https://zsgl.lzlj.com/learn/app/clientapi/knowledge/cloud/page/like/isShareOut.do?pageId=6d424ae30d064ae38560868164bbdec4&shareOutType=&sid=F76FB3D332BB4D4D8F5F3EE25814DBF6&os=99
18:39:49.479  [每日积分] panel: 收到页面消息1 {type: 'POINTS_UPDATED', data: {…}}
18:39:49.480  [每日积分] panel: 处理POINTS_UPDATED {learning: {…}, contribution: {…}, interaction: {…}}
18:39:49.541  [debug 18:39:49 ] API响应成功: {body: {…}, code: '0', file: null, message: '成功', user: null}
18:39:49.542  [debug 18:39:49 ] 知识分享成功，第48次调用，累积积分: 0.6/70
18:39:49.542  [debug 18:39:49 ] 获取知识分享: pageId=6d424ae30d064ae38560868164bbdec4
18:39:49.542  [debug 18:39:49 ] 发送API请求: GET https://zsgl.lzlj.com/learn/app/clientapi/knowledge/cloud/page/like/isShareOut.do?pageId=6d424ae30d064ae38560868164bbdec4&shareOutType=&sid=F76FB3D332BB4D4D8F5F3EE25814DBF6&os=99
18:39:49.624  [debug 18:39:49 ] API响应成功: {body: {…}, code: '0', file: null, message: '成功', user: null}
18:39:49.625  [debug 18:39:49 ] 知识分享成功，第49次调用，累积积分: 1.2/70
18:39:49.625  [debug 18:39:49 ] 获取知识分享: pageId=6d424ae30d064ae38560868164bbdec4
18:39:49.625  [debug 18:39:49 ] 发送API请求: GET https://zsgl.lzlj.com/learn/app/clientapi/knowledge/cloud/page/like/isShareOut.do?pageId=6d424ae30d064ae38560868164bbdec4&shareOutType=&sid=F76FB3D332BB4D4D8F5F3EE25814DBF6&os=99
18:39:49.692  [debug 18:39:49 ] API响应成功: {body: {…}, code: '0', file: null, message: '成功', user: null}
18:39:49.692  [debug 18:39:49 ] 知识分享成功，第50次调用，累积积分: 1.7999999999999998/70
18:39:49.693  [debug 18:39:49 ] 获取积分详情: 2026-03-16 ~ 2026-03-31
18:39:49.693  [debug 18:39:49 ] 发送API请求: POST https://zsgl.lzlj.com/learn/app/clientapi/personal/statistics/queryUserPointPercent.do?os=99&sid=F76FB3D332BB4D4D8F5F3EE25814DBF6
18:39:49.816  [debug 18:39:49 ] API响应成功: {body: {…}, code: '0', file: null, message: '成功', user: null}
18:39:49.816  [debug 18:39:49 ] 知识分享成功，第51次调用，累积积分: 2.4/70
18:39:49.817  [debug 18:39:49 ] 获取知识分享: pageId=6d424ae30d064ae38560868164bbdec4
18:39:49.817  [debug 18:39:49 ] 发送API请求: GET https://zsgl.lzlj.com/learn/app/clientapi/knowledge/cloud/page/like/isShareOut.do?pageId=6d424ae30d064ae38560868164bbdec4&shareOutType=&sid=F76FB3D332BB4D4D8F5F3EE25814DBF6&os=99
18:39:49.894  [debug 18:39:49 ] API响应成功: {body: Array(4), code: '0', file: null, message: '成功', user: null}
18:39:49.894  [debug 18:39:49 ] 积分项: 知识被阅读 (knowledge_read_point) = 20
18:39:49.894  [debug 18:39:49 ] 更新贡献积分: 20
18:39:49.895  [debug 18:39:49 ] 积分项: 知识被分享 (knowledge_shared) = 20
18:39:49.895  [debug 18:39:49 ] 更新互动积分: 20
18:39:49.895  [debug 18:39:49 ] 积分项: 学习课程 (24E2D4D119E74B76AC349FA12A0B646C) = 8
18:39:49.895  [debug 18:39:49 ] 更新学习积分（学习课程）: +8，当前: 8
18:39:49.895  [debug 18:39:49 ] 积分项: 知识分享 (knowledge_sharing) = 10
18:39:49.895  [debug 18:39:49 ] 更新互动积分: 30
18:39:49.896  [warn 18:39:49 ] 积分无变化，连续无变化次数: 10/2
Warn @ webpack://cxmooc-too…l/utils/log.ts?:197
updatePointsStateFromApi @ webpack://cxmooc-too…dailyPoints.ts?:505
eval @ webpack://cxmooc-too…ailyPoints.ts?:1041
fulfilled @ webpack://cxmooc-too…l/dailyPoints.ts?:5
Promise.then
step @ webpack://cxmooc-too…l/dailyPoints.ts?:7
fulfilled @ webpack://cxmooc-too…l/dailyPoints.ts?:5
Promise.then
step @ webpack://cxmooc-too…l/dailyPoints.ts?:7
fulfilled @ webpack://cxmooc-too…l/dailyPoints.ts?:5
Promise.then
step @ webpack://cxmooc-too…l/dailyPoints.ts?:7
fulfilled @ webpack://cxmooc-too…l/dailyPoints.ts?:5
Promise.then
step @ webpack://cxmooc-too…l/dailyPoints.ts?:7
fulfilled @ webpack://cxmooc-too…l/dailyPoints.ts?:5
Promise.then
step @ webpack://cxmooc-too…l/dailyPoints.ts?:7
fulfilled @ webpack://cxmooc-too…l/dailyPoints.ts?:5
Promise.then
step @ webpack://cxmooc-too…l/dailyPoints.ts?:7
fulfilled @ webpack://cxmooc-too…l/dailyPoints.ts?:5
Promise.then
step @ webpack://cxmooc-too…l/dailyPoints.ts?:7
fulfilled @ webpack://cxmooc-too…l/dailyPoints.ts?:5
Promise.then
step @ webpack://cxmooc-too…l/dailyPoints.ts?:7
fulfilled @ webpack://cxmooc-too…l/dailyPoints.ts?:5
Promise.then
step @ webpack://cxmooc-too…l/dailyPoints.ts?:7
fulfilled @ webpack://cxmooc-too…l/dailyPoints.ts?:5
Promise.then
step @ webpack://cxmooc-too…l/dailyPoints.ts?:7
fulfilled @ webpack://cxmooc-too…l/dailyPoints.ts?:5
Promise.then
step @ webpack://cxmooc-too…l/dailyPoints.ts?:7
fulfilled @ webpack://cxmooc-too…l/dailyPoints.ts?:5
Promise.then
step @ webpack://cxmooc-too…l/dailyPoints.ts?:7
fulfilled @ webpack://cxmooc-too…l/dailyPoints.ts?:5
Promise.then
step @ webpack://cxmooc-too…l/dailyPoints.ts?:7
fulfilled @ webpack://cxmooc-too…l/dailyPoints.ts?:5
Promise.then
step @ webpack://cxmooc-too…l/dailyPoints.ts?:7
fulfilled @ webpack://cxmooc-too…l/dailyPoints.ts?:5
Promise.then
step @ webpack://cxmooc-too…l/dailyPoints.ts?:7
fulfilled @ webpack://cxmooc-too…l/dailyPoints.ts?:5
Promise.then
step @ webpack://cxmooc-too…l/dailyPoints.ts?:7
fulfilled @ webpack://cxmooc-too…l/dailyPoints.ts?:5
Promise.then
step @ webpack://cxmooc-too…l/dailyPoints.ts?:7
fulfilled @ webpack://cxmooc-too…l/dailyPoints.ts?:5
Promise.then
step @ webpack://cxmooc-too…l/dailyPoints.ts?:7
fulfilled @ webpack://cxmooc-too…l/dailyPoints.ts?:5
Promise.then
step @ webpack://cxmooc-too…l/dailyPoints.ts?:7
fulfilled @ webpack://cxmooc-too…l/dailyPoints.ts?:5
Promise.then
step @ webpack://cxmooc-too…l/dailyPoints.ts?:7
fulfilled @ webpack://cxmooc-too…l/dailyPoints.ts?:5
Promise.then
step @ webpack://cxmooc-too…l/dailyPoints.ts?:7
fulfilled @ webpack://cxmooc-too…l/dailyPoints.ts?:5
Promise.then
step @ webpack://cxmooc-too…l/dailyPoints.ts?:7
fulfilled @ webpack://cxmooc-too…l/dailyPoints.ts?:5
Promise.then
step @ webpack://cxmooc-too…l/dailyPoints.ts?:7
fulfilled @ webpack://cxmooc-too…l/dailyPoints.ts?:5
Promise.then
step @ webpack://cxmooc-too…l/dailyPoints.ts?:7
fulfilled @ webpack://cxmooc-too…l/dailyPoints.ts?:5
Promise.then
step @ webpack://cxmooc-too…l/dailyPoints.ts?:7
fulfilled @ webpack://cxmooc-too…l/dailyPoints.ts?:5
Promise.then
step @ webpack://cxmooc-too…l/dailyPoints.ts?:7
fulfilled @ webpack://cxmooc-too…l/dailyPoints.ts?:5
Promise.then
step @ webpack://cxmooc-too…l/dailyPoints.ts?:7
fulfilled @ webpack://cxmooc-too…l/dailyPoints.ts?:5
Promise.then
step @ webpack://cxmooc-too…l/dailyPoints.ts?:7
fulfilled @ webpack://cxmooc-too…l/dailyPoints.ts?:5
Promise.then
step @ webpack://cxmooc-too…l/dailyPoints.ts?:7
fulfilled @ webpack://cxmooc-too…l/dailyPoints.ts?:5
Promise.then
step @ webpack://cxmooc-too…l/dailyPoints.ts?:7
fulfilled @ webpack://cxmooc-too…l/dailyPoints.ts?:5
Promise.then
step @ webpack://cxmooc-too…l/dailyPoints.ts?:7
fulfilled @ webpack://cxmooc-too…l/dailyPoints.ts?:5
Promise.then
step @ webpack://cxmooc-too…l/dailyPoints.ts?:7
fulfilled @ webpack://cxmooc-too…l/dailyPoints.ts?:5
18:39:49.896  [warn 18:39:49 ] [任务切换] 正在切换中，跳过重复调用
Warn @ webpack://cxmooc-too…l/utils/log.ts?:197
eval @ webpack://cxmooc-too…dailyPoints.ts?:521
eval @ webpack://cxmooc-too…l/dailyPoints.ts?:8
__awaiter @ webpack://cxmooc-too…l/dailyPoints.ts?:4
switchToNextTask @ webpack://cxmooc-too…dailyPoints.ts?:519
updatePointsStateFromApi @ webpack://cxmooc-too…dailyPoints.ts?:508
eval @ webpack://cxmooc-too…ailyPoints.ts?:1041
fulfilled @ webpack://cxmooc-too…l/dailyPoints.ts?:5
Promise.then
step @ webpack://cxmooc-too…l/dailyPoints.ts?:7
fulfilled @ webpack://cxmooc-too…l/dailyPoints.ts?:5
Promise.then
step @ webpack://cxmooc-too…l/dailyPoints.ts?:7
fulfilled @ webpack://cxmooc-too…l/dailyPoints.ts?:5
Promise.then
step @ webpack://cxmooc-too…l/dailyPoints.ts?:7
fulfilled @ webpack://cxmooc-too…l/dailyPoints.ts?:5
Promise.then
step @ webpack://cxmooc-too…l/dailyPoints.ts?:7
fulfilled @ webpack://cxmooc-too…l/dailyPoints.ts?:5
Promise.then
step @ webpack://cxmooc-too…l/dailyPoints.ts?:7
fulfilled @ webpack://cxmooc-too…l/dailyPoints.ts?:5
Promise.then
step @ webpack://cxmooc-too…l/dailyPoints.ts?:7
fulfilled @ webpack://cxmooc-too…l/dailyPoints.ts?:5
Promise.then
step @ webpack://cxmooc-too…l/dailyPoints.ts?:7
fulfilled @ webpack://cxmooc-too…l/dailyPoints.ts?:5
Promise.then
step @ webpack://cxmooc-too…l/dailyPoints.ts?:7
fulfilled @ webpack://cxmooc-too…l/dailyPoints.ts?:5
Promise.then
step @ webpack://cxmooc-too…l/dailyPoints.ts?:7
fulfilled @ webpack://cxmooc-too…l/dailyPoints.ts?:5
Promise.then
step @ webpack://cxmooc-too…l/dailyPoints.ts?:7
fulfilled @ webpack://cxmooc-too…l/dailyPoints.ts?:5
Promise.then
step @ webpack://cxmooc-too…l/dailyPoints.ts?:7
fulfilled @ webpack://cxmooc-too…l/dailyPoints.ts?:5
Promise.then
step @ webpack://cxmooc-too…l/dailyPoints.ts?:7
fulfilled @ webpack://cxmooc-too…l/dailyPoints.ts?:5
Promise.then
step @ webpack://cxmooc-too…l/dailyPoints.ts?:7
fulfilled @ webpack://cxmooc-too…l/dailyPoints.ts?:5
Promise.then
step @ webpack://cxmooc-too…l/dailyPoints.ts?:7
fulfilled @ webpack://cxmooc-too…l/dailyPoints.ts?:5
Promise.then
step @ webpack://cxmooc-too…l/dailyPoints.ts?:7
fulfilled @ webpack://cxmooc-too…l/dailyPoints.ts?:5
Promise.then
step @ webpack://cxmooc-too…l/dailyPoints.ts?:7
fulfilled @ webpack://cxmooc-too…l/dailyPoints.ts?:5
Promise.then
step @ webpack://cxmooc-too…l/dailyPoints.ts?:7
fulfilled @ webpack://cxmooc-too…l/dailyPoints.ts?:5
Promise.then
step @ webpack://cxmooc-too…l/dailyPoints.ts?:7
fulfilled @ webpack://cxmooc-too…l/dailyPoints.ts?:5
Promise.then
step @ webpack://cxmooc-too…l/dailyPoints.ts?:7
fulfilled @ webpack://cxmooc-too…l/dailyPoints.ts?:5
Promise.then
step @ webpack://cxmooc-too…l/dailyPoints.ts?:7
fulfilled @ webpack://cxmooc-too…l/dailyPoints.ts?:5
Promise.then
step @ webpack://cxmooc-too…l/dailyPoints.ts?:7
fulfilled @ webpack://cxmooc-too…l/dailyPoints.ts?:5
Promise.then
step @ webpack://cxmooc-too…l/dailyPoints.ts?:7
fulfilled @ webpack://cxmooc-too…l/dailyPoints.ts?:5
Promise.then
step @ webpack://cxmooc-too…l/dailyPoints.ts?:7
fulfilled @ webpack://cxmooc-too…l/dailyPoints.ts?:5
Promise.then
step @ webpack://cxmooc-too…l/dailyPoints.ts?:7
fulfilled @ webpack://cxmooc-too…l/dailyPoints.ts?:5
Promise.then
step @ webpack://cxmooc-too…l/dailyPoints.ts?:7
fulfilled @ webpack://cxmooc-too…l/dailyPoints.ts?:5
Promise.then
step @ webpack://cxmooc-too…l/dailyPoints.ts?:7
fulfilled @ webpack://cxmooc-too…l/dailyPoints.ts?:5
Promise.then
step @ webpack://cxmooc-too…l/dailyPoints.ts?:7
fulfilled @ webpack://cxmooc-too…l/dailyPoints.ts?:5
Promise.then
step @ webpack://cxmooc-too…l/dailyPoints.ts?:7
fulfilled @ webpack://cxmooc-too…l/dailyPoints.ts?:5
Promise.then
step @ webpack://cxmooc-too…l/dailyPoints.ts?:7
fulfilled @ webpack://cxmooc-too…l/dailyPoints.ts?:5
Promise.then
step @ webpack://cxmooc-too…l/dailyPoints.ts?:7
fulfilled @ webpack://cxmooc-too…l/dailyPoints.ts?:5
Promise.then
step @ webpack://cxmooc-too…l/dailyPoints.ts?:7
fulfilled @ webpack://cxmooc-too…l/dailyPoints.ts?:5
Promise.then
step @ webpack://cxmooc-too…l/dailyPoints.ts?:7
fulfilled @ webpack://cxmooc-too…l/dailyPoints.ts?:5
18:39:49.897  [debug 18:39:49 ] 获取知识分享: pageId=6d424ae30d064ae38560868164bbdec4
18:39:49.897  [debug 18:39:49 ] 发送API请求: GET https://zsgl.lzlj.com/learn/app/clientapi/knowledge/cloud/page/like/isShareOut.do?pageId=6d424ae30d064ae38560868164bbdec4&shareOutType=&sid=F76FB3D332BB4D4D8F5F3EE25814DBF6&os=99
18:39:49.901  [每日积分] panel: 收到页面消息1 {type: 'POINTS_UPDATED', data: {…}}
18:39:49.901  [每日积分] panel: 处理POINTS_UPDATED {learning: {…}, contribution: {…}, interaction: {…}}
18:39:49.965  [debug 18:39:49 ] API响应成功: {body: {…}, code: '0', file: null, message: '成功', user: null}
18:39:49.966  [debug 18:39:49 ] 知识分享成功，第52次调用，累积积分: 0.6/70
18:39:49.966  [debug 18:39:49 ] 获取知识分享: pageId=6d424ae30d064ae38560868164bbdec4
18:39:49.966  [debug 18:39:49 ] 发送API请求: GET https://zsgl.lzlj.com/learn/app/clientapi/knowledge/cloud/page/like/isShareOut.do?pageId=6d424ae30d064ae38560868164bbdec4&shareOutType=&sid=F76FB3D332BB4D4D8F5F3EE25814DBF6&os=99
18:39:50.009  [debug 18:39:50 ] API响应成功: {body: {…}, code: '0', file: null, message: '成功', user: null}
18:39:50.009  [debug 18:39:50 ] 知识分享成功，第53次调用，累积积分: 1.2/70
18:39:50.009  [debug 18:39:50 ] 获取知识分享: pageId=6d424ae30d064ae38560868164bbdec4
18:39:50.009  [debug 18:39:50 ] 发送API请求: GET https://zsgl.lzlj.com/learn/app/clientapi/knowledge/cloud/page/like/isShareOut.do?pageId=6d424ae30d064ae38560868164bbdec4&shareOutType=&sid=F76FB3D332BB4D4D8F5F3EE25814DBF6&os=99
18:39:50.123  [debug 18:39:50 ] API响应成功: {body: {…}, code: '0', file: null, message: '成功', user: null}
18:39:50.123  [debug 18:39:50 ] 知识分享成功，第54次调用，累积积分: 1.7999999999999998/70
18:39:50.124  [debug 18:39:50 ] 获取知识分享: pageId=6d424ae30d064ae38560868164bbdec4
18:39:50.124  [debug 18:39:50 ] 发送API请求: GET https://zsgl.lzlj.com/learn/app/clientapi/knowledge/cloud/page/like/isShareOut.do?pageId=6d424ae30d064ae38560868164bbdec4&shareOutType=&sid=F76FB3D332BB4D4D8F5F3EE25814DBF6&os=99
18:39:50.147  [debug 18:39:50 ] API响应成功: {body: {…}, code: '0', file: null, message: '成功', user: null}
18:39:50.147  [debug 18:39:50 ] 知识分享成功，第55次调用，累积积分: 2.4/70
18:39:50.147  [debug 18:39:50 ] 获取积分详情: 2026-03-16 ~ 2026-03-31
18:39:50.147  [debug 18:39:50 ] 发送API请求: POST https://zsgl.lzlj.com/learn/app/clientapi/personal/statistics/queryUserPointPercent.do?os=99&sid=F76FB3D332BB4D4D8F5F3EE25814DBF6
18:39:50.239  [debug 18:39:50 ] API响应成功: {body: {…}, code: '0', file: null, message: '成功', user: null}
18:39:50.240  [debug 18:39:50 ] 知识分享成功，第56次调用，累积积分: 3/70
18:39:50.240  [debug 18:39:50 ] 获取知识分享: pageId=6d424ae30d064ae38560868164bbdec4
18:39:50.240  [debug 18:39:50 ] 发送API请求: GET https://zsgl.lzlj.com/learn/app/clientapi/knowledge/cloud/page/like/isShareOut.do?pageId=6d424ae30d064ae38560868164bbdec4&shareOutType=&sid=F76FB3D332BB4D4D8F5F3EE25814DBF6&os=99
18:39:50.394  [debug 18:39:50 ] API响应成功: {body: Array(4), code: '0', file: null, message: '成功', user: null}
18:39:50.395  [debug 18:39:50 ] 积分项: 知识被阅读 (knowledge_read_point) = 20
18:39:50.395  [debug 18:39:50 ] 更新贡献积分: 20
18:39:50.395  [debug 18:39:50 ] 积分项: 知识被分享 (knowledge_shared) = 20
18:39:50.396  [debug 18:39:50 ] 更新互动积分: 20
18:39:50.396  [debug 18:39:50 ] 积分项: 学习课程 (24E2D4D119E74B76AC349FA12A0B646C) = 8
18:39:50.397  [debug 18:39:50 ] 更新学习积分（学习课程）: +8，当前: 8
18:39:50.397  [debug 18:39:50 ] 积分项: 知识分享 (knowledge_sharing) = 10
18:39:50.398  [debug 18:39:50 ] 更新互动积分: 30
18:39:50.398  [warn 18:39:50 ] 积分无变化，连续无变化次数: 11/2
Warn @ webpack://cxmooc-too…l/utils/log.ts?:197
updatePointsStateFromApi @ webpack://cxmooc-too…dailyPoints.ts?:505
eval @ webpack://cxmooc-too…ailyPoints.ts?:1041
fulfilled @ webpack://cxmooc-too…l/dailyPoints.ts?:5
Promise.then
step @ webpack://cxmooc-too…l/dailyPoints.ts?:7
fulfilled @ webpack://cxmooc-too…l/dailyPoints.ts?:5
Promise.then
step @ webpack://cxmooc-too…l/dailyPoints.ts?:7
fulfilled @ webpack://cxmooc-too…l/dailyPoints.ts?:5
Promise.then
step @ webpack://cxmooc-too…l/dailyPoints.ts?:7
fulfilled @ webpack://cxmooc-too…l/dailyPoints.ts?:5
Promise.then
step @ webpack://cxmooc-too…l/dailyPoints.ts?:7
fulfilled @ webpack://cxmooc-too…l/dailyPoints.ts?:5
Promise.then
step @ webpack://cxmooc-too…l/dailyPoints.ts?:7
fulfilled @ webpack://cxmooc-too…l/dailyPoints.ts?:5
Promise.then
step @ webpack://cxmooc-too…l/dailyPoints.ts?:7
fulfilled @ webpack://cxmooc-too…l/dailyPoints.ts?:5
Promise.then
step @ webpack://cxmooc-too…l/dailyPoints.ts?:7
fulfilled @ webpack://cxmooc-too…l/dailyPoints.ts?:5
Promise.then
step @ webpack://cxmooc-too…l/dailyPoints.ts?:7
fulfilled @ webpack://cxmooc-too…l/dailyPoints.ts?:5
Promise.then
step @ webpack://cxmooc-too…l/dailyPoints.ts?:7
fulfilled @ webpack://cxmooc-too…l/dailyPoints.ts?:5
Promise.then
step @ webpack://cxmooc-too…l/dailyPoints.ts?:7
fulfilled @ webpack://cxmooc-too…l/dailyPoints.ts?:5
Promise.then
step @ webpack://cxmooc-too…l/dailyPoints.ts?:7
fulfilled @ webpack://cxmooc-too…l/dailyPoints.ts?:5
Promise.then
step @ webpack://cxmooc-too…l/dailyPoints.ts?:7
fulfilled @ webpack://cxmooc-too…l/dailyPoints.ts?:5
Promise.then
step @ webpack://cxmooc-too…l/dailyPoints.ts?:7
fulfilled @ webpack://cxmooc-too…l/dailyPoints.ts?:5
Promise.then
step @ webpack://cxmooc-too…l/dailyPoints.ts?:7
fulfilled @ webpack://cxmooc-too…l/dailyPoints.ts?:5
Promise.then
step @ webpack://cxmooc-too…l/dailyPoints.ts?:7
fulfilled @ webpack://cxmooc-too…l/dailyPoints.ts?:5
Promise.then
step @ webpack://cxmooc-too…l/dailyPoints.ts?:7
fulfilled @ webpack://cxmooc-too…l/dailyPoints.ts?:5
Promise.then
step @ webpack://cxmooc-too…l/dailyPoints.ts?:7
fulfilled @ webpack://cxmooc-too…l/dailyPoints.ts?:5
Promise.then
step @ webpack://cxmooc-too…l/dailyPoints.ts?:7
fulfilled @ webpack://cxmooc-too…l/dailyPoints.ts?:5
Promise.then
step @ webpack://cxmooc-too…l/dailyPoints.ts?:7
fulfilled @ webpack://cxmooc-too…l/dailyPoints.ts?:5
Promise.then
step @ webpack://cxmooc-too…l/dailyPoints.ts?:7
fulfilled @ webpack://cxmooc-too…l/dailyPoints.ts?:5
Promise.then
step @ webpack://cxmooc-too…l/dailyPoints.ts?:7
fulfilled @ webpack://cxmooc-too…l/dailyPoints.ts?:5
Promise.then
step @ webpack://cxmooc-too…l/dailyPoints.ts?:7
fulfilled @ webpack://cxmooc-too…l/dailyPoints.ts?:5
Promise.then
step @ webpack://cxmooc-too…l/dailyPoints.ts?:7
fulfilled @ webpack://cxmooc-too…l/dailyPoints.ts?:5
Promise.then
step @ webpack://cxmooc-too…l/dailyPoints.ts?:7
fulfilled @ webpack://cxmooc-too…l/dailyPoints.ts?:5
Promise.then
step @ webpack://cxmooc-too…l/dailyPoints.ts?:7
fulfilled @ webpack://cxmooc-too…l/dailyPoints.ts?:5
Promise.then
step @ webpack://cxmooc-too…l/dailyPoints.ts?:7
fulfilled @ webpack://cxmooc-too…l/dailyPoints.ts?:5
Promise.then
step @ webpack://cxmooc-too…l/dailyPoints.ts?:7
fulfilled @ webpack://cxmooc-too…l/dailyPoints.ts?:5
Promise.then
step @ webpack://cxmooc-too…l/dailyPoints.ts?:7
fulfilled @ webpack://cxmooc-too…l/dailyPoints.ts?:5
Promise.then
step @ webpack://cxmooc-too…l/dailyPoints.ts?:7
fulfilled @ webpack://cxmooc-too…l/dailyPoints.ts?:5
Promise.then
step @ webpack://cxmooc-too…l/dailyPoints.ts?:7
fulfilled @ webpack://cxmooc-too…l/dailyPoints.ts?:5
Promise.then
step @ webpack://cxmooc-too…l/dailyPoints.ts?:7
fulfilled @ webpack://cxmooc-too…l/dailyPoints.ts?:5
Promise.then
step @ webpack://cxmooc-too…l/dailyPoints.ts?:7
fulfilled @ webpack://cxmooc-too…l/dailyPoints.ts?:5
18:39:50.399  [warn 18:39:50 ] [任务切换] 正在切换中，跳过重复调用
Warn @ webpack://cxmooc-too…l/utils/log.ts?:197
eval @ webpack://cxmooc-too…dailyPoints.ts?:521
eval @ webpack://cxmooc-too…l/dailyPoints.ts?:8
__awaiter @ webpack://cxmooc-too…l/dailyPoints.ts?:4
switchToNextTask @ webpack://cxmooc-too…dailyPoints.ts?:519
updatePointsStateFromApi @ webpack://cxmooc-too…dailyPoints.ts?:508
eval @ webpack://cxmooc-too…ailyPoints.ts?:1041
fulfilled @ webpack://cxmooc-too…l/dailyPoints.ts?:5
Promise.then
step @ webpack://cxmooc-too…l/dailyPoints.ts?:7
fulfilled @ webpack://cxmooc-too…l/dailyPoints.ts?:5
Promise.then
step @ webpack://cxmooc-too…l/dailyPoints.ts?:7
fulfilled @ webpack://cxmooc-too…l/dailyPoints.ts?:5
Promise.then
step @ webpack://cxmooc-too…l/dailyPoints.ts?:7
fulfilled @ webpack://cxmooc-too…l/dailyPoints.ts?:5
Promise.then
step @ webpack://cxmooc-too…l/dailyPoints.ts?:7
fulfilled @ webpack://cxmooc-too…l/dailyPoints.ts?:5
Promise.then
step @ webpack://cxmooc-too…l/dailyPoints.ts?:7
fulfilled @ webpack://cxmooc-too…l/dailyPoints.ts?:5
Promise.then
step @ webpack://cxmooc-too…l/dailyPoints.ts?:7
fulfilled @ webpack://cxmooc-too…l/dailyPoints.ts?:5
Promise.then
step @ webpack://cxmooc-too…l/dailyPoints.ts?:7
fulfilled @ webpack://cxmooc-too…l/dailyPoints.ts?:5
Promise.then
step @ webpack://cxmooc-too…l/dailyPoints.ts?:7
fulfilled @ webpack://cxmooc-too…l/dailyPoints.ts?:5
Promise.then
step @ webpack://cxmooc-too…l/dailyPoints.ts?:7
fulfilled @ webpack://cxmooc-too…l/dailyPoints.ts?:5
Promise.then
step @ webpack://cxmooc-too…l/dailyPoints.ts?:7
fulfilled @ webpack://cxmooc-too…l/dailyPoints.ts?:5
Promise.then
step @ webpack://cxmooc-too…l/dailyPoints.ts?:7
fulfilled @ webpack://cxmooc-too…l/dailyPoints.ts?:5
Promise.then
step @ webpack://cxmooc-too…l/dailyPoints.ts?:7
fulfilled @ webpack://cxmooc-too…l/dailyPoints.ts?:5
Promise.then
step @ webpack://cxmooc-too…l/dailyPoints.ts?:7
fulfilled @ webpack://cxmooc-too…l/dailyPoints.ts?:5
Promise.then
step @ webpack://cxmooc-too…l/dailyPoints.ts?:7
fulfilled @ webpack://cxmooc-too…l/dailyPoints.ts?:5
Promise.then
step @ webpack://cxmooc-too…l/dailyPoints.ts?:7
fulfilled @ webpack://cxmooc-too…l/dailyPoints.ts?:5
Promise.then
step @ webpack://cxmooc-too…l/dailyPoints.ts?:7
fulfilled @ webpack://cxmooc-too…l/dailyPoints.ts?:5
Promise.then
step @ webpack://cxmooc-too…l/dailyPoints.ts?:7
fulfilled @ webpack://cxmooc-too…l/dailyPoints.ts?:5
Promise.then
step @ webpack://cxmooc-too…l/dailyPoints.ts?:7
fulfilled @ webpack://cxmooc-too…l/dailyPoints.ts?:5
Promise.then
step @ webpack://cxmooc-too…l/dailyPoints.ts?:7
fulfilled @ webpack://cxmooc-too…l/dailyPoints.ts?:5
Promise.then
step @ webpack://cxmooc-too…l/dailyPoints.ts?:7
fulfilled @ webpack://cxmooc-too…l/dailyPoints.ts?:5
Promise.then
step @ webpack://cxmooc-too…l/dailyPoints.ts?:7
fulfilled @ webpack://cxmooc-too…l/dailyPoints.ts?:5
Promise.then
step @ webpack://cxmooc-too…l/dailyPoints.ts?:7
fulfilled @ webpack://cxmooc-too…l/dailyPoints.ts?:5
Promise.then
step @ webpack://cxmooc-too…l/dailyPoints.ts?:7
fulfilled @ webpack://cxmooc-too…l/dailyPoints.ts?:5
Promise.then
step @ webpack://cxmooc-too…l/dailyPoints.ts?:7
fulfilled @ webpack://cxmooc-too…l/dailyPoints.ts?:5
Promise.then
step @ webpack://cxmooc-too…l/dailyPoints.ts?:7
fulfilled @ webpack://cxmooc-too…l/dailyPoints.ts?:5
Promise.then
step @ webpack://cxmooc-too…l/dailyPoints.ts?:7
fulfilled @ webpack://cxmooc-too…l/dailyPoints.ts?:5
Promise.then
step @ webpack://cxmooc-too…l/dailyPoints.ts?:7
fulfilled @ webpack://cxmooc-too…l/dailyPoints.ts?:5
Promise.then
step @ webpack://cxmooc-too…l/dailyPoints.ts?:7
fulfilled @ webpack://cxmooc-too…l/dailyPoints.ts?:5
Promise.then
step @ webpack://cxmooc-too…l/dailyPoints.ts?:7
fulfilled @ webpack://cxmooc-too…l/dailyPoints.ts?:5
Promise.then
step @ webpack://cxmooc-too…l/dailyPoints.ts?:7
fulfilled @ webpack://cxmooc-too…l/dailyPoints.ts?:5
Promise.then
step @ webpack://cxmooc-too…l/dailyPoints.ts?:7
fulfilled @ webpack://cxmooc-too…l/dailyPoints.ts?:5
Promise.then
step @ webpack://cxmooc-too…l/dailyPoints.ts?:7
fulfilled @ webpack://cxmooc-too…l/dailyPoints.ts?:5
18:39:50.399  [debug 18:39:50 ] 获取知识分享: pageId=6d424ae30d064ae38560868164bbdec4
18:39:50.399  [debug 18:39:50 ] 发送API请求: GET https://zsgl.lzlj.com/learn/app/clientapi/knowledge/cloud/page/like/isShareOut.do?pageId=6d424ae30d064ae38560868164bbdec4&shareOutType=&sid=F76FB3D332BB4D4D8F5F3EE25814DBF6&os=99
18:39:50.403  [每日积分] panel: 收到页面消息1 {type: 'POINTS_UPDATED', data: {…}}
18:39:50.403  [每日积分] panel: 处理POINTS_UPDATED {learning: {…}, contribution: {…}, interaction: {…}}
18:39:50.487  [debug 18:39:50 ] API响应成功: {body: {…}, code: '0', file: null, message: '成功', user: null}
18:39:50.487  [debug 18:39:50 ] 知识分享成功，第57次调用，累积积分: 0.6/70
18:39:50.488  [debug 18:39:50 ] 获取知识分享: pageId=6d424ae30d064ae38560868164bbdec4
18:39:50.488  [debug 18:39:50 ] 发送API请求: GET https://zsgl.lzlj.com/learn/app/clientapi/knowledge/cloud/page/like/isShareOut.do?pageId=6d424ae30d064ae38560868164bbdec4&shareOutType=&sid=F76FB3D332BB4D4D8F5F3EE25814DBF6&os=99
18:39:50.507  [debug 18:39:50 ] API响应成功: {body: {…}, code: '0', file: null, message: '成功', user: null}
18:39:50.507  [debug 18:39:50 ] 知识分享成功，第58次调用，累积积分: 1.2/70
18:39:50.507  [debug 18:39:50 ] 获取知识分享: pageId=6d424ae30d064ae38560868164bbdec4
18:39:50.507  [debug 18:39:50 ] 发送API请求: GET https://zsgl.lzlj.com/learn/app/clientapi/knowledge/cloud/page/like/isShareOut.do?pageId=6d424ae30d064ae38560868164bbdec4&shareOutType=&sid=F76FB3D332BB4D4D8F5F3EE25814DBF6&os=99
18:39:50.654  [debug 18:39:50 ] API响应成功: {body: {…}, code: '0', file: null, message: '成功', user: null}
18:39:50.654  [debug 18:39:50 ] 知识分享成功，第59次调用，累积积分: 1.7999999999999998/70
18:39:50.655  [debug 18:39:50 ] 获取知识分享: pageId=6d424ae30d064ae38560868164bbdec4
18:39:50.655  [debug 18:39:50 ] 发送API请求: GET https://zsgl.lzlj.com/learn/app/clientapi/knowledge/cloud/page/like/isShareOut.do?pageId=6d424ae30d064ae38560868164bbdec4&shareOutType=&sid=F76FB3D332BB4D4D8F5F3EE25814DBF6&os=99
18:39:50.775  [debug 18:39:50 ] API响应成功: {body: {…}, code: '0', file: null, message: '成功', user: null}
18:39:50.775  [debug 18:39:50 ] 知识分享成功，第60次调用，累积积分: 2.4/70
18:39:50.776  [debug 18:39:50 ] 获取积分详情: 2026-03-16 ~ 2026-03-31
18:39:50.776  [debug 18:39:50 ] 发送API请求: POST https://zsgl.lzlj.com/learn/app/clientapi/personal/statistics/queryUserPointPercent.do?os=99&sid=F76FB3D332BB4D4D8F5F3EE25814DBF6
18:39:50.993  [debug 18:39:50 ] API响应成功: {body: Array(4), code: '0', file: null, message: '成功', user: null}
18:39:50.993  [debug 18:39:50 ] 积分项: 知识被阅读 (knowledge_read_point) = 20
18:39:50.994  [debug 18:39:50 ] 更新贡献积分: 20
18:39:50.994  [debug 18:39:50 ] 积分项: 知识被分享 (knowledge_shared) = 20
18:39:50.994  [debug 18:39:50 ] 更新互动积分: 20
18:39:50.994  [debug 18:39:50 ] 积分项: 学习课程 (24E2D4D119E74B76AC349FA12A0B646C) = 8
18:39:50.994  [debug 18:39:50 ] 更新学习积分（学习课程）: +8，当前: 8
18:39:50.994  [debug 18:39:50 ] 积分项: 知识分享 (knowledge_sharing) = 10
18:39:50.994  [debug 18:39:50 ] 更新互动积分: 30
18:39:50.994  [warn 18:39:50 ] 积分无变化，连续无变化次数: 12/2
Warn @ webpack://cxmooc-too…l/utils/log.ts?:197
updatePointsStateFromApi @ webpack://cxmooc-too…dailyPoints.ts?:505
eval @ webpack://cxmooc-too…ailyPoints.ts?:1041
fulfilled @ webpack://cxmooc-too…l/dailyPoints.ts?:5
Promise.then
step @ webpack://cxmooc-too…l/dailyPoints.ts?:7
fulfilled @ webpack://cxmooc-too…l/dailyPoints.ts?:5
Promise.then
step @ webpack://cxmooc-too…l/dailyPoints.ts?:7
fulfilled @ webpack://cxmooc-too…l/dailyPoints.ts?:5
Promise.then
step @ webpack://cxmooc-too…l/dailyPoints.ts?:7
fulfilled @ webpack://cxmooc-too…l/dailyPoints.ts?:5
Promise.then
step @ webpack://cxmooc-too…l/dailyPoints.ts?:7
fulfilled @ webpack://cxmooc-too…l/dailyPoints.ts?:5
Promise.then
step @ webpack://cxmooc-too…l/dailyPoints.ts?:7
fulfilled @ webpack://cxmooc-too…l/dailyPoints.ts?:5
Promise.then
step @ webpack://cxmooc-too…l/dailyPoints.ts?:7
fulfilled @ webpack://cxmooc-too…l/dailyPoints.ts?:5
Promise.then
step @ webpack://cxmooc-too…l/dailyPoints.ts?:7
fulfilled @ webpack://cxmooc-too…l/dailyPoints.ts?:5
Promise.then
step @ webpack://cxmooc-too…l/dailyPoints.ts?:7
fulfilled @ webpack://cxmooc-too…l/dailyPoints.ts?:5
Promise.then
step @ webpack://cxmooc-too…l/dailyPoints.ts?:7
fulfilled @ webpack://cxmooc-too…l/dailyPoints.ts?:5
Promise.then
step @ webpack://cxmooc-too…l/dailyPoints.ts?:7
fulfilled @ webpack://cxmooc-too…l/dailyPoints.ts?:5
Promise.then
step @ webpack://cxmooc-too…l/dailyPoints.ts?:7
fulfilled @ webpack://cxmooc-too…l/dailyPoints.ts?:5
Promise.then
step @ webpack://cxmooc-too…l/dailyPoints.ts?:7
fulfilled @ webpack://cxmooc-too…l/dailyPoints.ts?:5
Promise.then
step @ webpack://cxmooc-too…l/dailyPoints.ts?:7
fulfilled @ webpack://cxmooc-too…l/dailyPoints.ts?:5
Promise.then
step @ webpack://cxmooc-too…l/dailyPoints.ts?:7
fulfilled @ webpack://cxmooc-too…l/dailyPoints.ts?:5
Promise.then
step @ webpack://cxmooc-too…l/dailyPoints.ts?:7
fulfilled @ webpack://cxmooc-too…l/dailyPoints.ts?:5
Promise.then
step @ webpack://cxmooc-too…l/dailyPoints.ts?:7
fulfilled @ webpack://cxmooc-too…l/dailyPoints.ts?:5
Promise.then
step @ webpack://cxmooc-too…l/dailyPoints.ts?:7
fulfilled @ webpack://cxmooc-too…l/dailyPoints.ts?:5
Promise.then
step @ webpack://cxmooc-too…l/dailyPoints.ts?:7
fulfilled @ webpack://cxmooc-too…l/dailyPoints.ts?:5
Promise.then
step @ webpack://cxmooc-too…l/dailyPoints.ts?:7
fulfilled @ webpack://cxmooc-too…l/dailyPoints.ts?:5
Promise.then
step @ webpack://cxmooc-too…l/dailyPoints.ts?:7
fulfilled @ webpack://cxmooc-too…l/dailyPoints.ts?:5
Promise.then
step @ webpack://cxmooc-too…l/dailyPoints.ts?:7
fulfilled @ webpack://cxmooc-too…l/dailyPoints.ts?:5
Promise.then
step @ webpack://cxmooc-too…l/dailyPoints.ts?:7
fulfilled @ webpack://cxmooc-too…l/dailyPoints.ts?:5
Promise.then
step @ webpack://cxmooc-too…l/dailyPoints.ts?:7
fulfilled @ webpack://cxmooc-too…l/dailyPoints.ts?:5
Promise.then
step @ webpack://cxmooc-too…l/dailyPoints.ts?:7
fulfilled @ webpack://cxmooc-too…l/dailyPoints.ts?:5
Promise.then
step @ webpack://cxmooc-too…l/dailyPoints.ts?:7
fulfilled @ webpack://cxmooc-too…l/dailyPoints.ts?:5
Promise.then
step @ webpack://cxmooc-too…l/dailyPoints.ts?:7
fulfilled @ webpack://cxmooc-too…l/dailyPoints.ts?:5
Promise.then
step @ webpack://cxmooc-too…l/dailyPoints.ts?:7
fulfilled @ webpack://cxmooc-too…l/dailyPoints.ts?:5
Promise.then
step @ webpack://cxmooc-too…l/dailyPoints.ts?:7
fulfilled @ webpack://cxmooc-too…l/dailyPoints.ts?:5
Promise.then
step @ webpack://cxmooc-too…l/dailyPoints.ts?:7
fulfilled @ webpack://cxmooc-too…l/dailyPoints.ts?:5
Promise.then
step @ webpack://cxmooc-too…l/dailyPoints.ts?:7
fulfilled @ webpack://cxmooc-too…l/dailyPoints.ts?:5
Promise.then
step @ webpack://cxmooc-too…l/dailyPoints.ts?:7
fulfilled @ webpack://cxmooc-too…l/dailyPoints.ts?:5
Promise.then
step @ webpack://cxmooc-too…l/dailyPoints.ts?:7
fulfilled @ webpack://cxmooc-too…l/dailyPoints.ts?:5
18:39:50.995  [warn 18:39:50 ] [任务切换] 正在切换中，跳过重复调用
Warn @ webpack://cxmooc-too…l/utils/log.ts?:197
eval @ webpack://cxmooc-too…dailyPoints.ts?:521
eval @ webpack://cxmooc-too…l/dailyPoints.ts?:8
__awaiter @ webpack://cxmooc-too…l/dailyPoints.ts?:4
switchToNextTask @ webpack://cxmooc-too…dailyPoints.ts?:519
updatePointsStateFromApi @ webpack://cxmooc-too…dailyPoints.ts?:508
eval @ webpack://cxmooc-too…ailyPoints.ts?:1041
fulfilled @ webpack://cxmooc-too…l/dailyPoints.ts?:5
Promise.then
step @ webpack://cxmooc-too…l/dailyPoints.ts?:7
fulfilled @ webpack://cxmooc-too…l/dailyPoints.ts?:5
Promise.then
step @ webpack://cxmooc-too…l/dailyPoints.ts?:7
fulfilled @ webpack://cxmooc-too…l/dailyPoints.ts?:5
Promise.then
step @ webpack://cxmooc-too…l/dailyPoints.ts?:7
fulfilled @ webpack://cxmooc-too…l/dailyPoints.ts?:5
Promise.then
step @ webpack://cxmooc-too…l/dailyPoints.ts?:7
fulfilled @ webpack://cxmooc-too…l/dailyPoints.ts?:5
Promise.then
step @ webpack://cxmooc-too…l/dailyPoints.ts?:7
fulfilled @ webpack://cxmooc-too…l/dailyPoints.ts?:5
Promise.then
step @ webpack://cxmooc-too…l/dailyPoints.ts?:7
fulfilled @ webpack://cxmooc-too…l/dailyPoints.ts?:5
Promise.then
step @ webpack://cxmooc-too…l/dailyPoints.ts?:7
fulfilled @ webpack://cxmooc-too…l/dailyPoints.ts?:5
Promise.then
step @ webpack://cxmooc-too…l/dailyPoints.ts?:7
fulfilled @ webpack://cxmooc-too…l/dailyPoints.ts?:5
Promise.then
step @ webpack://cxmooc-too…l/dailyPoints.ts?:7
fulfilled @ webpack://cxmooc-too…l/dailyPoints.ts?:5
Promise.then
step @ webpack://cxmooc-too…l/dailyPoints.ts?:7
fulfilled @ webpack://cxmooc-too…l/dailyPoints.ts?:5
Promise.then
step @ webpack://cxmooc-too…l/dailyPoints.ts?:7
fulfilled @ webpack://cxmooc-too…l/dailyPoints.ts?:5
Promise.then
step @ webpack://cxmooc-too…l/dailyPoints.ts?:7
fulfilled @ webpack://cxmooc-too…l/dailyPoints.ts?:5
Promise.then
step @ webpack://cxmooc-too…l/dailyPoints.ts?:7
fulfilled @ webpack://cxmooc-too…l/dailyPoints.ts?:5
Promise.then
step @ webpack://cxmooc-too…l/dailyPoints.ts?:7
fulfilled @ webpack://cxmooc-too…l/dailyPoints.ts?:5
Promise.then
step @ webpack://cxmooc-too…l/dailyPoints.ts?:7
fulfilled @ webpack://cxmooc-too…l/dailyPoints.ts?:5
Promise.then
step @ webpack://cxmooc-too…l/dailyPoints.ts?:7
fulfilled @ webpack://cxmooc-too…l/dailyPoints.ts?:5
Promise.then
step @ webpack://cxmooc-too…l/dailyPoints.ts?:7
fulfilled @ webpack://cxmooc-too…l/dailyPoints.ts?:5
Promise.then
step @ webpack://cxmooc-too…l/dailyPoints.ts?:7
fulfilled @ webpack://cxmooc-too…l/dailyPoints.ts?:5
Promise.then
step @ webpack://cxmooc-too…l/dailyPoints.ts?:7
fulfilled @ webpack://cxmooc-too…l/dailyPoints.ts?:5
Promise.then
step @ webpack://cxmooc-too…l/dailyPoints.ts?:7
fulfilled @ webpack://cxmooc-too…l/dailyPoints.ts?:5
Promise.then
step @ webpack://cxmooc-too…l/dailyPoints.ts?:7
fulfilled @ webpack://cxmooc-too…l/dailyPoints.ts?:5
Promise.then
step @ webpack://cxmooc-too…l/dailyPoints.ts?:7
fulfilled @ webpack://cxmooc-too…l/dailyPoints.ts?:5
Promise.then
step @ webpack://cxmooc-too…l/dailyPoints.ts?:7
fulfilled @ webpack://cxmooc-too…l/dailyPoints.ts?:5
Promise.then
step @ webpack://cxmooc-too…l/dailyPoints.ts?:7
fulfilled @ webpack://cxmooc-too…l/dailyPoints.ts?:5
Promise.then
step @ webpack://cxmooc-too…l/dailyPoints.ts?:7
fulfilled @ webpack://cxmooc-too…l/dailyPoints.ts?:5
Promise.then
step @ webpack://cxmooc-too…l/dailyPoints.ts?:7
fulfilled @ webpack://cxmooc-too…l/dailyPoints.ts?:5
Promise.then
step @ webpack://cxmooc-too…l/dailyPoints.ts?:7
fulfilled @ webpack://cxmooc-too…l/dailyPoints.ts?:5
Promise.then
step @ webpack://cxmooc-too…l/dailyPoints.ts?:7
fulfilled @ webpack://cxmooc-too…l/dailyPoints.ts?:5
Promise.then
step @ webpack://cxmooc-too…l/dailyPoints.ts?:7
fulfilled @ webpack://cxmooc-too…l/dailyPoints.ts?:5
Promise.then
step @ webpack://cxmooc-too…l/dailyPoints.ts?:7
fulfilled @ webpack://cxmooc-too…l/dailyPoints.ts?:5
Promise.then
step @ webpack://cxmooc-too…l/dailyPoints.ts?:7
fulfilled @ webpack://cxmooc-too…l/dailyPoints.ts?:5
Promise.then
step @ webpack://cxmooc-too…l/dailyPoints.ts?:7
fulfilled @ webpack://cxmooc-too…l/dailyPoints.ts?:5
18:39:50.995  [debug 18:39:50 ] 获取知识分享: pageId=6d424ae30d064ae38560868164bbdec4
18:39:50.995  [debug 18:39:50 ] 发送API请求: GET https://zsgl.lzlj.com/learn/app/clientapi/knowledge/cloud/page/like/isShareOut.do?pageId=6d424ae30d064ae38560868164bbdec4&shareOutType=&sid=F76FB3D332BB4D4D8F5F3EE25814DBF6&os=99
18:39:50.999  [每日积分] panel: 收到页面消息1 {type: 'POINTS_UPDATED', data: {…}}
18:39:50.999  [每日积分] panel: 处理POINTS_UPDATED {learning: {…}, contribution: {…}, interaction: {…}}
18:39:51.024  [debug 18:39:51 ] API响应成功: {body: {…}, code: '0', file: null, message: '成功', user: null}
18:39:51.025  [debug 18:39:51 ] 知识分享成功，第61次调用，累积积分: 0.6/70
18:39:51.025  [debug 18:39:51 ] 获取知识分享: pageId=6d424ae30d064ae38560868164bbdec4
18:39:51.025  [debug 18:39:51 ] 发送API请求: GET https://zsgl.lzlj.com/learn/app/clientapi/knowledge/cloud/page/like/isShareOut.do?pageId=6d424ae30d064ae38560868164bbdec4&shareOutType=&sid=F76FB3D332BB4D4D8F5F3EE25814DBF6&os=99
18:39:51.112  [debug 18:39:51 ] API响应成功: {body: {…}, code: '0', file: null, message: '成功', user: null}
18:39:51.113  [debug 18:39:51 ] 知识分享成功，第62次调用，累积积分: 1.2/70
18:39:51.114  [debug 18:39:51 ] 获取知识分享: pageId=6d424ae30d064ae38560868164bbdec4
18:39:51.114  [debug 18:39:51 ] 发送API请求: GET https://zsgl.lzlj.com/learn/app/clientapi/knowledge/cloud/page/like/isShareOut.do?pageId=6d424ae30d064ae38560868164bbdec4&shareOutType=&sid=F76FB3D332BB4D4D8F5F3EE25814DBF6&os=99
18:39:51.150  [debug 18:39:51 ] API响应成功: {body: {…}, code: '0', file: null, message: '成功', user: null}
18:39:51.151  [debug 18:39:51 ] 知识分享成功，第63次调用，累积积分: 1.7999999999999998/70
18:39:51.151  [debug 18:39:51 ] 获取知识分享: pageId=6d424ae30d064ae38560868164bbdec4
18:39:51.151  [debug 18:39:51 ] 发送API请求: GET https://zsgl.lzlj.com/learn/app/clientapi/knowledge/cloud/page/like/isShareOut.do?pageId=6d424ae30d064ae38560868164bbdec4&shareOutType=&sid=F76FB3D332BB4D4D8F5F3EE25814DBF6&os=99
18:39:51.269  [debug 18:39:51 ] API响应成功: {body: {…}, code: '0', file: null, message: '成功', user: null}
18:39:51.269  [debug 18:39:51 ] 知识分享成功，第64次调用，累积积分: 2.4/70
18:39:51.270  [debug 18:39:51 ] 获取知识分享: pageId=6d424ae30d064ae38560868164bbdec4
18:39:51.270  [debug 18:39:51 ] 发送API请求: GET https://zsgl.lzlj.com/learn/app/clientapi/knowledge/cloud/page/like/isShareOut.do?pageId=6d424ae30d064ae38560868164bbdec4&shareOutType=&sid=F76FB3D332BB4D4D8F5F3EE25814DBF6&os=99
18:39:51.344  [debug 18:39:51 ] API响应成功: {body: {…}, code: '0', file: null, message: '成功', user: null}
18:39:51.345  [debug 18:39:51 ] 知识分享成功，第65次调用，累积积分: 3/70
18:39:51.345  [debug 18:39:51 ] 获取积分详情: 2026-03-16 ~ 2026-03-31
18:39:51.346  [debug 18:39:51 ] 发送API请求: POST https://zsgl.lzlj.com/learn/app/clientapi/personal/statistics/queryUserPointPercent.do?os=99&sid=F76FB3D332BB4D4D8F5F3EE25814DBF6
18:39:51.395  [debug 18:39:51 ] API响应成功: {body: {…}, code: '0', file: null, message: '成功', user: null}
18:39:51.396  [debug 18:39:51 ] 知识分享成功，第66次调用，累积积分: 3.6/70
18:39:51.396  [debug 18:39:51 ] 获取知识分享: pageId=6d424ae30d064ae38560868164bbdec4
18:39:51.396  [debug 18:39:51 ] 发送API请求: GET https://zsgl.lzlj.com/learn/app/clientapi/knowledge/cloud/page/like/isShareOut.do?pageId=6d424ae30d064ae38560868164bbdec4&shareOutType=&sid=F76FB3D332BB4D4D8F5F3EE25814DBF6&os=99
18:39:51.508  [debug 18:39:51 ] API响应成功: {body: {…}, code: '0', file: null, message: '成功', user: null}
18:39:51.508  [debug 18:39:51 ] 知识分享成功，第67次调用，累积积分: 4.2/70
18:39:51.509  [debug 18:39:51 ] 获取知识分享: pageId=6d424ae30d064ae38560868164bbdec4
18:39:51.509  [debug 18:39:51 ] 发送API请求: GET https://zsgl.lzlj.com/learn/app/clientapi/knowledge/cloud/page/like/isShareOut.do?pageId=6d424ae30d064ae38560868164bbdec4&shareOutType=&sid=F76FB3D332BB4D4D8F5F3EE25814DBF6&os=99
18:39:51.552  [debug 18:39:51 ] API响应成功: {body: Array(4), code: '0', file: null, message: '成功', user: null}
18:39:51.553  [debug 18:39:51 ] 积分项: 知识被阅读 (knowledge_read_point) = 20
18:39:51.553  [debug 18:39:51 ] 更新贡献积分: 20
18:39:51.553  [debug 18:39:51 ] 积分项: 知识被分享 (knowledge_shared) = 20
18:39:51.553  [debug 18:39:51 ] 更新互动积分: 20
18:39:51.554  [debug 18:39:51 ] 积分项: 学习课程 (24E2D4D119E74B76AC349FA12A0B646C) = 8
18:39:51.554  [debug 18:39:51 ] 更新学习积分（学习课程）: +8，当前: 8
18:39:51.554  [debug 18:39:51 ] 积分项: 知识分享 (knowledge_sharing) = 10
18:39:51.554  [debug 18:39:51 ] 更新互动积分: 30
18:39:51.555  [warn 18:39:51 ] 积分无变化，连续无变化次数: 13/2
Warn @ webpack://cxmooc-too…l/utils/log.ts?:197
updatePointsStateFromApi @ webpack://cxmooc-too…dailyPoints.ts?:505
eval @ webpack://cxmooc-too…ailyPoints.ts?:1041
fulfilled @ webpack://cxmooc-too…l/dailyPoints.ts?:5
Promise.then
step @ webpack://cxmooc-too…l/dailyPoints.ts?:7
fulfilled @ webpack://cxmooc-too…l/dailyPoints.ts?:5
Promise.then
step @ webpack://cxmooc-too…l/dailyPoints.ts?:7
fulfilled @ webpack://cxmooc-too…l/dailyPoints.ts?:5
Promise.then
step @ webpack://cxmooc-too…l/dailyPoints.ts?:7
fulfilled @ webpack://cxmooc-too…l/dailyPoints.ts?:5
Promise.then
step @ webpack://cxmooc-too…l/dailyPoints.ts?:7
fulfilled @ webpack://cxmooc-too…l/dailyPoints.ts?:5
Promise.then
step @ webpack://cxmooc-too…l/dailyPoints.ts?:7
fulfilled @ webpack://cxmooc-too…l/dailyPoints.ts?:5
Promise.then
step @ webpack://cxmooc-too…l/dailyPoints.ts?:7
fulfilled @ webpack://cxmooc-too…l/dailyPoints.ts?:5
Promise.then
step @ webpack://cxmooc-too…l/dailyPoints.ts?:7
fulfilled @ webpack://cxmooc-too…l/dailyPoints.ts?:5
Promise.then
step @ webpack://cxmooc-too…l/dailyPoints.ts?:7
fulfilled @ webpack://cxmooc-too…l/dailyPoints.ts?:5
Promise.then
step @ webpack://cxmooc-too…l/dailyPoints.ts?:7
fulfilled @ webpack://cxmooc-too…l/dailyPoints.ts?:5
Promise.then
step @ webpack://cxmooc-too…l/dailyPoints.ts?:7
fulfilled @ webpack://cxmooc-too…l/dailyPoints.ts?:5
Promise.then
step @ webpack://cxmooc-too…l/dailyPoints.ts?:7
fulfilled @ webpack://cxmooc-too…l/dailyPoints.ts?:5
Promise.then
step @ webpack://cxmooc-too…l/dailyPoints.ts?:7
fulfilled @ webpack://cxmooc-too…l/dailyPoints.ts?:5
Promise.then
step @ webpack://cxmooc-too…l/dailyPoints.ts?:7
fulfilled @ webpack://cxmooc-too…l/dailyPoints.ts?:5
Promise.then
step @ webpack://cxmooc-too…l/dailyPoints.ts?:7
fulfilled @ webpack://cxmooc-too…l/dailyPoints.ts?:5
Promise.then
step @ webpack://cxmooc-too…l/dailyPoints.ts?:7
fulfilled @ webpack://cxmooc-too…l/dailyPoints.ts?:5
Promise.then
step @ webpack://cxmooc-too…l/dailyPoints.ts?:7
fulfilled @ webpack://cxmooc-too…l/dailyPoints.ts?:5
Promise.then
step @ webpack://cxmooc-too…l/dailyPoints.ts?:7
fulfilled @ webpack://cxmooc-too…l/dailyPoints.ts?:5
Promise.then
step @ webpack://cxmooc-too…l/dailyPoints.ts?:7
fulfilled @ webpack://cxmooc-too…l/dailyPoints.ts?:5
Promise.then
step @ webpack://cxmooc-too…l/dailyPoints.ts?:7
fulfilled @ webpack://cxmooc-too…l/dailyPoints.ts?:5
Promise.then
step @ webpack://cxmooc-too…l/dailyPoints.ts?:7
fulfilled @ webpack://cxmooc-too…l/dailyPoints.ts?:5
Promise.then
step @ webpack://cxmooc-too…l/dailyPoints.ts?:7
fulfilled @ webpack://cxmooc-too…l/dailyPoints.ts?:5
Promise.then
step @ webpack://cxmooc-too…l/dailyPoints.ts?:7
fulfilled @ webpack://cxmooc-too…l/dailyPoints.ts?:5
Promise.then
step @ webpack://cxmooc-too…l/dailyPoints.ts?:7
fulfilled @ webpack://cxmooc-too…l/dailyPoints.ts?:5
Promise.then
step @ webpack://cxmooc-too…l/dailyPoints.ts?:7
fulfilled @ webpack://cxmooc-too…l/dailyPoints.ts?:5
Promise.then
step @ webpack://cxmooc-too…l/dailyPoints.ts?:7
fulfilled @ webpack://cxmooc-too…l/dailyPoints.ts?:5
Promise.then
step @ webpack://cxmooc-too…l/dailyPoints.ts?:7
fulfilled @ webpack://cxmooc-too…l/dailyPoints.ts?:5
Promise.then
step @ webpack://cxmooc-too…l/dailyPoints.ts?:7
fulfilled @ webpack://cxmooc-too…l/dailyPoints.ts?:5
Promise.then
step @ webpack://cxmooc-too…l/dailyPoints.ts?:7
fulfilled @ webpack://cxmooc-too…l/dailyPoints.ts?:5
Promise.then
step @ webpack://cxmooc-too…l/dailyPoints.ts?:7
fulfilled @ webpack://cxmooc-too…l/dailyPoints.ts?:5
Promise.then
step @ webpack://cxmooc-too…l/dailyPoints.ts?:7
fulfilled @ webpack://cxmooc-too…l/dailyPoints.ts?:5
Promise.then
step @ webpack://cxmooc-too…l/dailyPoints.ts?:7
fulfilled @ webpack://cxmooc-too…l/dailyPoints.ts?:5
Promise.then
step @ webpack://cxmooc-too…l/dailyPoints.ts?:7
fulfilled @ webpack://cxmooc-too…l/dailyPoints.ts?:5
18:39:51.555  [warn 18:39:51 ] [任务切换] 正在切换中，跳过重复调用
Warn @ webpack://cxmooc-too…l/utils/log.ts?:197
eval @ webpack://cxmooc-too…dailyPoints.ts?:521
eval @ webpack://cxmooc-too…l/dailyPoints.ts?:8
__awaiter @ webpack://cxmooc-too…l/dailyPoints.ts?:4
switchToNextTask @ webpack://cxmooc-too…dailyPoints.ts?:519
updatePointsStateFromApi @ webpack://cxmooc-too…dailyPoints.ts?:508
eval @ webpack://cxmooc-too…ailyPoints.ts?:1041
fulfilled @ webpack://cxmooc-too…l/dailyPoints.ts?:5
Promise.then
step @ webpack://cxmooc-too…l/dailyPoints.ts?:7
fulfilled @ webpack://cxmooc-too…l/dailyPoints.ts?:5
Promise.then
step @ webpack://cxmooc-too…l/dailyPoints.ts?:7
fulfilled @ webpack://cxmooc-too…l/dailyPoints.ts?:5
Promise.then
step @ webpack://cxmooc-too…l/dailyPoints.ts?:7
fulfilled @ webpack://cxmooc-too…l/dailyPoints.ts?:5
Promise.then
step @ webpack://cxmooc-too…l/dailyPoints.ts?:7
fulfilled @ webpack://cxmooc-too…l/dailyPoints.ts?:5
Promise.then
step @ webpack://cxmooc-too…l/dailyPoints.ts?:7
fulfilled @ webpack://cxmooc-too…l/dailyPoints.ts?:5
Promise.then
step @ webpack://cxmooc-too…l/dailyPoints.ts?:7
fulfilled @ webpack://cxmooc-too…l/dailyPoints.ts?:5
Promise.then
step @ webpack://cxmooc-too…l/dailyPoints.ts?:7
fulfilled @ webpack://cxmooc-too…l/dailyPoints.ts?:5
Promise.then
step @ webpack://cxmooc-too…l/dailyPoints.ts?:7
fulfilled @ webpack://cxmooc-too…l/dailyPoints.ts?:5
Promise.then
step @ webpack://cxmooc-too…l/dailyPoints.ts?:7
fulfilled @ webpack://cxmooc-too…l/dailyPoints.ts?:5
Promise.then
step @ webpack://cxmooc-too…l/dailyPoints.ts?:7
fulfilled @ webpack://cxmooc-too…l/dailyPoints.ts?:5
Promise.then
step @ webpack://cxmooc-too…l/dailyPoints.ts?:7
fulfilled @ webpack://cxmooc-too…l/dailyPoints.ts?:5
Promise.then
step @ webpack://cxmooc-too…l/dailyPoints.ts?:7
fulfilled @ webpack://cxmooc-too…l/dailyPoints.ts?:5
Promise.then
step @ webpack://cxmooc-too…l/dailyPoints.ts?:7
fulfilled @ webpack://cxmooc-too…l/dailyPoints.ts?:5
Promise.then
step @ webpack://cxmooc-too…l/dailyPoints.ts?:7
fulfilled @ webpack://cxmooc-too…l/dailyPoints.ts?:5
Promise.then
step @ webpack://cxmooc-too…l/dailyPoints.ts?:7
fulfilled @ webpack://cxmooc-too…l/dailyPoints.ts?:5
Promise.then
step @ webpack://cxmooc-too…l/dailyPoints.ts?:7
fulfilled @ webpack://cxmooc-too…l/dailyPoints.ts?:5
Promise.then
step @ webpack://cxmooc-too…l/dailyPoints.ts?:7
fulfilled @ webpack://cxmooc-too…l/dailyPoints.ts?:5
Promise.then
step @ webpack://cxmooc-too…l/dailyPoints.ts?:7
fulfilled @ webpack://cxmooc-too…l/dailyPoints.ts?:5
Promise.then
step @ webpack://cxmooc-too…l/dailyPoints.ts?:7
fulfilled @ webpack://cxmooc-too…l/dailyPoints.ts?:5
Promise.then
step @ webpack://cxmooc-too…l/dailyPoints.ts?:7
fulfilled @ webpack://cxmooc-too…l/dailyPoints.ts?:5
Promise.then
step @ webpack://cxmooc-too…l/dailyPoints.ts?:7
fulfilled @ webpack://cxmooc-too…l/dailyPoints.ts?:5
Promise.then
step @ webpack://cxmooc-too…l/dailyPoints.ts?:7
fulfilled @ webpack://cxmooc-too…l/dailyPoints.ts?:5
Promise.then
step @ webpack://cxmooc-too…l/dailyPoints.ts?:7
fulfilled @ webpack://cxmooc-too…l/dailyPoints.ts?:5
Promise.then
step @ webpack://cxmooc-too…l/dailyPoints.ts?:7
fulfilled @ webpack://cxmooc-too…l/dailyPoints.ts?:5
Promise.then
step @ webpack://cxmooc-too…l/dailyPoints.ts?:7
fulfilled @ webpack://cxmooc-too…l/dailyPoints.ts?:5
Promise.then
step @ webpack://cxmooc-too…l/dailyPoints.ts?:7
fulfilled @ webpack://cxmooc-too…l/dailyPoints.ts?:5
Promise.then
step @ webpack://cxmooc-too…l/dailyPoints.ts?:7
fulfilled @ webpack://cxmooc-too…l/dailyPoints.ts?:5
Promise.then
step @ webpack://cxmooc-too…l/dailyPoints.ts?:7
fulfilled @ webpack://cxmooc-too…l/dailyPoints.ts?:5
Promise.then
step @ webpack://cxmooc-too…l/dailyPoints.ts?:7
fulfilled @ webpack://cxmooc-too…l/dailyPoints.ts?:5
Promise.then
step @ webpack://cxmooc-too…l/dailyPoints.ts?:7
fulfilled @ webpack://cxmooc-too…l/dailyPoints.ts?:5
Promise.then
step @ webpack://cxmooc-too…l/dailyPoints.ts?:7
fulfilled @ webpack://cxmooc-too…l/dailyPoints.ts?:5
Promise.then
step @ webpack://cxmooc-too…l/dailyPoints.ts?:7
fulfilled @ webpack://cxmooc-too…l/dailyPoints.ts?:5
18:39:51.556  [debug 18:39:51 ] 获取知识分享: pageId=6d424ae30d064ae38560868164bbdec4
18:39:51.556  [debug 18:39:51 ] 发送API请求: GET https://zsgl.lzlj.com/learn/app/clientapi/knowledge/cloud/page/like/isShareOut.do?pageId=6d424ae30d064ae38560868164bbdec4&shareOutType=&sid=F76FB3D332BB4D4D8F5F3EE25814DBF6&os=99
18:39:51.563  [每日积分] panel: 收到页面消息1 {type: 'POINTS_UPDATED', data: {…}}
18:39:51.563  [每日积分] panel: 处理POINTS_UPDATED {learning: {…}, contribution: {…}, interaction: {…}}
18:39:51.654  [debug 18:39:51 ] API响应成功: {body: {…}, code: '0', file: null, message: '成功', user: null}
18:39:51.654  [debug 18:39:51 ] 知识分享成功，第68次调用，累积积分: 0.6/70
18:39:51.655  [debug 18:39:51 ] 获取知识分享: pageId=6d424ae30d064ae38560868164bbdec4
18:39:51.655  [debug 18:39:51 ] 发送API请求: GET https://zsgl.lzlj.com/learn/app/clientapi/knowledge/cloud/page/like/isShareOut.do?pageId=6d424ae30d064ae38560868164bbdec4&shareOutType=&sid=F76FB3D332BB4D4D8F5F3EE25814DBF6&os=99
18:39:51.701  [debug 18:39:51 ] API响应成功: {body: {…}, code: '0', file: null, message: '成功', user: null}
18:39:51.701  [debug 18:39:51 ] 知识分享成功，第69次调用，累积积分: 1.2/70
18:39:51.702  [debug 18:39:51 ] 获取知识分享: pageId=6d424ae30d064ae38560868164bbdec4
18:39:51.702  [debug 18:39:51 ] 发送API请求: GET https://zsgl.lzlj.com/learn/app/clientapi/knowledge/cloud/page/like/isShareOut.do?pageId=6d424ae30d064ae38560868164bbdec4&shareOutType=&sid=F76FB3D332BB4D4D8F5F3EE25814DBF6&os=99
18:39:51.800  [debug 18:39:51 ] API响应成功: {body: {…}, code: '0', file: null, message: '成功', user: null}
18:39:51.800  [debug 18:39:51 ] 知识分享成功，第70次调用，累积积分: 1.7999999999999998/70
18:39:51.801  [debug 18:39:51 ] 获取积分详情: 2026-03-16 ~ 2026-03-31
18:39:51.801  [debug 18:39:51 ] 发送API请求: POST https://zsgl.lzlj.com/learn/app/clientapi/personal/statistics/queryUserPointPercent.do?os=99&sid=F76FB3D332BB4D4D8F5F3EE25814DBF6
18:39:51.820  [debug 18:39:51 ] API响应成功: {body: {…}, code: '0', file: null, message: '成功', user: null}
18:39:51.821  [debug 18:39:51 ] 知识分享成功，第71次调用，累积积分: 2.4/70
18:39:51.821  [debug 18:39:51 ] 获取知识分享: pageId=6d424ae30d064ae38560868164bbdec4
18:39:51.821  [debug 18:39:51 ] 发送API请求: GET https://zsgl.lzlj.com/learn/app/clientapi/knowledge/cloud/page/like/isShareOut.do?pageId=6d424ae30d064ae38560868164bbdec4&shareOutType=&sid=F76FB3D332BB4D4D8F5F3EE25814DBF6&os=99
18:39:51.965  [debug 18:39:51 ] API响应成功: {body: {…}, code: '0', file: null, message: '成功', user: null}
18:39:51.965  [debug 18:39:51 ] 知识分享成功，第72次调用，累积积分: 3/70
18:39:51.965  [debug 18:39:51 ] 获取知识分享: pageId=6d424ae30d064ae38560868164bbdec4
18:39:51.966  [debug 18:39:51 ] 发送API请求: GET https://zsgl.lzlj.com/learn/app/clientapi/knowledge/cloud/page/like/isShareOut.do?pageId=6d424ae30d064ae38560868164bbdec4&shareOutType=&sid=F76FB3D332BB4D4D8F5F3EE25814DBF6&os=99
18:39:52.047  [debug 18:39:52 ] API响应成功: {body: Array(4), code: '0', file: null, message: '成功', user: null}
18:39:52.048  [debug 18:39:52 ] 积分项: 知识被阅读 (knowledge_read_point) = 20
18:39:52.048  [debug 18:39:52 ] 更新贡献积分: 20
18:39:52.048  [debug 18:39:52 ] 积分项: 知识被分享 (knowledge_shared) = 20
18:39:52.048  [debug 18:39:52 ] 更新互动积分: 20
18:39:52.048  [debug 18:39:52 ] 积分项: 学习课程 (24E2D4D119E74B76AC349FA12A0B646C) = 8
18:39:52.048  [debug 18:39:52 ] 更新学习积分（学习课程）: +8，当前: 8
18:39:52.048  [debug 18:39:52 ] 积分项: 知识分享 (knowledge_sharing) = 10
18:39:52.049  [debug 18:39:52 ] 更新互动积分: 30
18:39:52.049  [warn 18:39:52 ] 积分无变化，连续无变化次数: 14/2
Warn @ webpack://cxmooc-too…l/utils/log.ts?:197
updatePointsStateFromApi @ webpack://cxmooc-too…dailyPoints.ts?:505
eval @ webpack://cxmooc-too…ailyPoints.ts?:1041
fulfilled @ webpack://cxmooc-too…l/dailyPoints.ts?:5
Promise.then
step @ webpack://cxmooc-too…l/dailyPoints.ts?:7
fulfilled @ webpack://cxmooc-too…l/dailyPoints.ts?:5
Promise.then
step @ webpack://cxmooc-too…l/dailyPoints.ts?:7
fulfilled @ webpack://cxmooc-too…l/dailyPoints.ts?:5
Promise.then
step @ webpack://cxmooc-too…l/dailyPoints.ts?:7
fulfilled @ webpack://cxmooc-too…l/dailyPoints.ts?:5
Promise.then
step @ webpack://cxmooc-too…l/dailyPoints.ts?:7
fulfilled @ webpack://cxmooc-too…l/dailyPoints.ts?:5
Promise.then
step @ webpack://cxmooc-too…l/dailyPoints.ts?:7
fulfilled @ webpack://cxmooc-too…l/dailyPoints.ts?:5
Promise.then
step @ webpack://cxmooc-too…l/dailyPoints.ts?:7
fulfilled @ webpack://cxmooc-too…l/dailyPoints.ts?:5
Promise.then
step @ webpack://cxmooc-too…l/dailyPoints.ts?:7
fulfilled @ webpack://cxmooc-too…l/dailyPoints.ts?:5
Promise.then
step @ webpack://cxmooc-too…l/dailyPoints.ts?:7
fulfilled @ webpack://cxmooc-too…l/dailyPoints.ts?:5
Promise.then
step @ webpack://cxmooc-too…l/dailyPoints.ts?:7
fulfilled @ webpack://cxmooc-too…l/dailyPoints.ts?:5
Promise.then
step @ webpack://cxmooc-too…l/dailyPoints.ts?:7
fulfilled @ webpack://cxmooc-too…l/dailyPoints.ts?:5
Promise.then
step @ webpack://cxmooc-too…l/dailyPoints.ts?:7
fulfilled @ webpack://cxmooc-too…l/dailyPoints.ts?:5
Promise.then
step @ webpack://cxmooc-too…l/dailyPoints.ts?:7
fulfilled @ webpack://cxmooc-too…l/dailyPoints.ts?:5
Promise.then
step @ webpack://cxmooc-too…l/dailyPoints.ts?:7
fulfilled @ webpack://cxmooc-too…l/dailyPoints.ts?:5
Promise.then
step @ webpack://cxmooc-too…l/dailyPoints.ts?:7
fulfilled @ webpack://cxmooc-too…l/dailyPoints.ts?:5
Promise.then
step @ webpack://cxmooc-too…l/dailyPoints.ts?:7
fulfilled @ webpack://cxmooc-too…l/dailyPoints.ts?:5
Promise.then
step @ webpack://cxmooc-too…l/dailyPoints.ts?:7
fulfilled @ webpack://cxmooc-too…l/dailyPoints.ts?:5
Promise.then
step @ webpack://cxmooc-too…l/dailyPoints.ts?:7
fulfilled @ webpack://cxmooc-too…l/dailyPoints.ts?:5
Promise.then
step @ webpack://cxmooc-too…l/dailyPoints.ts?:7
fulfilled @ webpack://cxmooc-too…l/dailyPoints.ts?:5
Promise.then
step @ webpack://cxmooc-too…l/dailyPoints.ts?:7
fulfilled @ webpack://cxmooc-too…l/dailyPoints.ts?:5
Promise.then
step @ webpack://cxmooc-too…l/dailyPoints.ts?:7
fulfilled @ webpack://cxmooc-too…l/dailyPoints.ts?:5
Promise.then
step @ webpack://cxmooc-too…l/dailyPoints.ts?:7
fulfilled @ webpack://cxmooc-too…l/dailyPoints.ts?:5
Promise.then
step @ webpack://cxmooc-too…l/dailyPoints.ts?:7
fulfilled @ webpack://cxmooc-too…l/dailyPoints.ts?:5
Promise.then
step @ webpack://cxmooc-too…l/dailyPoints.ts?:7
fulfilled @ webpack://cxmooc-too…l/dailyPoints.ts?:5
Promise.then
step @ webpack://cxmooc-too…l/dailyPoints.ts?:7
fulfilled @ webpack://cxmooc-too…l/dailyPoints.ts?:5
Promise.then
step @ webpack://cxmooc-too…l/dailyPoints.ts?:7
fulfilled @ webpack://cxmooc-too…l/dailyPoints.ts?:5
Promise.then
step @ webpack://cxmooc-too…l/dailyPoints.ts?:7
fulfilled @ webpack://cxmooc-too…l/dailyPoints.ts?:5
Promise.then
step @ webpack://cxmooc-too…l/dailyPoints.ts?:7
fulfilled @ webpack://cxmooc-too…l/dailyPoints.ts?:5
Promise.then
step @ webpack://cxmooc-too…l/dailyPoints.ts?:7
fulfilled @ webpack://cxmooc-too…l/dailyPoints.ts?:5
Promise.then
step @ webpack://cxmooc-too…l/dailyPoints.ts?:7
fulfilled @ webpack://cxmooc-too…l/dailyPoints.ts?:5
Promise.then
step @ webpack://cxmooc-too…l/dailyPoints.ts?:7
fulfilled @ webpack://cxmooc-too…l/dailyPoints.ts?:5
Promise.then
step @ webpack://cxmooc-too…l/dailyPoints.ts?:7
fulfilled @ webpack://cxmooc-too…l/dailyPoints.ts?:5
Promise.then
step @ webpack://cxmooc-too…l/dailyPoints.ts?:7
fulfilled @ webpack://cxmooc-too…l/dailyPoints.ts?:5
18:39:52.049  [warn 18:39:52 ] [任务切换] 正在切换中，跳过重复调用
Warn @ webpack://cxmooc-too…l/utils/log.ts?:197
eval @ webpack://cxmooc-too…dailyPoints.ts?:521
eval @ webpack://cxmooc-too…l/dailyPoints.ts?:8
__awaiter @ webpack://cxmooc-too…l/dailyPoints.ts?:4
switchToNextTask @ webpack://cxmooc-too…dailyPoints.ts?:519
updatePointsStateFromApi @ webpack://cxmooc-too…dailyPoints.ts?:508
eval @ webpack://cxmooc-too…ailyPoints.ts?:1041
fulfilled @ webpack://cxmooc-too…l/dailyPoints.ts?:5
Promise.then
step @ webpack://cxmooc-too…l/dailyPoints.ts?:7
fulfilled @ webpack://cxmooc-too…l/dailyPoints.ts?:5
Promise.then
step @ webpack://cxmooc-too…l/dailyPoints.ts?:7
fulfilled @ webpack://cxmooc-too…l/dailyPoints.ts?:5
Promise.then
step @ webpack://cxmooc-too…l/dailyPoints.ts?:7
fulfilled @ webpack://cxmooc-too…l/dailyPoints.ts?:5
Promise.then
step @ webpack://cxmooc-too…l/dailyPoints.ts?:7
fulfilled @ webpack://cxmooc-too…l/dailyPoints.ts?:5
Promise.then
step @ webpack://cxmooc-too…l/dailyPoints.ts?:7
fulfilled @ webpack://cxmooc-too…l/dailyPoints.ts?:5
Promise.then
step @ webpack://cxmooc-too…l/dailyPoints.ts?:7
fulfilled @ webpack://cxmooc-too…l/dailyPoints.ts?:5
Promise.then
step @ webpack://cxmooc-too…l/dailyPoints.ts?:7
fulfilled @ webpack://cxmooc-too…l/dailyPoints.ts?:5
Promise.then
step @ webpack://cxmooc-too…l/dailyPoints.ts?:7
fulfilled @ webpack://cxmooc-too…l/dailyPoints.ts?:5
Promise.then
step @ webpack://cxmooc-too…l/dailyPoints.ts?:7
fulfilled @ webpack://cxmooc-too…l/dailyPoints.ts?:5
Promise.then
step @ webpack://cxmooc-too…l/dailyPoints.ts?:7
fulfilled @ webpack://cxmooc-too…l/dailyPoints.ts?:5
Promise.then
step @ webpack://cxmooc-too…l/dailyPoints.ts?:7
fulfilled @ webpack://cxmooc-too…l/dailyPoints.ts?:5
Promise.then
step @ webpack://cxmooc-too…l/dailyPoints.ts?:7
fulfilled @ webpack://cxmooc-too…l/dailyPoints.ts?:5
Promise.then
step @ webpack://cxmooc-too…l/dailyPoints.ts?:7
fulfilled @ webpack://cxmooc-too…l/dailyPoints.ts?:5
Promise.then
step @ webpack://cxmooc-too…l/dailyPoints.ts?:7
fulfilled @ webpack://cxmooc-too…l/dailyPoints.ts?:5
Promise.then
step @ webpack://cxmooc-too…l/dailyPoints.ts?:7
fulfilled @ webpack://cxmooc-too…l/dailyPoints.ts?:5
Promise.then
step @ webpack://cxmooc-too…l/dailyPoints.ts?:7
fulfilled @ webpack://cxmooc-too…l/dailyPoints.ts?:5
Promise.then
step @ webpack://cxmooc-too…l/dailyPoints.ts?:7
fulfilled @ webpack://cxmooc-too…l/dailyPoints.ts?:5
Promise.then
step @ webpack://cxmooc-too…l/dailyPoints.ts?:7
fulfilled @ webpack://cxmooc-too…l/dailyPoints.ts?:5
Promise.then
step @ webpack://cxmooc-too…l/dailyPoints.ts?:7
fulfilled @ webpack://cxmooc-too…l/dailyPoints.ts?:5
Promise.then
step @ webpack://cxmooc-too…l/dailyPoints.ts?:7
fulfilled @ webpack://cxmooc-too…l/dailyPoints.ts?:5
Promise.then
step @ webpack://cxmooc-too…l/dailyPoints.ts?:7
fulfilled @ webpack://cxmooc-too…l/dailyPoints.ts?:5
Promise.then
step @ webpack://cxmooc-too…l/dailyPoints.ts?:7
fulfilled @ webpack://cxmooc-too…l/dailyPoints.ts?:5
Promise.then
step @ webpack://cxmooc-too…l/dailyPoints.ts?:7
fulfilled @ webpack://cxmooc-too…l/dailyPoints.ts?:5
Promise.then
step @ webpack://cxmooc-too…l/dailyPoints.ts?:7
fulfilled @ webpack://cxmooc-too…l/dailyPoints.ts?:5
Promise.then
step @ webpack://cxmooc-too…l/dailyPoints.ts?:7
fulfilled @ webpack://cxmooc-too…l/dailyPoints.ts?:5
Promise.then
step @ webpack://cxmooc-too…l/dailyPoints.ts?:7
fulfilled @ webpack://cxmooc-too…l/dailyPoints.ts?:5
Promise.then
step @ webpack://cxmooc-too…l/dailyPoints.ts?:7
fulfilled @ webpack://cxmooc-too…l/dailyPoints.ts?:5
Promise.then
step @ webpack://cxmooc-too…l/dailyPoints.ts?:7
fulfilled @ webpack://cxmooc-too…l/dailyPoints.ts?:5
Promise.then
step @ webpack://cxmooc-too…l/dailyPoints.ts?:7
fulfilled @ webpack://cxmooc-too…l/dailyPoints.ts?:5
Promise.then
step @ webpack://cxmooc-too…l/dailyPoints.ts?:7
fulfilled @ webpack://cxmooc-too…l/dailyPoints.ts?:5
Promise.then
step @ webpack://cxmooc-too…l/dailyPoints.ts?:7
fulfilled @ webpack://cxmooc-too…l/dailyPoints.ts?:5
Promise.then
step @ webpack://cxmooc-too…l/dailyPoints.ts?:7
fulfilled @ webpack://cxmooc-too…l/dailyPoints.ts?:5
18:39:52.049  [debug 18:39:52 ] 获取知识分享: pageId=6d424ae30d064ae38560868164bbdec4
18:39:52.049  [debug 18:39:52 ] 发送API请求: GET https://zsgl.lzlj.com/learn/app/clientapi/knowledge/cloud/page/like/isShareOut.do?pageId=6d424ae30d064ae38560868164bbdec4&shareOutType=&sid=F76FB3D332BB4D4D8F5F3EE25814DBF6&os=99
18:39:52.054  [每日积分] panel: 收到页面消息1 {type: 'POINTS_UPDATED', data: {…}}
18:39:52.054  [每日积分] panel: 处理POINTS_UPDATED {learning: {…}, contribution: {…}, interaction: {…}}
18:39:52.122  [debug 18:39:52 ] API响应成功: {body: {…}, code: '0', file: null, message: '成功', user: null}
18:39:52.123  [debug 18:39:52 ] 知识分享成功，第73次调用，累积积分: 0.6/70
18:39:52.123  [debug 18:39:52 ] 获取知识分享: pageId=6d424ae30d064ae38560868164bbdec4
18:39:52.123  [debug 18:39:52 ] 发送API请求: GET https://zsgl.lzlj.com/learn/app/clientapi/knowledge/cloud/page/like/isShareOut.do?pageId=6d424ae30d064ae38560868164bbdec4&shareOutType=&sid=F76FB3D332BB4D4D8F5F3EE25814DBF6&os=99
18:39:52.200  [debug 18:39:52 ] API响应成功: {body: {…}, code: '0', file: null, message: '成功', user: null}
18:39:52.201  [debug 18:39:52 ] 知识分享成功，第74次调用，累积积分: 1.2/70
18:39:52.201  [debug 18:39:52 ] 获取知识分享: pageId=6d424ae30d064ae38560868164bbdec4
18:39:52.201  [debug 18:39:52 ] 发送API请求: GET https://zsgl.lzlj.com/learn/app/clientapi/knowledge/cloud/page/like/isShareOut.do?pageId=6d424ae30d064ae38560868164bbdec4&shareOutType=&sid=F76FB3D332BB4D4D8F5F3EE25814DBF6&os=99
18:39:52.332  [debug 18:39:52 ] API响应成功: {body: {…}, code: '0', file: null, message: '成功', user: null}
18:39:52.333  [debug 18:39:52 ] 知识分享成功，第75次调用，累积积分: 1.7999999999999998/70
18:39:52.333  [debug 18:39:52 ] 获取积分详情: 2026-03-16 ~ 2026-03-31
18:39:52.334  [debug 18:39:52 ] 发送API请求: POST https://zsgl.lzlj.com/learn/app/clientapi/personal/statistics/queryUserPointPercent.do?os=99&sid=F76FB3D332BB4D4D8F5F3EE25814DBF6
18:39:52.344  [debug 18:39:52 ] API响应成功: {body: {…}, code: '0', file: null, message: '成功', user: null}
18:39:52.344  [debug 18:39:52 ] 知识分享成功，第76次调用，累积积分: 2.4/70
18:39:52.344  [debug 18:39:52 ] 获取知识分享: pageId=6d424ae30d064ae38560868164bbdec4
18:39:52.344  [debug 18:39:52 ] 发送API请求: GET https://zsgl.lzlj.com/learn/app/clientapi/knowledge/cloud/page/like/isShareOut.do?pageId=6d424ae30d064ae38560868164bbdec4&shareOutType=&sid=F76FB3D332BB4D4D8F5F3EE25814DBF6&os=99
18:39:52.477  [debug 18:39:52 ] API响应成功: {body: {…}, code: '0', file: null, message: '成功', user: null}
18:39:52.478  [debug 18:39:52 ] 知识分享成功，第77次调用，累积积分: 3/70
18:39:52.479  [debug 18:39:52 ] 获取知识分享: pageId=6d424ae30d064ae38560868164bbdec4
18:39:52.479  [debug 18:39:52 ] 发送API请求: GET https://zsgl.lzlj.com/learn/app/clientapi/knowledge/cloud/page/like/isShareOut.do?pageId=6d424ae30d064ae38560868164bbdec4&shareOutType=&sid=F76FB3D332BB4D4D8F5F3EE25814DBF6&os=99
18:39:52.588  [debug 18:39:52 ] API响应成功: {body: Array(4), code: '0', file: null, message: '成功', user: null}
18:39:52.588  [debug 18:39:52 ] 积分项: 知识被阅读 (knowledge_read_point) = 20
18:39:52.589  [debug 18:39:52 ] 更新贡献积分: 20
18:39:52.589  [debug 18:39:52 ] 积分项: 知识被分享 (knowledge_shared) = 20
18:39:52.589  [debug 18:39:52 ] 更新互动积分: 20
18:39:52.589  [debug 18:39:52 ] 积分项: 学习课程 (24E2D4D119E74B76AC349FA12A0B646C) = 8
18:39:52.589  [debug 18:39:52 ] 更新学习积分（学习课程）: +8，当前: 8
18:39:52.590  [debug 18:39:52 ] 积分项: 知识分享 (knowledge_sharing) = 10
18:39:52.590  [debug 18:39:52 ] 更新互动积分: 30
18:39:52.590  [warn 18:39:52 ] 积分无变化，连续无变化次数: 15/2
Warn @ webpack://cxmooc-too…l/utils/log.ts?:197
updatePointsStateFromApi @ webpack://cxmooc-too…dailyPoints.ts?:505
eval @ webpack://cxmooc-too…ailyPoints.ts?:1041
fulfilled @ webpack://cxmooc-too…l/dailyPoints.ts?:5
Promise.then
step @ webpack://cxmooc-too…l/dailyPoints.ts?:7
fulfilled @ webpack://cxmooc-too…l/dailyPoints.ts?:5
Promise.then
step @ webpack://cxmooc-too…l/dailyPoints.ts?:7
fulfilled @ webpack://cxmooc-too…l/dailyPoints.ts?:5
Promise.then
step @ webpack://cxmooc-too…l/dailyPoints.ts?:7
fulfilled @ webpack://cxmooc-too…l/dailyPoints.ts?:5
Promise.then
step @ webpack://cxmooc-too…l/dailyPoints.ts?:7
fulfilled @ webpack://cxmooc-too…l/dailyPoints.ts?:5
Promise.then
step @ webpack://cxmooc-too…l/dailyPoints.ts?:7
fulfilled @ webpack://cxmooc-too…l/dailyPoints.ts?:5
Promise.then
step @ webpack://cxmooc-too…l/dailyPoints.ts?:7
fulfilled @ webpack://cxmooc-too…l/dailyPoints.ts?:5
Promise.then
step @ webpack://cxmooc-too…l/dailyPoints.ts?:7
fulfilled @ webpack://cxmooc-too…l/dailyPoints.ts?:5
Promise.then
step @ webpack://cxmooc-too…l/dailyPoints.ts?:7
fulfilled @ webpack://cxmooc-too…l/dailyPoints.ts?:5
Promise.then
step @ webpack://cxmooc-too…l/dailyPoints.ts?:7
fulfilled @ webpack://cxmooc-too…l/dailyPoints.ts?:5
Promise.then
step @ webpack://cxmooc-too…l/dailyPoints.ts?:7
fulfilled @ webpack://cxmooc-too…l/dailyPoints.ts?:5
Promise.then
step @ webpack://cxmooc-too…l/dailyPoints.ts?:7
fulfilled @ webpack://cxmooc-too…l/dailyPoints.ts?:5
Promise.then
step @ webpack://cxmooc-too…l/dailyPoints.ts?:7
fulfilled @ webpack://cxmooc-too…l/dailyPoints.ts?:5
Promise.then
step @ webpack://cxmooc-too…l/dailyPoints.ts?:7
fulfilled @ webpack://cxmooc-too…l/dailyPoints.ts?:5
Promise.then
step @ webpack://cxmooc-too…l/dailyPoints.ts?:7
fulfilled @ webpack://cxmooc-too…l/dailyPoints.ts?:5
Promise.then
step @ webpack://cxmooc-too…l/dailyPoints.ts?:7
fulfilled @ webpack://cxmooc-too…l/dailyPoints.ts?:5
Promise.then
step @ webpack://cxmooc-too…l/dailyPoints.ts?:7
fulfilled @ webpack://cxmooc-too…l/dailyPoints.ts?:5
Promise.then
step @ webpack://cxmooc-too…l/dailyPoints.ts?:7
fulfilled @ webpack://cxmooc-too…l/dailyPoints.ts?:5
Promise.then
step @ webpack://cxmooc-too…l/dailyPoints.ts?:7
fulfilled @ webpack://cxmooc-too…l/dailyPoints.ts?:5
Promise.then
step @ webpack://cxmooc-too…l/dailyPoints.ts?:7
fulfilled @ webpack://cxmooc-too…l/dailyPoints.ts?:5
Promise.then
step @ webpack://cxmooc-too…l/dailyPoints.ts?:7
fulfilled @ webpack://cxmooc-too…l/dailyPoints.ts?:5
Promise.then
step @ webpack://cxmooc-too…l/dailyPoints.ts?:7
fulfilled @ webpack://cxmooc-too…l/dailyPoints.ts?:5
Promise.then
step @ webpack://cxmooc-too…l/dailyPoints.ts?:7
fulfilled @ webpack://cxmooc-too…l/dailyPoints.ts?:5
Promise.then
step @ webpack://cxmooc-too…l/dailyPoints.ts?:7
fulfilled @ webpack://cxmooc-too…l/dailyPoints.ts?:5
Promise.then
step @ webpack://cxmooc-too…l/dailyPoints.ts?:7
fulfilled @ webpack://cxmooc-too…l/dailyPoints.ts?:5
Promise.then
step @ webpack://cxmooc-too…l/dailyPoints.ts?:7
fulfilled @ webpack://cxmooc-too…l/dailyPoints.ts?:5
Promise.then
step @ webpack://cxmooc-too…l/dailyPoints.ts?:7
fulfilled @ webpack://cxmooc-too…l/dailyPoints.ts?:5
Promise.then
step @ webpack://cxmooc-too…l/dailyPoints.ts?:7
fulfilled @ webpack://cxmooc-too…l/dailyPoints.ts?:5
Promise.then
step @ webpack://cxmooc-too…l/dailyPoints.ts?:7
fulfilled @ webpack://cxmooc-too…l/dailyPoints.ts?:5
Promise.then
step @ webpack://cxmooc-too…l/dailyPoints.ts?:7
fulfilled @ webpack://cxmooc-too…l/dailyPoints.ts?:5
Promise.then
step @ webpack://cxmooc-too…l/dailyPoints.ts?:7
fulfilled @ webpack://cxmooc-too…l/dailyPoints.ts?:5
Promise.then
step @ webpack://cxmooc-too…l/dailyPoints.ts?:7
fulfilled @ webpack://cxmooc-too…l/dailyPoints.ts?:5
Promise.then
step @ webpack://cxmooc-too…l/dailyPoints.ts?:7
fulfilled @ webpack://cxmooc-too…l/dailyPoints.ts?:5
18:39:52.590  [warn 18:39:52 ] [任务切换] 正在切换中，跳过重复调用
Warn @ webpack://cxmooc-too…l/utils/log.ts?:197
eval @ webpack://cxmooc-too…dailyPoints.ts?:521
eval @ webpack://cxmooc-too…l/dailyPoints.ts?:8
__awaiter @ webpack://cxmooc-too…l/dailyPoints.ts?:4
switchToNextTask @ webpack://cxmooc-too…dailyPoints.ts?:519
updatePointsStateFromApi @ webpack://cxmooc-too…dailyPoints.ts?:508
eval @ webpack://cxmooc-too…ailyPoints.ts?:1041
fulfilled @ webpack://cxmooc-too…l/dailyPoints.ts?:5
Promise.then
step @ webpack://cxmooc-too…l/dailyPoints.ts?:7
fulfilled @ webpack://cxmooc-too…l/dailyPoints.ts?:5
Promise.then
step @ webpack://cxmooc-too…l/dailyPoints.ts?:7
fulfilled @ webpack://cxmooc-too…l/dailyPoints.ts?:5
Promise.then
step @ webpack://cxmooc-too…l/dailyPoints.ts?:7
fulfilled @ webpack://cxmooc-too…l/dailyPoints.ts?:5
Promise.then
step @ webpack://cxmooc-too…l/dailyPoints.ts?:7
fulfilled @ webpack://cxmooc-too…l/dailyPoints.ts?:5
Promise.then
step @ webpack://cxmooc-too…l/dailyPoints.ts?:7
fulfilled @ webpack://cxmooc-too…l/dailyPoints.ts?:5
Promise.then
step @ webpack://cxmooc-too…l/dailyPoints.ts?:7
fulfilled @ webpack://cxmooc-too…l/dailyPoints.ts?:5
Promise.then
step @ webpack://cxmooc-too…l/dailyPoints.ts?:7
fulfilled @ webpack://cxmooc-too…l/dailyPoints.ts?:5
Promise.then
step @ webpack://cxmooc-too…l/dailyPoints.ts?:7
fulfilled @ webpack://cxmooc-too…l/dailyPoints.ts?:5
Promise.then
step @ webpack://cxmooc-too…l/dailyPoints.ts?:7
fulfilled @ webpack://cxmooc-too…l/dailyPoints.ts?:5
Promise.then
step @ webpack://cxmooc-too…l/dailyPoints.ts?:7
fulfilled @ webpack://cxmooc-too…l/dailyPoints.ts?:5
Promise.then
step @ webpack://cxmooc-too…l/dailyPoints.ts?:7
fulfilled @ webpack://cxmooc-too…l/dailyPoints.ts?:5
Promise.then
step @ webpack://cxmooc-too…l/dailyPoints.ts?:7
fulfilled @ webpack://cxmooc-too…l/dailyPoints.ts?:5
Promise.then
step @ webpack://cxmooc-too…l/dailyPoints.ts?:7
fulfilled @ webpack://cxmooc-too…l/dailyPoints.ts?:5
Promise.then
step @ webpack://cxmooc-too…l/dailyPoints.ts?:7
fulfilled @ webpack://cxmooc-too…l/dailyPoints.ts?:5
Promise.then
step @ webpack://cxmooc-too…l/dailyPoints.ts?:7
fulfilled @ webpack://cxmooc-too…l/dailyPoints.ts?:5
Promise.then
step @ webpack://cxmooc-too…l/dailyPoints.ts?:7
fulfilled @ webpack://cxmooc-too…l/dailyPoints.ts?:5
Promise.then
step @ webpack://cxmooc-too…l/dailyPoints.ts?:7
fulfilled @ webpack://cxmooc-too…l/dailyPoints.ts?:5
Promise.then
step @ webpack://cxmooc-too…l/dailyPoints.ts?:7
fulfilled @ webpack://cxmooc-too…l/dailyPoints.ts?:5
Promise.then
step @ webpack://cxmooc-too…l/dailyPoints.ts?:7
fulfilled @ webpack://cxmooc-too…l/dailyPoints.ts?:5
Promise.then
step @ webpack://cxmooc-too…l/dailyPoints.ts?:7
fulfilled @ webpack://cxmooc-too…l/dailyPoints.ts?:5
Promise.then
step @ webpack://cxmooc-too…l/dailyPoints.ts?:7
fulfilled @ webpack://cxmooc-too…l/dailyPoints.ts?:5
Promise.then
step @ webpack://cxmooc-too…l/dailyPoints.ts?:7
fulfilled @ webpack://cxmooc-too…l/dailyPoints.ts?:5
Promise.then
step @ webpack://cxmooc-too…l/dailyPoints.ts?:7
fulfilled @ webpack://cxmooc-too…l/dailyPoints.ts?:5
Promise.then
step @ webpack://cxmooc-too…l/dailyPoints.ts?:7
fulfilled @ webpack://cxmooc-too…l/dailyPoints.ts?:5
Promise.then
step @ webpack://cxmooc-too…l/dailyPoints.ts?:7
fulfilled @ webpack://cxmooc-too…l/dailyPoints.ts?:5
Promise.then
step @ webpack://cxmooc-too…l/dailyPoints.ts?:7
fulfilled @ webpack://cxmooc-too…l/dailyPoints.ts?:5
Promise.then
step @ webpack://cxmooc-too…l/dailyPoints.ts?:7
fulfilled @ webpack://cxmooc-too…l/dailyPoints.ts?:5
Promise.then
step @ webpack://cxmooc-too…l/dailyPoints.ts?:7
fulfilled @ webpack://cxmooc-too…l/dailyPoints.ts?:5
Promise.then
step @ webpack://cxmooc-too…l/dailyPoints.ts?:7
fulfilled @ webpack://cxmooc-too…l/dailyPoints.ts?:5
Promise.then
step @ webpack://cxmooc-too…l/dailyPoints.ts?:7
fulfilled @ webpack://cxmooc-too…l/dailyPoints.ts?:5
Promise.then
step @ webpack://cxmooc-too…l/dailyPoints.ts?:7
fulfilled @ webpack://cxmooc-too…l/dailyPoints.ts?:5
Promise.then
step @ webpack://cxmooc-too…l/dailyPoints.ts?:7
fulfilled @ webpack://cxmooc-too…l/dailyPoints.ts?:5
18:39:52.591  [debug 18:39:52 ] 获取知识分享: pageId=6d424ae30d064ae38560868164bbdec4
18:39:52.591  [debug 18:39:52 ] 发送API请求: GET https://zsgl.lzlj.com/learn/app/clientapi/knowledge/cloud/page/like/isShareOut.do?pageId=6d424ae30d064ae38560868164bbdec4&shareOutType=&sid=F76FB3D332BB4D4D8F5F3EE25814DBF6&os=99
18:39:52.595  [每日积分] panel: 收到页面消息1 {type: 'POINTS_UPDATED', data: {…}}
18:39:52.595  [每日积分] panel: 处理POINTS_UPDATED {learning: {…}, contribution: {…}, interaction: {…}}
18:39:52.629  [debug 18:39:52 ] API响应成功: {body: {…}, code: '0', file: null, message: '成功', user: null}
18:39:52.629  [debug 18:39:52 ] 知识分享成功，第78次调用，累积积分: 0.6/70
18:39:52.630  [debug 18:39:52 ] 获取知识分享: pageId=6d424ae30d064ae38560868164bbdec4
18:39:52.630  [debug 18:39:52 ] 发送API请求: GET https://zsgl.lzlj.com/learn/app/clientapi/knowledge/cloud/page/like/isShareOut.do?pageId=6d424ae30d064ae38560868164bbdec4&shareOutType=&sid=F76FB3D332BB4D4D8F5F3EE25814DBF6&os=99
18:39:52.745  [debug 18:39:52 ] API响应成功: {body: {…}, code: '0', file: null, message: '成功', user: null}
18:39:52.746  [debug 18:39:52 ] 知识分享成功，第79次调用，累积积分: 1.2/70
18:39:52.747  [debug 18:39:52 ] 获取知识分享: pageId=6d424ae30d064ae38560868164bbdec4
18:39:52.748  [debug 18:39:52 ] 发送API请求: GET https://zsgl.lzlj.com/learn/app/clientapi/knowledge/cloud/page/like/isShareOut.do?pageId=6d424ae30d064ae38560868164bbdec4&shareOutType=&sid=F76FB3D332BB4D4D8F5F3EE25814DBF6&os=99
18:39:52.756  [debug 18:39:52 ] API响应成功: {body: {…}, code: '0', file: null, message: '成功', user: null}
18:39:52.757  [debug 18:39:52 ] 知识分享成功，第80次调用，累积积分: 1.7999999999999998/70
18:39:52.758  [debug 18:39:52 ] 获取积分详情: 2026-03-16 ~ 2026-03-31
18:39:52.759  [debug 18:39:52 ] 发送API请求: POST https://zsgl.lzlj.com/learn/app/clientapi/personal/statistics/queryUserPointPercent.do?os=99&sid=F76FB3D332BB4D4D8F5F3EE25814DBF6
18:39:52.911  [debug 18:39:52 ] API响应成功: {body: {…}, code: '0', file: null, message: '成功', user: null}
18:39:52.912  [debug 18:39:52 ] 知识分享成功，第81次调用，累积积分: 2.4/70
18:39:52.912  [debug 18:39:52 ] 获取知识分享: pageId=6d424ae30d064ae38560868164bbdec4
18:39:52.912  [debug 18:39:52 ] 发送API请求: GET https://zsgl.lzlj.com/learn/app/clientapi/knowledge/cloud/page/like/isShareOut.do?pageId=6d424ae30d064ae38560868164bbdec4&shareOutType=&sid=F76FB3D332BB4D4D8F5F3EE25814DBF6&os=99
18:39:53.007  [debug 18:39:53 ] API响应成功: {body: Array(4), code: '0', file: null, message: '成功', user: null}
18:39:53.008  [debug 18:39:53 ] 积分项: 知识被阅读 (knowledge_read_point) = 20
18:39:53.008  [debug 18:39:53 ] 更新贡献积分: 20
18:39:53.008  [debug 18:39:53 ] 积分项: 知识被分享 (knowledge_shared) = 20
18:39:53.008  [debug 18:39:53 ] 更新互动积分: 20
18:39:53.008  [debug 18:39:53 ] 积分项: 学习课程 (24E2D4D119E74B76AC349FA12A0B646C) = 8
18:39:53.008  [debug 18:39:53 ] 更新学习积分（学习课程）: +8，当前: 8
18:39:53.008  [debug 18:39:53 ] 积分项: 知识分享 (knowledge_sharing) = 10
18:39:53.009  [debug 18:39:53 ] 更新互动积分: 30
18:39:53.009  [warn 18:39:53 ] 积分无变化，连续无变化次数: 16/2
Warn @ webpack://cxmooc-too…l/utils/log.ts?:197
updatePointsStateFromApi @ webpack://cxmooc-too…dailyPoints.ts?:505
eval @ webpack://cxmooc-too…ailyPoints.ts?:1041
fulfilled @ webpack://cxmooc-too…l/dailyPoints.ts?:5
Promise.then
step @ webpack://cxmooc-too…l/dailyPoints.ts?:7
fulfilled @ webpack://cxmooc-too…l/dailyPoints.ts?:5
Promise.then
step @ webpack://cxmooc-too…l/dailyPoints.ts?:7
fulfilled @ webpack://cxmooc-too…l/dailyPoints.ts?:5
Promise.then
step @ webpack://cxmooc-too…l/dailyPoints.ts?:7
fulfilled @ webpack://cxmooc-too…l/dailyPoints.ts?:5
Promise.then
step @ webpack://cxmooc-too…l/dailyPoints.ts?:7
fulfilled @ webpack://cxmooc-too…l/dailyPoints.ts?:5
Promise.then
step @ webpack://cxmooc-too…l/dailyPoints.ts?:7
fulfilled @ webpack://cxmooc-too…l/dailyPoints.ts?:5
Promise.then
step @ webpack://cxmooc-too…l/dailyPoints.ts?:7
fulfilled @ webpack://cxmooc-too…l/dailyPoints.ts?:5
Promise.then
step @ webpack://cxmooc-too…l/dailyPoints.ts?:7
fulfilled @ webpack://cxmooc-too…l/dailyPoints.ts?:5
Promise.then
step @ webpack://cxmooc-too…l/dailyPoints.ts?:7
fulfilled @ webpack://cxmooc-too…l/dailyPoints.ts?:5
Promise.then
step @ webpack://cxmooc-too…l/dailyPoints.ts?:7
fulfilled @ webpack://cxmooc-too…l/dailyPoints.ts?:5
Promise.then
step @ webpack://cxmooc-too…l/dailyPoints.ts?:7
fulfilled @ webpack://cxmooc-too…l/dailyPoints.ts?:5
Promise.then
step @ webpack://cxmooc-too…l/dailyPoints.ts?:7
fulfilled @ webpack://cxmooc-too…l/dailyPoints.ts?:5
Promise.then
step @ webpack://cxmooc-too…l/dailyPoints.ts?:7
fulfilled @ webpack://cxmooc-too…l/dailyPoints.ts?:5
Promise.then
step @ webpack://cxmooc-too…l/dailyPoints.ts?:7
fulfilled @ webpack://cxmooc-too…l/dailyPoints.ts?:5
Promise.then
step @ webpack://cxmooc-too…l/dailyPoints.ts?:7
fulfilled @ webpack://cxmooc-too…l/dailyPoints.ts?:5
Promise.then
step @ webpack://cxmooc-too…l/dailyPoints.ts?:7
fulfilled @ webpack://cxmooc-too…l/dailyPoints.ts?:5
Promise.then
step @ webpack://cxmooc-too…l/dailyPoints.ts?:7
fulfilled @ webpack://cxmooc-too…l/dailyPoints.ts?:5
Promise.then
step @ webpack://cxmooc-too…l/dailyPoints.ts?:7
fulfilled @ webpack://cxmooc-too…l/dailyPoints.ts?:5
Promise.then
step @ webpack://cxmooc-too…l/dailyPoints.ts?:7
fulfilled @ webpack://cxmooc-too…l/dailyPoints.ts?:5
Promise.then
step @ webpack://cxmooc-too…l/dailyPoints.ts?:7
fulfilled @ webpack://cxmooc-too…l/dailyPoints.ts?:5
Promise.then
step @ webpack://cxmooc-too…l/dailyPoints.ts?:7
fulfilled @ webpack://cxmooc-too…l/dailyPoints.ts?:5
Promise.then
step @ webpack://cxmooc-too…l/dailyPoints.ts?:7
fulfilled @ webpack://cxmooc-too…l/dailyPoints.ts?:5
Promise.then
step @ webpack://cxmooc-too…l/dailyPoints.ts?:7
fulfilled @ webpack://cxmooc-too…l/dailyPoints.ts?:5
Promise.then
step @ webpack://cxmooc-too…l/dailyPoints.ts?:7
fulfilled @ webpack://cxmooc-too…l/dailyPoints.ts?:5
Promise.then
step @ webpack://cxmooc-too…l/dailyPoints.ts?:7
fulfilled @ webpack://cxmooc-too…l/dailyPoints.ts?:5
Promise.then
step @ webpack://cxmooc-too…l/dailyPoints.ts?:7
fulfilled @ webpack://cxmooc-too…l/dailyPoints.ts?:5
Promise.then
step @ webpack://cxmooc-too…l/dailyPoints.ts?:7
fulfilled @ webpack://cxmooc-too…l/dailyPoints.ts?:5
Promise.then
step @ webpack://cxmooc-too…l/dailyPoints.ts?:7
fulfilled @ webpack://cxmooc-too…l/dailyPoints.ts?:5
Promise.then
step @ webpack://cxmooc-too…l/dailyPoints.ts?:7
fulfilled @ webpack://cxmooc-too…l/dailyPoints.ts?:5
Promise.then
step @ webpack://cxmooc-too…l/dailyPoints.ts?:7
fulfilled @ webpack://cxmooc-too…l/dailyPoints.ts?:5
Promise.then
step @ webpack://cxmooc-too…l/dailyPoints.ts?:7
fulfilled @ webpack://cxmooc-too…l/dailyPoints.ts?:5
Promise.then
step @ webpack://cxmooc-too…l/dailyPoints.ts?:7
fulfilled @ webpack://cxmooc-too…l/dailyPoints.ts?:5
Promise.then
step @ webpack://cxmooc-too…l/dailyPoints.ts?:7
fulfilled @ webpack://cxmooc-too…l/dailyPoints.ts?:5
18:39:53.009  [warn 18:39:53 ] [任务切换] 正在切换中，跳过重复调用
Warn @ webpack://cxmooc-too…l/utils/log.ts?:197
eval @ webpack://cxmooc-too…dailyPoints.ts?:521
eval @ webpack://cxmooc-too…l/dailyPoints.ts?:8
__awaiter @ webpack://cxmooc-too…l/dailyPoints.ts?:4
switchToNextTask @ webpack://cxmooc-too…dailyPoints.ts?:519
updatePointsStateFromApi @ webpack://cxmooc-too…dailyPoints.ts?:508
eval @ webpack://cxmooc-too…ailyPoints.ts?:1041
fulfilled @ webpack://cxmooc-too…l/dailyPoints.ts?:5
Promise.then
step @ webpack://cxmooc-too…l/dailyPoints.ts?:7
fulfilled @ webpack://cxmooc-too…l/dailyPoints.ts?:5
Promise.then
step @ webpack://cxmooc-too…l/dailyPoints.ts?:7
fulfilled @ webpack://cxmooc-too…l/dailyPoints.ts?:5
Promise.then
step @ webpack://cxmooc-too…l/dailyPoints.ts?:7
fulfilled @ webpack://cxmooc-too…l/dailyPoints.ts?:5
Promise.then
step @ webpack://cxmooc-too…l/dailyPoints.ts?:7
fulfilled @ webpack://cxmooc-too…l/dailyPoints.ts?:5
Promise.then
step @ webpack://cxmooc-too…l/dailyPoints.ts?:7
fulfilled @ webpack://cxmooc-too…l/dailyPoints.ts?:5
Promise.then
step @ webpack://cxmooc-too…l/dailyPoints.ts?:7
fulfilled @ webpack://cxmooc-too…l/dailyPoints.ts?:5
Promise.then
step @ webpack://cxmooc-too…l/dailyPoints.ts?:7
fulfilled @ webpack://cxmooc-too…l/dailyPoints.ts?:5
Promise.then
step @ webpack://cxmooc-too…l/dailyPoints.ts?:7
fulfilled @ webpack://cxmooc-too…l/dailyPoints.ts?:5
Promise.then
step @ webpack://cxmooc-too…l/dailyPoints.ts?:7
fulfilled @ webpack://cxmooc-too…l/dailyPoints.ts?:5
Promise.then
step @ webpack://cxmooc-too…l/dailyPoints.ts?:7
fulfilled @ webpack://cxmooc-too…l/dailyPoints.ts?:5
Promise.then
step @ webpack://cxmooc-too…l/dailyPoints.ts?:7
fulfilled @ webpack://cxmooc-too…l/dailyPoints.ts?:5
Promise.then
step @ webpack://cxmooc-too…l/dailyPoints.ts?:7
fulfilled @ webpack://cxmooc-too…l/dailyPoints.ts?:5
Promise.then
step @ webpack://cxmooc-too…l/dailyPoints.ts?:7
fulfilled @ webpack://cxmooc-too…l/dailyPoints.ts?:5
Promise.then
step @ webpack://cxmooc-too…l/dailyPoints.ts?:7
fulfilled @ webpack://cxmooc-too…l/dailyPoints.ts?:5
Promise.then
step @ webpack://cxmooc-too…l/dailyPoints.ts?:7
fulfilled @ webpack://cxmooc-too…l/dailyPoints.ts?:5
Promise.then
step @ webpack://cxmooc-too…l/dailyPoints.ts?:7
fulfilled @ webpack://cxmooc-too…l/dailyPoints.ts?:5
Promise.then
step @ webpack://cxmooc-too…l/dailyPoints.ts?:7
fulfilled @ webpack://cxmooc-too…l/dailyPoints.ts?:5
Promise.then
step @ webpack://cxmooc-too…l/dailyPoints.ts?:7
fulfilled @ webpack://cxmooc-too…l/dailyPoints.ts?:5
Promise.then
step @ webpack://cxmooc-too…l/dailyPoints.ts?:7
fulfilled @ webpack://cxmooc-too…l/dailyPoints.ts?:5
Promise.then
step @ webpack://cxmooc-too…l/dailyPoints.ts?:7
fulfilled @ webpack://cxmooc-too…l/dailyPoints.ts?:5
Promise.then
step @ webpack://cxmooc-too…l/dailyPoints.ts?:7
fulfilled @ webpack://cxmooc-too…l/dailyPoints.ts?:5
Promise.then
step @ webpack://cxmooc-too…l/dailyPoints.ts?:7
fulfilled @ webpack://cxmooc-too…l/dailyPoints.ts?:5
Promise.then
step @ webpack://cxmooc-too…l/dailyPoints.ts?:7
fulfilled @ webpack://cxmooc-too…l/dailyPoints.ts?:5
Promise.then
step @ webpack://cxmooc-too…l/dailyPoints.ts?:7
fulfilled @ webpack://cxmooc-too…l/dailyPoints.ts?:5
Promise.then
step @ webpack://cxmooc-too…l/dailyPoints.ts?:7
fulfilled @ webpack://cxmooc-too…l/dailyPoints.ts?:5
Promise.then
step @ webpack://cxmooc-too…l/dailyPoints.ts?:7
fulfilled @ webpack://cxmooc-too…l/dailyPoints.ts?:5
Promise.then
step @ webpack://cxmooc-too…l/dailyPoints.ts?:7
fulfilled @ webpack://cxmooc-too…l/dailyPoints.ts?:5
Promise.then
step @ webpack://cxmooc-too…l/dailyPoints.ts?:7
fulfilled @ webpack://cxmooc-too…l/dailyPoints.ts?:5
Promise.then
step @ webpack://cxmooc-too…l/dailyPoints.ts?:7
fulfilled @ webpack://cxmooc-too…l/dailyPoints.ts?:5
Promise.then
step @ webpack://cxmooc-too…l/dailyPoints.ts?:7
fulfilled @ webpack://cxmooc-too…l/dailyPoints.ts?:5
Promise.then
step @ webpack://cxmooc-too…l/dailyPoints.ts?:7
fulfilled @ webpack://cxmooc-too…l/dailyPoints.ts?:5
Promise.then
step @ webpack://cxmooc-too…l/dailyPoints.ts?:7
fulfilled @ webpack://cxmooc-too…l/dailyPoints.ts?:5
18:39:53.009  [debug 18:39:53 ] 获取知识分享: pageId=6d424ae30d064ae38560868164bbdec4
18:39:53.010  [debug 18:39:53 ] 发送API请求: GET https://zsgl.lzlj.com/learn/app/clientapi/knowledge/cloud/page/like/isShareOut.do?pageId=6d424ae30d064ae38560868164bbdec4&shareOutType=&sid=F76FB3D332BB4D4D8F5F3EE25814DBF6&os=99
18:39:53.014  [每日积分] panel: 收到页面消息1 {type: 'POINTS_UPDATED', data: {…}}
18:39:53.014  [每日积分] panel: 处理POINTS_UPDATED {learning: {…}, contribution: {…}, interaction: {…}}
18:39:53.045  [debug 18:39:53 ] API响应成功: {body: {…}, code: '0', file: null, message: '成功', user: null}
18:39:53.045  [debug 18:39:53 ] 知识分享成功，第82次调用，累积积分: 0.6/70
18:39:53.046  [debug 18:39:53 ] 获取知识分享: pageId=6d424ae30d064ae38560868164bbdec4
18:39:53.046  [debug 18:39:53 ] 发送API请求: GET https://zsgl.lzlj.com/learn/app/clientapi/knowledge/cloud/page/like/isShareOut.do?pageId=6d424ae30d064ae38560868164bbdec4&shareOutType=&sid=F76FB3D332BB4D4D8F5F3EE25814DBF6&os=99
18:39:53.157  [debug 18:39:53 ] API响应成功: {body: {…}, code: '0', file: null, message: '成功', user: null}
18:39:53.158  [debug 18:39:53 ] 知识分享成功，第83次调用，累积积分: 1.2/70
18:39:53.159  [debug 18:39:53 ] 获取知识分享: pageId=6d424ae30d064ae38560868164bbdec4
18:39:53.159  [debug 18:39:53 ] 发送API请求: GET https://zsgl.lzlj.com/learn/app/clientapi/knowledge/cloud/page/like/isShareOut.do?pageId=6d424ae30d064ae38560868164bbdec4&shareOutType=&sid=F76FB3D332BB4D4D8F5F3EE25814DBF6&os=99
18:39:53.204  [debug 18:39:53 ] API响应成功: {body: {…}, code: '0', file: null, message: '成功', user: null}
18:39:53.204  [debug 18:39:53 ] 知识分享成功，第84次调用，累积积分: 1.7999999999999998/70
18:39:53.204  [debug 18:39:53 ] 获取知识分享: pageId=6d424ae30d064ae38560868164bbdec4
18:39:53.205  [debug 18:39:53 ] 发送API请求: GET https://zsgl.lzlj.com/learn/app/clientapi/knowledge/cloud/page/like/isShareOut.do?pageId=6d424ae30d064ae38560868164bbdec4&shareOutType=&sid=F76FB3D332BB4D4D8F5F3EE25814DBF6&os=99
18:39:53.344  [debug 18:39:53 ] API响应成功: {body: {…}, code: '0', file: null, message: '成功', user: null}
18:39:53.344  [debug 18:39:53 ] 知识分享成功，第85次调用，累积积分: 2.4/70
18:39:53.344  [debug 18:39:53 ] 获取积分详情: 2026-03-16 ~ 2026-03-31
18:39:53.344  [debug 18:39:53 ] 发送API请求: POST https://zsgl.lzlj.com/learn/app/clientapi/personal/statistics/queryUserPointPercent.do?os=99&sid=F76FB3D332BB4D4D8F5F3EE25814DBF6
18:39:53.379  [debug 18:39:53 ] API响应成功: {body: {…}, code: '0', file: null, message: '成功', user: null}
18:39:53.380  [debug 18:39:53 ] 知识分享成功，第86次调用，累积积分: 3/70
18:39:53.380  [debug 18:39:53 ] 获取知识分享: pageId=6d424ae30d064ae38560868164bbdec4
18:39:53.380  [debug 18:39:53 ] 发送API请求: GET https://zsgl.lzlj.com/learn/app/clientapi/knowledge/cloud/page/like/isShareOut.do?pageId=6d424ae30d064ae38560868164bbdec4&shareOutType=&sid=F76FB3D332BB4D4D8F5F3EE25814DBF6&os=99
18:39:53.517  [debug 18:39:53 ] API响应成功: {body: Array(4), code: '0', file: null, message: '成功', user: null}
18:39:53.517  [debug 18:39:53 ] 积分项: 知识被阅读 (knowledge_read_point) = 20
18:39:53.517  [debug 18:39:53 ] 更新贡献积分: 20
18:39:53.518  [debug 18:39:53 ] 积分项: 知识被分享 (knowledge_shared) = 20
18:39:53.518  [debug 18:39:53 ] 更新互动积分: 20
18:39:53.518  [debug 18:39:53 ] 积分项: 学习课程 (24E2D4D119E74B76AC349FA12A0B646C) = 8
18:39:53.518  [debug 18:39:53 ] 更新学习积分（学习课程）: +8，当前: 8
18:39:53.518  [debug 18:39:53 ] 积分项: 知识分享 (knowledge_sharing) = 10
18:39:53.518  [debug 18:39:53 ] 更新互动积分: 30
18:39:53.519  [warn 18:39:53 ] 积分无变化，连续无变化次数: 17/2
Warn @ webpack://cxmooc-too…l/utils/log.ts?:197
updatePointsStateFromApi @ webpack://cxmooc-too…dailyPoints.ts?:505
eval @ webpack://cxmooc-too…ailyPoints.ts?:1041
fulfilled @ webpack://cxmooc-too…l/dailyPoints.ts?:5
Promise.then
step @ webpack://cxmooc-too…l/dailyPoints.ts?:7
fulfilled @ webpack://cxmooc-too…l/dailyPoints.ts?:5
Promise.then
step @ webpack://cxmooc-too…l/dailyPoints.ts?:7
fulfilled @ webpack://cxmooc-too…l/dailyPoints.ts?:5
Promise.then
step @ webpack://cxmooc-too…l/dailyPoints.ts?:7
fulfilled @ webpack://cxmooc-too…l/dailyPoints.ts?:5
Promise.then
step @ webpack://cxmooc-too…l/dailyPoints.ts?:7
fulfilled @ webpack://cxmooc-too…l/dailyPoints.ts?:5
Promise.then
step @ webpack://cxmooc-too…l/dailyPoints.ts?:7
fulfilled @ webpack://cxmooc-too…l/dailyPoints.ts?:5
Promise.then
step @ webpack://cxmooc-too…l/dailyPoints.ts?:7
fulfilled @ webpack://cxmooc-too…l/dailyPoints.ts?:5
Promise.then
step @ webpack://cxmooc-too…l/dailyPoints.ts?:7
fulfilled @ webpack://cxmooc-too…l/dailyPoints.ts?:5
Promise.then
step @ webpack://cxmooc-too…l/dailyPoints.ts?:7
fulfilled @ webpack://cxmooc-too…l/dailyPoints.ts?:5
Promise.then
step @ webpack://cxmooc-too…l/dailyPoints.ts?:7
fulfilled @ webpack://cxmooc-too…l/dailyPoints.ts?:5
Promise.then
step @ webpack://cxmooc-too…l/dailyPoints.ts?:7
fulfilled @ webpack://cxmooc-too…l/dailyPoints.ts?:5
Promise.then
step @ webpack://cxmooc-too…l/dailyPoints.ts?:7
fulfilled @ webpack://cxmooc-too…l/dailyPoints.ts?:5
Promise.then
step @ webpack://cxmooc-too…l/dailyPoints.ts?:7
fulfilled @ webpack://cxmooc-too…l/dailyPoints.ts?:5
Promise.then
step @ webpack://cxmooc-too…l/dailyPoints.ts?:7
fulfilled @ webpack://cxmooc-too…l/dailyPoints.ts?:5
Promise.then
step @ webpack://cxmooc-too…l/dailyPoints.ts?:7
fulfilled @ webpack://cxmooc-too…l/dailyPoints.ts?:5
Promise.then
step @ webpack://cxmooc-too…l/dailyPoints.ts?:7
fulfilled @ webpack://cxmooc-too…l/dailyPoints.ts?:5
Promise.then
step @ webpack://cxmooc-too…l/dailyPoints.ts?:7
fulfilled @ webpack://cxmooc-too…l/dailyPoints.ts?:5
Promise.then
step @ webpack://cxmooc-too…l/dailyPoints.ts?:7
fulfilled @ webpack://cxmooc-too…l/dailyPoints.ts?:5
Promise.then
step @ webpack://cxmooc-too…l/dailyPoints.ts?:7
fulfilled @ webpack://cxmooc-too…l/dailyPoints.ts?:5
Promise.then
step @ webpack://cxmooc-too…l/dailyPoints.ts?:7
fulfilled @ webpack://cxmooc-too…l/dailyPoints.ts?:5
Promise.then
step @ webpack://cxmooc-too…l/dailyPoints.ts?:7
fulfilled @ webpack://cxmooc-too…l/dailyPoints.ts?:5
Promise.then
step @ webpack://cxmooc-too…l/dailyPoints.ts?:7
fulfilled @ webpack://cxmooc-too…l/dailyPoints.ts?:5
Promise.then
step @ webpack://cxmooc-too…l/dailyPoints.ts?:7
fulfilled @ webpack://cxmooc-too…l/dailyPoints.ts?:5
Promise.then
step @ webpack://cxmooc-too…l/dailyPoints.ts?:7
fulfilled @ webpack://cxmooc-too…l/dailyPoints.ts?:5
Promise.then
step @ webpack://cxmooc-too…l/dailyPoints.ts?:7
fulfilled @ webpack://cxmooc-too…l/dailyPoints.ts?:5
Promise.then
step @ webpack://cxmooc-too…l/dailyPoints.ts?:7
fulfilled @ webpack://cxmooc-too…l/dailyPoints.ts?:5
Promise.then
step @ webpack://cxmooc-too…l/dailyPoints.ts?:7
fulfilled @ webpack://cxmooc-too…l/dailyPoints.ts?:5
Promise.then
step @ webpack://cxmooc-too…l/dailyPoints.ts?:7
fulfilled @ webpack://cxmooc-too…l/dailyPoints.ts?:5
Promise.then
step @ webpack://cxmooc-too…l/dailyPoints.ts?:7
fulfilled @ webpack://cxmooc-too…l/dailyPoints.ts?:5
Promise.then
step @ webpack://cxmooc-too…l/dailyPoints.ts?:7
fulfilled @ webpack://cxmooc-too…l/dailyPoints.ts?:5
Promise.then
step @ webpack://cxmooc-too…l/dailyPoints.ts?:7
fulfilled @ webpack://cxmooc-too…l/dailyPoints.ts?:5
Promise.then
step @ webpack://cxmooc-too…l/dailyPoints.ts?:7
fulfilled @ webpack://cxmooc-too…l/dailyPoints.ts?:5
Promise.then
step @ webpack://cxmooc-too…l/dailyPoints.ts?:7
fulfilled @ webpack://cxmooc-too…l/dailyPoints.ts?:5
18:39:53.519  [warn 18:39:53 ] [任务切换] 正在切换中，跳过重复调用
Warn @ webpack://cxmooc-too…l/utils/log.ts?:197
eval @ webpack://cxmooc-too…dailyPoints.ts?:521
eval @ webpack://cxmooc-too…l/dailyPoints.ts?:8
__awaiter @ webpack://cxmooc-too…l/dailyPoints.ts?:4
switchToNextTask @ webpack://cxmooc-too…dailyPoints.ts?:519
updatePointsStateFromApi @ webpack://cxmooc-too…dailyPoints.ts?:508
eval @ webpack://cxmooc-too…ailyPoints.ts?:1041
fulfilled @ webpack://cxmooc-too…l/dailyPoints.ts?:5
Promise.then
step @ webpack://cxmooc-too…l/dailyPoints.ts?:7
fulfilled @ webpack://cxmooc-too…l/dailyPoints.ts?:5
Promise.then
step @ webpack://cxmooc-too…l/dailyPoints.ts?:7
fulfilled @ webpack://cxmooc-too…l/dailyPoints.ts?:5
Promise.then
step @ webpack://cxmooc-too…l/dailyPoints.ts?:7
fulfilled @ webpack://cxmooc-too…l/dailyPoints.ts?:5
Promise.then
step @ webpack://cxmooc-too…l/dailyPoints.ts?:7
fulfilled @ webpack://cxmooc-too…l/dailyPoints.ts?:5
Promise.then
step @ webpack://cxmooc-too…l/dailyPoints.ts?:7
fulfilled @ webpack://cxmooc-too…l/dailyPoints.ts?:5
Promise.then
step @ webpack://cxmooc-too…l/dailyPoints.ts?:7
fulfilled @ webpack://cxmooc-too…l/dailyPoints.ts?:5
Promise.then
step @ webpack://cxmooc-too…l/dailyPoints.ts?:7
fulfilled @ webpack://cxmooc-too…l/dailyPoints.ts?:5
Promise.then
step @ webpack://cxmooc-too…l/dailyPoints.ts?:7
fulfilled @ webpack://cxmooc-too…l/dailyPoints.ts?:5
Promise.then
step @ webpack://cxmooc-too…l/dailyPoints.ts?:7
fulfilled @ webpack://cxmooc-too…l/dailyPoints.ts?:5
Promise.then
step @ webpack://cxmooc-too…l/dailyPoints.ts?:7
fulfilled @ webpack://cxmooc-too…l/dailyPoints.ts?:5
Promise.then
step @ webpack://cxmooc-too…l/dailyPoints.ts?:7
fulfilled @ webpack://cxmooc-too…l/dailyPoints.ts?:5
Promise.then
step @ webpack://cxmooc-too…l/dailyPoints.ts?:7
fulfilled @ webpack://cxmooc-too…l/dailyPoints.ts?:5
Promise.then
step @ webpack://cxmooc-too…l/dailyPoints.ts?:7
fulfilled @ webpack://cxmooc-too…l/dailyPoints.ts?:5
Promise.then
step @ webpack://cxmooc-too…l/dailyPoints.ts?:7
fulfilled @ webpack://cxmooc-too…l/dailyPoints.ts?:5
Promise.then
step @ webpack://cxmooc-too…l/dailyPoints.ts?:7
fulfilled @ webpack://cxmooc-too…l/dailyPoints.ts?:5
Promise.then
step @ webpack://cxmooc-too…l/dailyPoints.ts?:7
fulfilled @ webpack://cxmooc-too…l/dailyPoints.ts?:5
Promise.then
step @ webpack://cxmooc-too…l/dailyPoints.ts?:7
fulfilled @ webpack://cxmooc-too…l/dailyPoints.ts?:5
Promise.then
step @ webpack://cxmooc-too…l/dailyPoints.ts?:7
fulfilled @ webpack://cxmooc-too…l/dailyPoints.ts?:5
Promise.then
step @ webpack://cxmooc-too…l/dailyPoints.ts?:7
fulfilled @ webpack://cxmooc-too…l/dailyPoints.ts?:5
Promise.then
step @ webpack://cxmooc-too…l/dailyPoints.ts?:7
fulfilled @ webpack://cxmooc-too…l/dailyPoints.ts?:5
Promise.then
step @ webpack://cxmooc-too…l/dailyPoints.ts?:7
fulfilled @ webpack://cxmooc-too…l/dailyPoints.ts?:5
Promise.then
step @ webpack://cxmooc-too…l/dailyPoints.ts?:7
fulfilled @ webpack://cxmooc-too…l/dailyPoints.ts?:5
Promise.then
step @ webpack://cxmooc-too…l/dailyPoints.ts?:7
fulfilled @ webpack://cxmooc-too…l/dailyPoints.ts?:5
Promise.then
step @ webpack://cxmooc-too…l/dailyPoints.ts?:7
fulfilled @ webpack://cxmooc-too…l/dailyPoints.ts?:5
Promise.then
step @ webpack://cxmooc-too…l/dailyPoints.ts?:7
fulfilled @ webpack://cxmooc-too…l/dailyPoints.ts?:5
Promise.then
step @ webpack://cxmooc-too…l/dailyPoints.ts?:7
fulfilled @ webpack://cxmooc-too…l/dailyPoints.ts?:5
Promise.then
step @ webpack://cxmooc-too…l/dailyPoints.ts?:7
fulfilled @ webpack://cxmooc-too…l/dailyPoints.ts?:5
Promise.then
step @ webpack://cxmooc-too…l/dailyPoints.ts?:7
fulfilled @ webpack://cxmooc-too…l/dailyPoints.ts?:5
Promise.then
step @ webpack://cxmooc-too…l/dailyPoints.ts?:7
fulfilled @ webpack://cxmooc-too…l/dailyPoints.ts?:5
Promise.then
step @ webpack://cxmooc-too…l/dailyPoints.ts?:7
fulfilled @ webpack://cxmooc-too…l/dailyPoints.ts?:5
Promise.then
step @ webpack://cxmooc-too…l/dailyPoints.ts?:7
fulfilled @ webpack://cxmooc-too…l/dailyPoints.ts?:5
Promise.then
step @ webpack://cxmooc-too…l/dailyPoints.ts?:7
fulfilled @ webpack://cxmooc-too…l/dailyPoints.ts?:5
18:39:53.520  [debug 18:39:53 ] 获取知识分享: pageId=6d424ae30d064ae38560868164bbdec4
18:39:53.520  [debug 18:39:53 ] 发送API请求: GET https://zsgl.lzlj.com/learn/app/clientapi/knowledge/cloud/page/like/isShareOut.do?pageId=6d424ae30d064ae38560868164bbdec4&shareOutType=&sid=F76FB3D332BB4D4D8F5F3EE25814DBF6&os=99
18:39:53.526  [每日积分] panel: 收到页面消息1 {type: 'POINTS_UPDATED', data: {…}}
18:39:53.526  [每日积分] panel: 处理POINTS_UPDATED {learning: {…}, contribution: {…}, interaction: {…}}
18:39:53.527  [debug 18:39:53 ] API响应成功: {body: {…}, code: '0', file: null, message: '成功', user: null}
18:39:53.527  [debug 18:39:53 ] 知识分享成功，第87次调用，累积积分: 0.6/70
18:39:53.528  [debug 18:39:53 ] 获取知识分享: pageId=6d424ae30d064ae38560868164bbdec4
18:39:53.528  [debug 18:39:53 ] 发送API请求: GET https://zsgl.lzlj.com/learn/app/clientapi/knowledge/cloud/page/like/isShareOut.do?pageId=6d424ae30d064ae38560868164bbdec4&shareOutType=&sid=F76FB3D332BB4D4D8F5F3EE25814DBF6&os=99
18:39:53.732  [debug 18:39:53 ] API响应成功: {body: {…}, code: '0', file: null, message: '成功', user: null}
18:39:53.733  [debug 18:39:53 ] 知识分享成功，第88次调用，累积积分: 1.2/70
18:39:53.734  [debug 18:39:53 ] 获取知识分享: pageId=6d424ae30d064ae38560868164bbdec4
18:39:53.734  [debug 18:39:53 ] 发送API请求: GET https://zsgl.lzlj.com/learn/app/clientapi/knowledge/cloud/page/like/isShareOut.do?pageId=6d424ae30d064ae38560868164bbdec4&shareOutType=&sid=F76FB3D332BB4D4D8F5F3EE25814DBF6&os=99
18:39:53.773  [debug 18:39:53 ] API响应成功: {body: {…}, code: '0', file: null, message: '成功', user: null}
18:39:53.774  [debug 18:39:53 ] 知识分享成功，第89次调用，累积积分: 1.7999999999999998/70
18:39:53.774  [debug 18:39:53 ] 获取知识分享: pageId=6d424ae30d064ae38560868164bbdec4
18:39:53.774  [debug 18:39:53 ] 发送API请求: GET https://zsgl.lzlj.com/learn/app/clientapi/knowledge/cloud/page/like/isShareOut.do?pageId=6d424ae30d064ae38560868164bbdec4&shareOutType=&sid=F76FB3D332BB4D4D8F5F3EE25814DBF6&os=99
18:39:53.852  [debug 18:39:53 ] API响应成功: {body: {…}, code: '0', file: null, message: '成功', user: null}
18:39:53.853  [debug 18:39:53 ] 知识分享成功，第90次调用，累积积分: 2.4/70
18:39:53.853  [debug 18:39:53 ] 获取积分详情: 2026-03-16 ~ 2026-03-31
18:39:53.854  [debug 18:39:53 ] 发送API请求: POST https://zsgl.lzlj.com/learn/app/clientapi/personal/statistics/queryUserPointPercent.do?os=99&sid=F76FB3D332BB4D4D8F5F3EE25814DBF6
18:39:53.959  [debug 18:39:53 ] API响应成功: {body: {…}, code: '0', file: null, message: '成功', user: null}
18:39:53.960  [debug 18:39:53 ] 知识分享成功，第91次调用，累积积分: 3/70
18:39:53.960  [debug 18:39:53 ] 获取知识分享: pageId=6d424ae30d064ae38560868164bbdec4
18:39:53.961  [debug 18:39:53 ] 发送API请求: GET https://zsgl.lzlj.com/learn/app/clientapi/knowledge/cloud/page/like/isShareOut.do?pageId=6d424ae30d064ae38560868164bbdec4&shareOutType=&sid=F76FB3D332BB4D4D8F5F3EE25814DBF6&os=99
18:39:54.091  [debug 18:39:54 ] API响应成功: {body: {…}, code: '0', file: null, message: '成功', user: null}
18:39:54.091  [debug 18:39:54 ] 知识分享成功，第92次调用，累积积分: 3.6/70
18:39:54.091  [debug 18:39:54 ] 获取知识分享: pageId=6d424ae30d064ae38560868164bbdec4
18:39:54.091  [debug 18:39:54 ] 发送API请求: GET https://zsgl.lzlj.com/learn/app/clientapi/knowledge/cloud/page/like/isShareOut.do?pageId=6d424ae30d064ae38560868164bbdec4&shareOutType=&sid=F76FB3D332BB4D4D8F5F3EE25814DBF6&os=99
18:39:54.101  [debug 18:39:54 ] API响应成功: {body: Array(4), code: '0', file: null, message: '成功', user: null}
18:39:54.101  [debug 18:39:54 ] 积分项: 知识被阅读 (knowledge_read_point) = 20
18:39:54.101  [debug 18:39:54 ] 更新贡献积分: 20
18:39:54.101  [debug 18:39:54 ] 积分项: 知识被分享 (knowledge_shared) = 20
18:39:54.102  [debug 18:39:54 ] 更新互动积分: 20
18:39:54.102  [debug 18:39:54 ] 积分项: 学习课程 (24E2D4D119E74B76AC349FA12A0B646C) = 8
18:39:54.102  [debug 18:39:54 ] 更新学习积分（学习课程）: +8，当前: 8
18:39:54.102  [debug 18:39:54 ] 积分项: 知识分享 (knowledge_sharing) = 10
18:39:54.102  [debug 18:39:54 ] 更新互动积分: 30
18:39:54.102  [warn 18:39:54 ] 积分无变化，连续无变化次数: 18/2
Warn @ webpack://cxmooc-too…l/utils/log.ts?:197
updatePointsStateFromApi @ webpack://cxmooc-too…dailyPoints.ts?:505
eval @ webpack://cxmooc-too…ailyPoints.ts?:1041
fulfilled @ webpack://cxmooc-too…l/dailyPoints.ts?:5
Promise.then
step @ webpack://cxmooc-too…l/dailyPoints.ts?:7
fulfilled @ webpack://cxmooc-too…l/dailyPoints.ts?:5
Promise.then
step @ webpack://cxmooc-too…l/dailyPoints.ts?:7
fulfilled @ webpack://cxmooc-too…l/dailyPoints.ts?:5
Promise.then
step @ webpack://cxmooc-too…l/dailyPoints.ts?:7
fulfilled @ webpack://cxmooc-too…l/dailyPoints.ts?:5
Promise.then
step @ webpack://cxmooc-too…l/dailyPoints.ts?:7
fulfilled @ webpack://cxmooc-too…l/dailyPoints.ts?:5
Promise.then
step @ webpack://cxmooc-too…l/dailyPoints.ts?:7
fulfilled @ webpack://cxmooc-too…l/dailyPoints.ts?:5
Promise.then
step @ webpack://cxmooc-too…l/dailyPoints.ts?:7
fulfilled @ webpack://cxmooc-too…l/dailyPoints.ts?:5
Promise.then
step @ webpack://cxmooc-too…l/dailyPoints.ts?:7
fulfilled @ webpack://cxmooc-too…l/dailyPoints.ts?:5
Promise.then
step @ webpack://cxmooc-too…l/dailyPoints.ts?:7
fulfilled @ webpack://cxmooc-too…l/dailyPoints.ts?:5
Promise.then
step @ webpack://cxmooc-too…l/dailyPoints.ts?:7
fulfilled @ webpack://cxmooc-too…l/dailyPoints.ts?:5
Promise.then
step @ webpack://cxmooc-too…l/dailyPoints.ts?:7
fulfilled @ webpack://cxmooc-too…l/dailyPoints.ts?:5
Promise.then
step @ webpack://cxmooc-too…l/dailyPoints.ts?:7
fulfilled @ webpack://cxmooc-too…l/dailyPoints.ts?:5
Promise.then
step @ webpack://cxmooc-too…l/dailyPoints.ts?:7
fulfilled @ webpack://cxmooc-too…l/dailyPoints.ts?:5
Promise.then
step @ webpack://cxmooc-too…l/dailyPoints.ts?:7
fulfilled @ webpack://cxmooc-too…l/dailyPoints.ts?:5
Promise.then
step @ webpack://cxmooc-too…l/dailyPoints.ts?:7
fulfilled @ webpack://cxmooc-too…l/dailyPoints.ts?:5
Promise.then
step @ webpack://cxmooc-too…l/dailyPoints.ts?:7
fulfilled @ webpack://cxmooc-too…l/dailyPoints.ts?:5
Promise.then
step @ webpack://cxmooc-too…l/dailyPoints.ts?:7
fulfilled @ webpack://cxmooc-too…l/dailyPoints.ts?:5
Promise.then
step @ webpack://cxmooc-too…l/dailyPoints.ts?:7
fulfilled @ webpack://cxmooc-too…l/dailyPoints.ts?:5
Promise.then
step @ webpack://cxmooc-too…l/dailyPoints.ts?:7
fulfilled @ webpack://cxmooc-too…l/dailyPoints.ts?:5
Promise.then
step @ webpack://cxmooc-too…l/dailyPoints.ts?:7
fulfilled @ webpack://cxmooc-too…l/dailyPoints.ts?:5
Promise.then
step @ webpack://cxmooc-too…l/dailyPoints.ts?:7
fulfilled @ webpack://cxmooc-too…l/dailyPoints.ts?:5
Promise.then
step @ webpack://cxmooc-too…l/dailyPoints.ts?:7
fulfilled @ webpack://cxmooc-too…l/dailyPoints.ts?:5
Promise.then
step @ webpack://cxmooc-too…l/dailyPoints.ts?:7
fulfilled @ webpack://cxmooc-too…l/dailyPoints.ts?:5
Promise.then
step @ webpack://cxmooc-too…l/dailyPoints.ts?:7
fulfilled @ webpack://cxmooc-too…l/dailyPoints.ts?:5
Promise.then
step @ webpack://cxmooc-too…l/dailyPoints.ts?:7
fulfilled @ webpack://cxmooc-too…l/dailyPoints.ts?:5
Promise.then
step @ webpack://cxmooc-too…l/dailyPoints.ts?:7
fulfilled @ webpack://cxmooc-too…l/dailyPoints.ts?:5
Promise.then
step @ webpack://cxmooc-too…l/dailyPoints.ts?:7
fulfilled @ webpack://cxmooc-too…l/dailyPoints.ts?:5
Promise.then
step @ webpack://cxmooc-too…l/dailyPoints.ts?:7
fulfilled @ webpack://cxmooc-too…l/dailyPoints.ts?:5
Promise.then
step @ webpack://cxmooc-too…l/dailyPoints.ts?:7
fulfilled @ webpack://cxmooc-too…l/dailyPoints.ts?:5
Promise.then
step @ webpack://cxmooc-too…l/dailyPoints.ts?:7
fulfilled @ webpack://cxmooc-too…l/dailyPoints.ts?:5
Promise.then
step @ webpack://cxmooc-too…l/dailyPoints.ts?:7
fulfilled @ webpack://cxmooc-too…l/dailyPoints.ts?:5
Promise.then
step @ webpack://cxmooc-too…l/dailyPoints.ts?:7
fulfilled @ webpack://cxmooc-too…l/dailyPoints.ts?:5
Promise.then
step @ webpack://cxmooc-too…l/dailyPoints.ts?:7
fulfilled @ webpack://cxmooc-too…l/dailyPoints.ts?:5
18:39:54.103  [warn 18:39:54 ] [任务切换] 正在切换中，跳过重复调用
Warn @ webpack://cxmooc-too…l/utils/log.ts?:197
eval @ webpack://cxmooc-too…dailyPoints.ts?:521
eval @ webpack://cxmooc-too…l/dailyPoints.ts?:8
__awaiter @ webpack://cxmooc-too…l/dailyPoints.ts?:4
switchToNextTask @ webpack://cxmooc-too…dailyPoints.ts?:519
updatePointsStateFromApi @ webpack://cxmooc-too…dailyPoints.ts?:508
eval @ webpack://cxmooc-too…ailyPoints.ts?:1041
fulfilled @ webpack://cxmooc-too…l/dailyPoints.ts?:5
Promise.then
step @ webpack://cxmooc-too…l/dailyPoints.ts?:7
fulfilled @ webpack://cxmooc-too…l/dailyPoints.ts?:5
Promise.then
step @ webpack://cxmooc-too…l/dailyPoints.ts?:7
fulfilled @ webpack://cxmooc-too…l/dailyPoints.ts?:5
Promise.then
step @ webpack://cxmooc-too…l/dailyPoints.ts?:7
fulfilled @ webpack://cxmooc-too…l/dailyPoints.ts?:5
Promise.then
step @ webpack://cxmooc-too…l/dailyPoints.ts?:7
fulfilled @ webpack://cxmooc-too…l/dailyPoints.ts?:5
Promise.then
step @ webpack://cxmooc-too…l/dailyPoints.ts?:7
fulfilled @ webpack://cxmooc-too…l/dailyPoints.ts?:5
Promise.then
step @ webpack://cxmooc-too…l/dailyPoints.ts?:7
fulfilled @ webpack://cxmooc-too…l/dailyPoints.ts?:5
Promise.then
step @ webpack://cxmooc-too…l/dailyPoints.ts?:7
fulfilled @ webpack://cxmooc-too…l/dailyPoints.ts?:5
Promise.then
step @ webpack://cxmooc-too…l/dailyPoints.ts?:7
fulfilled @ webpack://cxmooc-too…l/dailyPoints.ts?:5
Promise.then
step @ webpack://cxmooc-too…l/dailyPoints.ts?:7
fulfilled @ webpack://cxmooc-too…l/dailyPoints.ts?:5
Promise.then
step @ webpack://cxmooc-too…l/dailyPoints.ts?:7
fulfilled @ webpack://cxmooc-too…l/dailyPoints.ts?:5
Promise.then
step @ webpack://cxmooc-too…l/dailyPoints.ts?:7
fulfilled @ webpack://cxmooc-too…l/dailyPoints.ts?:5
Promise.then
step @ webpack://cxmooc-too…l/dailyPoints.ts?:7
fulfilled @ webpack://cxmooc-too…l/dailyPoints.ts?:5
Promise.then
step @ webpack://cxmooc-too…l/dailyPoints.ts?:7
fulfilled @ webpack://cxmooc-too…l/dailyPoints.ts?:5
Promise.then
step @ webpack://cxmooc-too…l/dailyPoints.ts?:7
fulfilled @ webpack://cxmooc-too…l/dailyPoints.ts?:5
Promise.then
step @ webpack://cxmooc-too…l/dailyPoints.ts?:7
fulfilled @ webpack://cxmooc-too…l/dailyPoints.ts?:5
Promise.then
step @ webpack://cxmooc-too…l/dailyPoints.ts?:7
fulfilled @ webpack://cxmooc-too…l/dailyPoints.ts?:5
Promise.then
step @ webpack://cxmooc-too…l/dailyPoints.ts?:7
fulfilled @ webpack://cxmooc-too…l/dailyPoints.ts?:5
Promise.then
step @ webpack://cxmooc-too…l/dailyPoints.ts?:7
fulfilled @ webpack://cxmooc-too…l/dailyPoints.ts?:5
Promise.then
step @ webpack://cxmooc-too…l/dailyPoints.ts?:7
fulfilled @ webpack://cxmooc-too…l/dailyPoints.ts?:5
Promise.then
step @ webpack://cxmooc-too…l/dailyPoints.ts?:7
fulfilled @ webpack://cxmooc-too…l/dailyPoints.ts?:5
Promise.then
step @ webpack://cxmooc-too…l/dailyPoints.ts?:7
fulfilled @ webpack://cxmooc-too…l/dailyPoints.ts?:5
Promise.then
step @ webpack://cxmooc-too…l/dailyPoints.ts?:7
fulfilled @ webpack://cxmooc-too…l/dailyPoints.ts?:5
Promise.then
step @ webpack://cxmooc-too…l/dailyPoints.ts?:7
fulfilled @ webpack://cxmooc-too…l/dailyPoints.ts?:5
Promise.then
step @ webpack://cxmooc-too…l/dailyPoints.ts?:7
fulfilled @ webpack://cxmooc-too…l/dailyPoints.ts?:5
Promise.then
step @ webpack://cxmooc-too…l/dailyPoints.ts?:7
fulfilled @ webpack://cxmooc-too…l/dailyPoints.ts?:5
Promise.then
step @ webpack://cxmooc-too…l/dailyPoints.ts?:7
fulfilled @ webpack://cxmooc-too…l/dailyPoints.ts?:5
Promise.then
step @ webpack://cxmooc-too…l/dailyPoints.ts?:7
fulfilled @ webpack://cxmooc-too…l/dailyPoints.ts?:5
Promise.then
step @ webpack://cxmooc-too…l/dailyPoints.ts?:7
fulfilled @ webpack://cxmooc-too…l/dailyPoints.ts?:5
Promise.then
step @ webpack://cxmooc-too…l/dailyPoints.ts?:7
fulfilled @ webpack://cxmooc-too…l/dailyPoints.ts?:5
Promise.then
step @ webpack://cxmooc-too…l/dailyPoints.ts?:7
fulfilled @ webpack://cxmooc-too…l/dailyPoints.ts?:5
Promise.then
step @ webpack://cxmooc-too…l/dailyPoints.ts?:7
fulfilled @ webpack://cxmooc-too…l/dailyPoints.ts?:5
Promise.then
step @ webpack://cxmooc-too…l/dailyPoints.ts?:7
fulfilled @ webpack://cxmooc-too…l/dailyPoints.ts?:5
18:39:54.103  [debug 18:39:54 ] 获取知识分享: pageId=6d424ae30d064ae38560868164bbdec4
18:39:54.103  [debug 18:39:54 ] 发送API请求: GET https://zsgl.lzlj.com/learn/app/clientapi/knowledge/cloud/page/like/isShareOut.do?pageId=6d424ae30d064ae38560868164bbdec4&shareOutType=&sid=F76FB3D332BB4D4D8F5F3EE25814DBF6&os=99
18:39:54.108  [每日积分] panel: 收到页面消息1 {type: 'POINTS_UPDATED', data: {…}}
18:39:54.109  [每日积分] panel: 处理POINTS_UPDATED {learning: {…}, contribution: {…}, interaction: {…}}
18:39:54.211  [debug 18:39:54 ] API响应成功: {body: {…}, code: '0', file: null, message: '成功', user: null}
18:39:54.212  [debug 18:39:54 ] 知识分享成功，第93次调用，累积积分: 0.6/70
18:39:54.213  [debug 18:39:54 ] 获取知识分享: pageId=6d424ae30d064ae38560868164bbdec4
18:39:54.213  [debug 18:39:54 ] 发送API请求: GET https://zsgl.lzlj.com/learn/app/clientapi/knowledge/cloud/page/like/isShareOut.do?pageId=6d424ae30d064ae38560868164bbdec4&shareOutType=&sid=F76FB3D332BB4D4D8F5F3EE25814DBF6&os=99
18:39:54.254  [debug 18:39:54 ] API响应成功: {body: {…}, code: '0', file: null, message: '成功', user: null}
18:39:54.254  [debug 18:39:54 ] 知识分享成功，第94次调用，累积积分: 1.2/70
18:39:54.255  [debug 18:39:54 ] 获取知识分享: pageId=6d424ae30d064ae38560868164bbdec4
18:39:54.255  [debug 18:39:54 ] 发送API请求: GET https://zsgl.lzlj.com/learn/app/clientapi/knowledge/cloud/page/like/isShareOut.do?pageId=6d424ae30d064ae38560868164bbdec4&shareOutType=&sid=F76FB3D332BB4D4D8F5F3EE25814DBF6&os=99
18:39:54.401  [debug 18:39:54 ] API响应成功: {body: {…}, code: '0', file: null, message: '成功', user: null}
18:39:54.401  [debug 18:39:54 ] 知识分享成功，第95次调用，累积积分: 1.7999999999999998/70
18:39:54.402  [debug 18:39:54 ] 获取积分详情: 2026-03-16 ~ 2026-03-31
18:39:54.402  [debug 18:39:54 ] 发送API请求: POST https://zsgl.lzlj.com/learn/app/clientapi/personal/statistics/queryUserPointPercent.do?os=99&sid=F76FB3D332BB4D4D8F5F3EE25814DBF6
18:39:54.408  [debug 18:39:54 ] API响应成功: {body: {…}, code: '0', file: null, message: '成功', user: null}
18:39:54.408  [debug 18:39:54 ] 知识分享成功，第96次调用，累积积分: 2.4/70
18:39:54.408  [debug 18:39:54 ] 获取知识分享: pageId=6d424ae30d064ae38560868164bbdec4
18:39:54.408  [debug 18:39:54 ] 发送API请求: GET https://zsgl.lzlj.com/learn/app/clientapi/knowledge/cloud/page/like/isShareOut.do?pageId=6d424ae30d064ae38560868164bbdec4&shareOutType=&sid=F76FB3D332BB4D4D8F5F3EE25814DBF6&os=99
18:39:54.569  [debug 18:39:54 ] API响应成功: {body: {…}, code: '0', file: null, message: '成功', user: null}
18:39:54.570  [debug 18:39:54 ] 知识分享成功，第97次调用，累积积分: 3/70
18:39:54.570  [debug 18:39:54 ] 获取知识分享: pageId=6d424ae30d064ae38560868164bbdec4
18:39:54.570  [debug 18:39:54 ] 发送API请求: GET https://zsgl.lzlj.com/learn/app/clientapi/knowledge/cloud/page/like/isShareOut.do?pageId=6d424ae30d064ae38560868164bbdec4&shareOutType=&sid=F76FB3D332BB4D4D8F5F3EE25814DBF6&os=99
18:39:54.600  [debug 18:39:54 ] API响应成功: {body: Array(4), code: '0', file: null, message: '成功', user: null}
18:39:54.600  [debug 18:39:54 ] 积分项: 知识被阅读 (knowledge_read_point) = 20
18:39:54.600  [debug 18:39:54 ] 更新贡献积分: 20
18:39:54.601  [debug 18:39:54 ] 积分项: 知识被分享 (knowledge_shared) = 20
18:39:54.601  [debug 18:39:54 ] 更新互动积分: 20
18:39:54.601  [debug 18:39:54 ] 积分项: 学习课程 (24E2D4D119E74B76AC349FA12A0B646C) = 8
18:39:54.601  [debug 18:39:54 ] 更新学习积分（学习课程）: +8，当前: 8
18:39:54.601  [debug 18:39:54 ] 积分项: 知识分享 (knowledge_sharing) = 10
18:39:54.602  [debug 18:39:54 ] 更新互动积分: 30
18:39:54.603  [warn 18:39:54 ] 积分无变化，连续无变化次数: 19/2
Warn @ webpack://cxmooc-too…l/utils/log.ts?:197
updatePointsStateFromApi @ webpack://cxmooc-too…dailyPoints.ts?:505
eval @ webpack://cxmooc-too…ailyPoints.ts?:1041
fulfilled @ webpack://cxmooc-too…l/dailyPoints.ts?:5
Promise.then
step @ webpack://cxmooc-too…l/dailyPoints.ts?:7
fulfilled @ webpack://cxmooc-too…l/dailyPoints.ts?:5
Promise.then
step @ webpack://cxmooc-too…l/dailyPoints.ts?:7
fulfilled @ webpack://cxmooc-too…l/dailyPoints.ts?:5
Promise.then
step @ webpack://cxmooc-too…l/dailyPoints.ts?:7
fulfilled @ webpack://cxmooc-too…l/dailyPoints.ts?:5
Promise.then
step @ webpack://cxmooc-too…l/dailyPoints.ts?:7
fulfilled @ webpack://cxmooc-too…l/dailyPoints.ts?:5
Promise.then
step @ webpack://cxmooc-too…l/dailyPoints.ts?:7
fulfilled @ webpack://cxmooc-too…l/dailyPoints.ts?:5
Promise.then
step @ webpack://cxmooc-too…l/dailyPoints.ts?:7
fulfilled @ webpack://cxmooc-too…l/dailyPoints.ts?:5
Promise.then
step @ webpack://cxmooc-too…l/dailyPoints.ts?:7
fulfilled @ webpack://cxmooc-too…l/dailyPoints.ts?:5
Promise.then
step @ webpack://cxmooc-too…l/dailyPoints.ts?:7
fulfilled @ webpack://cxmooc-too…l/dailyPoints.ts?:5
Promise.then
step @ webpack://cxmooc-too…l/dailyPoints.ts?:7
fulfilled @ webpack://cxmooc-too…l/dailyPoints.ts?:5
Promise.then
step @ webpack://cxmooc-too…l/dailyPoints.ts?:7
fulfilled @ webpack://cxmooc-too…l/dailyPoints.ts?:5
Promise.then
step @ webpack://cxmooc-too…l/dailyPoints.ts?:7
fulfilled @ webpack://cxmooc-too…l/dailyPoints.ts?:5
Promise.then
step @ webpack://cxmooc-too…l/dailyPoints.ts?:7
fulfilled @ webpack://cxmooc-too…l/dailyPoints.ts?:5
Promise.then
step @ webpack://cxmooc-too…l/dailyPoints.ts?:7
fulfilled @ webpack://cxmooc-too…l/dailyPoints.ts?:5
Promise.then
step @ webpack://cxmooc-too…l/dailyPoints.ts?:7
fulfilled @ webpack://cxmooc-too…l/dailyPoints.ts?:5
Promise.then
step @ webpack://cxmooc-too…l/dailyPoints.ts?:7
fulfilled @ webpack://cxmooc-too…l/dailyPoints.ts?:5
Promise.then
step @ webpack://cxmooc-too…l/dailyPoints.ts?:7
fulfilled @ webpack://cxmooc-too…l/dailyPoints.ts?:5
Promise.then
step @ webpack://cxmooc-too…l/dailyPoints.ts?:7
fulfilled @ webpack://cxmooc-too…l/dailyPoints.ts?:5
Promise.then
step @ webpack://cxmooc-too…l/dailyPoints.ts?:7
fulfilled @ webpack://cxmooc-too…l/dailyPoints.ts?:5
Promise.then
step @ webpack://cxmooc-too…l/dailyPoints.ts?:7
fulfilled @ webpack://cxmooc-too…l/dailyPoints.ts?:5
Promise.then
step @ webpack://cxmooc-too…l/dailyPoints.ts?:7
fulfilled @ webpack://cxmooc-too…l/dailyPoints.ts?:5
Promise.then
step @ webpack://cxmooc-too…l/dailyPoints.ts?:7
fulfilled @ webpack://cxmooc-too…l/dailyPoints.ts?:5
Promise.then
step @ webpack://cxmooc-too…l/dailyPoints.ts?:7
fulfilled @ webpack://cxmooc-too…l/dailyPoints.ts?:5
Promise.then
step @ webpack://cxmooc-too…l/dailyPoints.ts?:7
fulfilled @ webpack://cxmooc-too…l/dailyPoints.ts?:5
Promise.then
step @ webpack://cxmooc-too…l/dailyPoints.ts?:7
fulfilled @ webpack://cxmooc-too…l/dailyPoints.ts?:5
Promise.then
step @ webpack://cxmooc-too…l/dailyPoints.ts?:7
fulfilled @ webpack://cxmooc-too…l/dailyPoints.ts?:5
Promise.then
step @ webpack://cxmooc-too…l/dailyPoints.ts?:7
fulfilled @ webpack://cxmooc-too…l/dailyPoints.ts?:5
Promise.then
step @ webpack://cxmooc-too…l/dailyPoints.ts?:7
fulfilled @ webpack://cxmooc-too…l/dailyPoints.ts?:5
Promise.then
step @ webpack://cxmooc-too…l/dailyPoints.ts?:7
fulfilled @ webpack://cxmooc-too…l/dailyPoints.ts?:5
Promise.then
step @ webpack://cxmooc-too…l/dailyPoints.ts?:7
fulfilled @ webpack://cxmooc-too…l/dailyPoints.ts?:5
Promise.then
step @ webpack://cxmooc-too…l/dailyPoints.ts?:7
fulfilled @ webpack://cxmooc-too…l/dailyPoints.ts?:5
Promise.then
step @ webpack://cxmooc-too…l/dailyPoints.ts?:7
fulfilled @ webpack://cxmooc-too…l/dailyPoints.ts?:5
Promise.then
step @ webpack://cxmooc-too…l/dailyPoints.ts?:7
fulfilled @ webpack://cxmooc-too…l/dailyPoints.ts?:5
18:39:54.603  [warn 18:39:54 ] [任务切换] 正在切换中，跳过重复调用
Warn @ webpack://cxmooc-too…l/utils/log.ts?:197
eval @ webpack://cxmooc-too…dailyPoints.ts?:521
eval @ webpack://cxmooc-too…l/dailyPoints.ts?:8
__awaiter @ webpack://cxmooc-too…l/dailyPoints.ts?:4
switchToNextTask @ webpack://cxmooc-too…dailyPoints.ts?:519
updatePointsStateFromApi @ webpack://cxmooc-too…dailyPoints.ts?:508
eval @ webpack://cxmooc-too…ailyPoints.ts?:1041
fulfilled @ webpack://cxmooc-too…l/dailyPoints.ts?:5
Promise.then
step @ webpack://cxmooc-too…l/dailyPoints.ts?:7
fulfilled @ webpack://cxmooc-too…l/dailyPoints.ts?:5
Promise.then
step @ webpack://cxmooc-too…l/dailyPoints.ts?:7
fulfilled @ webpack://cxmooc-too…l/dailyPoints.ts?:5
Promise.then
step @ webpack://cxmooc-too…l/dailyPoints.ts?:7
fulfilled @ webpack://cxmooc-too…l/dailyPoints.ts?:5
Promise.then
step @ webpack://cxmooc-too…l/dailyPoints.ts?:7
fulfilled @ webpack://cxmooc-too…l/dailyPoints.ts?:5
Promise.then
step @ webpack://cxmooc-too…l/dailyPoints.ts?:7
fulfilled @ webpack://cxmooc-too…l/dailyPoints.ts?:5
Promise.then
step @ webpack://cxmooc-too…l/dailyPoints.ts?:7
fulfilled @ webpack://cxmooc-too…l/dailyPoints.ts?:5
Promise.then
step @ webpack://cxmooc-too…l/dailyPoints.ts?:7
fulfilled @ webpack://cxmooc-too…l/dailyPoints.ts?:5
Promise.then
step @ webpack://cxmooc-too…l/dailyPoints.ts?:7
fulfilled @ webpack://cxmooc-too…l/dailyPoints.ts?:5
Promise.then
step @ webpack://cxmooc-too…l/dailyPoints.ts?:7
fulfilled @ webpack://cxmooc-too…l/dailyPoints.ts?:5
Promise.then
step @ webpack://cxmooc-too…l/dailyPoints.ts?:7
fulfilled @ webpack://cxmooc-too…l/dailyPoints.ts?:5
Promise.then
step @ webpack://cxmooc-too…l/dailyPoints.ts?:7
fulfilled @ webpack://cxmooc-too…l/dailyPoints.ts?:5
Promise.then
step @ webpack://cxmooc-too…l/dailyPoints.ts?:7
fulfilled @ webpack://cxmooc-too…l/dailyPoints.ts?:5
Promise.then
step @ webpack://cxmooc-too…l/dailyPoints.ts?:7
fulfilled @ webpack://cxmooc-too…l/dailyPoints.ts?:5
Promise.then
step @ webpack://cxmooc-too…l/dailyPoints.ts?:7
fulfilled @ webpack://cxmooc-too…l/dailyPoints.ts?:5
Promise.then
step @ webpack://cxmooc-too…l/dailyPoints.ts?:7
fulfilled @ webpack://cxmooc-too…l/dailyPoints.ts?:5
Promise.then
step @ webpack://cxmooc-too…l/dailyPoints.ts?:7
fulfilled @ webpack://cxmooc-too…l/dailyPoints.ts?:5
Promise.then
step @ webpack://cxmooc-too…l/dailyPoints.ts?:7
fulfilled @ webpack://cxmooc-too…l/dailyPoints.ts?:5
Promise.then
step @ webpack://cxmooc-too…l/dailyPoints.ts?:7
fulfilled @ webpack://cxmooc-too…l/dailyPoints.ts?:5
Promise.then
step @ webpack://cxmooc-too…l/dailyPoints.ts?:7
fulfilled @ webpack://cxmooc-too…l/dailyPoints.ts?:5
Promise.then
step @ webpack://cxmooc-too…l/dailyPoints.ts?:7
fulfilled @ webpack://cxmooc-too…l/dailyPoints.ts?:5
Promise.then
step @ webpack://cxmooc-too…l/dailyPoints.ts?:7
fulfilled @ webpack://cxmooc-too…l/dailyPoints.ts?:5
Promise.then
step @ webpack://cxmooc-too…l/dailyPoints.ts?:7
fulfilled @ webpack://cxmooc-too…l/dailyPoints.ts?:5
Promise.then
step @ webpack://cxmooc-too…l/dailyPoints.ts?:7
fulfilled @ webpack://cxmooc-too…l/dailyPoints.ts?:5
Promise.then
step @ webpack://cxmooc-too…l/dailyPoints.ts?:7
fulfilled @ webpack://cxmooc-too…l/dailyPoints.ts?:5
Promise.then
step @ webpack://cxmooc-too…l/dailyPoints.ts?:7
fulfilled @ webpack://cxmooc-too…l/dailyPoints.ts?:5
Promise.then
step @ webpack://cxmooc-too…l/dailyPoints.ts?:7
fulfilled @ webpack://cxmooc-too…l/dailyPoints.ts?:5
Promise.then
step @ webpack://cxmooc-too…l/dailyPoints.ts?:7
fulfilled @ webpack://cxmooc-too…l/dailyPoints.ts?:5
Promise.then
step @ webpack://cxmooc-too…l/dailyPoints.ts?:7
fulfilled @ webpack://cxmooc-too…l/dailyPoints.ts?:5
Promise.then
step @ webpack://cxmooc-too…l/dailyPoints.ts?:7
fulfilled @ webpack://cxmooc-too…l/dailyPoints.ts?:5
Promise.then
step @ webpack://cxmooc-too…l/dailyPoints.ts?:7
fulfilled @ webpack://cxmooc-too…l/dailyPoints.ts?:5
Promise.then
step @ webpack://cxmooc-too…l/dailyPoints.ts?:7
fulfilled @ webpack://cxmooc-too…l/dailyPoints.ts?:5
Promise.then
step @ webpack://cxmooc-too…l/dailyPoints.ts?:7
fulfilled @ webpack://cxmooc-too…l/dailyPoints.ts?:5
18:39:54.603  [debug 18:39:54 ] 获取知识分享: pageId=6d424ae30d064ae38560868164bbdec4
18:39:54.603  [debug 18:39:54 ] 发送API请求: GET https://zsgl.lzlj.com/learn/app/clientapi/knowledge/cloud/page/like/isShareOut.do?pageId=6d424ae30d064ae38560868164bbdec4&shareOutType=&sid=F76FB3D332BB4D4D8F5F3EE25814DBF6&os=99
18:39:54.609  [每日积分] panel: 收到页面消息1 {type: 'POINTS_UPDATED', data: {…}}
18:39:54.609  [每日积分] panel: 处理POINTS_UPDATED {learning: {…}, contribution: {…}, interaction: {…}}
18:39:54.719  [debug 18:39:54 ] API响应成功: {body: {…}, code: '0', file: null, message: '成功', user: null}
18:39:54.720  [debug 18:39:54 ] 知识分享成功，第98次调用，累积积分: 0.6/70
18:39:54.720  [debug 18:39:54 ] 获取知识分享: pageId=6d424ae30d064ae38560868164bbdec4
18:39:54.720  [debug 18:39:54 ] 发送API请求: GET https://zsgl.lzlj.com/learn/app/clientapi/knowledge/cloud/page/like/isShareOut.do?pageId=6d424ae30d064ae38560868164bbdec4&shareOutType=&sid=F76FB3D332BB4D4D8F5F3EE25814DBF6&os=99
18:39:54.726  [debug 18:39:54 ] API响应成功: {body: {…}, code: '0', file: null, message: '成功', user: null}
18:39:54.726  [debug 18:39:54 ] 知识分享成功，第99次调用，累积积分: 1.2/70
18:39:54.727  [debug 18:39:54 ] 获取知识分享: pageId=6d424ae30d064ae38560868164bbdec4
18:39:54.727  [debug 18:39:54 ] 发送API请求: GET https://zsgl.lzlj.com/learn/app/clientapi/knowledge/cloud/page/like/isShareOut.do?pageId=6d424ae30d064ae38560868164bbdec4&shareOutType=&sid=F76FB3D332BB4D4D8F5F3EE25814DBF6&os=99
18:39:54.861  [debug 18:39:54 ] API响应成功: {body: {…}, code: '0', file: null, message: '成功', user: null}
18:39:54.861  [debug 18:39:54 ] 知识分享成功，第100次调用，累积积分: 1.7999999999999998/70
18:39:54.861  [debug 18:39:54 ] 获取积分详情: 2026-03-16 ~ 2026-03-31
18:39:54.861  [debug 18:39:54 ] 发送API请求: POST https://zsgl.lzlj.com/learn/app/clientapi/personal/statistics/queryUserPointPercent.do?os=99&sid=F76FB3D332BB4D4D8F5F3EE25814DBF6
18:39:54.870  [debug 18:39:54 ] API响应成功: {body: {…}, code: '0', file: null, message: '成功', user: null}
18:39:54.871  [debug 18:39:54 ] 知识分享成功，第101次调用，累积积分: 2.4/70
18:39:54.871  [debug 18:39:54 ] 获取知识分享: pageId=6d424ae30d064ae38560868164bbdec4
18:39:54.871  [debug 18:39:54 ] 发送API请求: GET https://zsgl.lzlj.com/learn/app/clientapi/knowledge/cloud/page/like/isShareOut.do?pageId=6d424ae30d064ae38560868164bbdec4&shareOutType=&sid=F76FB3D332BB4D4D8F5F3EE25814DBF6&os=99
18:39:55.018  [debug 18:39:55 ] API响应成功: {body: {…}, code: '0', file: null, message: '成功', user: null}
18:39:55.018  [debug 18:39:55 ] 知识分享成功，第102次调用，累积积分: 3/70
18:39:55.018  [debug 18:39:55 ] 获取知识分享: pageId=6d424ae30d064ae38560868164bbdec4
18:39:55.018  [debug 18:39:55 ] 发送API请求: GET https://zsgl.lzlj.com/learn/app/clientapi/knowledge/cloud/page/like/isShareOut.do?pageId=6d424ae30d064ae38560868164bbdec4&shareOutType=&sid=F76FB3D332BB4D4D8F5F3EE25814DBF6&os=99
18:39:55.160  [debug 18:39:55 ] API响应成功: {body: {…}, code: '0', file: null, message: '成功', user: null}
18:39:55.161  [debug 18:39:55 ] 知识分享成功，第103次调用，累积积分: 3.6/70
18:39:55.161  [debug 18:39:55 ] 获取知识分享: pageId=6d424ae30d064ae38560868164bbdec4
18:39:55.161  [debug 18:39:55 ] 发送API请求: GET https://zsgl.lzlj.com/learn/app/clientapi/knowledge/cloud/page/like/isShareOut.do?pageId=6d424ae30d064ae38560868164bbdec4&shareOutType=&sid=F76FB3D332BB4D4D8F5F3EE25814DBF6&os=99
18:39:55.185  [debug 18:39:55 ] API响应成功: {body: Array(4), code: '0', file: null, message: '成功', user: null}
18:39:55.185  [debug 18:39:55 ] 积分项: 知识被阅读 (knowledge_read_point) = 20
18:39:55.186  [debug 18:39:55 ] 更新贡献积分: 20
18:39:55.186  [debug 18:39:55 ] 积分项: 知识被分享 (knowledge_shared) = 20
18:39:55.186  [debug 18:39:55 ] 更新互动积分: 20
18:39:55.186  [debug 18:39:55 ] 积分项: 学习课程 (24E2D4D119E74B76AC349FA12A0B646C) = 8
18:39:55.186  [debug 18:39:55 ] 更新学习积分（学习课程）: +8，当前: 8
18:39:55.186  [debug 18:39:55 ] 积分项: 知识分享 (knowledge_sharing) = 10
18:39:55.186  [debug 18:39:55 ] 更新互动积分: 30
18:39:55.187  [warn 18:39:55 ] 积分无变化，连续无变化次数: 20/2
Warn @ webpack://cxmooc-too…l/utils/log.ts?:197
updatePointsStateFromApi @ webpack://cxmooc-too…dailyPoints.ts?:505
eval @ webpack://cxmooc-too…ailyPoints.ts?:1041
fulfilled @ webpack://cxmooc-too…l/dailyPoints.ts?:5
Promise.then
step @ webpack://cxmooc-too…l/dailyPoints.ts?:7
fulfilled @ webpack://cxmooc-too…l/dailyPoints.ts?:5
Promise.then
step @ webpack://cxmooc-too…l/dailyPoints.ts?:7
fulfilled @ webpack://cxmooc-too…l/dailyPoints.ts?:5
Promise.then
step @ webpack://cxmooc-too…l/dailyPoints.ts?:7
fulfilled @ webpack://cxmooc-too…l/dailyPoints.ts?:5
Promise.then
step @ webpack://cxmooc-too…l/dailyPoints.ts?:7
fulfilled @ webpack://cxmooc-too…l/dailyPoints.ts?:5
Promise.then
step @ webpack://cxmooc-too…l/dailyPoints.ts?:7
fulfilled @ webpack://cxmooc-too…l/dailyPoints.ts?:5
Promise.then
step @ webpack://cxmooc-too…l/dailyPoints.ts?:7
fulfilled @ webpack://cxmooc-too…l/dailyPoints.ts?:5
Promise.then
step @ webpack://cxmooc-too…l/dailyPoints.ts?:7
fulfilled @ webpack://cxmooc-too…l/dailyPoints.ts?:5
Promise.then
step @ webpack://cxmooc-too…l/dailyPoints.ts?:7
fulfilled @ webpack://cxmooc-too…l/dailyPoints.ts?:5
Promise.then
step @ webpack://cxmooc-too…l/dailyPoints.ts?:7
fulfilled @ webpack://cxmooc-too…l/dailyPoints.ts?:5
Promise.then
step @ webpack://cxmooc-too…l/dailyPoints.ts?:7
fulfilled @ webpack://cxmooc-too…l/dailyPoints.ts?:5
Promise.then
step @ webpack://cxmooc-too…l/dailyPoints.ts?:7
fulfilled @ webpack://cxmooc-too…l/dailyPoints.ts?:5
Promise.then
step @ webpack://cxmooc-too…l/dailyPoints.ts?:7
fulfilled @ webpack://cxmooc-too…l/dailyPoints.ts?:5
Promise.then
step @ webpack://cxmooc-too…l/dailyPoints.ts?:7
fulfilled @ webpack://cxmooc-too…l/dailyPoints.ts?:5
Promise.then
step @ webpack://cxmooc-too…l/dailyPoints.ts?:7
fulfilled @ webpack://cxmooc-too…l/dailyPoints.ts?:5
Promise.then
step @ webpack://cxmooc-too…l/dailyPoints.ts?:7
fulfilled @ webpack://cxmooc-too…l/dailyPoints.ts?:5
Promise.then
step @ webpack://cxmooc-too…l/dailyPoints.ts?:7
fulfilled @ webpack://cxmooc-too…l/dailyPoints.ts?:5
Promise.then
step @ webpack://cxmooc-too…l/dailyPoints.ts?:7
fulfilled @ webpack://cxmooc-too…l/dailyPoints.ts?:5
Promise.then
step @ webpack://cxmooc-too…l/dailyPoints.ts?:7
fulfilled @ webpack://cxmooc-too…l/dailyPoints.ts?:5
Promise.then
step @ webpack://cxmooc-too…l/dailyPoints.ts?:7
fulfilled @ webpack://cxmooc-too…l/dailyPoints.ts?:5
Promise.then
step @ webpack://cxmooc-too…l/dailyPoints.ts?:7
fulfilled @ webpack://cxmooc-too…l/dailyPoints.ts?:5
Promise.then
step @ webpack://cxmooc-too…l/dailyPoints.ts?:7
fulfilled @ webpack://cxmooc-too…l/dailyPoints.ts?:5
Promise.then
step @ webpack://cxmooc-too…l/dailyPoints.ts?:7
fulfilled @ webpack://cxmooc-too…l/dailyPoints.ts?:5
Promise.then
step @ webpack://cxmooc-too…l/dailyPoints.ts?:7
fulfilled @ webpack://cxmooc-too…l/dailyPoints.ts?:5
Promise.then
step @ webpack://cxmooc-too…l/dailyPoints.ts?:7
fulfilled @ webpack://cxmooc-too…l/dailyPoints.ts?:5
Promise.then
step @ webpack://cxmooc-too…l/dailyPoints.ts?:7
fulfilled @ webpack://cxmooc-too…l/dailyPoints.ts?:5
Promise.then
step @ webpack://cxmooc-too…l/dailyPoints.ts?:7
fulfilled @ webpack://cxmooc-too…l/dailyPoints.ts?:5
Promise.then
step @ webpack://cxmooc-too…l/dailyPoints.ts?:7
fulfilled @ webpack://cxmooc-too…l/dailyPoints.ts?:5
Promise.then
step @ webpack://cxmooc-too…l/dailyPoints.ts?:7
fulfilled @ webpack://cxmooc-too…l/dailyPoints.ts?:5
Promise.then
step @ webpack://cxmooc-too…l/dailyPoints.ts?:7
fulfilled @ webpack://cxmooc-too…l/dailyPoints.ts?:5
Promise.then
step @ webpack://cxmooc-too…l/dailyPoints.ts?:7
fulfilled @ webpack://cxmooc-too…l/dailyPoints.ts?:5
Promise.then
step @ webpack://cxmooc-too…l/dailyPoints.ts?:7
fulfilled @ webpack://cxmooc-too…l/dailyPoints.ts?:5
Promise.then
step @ webpack://cxmooc-too…l/dailyPoints.ts?:7
fulfilled @ webpack://cxmooc-too…l/dailyPoints.ts?:5
18:39:55.187  [warn 18:39:55 ] [任务切换] 正在切换中，跳过重复调用
Warn @ webpack://cxmooc-too…l/utils/log.ts?:197
eval @ webpack://cxmooc-too…dailyPoints.ts?:521
eval @ webpack://cxmooc-too…l/dailyPoints.ts?:8
__awaiter @ webpack://cxmooc-too…l/dailyPoints.ts?:4
switchToNextTask @ webpack://cxmooc-too…dailyPoints.ts?:519
updatePointsStateFromApi @ webpack://cxmooc-too…dailyPoints.ts?:508
eval @ webpack://cxmooc-too…ailyPoints.ts?:1041
fulfilled @ webpack://cxmooc-too…l/dailyPoints.ts?:5
Promise.then
step @ webpack://cxmooc-too…l/dailyPoints.ts?:7
fulfilled @ webpack://cxmooc-too…l/dailyPoints.ts?:5
Promise.then
step @ webpack://cxmooc-too…l/dailyPoints.ts?:7
fulfilled @ webpack://cxmooc-too…l/dailyPoints.ts?:5
Promise.then
step @ webpack://cxmooc-too…l/dailyPoints.ts?:7
fulfilled @ webpack://cxmooc-too…l/dailyPoints.ts?:5
Promise.then
step @ webpack://cxmooc-too…l/dailyPoints.ts?:7
fulfilled @ webpack://cxmooc-too…l/dailyPoints.ts?:5
Promise.then
step @ webpack://cxmooc-too…l/dailyPoints.ts?:7
fulfilled @ webpack://cxmooc-too…l/dailyPoints.ts?:5
Promise.then
step @ webpack://cxmooc-too…l/dailyPoints.ts?:7
fulfilled @ webpack://cxmooc-too…l/dailyPoints.ts?:5
Promise.then
step @ webpack://cxmooc-too…l/dailyPoints.ts?:7
fulfilled @ webpack://cxmooc-too…l/dailyPoints.ts?:5
Promise.then
step @ webpack://cxmooc-too…l/dailyPoints.ts?:7
fulfilled @ webpack://cxmooc-too…l/dailyPoints.ts?:5
Promise.then
step @ webpack://cxmooc-too…l/dailyPoints.ts?:7
fulfilled @ webpack://cxmooc-too…l/dailyPoints.ts?:5
Promise.then
step @ webpack://cxmooc-too…l/dailyPoints.ts?:7
fulfilled @ webpack://cxmooc-too…l/dailyPoints.ts?:5
Promise.then
step @ webpack://cxmooc-too…l/dailyPoints.ts?:7
fulfilled @ webpack://cxmooc-too…l/dailyPoints.ts?:5
Promise.then
step @ webpack://cxmooc-too…l/dailyPoints.ts?:7
fulfilled @ webpack://cxmooc-too…l/dailyPoints.ts?:5
Promise.then
step @ webpack://cxmooc-too…l/dailyPoints.ts?:7
fulfilled @ webpack://cxmooc-too…l/dailyPoints.ts?:5
Promise.then
step @ webpack://cxmooc-too…l/dailyPoints.ts?:7
fulfilled @ webpack://cxmooc-too…l/dailyPoints.ts?:5
Promise.then
step @ webpack://cxmooc-too…l/dailyPoints.ts?:7
fulfilled @ webpack://cxmooc-too…l/dailyPoints.ts?:5
Promise.then
step @ webpack://cxmooc-too…l/dailyPoints.ts?:7
fulfilled @ webpack://cxmooc-too…l/dailyPoints.ts?:5
Promise.then
step @ webpack://cxmooc-too…l/dailyPoints.ts?:7
fulfilled @ webpack://cxmooc-too…l/dailyPoints.ts?:5
Promise.then
step @ webpack://cxmooc-too…l/dailyPoints.ts?:7
fulfilled @ webpack://cxmooc-too…l/dailyPoints.ts?:5
Promise.then
step @ webpack://cxmooc-too…l/dailyPoints.ts?:7
fulfilled @ webpack://cxmooc-too…l/dailyPoints.ts?:5
Promise.then
step @ webpack://cxmooc-too…l/dailyPoints.ts?:7
fulfilled @ webpack://cxmooc-too…l/dailyPoints.ts?:5
Promise.then
step @ webpack://cxmooc-too…l/dailyPoints.ts?:7
fulfilled @ webpack://cxmooc-too…l/dailyPoints.ts?:5
Promise.then
step @ webpack://cxmooc-too…l/dailyPoints.ts?:7
fulfilled @ webpack://cxmooc-too…l/dailyPoints.ts?:5
Promise.then
step @ webpack://cxmooc-too…l/dailyPoints.ts?:7
fulfilled @ webpack://cxmooc-too…l/dailyPoints.ts?:5
Promise.then
step @ webpack://cxmooc-too…l/dailyPoints.ts?:7
fulfilled @ webpack://cxmooc-too…l/dailyPoints.ts?:5
Promise.then
step @ webpack://cxmooc-too…l/dailyPoints.ts?:7
fulfilled @ webpack://cxmooc-too…l/dailyPoints.ts?:5
Promise.then
step @ webpack://cxmooc-too…l/dailyPoints.ts?:7
fulfilled @ webpack://cxmooc-too…l/dailyPoints.ts?:5
Promise.then
step @ webpack://cxmooc-too…l/dailyPoints.ts?:7
fulfilled @ webpack://cxmooc-too…l/dailyPoints.ts?:5
Promise.then
step @ webpack://cxmooc-too…l/dailyPoints.ts?:7
fulfilled @ webpack://cxmooc-too…l/dailyPoints.ts?:5
Promise.then
step @ webpack://cxmooc-too…l/dailyPoints.ts?:7
fulfilled @ webpack://cxmooc-too…l/dailyPoints.ts?:5
Promise.then
step @ webpack://cxmooc-too…l/dailyPoints.ts?:7
fulfilled @ webpack://cxmooc-too…l/dailyPoints.ts?:5
Promise.then
step @ webpack://cxmooc-too…l/dailyPoints.ts?:7
fulfilled @ webpack://cxmooc-too…l/dailyPoints.ts?:5
Promise.then
step @ webpack://cxmooc-too…l/dailyPoints.ts?:7
fulfilled @ webpack://cxmooc-too…l/dailyPoints.ts?:5
18:39:55.187  [debug 18:39:55 ] 获取知识分享: pageId=6d424ae30d064ae38560868164bbdec4
18:39:55.187  [debug 18:39:55 ] 发送API请求: GET https://zsgl.lzlj.com/learn/app/clientapi/knowledge/cloud/page/like/isShareOut.do?pageId=6d424ae30d064ae38560868164bbdec4&shareOutType=&sid=F76FB3D332BB4D4D8F5F3EE25814DBF6&os=99
18:39:55.193  [每日积分] panel: 收到页面消息1 {type: 'POINTS_UPDATED', data: {…}}
18:39:55.193  [每日积分] panel: 处理POINTS_UPDATED {learning: {…}, contribution: {…}, interaction: {…}}
18:39:55.278  [debug 18:39:55 ] API响应成功: {body: {…}, code: '0', file: null, message: '成功', user: null}
18:39:55.278  [debug 18:39:55 ] 知识分享成功，第104次调用，累积积分: 0.6/70
18:39:55.278  [debug 18:39:55 ] 获取知识分享: pageId=6d424ae30d064ae38560868164bbdec4
18:39:55.279  [debug 18:39:55 ] 发送API请求: GET https://zsgl.lzlj.com/learn/app/clientapi/knowledge/cloud/page/like/isShareOut.do?pageId=6d424ae30d064ae38560868164bbdec4&shareOutType=&sid=F76FB3D332BB4D4D8F5F3EE25814DBF6&os=99
18:39:55.362  [debug 18:39:55 ] API响应成功: {body: {…}, code: '0', file: null, message: '成功', user: null}
18:39:55.363  [debug 18:39:55 ] 知识分享成功，第105次调用，累积积分: 1.2/70
18:39:55.364  [debug 18:39:55 ] 获取积分详情: 2026-03-16 ~ 2026-03-31
18:39:55.364  [debug 18:39:55 ] 发送API请求: POST https://zsgl.lzlj.com/learn/app/clientapi/personal/statistics/queryUserPointPercent.do?os=99&sid=F76FB3D332BB4D4D8F5F3EE25814DBF6
18:39:55.388  [debug 18:39:55 ] API响应成功: {body: {…}, code: '0', file: null, message: '成功', user: null}
18:39:55.388  [debug 18:39:55 ] 知识分享成功，第106次调用，累积积分: 1.7999999999999998/70
18:39:55.388  [debug 18:39:55 ] 获取知识分享: pageId=6d424ae30d064ae38560868164bbdec4
18:39:55.389  [debug 18:39:55 ] 发送API请求: GET https://zsgl.lzlj.com/learn/app/clientapi/knowledge/cloud/page/like/isShareOut.do?pageId=6d424ae30d064ae38560868164bbdec4&shareOutType=&sid=F76FB3D332BB4D4D8F5F3EE25814DBF6&os=99
18:39:55.511  [debug 18:39:55 ] API响应成功: {body: {…}, code: '0', file: null, message: '成功', user: null}
18:39:55.511  [debug 18:39:55 ] 知识分享成功，第107次调用，累积积分: 2.4/70
18:39:55.512  [debug 18:39:55 ] 获取知识分享: pageId=6d424ae30d064ae38560868164bbdec4
18:39:55.512  [debug 18:39:55 ] 发送API请求: GET https://zsgl.lzlj.com/learn/app/clientapi/knowledge/cloud/page/like/isShareOut.do?pageId=6d424ae30d064ae38560868164bbdec4&shareOutType=&sid=F76FB3D332BB4D4D8F5F3EE25814DBF6&os=99
18:39:55.629  [debug 18:39:55 ] API响应成功: {body: {…}, code: '0', file: null, message: '成功', user: null}
18:39:55.630  [debug 18:39:55 ] 知识分享成功，第108次调用，累积积分: 3/70
18:39:55.630  [debug 18:39:55 ] 获取知识分享: pageId=6d424ae30d064ae38560868164bbdec4
18:39:55.630  [debug 18:39:55 ] 发送API请求: GET https://zsgl.lzlj.com/learn/app/clientapi/knowledge/cloud/page/like/isShareOut.do?pageId=6d424ae30d064ae38560868164bbdec4&shareOutType=&sid=F76FB3D332BB4D4D8F5F3EE25814DBF6&os=99
18:39:55.659  [debug 18:39:55 ] API响应成功: {body: Array(4), code: '0', file: null, message: '成功', user: null}
18:39:55.659  [debug 18:39:55 ] 积分项: 知识被阅读 (knowledge_read_point) = 20
18:39:55.659  [debug 18:39:55 ] 更新贡献积分: 20
18:39:55.659  [debug 18:39:55 ] 积分项: 知识被分享 (knowledge_shared) = 20
18:39:55.660  [debug 18:39:55 ] 更新互动积分: 20
18:39:55.660  [debug 18:39:55 ] 积分项: 学习课程 (24E2D4D119E74B76AC349FA12A0B646C) = 8
18:39:55.660  [debug 18:39:55 ] 更新学习积分（学习课程）: +8，当前: 8
18:39:55.660  [debug 18:39:55 ] 积分项: 知识分享 (knowledge_sharing) = 10
18:39:55.660  [debug 18:39:55 ] 更新互动积分: 30
18:39:55.661  [warn 18:39:55 ] 积分无变化，连续无变化次数: 21/2
Warn @ webpack://cxmooc-too…l/utils/log.ts?:197
updatePointsStateFromApi @ webpack://cxmooc-too…dailyPoints.ts?:505
eval @ webpack://cxmooc-too…ailyPoints.ts?:1041
fulfilled @ webpack://cxmooc-too…l/dailyPoints.ts?:5
Promise.then
step @ webpack://cxmooc-too…l/dailyPoints.ts?:7
fulfilled @ webpack://cxmooc-too…l/dailyPoints.ts?:5
Promise.then
step @ webpack://cxmooc-too…l/dailyPoints.ts?:7
fulfilled @ webpack://cxmooc-too…l/dailyPoints.ts?:5
Promise.then
step @ webpack://cxmooc-too…l/dailyPoints.ts?:7
fulfilled @ webpack://cxmooc-too…l/dailyPoints.ts?:5
Promise.then
step @ webpack://cxmooc-too…l/dailyPoints.ts?:7
fulfilled @ webpack://cxmooc-too…l/dailyPoints.ts?:5
Promise.then
step @ webpack://cxmooc-too…l/dailyPoints.ts?:7
fulfilled @ webpack://cxmooc-too…l/dailyPoints.ts?:5
Promise.then
step @ webpack://cxmooc-too…l/dailyPoints.ts?:7
fulfilled @ webpack://cxmooc-too…l/dailyPoints.ts?:5
Promise.then
step @ webpack://cxmooc-too…l/dailyPoints.ts?:7
fulfilled @ webpack://cxmooc-too…l/dailyPoints.ts?:5
Promise.then
step @ webpack://cxmooc-too…l/dailyPoints.ts?:7
fulfilled @ webpack://cxmooc-too…l/dailyPoints.ts?:5
Promise.then
step @ webpack://cxmooc-too…l/dailyPoints.ts?:7
fulfilled @ webpack://cxmooc-too…l/dailyPoints.ts?:5
Promise.then
step @ webpack://cxmooc-too…l/dailyPoints.ts?:7
fulfilled @ webpack://cxmooc-too…l/dailyPoints.ts?:5
Promise.then
step @ webpack://cxmooc-too…l/dailyPoints.ts?:7
fulfilled @ webpack://cxmooc-too…l/dailyPoints.ts?:5
Promise.then
step @ webpack://cxmooc-too…l/dailyPoints.ts?:7
fulfilled @ webpack://cxmooc-too…l/dailyPoints.ts?:5
Promise.then
step @ webpack://cxmooc-too…l/dailyPoints.ts?:7
fulfilled @ webpack://cxmooc-too…l/dailyPoints.ts?:5
Promise.then
step @ webpack://cxmooc-too…l/dailyPoints.ts?:7
fulfilled @ webpack://cxmooc-too…l/dailyPoints.ts?:5
Promise.then
step @ webpack://cxmooc-too…l/dailyPoints.ts?:7
fulfilled @ webpack://cxmooc-too…l/dailyPoints.ts?:5
Promise.then
step @ webpack://cxmooc-too…l/dailyPoints.ts?:7
fulfilled @ webpack://cxmooc-too…l/dailyPoints.ts?:5
Promise.then
step @ webpack://cxmooc-too…l/dailyPoints.ts?:7
fulfilled @ webpack://cxmooc-too…l/dailyPoints.ts?:5
Promise.then
step @ webpack://cxmooc-too…l/dailyPoints.ts?:7
fulfilled @ webpack://cxmooc-too…l/dailyPoints.ts?:5
Promise.then
step @ webpack://cxmooc-too…l/dailyPoints.ts?:7
fulfilled @ webpack://cxmooc-too…l/dailyPoints.ts?:5
Promise.then
step @ webpack://cxmooc-too…l/dailyPoints.ts?:7
fulfilled @ webpack://cxmooc-too…l/dailyPoints.ts?:5
Promise.then
step @ webpack://cxmooc-too…l/dailyPoints.ts?:7
fulfilled @ webpack://cxmooc-too…l/dailyPoints.ts?:5
Promise.then
step @ webpack://cxmooc-too…l/dailyPoints.ts?:7
fulfilled @ webpack://cxmooc-too…l/dailyPoints.ts?:5
Promise.then
step @ webpack://cxmooc-too…l/dailyPoints.ts?:7
fulfilled @ webpack://cxmooc-too…l/dailyPoints.ts?:5
Promise.then
step @ webpack://cxmooc-too…l/dailyPoints.ts?:7
fulfilled @ webpack://cxmooc-too…l/dailyPoints.ts?:5
Promise.then
step @ webpack://cxmooc-too…l/dailyPoints.ts?:7
fulfilled @ webpack://cxmooc-too…l/dailyPoints.ts?:5
Promise.then
step @ webpack://cxmooc-too…l/dailyPoints.ts?:7
fulfilled @ webpack://cxmooc-too…l/dailyPoints.ts?:5
Promise.then
step @ webpack://cxmooc-too…l/dailyPoints.ts?:7
fulfilled @ webpack://cxmooc-too…l/dailyPoints.ts?:5
Promise.then
step @ webpack://cxmooc-too…l/dailyPoints.ts?:7
fulfilled @ webpack://cxmooc-too…l/dailyPoints.ts?:5
Promise.then
step @ webpack://cxmooc-too…l/dailyPoints.ts?:7
fulfilled @ webpack://cxmooc-too…l/dailyPoints.ts?:5
Promise.then
step @ webpack://cxmooc-too…l/dailyPoints.ts?:7
fulfilled @ webpack://cxmooc-too…l/dailyPoints.ts?:5
Promise.then
step @ webpack://cxmooc-too…l/dailyPoints.ts?:7
fulfilled @ webpack://cxmooc-too…l/dailyPoints.ts?:5
Promise.then
step @ webpack://cxmooc-too…l/dailyPoints.ts?:7
fulfilled @ webpack://cxmooc-too…l/dailyPoints.ts?:5
18:39:55.661  [warn 18:39:55 ] [任务切换] 正在切换中，跳过重复调用
Warn @ webpack://cxmooc-too…l/utils/log.ts?:197
eval @ webpack://cxmooc-too…dailyPoints.ts?:521
eval @ webpack://cxmooc-too…l/dailyPoints.ts?:8
__awaiter @ webpack://cxmooc-too…l/dailyPoints.ts?:4
switchToNextTask @ webpack://cxmooc-too…dailyPoints.ts?:519
updatePointsStateFromApi @ webpack://cxmooc-too…dailyPoints.ts?:508
eval @ webpack://cxmooc-too…ailyPoints.ts?:1041
fulfilled @ webpack://cxmooc-too…l/dailyPoints.ts?:5
Promise.then
step @ webpack://cxmooc-too…l/dailyPoints.ts?:7
fulfilled @ webpack://cxmooc-too…l/dailyPoints.ts?:5
Promise.then
step @ webpack://cxmooc-too…l/dailyPoints.ts?:7
fulfilled @ webpack://cxmooc-too…l/dailyPoints.ts?:5
Promise.then
step @ webpack://cxmooc-too…l/dailyPoints.ts?:7
fulfilled @ webpack://cxmooc-too…l/dailyPoints.ts?:5
Promise.then
step @ webpack://cxmooc-too…l/dailyPoints.ts?:7
fulfilled @ webpack://cxmooc-too…l/dailyPoints.ts?:5
Promise.then
step @ webpack://cxmooc-too…l/dailyPoints.ts?:7
fulfilled @ webpack://cxmooc-too…l/dailyPoints.ts?:5
Promise.then
step @ webpack://cxmooc-too…l/dailyPoints.ts?:7
fulfilled @ webpack://cxmooc-too…l/dailyPoints.ts?:5
Promise.then
step @ webpack://cxmooc-too…l/dailyPoints.ts?:7
fulfilled @ webpack://cxmooc-too…l/dailyPoints.ts?:5
Promise.then
step @ webpack://cxmooc-too…l/dailyPoints.ts?:7
fulfilled @ webpack://cxmooc-too…l/dailyPoints.ts?:5
Promise.then
step @ webpack://cxmooc-too…l/dailyPoints.ts?:7
fulfilled @ webpack://cxmooc-too…l/dailyPoints.ts?:5
Promise.then
step @ webpack://cxmooc-too…l/dailyPoints.ts?:7
fulfilled @ webpack://cxmooc-too…l/dailyPoints.ts?:5
Promise.then
step @ webpack://cxmooc-too…l/dailyPoints.ts?:7
fulfilled @ webpack://cxmooc-too…l/dailyPoints.ts?:5
Promise.then
step @ webpack://cxmooc-too…l/dailyPoints.ts?:7
fulfilled @ webpack://cxmooc-too…l/dailyPoints.ts?:5
Promise.then
step @ webpack://cxmooc-too…l/dailyPoints.ts?:7
fulfilled @ webpack://cxmooc-too…l/dailyPoints.ts?:5
Promise.then
step @ webpack://cxmooc-too…l/dailyPoints.ts?:7
fulfilled @ webpack://cxmooc-too…l/dailyPoints.ts?:5
Promise.then
step @ webpack://cxmooc-too…l/dailyPoints.ts?:7
fulfilled @ webpack://cxmooc-too…l/dailyPoints.ts?:5
Promise.then
step @ webpack://cxmooc-too…l/dailyPoints.ts?:7
fulfilled @ webpack://cxmooc-too…l/dailyPoints.ts?:5
Promise.then
step @ webpack://cxmooc-too…l/dailyPoints.ts?:7
fulfilled @ webpack://cxmooc-too…l/dailyPoints.ts?:5
Promise.then
step @ webpack://cxmooc-too…l/dailyPoints.ts?:7
fulfilled @ webpack://cxmooc-too…l/dailyPoints.ts?:5
Promise.then
step @ webpack://cxmooc-too…l/dailyPoints.ts?:7
fulfilled @ webpack://cxmooc-too…l/dailyPoints.ts?:5
Promise.then
step @ webpack://cxmooc-too…l/dailyPoints.ts?:7
fulfilled @ webpack://cxmooc-too…l/dailyPoints.ts?:5
Promise.then
step @ webpack://cxmooc-too…l/dailyPoints.ts?:7
fulfilled @ webpack://cxmooc-too…l/dailyPoints.ts?:5
Promise.then
step @ webpack://cxmooc-too…l/dailyPoints.ts?:7
fulfilled @ webpack://cxmooc-too…l/dailyPoints.ts?:5
Promise.then
step @ webpack://cxmooc-too…l/dailyPoints.ts?:7
fulfilled @ webpack://cxmooc-too…l/dailyPoints.ts?:5
Promise.then
step @ webpack://cxmooc-too…l/dailyPoints.ts?:7
fulfilled @ webpack://cxmooc-too…l/dailyPoints.ts?:5
Promise.then
step @ webpack://cxmooc-too…l/dailyPoints.ts?:7
fulfilled @ webpack://cxmooc-too…l/dailyPoints.ts?:5
Promise.then
step @ webpack://cxmooc-too…l/dailyPoints.ts?:7
fulfilled @ webpack://cxmooc-too…l/dailyPoints.ts?:5
Promise.then
step @ webpack://cxmooc-too…l/dailyPoints.ts?:7
fulfilled @ webpack://cxmooc-too…l/dailyPoints.ts?:5
Promise.then
step @ webpack://cxmooc-too…l/dailyPoints.ts?:7
fulfilled @ webpack://cxmooc-too…l/dailyPoints.ts?:5
Promise.then
step @ webpack://cxmooc-too…l/dailyPoints.ts?:7
fulfilled @ webpack://cxmooc-too…l/dailyPoints.ts?:5
Promise.then
step @ webpack://cxmooc-too…l/dailyPoints.ts?:7
fulfilled @ webpack://cxmooc-too…l/dailyPoints.ts?:5
Promise.then
step @ webpack://cxmooc-too…l/dailyPoints.ts?:7
fulfilled @ webpack://cxmooc-too…l/dailyPoints.ts?:5
Promise.then
step @ webpack://cxmooc-too…l/dailyPoints.ts?:7
fulfilled @ webpack://cxmooc-too…l/dailyPoints.ts?:5
18:39:55.661  [debug 18:39:55 ] 获取知识分享: pageId=6d424ae30d064ae38560868164bbdec4
18:39:55.661  [debug 18:39:55 ] 发送API请求: GET https://zsgl.lzlj.com/learn/app/clientapi/knowledge/cloud/page/like/isShareOut.do?pageId=6d424ae30d064ae38560868164bbdec4&shareOutType=&sid=F76FB3D332BB4D4D8F5F3EE25814DBF6&os=99
18:39:55.671  [每日积分] panel: 收到页面消息1 {type: 'POINTS_UPDATED', data: {…}}
18:39:55.671  [每日积分] panel: 处理POINTS_UPDATED {learning: {…}, contribution: {…}, interaction: {…}}
18:39:55.839  [debug 18:39:55 ] API响应成功: {body: {…}, code: '0', file: null, message: '成功', user: null}
18:39:55.840  [debug 18:39:55 ] 知识分享成功，第109次调用，累积积分: 0.6/70
18:39:55.840  [debug 18:39:55 ] 获取知识分享: pageId=6d424ae30d064ae38560868164bbdec4
18:39:55.841  [debug 18:39:55 ] 发送API请求: GET https://zsgl.lzlj.com/learn/app/clientapi/knowledge/cloud/page/like/isShareOut.do?pageId=6d424ae30d064ae38560868164bbdec4&shareOutType=&sid=F76FB3D332BB4D4D8F5F3EE25814DBF6&os=99
18:39:55.847  [debug 18:39:55 ] API响应成功: {body: {…}, code: '0', file: null, message: '成功', user: null}
18:39:55.848  [debug 18:39:55 ] 知识分享成功，第110次调用，累积积分: 1.2/70
18:39:55.848  [debug 18:39:55 ] 获取积分详情: 2026-03-16 ~ 2026-03-31
18:39:55.848  [debug 18:39:55 ] 发送API请求: POST https://zsgl.lzlj.com/learn/app/clientapi/personal/statistics/queryUserPointPercent.do?os=99&sid=F76FB3D332BB4D4D8F5F3EE25814DBF6
18:39:56.001  [debug 18:39:56 ] API响应成功: {body: {…}, code: '0', file: null, message: '成功', user: null}
18:39:56.002  [debug 18:39:56 ] 知识分享成功，第111次调用，累积积分: 1.7999999999999998/70
18:39:56.003  [debug 18:39:56 ] 获取知识分享: pageId=6d424ae30d064ae38560868164bbdec4
18:39:56.003  [debug 18:39:56 ] 发送API请求: GET https://zsgl.lzlj.com/learn/app/clientapi/knowledge/cloud/page/like/isShareOut.do?pageId=6d424ae30d064ae38560868164bbdec4&shareOutType=&sid=F76FB3D332BB4D4D8F5F3EE25814DBF6&os=99
18:39:56.104  [debug 18:39:56 ] API响应成功: {body: Array(4), code: '0', file: null, message: '成功', user: null}
18:39:56.105  [debug 18:39:56 ] 积分项: 知识被阅读 (knowledge_read_point) = 20
18:39:56.105  [debug 18:39:56 ] 更新贡献积分: 20
18:39:56.106  [debug 18:39:56 ] 积分项: 知识被分享 (knowledge_shared) = 20
18:39:56.106  [debug 18:39:56 ] 更新互动积分: 20
18:39:56.106  [debug 18:39:56 ] 积分项: 学习课程 (24E2D4D119E74B76AC349FA12A0B646C) = 8
18:39:56.107  [debug 18:39:56 ] 更新学习积分（学习课程）: +8，当前: 8
18:39:56.107  [debug 18:39:56 ] 积分项: 知识分享 (knowledge_sharing) = 10
18:39:56.107  [debug 18:39:56 ] 更新互动积分: 30
18:39:56.108  [warn 18:39:56 ] 积分无变化，连续无变化次数: 22/2
Warn @ webpack://cxmooc-too…l/utils/log.ts?:197
updatePointsStateFromApi @ webpack://cxmooc-too…dailyPoints.ts?:505
eval @ webpack://cxmooc-too…ailyPoints.ts?:1041
fulfilled @ webpack://cxmooc-too…l/dailyPoints.ts?:5
Promise.then
step @ webpack://cxmooc-too…l/dailyPoints.ts?:7
fulfilled @ webpack://cxmooc-too…l/dailyPoints.ts?:5
Promise.then
step @ webpack://cxmooc-too…l/dailyPoints.ts?:7
fulfilled @ webpack://cxmooc-too…l/dailyPoints.ts?:5
Promise.then
step @ webpack://cxmooc-too…l/dailyPoints.ts?:7
fulfilled @ webpack://cxmooc-too…l/dailyPoints.ts?:5
Promise.then
step @ webpack://cxmooc-too…l/dailyPoints.ts?:7
fulfilled @ webpack://cxmooc-too…l/dailyPoints.ts?:5
Promise.then
step @ webpack://cxmooc-too…l/dailyPoints.ts?:7
fulfilled @ webpack://cxmooc-too…l/dailyPoints.ts?:5
Promise.then
step @ webpack://cxmooc-too…l/dailyPoints.ts?:7
fulfilled @ webpack://cxmooc-too…l/dailyPoints.ts?:5
Promise.then
step @ webpack://cxmooc-too…l/dailyPoints.ts?:7
fulfilled @ webpack://cxmooc-too…l/dailyPoints.ts?:5
Promise.then
step @ webpack://cxmooc-too…l/dailyPoints.ts?:7
fulfilled @ webpack://cxmooc-too…l/dailyPoints.ts?:5
Promise.then
step @ webpack://cxmooc-too…l/dailyPoints.ts?:7
fulfilled @ webpack://cxmooc-too…l/dailyPoints.ts?:5
Promise.then
step @ webpack://cxmooc-too…l/dailyPoints.ts?:7
fulfilled @ webpack://cxmooc-too…l/dailyPoints.ts?:5
Promise.then
step @ webpack://cxmooc-too…l/dailyPoints.ts?:7
fulfilled @ webpack://cxmooc-too…l/dailyPoints.ts?:5
Promise.then
step @ webpack://cxmooc-too…l/dailyPoints.ts?:7
fulfilled @ webpack://cxmooc-too…l/dailyPoints.ts?:5
Promise.then
step @ webpack://cxmooc-too…l/dailyPoints.ts?:7
fulfilled @ webpack://cxmooc-too…l/dailyPoints.ts?:5
Promise.then
step @ webpack://cxmooc-too…l/dailyPoints.ts?:7
fulfilled @ webpack://cxmooc-too…l/dailyPoints.ts?:5
Promise.then
step @ webpack://cxmooc-too…l/dailyPoints.ts?:7
fulfilled @ webpack://cxmooc-too…l/dailyPoints.ts?:5
Promise.then
step @ webpack://cxmooc-too…l/dailyPoints.ts?:7
fulfilled @ webpack://cxmooc-too…l/dailyPoints.ts?:5
Promise.then
step @ webpack://cxmooc-too…l/dailyPoints.ts?:7
fulfilled @ webpack://cxmooc-too…l/dailyPoints.ts?:5
Promise.then
step @ webpack://cxmooc-too…l/dailyPoints.ts?:7
fulfilled @ webpack://cxmooc-too…l/dailyPoints.ts?:5
Promise.then
step @ webpack://cxmooc-too…l/dailyPoints.ts?:7
fulfilled @ webpack://cxmooc-too…l/dailyPoints.ts?:5
Promise.then
step @ webpack://cxmooc-too…l/dailyPoints.ts?:7
fulfilled @ webpack://cxmooc-too…l/dailyPoints.ts?:5
Promise.then
step @ webpack://cxmooc-too…l/dailyPoints.ts?:7
fulfilled @ webpack://cxmooc-too…l/dailyPoints.ts?:5
Promise.then
step @ webpack://cxmooc-too…l/dailyPoints.ts?:7
fulfilled @ webpack://cxmooc-too…l/dailyPoints.ts?:5
Promise.then
step @ webpack://cxmooc-too…l/dailyPoints.ts?:7
fulfilled @ webpack://cxmooc-too…l/dailyPoints.ts?:5
Promise.then
step @ webpack://cxmooc-too…l/dailyPoints.ts?:7
fulfilled @ webpack://cxmooc-too…l/dailyPoints.ts?:5
Promise.then
step @ webpack://cxmooc-too…l/dailyPoints.ts?:7
fulfilled @ webpack://cxmooc-too…l/dailyPoints.ts?:5
Promise.then
step @ webpack://cxmooc-too…l/dailyPoints.ts?:7
fulfilled @ webpack://cxmooc-too…l/dailyPoints.ts?:5
Promise.then
step @ webpack://cxmooc-too…l/dailyPoints.ts?:7
fulfilled @ webpack://cxmooc-too…l/dailyPoints.ts?:5
Promise.then
step @ webpack://cxmooc-too…l/dailyPoints.ts?:7
fulfilled @ webpack://cxmooc-too…l/dailyPoints.ts?:5
Promise.then
step @ webpack://cxmooc-too…l/dailyPoints.ts?:7
fulfilled @ webpack://cxmooc-too…l/dailyPoints.ts?:5
Promise.then
step @ webpack://cxmooc-too…l/dailyPoints.ts?:7
fulfilled @ webpack://cxmooc-too…l/dailyPoints.ts?:5
Promise.then
step @ webpack://cxmooc-too…l/dailyPoints.ts?:7
fulfilled @ webpack://cxmooc-too…l/dailyPoints.ts?:5
Promise.then
step @ webpack://cxmooc-too…l/dailyPoints.ts?:7
fulfilled @ webpack://cxmooc-too…l/dailyPoints.ts?:5
18:39:56.108  [warn 18:39:56 ] [任务切换] 正在切换中，跳过重复调用
Warn @ webpack://cxmooc-too…l/utils/log.ts?:197
eval @ webpack://cxmooc-too…dailyPoints.ts?:521
eval @ webpack://cxmooc-too…l/dailyPoints.ts?:8
__awaiter @ webpack://cxmooc-too…l/dailyPoints.ts?:4
switchToNextTask @ webpack://cxmooc-too…dailyPoints.ts?:519
updatePointsStateFromApi @ webpack://cxmooc-too…dailyPoints.ts?:508
eval @ webpack://cxmooc-too…ailyPoints.ts?:1041
fulfilled @ webpack://cxmooc-too…l/dailyPoints.ts?:5
Promise.then
step @ webpack://cxmooc-too…l/dailyPoints.ts?:7
fulfilled @ webpack://cxmooc-too…l/dailyPoints.ts?:5
Promise.then
step @ webpack://cxmooc-too…l/dailyPoints.ts?:7
fulfilled @ webpack://cxmooc-too…l/dailyPoints.ts?:5
Promise.then
step @ webpack://cxmooc-too…l/dailyPoints.ts?:7
fulfilled @ webpack://cxmooc-too…l/dailyPoints.ts?:5
Promise.then
step @ webpack://cxmooc-too…l/dailyPoints.ts?:7
fulfilled @ webpack://cxmooc-too…l/dailyPoints.ts?:5
Promise.then
step @ webpack://cxmooc-too…l/dailyPoints.ts?:7
fulfilled @ webpack://cxmooc-too…l/dailyPoints.ts?:5
Promise.then
step @ webpack://cxmooc-too…l/dailyPoints.ts?:7
fulfilled @ webpack://cxmooc-too…l/dailyPoints.ts?:5
Promise.then
step @ webpack://cxmooc-too…l/dailyPoints.ts?:7
fulfilled @ webpack://cxmooc-too…l/dailyPoints.ts?:5
Promise.then
step @ webpack://cxmooc-too…l/dailyPoints.ts?:7
fulfilled @ webpack://cxmooc-too…l/dailyPoints.ts?:5
Promise.then
step @ webpack://cxmooc-too…l/dailyPoints.ts?:7
fulfilled @ webpack://cxmooc-too…l/dailyPoints.ts?:5
Promise.then
step @ webpack://cxmooc-too…l/dailyPoints.ts?:7
fulfilled @ webpack://cxmooc-too…l/dailyPoints.ts?:5
Promise.then
step @ webpack://cxmooc-too…l/dailyPoints.ts?:7
fulfilled @ webpack://cxmooc-too…l/dailyPoints.ts?:5
Promise.then
step @ webpack://cxmooc-too…l/dailyPoints.ts?:7
fulfilled @ webpack://cxmooc-too…l/dailyPoints.ts?:5
Promise.then
step @ webpack://cxmooc-too…l/dailyPoints.ts?:7
fulfilled @ webpack://cxmooc-too…l/dailyPoints.ts?:5
Promise.then
step @ webpack://cxmooc-too…l/dailyPoints.ts?:7
fulfilled @ webpack://cxmooc-too…l/dailyPoints.ts?:5
Promise.then
step @ webpack://cxmooc-too…l/dailyPoints.ts?:7
fulfilled @ webpack://cxmooc-too…l/dailyPoints.ts?:5
Promise.then
step @ webpack://cxmooc-too…l/dailyPoints.ts?:7
fulfilled @ webpack://cxmooc-too…l/dailyPoints.ts?:5
Promise.then
step @ webpack://cxmooc-too…l/dailyPoints.ts?:7
fulfilled @ webpack://cxmooc-too…l/dailyPoints.ts?:5
Promise.then
step @ webpack://cxmooc-too…l/dailyPoints.ts?:7
fulfilled @ webpack://cxmooc-too…l/dailyPoints.ts?:5
Promise.then
step @ webpack://cxmooc-too…l/dailyPoints.ts?:7
fulfilled @ webpack://cxmooc-too…l/dailyPoints.ts?:5
Promise.then
step @ webpack://cxmooc-too…l/dailyPoints.ts?:7
fulfilled @ webpack://cxmooc-too…l/dailyPoints.ts?:5
Promise.then
step @ webpack://cxmooc-too…l/dailyPoints.ts?:7
fulfilled @ webpack://cxmooc-too…l/dailyPoints.ts?:5
Promise.then
step @ webpack://cxmooc-too…l/dailyPoints.ts?:7
fulfilled @ webpack://cxmooc-too…l/dailyPoints.ts?:5
Promise.then
step @ webpack://cxmooc-too…l/dailyPoints.ts?:7
fulfilled @ webpack://cxmooc-too…l/dailyPoints.ts?:5
Promise.then
step @ webpack://cxmooc-too…l/dailyPoints.ts?:7
fulfilled @ webpack://cxmooc-too…l/dailyPoints.ts?:5
Promise.then
step @ webpack://cxmooc-too…l/dailyPoints.ts?:7
fulfilled @ webpack://cxmooc-too…l/dailyPoints.ts?:5
Promise.then
step @ webpack://cxmooc-too…l/dailyPoints.ts?:7
fulfilled @ webpack://cxmooc-too…l/dailyPoints.ts?:5
Promise.then
step @ webpack://cxmooc-too…l/dailyPoints.ts?:7
fulfilled @ webpack://cxmooc-too…l/dailyPoints.ts?:5
Promise.then
step @ webpack://cxmooc-too…l/dailyPoints.ts?:7
fulfilled @ webpack://cxmooc-too…l/dailyPoints.ts?:5
Promise.then
step @ webpack://cxmooc-too…l/dailyPoints.ts?:7
fulfilled @ webpack://cxmooc-too…l/dailyPoints.ts?:5
Promise.then
step @ webpack://cxmooc-too…l/dailyPoints.ts?:7
fulfilled @ webpack://cxmooc-too…l/dailyPoints.ts?:5
Promise.then
step @ webpack://cxmooc-too…l/dailyPoints.ts?:7
fulfilled @ webpack://cxmooc-too…l/dailyPoints.ts?:5
Promise.then
step @ webpack://cxmooc-too…l/dailyPoints.ts?:7
fulfilled @ webpack://cxmooc-too…l/dailyPoints.ts?:5
18:39:56.109  [debug 18:39:56 ] 获取知识分享: pageId=6d424ae30d064ae38560868164bbdec4
18:39:56.109  [debug 18:39:56 ] 发送API请求: GET https://zsgl.lzlj.com/learn/app/clientapi/knowledge/cloud/page/like/isShareOut.do?pageId=6d424ae30d064ae38560868164bbdec4&shareOutType=&sid=F76FB3D332BB4D4D8F5F3EE25814DBF6&os=99
18:39:56.115  [每日积分] panel: 收到页面消息1 {type: 'POINTS_UPDATED', data: {…}}
18:39:56.115  [每日积分] panel: 处理POINTS_UPDATED {learning: {…}, contribution: {…}, interaction: {…}}
18:39:56.124  [debug 18:39:56 ] API响应成功: {body: {…}, code: '0', file: null, message: '成功', user: null}
18:39:56.124  [debug 18:39:56 ] 知识分享成功，第112次调用，累积积分: 0.6/70
18:39:56.125  [debug 18:39:56 ] 获取知识分享: pageId=6d424ae30d064ae38560868164bbdec4
18:39:56.125  [debug 18:39:56 ] 发送API请求: GET https://zsgl.lzlj.com/learn/app/clientapi/knowledge/cloud/page/like/isShareOut.do?pageId=6d424ae30d064ae38560868164bbdec4&shareOutType=&sid=F76FB3D332BB4D4D8F5F3EE25814DBF6&os=99
18:39:56.224  [debug 18:39:56 ] API响应成功: {body: {…}, code: '0', file: null, message: '成功', user: null}
18:39:56.225  [debug 18:39:56 ] 知识分享成功，第113次调用，累积积分: 1.2/70
18:39:56.225  [debug 18:39:56 ] 获取知识分享: pageId=6d424ae30d064ae38560868164bbdec4
18:39:56.225  [debug 18:39:56 ] 发送API请求: GET https://zsgl.lzlj.com/learn/app/clientapi/knowledge/cloud/page/like/isShareOut.do?pageId=6d424ae30d064ae38560868164bbdec4&shareOutType=&sid=F76FB3D332BB4D4D8F5F3EE25814DBF6&os=99
18:39:56.286  [debug 18:39:56 ] API响应成功: {body: {…}, code: '0', file: null, message: '成功', user: null}
18:39:56.287  [debug 18:39:56 ] 知识分享成功，第114次调用，累积积分: 1.7999999999999998/70
18:39:56.287  [debug 18:39:56 ] 获取知识分享: pageId=6d424ae30d064ae38560868164bbdec4
18:39:56.288  [debug 18:39:56 ] 发送API请求: GET https://zsgl.lzlj.com/learn/app/clientapi/knowledge/cloud/page/like/isShareOut.do?pageId=6d424ae30d064ae38560868164bbdec4&shareOutType=&sid=F76FB3D332BB4D4D8F5F3EE25814DBF6&os=99
18:39:56.333  [debug 18:39:56 ] API响应成功: {body: {…}, code: '0', file: null, message: '成功', user: null}
18:39:56.333  [debug 18:39:56 ] 知识分享成功，第115次调用，累积积分: 2.4/70
18:39:56.333  [debug 18:39:56 ] 获取积分详情: 2026-03-16 ~ 2026-03-31
18:39:56.333  [debug 18:39:56 ] 发送API请求: POST https://zsgl.lzlj.com/learn/app/clientapi/personal/statistics/queryUserPointPercent.do?os=99&sid=F76FB3D332BB4D4D8F5F3EE25814DBF6
18:39:56.448  [debug 18:39:56 ] API响应成功: {body: {…}, code: '0', file: null, message: '成功', user: null}
18:39:56.449  [debug 18:39:56 ] 知识分享成功，第116次调用，累积积分: 3/70
18:39:56.450  [debug 18:39:56 ] 获取知识分享: pageId=6d424ae30d064ae38560868164bbdec4
18:39:56.450  [debug 18:39:56 ] 发送API请求: GET https://zsgl.lzlj.com/learn/app/clientapi/knowledge/cloud/page/like/isShareOut.do?pageId=6d424ae30d064ae38560868164bbdec4&shareOutType=&sid=F76FB3D332BB4D4D8F5F3EE25814DBF6&os=99
18:39:56.586  [debug 18:39:56 ] API响应成功: {body: Array(4), code: '0', file: null, message: '成功', user: null}
18:39:56.586  [debug 18:39:56 ] 积分项: 知识被阅读 (knowledge_read_point) = 20
18:39:56.586  [debug 18:39:56 ] 更新贡献积分: 20
18:39:56.586  [debug 18:39:56 ] 积分项: 知识被分享 (knowledge_shared) = 20
18:39:56.587  [debug 18:39:56 ] 更新互动积分: 20
18:39:56.587  [debug 18:39:56 ] 积分项: 学习课程 (24E2D4D119E74B76AC349FA12A0B646C) = 8
18:39:56.587  [debug 18:39:56 ] 更新学习积分（学习课程）: +8，当前: 8
18:39:56.587  [debug 18:39:56 ] 积分项: 知识分享 (knowledge_sharing) = 10
18:39:56.587  [debug 18:39:56 ] 更新互动积分: 30
18:39:56.587  [warn 18:39:56 ] 积分无变化，连续无变化次数: 23/2
Warn @ webpack://cxmooc-too…l/utils/log.ts?:197
updatePointsStateFromApi @ webpack://cxmooc-too…dailyPoints.ts?:505
eval @ webpack://cxmooc-too…ailyPoints.ts?:1041
fulfilled @ webpack://cxmooc-too…l/dailyPoints.ts?:5
Promise.then
step @ webpack://cxmooc-too…l/dailyPoints.ts?:7
fulfilled @ webpack://cxmooc-too…l/dailyPoints.ts?:5
Promise.then
step @ webpack://cxmooc-too…l/dailyPoints.ts?:7
fulfilled @ webpack://cxmooc-too…l/dailyPoints.ts?:5
Promise.then
step @ webpack://cxmooc-too…l/dailyPoints.ts?:7
fulfilled @ webpack://cxmooc-too…l/dailyPoints.ts?:5
Promise.then
step @ webpack://cxmooc-too…l/dailyPoints.ts?:7
fulfilled @ webpack://cxmooc-too…l/dailyPoints.ts?:5
Promise.then
step @ webpack://cxmooc-too…l/dailyPoints.ts?:7
fulfilled @ webpack://cxmooc-too…l/dailyPoints.ts?:5
Promise.then
step @ webpack://cxmooc-too…l/dailyPoints.ts?:7
fulfilled @ webpack://cxmooc-too…l/dailyPoints.ts?:5
Promise.then
step @ webpack://cxmooc-too…l/dailyPoints.ts?:7
fulfilled @ webpack://cxmooc-too…l/dailyPoints.ts?:5
Promise.then
step @ webpack://cxmooc-too…l/dailyPoints.ts?:7
fulfilled @ webpack://cxmooc-too…l/dailyPoints.ts?:5
Promise.then
step @ webpack://cxmooc-too…l/dailyPoints.ts?:7
fulfilled @ webpack://cxmooc-too…l/dailyPoints.ts?:5
Promise.then
step @ webpack://cxmooc-too…l/dailyPoints.ts?:7
fulfilled @ webpack://cxmooc-too…l/dailyPoints.ts?:5
Promise.then
step @ webpack://cxmooc-too…l/dailyPoints.ts?:7
fulfilled @ webpack://cxmooc-too…l/dailyPoints.ts?:5
Promise.then
step @ webpack://cxmooc-too…l/dailyPoints.ts?:7
fulfilled @ webpack://cxmooc-too…l/dailyPoints.ts?:5
Promise.then
step @ webpack://cxmooc-too…l/dailyPoints.ts?:7
fulfilled @ webpack://cxmooc-too…l/dailyPoints.ts?:5
Promise.then
step @ webpack://cxmooc-too…l/dailyPoints.ts?:7
fulfilled @ webpack://cxmooc-too…l/dailyPoints.ts?:5
Promise.then
step @ webpack://cxmooc-too…l/dailyPoints.ts?:7
fulfilled @ webpack://cxmooc-too…l/dailyPoints.ts?:5
Promise.then
step @ webpack://cxmooc-too…l/dailyPoints.ts?:7
fulfilled @ webpack://cxmooc-too…l/dailyPoints.ts?:5
Promise.then
step @ webpack://cxmooc-too…l/dailyPoints.ts?:7
fulfilled @ webpack://cxmooc-too…l/dailyPoints.ts?:5
Promise.then
step @ webpack://cxmooc-too…l/dailyPoints.ts?:7
fulfilled @ webpack://cxmooc-too…l/dailyPoints.ts?:5
Promise.then
step @ webpack://cxmooc-too…l/dailyPoints.ts?:7
fulfilled @ webpack://cxmooc-too…l/dailyPoints.ts?:5
Promise.then
step @ webpack://cxmooc-too…l/dailyPoints.ts?:7
fulfilled @ webpack://cxmooc-too…l/dailyPoints.ts?:5
Promise.then
step @ webpack://cxmooc-too…l/dailyPoints.ts?:7
fulfilled @ webpack://cxmooc-too…l/dailyPoints.ts?:5
Promise.then
step @ webpack://cxmooc-too…l/dailyPoints.ts?:7
fulfilled @ webpack://cxmooc-too…l/dailyPoints.ts?:5
Promise.then
step @ webpack://cxmooc-too…l/dailyPoints.ts?:7
fulfilled @ webpack://cxmooc-too…l/dailyPoints.ts?:5
Promise.then
step @ webpack://cxmooc-too…l/dailyPoints.ts?:7
fulfilled @ webpack://cxmooc-too…l/dailyPoints.ts?:5
Promise.then
step @ webpack://cxmooc-too…l/dailyPoints.ts?:7
fulfilled @ webpack://cxmooc-too…l/dailyPoints.ts?:5
Promise.then
step @ webpack://cxmooc-too…l/dailyPoints.ts?:7
fulfilled @ webpack://cxmooc-too…l/dailyPoints.ts?:5
Promise.then
step @ webpack://cxmooc-too…l/dailyPoints.ts?:7
fulfilled @ webpack://cxmooc-too…l/dailyPoints.ts?:5
Promise.then
step @ webpack://cxmooc-too…l/dailyPoints.ts?:7
fulfilled @ webpack://cxmooc-too…l/dailyPoints.ts?:5
Promise.then
step @ webpack://cxmooc-too…l/dailyPoints.ts?:7
fulfilled @ webpack://cxmooc-too…l/dailyPoints.ts?:5
Promise.then
step @ webpack://cxmooc-too…l/dailyPoints.ts?:7
fulfilled @ webpack://cxmooc-too…l/dailyPoints.ts?:5
Promise.then
step @ webpack://cxmooc-too…l/dailyPoints.ts?:7
fulfilled @ webpack://cxmooc-too…l/dailyPoints.ts?:5
Promise.then
step @ webpack://cxmooc-too…l/dailyPoints.ts?:7
fulfilled @ webpack://cxmooc-too…l/dailyPoints.ts?:5
18:39:56.588  [warn 18:39:56 ] [任务切换] 正在切换中，跳过重复调用
Warn @ webpack://cxmooc-too…l/utils/log.ts?:197
eval @ webpack://cxmooc-too…dailyPoints.ts?:521
eval @ webpack://cxmooc-too…l/dailyPoints.ts?:8
__awaiter @ webpack://cxmooc-too…l/dailyPoints.ts?:4
switchToNextTask @ webpack://cxmooc-too…dailyPoints.ts?:519
updatePointsStateFromApi @ webpack://cxmooc-too…dailyPoints.ts?:508
eval @ webpack://cxmooc-too…ailyPoints.ts?:1041
fulfilled @ webpack://cxmooc-too…l/dailyPoints.ts?:5
Promise.then
step @ webpack://cxmooc-too…l/dailyPoints.ts?:7
fulfilled @ webpack://cxmooc-too…l/dailyPoints.ts?:5
Promise.then
step @ webpack://cxmooc-too…l/dailyPoints.ts?:7
fulfilled @ webpack://cxmooc-too…l/dailyPoints.ts?:5
Promise.then
step @ webpack://cxmooc-too…l/dailyPoints.ts?:7
fulfilled @ webpack://cxmooc-too…l/dailyPoints.ts?:5
Promise.then
step @ webpack://cxmooc-too…l/dailyPoints.ts?:7
fulfilled @ webpack://cxmooc-too…l/dailyPoints.ts?:5
Promise.then
step @ webpack://cxmooc-too…l/dailyPoints.ts?:7
fulfilled @ webpack://cxmooc-too…l/dailyPoints.ts?:5
Promise.then
step @ webpack://cxmooc-too…l/dailyPoints.ts?:7
fulfilled @ webpack://cxmooc-too…l/dailyPoints.ts?:5
Promise.then
step @ webpack://cxmooc-too…l/dailyPoints.ts?:7
fulfilled @ webpack://cxmooc-too…l/dailyPoints.ts?:5
Promise.then
step @ webpack://cxmooc-too…l/dailyPoints.ts?:7
fulfilled @ webpack://cxmooc-too…l/dailyPoints.ts?:5
Promise.then
step @ webpack://cxmooc-too…l/dailyPoints.ts?:7
fulfilled @ webpack://cxmooc-too…l/dailyPoints.ts?:5
Promise.then
step @ webpack://cxmooc-too…l/dailyPoints.ts?:7
fulfilled @ webpack://cxmooc-too…l/dailyPoints.ts?:5
Promise.then
step @ webpack://cxmooc-too…l/dailyPoints.ts?:7
fulfilled @ webpack://cxmooc-too…l/dailyPoints.ts?:5
Promise.then
step @ webpack://cxmooc-too…l/dailyPoints.ts?:7
fulfilled @ webpack://cxmooc-too…l/dailyPoints.ts?:5
Promise.then
step @ webpack://cxmooc-too…l/dailyPoints.ts?:7
fulfilled @ webpack://cxmooc-too…l/dailyPoints.ts?:5
Promise.then
step @ webpack://cxmooc-too…l/dailyPoints.ts?:7
fulfilled @ webpack://cxmooc-too…l/dailyPoints.ts?:5
Promise.then
step @ webpack://cxmooc-too…l/dailyPoints.ts?:7
fulfilled @ webpack://cxmooc-too…l/dailyPoints.ts?:5
Promise.then
step @ webpack://cxmooc-too…l/dailyPoints.ts?:7
fulfilled @ webpack://cxmooc-too…l/dailyPoints.ts?:5
Promise.then
step @ webpack://cxmooc-too…l/dailyPoints.ts?:7
fulfilled @ webpack://cxmooc-too…l/dailyPoints.ts?:5
Promise.then
step @ webpack://cxmooc-too…l/dailyPoints.ts?:7
fulfilled @ webpack://cxmooc-too…l/dailyPoints.ts?:5
Promise.then
step @ webpack://cxmooc-too…l/dailyPoints.ts?:7
fulfilled @ webpack://cxmooc-too…l/dailyPoints.ts?:5
Promise.then
step @ webpack://cxmooc-too…l/dailyPoints.ts?:7
fulfilled @ webpack://cxmooc-too…l/dailyPoints.ts?:5
Promise.then
step @ webpack://cxmooc-too…l/dailyPoints.ts?:7
fulfilled @ webpack://cxmooc-too…l/dailyPoints.ts?:5
Promise.then
step @ webpack://cxmooc-too…l/dailyPoints.ts?:7
fulfilled @ webpack://cxmooc-too…l/dailyPoints.ts?:5
Promise.then
step @ webpack://cxmooc-too…l/dailyPoints.ts?:7
fulfilled @ webpack://cxmooc-too…l/dailyPoints.ts?:5
Promise.then
step @ webpack://cxmooc-too…l/dailyPoints.ts?:7
fulfilled @ webpack://cxmooc-too…l/dailyPoints.ts?:5
Promise.then
step @ webpack://cxmooc-too…l/dailyPoints.ts?:7
fulfilled @ webpack://cxmooc-too…l/dailyPoints.ts?:5
Promise.then
step @ webpack://cxmooc-too…l/dailyPoints.ts?:7
fulfilled @ webpack://cxmooc-too…l/dailyPoints.ts?:5
Promise.then
step @ webpack://cxmooc-too…l/dailyPoints.ts?:7
fulfilled @ webpack://cxmooc-too…l/dailyPoints.ts?:5
Promise.then
step @ webpack://cxmooc-too…l/dailyPoints.ts?:7
fulfilled @ webpack://cxmooc-too…l/dailyPoints.ts?:5
Promise.then
step @ webpack://cxmooc-too…l/dailyPoints.ts?:7
fulfilled @ webpack://cxmooc-too…l/dailyPoints.ts?:5
Promise.then
step @ webpack://cxmooc-too…l/dailyPoints.ts?:7
fulfilled @ webpack://cxmooc-too…l/dailyPoints.ts?:5
Promise.then
step @ webpack://cxmooc-too…l/dailyPoints.ts?:7
fulfilled @ webpack://cxmooc-too…l/dailyPoints.ts?:5
Promise.then
step @ webpack://cxmooc-too…l/dailyPoints.ts?:7
fulfilled @ webpack://cxmooc-too…l/dailyPoints.ts?:5
18:39:56.588  [debug 18:39:56 ] 获取知识分享: pageId=6d424ae30d064ae38560868164bbdec4
18:39:56.588  [debug 18:39:56 ] 发送API请求: GET https://zsgl.lzlj.com/learn/app/clientapi/knowledge/cloud/page/like/isShareOut.do?pageId=6d424ae30d064ae38560868164bbdec4&shareOutType=&sid=F76FB3D332BB4D4D8F5F3EE25814DBF6&os=99
18:39:56.595  [每日积分] panel: 收到页面消息1 {type: 'POINTS_UPDATED', data: {…}}
18:39:56.595  [每日积分] panel: 处理POINTS_UPDATED {learning: {…}, contribution: {…}, interaction: {…}}
18:39:56.622  [debug 18:39:56 ] API响应成功: {body: {…}, code: '0', file: null, message: '成功', user: null}
18:39:56.623  [debug 18:39:56 ] 知识分享成功，第117次调用，累积积分: 0.6/70
18:39:56.623  [debug 18:39:56 ] 获取知识分享: pageId=6d424ae30d064ae38560868164bbdec4
18:39:56.623  [debug 18:39:56 ] 发送API请求: GET https://zsgl.lzlj.com/learn/app/clientapi/knowledge/cloud/page/like/isShareOut.do?pageId=6d424ae30d064ae38560868164bbdec4&shareOutType=&sid=F76FB3D332BB4D4D8F5F3EE25814DBF6&os=99
18:39:56.732  [debug 18:39:56 ] API响应成功: {body: {…}, code: '0', file: null, message: '成功', user: null}
18:39:56.733  [debug 18:39:56 ] 知识分享成功，第118次调用，累积积分: 1.2/70
18:39:56.733  [debug 18:39:56 ] 获取知识分享: pageId=6d424ae30d064ae38560868164bbdec4
18:39:56.734  [debug 18:39:56 ] 发送API请求: GET https://zsgl.lzlj.com/learn/app/clientapi/knowledge/cloud/page/like/isShareOut.do?pageId=6d424ae30d064ae38560868164bbdec4&shareOutType=&sid=F76FB3D332BB4D4D8F5F3EE25814DBF6&os=99
18:39:56.770  [debug 18:39:56 ] API响应成功: {body: {…}, code: '0', file: null, message: '成功', user: null}
18:39:56.770  [debug 18:39:56 ] 知识分享成功，第119次调用，累积积分: 1.7999999999999998/70
18:39:56.770  [debug 18:39:56 ] 获取知识分享: pageId=6d424ae30d064ae38560868164bbdec4
18:39:56.770  [debug 18:39:56 ] 发送API请求: GET https://zsgl.lzlj.com/learn/app/clientapi/knowledge/cloud/page/like/isShareOut.do?pageId=6d424ae30d064ae38560868164bbdec4&shareOutType=&sid=F76FB3D332BB4D4D8F5F3EE25814DBF6&os=99
18:39:56.878  [debug 18:39:56 ] API响应成功: {body: {…}, code: '0', file: null, message: '成功', user: null}
18:39:56.878  [debug 18:39:56 ] 知识分享成功，第120次调用，累积积分: 2.4/70
18:39:56.878  [debug 18:39:56 ] 获取积分详情: 2026-03-16 ~ 2026-03-31
18:39:56.879  [debug 18:39:56 ] 发送API请求: POST https://zsgl.lzlj.com/learn/app/clientapi/personal/statistics/queryUserPointPercent.do?os=99&sid=F76FB3D332BB4D4D8F5F3EE25814DBF6
18:39:56.902  [debug 18:39:56 ] API响应成功: {body: {…}, code: '0', file: null, message: '成功', user: null}
18:39:56.902  [debug 18:39:56 ] 知识分享成功，第121次调用，累积积分: 3/70
18:39:56.902  [debug 18:39:56 ] 获取知识分享: pageId=6d424ae30d064ae38560868164bbdec4
18:39:56.903  [debug 18:39:56 ] 发送API请求: GET https://zsgl.lzlj.com/learn/app/clientapi/knowledge/cloud/page/like/isShareOut.do?pageId=6d424ae30d064ae38560868164bbdec4&shareOutType=&sid=F76FB3D332BB4D4D8F5F3EE25814DBF6&os=99
18:39:57.059  [debug 18:39:57 ] API响应成功: {body: {…}, code: '0', file: null, message: '成功', user: null}
18:39:57.060  [debug 18:39:57 ] 知识分享成功，第122次调用，累积积分: 3.6/70
18:39:57.060  [debug 18:39:57 ] 获取知识分享: pageId=6d424ae30d064ae38560868164bbdec4
18:39:57.060  [debug 18:39:57 ] 发送API请求: GET https://zsgl.lzlj.com/learn/app/clientapi/knowledge/cloud/page/like/isShareOut.do?pageId=6d424ae30d064ae38560868164bbdec4&shareOutType=&sid=F76FB3D332BB4D4D8F5F3EE25814DBF6&os=99
18:39:57.144  [debug 18:39:57 ] API响应成功: {body: Array(4), code: '0', file: null, message: '成功', user: null}
18:39:57.145  [debug 18:39:57 ] 积分项: 知识被阅读 (knowledge_read_point) = 20
18:39:57.145  [debug 18:39:57 ] 更新贡献积分: 20
18:39:57.145  [debug 18:39:57 ] 积分项: 知识被分享 (knowledge_shared) = 20
18:39:57.146  [debug 18:39:57 ] 更新互动积分: 20
18:39:57.147  [debug 18:39:57 ] 积分项: 学习课程 (24E2D4D119E74B76AC349FA12A0B646C) = 8
18:39:57.147  [debug 18:39:57 ] 更新学习积分（学习课程）: +8，当前: 8
18:39:57.147  [debug 18:39:57 ] 积分项: 知识分享 (knowledge_sharing) = 10
18:39:57.147  [debug 18:39:57 ] 更新互动积分: 30
18:39:57.148  [warn 18:39:57 ] 积分无变化，连续无变化次数: 24/2
Warn @ webpack://cxmooc-too…l/utils/log.ts?:197
updatePointsStateFromApi @ webpack://cxmooc-too…dailyPoints.ts?:505
eval @ webpack://cxmooc-too…ailyPoints.ts?:1041
fulfilled @ webpack://cxmooc-too…l/dailyPoints.ts?:5
Promise.then
step @ webpack://cxmooc-too…l/dailyPoints.ts?:7
fulfilled @ webpack://cxmooc-too…l/dailyPoints.ts?:5
Promise.then
step @ webpack://cxmooc-too…l/dailyPoints.ts?:7
fulfilled @ webpack://cxmooc-too…l/dailyPoints.ts?:5
Promise.then
step @ webpack://cxmooc-too…l/dailyPoints.ts?:7
fulfilled @ webpack://cxmooc-too…l/dailyPoints.ts?:5
Promise.then
step @ webpack://cxmooc-too…l/dailyPoints.ts?:7
fulfilled @ webpack://cxmooc-too…l/dailyPoints.ts?:5
Promise.then
step @ webpack://cxmooc-too…l/dailyPoints.ts?:7
fulfilled @ webpack://cxmooc-too…l/dailyPoints.ts?:5
Promise.then
step @ webpack://cxmooc-too…l/dailyPoints.ts?:7
fulfilled @ webpack://cxmooc-too…l/dailyPoints.ts?:5
Promise.then
step @ webpack://cxmooc-too…l/dailyPoints.ts?:7
fulfilled @ webpack://cxmooc-too…l/dailyPoints.ts?:5
Promise.then
step @ webpack://cxmooc-too…l/dailyPoints.ts?:7
fulfilled @ webpack://cxmooc-too…l/dailyPoints.ts?:5
Promise.then
step @ webpack://cxmooc-too…l/dailyPoints.ts?:7
fulfilled @ webpack://cxmooc-too…l/dailyPoints.ts?:5
Promise.then
step @ webpack://cxmooc-too…l/dailyPoints.ts?:7
fulfilled @ webpack://cxmooc-too…l/dailyPoints.ts?:5
Promise.then
step @ webpack://cxmooc-too…l/dailyPoints.ts?:7
fulfilled @ webpack://cxmooc-too…l/dailyPoints.ts?:5
Promise.then
step @ webpack://cxmooc-too…l/dailyPoints.ts?:7
fulfilled @ webpack://cxmooc-too…l/dailyPoints.ts?:5
Promise.then
step @ webpack://cxmooc-too…l/dailyPoints.ts?:7
fulfilled @ webpack://cxmooc-too…l/dailyPoints.ts?:5
Promise.then
step @ webpack://cxmooc-too…l/dailyPoints.ts?:7
fulfilled @ webpack://cxmooc-too…l/dailyPoints.ts?:5
Promise.then
step @ webpack://cxmooc-too…l/dailyPoints.ts?:7
fulfilled @ webpack://cxmooc-too…l/dailyPoints.ts?:5
Promise.then
step @ webpack://cxmooc-too…l/dailyPoints.ts?:7
fulfilled @ webpack://cxmooc-too…l/dailyPoints.ts?:5
Promise.then
step @ webpack://cxmooc-too…l/dailyPoints.ts?:7
fulfilled @ webpack://cxmooc-too…l/dailyPoints.ts?:5
Promise.then
step @ webpack://cxmooc-too…l/dailyPoints.ts?:7
fulfilled @ webpack://cxmooc-too…l/dailyPoints.ts?:5
Promise.then
step @ webpack://cxmooc-too…l/dailyPoints.ts?:7
fulfilled @ webpack://cxmooc-too…l/dailyPoints.ts?:5
Promise.then
step @ webpack://cxmooc-too…l/dailyPoints.ts?:7
fulfilled @ webpack://cxmooc-too…l/dailyPoints.ts?:5
Promise.then
step @ webpack://cxmooc-too…l/dailyPoints.ts?:7
fulfilled @ webpack://cxmooc-too…l/dailyPoints.ts?:5
Promise.then
step @ webpack://cxmooc-too…l/dailyPoints.ts?:7
fulfilled @ webpack://cxmooc-too…l/dailyPoints.ts?:5
Promise.then
step @ webpack://cxmooc-too…l/dailyPoints.ts?:7
fulfilled @ webpack://cxmooc-too…l/dailyPoints.ts?:5
Promise.then
step @ webpack://cxmooc-too…l/dailyPoints.ts?:7
fulfilled @ webpack://cxmooc-too…l/dailyPoints.ts?:5
Promise.then
step @ webpack://cxmooc-too…l/dailyPoints.ts?:7
fulfilled @ webpack://cxmooc-too…l/dailyPoints.ts?:5
Promise.then
step @ webpack://cxmooc-too…l/dailyPoints.ts?:7
fulfilled @ webpack://cxmooc-too…l/dailyPoints.ts?:5
Promise.then
step @ webpack://cxmooc-too…l/dailyPoints.ts?:7
fulfilled @ webpack://cxmooc-too…l/dailyPoints.ts?:5
Promise.then
step @ webpack://cxmooc-too…l/dailyPoints.ts?:7
fulfilled @ webpack://cxmooc-too…l/dailyPoints.ts?:5
Promise.then
step @ webpack://cxmooc-too…l/dailyPoints.ts?:7
fulfilled @ webpack://cxmooc-too…l/dailyPoints.ts?:5
Promise.then
step @ webpack://cxmooc-too…l/dailyPoints.ts?:7
fulfilled @ webpack://cxmooc-too…l/dailyPoints.ts?:5
Promise.then
step @ webpack://cxmooc-too…l/dailyPoints.ts?:7
fulfilled @ webpack://cxmooc-too…l/dailyPoints.ts?:5
Promise.then
step @ webpack://cxmooc-too…l/dailyPoints.ts?:7
fulfilled @ webpack://cxmooc-too…l/dailyPoints.ts?:5
18:39:57.148  [warn 18:39:57 ] [任务切换] 正在切换中，跳过重复调用
Warn @ webpack://cxmooc-too…l/utils/log.ts?:197
eval @ webpack://cxmooc-too…dailyPoints.ts?:521
eval @ webpack://cxmooc-too…l/dailyPoints.ts?:8
__awaiter @ webpack://cxmooc-too…l/dailyPoints.ts?:4
switchToNextTask @ webpack://cxmooc-too…dailyPoints.ts?:519
updatePointsStateFromApi @ webpack://cxmooc-too…dailyPoints.ts?:508
eval @ webpack://cxmooc-too…ailyPoints.ts?:1041
fulfilled @ webpack://cxmooc-too…l/dailyPoints.ts?:5
Promise.then
step @ webpack://cxmooc-too…l/dailyPoints.ts?:7
fulfilled @ webpack://cxmooc-too…l/dailyPoints.ts?:5
Promise.then
step @ webpack://cxmooc-too…l/dailyPoints.ts?:7
fulfilled @ webpack://cxmooc-too…l/dailyPoints.ts?:5
Promise.then
step @ webpack://cxmooc-too…l/dailyPoints.ts?:7
fulfilled @ webpack://cxmooc-too…l/dailyPoints.ts?:5
Promise.then
step @ webpack://cxmooc-too…l/dailyPoints.ts?:7
fulfilled @ webpack://cxmooc-too…l/dailyPoints.ts?:5
Promise.then
step @ webpack://cxmooc-too…l/dailyPoints.ts?:7
fulfilled @ webpack://cxmooc-too…l/dailyPoints.ts?:5
Promise.then
step @ webpack://cxmooc-too…l/dailyPoints.ts?:7
fulfilled @ webpack://cxmooc-too…l/dailyPoints.ts?:5
Promise.then
step @ webpack://cxmooc-too…l/dailyPoints.ts?:7
fulfilled @ webpack://cxmooc-too…l/dailyPoints.ts?:5
Promise.then
step @ webpack://cxmooc-too…l/dailyPoints.ts?:7
fulfilled @ webpack://cxmooc-too…l/dailyPoints.ts?:5
Promise.then
step @ webpack://cxmooc-too…l/dailyPoints.ts?:7
fulfilled @ webpack://cxmooc-too…l/dailyPoints.ts?:5
Promise.then
step @ webpack://cxmooc-too…l/dailyPoints.ts?:7
fulfilled @ webpack://cxmooc-too…l/dailyPoints.ts?:5
Promise.then
step @ webpack://cxmooc-too…l/dailyPoints.ts?:7
fulfilled @ webpack://cxmooc-too…l/dailyPoints.ts?:5
Promise.then
step @ webpack://cxmooc-too…l/dailyPoints.ts?:7
fulfilled @ webpack://cxmooc-too…l/dailyPoints.ts?:5
Promise.then
step @ webpack://cxmooc-too…l/dailyPoints.ts?:7
fulfilled @ webpack://cxmooc-too…l/dailyPoints.ts?:5
Promise.then
step @ webpack://cxmooc-too…l/dailyPoints.ts?:7
fulfilled @ webpack://cxmooc-too…l/dailyPoints.ts?:5
Promise.then
step @ webpack://cxmooc-too…l/dailyPoints.ts?:7
fulfilled @ webpack://cxmooc-too…l/dailyPoints.ts?:5
Promise.then
step @ webpack://cxmooc-too…l/dailyPoints.ts?:7
fulfilled @ webpack://cxmooc-too…l/dailyPoints.ts?:5
Promise.then
step @ webpack://cxmooc-too…l/dailyPoints.ts?:7
fulfilled @ webpack://cxmooc-too…l/dailyPoints.ts?:5
Promise.then
step @ webpack://cxmooc-too…l/dailyPoints.ts?:7
fulfilled @ webpack://cxmooc-too…l/dailyPoints.ts?:5
Promise.then
step @ webpack://cxmooc-too…l/dailyPoints.ts?:7
fulfilled @ webpack://cxmooc-too…l/dailyPoints.ts?:5
Promise.then
step @ webpack://cxmooc-too…l/dailyPoints.ts?:7
fulfilled @ webpack://cxmooc-too…l/dailyPoints.ts?:5
Promise.then
step @ webpack://cxmooc-too…l/dailyPoints.ts?:7
fulfilled @ webpack://cxmooc-too…l/dailyPoints.ts?:5
Promise.then
step @ webpack://cxmooc-too…l/dailyPoints.ts?:7
fulfilled @ webpack://cxmooc-too…l/dailyPoints.ts?:5
Promise.then
step @ webpack://cxmooc-too…l/dailyPoints.ts?:7
fulfilled @ webpack://cxmooc-too…l/dailyPoints.ts?:5
Promise.then
step @ webpack://cxmooc-too…l/dailyPoints.ts?:7
fulfilled @ webpack://cxmooc-too…l/dailyPoints.ts?:5
Promise.then
step @ webpack://cxmooc-too…l/dailyPoints.ts?:7
fulfilled @ webpack://cxmooc-too…l/dailyPoints.ts?:5
Promise.then
step @ webpack://cxmooc-too…l/dailyPoints.ts?:7
fulfilled @ webpack://cxmooc-too…l/dailyPoints.ts?:5
Promise.then
step @ webpack://cxmooc-too…l/dailyPoints.ts?:7
fulfilled @ webpack://cxmooc-too…l/dailyPoints.ts?:5
Promise.then
step @ webpack://cxmooc-too…l/dailyPoints.ts?:7
fulfilled @ webpack://cxmooc-too…l/dailyPoints.ts?:5
Promise.then
step @ webpack://cxmooc-too…l/dailyPoints.ts?:7
fulfilled @ webpack://cxmooc-too…l/dailyPoints.ts?:5
Promise.then
step @ webpack://cxmooc-too…l/dailyPoints.ts?:7
fulfilled @ webpack://cxmooc-too…l/dailyPoints.ts?:5
Promise.then
step @ webpack://cxmooc-too…l/dailyPoints.ts?:7
fulfilled @ webpack://cxmooc-too…l/dailyPoints.ts?:5
Promise.then
step @ webpack://cxmooc-too…l/dailyPoints.ts?:7
fulfilled @ webpack://cxmooc-too…l/dailyPoints.ts?:5
18:39:57.148  [debug 18:39:57 ] 获取知识分享: pageId=6d424ae30d064ae38560868164bbdec4
18:39:57.148  [debug 18:39:57 ] 发送API请求: GET https://zsgl.lzlj.com/learn/app/clientapi/knowledge/cloud/page/like/isShareOut.do?pageId=6d424ae30d064ae38560868164bbdec4&shareOutType=&sid=F76FB3D332BB4D4D8F5F3EE25814DBF6&os=99
18:39:57.154  [每日积分] panel: 收到页面消息1 {type: 'POINTS_UPDATED', data: {…}}
18:39:57.154  [每日积分] panel: 处理POINTS_UPDATED {learning: {…}, contribution: {…}, interaction: {…}}
18:39:57.211  [debug 18:39:57 ] API响应成功: {body: {…}, code: '0', file: null, message: '成功', user: null}
18:39:57.211  [debug 18:39:57 ] 知识分享成功，第123次调用，累积积分: 0.6/70
18:39:57.211  [debug 18:39:57 ] 获取知识分享: pageId=6d424ae30d064ae38560868164bbdec4
18:39:57.211  [debug 18:39:57 ] 发送API请求: GET https://zsgl.lzlj.com/learn/app/clientapi/knowledge/cloud/page/like/isShareOut.do?pageId=6d424ae30d064ae38560868164bbdec4&shareOutType=&sid=F76FB3D332BB4D4D8F5F3EE25814DBF6&os=99
18:39:57.290  [debug 18:39:57 ] API响应成功: {body: {…}, code: '0', file: null, message: '成功', user: null}
18:39:57.291  [debug 18:39:57 ] 知识分享成功，第124次调用，累积积分: 1.2/70
18:39:57.291  [debug 18:39:57 ] 获取知识分享: pageId=6d424ae30d064ae38560868164bbdec4
18:39:57.291  [debug 18:39:57 ] 发送API请求: GET https://zsgl.lzlj.com/learn/app/clientapi/knowledge/cloud/page/like/isShareOut.do?pageId=6d424ae30d064ae38560868164bbdec4&shareOutType=&sid=F76FB3D332BB4D4D8F5F3EE25814DBF6&os=99
18:39:57.365  [debug 18:39:57 ] API响应成功: {body: {…}, code: '0', file: null, message: '成功', user: null}
18:39:57.365  [debug 18:39:57 ] 知识分享成功，第125次调用，累积积分: 1.7999999999999998/70
18:39:57.366  [debug 18:39:57 ] 获取积分详情: 2026-03-16 ~ 2026-03-31
18:39:57.366  [debug 18:39:57 ] 发送API请求: POST https://zsgl.lzlj.com/learn/app/clientapi/personal/statistics/queryUserPointPercent.do?os=99&sid=F76FB3D332BB4D4D8F5F3EE25814DBF6
18:39:57.403  [debug 18:39:57 ] API响应成功: {body: {…}, code: '0', file: null, message: '成功', user: null}
18:39:57.403  [debug 18:39:57 ] 知识分享成功，第126次调用，累积积分: 2.4/70
18:39:57.403  [debug 18:39:57 ] 获取知识分享: pageId=6d424ae30d064ae38560868164bbdec4
18:39:57.403  [debug 18:39:57 ] 发送API请求: GET https://zsgl.lzlj.com/learn/app/clientapi/knowledge/cloud/page/like/isShareOut.do?pageId=6d424ae30d064ae38560868164bbdec4&shareOutType=&sid=F76FB3D332BB4D4D8F5F3EE25814DBF6&os=99
18:39:57.552  [debug 18:39:57 ] API响应成功: {body: {…}, code: '0', file: null, message: '成功', user: null}
18:39:57.553  [debug 18:39:57 ] 知识分享成功，第127次调用，累积积分: 3/70
18:39:57.554  [debug 18:39:57 ] 获取知识分享: pageId=6d424ae30d064ae38560868164bbdec4
18:39:57.554  [debug 18:39:57 ] 发送API请求: GET https://zsgl.lzlj.com/learn/app/clientapi/knowledge/cloud/page/like/isShareOut.do?pageId=6d424ae30d064ae38560868164bbdec4&shareOutType=&sid=F76FB3D332BB4D4D8F5F3EE25814DBF6&os=99
18:39:57.663  [debug 18:39:57 ] API响应成功: {body: Array(4), code: '0', file: null, message: '成功', user: null}
18:39:57.663  [debug 18:39:57 ] 积分项: 知识被阅读 (knowledge_read_point) = 20
18:39:57.664  [debug 18:39:57 ] 更新贡献积分: 20
18:39:57.664  [debug 18:39:57 ] 积分项: 知识被分享 (knowledge_shared) = 20
18:39:57.664  [debug 18:39:57 ] 更新互动积分: 20
18:39:57.664  [debug 18:39:57 ] 积分项: 学习课程 (24E2D4D119E74B76AC349FA12A0B646C) = 8
18:39:57.664  [debug 18:39:57 ] 更新学习积分（学习课程）: +8，当前: 8
18:39:57.664  [debug 18:39:57 ] 积分项: 知识分享 (knowledge_sharing) = 10
18:39:57.664  [debug 18:39:57 ] 更新互动积分: 30
18:39:57.665  [warn 18:39:57 ] 积分无变化，连续无变化次数: 25/2
Warn @ webpack://cxmooc-too…l/utils/log.ts?:197
updatePointsStateFromApi @ webpack://cxmooc-too…dailyPoints.ts?:505
eval @ webpack://cxmooc-too…ailyPoints.ts?:1041
fulfilled @ webpack://cxmooc-too…l/dailyPoints.ts?:5
Promise.then
step @ webpack://cxmooc-too…l/dailyPoints.ts?:7
fulfilled @ webpack://cxmooc-too…l/dailyPoints.ts?:5
Promise.then
step @ webpack://cxmooc-too…l/dailyPoints.ts?:7
fulfilled @ webpack://cxmooc-too…l/dailyPoints.ts?:5
Promise.then
step @ webpack://cxmooc-too…l/dailyPoints.ts?:7
fulfilled @ webpack://cxmooc-too…l/dailyPoints.ts?:5
Promise.then
step @ webpack://cxmooc-too…l/dailyPoints.ts?:7
fulfilled @ webpack://cxmooc-too…l/dailyPoints.ts?:5
Promise.then
step @ webpack://cxmooc-too…l/dailyPoints.ts?:7
fulfilled @ webpack://cxmooc-too…l/dailyPoints.ts?:5
Promise.then
step @ webpack://cxmooc-too…l/dailyPoints.ts?:7
fulfilled @ webpack://cxmooc-too…l/dailyPoints.ts?:5
Promise.then
step @ webpack://cxmooc-too…l/dailyPoints.ts?:7
fulfilled @ webpack://cxmooc-too…l/dailyPoints.ts?:5
Promise.then
step @ webpack://cxmooc-too…l/dailyPoints.ts?:7
fulfilled @ webpack://cxmooc-too…l/dailyPoints.ts?:5
Promise.then
step @ webpack://cxmooc-too…l/dailyPoints.ts?:7
fulfilled @ webpack://cxmooc-too…l/dailyPoints.ts?:5
Promise.then
step @ webpack://cxmooc-too…l/dailyPoints.ts?:7
fulfilled @ webpack://cxmooc-too…l/dailyPoints.ts?:5
Promise.then
step @ webpack://cxmooc-too…l/dailyPoints.ts?:7
fulfilled @ webpack://cxmooc-too…l/dailyPoints.ts?:5
Promise.then
step @ webpack://cxmooc-too…l/dailyPoints.ts?:7
fulfilled @ webpack://cxmooc-too…l/dailyPoints.ts?:5
Promise.then
step @ webpack://cxmooc-too…l/dailyPoints.ts?:7
fulfilled @ webpack://cxmooc-too…l/dailyPoints.ts?:5
Promise.then
step @ webpack://cxmooc-too…l/dailyPoints.ts?:7
fulfilled @ webpack://cxmooc-too…l/dailyPoints.ts?:5
Promise.then
step @ webpack://cxmooc-too…l/dailyPoints.ts?:7
fulfilled @ webpack://cxmooc-too…l/dailyPoints.ts?:5
Promise.then
step @ webpack://cxmooc-too…l/dailyPoints.ts?:7
fulfilled @ webpack://cxmooc-too…l/dailyPoints.ts?:5
Promise.then
step @ webpack://cxmooc-too…l/dailyPoints.ts?:7
fulfilled @ webpack://cxmooc-too…l/dailyPoints.ts?:5
Promise.then
step @ webpack://cxmooc-too…l/dailyPoints.ts?:7
fulfilled @ webpack://cxmooc-too…l/dailyPoints.ts?:5
Promise.then
step @ webpack://cxmooc-too…l/dailyPoints.ts?:7
fulfilled @ webpack://cxmooc-too…l/dailyPoints.ts?:5
Promise.then
step @ webpack://cxmooc-too…l/dailyPoints.ts?:7
fulfilled @ webpack://cxmooc-too…l/dailyPoints.ts?:5
Promise.then
step @ webpack://cxmooc-too…l/dailyPoints.ts?:7
fulfilled @ webpack://cxmooc-too…l/dailyPoints.ts?:5
Promise.then
step @ webpack://cxmooc-too…l/dailyPoints.ts?:7
fulfilled @ webpack://cxmooc-too…l/dailyPoints.ts?:5
Promise.then
step @ webpack://cxmooc-too…l/dailyPoints.ts?:7
fulfilled @ webpack://cxmooc-too…l/dailyPoints.ts?:5
Promise.then
step @ webpack://cxmooc-too…l/dailyPoints.ts?:7
fulfilled @ webpack://cxmooc-too…l/dailyPoints.ts?:5
Promise.then
step @ webpack://cxmooc-too…l/dailyPoints.ts?:7
fulfilled @ webpack://cxmooc-too…l/dailyPoints.ts?:5
Promise.then
step @ webpack://cxmooc-too…l/dailyPoints.ts?:7
fulfilled @ webpack://cxmooc-too…l/dailyPoints.ts?:5
Promise.then
step @ webpack://cxmooc-too…l/dailyPoints.ts?:7
fulfilled @ webpack://cxmooc-too…l/dailyPoints.ts?:5
Promise.then
step @ webpack://cxmooc-too…l/dailyPoints.ts?:7
fulfilled @ webpack://cxmooc-too…l/dailyPoints.ts?:5
Promise.then
step @ webpack://cxmooc-too…l/dailyPoints.ts?:7
fulfilled @ webpack://cxmooc-too…l/dailyPoints.ts?:5
Promise.then
step @ webpack://cxmooc-too…l/dailyPoints.ts?:7
fulfilled @ webpack://cxmooc-too…l/dailyPoints.ts?:5
Promise.then
step @ webpack://cxmooc-too…l/dailyPoints.ts?:7
fulfilled @ webpack://cxmooc-too…l/dailyPoints.ts?:5
Promise.then
step @ webpack://cxmooc-too…l/dailyPoints.ts?:7
fulfilled @ webpack://cxmooc-too…l/dailyPoints.ts?:5
18:39:57.665  [warn 18:39:57 ] [任务切换] 正在切换中，跳过重复调用
Warn @ webpack://cxmooc-too…l/utils/log.ts?:197
eval @ webpack://cxmooc-too…dailyPoints.ts?:521
eval @ webpack://cxmooc-too…l/dailyPoints.ts?:8
__awaiter @ webpack://cxmooc-too…l/dailyPoints.ts?:4
switchToNextTask @ webpack://cxmooc-too…dailyPoints.ts?:519
updatePointsStateFromApi @ webpack://cxmooc-too…dailyPoints.ts?:508
eval @ webpack://cxmooc-too…ailyPoints.ts?:1041
fulfilled @ webpack://cxmooc-too…l/dailyPoints.ts?:5
Promise.then
step @ webpack://cxmooc-too…l/dailyPoints.ts?:7
fulfilled @ webpack://cxmooc-too…l/dailyPoints.ts?:5
Promise.then
step @ webpack://cxmooc-too…l/dailyPoints.ts?:7
fulfilled @ webpack://cxmooc-too…l/dailyPoints.ts?:5
Promise.then
step @ webpack://cxmooc-too…l/dailyPoints.ts?:7
fulfilled @ webpack://cxmooc-too…l/dailyPoints.ts?:5
Promise.then
step @ webpack://cxmooc-too…l/dailyPoints.ts?:7
fulfilled @ webpack://cxmooc-too…l/dailyPoints.ts?:5
Promise.then
step @ webpack://cxmooc-too…l/dailyPoints.ts?:7
fulfilled @ webpack://cxmooc-too…l/dailyPoints.ts?:5
Promise.then
step @ webpack://cxmooc-too…l/dailyPoints.ts?:7
fulfilled @ webpack://cxmooc-too…l/dailyPoints.ts?:5
Promise.then
step @ webpack://cxmooc-too…l/dailyPoints.ts?:7
fulfilled @ webpack://cxmooc-too…l/dailyPoints.ts?:5
Promise.then
step @ webpack://cxmooc-too…l/dailyPoints.ts?:7
fulfilled @ webpack://cxmooc-too…l/dailyPoints.ts?:5
Promise.then
step @ webpack://cxmooc-too…l/dailyPoints.ts?:7
fulfilled @ webpack://cxmooc-too…l/dailyPoints.ts?:5
Promise.then
step @ webpack://cxmooc-too…l/dailyPoints.ts?:7
fulfilled @ webpack://cxmooc-too…l/dailyPoints.ts?:5
Promise.then
step @ webpack://cxmooc-too…l/dailyPoints.ts?:7
fulfilled @ webpack://cxmooc-too…l/dailyPoints.ts?:5
Promise.then
step @ webpack://cxmooc-too…l/dailyPoints.ts?:7
fulfilled @ webpack://cxmooc-too…l/dailyPoints.ts?:5
Promise.then
step @ webpack://cxmooc-too…l/dailyPoints.ts?:7
fulfilled @ webpack://cxmooc-too…l/dailyPoints.ts?:5
Promise.then
step @ webpack://cxmooc-too…l/dailyPoints.ts?:7
fulfilled @ webpack://cxmooc-too…l/dailyPoints.ts?:5
Promise.then
step @ webpack://cxmooc-too…l/dailyPoints.ts?:7
fulfilled @ webpack://cxmooc-too…l/dailyPoints.ts?:5
Promise.then
step @ webpack://cxmooc-too…l/dailyPoints.ts?:7
fulfilled @ webpack://cxmooc-too…l/dailyPoints.ts?:5
Promise.then
step @ webpack://cxmooc-too…l/dailyPoints.ts?:7
fulfilled @ webpack://cxmooc-too…l/dailyPoints.ts?:5
Promise.then
step @ webpack://cxmooc-too…l/dailyPoints.ts?:7
fulfilled @ webpack://cxmooc-too…l/dailyPoints.ts?:5
Promise.then
step @ webpack://cxmooc-too…l/dailyPoints.ts?:7
fulfilled @ webpack://cxmooc-too…l/dailyPoints.ts?:5
Promise.then
step @ webpack://cxmooc-too…l/dailyPoints.ts?:7
fulfilled @ webpack://cxmooc-too…l/dailyPoints.ts?:5
Promise.then
step @ webpack://cxmooc-too…l/dailyPoints.ts?:7
fulfilled @ webpack://cxmooc-too…l/dailyPoints.ts?:5
Promise.then
step @ webpack://cxmooc-too…l/dailyPoints.ts?:7
fulfilled @ webpack://cxmooc-too…l/dailyPoints.ts?:5
Promise.then
step @ webpack://cxmooc-too…l/dailyPoints.ts?:7
fulfilled @ webpack://cxmooc-too…l/dailyPoints.ts?:5
Promise.then
step @ webpack://cxmooc-too…l/dailyPoints.ts?:7
fulfilled @ webpack://cxmooc-too…l/dailyPoints.ts?:5
Promise.then
step @ webpack://cxmooc-too…l/dailyPoints.ts?:7
fulfilled @ webpack://cxmooc-too…l/dailyPoints.ts?:5
Promise.then
step @ webpack://cxmooc-too…l/dailyPoints.ts?:7
fulfilled @ webpack://cxmooc-too…l/dailyPoints.ts?:5
Promise.then
step @ webpack://cxmooc-too…l/dailyPoints.ts?:7
fulfilled @ webpack://cxmooc-too…l/dailyPoints.ts?:5
Promise.then
step @ webpack://cxmooc-too…l/dailyPoints.ts?:7
fulfilled @ webpack://cxmooc-too…l/dailyPoints.ts?:5
Promise.then
step @ webpack://cxmooc-too…l/dailyPoints.ts?:7
fulfilled @ webpack://cxmooc-too…l/dailyPoints.ts?:5
Promise.then
step @ webpack://cxmooc-too…l/dailyPoints.ts?:7
fulfilled @ webpack://cxmooc-too…l/dailyPoints.ts?:5
Promise.then
step @ webpack://cxmooc-too…l/dailyPoints.ts?:7
fulfilled @ webpack://cxmooc-too…l/dailyPoints.ts?:5
Promise.then
step @ webpack://cxmooc-too…l/dailyPoints.ts?:7
fulfilled @ webpack://cxmooc-too…l/dailyPoints.ts?:5
18:39:57.665  [debug 18:39:57 ] 获取知识分享: pageId=6d424ae30d064ae38560868164bbdec4
18:39:57.665  [debug 18:39:57 ] 发送API请求: GET https://zsgl.lzlj.com/learn/app/clientapi/knowledge/cloud/page/like/isShareOut.do?pageId=6d424ae30d064ae38560868164bbdec4&shareOutType=&sid=F76FB3D332BB4D4D8F5F3EE25814DBF6&os=99
18:39:57.672  [每日积分] panel: 收到页面消息1 {type: 'POINTS_UPDATED', data: {…}}
18:39:57.672  [每日积分] panel: 处理POINTS_UPDATED {learning: {…}, contribution: {…}, interaction: {…}}
18:39:57.699  [debug 18:39:57 ] API响应成功: {body: {…}, code: '0', file: null, message: '成功', user: null}
18:39:57.699  [debug 18:39:57 ] 知识分享成功，第128次调用，累积积分: 0.6/70
18:39:57.699  [debug 18:39:57 ] 获取知识分享: pageId=6d424ae30d064ae38560868164bbdec4
18:39:57.699  [debug 18:39:57 ] 发送API请求: GET https://zsgl.lzlj.com/learn/app/clientapi/knowledge/cloud/page/like/isShareOut.do?pageId=6d424ae30d064ae38560868164bbdec4&shareOutType=&sid=F76FB3D332BB4D4D8F5F3EE25814DBF6&os=99
18:39:57.840  [debug 18:39:57 ] API响应成功: {body: {…}, code: '0', file: null, message: '成功', user: null}
18:39:57.841  [debug 18:39:57 ] 知识分享成功，第129次调用，累积积分: 1.2/70
18:39:57.842  [debug 18:39:57 ] 获取知识分享: pageId=6d424ae30d064ae38560868164bbdec4
18:39:57.842  [debug 18:39:57 ] 发送API请求: GET https://zsgl.lzlj.com/learn/app/clientapi/knowledge/cloud/page/like/isShareOut.do?pageId=6d424ae30d064ae38560868164bbdec4&shareOutType=&sid=F76FB3D332BB4D4D8F5F3EE25814DBF6&os=99
18:39:57.884  [debug 18:39:57 ] API响应成功: {body: {…}, code: '0', file: null, message: '成功', user: null}
18:39:57.884  [debug 18:39:57 ] 知识分享成功，第130次调用，累积积分: 1.7999999999999998/70
18:39:57.884  [debug 18:39:57 ] 获取积分详情: 2026-03-16 ~ 2026-03-31
18:39:57.884  [debug 18:39:57 ] 发送API请求: POST https://zsgl.lzlj.com/learn/app/clientapi/personal/statistics/queryUserPointPercent.do?os=99&sid=F76FB3D332BB4D4D8F5F3EE25814DBF6
18:39:57.986  [debug 18:39:57 ] API响应成功: {body: {…}, code: '0', file: null, message: '成功', user: null}
18:39:57.987  [debug 18:39:57 ] 知识分享成功，第131次调用，累积积分: 2.4/70
18:39:57.987  [debug 18:39:57 ] 获取知识分享: pageId=6d424ae30d064ae38560868164bbdec4
18:39:57.987  [debug 18:39:57 ] 发送API请求: GET https://zsgl.lzlj.com/learn/app/clientapi/knowledge/cloud/page/like/isShareOut.do?pageId=6d424ae30d064ae38560868164bbdec4&shareOutType=&sid=F76FB3D332BB4D4D8F5F3EE25814DBF6&os=99
18:39:58.121  [debug 18:39:58 ] API响应成功: {body: Array(4), code: '0', file: null, message: '成功', user: null}
18:39:58.121  [debug 18:39:58 ] 积分项: 知识被阅读 (knowledge_read_point) = 20
18:39:58.122  [debug 18:39:58 ] 更新贡献积分: 20
18:39:58.122  [debug 18:39:58 ] 积分项: 知识被分享 (knowledge_shared) = 20
18:39:58.122  [debug 18:39:58 ] 更新互动积分: 20
18:39:58.123  [debug 18:39:58 ] 积分项: 学习课程 (24E2D4D119E74B76AC349FA12A0B646C) = 8
18:39:58.123  [debug 18:39:58 ] 更新学习积分（学习课程）: +8，当前: 8
18:39:58.123  [debug 18:39:58 ] 积分项: 知识分享 (knowledge_sharing) = 10
18:39:58.123  [debug 18:39:58 ] 更新互动积分: 30
18:39:58.124  [warn 18:39:58 ] 积分无变化，连续无变化次数: 26/2
Warn @ webpack://cxmooc-too…l/utils/log.ts?:197
updatePointsStateFromApi @ webpack://cxmooc-too…dailyPoints.ts?:505
eval @ webpack://cxmooc-too…ailyPoints.ts?:1041
fulfilled @ webpack://cxmooc-too…l/dailyPoints.ts?:5
Promise.then
step @ webpack://cxmooc-too…l/dailyPoints.ts?:7
fulfilled @ webpack://cxmooc-too…l/dailyPoints.ts?:5
Promise.then
step @ webpack://cxmooc-too…l/dailyPoints.ts?:7
fulfilled @ webpack://cxmooc-too…l/dailyPoints.ts?:5
Promise.then
step @ webpack://cxmooc-too…l/dailyPoints.ts?:7
fulfilled @ webpack://cxmooc-too…l/dailyPoints.ts?:5
Promise.then
step @ webpack://cxmooc-too…l/dailyPoints.ts?:7
fulfilled @ webpack://cxmooc-too…l/dailyPoints.ts?:5
Promise.then
step @ webpack://cxmooc-too…l/dailyPoints.ts?:7
fulfilled @ webpack://cxmooc-too…l/dailyPoints.ts?:5
Promise.then
step @ webpack://cxmooc-too…l/dailyPoints.ts?:7
fulfilled @ webpack://cxmooc-too…l/dailyPoints.ts?:5
Promise.then
step @ webpack://cxmooc-too…l/dailyPoints.ts?:7
fulfilled @ webpack://cxmooc-too…l/dailyPoints.ts?:5
Promise.then
step @ webpack://cxmooc-too…l/dailyPoints.ts?:7
fulfilled @ webpack://cxmooc-too…l/dailyPoints.ts?:5
Promise.then
step @ webpack://cxmooc-too…l/dailyPoints.ts?:7
fulfilled @ webpack://cxmooc-too…l/dailyPoints.ts?:5
Promise.then
step @ webpack://cxmooc-too…l/dailyPoints.ts?:7
fulfilled @ webpack://cxmooc-too…l/dailyPoints.ts?:5
Promise.then
step @ webpack://cxmooc-too…l/dailyPoints.ts?:7
fulfilled @ webpack://cxmooc-too…l/dailyPoints.ts?:5
Promise.then
step @ webpack://cxmooc-too…l/dailyPoints.ts?:7
fulfilled @ webpack://cxmooc-too…l/dailyPoints.ts?:5
Promise.then
step @ webpack://cxmooc-too…l/dailyPoints.ts?:7
fulfilled @ webpack://cxmooc-too…l/dailyPoints.ts?:5
Promise.then
step @ webpack://cxmooc-too…l/dailyPoints.ts?:7
fulfilled @ webpack://cxmooc-too…l/dailyPoints.ts?:5
Promise.then
step @ webpack://cxmooc-too…l/dailyPoints.ts?:7
fulfilled @ webpack://cxmooc-too…l/dailyPoints.ts?:5
Promise.then
step @ webpack://cxmooc-too…l/dailyPoints.ts?:7
fulfilled @ webpack://cxmooc-too…l/dailyPoints.ts?:5
Promise.then
step @ webpack://cxmooc-too…l/dailyPoints.ts?:7
fulfilled @ webpack://cxmooc-too…l/dailyPoints.ts?:5
Promise.then
step @ webpack://cxmooc-too…l/dailyPoints.ts?:7
fulfilled @ webpack://cxmooc-too…l/dailyPoints.ts?:5
Promise.then
step @ webpack://cxmooc-too…l/dailyPoints.ts?:7
fulfilled @ webpack://cxmooc-too…l/dailyPoints.ts?:5
Promise.then
step @ webpack://cxmooc-too…l/dailyPoints.ts?:7
fulfilled @ webpack://cxmooc-too…l/dailyPoints.ts?:5
Promise.then
step @ webpack://cxmooc-too…l/dailyPoints.ts?:7
fulfilled @ webpack://cxmooc-too…l/dailyPoints.ts?:5
Promise.then
step @ webpack://cxmooc-too…l/dailyPoints.ts?:7
fulfilled @ webpack://cxmooc-too…l/dailyPoints.ts?:5
Promise.then
step @ webpack://cxmooc-too…l/dailyPoints.ts?:7
fulfilled @ webpack://cxmooc-too…l/dailyPoints.ts?:5
Promise.then
step @ webpack://cxmooc-too…l/dailyPoints.ts?:7
fulfilled @ webpack://cxmooc-too…l/dailyPoints.ts?:5
Promise.then
step @ webpack://cxmooc-too…l/dailyPoints.ts?:7
fulfilled @ webpack://cxmooc-too…l/dailyPoints.ts?:5
Promise.then
step @ webpack://cxmooc-too…l/dailyPoints.ts?:7
fulfilled @ webpack://cxmooc-too…l/dailyPoints.ts?:5
Promise.then
step @ webpack://cxmooc-too…l/dailyPoints.ts?:7
fulfilled @ webpack://cxmooc-too…l/dailyPoints.ts?:5
Promise.then
step @ webpack://cxmooc-too…l/dailyPoints.ts?:7
fulfilled @ webpack://cxmooc-too…l/dailyPoints.ts?:5
Promise.then
step @ webpack://cxmooc-too…l/dailyPoints.ts?:7
fulfilled @ webpack://cxmooc-too…l/dailyPoints.ts?:5
Promise.then
step @ webpack://cxmooc-too…l/dailyPoints.ts?:7
fulfilled @ webpack://cxmooc-too…l/dailyPoints.ts?:5
Promise.then
step @ webpack://cxmooc-too…l/dailyPoints.ts?:7
fulfilled @ webpack://cxmooc-too…l/dailyPoints.ts?:5
Promise.then
step @ webpack://cxmooc-too…l/dailyPoints.ts?:7
fulfilled @ webpack://cxmooc-too…l/dailyPoints.ts?:5
18:39:58.124  [warn 18:39:58 ] [任务切换] 正在切换中，跳过重复调用
Warn @ webpack://cxmooc-too…l/utils/log.ts?:197
eval @ webpack://cxmooc-too…dailyPoints.ts?:521
eval @ webpack://cxmooc-too…l/dailyPoints.ts?:8
__awaiter @ webpack://cxmooc-too…l/dailyPoints.ts?:4
switchToNextTask @ webpack://cxmooc-too…dailyPoints.ts?:519
updatePointsStateFromApi @ webpack://cxmooc-too…dailyPoints.ts?:508
eval @ webpack://cxmooc-too…ailyPoints.ts?:1041
fulfilled @ webpack://cxmooc-too…l/dailyPoints.ts?:5
Promise.then
step @ webpack://cxmooc-too…l/dailyPoints.ts?:7
fulfilled @ webpack://cxmooc-too…l/dailyPoints.ts?:5
Promise.then
step @ webpack://cxmooc-too…l/dailyPoints.ts?:7
fulfilled @ webpack://cxmooc-too…l/dailyPoints.ts?:5
Promise.then
step @ webpack://cxmooc-too…l/dailyPoints.ts?:7
fulfilled @ webpack://cxmooc-too…l/dailyPoints.ts?:5
Promise.then
step @ webpack://cxmooc-too…l/dailyPoints.ts?:7
fulfilled @ webpack://cxmooc-too…l/dailyPoints.ts?:5
Promise.then
step @ webpack://cxmooc-too…l/dailyPoints.ts?:7
fulfilled @ webpack://cxmooc-too…l/dailyPoints.ts?:5
Promise.then
step @ webpack://cxmooc-too…l/dailyPoints.ts?:7
fulfilled @ webpack://cxmooc-too…l/dailyPoints.ts?:5
Promise.then
step @ webpack://cxmooc-too…l/dailyPoints.ts?:7
fulfilled @ webpack://cxmooc-too…l/dailyPoints.ts?:5
Promise.then
step @ webpack://cxmooc-too…l/dailyPoints.ts?:7
fulfilled @ webpack://cxmooc-too…l/dailyPoints.ts?:5
Promise.then
step @ webpack://cxmooc-too…l/dailyPoints.ts?:7
fulfilled @ webpack://cxmooc-too…l/dailyPoints.ts?:5
Promise.then
step @ webpack://cxmooc-too…l/dailyPoints.ts?:7
fulfilled @ webpack://cxmooc-too…l/dailyPoints.ts?:5
Promise.then
step @ webpack://cxmooc-too…l/dailyPoints.ts?:7
fulfilled @ webpack://cxmooc-too…l/dailyPoints.ts?:5
Promise.then
step @ webpack://cxmooc-too…l/dailyPoints.ts?:7
fulfilled @ webpack://cxmooc-too…l/dailyPoints.ts?:5
Promise.then
step @ webpack://cxmooc-too…l/dailyPoints.ts?:7
fulfilled @ webpack://cxmooc-too…l/dailyPoints.ts?:5
Promise.then
step @ webpack://cxmooc-too…l/dailyPoints.ts?:7
fulfilled @ webpack://cxmooc-too…l/dailyPoints.ts?:5
Promise.then
step @ webpack://cxmooc-too…l/dailyPoints.ts?:7
fulfilled @ webpack://cxmooc-too…l/dailyPoints.ts?:5
Promise.then
step @ webpack://cxmooc-too…l/dailyPoints.ts?:7
fulfilled @ webpack://cxmooc-too…l/dailyPoints.ts?:5
Promise.then
step @ webpack://cxmooc-too…l/dailyPoints.ts?:7
fulfilled @ webpack://cxmooc-too…l/dailyPoints.ts?:5
Promise.then
step @ webpack://cxmooc-too…l/dailyPoints.ts?:7
fulfilled @ webpack://cxmooc-too…l/dailyPoints.ts?:5
Promise.then
step @ webpack://cxmooc-too…l/dailyPoints.ts?:7
fulfilled @ webpack://cxmooc-too…l/dailyPoints.ts?:5
Promise.then
step @ webpack://cxmooc-too…l/dailyPoints.ts?:7
fulfilled @ webpack://cxmooc-too…l/dailyPoints.ts?:5
Promise.then
step @ webpack://cxmooc-too…l/dailyPoints.ts?:7
fulfilled @ webpack://cxmooc-too…l/dailyPoints.ts?:5
Promise.then
step @ webpack://cxmooc-too…l/dailyPoints.ts?:7
fulfilled @ webpack://cxmooc-too…l/dailyPoints.ts?:5
Promise.then
step @ webpack://cxmooc-too…l/dailyPoints.ts?:7
fulfilled @ webpack://cxmooc-too…l/dailyPoints.ts?:5
Promise.then
step @ webpack://cxmooc-too…l/dailyPoints.ts?:7
fulfilled @ webpack://cxmooc-too…l/dailyPoints.ts?:5
Promise.then
step @ webpack://cxmooc-too…l/dailyPoints.ts?:7
fulfilled @ webpack://cxmooc-too…l/dailyPoints.ts?:5
Promise.then
step @ webpack://cxmooc-too…l/dailyPoints.ts?:7
fulfilled @ webpack://cxmooc-too…l/dailyPoints.ts?:5
Promise.then
step @ webpack://cxmooc-too…l/dailyPoints.ts?:7
fulfilled @ webpack://cxmooc-too…l/dailyPoints.ts?:5
Promise.then
step @ webpack://cxmooc-too…l/dailyPoints.ts?:7
fulfilled @ webpack://cxmooc-too…l/dailyPoints.ts?:5
Promise.then
step @ webpack://cxmooc-too…l/dailyPoints.ts?:7
fulfilled @ webpack://cxmooc-too…l/dailyPoints.ts?:5
Promise.then
step @ webpack://cxmooc-too…l/dailyPoints.ts?:7
fulfilled @ webpack://cxmooc-too…l/dailyPoints.ts?:5
Promise.then
step @ webpack://cxmooc-too…l/dailyPoints.ts?:7
fulfilled @ webpack://cxmooc-too…l/dailyPoints.ts?:5
Promise.then
step @ webpack://cxmooc-too…l/dailyPoints.ts?:7
fulfilled @ webpack://cxmooc-too…l/dailyPoints.ts?:5
18:39:58.125  [debug 18:39:58 ] 获取知识分享: pageId=6d424ae30d064ae38560868164bbdec4
18:39:58.125  [debug 18:39:58 ] 发送API请求: GET https://zsgl.lzlj.com/learn/app/clientapi/knowledge/cloud/page/like/isShareOut.do?pageId=6d424ae30d064ae38560868164bbdec4&shareOutType=&sid=F76FB3D332BB4D4D8F5F3EE25814DBF6&os=99
18:39:58.134  [每日积分] panel: 收到页面消息1 {type: 'POINTS_UPDATED', data: {…}}
18:39:58.134  [每日积分] panel: 处理POINTS_UPDATED {learning: {…}, contribution: {…}, interaction: {…}}
18:39:58.178  [debug 18:39:58 ] API响应成功: {body: {…}, code: '0', file: null, message: '成功', user: null}
18:39:58.179  [debug 18:39:58 ] 知识分享成功，第132次调用，累积积分: 0.6/70
18:39:58.179  [debug 18:39:58 ] 获取知识分享: pageId=6d424ae30d064ae38560868164bbdec4
18:39:58.179  [debug 18:39:58 ] 发送API请求: GET https://zsgl.lzlj.com/learn/app/clientapi/knowledge/cloud/page/like/isShareOut.do?pageId=6d424ae30d064ae38560868164bbdec4&shareOutType=&sid=F76FB3D332BB4D4D8F5F3EE25814DBF6&os=99
18:39:58.235  [debug 18:39:58 ] API响应成功: {body: {…}, code: '0', file: null, message: '成功', user: null}
18:39:58.236  [debug 18:39:58 ] 知识分享成功，第133次调用，累积积分: 1.2/70
18:39:58.236  [debug 18:39:58 ] 获取知识分享: pageId=6d424ae30d064ae38560868164bbdec4
18:39:58.236  [debug 18:39:58 ] 发送API请求: GET https://zsgl.lzlj.com/learn/app/clientapi/knowledge/cloud/page/like/isShareOut.do?pageId=6d424ae30d064ae38560868164bbdec4&shareOutType=&sid=F76FB3D332BB4D4D8F5F3EE25814DBF6&os=99
18:39:58.349  [debug 18:39:58 ] API响应成功: {body: {…}, code: '0', file: null, message: '成功', user: null}
18:39:58.350  [debug 18:39:58 ] 知识分享成功，第134次调用，累积积分: 1.7999999999999998/70
18:39:58.350  [debug 18:39:58 ] 获取知识分享: pageId=6d424ae30d064ae38560868164bbdec4
18:39:58.350  [debug 18:39:58 ] 发送API请求: GET https://zsgl.lzlj.com/learn/app/clientapi/knowledge/cloud/page/like/isShareOut.do?pageId=6d424ae30d064ae38560868164bbdec4&shareOutType=&sid=F76FB3D332BB4D4D8F5F3EE25814DBF6&os=99
18:39:58.373  [debug 18:39:58 ] API响应成功: {body: {…}, code: '0', file: null, message: '成功', user: null}
18:39:58.373  [debug 18:39:58 ] 知识分享成功，第135次调用，累积积分: 2.4/70
18:39:58.373  [debug 18:39:58 ] 获取积分详情: 2026-03-16 ~ 2026-03-31
18:39:58.373  [debug 18:39:58 ] 发送API请求: POST https://zsgl.lzlj.com/learn/app/clientapi/personal/statistics/queryUserPointPercent.do?os=99&sid=F76FB3D332BB4D4D8F5F3EE25814DBF6
18:39:58.471  [debug 18:39:58 ] API响应成功: {body: {…}, code: '0', file: null, message: '成功', user: null}
18:39:58.471  [debug 18:39:58 ] 知识分享成功，第136次调用，累积积分: 3/70
18:39:58.472  [debug 18:39:58 ] 获取知识分享: pageId=6d424ae30d064ae38560868164bbdec4
18:39:58.472  [debug 18:39:58 ] 发送API请求: GET https://zsgl.lzlj.com/learn/app/clientapi/knowledge/cloud/page/like/isShareOut.do?pageId=6d424ae30d064ae38560868164bbdec4&shareOutType=&sid=F76FB3D332BB4D4D8F5F3EE25814DBF6&os=99
18:39:58.622  [debug 18:39:58 ] API响应成功: {body: Array(4), code: '0', file: null, message: '成功', user: null}
18:39:58.622  [debug 18:39:58 ] 积分项: 知识被阅读 (knowledge_read_point) = 20
18:39:58.623  [debug 18:39:58 ] 更新贡献积分: 20
18:39:58.623  [debug 18:39:58 ] 积分项: 知识被分享 (knowledge_shared) = 20
18:39:58.624  [debug 18:39:58 ] 更新互动积分: 20
18:39:58.624  [debug 18:39:58 ] 积分项: 学习课程 (24E2D4D119E74B76AC349FA12A0B646C) = 8
18:39:58.625  [debug 18:39:58 ] 更新学习积分（学习课程）: +8，当前: 8
18:39:58.625  [debug 18:39:58 ] 积分项: 知识分享 (knowledge_sharing) = 10
18:39:58.625  [debug 18:39:58 ] 更新互动积分: 30
18:39:58.625  [warn 18:39:58 ] 积分无变化，连续无变化次数: 27/2
Warn @ webpack://cxmooc-too…l/utils/log.ts?:197
updatePointsStateFromApi @ webpack://cxmooc-too…dailyPoints.ts?:505
eval @ webpack://cxmooc-too…ailyPoints.ts?:1041
fulfilled @ webpack://cxmooc-too…l/dailyPoints.ts?:5
Promise.then
step @ webpack://cxmooc-too…l/dailyPoints.ts?:7
fulfilled @ webpack://cxmooc-too…l/dailyPoints.ts?:5
Promise.then
step @ webpack://cxmooc-too…l/dailyPoints.ts?:7
fulfilled @ webpack://cxmooc-too…l/dailyPoints.ts?:5
Promise.then
step @ webpack://cxmooc-too…l/dailyPoints.ts?:7
fulfilled @ webpack://cxmooc-too…l/dailyPoints.ts?:5
Promise.then
step @ webpack://cxmooc-too…l/dailyPoints.ts?:7
fulfilled @ webpack://cxmooc-too…l/dailyPoints.ts?:5
Promise.then
step @ webpack://cxmooc-too…l/dailyPoints.ts?:7
fulfilled @ webpack://cxmooc-too…l/dailyPoints.ts?:5
Promise.then
step @ webpack://cxmooc-too…l/dailyPoints.ts?:7
fulfilled @ webpack://cxmooc-too…l/dailyPoints.ts?:5
Promise.then
step @ webpack://cxmooc-too…l/dailyPoints.ts?:7
fulfilled @ webpack://cxmooc-too…l/dailyPoints.ts?:5
Promise.then
step @ webpack://cxmooc-too…l/dailyPoints.ts?:7
fulfilled @ webpack://cxmooc-too…l/dailyPoints.ts?:5
Promise.then
step @ webpack://cxmooc-too…l/dailyPoints.ts?:7
fulfilled @ webpack://cxmooc-too…l/dailyPoints.ts?:5
Promise.then
step @ webpack://cxmooc-too…l/dailyPoints.ts?:7
fulfilled @ webpack://cxmooc-too…l/dailyPoints.ts?:5
Promise.then
step @ webpack://cxmooc-too…l/dailyPoints.ts?:7
fulfilled @ webpack://cxmooc-too…l/dailyPoints.ts?:5
Promise.then
step @ webpack://cxmooc-too…l/dailyPoints.ts?:7
fulfilled @ webpack://cxmooc-too…l/dailyPoints.ts?:5
Promise.then
step @ webpack://cxmooc-too…l/dailyPoints.ts?:7
fulfilled @ webpack://cxmooc-too…l/dailyPoints.ts?:5
Promise.then
step @ webpack://cxmooc-too…l/dailyPoints.ts?:7
fulfilled @ webpack://cxmooc-too…l/dailyPoints.ts?:5
Promise.then
step @ webpack://cxmooc-too…l/dailyPoints.ts?:7
fulfilled @ webpack://cxmooc-too…l/dailyPoints.ts?:5
Promise.then
step @ webpack://cxmooc-too…l/dailyPoints.ts?:7
fulfilled @ webpack://cxmooc-too…l/dailyPoints.ts?:5
Promise.then
step @ webpack://cxmooc-too…l/dailyPoints.ts?:7
fulfilled @ webpack://cxmooc-too…l/dailyPoints.ts?:5
Promise.then
step @ webpack://cxmooc-too…l/dailyPoints.ts?:7
fulfilled @ webpack://cxmooc-too…l/dailyPoints.ts?:5
Promise.then
step @ webpack://cxmooc-too…l/dailyPoints.ts?:7
fulfilled @ webpack://cxmooc-too…l/dailyPoints.ts?:5
Promise.then
step @ webpack://cxmooc-too…l/dailyPoints.ts?:7
fulfilled @ webpack://cxmooc-too…l/dailyPoints.ts?:5
Promise.then
step @ webpack://cxmooc-too…l/dailyPoints.ts?:7
fulfilled @ webpack://cxmooc-too…l/dailyPoints.ts?:5
Promise.then
step @ webpack://cxmooc-too…l/dailyPoints.ts?:7
fulfilled @ webpack://cxmooc-too…l/dailyPoints.ts?:5
Promise.then
step @ webpack://cxmooc-too…l/dailyPoints.ts?:7
fulfilled @ webpack://cxmooc-too…l/dailyPoints.ts?:5
Promise.then
step @ webpack://cxmooc-too…l/dailyPoints.ts?:7
fulfilled @ webpack://cxmooc-too…l/dailyPoints.ts?:5
Promise.then
step @ webpack://cxmooc-too…l/dailyPoints.ts?:7
fulfilled @ webpack://cxmooc-too…l/dailyPoints.ts?:5
Promise.then
step @ webpack://cxmooc-too…l/dailyPoints.ts?:7
fulfilled @ webpack://cxmooc-too…l/dailyPoints.ts?:5
Promise.then
step @ webpack://cxmooc-too…l/dailyPoints.ts?:7
fulfilled @ webpack://cxmooc-too…l/dailyPoints.ts?:5
Promise.then
step @ webpack://cxmooc-too…l/dailyPoints.ts?:7
fulfilled @ webpack://cxmooc-too…l/dailyPoints.ts?:5
Promise.then
step @ webpack://cxmooc-too…l/dailyPoints.ts?:7
fulfilled @ webpack://cxmooc-too…l/dailyPoints.ts?:5
Promise.then
step @ webpack://cxmooc-too…l/dailyPoints.ts?:7
fulfilled @ webpack://cxmooc-too…l/dailyPoints.ts?:5
Promise.then
step @ webpack://cxmooc-too…l/dailyPoints.ts?:7
fulfilled @ webpack://cxmooc-too…l/dailyPoints.ts?:5
Promise.then
step @ webpack://cxmooc-too…l/dailyPoints.ts?:7
fulfilled @ webpack://cxmooc-too…l/dailyPoints.ts?:5
18:39:58.626  [warn 18:39:58 ] [任务切换] 正在切换中，跳过重复调用
Warn @ webpack://cxmooc-too…l/utils/log.ts?:197
eval @ webpack://cxmooc-too…dailyPoints.ts?:521
eval @ webpack://cxmooc-too…l/dailyPoints.ts?:8
__awaiter @ webpack://cxmooc-too…l/dailyPoints.ts?:4
switchToNextTask @ webpack://cxmooc-too…dailyPoints.ts?:519
updatePointsStateFromApi @ webpack://cxmooc-too…dailyPoints.ts?:508
eval @ webpack://cxmooc-too…ailyPoints.ts?:1041
fulfilled @ webpack://cxmooc-too…l/dailyPoints.ts?:5
Promise.then
step @ webpack://cxmooc-too…l/dailyPoints.ts?:7
fulfilled @ webpack://cxmooc-too…l/dailyPoints.ts?:5
Promise.then
step @ webpack://cxmooc-too…l/dailyPoints.ts?:7
fulfilled @ webpack://cxmooc-too…l/dailyPoints.ts?:5
Promise.then
step @ webpack://cxmooc-too…l/dailyPoints.ts?:7
fulfilled @ webpack://cxmooc-too…l/dailyPoints.ts?:5
Promise.then
step @ webpack://cxmooc-too…l/dailyPoints.ts?:7
fulfilled @ webpack://cxmooc-too…l/dailyPoints.ts?:5
Promise.then
step @ webpack://cxmooc-too…l/dailyPoints.ts?:7
fulfilled @ webpack://cxmooc-too…l/dailyPoints.ts?:5
Promise.then
step @ webpack://cxmooc-too…l/dailyPoints.ts?:7
fulfilled @ webpack://cxmooc-too…l/dailyPoints.ts?:5
Promise.then
step @ webpack://cxmooc-too…l/dailyPoints.ts?:7
fulfilled @ webpack://cxmooc-too…l/dailyPoints.ts?:5
Promise.then
step @ webpack://cxmooc-too…l/dailyPoints.ts?:7
fulfilled @ webpack://cxmooc-too…l/dailyPoints.ts?:5
Promise.then
step @ webpack://cxmooc-too…l/dailyPoints.ts?:7
fulfilled @ webpack://cxmooc-too…l/dailyPoints.ts?:5
Promise.then
step @ webpack://cxmooc-too…l/dailyPoints.ts?:7
fulfilled @ webpack://cxmooc-too…l/dailyPoints.ts?:5
Promise.then
step @ webpack://cxmooc-too…l/dailyPoints.ts?:7
fulfilled @ webpack://cxmooc-too…l/dailyPoints.ts?:5
Promise.then
step @ webpack://cxmooc-too…l/dailyPoints.ts?:7
fulfilled @ webpack://cxmooc-too…l/dailyPoints.ts?:5
Promise.then
step @ webpack://cxmooc-too…l/dailyPoints.ts?:7
fulfilled @ webpack://cxmooc-too…l/dailyPoints.ts?:5
Promise.then
step @ webpack://cxmooc-too…l/dailyPoints.ts?:7
fulfilled @ webpack://cxmooc-too…l/dailyPoints.ts?:5
Promise.then
step @ webpack://cxmooc-too…l/dailyPoints.ts?:7
fulfilled @ webpack://cxmooc-too…l/dailyPoints.ts?:5
Promise.then
step @ webpack://cxmooc-too…l/dailyPoints.ts?:7
fulfilled @ webpack://cxmooc-too…l/dailyPoints.ts?:5
Promise.then
step @ webpack://cxmooc-too…l/dailyPoints.ts?:7
fulfilled @ webpack://cxmooc-too…l/dailyPoints.ts?:5
Promise.then
step @ webpack://cxmooc-too…l/dailyPoints.ts?:7
fulfilled @ webpack://cxmooc-too…l/dailyPoints.ts?:5
Promise.then
step @ webpack://cxmooc-too…l/dailyPoints.ts?:7
fulfilled @ webpack://cxmooc-too…l/dailyPoints.ts?:5
Promise.then
step @ webpack://cxmooc-too…l/dailyPoints.ts?:7
fulfilled @ webpack://cxmooc-too…l/dailyPoints.ts?:5
Promise.then
step @ webpack://cxmooc-too…l/dailyPoints.ts?:7
fulfilled @ webpack://cxmooc-too…l/dailyPoints.ts?:5
Promise.then
step @ webpack://cxmooc-too…l/dailyPoints.ts?:7
fulfilled @ webpack://cxmooc-too…l/dailyPoints.ts?:5
Promise.then
step @ webpack://cxmooc-too…l/dailyPoints.ts?:7
fulfilled @ webpack://cxmooc-too…l/dailyPoints.ts?:5
Promise.then
step @ webpack://cxmooc-too…l/dailyPoints.ts?:7
fulfilled @ webpack://cxmooc-too…l/dailyPoints.ts?:5
Promise.then
step @ webpack://cxmooc-too…l/dailyPoints.ts?:7
fulfilled @ webpack://cxmooc-too…l/dailyPoints.ts?:5
Promise.then
step @ webpack://cxmooc-too…l/dailyPoints.ts?:7
fulfilled @ webpack://cxmooc-too…l/dailyPoints.ts?:5
Promise.then
step @ webpack://cxmooc-too…l/dailyPoints.ts?:7
fulfilled @ webpack://cxmooc-too…l/dailyPoints.ts?:5
Promise.then
step @ webpack://cxmooc-too…l/dailyPoints.ts?:7
fulfilled @ webpack://cxmooc-too…l/dailyPoints.ts?:5
Promise.then
step @ webpack://cxmooc-too…l/dailyPoints.ts?:7
fulfilled @ webpack://cxmooc-too…l/dailyPoints.ts?:5
Promise.then
step @ webpack://cxmooc-too…l/dailyPoints.ts?:7
fulfilled @ webpack://cxmooc-too…l/dailyPoints.ts?:5
Promise.then
step @ webpack://cxmooc-too…l/dailyPoints.ts?:7
fulfilled @ webpack://cxmooc-too…l/dailyPoints.ts?:5
Promise.then
step @ webpack://cxmooc-too…l/dailyPoints.ts?:7
fulfilled @ webpack://cxmooc-too…l/dailyPoints.ts?:5
18:39:58.626  [debug 18:39:58 ] 获取知识分享: pageId=6d424ae30d064ae38560868164bbdec4
18:39:58.626  [debug 18:39:58 ] 发送API请求: GET https://zsgl.lzlj.com/learn/app/clientapi/knowledge/cloud/page/like/isShareOut.do?pageId=6d424ae30d064ae38560868164bbdec4&shareOutType=&sid=F76FB3D332BB4D4D8F5F3EE25814DBF6&os=99
18:39:58.635  [每日积分] panel: 收到页面消息1 {type: 'POINTS_UPDATED', data: {…}}
18:39:58.635  [每日积分] panel: 处理POINTS_UPDATED {learning: {…}, contribution: {…}, interaction: {…}}
18:39:58.642  [debug 18:39:58 ] API响应成功: {body: {…}, code: '0', file: null, message: '成功', user: null}
18:39:58.642  [debug 18:39:58 ] 知识分享成功，第137次调用，累积积分: 0.6/70
18:39:58.643  [debug 18:39:58 ] 获取知识分享: pageId=6d424ae30d064ae38560868164bbdec4
18:39:58.643  [debug 18:39:58 ] 发送API请求: GET https://zsgl.lzlj.com/learn/app/clientapi/knowledge/cloud/page/like/isShareOut.do?pageId=6d424ae30d064ae38560868164bbdec4&shareOutType=&sid=F76FB3D332BB4D4D8F5F3EE25814DBF6&os=99
18:39:58.739  [debug 18:39:58 ] API响应成功: {body: {…}, code: '0', file: null, message: '成功', user: null}
18:39:58.739  [debug 18:39:58 ] 知识分享成功，第138次调用，累积积分: 1.2/70
18:39:58.740  [debug 18:39:58 ] 获取知识分享: pageId=6d424ae30d064ae38560868164bbdec4
18:39:58.740  [debug 18:39:58 ] 发送API请求: GET https://zsgl.lzlj.com/learn/app/clientapi/knowledge/cloud/page/like/isShareOut.do?pageId=6d424ae30d064ae38560868164bbdec4&shareOutType=&sid=F76FB3D332BB4D4D8F5F3EE25814DBF6&os=99
18:39:58.798  [debug 18:39:58 ] API响应成功: {body: {…}, code: '0', file: null, message: '成功', user: null}
18:39:58.799  [debug 18:39:58 ] 知识分享成功，第139次调用，累积积分: 1.7999999999999998/70
18:39:58.799  [debug 18:39:58 ] 获取知识分享: pageId=6d424ae30d064ae38560868164bbdec4
18:39:58.799  [debug 18:39:58 ] 发送API请求: GET https://zsgl.lzlj.com/learn/app/clientapi/knowledge/cloud/page/like/isShareOut.do?pageId=6d424ae30d064ae38560868164bbdec4&shareOutType=&sid=F76FB3D332BB4D4D8F5F3EE25814DBF6&os=99
18:39:58.885  [debug 18:39:58 ] API响应成功: {body: {…}, code: '0', file: null, message: '成功', user: null}
18:39:58.886  [debug 18:39:58 ] 知识分享成功，第140次调用，累积积分: 2.4/70
18:39:58.886  [debug 18:39:58 ] 获取积分详情: 2026-03-16 ~ 2026-03-31
18:39:58.887  [debug 18:39:58 ] 发送API请求: POST https://zsgl.lzlj.com/learn/app/clientapi/personal/statistics/queryUserPointPercent.do?os=99&sid=F76FB3D332BB4D4D8F5F3EE25814DBF6
18:39:58.923  [debug 18:39:58 ] API响应成功: {body: {…}, code: '0', file: null, message: '成功', user: null}
18:39:58.924  [debug 18:39:58 ] 知识分享成功，第141次调用，累积积分: 3/70
18:39:58.924  [debug 18:39:58 ] 获取知识分享: pageId=6d424ae30d064ae38560868164bbdec4
18:39:58.924  [debug 18:39:58 ] 发送API请求: GET https://zsgl.lzlj.com/learn/app/clientapi/knowledge/cloud/page/like/isShareOut.do?pageId=6d424ae30d064ae38560868164bbdec4&shareOutType=&sid=F76FB3D332BB4D4D8F5F3EE25814DBF6&os=99
18:39:59.073  [debug 18:39:59 ] API响应成功: {body: {…}, code: '0', file: null, message: '成功', user: null}
18:39:59.074  [debug 18:39:59 ] 知识分享成功，第142次调用，累积积分: 3.6/70
18:39:59.074  [debug 18:39:59 ] 获取知识分享: pageId=6d424ae30d064ae38560868164bbdec4
18:39:59.074  [debug 18:39:59 ] 发送API请求: GET https://zsgl.lzlj.com/learn/app/clientapi/knowledge/cloud/page/like/isShareOut.do?pageId=6d424ae30d064ae38560868164bbdec4&shareOutType=&sid=F76FB3D332BB4D4D8F5F3EE25814DBF6&os=99
18:39:59.096  [debug 18:39:59 ] API响应成功: {body: Array(4), code: '0', file: null, message: '成功', user: null}
18:39:59.096  [debug 18:39:59 ] 积分项: 知识被阅读 (knowledge_read_point) = 20
18:39:59.097  [debug 18:39:59 ] 更新贡献积分: 20
18:39:59.097  [debug 18:39:59 ] 积分项: 知识被分享 (knowledge_shared) = 20
18:39:59.097  [debug 18:39:59 ] 更新互动积分: 20
18:39:59.097  [debug 18:39:59 ] 积分项: 学习课程 (24E2D4D119E74B76AC349FA12A0B646C) = 8
18:39:59.097  [debug 18:39:59 ] 更新学习积分（学习课程）: +8，当前: 8
18:39:59.098  [debug 18:39:59 ] 积分项: 知识分享 (knowledge_sharing) = 10
18:39:59.098  [debug 18:39:59 ] 更新互动积分: 30
18:39:59.098  [warn 18:39:59 ] 积分无变化，连续无变化次数: 28/2
Warn @ webpack://cxmooc-too…l/utils/log.ts?:197
updatePointsStateFromApi @ webpack://cxmooc-too…dailyPoints.ts?:505
eval @ webpack://cxmooc-too…ailyPoints.ts?:1041
fulfilled @ webpack://cxmooc-too…l/dailyPoints.ts?:5
Promise.then
step @ webpack://cxmooc-too…l/dailyPoints.ts?:7
fulfilled @ webpack://cxmooc-too…l/dailyPoints.ts?:5
Promise.then
step @ webpack://cxmooc-too…l/dailyPoints.ts?:7
fulfilled @ webpack://cxmooc-too…l/dailyPoints.ts?:5
Promise.then
step @ webpack://cxmooc-too…l/dailyPoints.ts?:7
fulfilled @ webpack://cxmooc-too…l/dailyPoints.ts?:5
Promise.then
step @ webpack://cxmooc-too…l/dailyPoints.ts?:7
fulfilled @ webpack://cxmooc-too…l/dailyPoints.ts?:5
Promise.then
step @ webpack://cxmooc-too…l/dailyPoints.ts?:7
fulfilled @ webpack://cxmooc-too…l/dailyPoints.ts?:5
Promise.then
step @ webpack://cxmooc-too…l/dailyPoints.ts?:7
fulfilled @ webpack://cxmooc-too…l/dailyPoints.ts?:5
Promise.then
step @ webpack://cxmooc-too…l/dailyPoints.ts?:7
fulfilled @ webpack://cxmooc-too…l/dailyPoints.ts?:5
Promise.then
step @ webpack://cxmooc-too…l/dailyPoints.ts?:7
fulfilled @ webpack://cxmooc-too…l/dailyPoints.ts?:5
Promise.then
step @ webpack://cxmooc-too…l/dailyPoints.ts?:7
fulfilled @ webpack://cxmooc-too…l/dailyPoints.ts?:5
Promise.then
step @ webpack://cxmooc-too…l/dailyPoints.ts?:7
fulfilled @ webpack://cxmooc-too…l/dailyPoints.ts?:5
Promise.then
step @ webpack://cxmooc-too…l/dailyPoints.ts?:7
fulfilled @ webpack://cxmooc-too…l/dailyPoints.ts?:5
Promise.then
step @ webpack://cxmooc-too…l/dailyPoints.ts?:7
fulfilled @ webpack://cxmooc-too…l/dailyPoints.ts?:5
Promise.then
step @ webpack://cxmooc-too…l/dailyPoints.ts?:7
fulfilled @ webpack://cxmooc-too…l/dailyPoints.ts?:5
Promise.then
step @ webpack://cxmooc-too…l/dailyPoints.ts?:7
fulfilled @ webpack://cxmooc-too…l/dailyPoints.ts?:5
Promise.then
step @ webpack://cxmooc-too…l/dailyPoints.ts?:7
fulfilled @ webpack://cxmooc-too…l/dailyPoints.ts?:5
Promise.then
step @ webpack://cxmooc-too…l/dailyPoints.ts?:7
fulfilled @ webpack://cxmooc-too…l/dailyPoints.ts?:5
Promise.then
step @ webpack://cxmooc-too…l/dailyPoints.ts?:7
fulfilled @ webpack://cxmooc-too…l/dailyPoints.ts?:5
Promise.then
step @ webpack://cxmooc-too…l/dailyPoints.ts?:7
fulfilled @ webpack://cxmooc-too…l/dailyPoints.ts?:5
Promise.then
step @ webpack://cxmooc-too…l/dailyPoints.ts?:7
fulfilled @ webpack://cxmooc-too…l/dailyPoints.ts?:5
Promise.then
step @ webpack://cxmooc-too…l/dailyPoints.ts?:7
fulfilled @ webpack://cxmooc-too…l/dailyPoints.ts?:5
Promise.then
step @ webpack://cxmooc-too…l/dailyPoints.ts?:7
fulfilled @ webpack://cxmooc-too…l/dailyPoints.ts?:5
Promise.then
step @ webpack://cxmooc-too…l/dailyPoints.ts?:7
fulfilled @ webpack://cxmooc-too…l/dailyPoints.ts?:5
Promise.then
step @ webpack://cxmooc-too…l/dailyPoints.ts?:7
fulfilled @ webpack://cxmooc-too…l/dailyPoints.ts?:5
Promise.then
step @ webpack://cxmooc-too…l/dailyPoints.ts?:7
fulfilled @ webpack://cxmooc-too…l/dailyPoints.ts?:5
Promise.then
step @ webpack://cxmooc-too…l/dailyPoints.ts?:7
fulfilled @ webpack://cxmooc-too…l/dailyPoints.ts?:5
Promise.then
step @ webpack://cxmooc-too…l/dailyPoints.ts?:7
fulfilled @ webpack://cxmooc-too…l/dailyPoints.ts?:5
Promise.then
step @ webpack://cxmooc-too…l/dailyPoints.ts?:7
fulfilled @ webpack://cxmooc-too…l/dailyPoints.ts?:5
Promise.then
step @ webpack://cxmooc-too…l/dailyPoints.ts?:7
fulfilled @ webpack://cxmooc-too…l/dailyPoints.ts?:5
Promise.then
step @ webpack://cxmooc-too…l/dailyPoints.ts?:7
fulfilled @ webpack://cxmooc-too…l/dailyPoints.ts?:5
Promise.then
step @ webpack://cxmooc-too…l/dailyPoints.ts?:7
fulfilled @ webpack://cxmooc-too…l/dailyPoints.ts?:5
Promise.then
step @ webpack://cxmooc-too…l/dailyPoints.ts?:7
fulfilled @ webpack://cxmooc-too…l/dailyPoints.ts?:5
Promise.then
step @ webpack://cxmooc-too…l/dailyPoints.ts?:7
fulfilled @ webpack://cxmooc-too…l/dailyPoints.ts?:5
18:39:59.098  [warn 18:39:59 ] [任务切换] 正在切换中，跳过重复调用
Warn @ webpack://cxmooc-too…l/utils/log.ts?:197
eval @ webpack://cxmooc-too…dailyPoints.ts?:521
eval @ webpack://cxmooc-too…l/dailyPoints.ts?:8
__awaiter @ webpack://cxmooc-too…l/dailyPoints.ts?:4
switchToNextTask @ webpack://cxmooc-too…dailyPoints.ts?:519
updatePointsStateFromApi @ webpack://cxmooc-too…dailyPoints.ts?:508
eval @ webpack://cxmooc-too…ailyPoints.ts?:1041
fulfilled @ webpack://cxmooc-too…l/dailyPoints.ts?:5
Promise.then
step @ webpack://cxmooc-too…l/dailyPoints.ts?:7
fulfilled @ webpack://cxmooc-too…l/dailyPoints.ts?:5
Promise.then
step @ webpack://cxmooc-too…l/dailyPoints.ts?:7
fulfilled @ webpack://cxmooc-too…l/dailyPoints.ts?:5
Promise.then
step @ webpack://cxmooc-too…l/dailyPoints.ts?:7
fulfilled @ webpack://cxmooc-too…l/dailyPoints.ts?:5
Promise.then
step @ webpack://cxmooc-too…l/dailyPoints.ts?:7
fulfilled @ webpack://cxmooc-too…l/dailyPoints.ts?:5
Promise.then
step @ webpack://cxmooc-too…l/dailyPoints.ts?:7
fulfilled @ webpack://cxmooc-too…l/dailyPoints.ts?:5
Promise.then
step @ webpack://cxmooc-too…l/dailyPoints.ts?:7
fulfilled @ webpack://cxmooc-too…l/dailyPoints.ts?:5
Promise.then
step @ webpack://cxmooc-too…l/dailyPoints.ts?:7
fulfilled @ webpack://cxmooc-too…l/dailyPoints.ts?:5
Promise.then
step @ webpack://cxmooc-too…l/dailyPoints.ts?:7
fulfilled @ webpack://cxmooc-too…l/dailyPoints.ts?:5
Promise.then
step @ webpack://cxmooc-too…l/dailyPoints.ts?:7
fulfilled @ webpack://cxmooc-too…l/dailyPoints.ts?:5
Promise.then
step @ webpack://cxmooc-too…l/dailyPoints.ts?:7
fulfilled @ webpack://cxmooc-too…l/dailyPoints.ts?:5
Promise.then
step @ webpack://cxmooc-too…l/dailyPoints.ts?:7
fulfilled @ webpack://cxmooc-too…l/dailyPoints.ts?:5
Promise.then
step @ webpack://cxmooc-too…l/dailyPoints.ts?:7
fulfilled @ webpack://cxmooc-too…l/dailyPoints.ts?:5
Promise.then
step @ webpack://cxmooc-too…l/dailyPoints.ts?:7
fulfilled @ webpack://cxmooc-too…l/dailyPoints.ts?:5
Promise.then
step @ webpack://cxmooc-too…l/dailyPoints.ts?:7
fulfilled @ webpack://cxmooc-too…l/dailyPoints.ts?:5
Promise.then
step @ webpack://cxmooc-too…l/dailyPoints.ts?:7
fulfilled @ webpack://cxmooc-too…l/dailyPoints.ts?:5
Promise.then
step @ webpack://cxmooc-too…l/dailyPoints.ts?:7
fulfilled @ webpack://cxmooc-too…l/dailyPoints.ts?:5
Promise.then
step @ webpack://cxmooc-too…l/dailyPoints.ts?:7
fulfilled @ webpack://cxmooc-too…l/dailyPoints.ts?:5
Promise.then
step @ webpack://cxmooc-too…l/dailyPoints.ts?:7
fulfilled @ webpack://cxmooc-too…l/dailyPoints.ts?:5
Promise.then
step @ webpack://cxmooc-too…l/dailyPoints.ts?:7
fulfilled @ webpack://cxmooc-too…l/dailyPoints.ts?:5
Promise.then
step @ webpack://cxmooc-too…l/dailyPoints.ts?:7
fulfilled @ webpack://cxmooc-too…l/dailyPoints.ts?:5
Promise.then
step @ webpack://cxmooc-too…l/dailyPoints.ts?:7
fulfilled @ webpack://cxmooc-too…l/dailyPoints.ts?:5
Promise.then
step @ webpack://cxmooc-too…l/dailyPoints.ts?:7
fulfilled @ webpack://cxmooc-too…l/dailyPoints.ts?:5
Promise.then
step @ webpack://cxmooc-too…l/dailyPoints.ts?:7
fulfilled @ webpack://cxmooc-too…l/dailyPoints.ts?:5
Promise.then
step @ webpack://cxmooc-too…l/dailyPoints.ts?:7
fulfilled @ webpack://cxmooc-too…l/dailyPoints.ts?:5
Promise.then
step @ webpack://cxmooc-too…l/dailyPoints.ts?:7
fulfilled @ webpack://cxmooc-too…l/dailyPoints.ts?:5
Promise.then
step @ webpack://cxmooc-too…l/dailyPoints.ts?:7
fulfilled @ webpack://cxmooc-too…l/dailyPoints.ts?:5
Promise.then
step @ webpack://cxmooc-too…l/dailyPoints.ts?:7
fulfilled @ webpack://cxmooc-too…l/dailyPoints.ts?:5
Promise.then
step @ webpack://cxmooc-too…l/dailyPoints.ts?:7
fulfilled @ webpack://cxmooc-too…l/dailyPoints.ts?:5
Promise.then
step @ webpack://cxmooc-too…l/dailyPoints.ts?:7
fulfilled @ webpack://cxmooc-too…l/dailyPoints.ts?:5
Promise.then
step @ webpack://cxmooc-too…l/dailyPoints.ts?:7
fulfilled @ webpack://cxmooc-too…l/dailyPoints.ts?:5
Promise.then
step @ webpack://cxmooc-too…l/dailyPoints.ts?:7
fulfilled @ webpack://cxmooc-too…l/dailyPoints.ts?:5
Promise.then
step @ webpack://cxmooc-too…l/dailyPoints.ts?:7
fulfilled @ webpack://cxmooc-too…l/dailyPoints.ts?:5
18:39:59.099  [debug 18:39:59 ] 获取知识分享: pageId=6d424ae30d064ae38560868164bbdec4
18:39:59.099  [debug 18:39:59 ] 发送API请求: GET https://zsgl.lzlj.com/learn/app/clientapi/knowledge/cloud/page/like/isShareOut.do?pageId=6d424ae30d064ae38560868164bbdec4&shareOutType=&sid=F76FB3D332BB4D4D8F5F3EE25814DBF6&os=99
18:39:59.105  [每日积分] panel: 收到页面消息1 {type: 'POINTS_UPDATED', data: {…}}
18:39:59.105  [每日积分] panel: 处理POINTS_UPDATED {learning: {…}, contribution: {…}, interaction: {…}}
18:39:59.223  [debug 18:39:59 ] API响应成功: {body: {…}, code: '0', file: null, message: '成功', user: null}
18:39:59.224  [debug 18:39:59 ] 知识分享成功，第143次调用，累积积分: 0.6/70
18:39:59.224  [debug 18:39:59 ] 获取知识分享: pageId=6d424ae30d064ae38560868164bbdec4
18:39:59.224  [debug 18:39:59 ] 发送API请求: GET https://zsgl.lzlj.com/learn/app/clientapi/knowledge/cloud/page/like/isShareOut.do?pageId=6d424ae30d064ae38560868164bbdec4&shareOutType=&sid=F76FB3D332BB4D4D8F5F3EE25814DBF6&os=99
18:39:59.248  [debug 18:39:59 ] API响应成功: {body: {…}, code: '0', file: null, message: '成功', user: null}
18:39:59.249  [debug 18:39:59 ] 知识分享成功，第144次调用，累积积分: 1.2/70
18:39:59.249  [debug 18:39:59 ] 获取知识分享: pageId=6d424ae30d064ae38560868164bbdec4
18:39:59.249  [debug 18:39:59 ] 发送API请求: GET https://zsgl.lzlj.com/learn/app/clientapi/knowledge/cloud/page/like/isShareOut.do?pageId=6d424ae30d064ae38560868164bbdec4&shareOutType=&sid=F76FB3D332BB4D4D8F5F3EE25814DBF6&os=99
18:39:59.385  [debug 18:39:59 ] API响应成功: {body: {…}, code: '0', file: null, message: '成功', user: null}
18:39:59.385  [debug 18:39:59 ] 知识分享成功，第145次调用，累积积分: 1.7999999999999998/70
18:39:59.386  [debug 18:39:59 ] 获取积分详情: 2026-03-16 ~ 2026-03-31
18:39:59.386  [debug 18:39:59 ] 发送API请求: POST https://zsgl.lzlj.com/learn/app/clientapi/personal/statistics/queryUserPointPercent.do?os=99&sid=F76FB3D332BB4D4D8F5F3EE25814DBF6
18:39:59.407  [debug 18:39:59 ] API响应成功: {body: {…}, code: '0', file: null, message: '成功', user: null}
18:39:59.408  [debug 18:39:59 ] 知识分享成功，第146次调用，累积积分: 2.4/70
18:39:59.408  [debug 18:39:59 ] 获取知识分享: pageId=6d424ae30d064ae38560868164bbdec4
18:39:59.408  [debug 18:39:59 ] 发送API请求: GET https://zsgl.lzlj.com/learn/app/clientapi/knowledge/cloud/page/like/isShareOut.do?pageId=6d424ae30d064ae38560868164bbdec4&shareOutType=&sid=F76FB3D332BB4D4D8F5F3EE25814DBF6&os=99
18:39:59.570  [debug 18:39:59 ] API响应成功: {body: {…}, code: '0', file: null, message: '成功', user: null}
18:39:59.571  [debug 18:39:59 ] 知识分享成功，第147次调用，累积积分: 3/70
18:39:59.571  [debug 18:39:59 ] 获取知识分享: pageId=6d424ae30d064ae38560868164bbdec4
18:39:59.572  [debug 18:39:59 ] 发送API请求: GET https://zsgl.lzlj.com/learn/app/clientapi/knowledge/cloud/page/like/isShareOut.do?pageId=6d424ae30d064ae38560868164bbdec4&shareOutType=&sid=F76FB3D332BB4D4D8F5F3EE25814DBF6&os=99
18:39:59.665  [debug 18:39:59 ] API响应成功: {body: Array(4), code: '0', file: null, message: '成功', user: null}
18:39:59.665  [debug 18:39:59 ] 积分项: 知识被阅读 (knowledge_read_point) = 20
18:39:59.665  [debug 18:39:59 ] 更新贡献积分: 20
18:39:59.665  [debug 18:39:59 ] 积分项: 知识被分享 (knowledge_shared) = 20
18:39:59.666  [debug 18:39:59 ] 更新互动积分: 20
18:39:59.666  [debug 18:39:59 ] 积分项: 学习课程 (24E2D4D119E74B76AC349FA12A0B646C) = 8
18:39:59.666  [debug 18:39:59 ] 更新学习积分（学习课程）: +8，当前: 8
18:39:59.666  [debug 18:39:59 ] 积分项: 知识分享 (knowledge_sharing) = 10
18:39:59.666  [debug 18:39:59 ] 更新互动积分: 30
18:39:59.666  [warn 18:39:59 ] 积分无变化，连续无变化次数: 29/2
Warn @ webpack://cxmooc-too…l/utils/log.ts?:197
updatePointsStateFromApi @ webpack://cxmooc-too…dailyPoints.ts?:505
eval @ webpack://cxmooc-too…ailyPoints.ts?:1041
fulfilled @ webpack://cxmooc-too…l/dailyPoints.ts?:5
Promise.then
step @ webpack://cxmooc-too…l/dailyPoints.ts?:7
fulfilled @ webpack://cxmooc-too…l/dailyPoints.ts?:5
Promise.then
step @ webpack://cxmooc-too…l/dailyPoints.ts?:7
fulfilled @ webpack://cxmooc-too…l/dailyPoints.ts?:5
Promise.then
step @ webpack://cxmooc-too…l/dailyPoints.ts?:7
fulfilled @ webpack://cxmooc-too…l/dailyPoints.ts?:5
Promise.then
step @ webpack://cxmooc-too…l/dailyPoints.ts?:7
fulfilled @ webpack://cxmooc-too…l/dailyPoints.ts?:5
Promise.then
step @ webpack://cxmooc-too…l/dailyPoints.ts?:7
fulfilled @ webpack://cxmooc-too…l/dailyPoints.ts?:5
Promise.then
step @ webpack://cxmooc-too…l/dailyPoints.ts?:7
fulfilled @ webpack://cxmooc-too…l/dailyPoints.ts?:5
Promise.then
step @ webpack://cxmooc-too…l/dailyPoints.ts?:7
fulfilled @ webpack://cxmooc-too…l/dailyPoints.ts?:5
Promise.then
step @ webpack://cxmooc-too…l/dailyPoints.ts?:7
fulfilled @ webpack://cxmooc-too…l/dailyPoints.ts?:5
Promise.then
step @ webpack://cxmooc-too…l/dailyPoints.ts?:7
fulfilled @ webpack://cxmooc-too…l/dailyPoints.ts?:5
Promise.then
step @ webpack://cxmooc-too…l/dailyPoints.ts?:7
fulfilled @ webpack://cxmooc-too…l/dailyPoints.ts?:5
Promise.then
step @ webpack://cxmooc-too…l/dailyPoints.ts?:7
fulfilled @ webpack://cxmooc-too…l/dailyPoints.ts?:5
Promise.then
step @ webpack://cxmooc-too…l/dailyPoints.ts?:7
fulfilled @ webpack://cxmooc-too…l/dailyPoints.ts?:5
Promise.then
step @ webpack://cxmooc-too…l/dailyPoints.ts?:7
fulfilled @ webpack://cxmooc-too…l/dailyPoints.ts?:5
Promise.then
step @ webpack://cxmooc-too…l/dailyPoints.ts?:7
fulfilled @ webpack://cxmooc-too…l/dailyPoints.ts?:5
Promise.then
step @ webpack://cxmooc-too…l/dailyPoints.ts?:7
fulfilled @ webpack://cxmooc-too…l/dailyPoints.ts?:5
Promise.then
step @ webpack://cxmooc-too…l/dailyPoints.ts?:7
fulfilled @ webpack://cxmooc-too…l/dailyPoints.ts?:5
Promise.then
step @ webpack://cxmooc-too…l/dailyPoints.ts?:7
fulfilled @ webpack://cxmooc-too…l/dailyPoints.ts?:5
Promise.then
step @ webpack://cxmooc-too…l/dailyPoints.ts?:7
fulfilled @ webpack://cxmooc-too…l/dailyPoints.ts?:5
Promise.then
step @ webpack://cxmooc-too…l/dailyPoints.ts?:7
fulfilled @ webpack://cxmooc-too…l/dailyPoints.ts?:5
Promise.then
step @ webpack://cxmooc-too…l/dailyPoints.ts?:7
fulfilled @ webpack://cxmooc-too…l/dailyPoints.ts?:5
Promise.then
step @ webpack://cxmooc-too…l/dailyPoints.ts?:7
fulfilled @ webpack://cxmooc-too…l/dailyPoints.ts?:5
Promise.then
step @ webpack://cxmooc-too…l/dailyPoints.ts?:7
fulfilled @ webpack://cxmooc-too…l/dailyPoints.ts?:5
Promise.then
step @ webpack://cxmooc-too…l/dailyPoints.ts?:7
fulfilled @ webpack://cxmooc-too…l/dailyPoints.ts?:5
Promise.then
step @ webpack://cxmooc-too…l/dailyPoints.ts?:7
fulfilled @ webpack://cxmooc-too…l/dailyPoints.ts?:5
Promise.then
step @ webpack://cxmooc-too…l/dailyPoints.ts?:7
fulfilled @ webpack://cxmooc-too…l/dailyPoints.ts?:5
Promise.then
step @ webpack://cxmooc-too…l/dailyPoints.ts?:7
fulfilled @ webpack://cxmooc-too…l/dailyPoints.ts?:5
Promise.then
step @ webpack://cxmooc-too…l/dailyPoints.ts?:7
fulfilled @ webpack://cxmooc-too…l/dailyPoints.ts?:5
Promise.then
step @ webpack://cxmooc-too…l/dailyPoints.ts?:7
fulfilled @ webpack://cxmooc-too…l/dailyPoints.ts?:5
Promise.then
step @ webpack://cxmooc-too…l/dailyPoints.ts?:7
fulfilled @ webpack://cxmooc-too…l/dailyPoints.ts?:5
Promise.then
step @ webpack://cxmooc-too…l/dailyPoints.ts?:7
fulfilled @ webpack://cxmooc-too…l/dailyPoints.ts?:5
Promise.then
step @ webpack://cxmooc-too…l/dailyPoints.ts?:7
fulfilled @ webpack://cxmooc-too…l/dailyPoints.ts?:5
Promise.then
step @ webpack://cxmooc-too…l/dailyPoints.ts?:7
fulfilled @ webpack://cxmooc-too…l/dailyPoints.ts?:5
18:39:59.667  [warn 18:39:59 ] [任务切换] 正在切换中，跳过重复调用
Warn @ webpack://cxmooc-too…l/utils/log.ts?:197
eval @ webpack://cxmooc-too…dailyPoints.ts?:521
eval @ webpack://cxmooc-too…l/dailyPoints.ts?:8
__awaiter @ webpack://cxmooc-too…l/dailyPoints.ts?:4
switchToNextTask @ webpack://cxmooc-too…dailyPoints.ts?:519
updatePointsStateFromApi @ webpack://cxmooc-too…dailyPoints.ts?:508
eval @ webpack://cxmooc-too…ailyPoints.ts?:1041
fulfilled @ webpack://cxmooc-too…l/dailyPoints.ts?:5
Promise.then
step @ webpack://cxmooc-too…l/dailyPoints.ts?:7
fulfilled @ webpack://cxmooc-too…l/dailyPoints.ts?:5
Promise.then
step @ webpack://cxmooc-too…l/dailyPoints.ts?:7
fulfilled @ webpack://cxmooc-too…l/dailyPoints.ts?:5
Promise.then
step @ webpack://cxmooc-too…l/dailyPoints.ts?:7
fulfilled @ webpack://cxmooc-too…l/dailyPoints.ts?:5
Promise.then
step @ webpack://cxmooc-too…l/dailyPoints.ts?:7
fulfilled @ webpack://cxmooc-too…l/dailyPoints.ts?:5
Promise.then
step @ webpack://cxmooc-too…l/dailyPoints.ts?:7
fulfilled @ webpack://cxmooc-too…l/dailyPoints.ts?:5
Promise.then
step @ webpack://cxmooc-too…l/dailyPoints.ts?:7
fulfilled @ webpack://cxmooc-too…l/dailyPoints.ts?:5
Promise.then
step @ webpack://cxmooc-too…l/dailyPoints.ts?:7
fulfilled @ webpack://cxmooc-too…l/dailyPoints.ts?:5
Promise.then
step @ webpack://cxmooc-too…l/dailyPoints.ts?:7
fulfilled @ webpack://cxmooc-too…l/dailyPoints.ts?:5
Promise.then
step @ webpack://cxmooc-too…l/dailyPoints.ts?:7
fulfilled @ webpack://cxmooc-too…l/dailyPoints.ts?:5
Promise.then
step @ webpack://cxmooc-too…l/dailyPoints.ts?:7
fulfilled @ webpack://cxmooc-too…l/dailyPoints.ts?:5
Promise.then
step @ webpack://cxmooc-too…l/dailyPoints.ts?:7
fulfilled @ webpack://cxmooc-too…l/dailyPoints.ts?:5
Promise.then
step @ webpack://cxmooc-too…l/dailyPoints.ts?:7
fulfilled @ webpack://cxmooc-too…l/dailyPoints.ts?:5
Promise.then
step @ webpack://cxmooc-too…l/dailyPoints.ts?:7
fulfilled @ webpack://cxmooc-too…l/dailyPoints.ts?:5
Promise.then
step @ webpack://cxmooc-too…l/dailyPoints.ts?:7
fulfilled @ webpack://cxmooc-too…l/dailyPoints.ts?:5
Promise.then
step @ webpack://cxmooc-too…l/dailyPoints.ts?:7
fulfilled @ webpack://cxmooc-too…l/dailyPoints.ts?:5
Promise.then
step @ webpack://cxmooc-too…l/dailyPoints.ts?:7
fulfilled @ webpack://cxmooc-too…l/dailyPoints.ts?:5
Promise.then
step @ webpack://cxmooc-too…l/dailyPoints.ts?:7
fulfilled @ webpack://cxmooc-too…l/dailyPoints.ts?:5
Promise.then
step @ webpack://cxmooc-too…l/dailyPoints.ts?:7
fulfilled @ webpack://cxmooc-too…l/dailyPoints.ts?:5
Promise.then
step @ webpack://cxmooc-too…l/dailyPoints.ts?:7
fulfilled @ webpack://cxmooc-too…l/dailyPoints.ts?:5
Promise.then
step @ webpack://cxmooc-too…l/dailyPoints.ts?:7
fulfilled @ webpack://cxmooc-too…l/dailyPoints.ts?:5
Promise.then
step @ webpack://cxmooc-too…l/dailyPoints.ts?:7
fulfilled @ webpack://cxmooc-too…l/dailyPoints.ts?:5
Promise.then
step @ webpack://cxmooc-too…l/dailyPoints.ts?:7
fulfilled @ webpack://cxmooc-too…l/dailyPoints.ts?:5
Promise.then
step @ webpack://cxmooc-too…l/dailyPoints.ts?:7
fulfilled @ webpack://cxmooc-too…l/dailyPoints.ts?:5
Promise.then
step @ webpack://cxmooc-too…l/dailyPoints.ts?:7
fulfilled @ webpack://cxmooc-too…l/dailyPoints.ts?:5
Promise.then
step @ webpack://cxmooc-too…l/dailyPoints.ts?:7
fulfilled @ webpack://cxmooc-too…l/dailyPoints.ts?:5
Promise.then
step @ webpack://cxmooc-too…l/dailyPoints.ts?:7
fulfilled @ webpack://cxmooc-too…l/dailyPoints.ts?:5
Promise.then
step @ webpack://cxmooc-too…l/dailyPoints.ts?:7
fulfilled @ webpack://cxmooc-too…l/dailyPoints.ts?:5
Promise.then
step @ webpack://cxmooc-too…l/dailyPoints.ts?:7
fulfilled @ webpack://cxmooc-too…l/dailyPoints.ts?:5
Promise.then
step @ webpack://cxmooc-too…l/dailyPoints.ts?:7
fulfilled @ webpack://cxmooc-too…l/dailyPoints.ts?:5
Promise.then
step @ webpack://cxmooc-too…l/dailyPoints.ts?:7
fulfilled @ webpack://cxmooc-too…l/dailyPoints.ts?:5
Promise.then
step @ webpack://cxmooc-too…l/dailyPoints.ts?:7
fulfilled @ webpack://cxmooc-too…l/dailyPoints.ts?:5
Promise.then
step @ webpack://cxmooc-too…l/dailyPoints.ts?:7
fulfilled @ webpack://cxmooc-too…l/dailyPoints.ts?:5
18:39:59.667  [debug 18:39:59 ] 获取知识分享: pageId=6d424ae30d064ae38560868164bbdec4
18:39:59.667  [debug 18:39:59 ] 发送API请求: GET https://zsgl.lzlj.com/learn/app/clientapi/knowledge/cloud/page/like/isShareOut.do?pageId=6d424ae30d064ae38560868164bbdec4&shareOutType=&sid=F76FB3D332BB4D4D8F5F3EE25814DBF6&os=99
18:39:59.674  [每日积分] panel: 收到页面消息1 {type: 'POINTS_UPDATED', data: {…}}
18:39:59.674  [每日积分] panel: 处理POINTS_UPDATED {learning: {…}, contribution: {…}, interaction: {…}}
18:39:59.683  [debug 18:39:59 ] API响应成功: {body: {…}, code: '0', file: null, message: '成功', user: null}
18:39:59.684  [debug 18:39:59 ] 知识分享成功，第148次调用，累积积分: 0.6/70
18:39:59.684  [debug 18:39:59 ] 获取知识分享: pageId=6d424ae30d064ae38560868164bbdec4
18:39:59.684  [debug 18:39:59 ] 发送API请求: GET https://zsgl.lzlj.com/learn/app/clientapi/knowledge/cloud/page/like/isShareOut.do?pageId=6d424ae30d064ae38560868164bbdec4&shareOutType=&sid=F76FB3D332BB4D4D8F5F3EE25814DBF6&os=99
18:39:59.821  [debug 18:39:59 ] API响应成功: {body: {…}, code: '0', file: null, message: '成功', user: null}
18:39:59.822  [debug 18:39:59 ] 知识分享成功，第149次调用，累积积分: 1.2/70
18:39:59.822  [debug 18:39:59 ] 获取知识分享: pageId=6d424ae30d064ae38560868164bbdec4
18:39:59.822  [debug 18:39:59 ] 发送API请求: GET https://zsgl.lzlj.com/learn/app/clientapi/knowledge/cloud/page/like/isShareOut.do?pageId=6d424ae30d064ae38560868164bbdec4&shareOutType=&sid=F76FB3D332BB4D4D8F5F3EE25814DBF6&os=99
18:39:59.839  [debug 18:39:59 ] API响应成功: {body: {…}, code: '0', file: null, message: '成功', user: null}
18:39:59.840  [debug 18:39:59 ] 知识分享成功，第150次调用，累积积分: 1.7999999999999998/70
18:39:59.840  [debug 18:39:59 ] 获取积分详情: 2026-03-16 ~ 2026-03-31
18:39:59.840  [debug 18:39:59 ] 发送API请求: POST https://zsgl.lzlj.com/learn/app/clientapi/personal/statistics/queryUserPointPercent.do?os=99&sid=F76FB3D332BB4D4D8F5F3EE25814DBF6
18:39:59.990  [debug 18:39:59 ] API响应成功: {body: {…}, code: '0', file: null, message: '成功', user: null}
18:39:59.991  [debug 18:39:59 ] 知识分享成功，第151次调用，累积积分: 2.4/70
18:39:59.992  [debug 18:39:59 ] 获取知识分享: pageId=6d424ae30d064ae38560868164bbdec4
18:39:59.992  [debug 18:39:59 ] 发送API请求: GET https://zsgl.lzlj.com/learn/app/clientapi/knowledge/cloud/page/like/isShareOut.do?pageId=6d424ae30d064ae38560868164bbdec4&shareOutType=&sid=F76FB3D332BB4D4D8F5F3EE25814DBF6&os=99
18:40:00.081  [debug 18:40:0 ] API响应成功: {body: Array(4), code: '0', file: null, message: '成功', user: null}
18:40:00.082  [debug 18:40:0 ] 积分项: 知识被阅读 (knowledge_read_point) = 20
18:40:00.082  [debug 18:40:0 ] 更新贡献积分: 20
18:40:00.082  [debug 18:40:0 ] 积分项: 知识被分享 (knowledge_shared) = 20
18:40:00.082  [debug 18:40:0 ] 更新互动积分: 20
18:40:00.082  [debug 18:40:0 ] 积分项: 学习课程 (24E2D4D119E74B76AC349FA12A0B646C) = 8
18:40:00.083  [debug 18:40:0 ] 更新学习积分（学习课程）: +8，当前: 8
18:40:00.083  [debug 18:40:0 ] 积分项: 知识分享 (knowledge_sharing) = 10
18:40:00.083  [debug 18:40:0 ] 更新互动积分: 30
18:40:00.083  [warn 18:40:0 ] 积分无变化，连续无变化次数: 30/2
Warn @ webpack://cxmooc-too…l/utils/log.ts?:197
updatePointsStateFromApi @ webpack://cxmooc-too…dailyPoints.ts?:505
eval @ webpack://cxmooc-too…ailyPoints.ts?:1041
fulfilled @ webpack://cxmooc-too…l/dailyPoints.ts?:5
Promise.then
step @ webpack://cxmooc-too…l/dailyPoints.ts?:7
fulfilled @ webpack://cxmooc-too…l/dailyPoints.ts?:5
Promise.then
step @ webpack://cxmooc-too…l/dailyPoints.ts?:7
fulfilled @ webpack://cxmooc-too…l/dailyPoints.ts?:5
Promise.then
step @ webpack://cxmooc-too…l/dailyPoints.ts?:7
fulfilled @ webpack://cxmooc-too…l/dailyPoints.ts?:5
Promise.then
step @ webpack://cxmooc-too…l/dailyPoints.ts?:7
fulfilled @ webpack://cxmooc-too…l/dailyPoints.ts?:5
Promise.then
step @ webpack://cxmooc-too…l/dailyPoints.ts?:7
fulfilled @ webpack://cxmooc-too…l/dailyPoints.ts?:5
Promise.then
step @ webpack://cxmooc-too…l/dailyPoints.ts?:7
fulfilled @ webpack://cxmooc-too…l/dailyPoints.ts?:5
Promise.then
step @ webpack://cxmooc-too…l/dailyPoints.ts?:7
fulfilled @ webpack://cxmooc-too…l/dailyPoints.ts?:5
Promise.then
step @ webpack://cxmooc-too…l/dailyPoints.ts?:7
fulfilled @ webpack://cxmooc-too…l/dailyPoints.ts?:5
Promise.then
step @ webpack://cxmooc-too…l/dailyPoints.ts?:7
fulfilled @ webpack://cxmooc-too…l/dailyPoints.ts?:5
Promise.then
step @ webpack://cxmooc-too…l/dailyPoints.ts?:7
fulfilled @ webpack://cxmooc-too…l/dailyPoints.ts?:5
Promise.then
step @ webpack://cxmooc-too…l/dailyPoints.ts?:7
fulfilled @ webpack://cxmooc-too…l/dailyPoints.ts?:5
Promise.then
step @ webpack://cxmooc-too…l/dailyPoints.ts?:7
fulfilled @ webpack://cxmooc-too…l/dailyPoints.ts?:5
Promise.then
step @ webpack://cxmooc-too…l/dailyPoints.ts?:7
fulfilled @ webpack://cxmooc-too…l/dailyPoints.ts?:5
Promise.then
step @ webpack://cxmooc-too…l/dailyPoints.ts?:7
fulfilled @ webpack://cxmooc-too…l/dailyPoints.ts?:5
Promise.then
step @ webpack://cxmooc-too…l/dailyPoints.ts?:7
fulfilled @ webpack://cxmooc-too…l/dailyPoints.ts?:5
Promise.then
step @ webpack://cxmooc-too…l/dailyPoints.ts?:7
fulfilled @ webpack://cxmooc-too…l/dailyPoints.ts?:5
Promise.then
step @ webpack://cxmooc-too…l/dailyPoints.ts?:7
fulfilled @ webpack://cxmooc-too…l/dailyPoints.ts?:5
Promise.then
step @ webpack://cxmooc-too…l/dailyPoints.ts?:7
fulfilled @ webpack://cxmooc-too…l/dailyPoints.ts?:5
Promise.then
step @ webpack://cxmooc-too…l/dailyPoints.ts?:7
fulfilled @ webpack://cxmooc-too…l/dailyPoints.ts?:5
Promise.then
step @ webpack://cxmooc-too…l/dailyPoints.ts?:7
fulfilled @ webpack://cxmooc-too…l/dailyPoints.ts?:5
Promise.then
step @ webpack://cxmooc-too…l/dailyPoints.ts?:7
fulfilled @ webpack://cxmooc-too…l/dailyPoints.ts?:5
Promise.then
step @ webpack://cxmooc-too…l/dailyPoints.ts?:7
fulfilled @ webpack://cxmooc-too…l/dailyPoints.ts?:5
Promise.then
step @ webpack://cxmooc-too…l/dailyPoints.ts?:7
fulfilled @ webpack://cxmooc-too…l/dailyPoints.ts?:5
Promise.then
step @ webpack://cxmooc-too…l/dailyPoints.ts?:7
fulfilled @ webpack://cxmooc-too…l/dailyPoints.ts?:5
Promise.then
step @ webpack://cxmooc-too…l/dailyPoints.ts?:7
fulfilled @ webpack://cxmooc-too…l/dailyPoints.ts?:5
Promise.then
step @ webpack://cxmooc-too…l/dailyPoints.ts?:7
fulfilled @ webpack://cxmooc-too…l/dailyPoints.ts?:5
Promise.then
step @ webpack://cxmooc-too…l/dailyPoints.ts?:7
fulfilled @ webpack://cxmooc-too…l/dailyPoints.ts?:5
Promise.then
step @ webpack://cxmooc-too…l/dailyPoints.ts?:7
fulfilled @ webpack://cxmooc-too…l/dailyPoints.ts?:5
Promise.then
step @ webpack://cxmooc-too…l/dailyPoints.ts?:7
fulfilled @ webpack://cxmooc-too…l/dailyPoints.ts?:5
Promise.then
step @ webpack://cxmooc-too…l/dailyPoints.ts?:7
fulfilled @ webpack://cxmooc-too…l/dailyPoints.ts?:5
Promise.then
step @ webpack://cxmooc-too…l/dailyPoints.ts?:7
fulfilled @ webpack://cxmooc-too…l/dailyPoints.ts?:5
Promise.then
step @ webpack://cxmooc-too…l/dailyPoints.ts?:7
fulfilled @ webpack://cxmooc-too…l/dailyPoints.ts?:5
18:40:00.084  [warn 18:40:0 ] [任务切换] 正在切换中，跳过重复调用
Warn @ webpack://cxmooc-too…l/utils/log.ts?:197
eval @ webpack://cxmooc-too…dailyPoints.ts?:521
eval @ webpack://cxmooc-too…l/dailyPoints.ts?:8
__awaiter @ webpack://cxmooc-too…l/dailyPoints.ts?:4
switchToNextTask @ webpack://cxmooc-too…dailyPoints.ts?:519
updatePointsStateFromApi @ webpack://cxmooc-too…dailyPoints.ts?:508
eval @ webpack://cxmooc-too…ailyPoints.ts?:1041
fulfilled @ webpack://cxmooc-too…l/dailyPoints.ts?:5
Promise.then
step @ webpack://cxmooc-too…l/dailyPoints.ts?:7
fulfilled @ webpack://cxmooc-too…l/dailyPoints.ts?:5
Promise.then
step @ webpack://cxmooc-too…l/dailyPoints.ts?:7
fulfilled @ webpack://cxmooc-too…l/dailyPoints.ts?:5
Promise.then
step @ webpack://cxmooc-too…l/dailyPoints.ts?:7
fulfilled @ webpack://cxmooc-too…l/dailyPoints.ts?:5
Promise.then
step @ webpack://cxmooc-too…l/dailyPoints.ts?:7
fulfilled @ webpack://cxmooc-too…l/dailyPoints.ts?:5
Promise.then
step @ webpack://cxmooc-too…l/dailyPoints.ts?:7
fulfilled @ webpack://cxmooc-too…l/dailyPoints.ts?:5
Promise.then
step @ webpack://cxmooc-too…l/dailyPoints.ts?:7
fulfilled @ webpack://cxmooc-too…l/dailyPoints.ts?:5
Promise.then
step @ webpack://cxmooc-too…l/dailyPoints.ts?:7
fulfilled @ webpack://cxmooc-too…l/dailyPoints.ts?:5
Promise.then
step @ webpack://cxmooc-too…l/dailyPoints.ts?:7
fulfilled @ webpack://cxmooc-too…l/dailyPoints.ts?:5
Promise.then
step @ webpack://cxmooc-too…l/dailyPoints.ts?:7
fulfilled @ webpack://cxmooc-too…l/dailyPoints.ts?:5
Promise.then
step @ webpack://cxmooc-too…l/dailyPoints.ts?:7
fulfilled @ webpack://cxmooc-too…l/dailyPoints.ts?:5
Promise.then
step @ webpack://cxmooc-too…l/dailyPoints.ts?:7
fulfilled @ webpack://cxmooc-too…l/dailyPoints.ts?:5
Promise.then
step @ webpack://cxmooc-too…l/dailyPoints.ts?:7
fulfilled @ webpack://cxmooc-too…l/dailyPoints.ts?:5
Promise.then
step @ webpack://cxmooc-too…l/dailyPoints.ts?:7
fulfilled @ webpack://cxmooc-too…l/dailyPoints.ts?:5
Promise.then
step @ webpack://cxmooc-too…l/dailyPoints.ts?:7
fulfilled @ webpack://cxmooc-too…l/dailyPoints.ts?:5
Promise.then
step @ webpack://cxmooc-too…l/dailyPoints.ts?:7
fulfilled @ webpack://cxmooc-too…l/dailyPoints.ts?:5
Promise.then
step @ webpack://cxmooc-too…l/dailyPoints.ts?:7
fulfilled @ webpack://cxmooc-too…l/dailyPoints.ts?:5
Promise.then
step @ webpack://cxmooc-too…l/dailyPoints.ts?:7
fulfilled @ webpack://cxmooc-too…l/dailyPoints.ts?:5
Promise.then
step @ webpack://cxmooc-too…l/dailyPoints.ts?:7
fulfilled @ webpack://cxmooc-too…l/dailyPoints.ts?:5
Promise.then
step @ webpack://cxmooc-too…l/dailyPoints.ts?:7
fulfilled @ webpack://cxmooc-too…l/dailyPoints.ts?:5
Promise.then
step @ webpack://cxmooc-too…l/dailyPoints.ts?:7
fulfilled @ webpack://cxmooc-too…l/dailyPoints.ts?:5
Promise.then
step @ webpack://cxmooc-too…l/dailyPoints.ts?:7
fulfilled @ webpack://cxmooc-too…l/dailyPoints.ts?:5
Promise.then
step @ webpack://cxmooc-too…l/dailyPoints.ts?:7
fulfilled @ webpack://cxmooc-too…l/dailyPoints.ts?:5
Promise.then
step @ webpack://cxmooc-too…l/dailyPoints.ts?:7
fulfilled @ webpack://cxmooc-too…l/dailyPoints.ts?:5
Promise.then
step @ webpack://cxmooc-too…l/dailyPoints.ts?:7
fulfilled @ webpack://cxmooc-too…l/dailyPoints.ts?:5
Promise.then
step @ webpack://cxmooc-too…l/dailyPoints.ts?:7
fulfilled @ webpack://cxmooc-too…l/dailyPoints.ts?:5
Promise.then
step @ webpack://cxmooc-too…l/dailyPoints.ts?:7
fulfilled @ webpack://cxmooc-too…l/dailyPoints.ts?:5
Promise.then
step @ webpack://cxmooc-too…l/dailyPoints.ts?:7
fulfilled @ webpack://cxmooc-too…l/dailyPoints.ts?:5
Promise.then
step @ webpack://cxmooc-too…l/dailyPoints.ts?:7
fulfilled @ webpack://cxmooc-too…l/dailyPoints.ts?:5
Promise.then
step @ webpack://cxmooc-too…l/dailyPoints.ts?:7
fulfilled @ webpack://cxmooc-too…l/dailyPoints.ts?:5
Promise.then
step @ webpack://cxmooc-too…l/dailyPoints.ts?:7
fulfilled @ webpack://cxmooc-too…l/dailyPoints.ts?:5
Promise.then
step @ webpack://cxmooc-too…l/dailyPoints.ts?:7
fulfilled @ webpack://cxmooc-too…l/dailyPoints.ts?:5
Promise.then
step @ webpack://cxmooc-too…l/dailyPoints.ts?:7
fulfilled @ webpack://cxmooc-too…l/dailyPoints.ts?:5
18:40:00.084  [debug 18:40:0 ] 获取知识分享: pageId=6d424ae30d064ae38560868164bbdec4
18:40:00.084  [debug 18:40:0 ] 发送API请求: GET https://zsgl.lzlj.com/learn/app/clientapi/knowledge/cloud/page/like/isShareOut.do?pageId=6d424ae30d064ae38560868164bbdec4&shareOutType=&sid=F76FB3D332BB4D4D8F5F3EE25814DBF6&os=99
18:40:00.091  [每日积分] panel: 收到页面消息1 {type: 'POINTS_UPDATED', data: {…}}
18:40:00.091  [每日积分] panel: 处理POINTS_UPDATED {learning: {…}, contribution: {…}, interaction: {…}}
18:40:00.121  [debug 18:40:0 ] API响应成功: {body: {…}, code: '0', file: null, message: '成功', user: null}
18:40:00.121  [debug 18:40:0 ] 知识分享成功，第152次调用，累积积分: 0.6/70
18:40:00.121  [debug 18:40:0 ] 获取知识分享: pageId=6d424ae30d064ae38560868164bbdec4
18:40:00.122  [debug 18:40:0 ] 发送API请求: GET https://zsgl.lzlj.com/learn/app/clientapi/knowledge/cloud/page/like/isShareOut.do?pageId=6d424ae30d064ae38560868164bbdec4&shareOutType=&sid=F76FB3D332BB4D4D8F5F3EE25814DBF6&os=99
18:40:00.227  [debug 18:40:0 ] API响应成功: {body: {…}, code: '0', file: null, message: '成功', user: null}
18:40:00.228  [debug 18:40:0 ] 知识分享成功，第153次调用，累积积分: 1.2/70
18:40:00.228  [debug 18:40:0 ] 获取知识分享: pageId=6d424ae30d064ae38560868164bbdec4
18:40:00.228  [debug 18:40:0 ] 发送API请求: GET https://zsgl.lzlj.com/learn/app/clientapi/knowledge/cloud/page/like/isShareOut.do?pageId=6d424ae30d064ae38560868164bbdec4&shareOutType=&sid=F76FB3D332BB4D4D8F5F3EE25814DBF6&os=99
18:40:00.261  [debug 18:40:0 ] API响应成功: {body: {…}, code: '0', file: null, message: '成功', user: null}
18:40:00.261  [debug 18:40:0 ] 知识分享成功，第154次调用，累积积分: 1.7999999999999998/70
18:40:00.262  [debug 18:40:0 ] 获取知识分享: pageId=6d424ae30d064ae38560868164bbdec4
18:40:00.262  [debug 18:40:0 ] 发送API请求: GET https://zsgl.lzlj.com/learn/app/clientapi/knowledge/cloud/page/like/isShareOut.do?pageId=6d424ae30d064ae38560868164bbdec4&shareOutType=&sid=F76FB3D332BB4D4D8F5F3EE25814DBF6&os=99
18:40:00.386  [debug 18:40:0 ] API响应成功: {body: {…}, code: '0', file: null, message: '成功', user: null}
18:40:00.386  [debug 18:40:0 ] 知识分享成功，第155次调用，累积积分: 2.4/70
18:40:00.387  [debug 18:40:0 ] 获取积分详情: 2026-03-16 ~ 2026-03-31
18:40:00.387  [debug 18:40:0 ] 发送API请求: POST https://zsgl.lzlj.com/learn/app/clientapi/personal/statistics/queryUserPointPercent.do?os=99&sid=F76FB3D332BB4D4D8F5F3EE25814DBF6
18:40:00.427  [debug 18:40:0 ] API响应成功: {body: {…}, code: '0', file: null, message: '成功', user: null}
18:40:00.427  [debug 18:40:0 ] 知识分享成功，第156次调用，累积积分: 3/70
18:40:00.427  [debug 18:40:0 ] 获取知识分享: pageId=6d424ae30d064ae38560868164bbdec4
18:40:00.427  [debug 18:40:0 ] 发送API请求: GET https://zsgl.lzlj.com/learn/app/clientapi/knowledge/cloud/page/like/isShareOut.do?pageId=6d424ae30d064ae38560868164bbdec4&shareOutType=&sid=F76FB3D332BB4D4D8F5F3EE25814DBF6&os=99
18:40:00.548  [debug 18:40:0 ] API响应成功: {body: {…}, code: '0', file: null, message: '成功', user: null}
18:40:00.548  [debug 18:40:0 ] 知识分享成功，第157次调用，累积积分: 3.6/70
18:40:00.549  [debug 18:40:0 ] 获取知识分享: pageId=6d424ae30d064ae38560868164bbdec4
18:40:00.549  [debug 18:40:0 ] 发送API请求: GET https://zsgl.lzlj.com/learn/app/clientapi/knowledge/cloud/page/like/isShareOut.do?pageId=6d424ae30d064ae38560868164bbdec4&shareOutType=&sid=F76FB3D332BB4D4D8F5F3EE25814DBF6&os=99
18:40:00.634  [debug 18:40:0 ] API响应成功: {body: Array(4), code: '0', file: null, message: '成功', user: null}
18:40:00.635  [debug 18:40:0 ] 积分项: 知识被阅读 (knowledge_read_point) = 20
18:40:00.636  [debug 18:40:0 ] 更新贡献积分: 20
18:40:00.636  [debug 18:40:0 ] 积分项: 知识被分享 (knowledge_shared) = 20
18:40:00.636  [debug 18:40:0 ] 更新互动积分: 20
18:40:00.636  [debug 18:40:0 ] 积分项: 学习课程 (24E2D4D119E74B76AC349FA12A0B646C) = 8
18:40:00.637  [debug 18:40:0 ] 更新学习积分（学习课程）: +8，当前: 8
18:40:00.637  [debug 18:40:0 ] 积分项: 知识分享 (knowledge_sharing) = 10
18:40:00.637  [debug 18:40:0 ] 更新互动积分: 30
18:40:00.637  [warn 18:40:0 ] 积分无变化，连续无变化次数: 31/2
Warn @ webpack://cxmooc-too…l/utils/log.ts?:197
updatePointsStateFromApi @ webpack://cxmooc-too…dailyPoints.ts?:505
eval @ webpack://cxmooc-too…ailyPoints.ts?:1041
fulfilled @ webpack://cxmooc-too…l/dailyPoints.ts?:5
Promise.then
step @ webpack://cxmooc-too…l/dailyPoints.ts?:7
fulfilled @ webpack://cxmooc-too…l/dailyPoints.ts?:5
Promise.then
step @ webpack://cxmooc-too…l/dailyPoints.ts?:7
fulfilled @ webpack://cxmooc-too…l/dailyPoints.ts?:5
Promise.then
step @ webpack://cxmooc-too…l/dailyPoints.ts?:7
fulfilled @ webpack://cxmooc-too…l/dailyPoints.ts?:5
Promise.then
step @ webpack://cxmooc-too…l/dailyPoints.ts?:7
fulfilled @ webpack://cxmooc-too…l/dailyPoints.ts?:5
Promise.then
step @ webpack://cxmooc-too…l/dailyPoints.ts?:7
fulfilled @ webpack://cxmooc-too…l/dailyPoints.ts?:5
Promise.then
step @ webpack://cxmooc-too…l/dailyPoints.ts?:7
fulfilled @ webpack://cxmooc-too…l/dailyPoints.ts?:5
Promise.then
step @ webpack://cxmooc-too…l/dailyPoints.ts?:7
fulfilled @ webpack://cxmooc-too…l/dailyPoints.ts?:5
Promise.then
step @ webpack://cxmooc-too…l/dailyPoints.ts?:7
fulfilled @ webpack://cxmooc-too…l/dailyPoints.ts?:5
Promise.then
step @ webpack://cxmooc-too…l/dailyPoints.ts?:7
fulfilled @ webpack://cxmooc-too…l/dailyPoints.ts?:5
Promise.then
step @ webpack://cxmooc-too…l/dailyPoints.ts?:7
fulfilled @ webpack://cxmooc-too…l/dailyPoints.ts?:5
Promise.then
step @ webpack://cxmooc-too…l/dailyPoints.ts?:7
fulfilled @ webpack://cxmooc-too…l/dailyPoints.ts?:5
Promise.then
step @ webpack://cxmooc-too…l/dailyPoints.ts?:7
fulfilled @ webpack://cxmooc-too…l/dailyPoints.ts?:5
Promise.then
step @ webpack://cxmooc-too…l/dailyPoints.ts?:7
fulfilled @ webpack://cxmooc-too…l/dailyPoints.ts?:5
Promise.then
step @ webpack://cxmooc-too…l/dailyPoints.ts?:7
fulfilled @ webpack://cxmooc-too…l/dailyPoints.ts?:5
Promise.then
step @ webpack://cxmooc-too…l/dailyPoints.ts?:7
fulfilled @ webpack://cxmooc-too…l/dailyPoints.ts?:5
Promise.then
step @ webpack://cxmooc-too…l/dailyPoints.ts?:7
fulfilled @ webpack://cxmooc-too…l/dailyPoints.ts?:5
Promise.then
step @ webpack://cxmooc-too…l/dailyPoints.ts?:7
fulfilled @ webpack://cxmooc-too…l/dailyPoints.ts?:5
Promise.then
step @ webpack://cxmooc-too…l/dailyPoints.ts?:7
fulfilled @ webpack://cxmooc-too…l/dailyPoints.ts?:5
Promise.then
step @ webpack://cxmooc-too…l/dailyPoints.ts?:7
fulfilled @ webpack://cxmooc-too…l/dailyPoints.ts?:5
Promise.then
step @ webpack://cxmooc-too…l/dailyPoints.ts?:7
fulfilled @ webpack://cxmooc-too…l/dailyPoints.ts?:5
Promise.then
step @ webpack://cxmooc-too…l/dailyPoints.ts?:7
fulfilled @ webpack://cxmooc-too…l/dailyPoints.ts?:5
Promise.then
step @ webpack://cxmooc-too…l/dailyPoints.ts?:7
fulfilled @ webpack://cxmooc-too…l/dailyPoints.ts?:5
Promise.then
step @ webpack://cxmooc-too…l/dailyPoints.ts?:7
fulfilled @ webpack://cxmooc-too…l/dailyPoints.ts?:5
Promise.then
step @ webpack://cxmooc-too…l/dailyPoints.ts?:7
fulfilled @ webpack://cxmooc-too…l/dailyPoints.ts?:5
Promise.then
step @ webpack://cxmooc-too…l/dailyPoints.ts?:7
fulfilled @ webpack://cxmooc-too…l/dailyPoints.ts?:5
Promise.then
step @ webpack://cxmooc-too…l/dailyPoints.ts?:7
fulfilled @ webpack://cxmooc-too…l/dailyPoints.ts?:5
Promise.then
step @ webpack://cxmooc-too…l/dailyPoints.ts?:7
fulfilled @ webpack://cxmooc-too…l/dailyPoints.ts?:5
Promise.then
step @ webpack://cxmooc-too…l/dailyPoints.ts?:7
fulfilled @ webpack://cxmooc-too…l/dailyPoints.ts?:5
Promise.then
step @ webpack://cxmooc-too…l/dailyPoints.ts?:7
fulfilled @ webpack://cxmooc-too…l/dailyPoints.ts?:5
Promise.then
step @ webpack://cxmooc-too…l/dailyPoints.ts?:7
fulfilled @ webpack://cxmooc-too…l/dailyPoints.ts?:5
Promise.then
step @ webpack://cxmooc-too…l/dailyPoints.ts?:7
fulfilled @ webpack://cxmooc-too…l/dailyPoints.ts?:5
Promise.then
step @ webpack://cxmooc-too…l/dailyPoints.ts?:7
fulfilled @ webpack://cxmooc-too…l/dailyPoints.ts?:5
18:40:00.638  [warn 18:40:0 ] [任务切换] 正在切换中，跳过重复调用
Warn @ webpack://cxmooc-too…l/utils/log.ts?:197
eval @ webpack://cxmooc-too…dailyPoints.ts?:521
eval @ webpack://cxmooc-too…l/dailyPoints.ts?:8
__awaiter @ webpack://cxmooc-too…l/dailyPoints.ts?:4
switchToNextTask @ webpack://cxmooc-too…dailyPoints.ts?:519
updatePointsStateFromApi @ webpack://cxmooc-too…dailyPoints.ts?:508
eval @ webpack://cxmooc-too…ailyPoints.ts?:1041
fulfilled @ webpack://cxmooc-too…l/dailyPoints.ts?:5
Promise.then
step @ webpack://cxmooc-too…l/dailyPoints.ts?:7
fulfilled @ webpack://cxmooc-too…l/dailyPoints.ts?:5
Promise.then
step @ webpack://cxmooc-too…l/dailyPoints.ts?:7
fulfilled @ webpack://cxmooc-too…l/dailyPoints.ts?:5
Promise.then
step @ webpack://cxmooc-too…l/dailyPoints.ts?:7
fulfilled @ webpack://cxmooc-too…l/dailyPoints.ts?:5
Promise.then
step @ webpack://cxmooc-too…l/dailyPoints.ts?:7
fulfilled @ webpack://cxmooc-too…l/dailyPoints.ts?:5
Promise.then
step @ webpack://cxmooc-too…l/dailyPoints.ts?:7
fulfilled @ webpack://cxmooc-too…l/dailyPoints.ts?:5
Promise.then
step @ webpack://cxmooc-too…l/dailyPoints.ts?:7
fulfilled @ webpack://cxmooc-too…l/dailyPoints.ts?:5
Promise.then
step @ webpack://cxmooc-too…l/dailyPoints.ts?:7
fulfilled @ webpack://cxmooc-too…l/dailyPoints.ts?:5
Promise.then
step @ webpack://cxmooc-too…l/dailyPoints.ts?:7
fulfilled @ webpack://cxmooc-too…l/dailyPoints.ts?:5
Promise.then
step @ webpack://cxmooc-too…l/dailyPoints.ts?:7
fulfilled @ webpack://cxmooc-too…l/dailyPoints.ts?:5
Promise.then
step @ webpack://cxmooc-too…l/dailyPoints.ts?:7
fulfilled @ webpack://cxmooc-too…l/dailyPoints.ts?:5
Promise.then
step @ webpack://cxmooc-too…l/dailyPoints.ts?:7
fulfilled @ webpack://cxmooc-too…l/dailyPoints.ts?:5
Promise.then
step @ webpack://cxmooc-too…l/dailyPoints.ts?:7
fulfilled @ webpack://cxmooc-too…l/dailyPoints.ts?:5
Promise.then
step @ webpack://cxmooc-too…l/dailyPoints.ts?:7
fulfilled @ webpack://cxmooc-too…l/dailyPoints.ts?:5
Promise.then
step @ webpack://cxmooc-too…l/dailyPoints.ts?:7
fulfilled @ webpack://cxmooc-too…l/dailyPoints.ts?:5
Promise.then
step @ webpack://cxmooc-too…l/dailyPoints.ts?:7
fulfilled @ webpack://cxmooc-too…l/dailyPoints.ts?:5
Promise.then
step @ webpack://cxmooc-too…l/dailyPoints.ts?:7
fulfilled @ webpack://cxmooc-too…l/dailyPoints.ts?:5
Promise.then
step @ webpack://cxmooc-too…l/dailyPoints.ts?:7
fulfilled @ webpack://cxmooc-too…l/dailyPoints.ts?:5
Promise.then
step @ webpack://cxmooc-too…l/dailyPoints.ts?:7
fulfilled @ webpack://cxmooc-too…l/dailyPoints.ts?:5
Promise.then
step @ webpack://cxmooc-too…l/dailyPoints.ts?:7
fulfilled @ webpack://cxmooc-too…l/dailyPoints.ts?:5
Promise.then
step @ webpack://cxmooc-too…l/dailyPoints.ts?:7
fulfilled @ webpack://cxmooc-too…l/dailyPoints.ts?:5
Promise.then
step @ webpack://cxmooc-too…l/dailyPoints.ts?:7
fulfilled @ webpack://cxmooc-too…l/dailyPoints.ts?:5
Promise.then
step @ webpack://cxmooc-too…l/dailyPoints.ts?:7
fulfilled @ webpack://cxmooc-too…l/dailyPoints.ts?:5
Promise.then
step @ webpack://cxmooc-too…l/dailyPoints.ts?:7
fulfilled @ webpack://cxmooc-too…l/dailyPoints.ts?:5
Promise.then
step @ webpack://cxmooc-too…l/dailyPoints.ts?:7
fulfilled @ webpack://cxmooc-too…l/dailyPoints.ts?:5
Promise.then
step @ webpack://cxmooc-too…l/dailyPoints.ts?:7
fulfilled @ webpack://cxmooc-too…l/dailyPoints.ts?:5
Promise.then
step @ webpack://cxmooc-too…l/dailyPoints.ts?:7
fulfilled @ webpack://cxmooc-too…l/dailyPoints.ts?:5
Promise.then
step @ webpack://cxmooc-too…l/dailyPoints.ts?:7
fulfilled @ webpack://cxmooc-too…l/dailyPoints.ts?:5
Promise.then
step @ webpack://cxmooc-too…l/dailyPoints.ts?:7
fulfilled @ webpack://cxmooc-too…l/dailyPoints.ts?:5
Promise.then
step @ webpack://cxmooc-too…l/dailyPoints.ts?:7
fulfilled @ webpack://cxmooc-too…l/dailyPoints.ts?:5
Promise.then
step @ webpack://cxmooc-too…l/dailyPoints.ts?:7
fulfilled @ webpack://cxmooc-too…l/dailyPoints.ts?:5
Promise.then
step @ webpack://cxmooc-too…l/dailyPoints.ts?:7
fulfilled @ webpack://cxmooc-too…l/dailyPoints.ts?:5
Promise.then
step @ webpack://cxmooc-too…l/dailyPoints.ts?:7
fulfilled @ webpack://cxmooc-too…l/dailyPoints.ts?:5
18:40:00.638  [debug 18:40:0 ] 获取知识分享: pageId=6d424ae30d064ae38560868164bbdec4
18:40:00.638  [debug 18:40:0 ] 发送API请求: GET https://zsgl.lzlj.com/learn/app/clientapi/knowledge/cloud/page/like/isShareOut.do?pageId=6d424ae30d064ae38560868164bbdec4&shareOutType=&sid=F76FB3D332BB4D4D8F5F3EE25814DBF6&os=99
18:40:00.646  [每日积分] panel: 收到页面消息1 {type: 'POINTS_UPDATED', data: {…}}
18:40:00.646  [每日积分] panel: 处理POINTS_UPDATED {learning: {…}, contribution: {…}, interaction: {…}}
18:40:00.731  [debug 18:40:0 ] API响应成功: {body: {…}, code: '0', file: null, message: '成功', user: null}
18:40:00.731  [debug 18:40:0 ] 知识分享成功，第158次调用，累积积分: 0.6/70
18:40:00.732  [debug 18:40:0 ] 获取知识分享: pageId=6d424ae30d064ae38560868164bbdec4
18:40:00.732  [debug 18:40:0 ] 发送API请求: GET https://zsgl.lzlj.com/learn/app/clientapi/knowledge/cloud/page/like/isShareOut.do?pageId=6d424ae30d064ae38560868164bbdec4&shareOutType=&sid=F76FB3D332BB4D4D8F5F3EE25814DBF6&os=99
18:40:00.776  [debug 18:40:0 ] API响应成功: {body: {…}, code: '0', file: null, message: '成功', user: null}
18:40:00.777  [debug 18:40:0 ] 知识分享成功，第159次调用，累积积分: 1.2/70
18:40:00.777  [debug 18:40:0 ] 获取知识分享: pageId=6d424ae30d064ae38560868164bbdec4
18:40:00.777  [debug 18:40:0 ] 发送API请求: GET https://zsgl.lzlj.com/learn/app/clientapi/knowledge/cloud/page/like/isShareOut.do?pageId=6d424ae30d064ae38560868164bbdec4&shareOutType=&sid=F76FB3D332BB4D4D8F5F3EE25814DBF6&os=99
18:40:00.889  [debug 18:40:0 ] API响应成功: {body: {…}, code: '0', file: null, message: '成功', user: null}
18:40:00.890  [debug 18:40:0 ] 知识分享成功，第160次调用，累积积分: 1.7999999999999998/70
18:40:00.890  [debug 18:40:0 ] 获取积分详情: 2026-03-16 ~ 2026-03-31
18:40:00.890  [debug 18:40:0 ] 发送API请求: POST https://zsgl.lzlj.com/learn/app/clientapi/personal/statistics/queryUserPointPercent.do?os=99&sid=F76FB3D332BB4D4D8F5F3EE25814DBF6
18:40:00.941  [debug 18:40:0 ] API响应成功: {body: {…}, code: '0', file: null, message: '成功', user: null}
18:40:00.941  [debug 18:40:0 ] 知识分享成功，第161次调用，累积积分: 2.4/70
18:40:00.941  [debug 18:40:0 ] 获取知识分享: pageId=6d424ae30d064ae38560868164bbdec4
18:40:00.941  [debug 18:40:0 ] 发送API请求: GET https://zsgl.lzlj.com/learn/app/clientapi/knowledge/cloud/page/like/isShareOut.do?pageId=6d424ae30d064ae38560868164bbdec4&shareOutType=&sid=F76FB3D332BB4D4D8F5F3EE25814DBF6&os=99
18:40:01.148  [debug 18:40:1 ] API响应成功: {body: Array(4), code: '0', file: null, message: '成功', user: null}
18:40:01.148  [debug 18:40:1 ] 积分项: 知识被阅读 (knowledge_read_point) = 20
18:40:01.149  [debug 18:40:1 ] 更新贡献积分: 20
18:40:01.149  [debug 18:40:1 ] 积分项: 知识被分享 (knowledge_shared) = 20
18:40:01.149  [debug 18:40:1 ] 更新互动积分: 20
18:40:01.150  [debug 18:40:1 ] 积分项: 学习课程 (24E2D4D119E74B76AC349FA12A0B646C) = 8
18:40:01.150  [debug 18:40:1 ] 更新学习积分（学习课程）: +8，当前: 8
18:40:01.150  [debug 18:40:1 ] 积分项: 知识分享 (knowledge_sharing) = 10
18:40:01.150  [debug 18:40:1 ] 更新互动积分: 30
18:40:01.151  [warn 18:40:1 ] 积分无变化，连续无变化次数: 32/2
Warn @ webpack://cxmooc-too…l/utils/log.ts?:197
updatePointsStateFromApi @ webpack://cxmooc-too…dailyPoints.ts?:505
eval @ webpack://cxmooc-too…ailyPoints.ts?:1041
fulfilled @ webpack://cxmooc-too…l/dailyPoints.ts?:5
Promise.then
step @ webpack://cxmooc-too…l/dailyPoints.ts?:7
fulfilled @ webpack://cxmooc-too…l/dailyPoints.ts?:5
Promise.then
step @ webpack://cxmooc-too…l/dailyPoints.ts?:7
fulfilled @ webpack://cxmooc-too…l/dailyPoints.ts?:5
Promise.then
step @ webpack://cxmooc-too…l/dailyPoints.ts?:7
fulfilled @ webpack://cxmooc-too…l/dailyPoints.ts?:5
Promise.then
step @ webpack://cxmooc-too…l/dailyPoints.ts?:7
fulfilled @ webpack://cxmooc-too…l/dailyPoints.ts?:5
Promise.then
step @ webpack://cxmooc-too…l/dailyPoints.ts?:7
fulfilled @ webpack://cxmooc-too…l/dailyPoints.ts?:5
Promise.then
step @ webpack://cxmooc-too…l/dailyPoints.ts?:7
fulfilled @ webpack://cxmooc-too…l/dailyPoints.ts?:5
Promise.then
step @ webpack://cxmooc-too…l/dailyPoints.ts?:7
fulfilled @ webpack://cxmooc-too…l/dailyPoints.ts?:5
Promise.then
step @ webpack://cxmooc-too…l/dailyPoints.ts?:7
fulfilled @ webpack://cxmooc-too…l/dailyPoints.ts?:5
Promise.then
step @ webpack://cxmooc-too…l/dailyPoints.ts?:7
fulfilled @ webpack://cxmooc-too…l/dailyPoints.ts?:5
Promise.then
step @ webpack://cxmooc-too…l/dailyPoints.ts?:7
fulfilled @ webpack://cxmooc-too…l/dailyPoints.ts?:5
Promise.then
step @ webpack://cxmooc-too…l/dailyPoints.ts?:7
fulfilled @ webpack://cxmooc-too…l/dailyPoints.ts?:5
Promise.then
step @ webpack://cxmooc-too…l/dailyPoints.ts?:7
fulfilled @ webpack://cxmooc-too…l/dailyPoints.ts?:5
Promise.then
step @ webpack://cxmooc-too…l/dailyPoints.ts?:7
fulfilled @ webpack://cxmooc-too…l/dailyPoints.ts?:5
Promise.then
step @ webpack://cxmooc-too…l/dailyPoints.ts?:7
fulfilled @ webpack://cxmooc-too…l/dailyPoints.ts?:5
Promise.then
step @ webpack://cxmooc-too…l/dailyPoints.ts?:7
fulfilled @ webpack://cxmooc-too…l/dailyPoints.ts?:5
Promise.then
step @ webpack://cxmooc-too…l/dailyPoints.ts?:7
fulfilled @ webpack://cxmooc-too…l/dailyPoints.ts?:5
Promise.then
step @ webpack://cxmooc-too…l/dailyPoints.ts?:7
fulfilled @ webpack://cxmooc-too…l/dailyPoints.ts?:5
Promise.then
step @ webpack://cxmooc-too…l/dailyPoints.ts?:7
fulfilled @ webpack://cxmooc-too…l/dailyPoints.ts?:5
Promise.then
step @ webpack://cxmooc-too…l/dailyPoints.ts?:7
fulfilled @ webpack://cxmooc-too…l/dailyPoints.ts?:5
Promise.then
step @ webpack://cxmooc-too…l/dailyPoints.ts?:7
fulfilled @ webpack://cxmooc-too…l/dailyPoints.ts?:5
Promise.then
step @ webpack://cxmooc-too…l/dailyPoints.ts?:7
fulfilled @ webpack://cxmooc-too…l/dailyPoints.ts?:5
Promise.then
step @ webpack://cxmooc-too…l/dailyPoints.ts?:7
fulfilled @ webpack://cxmooc-too…l/dailyPoints.ts?:5
Promise.then
step @ webpack://cxmooc-too…l/dailyPoints.ts?:7
fulfilled @ webpack://cxmooc-too…l/dailyPoints.ts?:5
Promise.then
step @ webpack://cxmooc-too…l/dailyPoints.ts?:7
fulfilled @ webpack://cxmooc-too…l/dailyPoints.ts?:5
Promise.then
step @ webpack://cxmooc-too…l/dailyPoints.ts?:7
fulfilled @ webpack://cxmooc-too…l/dailyPoints.ts?:5
Promise.then
step @ webpack://cxmooc-too…l/dailyPoints.ts?:7
fulfilled @ webpack://cxmooc-too…l/dailyPoints.ts?:5
Promise.then
step @ webpack://cxmooc-too…l/dailyPoints.ts?:7
fulfilled @ webpack://cxmooc-too…l/dailyPoints.ts?:5
Promise.then
step @ webpack://cxmooc-too…l/dailyPoints.ts?:7
fulfilled @ webpack://cxmooc-too…l/dailyPoints.ts?:5
Promise.then
step @ webpack://cxmooc-too…l/dailyPoints.ts?:7
fulfilled @ webpack://cxmooc-too…l/dailyPoints.ts?:5
Promise.then
step @ webpack://cxmooc-too…l/dailyPoints.ts?:7
fulfilled @ webpack://cxmooc-too…l/dailyPoints.ts?:5
Promise.then
step @ webpack://cxmooc-too…l/dailyPoints.ts?:7
fulfilled @ webpack://cxmooc-too…l/dailyPoints.ts?:5
Promise.then
step @ webpack://cxmooc-too…l/dailyPoints.ts?:7
fulfilled @ webpack://cxmooc-too…l/dailyPoints.ts?:5
18:40:01.151  [warn 18:40:1 ] [任务切换] 正在切换中，跳过重复调用
Warn @ webpack://cxmooc-too…l/utils/log.ts?:197
eval @ webpack://cxmooc-too…dailyPoints.ts?:521
eval @ webpack://cxmooc-too…l/dailyPoints.ts?:8
__awaiter @ webpack://cxmooc-too…l/dailyPoints.ts?:4
switchToNextTask @ webpack://cxmooc-too…dailyPoints.ts?:519
updatePointsStateFromApi @ webpack://cxmooc-too…dailyPoints.ts?:508
eval @ webpack://cxmooc-too…ailyPoints.ts?:1041
fulfilled @ webpack://cxmooc-too…l/dailyPoints.ts?:5
Promise.then
step @ webpack://cxmooc-too…l/dailyPoints.ts?:7
fulfilled @ webpack://cxmooc-too…l/dailyPoints.ts?:5
Promise.then
step @ webpack://cxmooc-too…l/dailyPoints.ts?:7
fulfilled @ webpack://cxmooc-too…l/dailyPoints.ts?:5
Promise.then
step @ webpack://cxmooc-too…l/dailyPoints.ts?:7
fulfilled @ webpack://cxmooc-too…l/dailyPoints.ts?:5
Promise.then
step @ webpack://cxmooc-too…l/dailyPoints.ts?:7
fulfilled @ webpack://cxmooc-too…l/dailyPoints.ts?:5
Promise.then
step @ webpack://cxmooc-too…l/dailyPoints.ts?:7
fulfilled @ webpack://cxmooc-too…l/dailyPoints.ts?:5
Promise.then
step @ webpack://cxmooc-too…l/dailyPoints.ts?:7
fulfilled @ webpack://cxmooc-too…l/dailyPoints.ts?:5
Promise.then
step @ webpack://cxmooc-too…l/dailyPoints.ts?:7
fulfilled @ webpack://cxmooc-too…l/dailyPoints.ts?:5
Promise.then
step @ webpack://cxmooc-too…l/dailyPoints.ts?:7
fulfilled @ webpack://cxmooc-too…l/dailyPoints.ts?:5
Promise.then
step @ webpack://cxmooc-too…l/dailyPoints.ts?:7
fulfilled @ webpack://cxmooc-too…l/dailyPoints.ts?:5
Promise.then
step @ webpack://cxmooc-too…l/dailyPoints.ts?:7
fulfilled @ webpack://cxmooc-too…l/dailyPoints.ts?:5
Promise.then
step @ webpack://cxmooc-too…l/dailyPoints.ts?:7
fulfilled @ webpack://cxmooc-too…l/dailyPoints.ts?:5
Promise.then
step @ webpack://cxmooc-too…l/dailyPoints.ts?:7
fulfilled @ webpack://cxmooc-too…l/dailyPoints.ts?:5
Promise.then
step @ webpack://cxmooc-too…l/dailyPoints.ts?:7
fulfilled @ webpack://cxmooc-too…l/dailyPoints.ts?:5
Promise.then
step @ webpack://cxmooc-too…l/dailyPoints.ts?:7
fulfilled @ webpack://cxmooc-too…l/dailyPoints.ts?:5
Promise.then
step @ webpack://cxmooc-too…l/dailyPoints.ts?:7
fulfilled @ webpack://cxmooc-too…l/dailyPoints.ts?:5
Promise.then
step @ webpack://cxmooc-too…l/dailyPoints.ts?:7
fulfilled @ webpack://cxmooc-too…l/dailyPoints.ts?:5
Promise.then
step @ webpack://cxmooc-too…l/dailyPoints.ts?:7
fulfilled @ webpack://cxmooc-too…l/dailyPoints.ts?:5
Promise.then
step @ webpack://cxmooc-too…l/dailyPoints.ts?:7
fulfilled @ webpack://cxmooc-too…l/dailyPoints.ts?:5
Promise.then
step @ webpack://cxmooc-too…l/dailyPoints.ts?:7
fulfilled @ webpack://cxmooc-too…l/dailyPoints.ts?:5
Promise.then
step @ webpack://cxmooc-too…l/dailyPoints.ts?:7
fulfilled @ webpack://cxmooc-too…l/dailyPoints.ts?:5
Promise.then
step @ webpack://cxmooc-too…l/dailyPoints.ts?:7
fulfilled @ webpack://cxmooc-too…l/dailyPoints.ts?:5
Promise.then
step @ webpack://cxmooc-too…l/dailyPoints.ts?:7
fulfilled @ webpack://cxmooc-too…l/dailyPoints.ts?:5
Promise.then
step @ webpack://cxmooc-too…l/dailyPoints.ts?:7
fulfilled @ webpack://cxmooc-too…l/dailyPoints.ts?:5
Promise.then
step @ webpack://cxmooc-too…l/dailyPoints.ts?:7
fulfilled @ webpack://cxmooc-too…l/dailyPoints.ts?:5
Promise.then
step @ webpack://cxmooc-too…l/dailyPoints.ts?:7
fulfilled @ webpack://cxmooc-too…l/dailyPoints.ts?:5
Promise.then
step @ webpack://cxmooc-too…l/dailyPoints.ts?:7
fulfilled @ webpack://cxmooc-too…l/dailyPoints.ts?:5
Promise.then
step @ webpack://cxmooc-too…l/dailyPoints.ts?:7
fulfilled @ webpack://cxmooc-too…l/dailyPoints.ts?:5
Promise.then
step @ webpack://cxmooc-too…l/dailyPoints.ts?:7
fulfilled @ webpack://cxmooc-too…l/dailyPoints.ts?:5
Promise.then
step @ webpack://cxmooc-too…l/dailyPoints.ts?:7
fulfilled @ webpack://cxmooc-too…l/dailyPoints.ts?:5
Promise.then
step @ webpack://cxmooc-too…l/dailyPoints.ts?:7
fulfilled @ webpack://cxmooc-too…l/dailyPoints.ts?:5
Promise.then
step @ webpack://cxmooc-too…l/dailyPoints.ts?:7
fulfilled @ webpack://cxmooc-too…l/dailyPoints.ts?:5
Promise.then
step @ webpack://cxmooc-too…l/dailyPoints.ts?:7
fulfilled @ webpack://cxmooc-too…l/dailyPoints.ts?:5
18:40:01.152  [debug 18:40:1 ] 获取知识分享: pageId=6d424ae30d064ae38560868164bbdec4
18:40:01.152  [debug 18:40:1 ] 发送API请求: GET https://zsgl.lzlj.com/learn/app/clientapi/knowledge/cloud/page/like/isShareOut.do?pageId=6d424ae30d064ae38560868164bbdec4&shareOutType=&sid=F76FB3D332BB4D4D8F5F3EE25814DBF6&os=99
18:40:01.162  [每日积分] panel: 收到页面消息1 {type: 'POINTS_UPDATED', data: {…}}
18:40:01.162  [每日积分] panel: 处理POINTS_UPDATED {learning: {…}, contribution: {…}, interaction: {…}}
18:40:01.250  [debug 18:40:1 ] API响应成功: {body: {…}, code: '0', file: null, message: '成功', user: null}
18:40:01.250  [debug 18:40:1 ] 知识分享成功，第162次调用，累积积分: 0.6/70
18:40:01.251  [debug 18:40:1 ] 获取知识分享: pageId=6d424ae30d064ae38560868164bbdec4
18:40:01.251  [debug 18:40:1 ] 发送API请求: GET https://zsgl.lzlj.com/learn/app/clientapi/knowledge/cloud/page/like/isShareOut.do?pageId=6d424ae30d064ae38560868164bbdec4&shareOutType=&sid=F76FB3D332BB4D4D8F5F3EE25814DBF6&os=99
18:40:01.298  [debug 18:40:1 ] API响应成功: {body: {…}, code: '0', file: null, message: '成功', user: null}
18:40:01.298  [debug 18:40:1 ] 知识分享成功，第163次调用，累积积分: 1.2/70
18:40:01.299  [debug 18:40:1 ] 获取知识分享: pageId=6d424ae30d064ae38560868164bbdec4
18:40:01.299  [debug 18:40:1 ] 发送API请求: GET https://zsgl.lzlj.com/learn/app/clientapi/knowledge/cloud/page/like/isShareOut.do?pageId=6d424ae30d064ae38560868164bbdec4&shareOutType=&sid=F76FB3D332BB4D4D8F5F3EE25814DBF6&os=99
18:40:01.452  [debug 18:40:1 ] API响应成功: {body: {…}, code: '0', file: null, message: '成功', user: null}
18:40:01.453  [debug 18:40:1 ] 知识分享成功，第164次调用，累积积分: 1.7999999999999998/70
18:40:01.453  [debug 18:40:1 ] 获取知识分享: pageId=6d424ae30d064ae38560868164bbdec4
18:40:01.453  [debug 18:40:1 ] 发送API请求: GET https://zsgl.lzlj.com/learn/app/clientapi/knowledge/cloud/page/like/isShareOut.do?pageId=6d424ae30d064ae38560868164bbdec4&shareOutType=&sid=F76FB3D332BB4D4D8F5F3EE25814DBF6&os=99
18:40:01.461  [debug 18:40:1 ] API响应成功: {body: {…}, code: '0', file: null, message: '成功', user: null}
18:40:01.461  [debug 18:40:1 ] 知识分享成功，第165次调用，累积积分: 2.4/70
18:40:01.462  [debug 18:40:1 ] 获取积分详情: 2026-03-16 ~ 2026-03-31
18:40:01.462  [debug 18:40:1 ] 发送API请求: POST https://zsgl.lzlj.com/learn/app/clientapi/personal/statistics/queryUserPointPercent.do?os=99&sid=F76FB3D332BB4D4D8F5F3EE25814DBF6
18:40:01.621  [debug 18:40:1 ] API响应成功: {body: {…}, code: '0', file: null, message: '成功', user: null}
18:40:01.622  [debug 18:40:1 ] 知识分享成功，第166次调用，累积积分: 3/70
18:40:01.623  [debug 18:40:1 ] 获取知识分享: pageId=6d424ae30d064ae38560868164bbdec4
18:40:01.623  [debug 18:40:1 ] 发送API请求: GET https://zsgl.lzlj.com/learn/app/clientapi/knowledge/cloud/page/like/isShareOut.do?pageId=6d424ae30d064ae38560868164bbdec4&shareOutType=&sid=F76FB3D332BB4D4D8F5F3EE25814DBF6&os=99
18:40:01.729  [debug 18:40:1 ] API响应成功: {body: Array(4), code: '0', file: null, message: '成功', user: null}
18:40:01.730  [debug 18:40:1 ] 积分项: 知识被阅读 (knowledge_read_point) = 20
18:40:01.731  [debug 18:40:1 ] 更新贡献积分: 20
18:40:01.732  [debug 18:40:1 ] 积分项: 知识被分享 (knowledge_shared) = 20
18:40:01.733  [debug 18:40:1 ] 更新互动积分: 20
18:40:01.733  [debug 18:40:1 ] 积分项: 学习课程 (24E2D4D119E74B76AC349FA12A0B646C) = 8
18:40:01.734  [debug 18:40:1 ] 更新学习积分（学习课程）: +8，当前: 8
18:40:01.735  [debug 18:40:1 ] 积分项: 知识分享 (knowledge_sharing) = 10
18:40:01.735  [debug 18:40:1 ] 更新互动积分: 30
18:40:01.735  [warn 18:40:1 ] 积分无变化，连续无变化次数: 33/2
Warn @ webpack://cxmooc-too…l/utils/log.ts?:197
updatePointsStateFromApi @ webpack://cxmooc-too…dailyPoints.ts?:505
eval @ webpack://cxmooc-too…ailyPoints.ts?:1041
fulfilled @ webpack://cxmooc-too…l/dailyPoints.ts?:5
Promise.then
step @ webpack://cxmooc-too…l/dailyPoints.ts?:7
fulfilled @ webpack://cxmooc-too…l/dailyPoints.ts?:5
Promise.then
step @ webpack://cxmooc-too…l/dailyPoints.ts?:7
fulfilled @ webpack://cxmooc-too…l/dailyPoints.ts?:5
Promise.then
step @ webpack://cxmooc-too…l/dailyPoints.ts?:7
fulfilled @ webpack://cxmooc-too…l/dailyPoints.ts?:5
Promise.then
step @ webpack://cxmooc-too…l/dailyPoints.ts?:7
fulfilled @ webpack://cxmooc-too…l/dailyPoints.ts?:5
Promise.then
step @ webpack://cxmooc-too…l/dailyPoints.ts?:7
fulfilled @ webpack://cxmooc-too…l/dailyPoints.ts?:5
Promise.then
step @ webpack://cxmooc-too…l/dailyPoints.ts?:7
fulfilled @ webpack://cxmooc-too…l/dailyPoints.ts?:5
Promise.then
step @ webpack://cxmooc-too…l/dailyPoints.ts?:7
fulfilled @ webpack://cxmooc-too…l/dailyPoints.ts?:5
Promise.then
step @ webpack://cxmooc-too…l/dailyPoints.ts?:7
fulfilled @ webpack://cxmooc-too…l/dailyPoints.ts?:5
Promise.then
step @ webpack://cxmooc-too…l/dailyPoints.ts?:7
fulfilled @ webpack://cxmooc-too…l/dailyPoints.ts?:5
Promise.then
step @ webpack://cxmooc-too…l/dailyPoints.ts?:7
fulfilled @ webpack://cxmooc-too…l/dailyPoints.ts?:5
Promise.then
step @ webpack://cxmooc-too…l/dailyPoints.ts?:7
fulfilled @ webpack://cxmooc-too…l/dailyPoints.ts?:5
Promise.then
step @ webpack://cxmooc-too…l/dailyPoints.ts?:7
fulfilled @ webpack://cxmooc-too…l/dailyPoints.ts?:5
Promise.then
step @ webpack://cxmooc-too…l/dailyPoints.ts?:7
fulfilled @ webpack://cxmooc-too…l/dailyPoints.ts?:5
Promise.then
step @ webpack://cxmooc-too…l/dailyPoints.ts?:7
fulfilled @ webpack://cxmooc-too…l/dailyPoints.ts?:5
Promise.then
step @ webpack://cxmooc-too…l/dailyPoints.ts?:7
fulfilled @ webpack://cxmooc-too…l/dailyPoints.ts?:5
Promise.then
step @ webpack://cxmooc-too…l/dailyPoints.ts?:7
fulfilled @ webpack://cxmooc-too…l/dailyPoints.ts?:5
Promise.then
step @ webpack://cxmooc-too…l/dailyPoints.ts?:7
fulfilled @ webpack://cxmooc-too…l/dailyPoints.ts?:5
Promise.then
step @ webpack://cxmooc-too…l/dailyPoints.ts?:7
fulfilled @ webpack://cxmooc-too…l/dailyPoints.ts?:5
Promise.then
step @ webpack://cxmooc-too…l/dailyPoints.ts?:7
fulfilled @ webpack://cxmooc-too…l/dailyPoints.ts?:5
Promise.then
step @ webpack://cxmooc-too…l/dailyPoints.ts?:7
fulfilled @ webpack://cxmooc-too…l/dailyPoints.ts?:5
Promise.then
step @ webpack://cxmooc-too…l/dailyPoints.ts?:7
fulfilled @ webpack://cxmooc-too…l/dailyPoints.ts?:5
Promise.then
step @ webpack://cxmooc-too…l/dailyPoints.ts?:7
fulfilled @ webpack://cxmooc-too…l/dailyPoints.ts?:5
Promise.then
step @ webpack://cxmooc-too…l/dailyPoints.ts?:7
fulfilled @ webpack://cxmooc-too…l/dailyPoints.ts?:5
Promise.then
step @ webpack://cxmooc-too…l/dailyPoints.ts?:7
fulfilled @ webpack://cxmooc-too…l/dailyPoints.ts?:5
Promise.then
step @ webpack://cxmooc-too…l/dailyPoints.ts?:7
fulfilled @ webpack://cxmooc-too…l/dailyPoints.ts?:5
Promise.then
step @ webpack://cxmooc-too…l/dailyPoints.ts?:7
fulfilled @ webpack://cxmooc-too…l/dailyPoints.ts?:5
Promise.then
step @ webpack://cxmooc-too…l/dailyPoints.ts?:7
fulfilled @ webpack://cxmooc-too…l/dailyPoints.ts?:5
Promise.then
step @ webpack://cxmooc-too…l/dailyPoints.ts?:7
fulfilled @ webpack://cxmooc-too…l/dailyPoints.ts?:5
Promise.then
step @ webpack://cxmooc-too…l/dailyPoints.ts?:7
fulfilled @ webpack://cxmooc-too…l/dailyPoints.ts?:5
Promise.then
step @ webpack://cxmooc-too…l/dailyPoints.ts?:7
fulfilled @ webpack://cxmooc-too…l/dailyPoints.ts?:5
Promise.then
step @ webpack://cxmooc-too…l/dailyPoints.ts?:7
fulfilled @ webpack://cxmooc-too…l/dailyPoints.ts?:5
Promise.then
step @ webpack://cxmooc-too…l/dailyPoints.ts?:7
fulfilled @ webpack://cxmooc-too…l/dailyPoints.ts?:5
18:40:01.736  [warn 18:40:1 ] [任务切换] 正在切换中，跳过重复调用
Warn @ webpack://cxmooc-too…l/utils/log.ts?:197
eval @ webpack://cxmooc-too…dailyPoints.ts?:521
eval @ webpack://cxmooc-too…l/dailyPoints.ts?:8
__awaiter @ webpack://cxmooc-too…l/dailyPoints.ts?:4
switchToNextTask @ webpack://cxmooc-too…dailyPoints.ts?:519
updatePointsStateFromApi @ webpack://cxmooc-too…dailyPoints.ts?:508
eval @ webpack://cxmooc-too…ailyPoints.ts?:1041
fulfilled @ webpack://cxmooc-too…l/dailyPoints.ts?:5
Promise.then
step @ webpack://cxmooc-too…l/dailyPoints.ts?:7
fulfilled @ webpack://cxmooc-too…l/dailyPoints.ts?:5
Promise.then
step @ webpack://cxmooc-too…l/dailyPoints.ts?:7
fulfilled @ webpack://cxmooc-too…l/dailyPoints.ts?:5
Promise.then
step @ webpack://cxmooc-too…l/dailyPoints.ts?:7
fulfilled @ webpack://cxmooc-too…l/dailyPoints.ts?:5
Promise.then
step @ webpack://cxmooc-too…l/dailyPoints.ts?:7
fulfilled @ webpack://cxmooc-too…l/dailyPoints.ts?:5
Promise.then
step @ webpack://cxmooc-too…l/dailyPoints.ts?:7
fulfilled @ webpack://cxmooc-too…l/dailyPoints.ts?:5
Promise.then
step @ webpack://cxmooc-too…l/dailyPoints.ts?:7
fulfilled @ webpack://cxmooc-too…l/dailyPoints.ts?:5
Promise.then
step @ webpack://cxmooc-too…l/dailyPoints.ts?:7
fulfilled @ webpack://cxmooc-too…l/dailyPoints.ts?:5
Promise.then
step @ webpack://cxmooc-too…l/dailyPoints.ts?:7
fulfilled @ webpack://cxmooc-too…l/dailyPoints.ts?:5
Promise.then
step @ webpack://cxmooc-too…l/dailyPoints.ts?:7
fulfilled @ webpack://cxmooc-too…l/dailyPoints.ts?:5
Promise.then
step @ webpack://cxmooc-too…l/dailyPoints.ts?:7
fulfilled @ webpack://cxmooc-too…l/dailyPoints.ts?:5
Promise.then
step @ webpack://cxmooc-too…l/dailyPoints.ts?:7
fulfilled @ webpack://cxmooc-too…l/dailyPoints.ts?:5
Promise.then
step @ webpack://cxmooc-too…l/dailyPoints.ts?:7
fulfilled @ webpack://cxmooc-too…l/dailyPoints.ts?:5
Promise.then
step @ webpack://cxmooc-too…l/dailyPoints.ts?:7
fulfilled @ webpack://cxmooc-too…l/dailyPoints.ts?:5
Promise.then
step @ webpack://cxmooc-too…l/dailyPoints.ts?:7
fulfilled @ webpack://cxmooc-too…l/dailyPoints.ts?:5
Promise.then
step @ webpack://cxmooc-too…l/dailyPoints.ts?:7
fulfilled @ webpack://cxmooc-too…l/dailyPoints.ts?:5
Promise.then
step @ webpack://cxmooc-too…l/dailyPoints.ts?:7
fulfilled @ webpack://cxmooc-too…l/dailyPoints.ts?:5
Promise.then
step @ webpack://cxmooc-too…l/dailyPoints.ts?:7
fulfilled @ webpack://cxmooc-too…l/dailyPoints.ts?:5
Promise.then
step @ webpack://cxmooc-too…l/dailyPoints.ts?:7
fulfilled @ webpack://cxmooc-too…l/dailyPoints.ts?:5
Promise.then
step @ webpack://cxmooc-too…l/dailyPoints.ts?:7
fulfilled @ webpack://cxmooc-too…l/dailyPoints.ts?:5
Promise.then
step @ webpack://cxmooc-too…l/dailyPoints.ts?:7
fulfilled @ webpack://cxmooc-too…l/dailyPoints.ts?:5
Promise.then
step @ webpack://cxmooc-too…l/dailyPoints.ts?:7
fulfilled @ webpack://cxmooc-too…l/dailyPoints.ts?:5
Promise.then
step @ webpack://cxmooc-too…l/dailyPoints.ts?:7
fulfilled @ webpack://cxmooc-too…l/dailyPoints.ts?:5
Promise.then
step @ webpack://cxmooc-too…l/dailyPoints.ts?:7
fulfilled @ webpack://cxmooc-too…l/dailyPoints.ts?:5
Promise.then
step @ webpack://cxmooc-too…l/dailyPoints.ts?:7
fulfilled @ webpack://cxmooc-too…l/dailyPoints.ts?:5
Promise.then
step @ webpack://cxmooc-too…l/dailyPoints.ts?:7
fulfilled @ webpack://cxmooc-too…l/dailyPoints.ts?:5
Promise.then
step @ webpack://cxmooc-too…l/dailyPoints.ts?:7
fulfilled @ webpack://cxmooc-too…l/dailyPoints.ts?:5
Promise.then
step @ webpack://cxmooc-too…l/dailyPoints.ts?:7
fulfilled @ webpack://cxmooc-too…l/dailyPoints.ts?:5
Promise.then
step @ webpack://cxmooc-too…l/dailyPoints.ts?:7
fulfilled @ webpack://cxmooc-too…l/dailyPoints.ts?:5
Promise.then
step @ webpack://cxmooc-too…l/dailyPoints.ts?:7
fulfilled @ webpack://cxmooc-too…l/dailyPoints.ts?:5
Promise.then
step @ webpack://cxmooc-too…l/dailyPoints.ts?:7
fulfilled @ webpack://cxmooc-too…l/dailyPoints.ts?:5
Promise.then
step @ webpack://cxmooc-too…l/dailyPoints.ts?:7
fulfilled @ webpack://cxmooc-too…l/dailyPoints.ts?:5
Promise.then
step @ webpack://cxmooc-too…l/dailyPoints.ts?:7
fulfilled @ webpack://cxmooc-too…l/dailyPoints.ts?:5
18:40:01.736  [debug 18:40:1 ] 获取知识分享: pageId=6d424ae30d064ae38560868164bbdec4
18:40:01.736  [debug 18:40:1 ] 发送API请求: GET https://zsgl.lzlj.com/learn/app/clientapi/knowledge/cloud/page/like/isShareOut.do?pageId=6d424ae30d064ae38560868164bbdec4&shareOutType=&sid=F76FB3D332BB4D4D8F5F3EE25814DBF6&os=99
18:40:01.745  [每日积分] panel: 收到页面消息1 {type: 'POINTS_UPDATED', data: {…}}
18:40:01.746  [每日积分] panel: 处理POINTS_UPDATED {learning: {…}, contribution: {…}, interaction: {…}}
18:40:01.789  [debug 18:40:1 ] API响应成功: {body: {…}, code: '0', file: null, message: '成功', user: null}
18:40:01.790  [debug 18:40:1 ] 知识分享成功，第167次调用，累积积分: 0.6/70
18:40:01.790  [debug 18:40:1 ] 获取知识分享: pageId=6d424ae30d064ae38560868164bbdec4
18:40:01.790  [debug 18:40:1 ] 发送API请求: GET https://zsgl.lzlj.com/learn/app/clientapi/knowledge/cloud/page/like/isShareOut.do?pageId=6d424ae30d064ae38560868164bbdec4&shareOutType=&sid=F76FB3D332BB4D4D8F5F3EE25814DBF6&os=99
18:40:01.885  [debug 18:40:1 ] API响应成功: {body: {…}, code: '0', file: null, message: '成功', user: null}
18:40:01.886  [debug 18:40:1 ] 知识分享成功，第168次调用，累积积分: 1.2/70
18:40:01.887  [debug 18:40:1 ] 获取知识分享: pageId=6d424ae30d064ae38560868164bbdec4
18:40:01.887  [debug 18:40:1 ] 发送API请求: GET https://zsgl.lzlj.com/learn/app/clientapi/knowledge/cloud/page/like/isShareOut.do?pageId=6d424ae30d064ae38560868164bbdec4&shareOutType=&sid=F76FB3D332BB4D4D8F5F3EE25814DBF6&os=99
18:40:01.963  [debug 18:40:1 ] API响应成功: {body: {…}, code: '0', file: null, message: '成功', user: null}
18:40:01.963  [debug 18:40:1 ] 知识分享成功，第169次调用，累积积分: 1.7999999999999998/70
18:40:01.963  [debug 18:40:1 ] 获取知识分享: pageId=6d424ae30d064ae38560868164bbdec4
18:40:01.964  [debug 18:40:1 ] 发送API请求: GET https://zsgl.lzlj.com/learn/app/clientapi/knowledge/cloud/page/like/isShareOut.do?pageId=6d424ae30d064ae38560868164bbdec4&shareOutType=&sid=F76FB3D332BB4D4D8F5F3EE25814DBF6&os=99
18:40:02.081  [debug 18:40:2 ] API响应成功: {body: {…}, code: '0', file: null, message: '成功', user: null}
18:40:02.081  [debug 18:40:2 ] 知识分享成功，第170次调用，累积积分: 2.4/70
18:40:02.082  [debug 18:40:2 ] 获取积分详情: 2026-03-16 ~ 2026-03-31
18:40:02.082  [debug 18:40:2 ] 发送API请求: POST https://zsgl.lzlj.com/learn/app/clientapi/personal/statistics/queryUserPointPercent.do?os=99&sid=F76FB3D332BB4D4D8F5F3EE25814DBF6
18:40:02.095  [debug 18:40:2 ] API响应成功: {body: {…}, code: '0', file: null, message: '成功', user: null}
18:40:02.096  [debug 18:40:2 ] 知识分享成功，第171次调用，累积积分: 3/70
18:40:02.096  [debug 18:40:2 ] 获取知识分享: pageId=6d424ae30d064ae38560868164bbdec4
18:40:02.097  [debug 18:40:2 ] 发送API请求: GET https://zsgl.lzlj.com/learn/app/clientapi/knowledge/cloud/page/like/isShareOut.do?pageId=6d424ae30d064ae38560868164bbdec4&shareOutType=&sid=F76FB3D332BB4D4D8F5F3EE25814DBF6&os=99
18:40:02.241  [debug 18:40:2 ] API响应成功: {body: {…}, code: '0', file: null, message: '成功', user: null}
18:40:02.242  [debug 18:40:2 ] 知识分享成功，第172次调用，累积积分: 3.6/70
18:40:02.242  [debug 18:40:2 ] 获取知识分享: pageId=6d424ae30d064ae38560868164bbdec4
18:40:02.242  [debug 18:40:2 ] 发送API请求: GET https://zsgl.lzlj.com/learn/app/clientapi/knowledge/cloud/page/like/isShareOut.do?pageId=6d424ae30d064ae38560868164bbdec4&shareOutType=&sid=F76FB3D332BB4D4D8F5F3EE25814DBF6&os=99
18:40:02.367  [debug 18:40:2 ] API响应成功: {body: Array(4), code: '0', file: null, message: '成功', user: null}
18:40:02.368  [debug 18:40:2 ] 积分项: 知识被阅读 (knowledge_read_point) = 20
18:40:02.368  [debug 18:40:2 ] 更新贡献积分: 20
18:40:02.368  [debug 18:40:2 ] 积分项: 知识被分享 (knowledge_shared) = 20
18:40:02.368  [debug 18:40:2 ] 更新互动积分: 20
18:40:02.369  [debug 18:40:2 ] 积分项: 学习课程 (24E2D4D119E74B76AC349FA12A0B646C) = 8
18:40:02.369  [debug 18:40:2 ] 更新学习积分（学习课程）: +8，当前: 8
18:40:02.370  [debug 18:40:2 ] 积分项: 知识分享 (knowledge_sharing) = 10
18:40:02.370  [debug 18:40:2 ] 更新互动积分: 30
18:40:02.370  [warn 18:40:2 ] 积分无变化，连续无变化次数: 34/2
Warn @ webpack://cxmooc-too…l/utils/log.ts?:197
updatePointsStateFromApi @ webpack://cxmooc-too…dailyPoints.ts?:505
eval @ webpack://cxmooc-too…ailyPoints.ts?:1041
fulfilled @ webpack://cxmooc-too…l/dailyPoints.ts?:5
Promise.then
step @ webpack://cxmooc-too…l/dailyPoints.ts?:7
fulfilled @ webpack://cxmooc-too…l/dailyPoints.ts?:5
Promise.then
step @ webpack://cxmooc-too…l/dailyPoints.ts?:7
fulfilled @ webpack://cxmooc-too…l/dailyPoints.ts?:5
Promise.then
step @ webpack://cxmooc-too…l/dailyPoints.ts?:7
fulfilled @ webpack://cxmooc-too…l/dailyPoints.ts?:5
Promise.then
step @ webpack://cxmooc-too…l/dailyPoints.ts?:7
fulfilled @ webpack://cxmooc-too…l/dailyPoints.ts?:5
Promise.then
step @ webpack://cxmooc-too…l/dailyPoints.ts?:7
fulfilled @ webpack://cxmooc-too…l/dailyPoints.ts?:5
Promise.then
step @ webpack://cxmooc-too…l/dailyPoints.ts?:7
fulfilled @ webpack://cxmooc-too…l/dailyPoints.ts?:5
Promise.then
step @ webpack://cxmooc-too…l/dailyPoints.ts?:7
fulfilled @ webpack://cxmooc-too…l/dailyPoints.ts?:5
Promise.then
step @ webpack://cxmooc-too…l/dailyPoints.ts?:7
fulfilled @ webpack://cxmooc-too…l/dailyPoints.ts?:5
Promise.then
step @ webpack://cxmooc-too…l/dailyPoints.ts?:7
fulfilled @ webpack://cxmooc-too…l/dailyPoints.ts?:5
Promise.then
step @ webpack://cxmooc-too…l/dailyPoints.ts?:7
fulfilled @ webpack://cxmooc-too…l/dailyPoints.ts?:5
Promise.then
step @ webpack://cxmooc-too…l/dailyPoints.ts?:7
fulfilled @ webpack://cxmooc-too…l/dailyPoints.ts?:5
Promise.then
step @ webpack://cxmooc-too…l/dailyPoints.ts?:7
fulfilled @ webpack://cxmooc-too…l/dailyPoints.ts?:5
Promise.then
step @ webpack://cxmooc-too…l/dailyPoints.ts?:7
fulfilled @ webpack://cxmooc-too…l/dailyPoints.ts?:5
Promise.then
step @ webpack://cxmooc-too…l/dailyPoints.ts?:7
fulfilled @ webpack://cxmooc-too…l/dailyPoints.ts?:5
Promise.then
step @ webpack://cxmooc-too…l/dailyPoints.ts?:7
fulfilled @ webpack://cxmooc-too…l/dailyPoints.ts?:5
Promise.then
step @ webpack://cxmooc-too…l/dailyPoints.ts?:7
fulfilled @ webpack://cxmooc-too…l/dailyPoints.ts?:5
Promise.then
step @ webpack://cxmooc-too…l/dailyPoints.ts?:7
fulfilled @ webpack://cxmooc-too…l/dailyPoints.ts?:5
Promise.then
step @ webpack://cxmooc-too…l/dailyPoints.ts?:7
fulfilled @ webpack://cxmooc-too…l/dailyPoints.ts?:5
Promise.then
step @ webpack://cxmooc-too…l/dailyPoints.ts?:7
fulfilled @ webpack://cxmooc-too…l/dailyPoints.ts?:5
Promise.then
step @ webpack://cxmooc-too…l/dailyPoints.ts?:7
fulfilled @ webpack://cxmooc-too…l/dailyPoints.ts?:5
Promise.then
step @ webpack://cxmooc-too…l/dailyPoints.ts?:7
fulfilled @ webpack://cxmooc-too…l/dailyPoints.ts?:5
Promise.then
step @ webpack://cxmooc-too…l/dailyPoints.ts?:7
fulfilled @ webpack://cxmooc-too…l/dailyPoints.ts?:5
Promise.then
step @ webpack://cxmooc-too…l/dailyPoints.ts?:7
fulfilled @ webpack://cxmooc-too…l/dailyPoints.ts?:5
Promise.then
step @ webpack://cxmooc-too…l/dailyPoints.ts?:7
fulfilled @ webpack://cxmooc-too…l/dailyPoints.ts?:5
Promise.then
step @ webpack://cxmooc-too…l/dailyPoints.ts?:7
fulfilled @ webpack://cxmooc-too…l/dailyPoints.ts?:5
Promise.then
step @ webpack://cxmooc-too…l/dailyPoints.ts?:7
fulfilled @ webpack://cxmooc-too…l/dailyPoints.ts?:5
Promise.then
step @ webpack://cxmooc-too…l/dailyPoints.ts?:7
fulfilled @ webpack://cxmooc-too…l/dailyPoints.ts?:5
Promise.then
step @ webpack://cxmooc-too…l/dailyPoints.ts?:7
fulfilled @ webpack://cxmooc-too…l/dailyPoints.ts?:5
Promise.then
step @ webpack://cxmooc-too…l/dailyPoints.ts?:7
fulfilled @ webpack://cxmooc-too…l/dailyPoints.ts?:5
Promise.then
step @ webpack://cxmooc-too…l/dailyPoints.ts?:7
fulfilled @ webpack://cxmooc-too…l/dailyPoints.ts?:5
Promise.then
step @ webpack://cxmooc-too…l/dailyPoints.ts?:7
fulfilled @ webpack://cxmooc-too…l/dailyPoints.ts?:5
Promise.then
step @ webpack://cxmooc-too…l/dailyPoints.ts?:7
fulfilled @ webpack://cxmooc-too…l/dailyPoints.ts?:5
18:40:02.371  [warn 18:40:2 ] [任务切换] 正在切换中，跳过重复调用
Warn @ webpack://cxmooc-too…l/utils/log.ts?:197
eval @ webpack://cxmooc-too…dailyPoints.ts?:521
eval @ webpack://cxmooc-too…l/dailyPoints.ts?:8
__awaiter @ webpack://cxmooc-too…l/dailyPoints.ts?:4
switchToNextTask @ webpack://cxmooc-too…dailyPoints.ts?:519
updatePointsStateFromApi @ webpack://cxmooc-too…dailyPoints.ts?:508
eval @ webpack://cxmooc-too…ailyPoints.ts?:1041
fulfilled @ webpack://cxmooc-too…l/dailyPoints.ts?:5
Promise.then
step @ webpack://cxmooc-too…l/dailyPoints.ts?:7
fulfilled @ webpack://cxmooc-too…l/dailyPoints.ts?:5
Promise.then
step @ webpack://cxmooc-too…l/dailyPoints.ts?:7
fulfilled @ webpack://cxmooc-too…l/dailyPoints.ts?:5
Promise.then
step @ webpack://cxmooc-too…l/dailyPoints.ts?:7
fulfilled @ webpack://cxmooc-too…l/dailyPoints.ts?:5
Promise.then
step @ webpack://cxmooc-too…l/dailyPoints.ts?:7
fulfilled @ webpack://cxmooc-too…l/dailyPoints.ts?:5
Promise.then
step @ webpack://cxmooc-too…l/dailyPoints.ts?:7
fulfilled @ webpack://cxmooc-too…l/dailyPoints.ts?:5
Promise.then
step @ webpack://cxmooc-too…l/dailyPoints.ts?:7
fulfilled @ webpack://cxmooc-too…l/dailyPoints.ts?:5
Promise.then
step @ webpack://cxmooc-too…l/dailyPoints.ts?:7
fulfilled @ webpack://cxmooc-too…l/dailyPoints.ts?:5
Promise.then
step @ webpack://cxmooc-too…l/dailyPoints.ts?:7
fulfilled @ webpack://cxmooc-too…l/dailyPoints.ts?:5
Promise.then
step @ webpack://cxmooc-too…l/dailyPoints.ts?:7
fulfilled @ webpack://cxmooc-too…l/dailyPoints.ts?:5
Promise.then
step @ webpack://cxmooc-too…l/dailyPoints.ts?:7
fulfilled @ webpack://cxmooc-too…l/dailyPoints.ts?:5
Promise.then
step @ webpack://cxmooc-too…l/dailyPoints.ts?:7
fulfilled @ webpack://cxmooc-too…l/dailyPoints.ts?:5
Promise.then
step @ webpack://cxmooc-too…l/dailyPoints.ts?:7
fulfilled @ webpack://cxmooc-too…l/dailyPoints.ts?:5
Promise.then
step @ webpack://cxmooc-too…l/dailyPoints.ts?:7
fulfilled @ webpack://cxmooc-too…l/dailyPoints.ts?:5
Promise.then
step @ webpack://cxmooc-too…l/dailyPoints.ts?:7
fulfilled @ webpack://cxmooc-too…l/dailyPoints.ts?:5
Promise.then
step @ webpack://cxmooc-too…l/dailyPoints.ts?:7
fulfilled @ webpack://cxmooc-too…l/dailyPoints.ts?:5
Promise.then
step @ webpack://cxmooc-too…l/dailyPoints.ts?:7
fulfilled @ webpack://cxmooc-too…l/dailyPoints.ts?:5
Promise.then
step @ webpack://cxmooc-too…l/dailyPoints.ts?:7
fulfilled @ webpack://cxmooc-too…l/dailyPoints.ts?:5
Promise.then
step @ webpack://cxmooc-too…l/dailyPoints.ts?:7
fulfilled @ webpack://cxmooc-too…l/dailyPoints.ts?:5
Promise.then
step @ webpack://cxmooc-too…l/dailyPoints.ts?:7
fulfilled @ webpack://cxmooc-too…l/dailyPoints.ts?:5
Promise.then
step @ webpack://cxmooc-too…l/dailyPoints.ts?:7
fulfilled @ webpack://cxmooc-too…l/dailyPoints.ts?:5
Promise.then
step @ webpack://cxmooc-too…l/dailyPoints.ts?:7
fulfilled @ webpack://cxmooc-too…l/dailyPoints.ts?:5
Promise.then
step @ webpack://cxmooc-too…l/dailyPoints.ts?:7
fulfilled @ webpack://cxmooc-too…l/dailyPoints.ts?:5
Promise.then
step @ webpack://cxmooc-too…l/dailyPoints.ts?:7
fulfilled @ webpack://cxmooc-too…l/dailyPoints.ts?:5
Promise.then
step @ webpack://cxmooc-too…l/dailyPoints.ts?:7
fulfilled @ webpack://cxmooc-too…l/dailyPoints.ts?:5
Promise.then
step @ webpack://cxmooc-too…l/dailyPoints.ts?:7
fulfilled @ webpack://cxmooc-too…l/dailyPoints.ts?:5
Promise.then
step @ webpack://cxmooc-too…l/dailyPoints.ts?:7
fulfilled @ webpack://cxmooc-too…l/dailyPoints.ts?:5
Promise.then
step @ webpack://cxmooc-too…l/dailyPoints.ts?:7
fulfilled @ webpack://cxmooc-too…l/dailyPoints.ts?:5
Promise.then
step @ webpack://cxmooc-too…l/dailyPoints.ts?:7
fulfilled @ webpack://cxmooc-too…l/dailyPoints.ts?:5
Promise.then
step @ webpack://cxmooc-too…l/dailyPoints.ts?:7
fulfilled @ webpack://cxmooc-too…l/dailyPoints.ts?:5
Promise.then
step @ webpack://cxmooc-too…l/dailyPoints.ts?:7
fulfilled @ webpack://cxmooc-too…l/dailyPoints.ts?:5
Promise.then
step @ webpack://cxmooc-too…l/dailyPoints.ts?:7
fulfilled @ webpack://cxmooc-too…l/dailyPoints.ts?:5
Promise.then
step @ webpack://cxmooc-too…l/dailyPoints.ts?:7
fulfilled @ webpack://cxmooc-too…l/dailyPoints.ts?:5
18:40:02.372  [debug 18:40:2 ] 获取知识分享: pageId=6d424ae30d064ae38560868164bbdec4
18:40:02.372  [debug 18:40:2 ] 发送API请求: GET https://zsgl.lzlj.com/learn/app/clientapi/knowledge/cloud/page/like/isShareOut.do?pageId=6d424ae30d064ae38560868164bbdec4&shareOutType=&sid=F76FB3D332BB4D4D8F5F3EE25814DBF6&os=99
18:40:02.385  [每日积分] panel: 收到页面消息1 {type: 'POINTS_UPDATED', data: {…}}
18:40:02.385  [每日积分] panel: 处理POINTS_UPDATED {learning: {…}, contribution: {…}, interaction: {…}}
18:40:02.389  [debug 18:40:2 ] API响应成功: {body: {…}, code: '0', file: null, message: '成功', user: null}
18:40:02.390  [debug 18:40:2 ] 知识分享成功，第173次调用，累积积分: 0.6/70
18:40:02.390  [debug 18:40:2 ] 获取知识分享: pageId=6d424ae30d064ae38560868164bbdec4
18:40:02.390  [debug 18:40:2 ] 发送API请求: GET https://zsgl.lzlj.com/learn/app/clientapi/knowledge/cloud/page/like/isShareOut.do?pageId=6d424ae30d064ae38560868164bbdec4&shareOutType=&sid=F76FB3D332BB4D4D8F5F3EE25814DBF6&os=99
18:40:02.539  [debug 18:40:2 ] API响应成功: {body: {…}, code: '0', file: null, message: '成功', user: null}
18:40:02.541  [debug 18:40:2 ] 知识分享成功，第174次调用，累积积分: 1.2/70
18:40:02.542  [debug 18:40:2 ] 获取知识分享: pageId=6d424ae30d064ae38560868164bbdec4
18:40:02.542  [debug 18:40:2 ] 发送API请求: GET https://zsgl.lzlj.com/learn/app/clientapi/knowledge/cloud/page/like/isShareOut.do?pageId=6d424ae30d064ae38560868164bbdec4&shareOutType=&sid=F76FB3D332BB4D4D8F5F3EE25814DBF6&os=99
18:40:02.551  [debug 18:40:2 ] API响应成功: {body: {…}, code: '0', file: null, message: '成功', user: null}
18:40:02.552  [debug 18:40:2 ] 知识分享成功，第175次调用，累积积分: 1.7999999999999998/70
18:40:02.552  [debug 18:40:2 ] 获取积分详情: 2026-03-16 ~ 2026-03-31
18:40:02.552  [debug 18:40:2 ] 发送API请求: POST https://zsgl.lzlj.com/learn/app/clientapi/personal/statistics/queryUserPointPercent.do?os=99&sid=F76FB3D332BB4D4D8F5F3EE25814DBF6
18:40:02.692  [debug 18:40:2 ] API响应成功: {body: {…}, code: '0', file: null, message: '成功', user: null}
18:40:02.693  [debug 18:40:2 ] 知识分享成功，第176次调用，累积积分: 2.4/70
18:40:02.693  [debug 18:40:2 ] 获取知识分享: pageId=6d424ae30d064ae38560868164bbdec4
18:40:02.693  [debug 18:40:2 ] 发送API请求: GET https://zsgl.lzlj.com/learn/app/clientapi/knowledge/cloud/page/like/isShareOut.do?pageId=6d424ae30d064ae38560868164bbdec4&shareOutType=&sid=F76FB3D332BB4D4D8F5F3EE25814DBF6&os=99
18:40:02.823  [debug 18:40:2 ] API响应成功: {body: Array(4), code: '0', file: null, message: '成功', user: null}
18:40:02.824  [debug 18:40:2 ] 积分项: 知识被阅读 (knowledge_read_point) = 20
18:40:02.824  [debug 18:40:2 ] 更新贡献积分: 20
18:40:02.824  [debug 18:40:2 ] 积分项: 知识被分享 (knowledge_shared) = 20
18:40:02.824  [debug 18:40:2 ] 更新互动积分: 20
18:40:02.824  [debug 18:40:2 ] 积分项: 学习课程 (24E2D4D119E74B76AC349FA12A0B646C) = 8
18:40:02.825  [debug 18:40:2 ] 更新学习积分（学习课程）: +8，当前: 8
18:40:02.825  [debug 18:40:2 ] 积分项: 知识分享 (knowledge_sharing) = 10
18:40:02.825  [debug 18:40:2 ] 更新互动积分: 30
18:40:02.825  [warn 18:40:2 ] 积分无变化，连续无变化次数: 35/2
Warn @ webpack://cxmooc-too…l/utils/log.ts?:197
updatePointsStateFromApi @ webpack://cxmooc-too…dailyPoints.ts?:505
eval @ webpack://cxmooc-too…ailyPoints.ts?:1041
fulfilled @ webpack://cxmooc-too…l/dailyPoints.ts?:5
Promise.then
step @ webpack://cxmooc-too…l/dailyPoints.ts?:7
fulfilled @ webpack://cxmooc-too…l/dailyPoints.ts?:5
Promise.then
step @ webpack://cxmooc-too…l/dailyPoints.ts?:7
fulfilled @ webpack://cxmooc-too…l/dailyPoints.ts?:5
Promise.then
step @ webpack://cxmooc-too…l/dailyPoints.ts?:7
fulfilled @ webpack://cxmooc-too…l/dailyPoints.ts?:5
Promise.then
step @ webpack://cxmooc-too…l/dailyPoints.ts?:7
fulfilled @ webpack://cxmooc-too…l/dailyPoints.ts?:5
Promise.then
step @ webpack://cxmooc-too…l/dailyPoints.ts?:7
fulfilled @ webpack://cxmooc-too…l/dailyPoints.ts?:5
Promise.then
step @ webpack://cxmooc-too…l/dailyPoints.ts?:7
fulfilled @ webpack://cxmooc-too…l/dailyPoints.ts?:5
Promise.then
step @ webpack://cxmooc-too…l/dailyPoints.ts?:7
fulfilled @ webpack://cxmooc-too…l/dailyPoints.ts?:5
Promise.then
step @ webpack://cxmooc-too…l/dailyPoints.ts?:7
fulfilled @ webpack://cxmooc-too…l/dailyPoints.ts?:5
Promise.then
step @ webpack://cxmooc-too…l/dailyPoints.ts?:7
fulfilled @ webpack://cxmooc-too…l/dailyPoints.ts?:5
Promise.then
step @ webpack://cxmooc-too…l/dailyPoints.ts?:7
fulfilled @ webpack://cxmooc-too…l/dailyPoints.ts?:5
Promise.then
step @ webpack://cxmooc-too…l/dailyPoints.ts?:7
fulfilled @ webpack://cxmooc-too…l/dailyPoints.ts?:5
Promise.then
step @ webpack://cxmooc-too…l/dailyPoints.ts?:7
fulfilled @ webpack://cxmooc-too…l/dailyPoints.ts?:5
Promise.then
step @ webpack://cxmooc-too…l/dailyPoints.ts?:7
fulfilled @ webpack://cxmooc-too…l/dailyPoints.ts?:5
Promise.then
step @ webpack://cxmooc-too…l/dailyPoints.ts?:7
fulfilled @ webpack://cxmooc-too…l/dailyPoints.ts?:5
Promise.then
step @ webpack://cxmooc-too…l/dailyPoints.ts?:7
fulfilled @ webpack://cxmooc-too…l/dailyPoints.ts?:5
Promise.then
step @ webpack://cxmooc-too…l/dailyPoints.ts?:7
fulfilled @ webpack://cxmooc-too…l/dailyPoints.ts?:5
Promise.then
step @ webpack://cxmooc-too…l/dailyPoints.ts?:7
fulfilled @ webpack://cxmooc-too…l/dailyPoints.ts?:5
Promise.then
step @ webpack://cxmooc-too…l/dailyPoints.ts?:7
fulfilled @ webpack://cxmooc-too…l/dailyPoints.ts?:5
Promise.then
step @ webpack://cxmooc-too…l/dailyPoints.ts?:7
fulfilled @ webpack://cxmooc-too…l/dailyPoints.ts?:5
Promise.then
step @ webpack://cxmooc-too…l/dailyPoints.ts?:7
fulfilled @ webpack://cxmooc-too…l/dailyPoints.ts?:5
Promise.then
step @ webpack://cxmooc-too…l/dailyPoints.ts?:7
fulfilled @ webpack://cxmooc-too…l/dailyPoints.ts?:5
Promise.then
step @ webpack://cxmooc-too…l/dailyPoints.ts?:7
fulfilled @ webpack://cxmooc-too…l/dailyPoints.ts?:5
Promise.then
step @ webpack://cxmooc-too…l/dailyPoints.ts?:7
fulfilled @ webpack://cxmooc-too…l/dailyPoints.ts?:5
Promise.then
step @ webpack://cxmooc-too…l/dailyPoints.ts?:7
fulfilled @ webpack://cxmooc-too…l/dailyPoints.ts?:5
Promise.then
step @ webpack://cxmooc-too…l/dailyPoints.ts?:7
fulfilled @ webpack://cxmooc-too…l/dailyPoints.ts?:5
Promise.then
step @ webpack://cxmooc-too…l/dailyPoints.ts?:7
fulfilled @ webpack://cxmooc-too…l/dailyPoints.ts?:5
Promise.then
step @ webpack://cxmooc-too…l/dailyPoints.ts?:7
fulfilled @ webpack://cxmooc-too…l/dailyPoints.ts?:5
Promise.then
step @ webpack://cxmooc-too…l/dailyPoints.ts?:7
fulfilled @ webpack://cxmooc-too…l/dailyPoints.ts?:5
Promise.then
step @ webpack://cxmooc-too…l/dailyPoints.ts?:7
fulfilled @ webpack://cxmooc-too…l/dailyPoints.ts?:5
Promise.then
step @ webpack://cxmooc-too…l/dailyPoints.ts?:7
fulfilled @ webpack://cxmooc-too…l/dailyPoints.ts?:5
Promise.then
step @ webpack://cxmooc-too…l/dailyPoints.ts?:7
fulfilled @ webpack://cxmooc-too…l/dailyPoints.ts?:5
Promise.then
step @ webpack://cxmooc-too…l/dailyPoints.ts?:7
fulfilled @ webpack://cxmooc-too…l/dailyPoints.ts?:5
18:40:02.826  [warn 18:40:2 ] [任务切换] 正在切换中，跳过重复调用
Warn @ webpack://cxmooc-too…l/utils/log.ts?:197
eval @ webpack://cxmooc-too…dailyPoints.ts?:521
eval @ webpack://cxmooc-too…l/dailyPoints.ts?:8
__awaiter @ webpack://cxmooc-too…l/dailyPoints.ts?:4
switchToNextTask @ webpack://cxmooc-too…dailyPoints.ts?:519
updatePointsStateFromApi @ webpack://cxmooc-too…dailyPoints.ts?:508
eval @ webpack://cxmooc-too…ailyPoints.ts?:1041
fulfilled @ webpack://cxmooc-too…l/dailyPoints.ts?:5
Promise.then
step @ webpack://cxmooc-too…l/dailyPoints.ts?:7
fulfilled @ webpack://cxmooc-too…l/dailyPoints.ts?:5
Promise.then
step @ webpack://cxmooc-too…l/dailyPoints.ts?:7
fulfilled @ webpack://cxmooc-too…l/dailyPoints.ts?:5
Promise.then
step @ webpack://cxmooc-too…l/dailyPoints.ts?:7
fulfilled @ webpack://cxmooc-too…l/dailyPoints.ts?:5
Promise.then
step @ webpack://cxmooc-too…l/dailyPoints.ts?:7
fulfilled @ webpack://cxmooc-too…l/dailyPoints.ts?:5
Promise.then
step @ webpack://cxmooc-too…l/dailyPoints.ts?:7
fulfilled @ webpack://cxmooc-too…l/dailyPoints.ts?:5
Promise.then
step @ webpack://cxmooc-too…l/dailyPoints.ts?:7
fulfilled @ webpack://cxmooc-too…l/dailyPoints.ts?:5
Promise.then
step @ webpack://cxmooc-too…l/dailyPoints.ts?:7
fulfilled @ webpack://cxmooc-too…l/dailyPoints.ts?:5
Promise.then
step @ webpack://cxmooc-too…l/dailyPoints.ts?:7
fulfilled @ webpack://cxmooc-too…l/dailyPoints.ts?:5
Promise.then
step @ webpack://cxmooc-too…l/dailyPoints.ts?:7
fulfilled @ webpack://cxmooc-too…l/dailyPoints.ts?:5
Promise.then
step @ webpack://cxmooc-too…l/dailyPoints.ts?:7
fulfilled @ webpack://cxmooc-too…l/dailyPoints.ts?:5
Promise.then
step @ webpack://cxmooc-too…l/dailyPoints.ts?:7
fulfilled @ webpack://cxmooc-too…l/dailyPoints.ts?:5
Promise.then
step @ webpack://cxmooc-too…l/dailyPoints.ts?:7
fulfilled @ webpack://cxmooc-too…l/dailyPoints.ts?:5
Promise.then
step @ webpack://cxmooc-too…l/dailyPoints.ts?:7
fulfilled @ webpack://cxmooc-too…l/dailyPoints.ts?:5
Promise.then
step @ webpack://cxmooc-too…l/dailyPoints.ts?:7
fulfilled @ webpack://cxmooc-too…l/dailyPoints.ts?:5
Promise.then
step @ webpack://cxmooc-too…l/dailyPoints.ts?:7
fulfilled @ webpack://cxmooc-too…l/dailyPoints.ts?:5
Promise.then
step @ webpack://cxmooc-too…l/dailyPoints.ts?:7
fulfilled @ webpack://cxmooc-too…l/dailyPoints.ts?:5
Promise.then
step @ webpack://cxmooc-too…l/dailyPoints.ts?:7
fulfilled @ webpack://cxmooc-too…l/dailyPoints.ts?:5
Promise.then
step @ webpack://cxmooc-too…l/dailyPoints.ts?:7
fulfilled @ webpack://cxmooc-too…l/dailyPoints.ts?:5
Promise.then
step @ webpack://cxmooc-too…l/dailyPoints.ts?:7
fulfilled @ webpack://cxmooc-too…l/dailyPoints.ts?:5
Promise.then
step @ webpack://cxmooc-too…l/dailyPoints.ts?:7
fulfilled @ webpack://cxmooc-too…l/dailyPoints.ts?:5
Promise.then
step @ webpack://cxmooc-too…l/dailyPoints.ts?:7
fulfilled @ webpack://cxmooc-too…l/dailyPoints.ts?:5
Promise.then
step @ webpack://cxmooc-too…l/dailyPoints.ts?:7
fulfilled @ webpack://cxmooc-too…l/dailyPoints.ts?:5
Promise.then
step @ webpack://cxmooc-too…l/dailyPoints.ts?:7
fulfilled @ webpack://cxmooc-too…l/dailyPoints.ts?:5
Promise.then
step @ webpack://cxmooc-too…l/dailyPoints.ts?:7
fulfilled @ webpack://cxmooc-too…l/dailyPoints.ts?:5
Promise.then
step @ webpack://cxmooc-too…l/dailyPoints.ts?:7
fulfilled @ webpack://cxmooc-too…l/dailyPoints.ts?:5
Promise.then
step @ webpack://cxmooc-too…l/dailyPoints.ts?:7
fulfilled @ webpack://cxmooc-too…l/dailyPoints.ts?:5
Promise.then
step @ webpack://cxmooc-too…l/dailyPoints.ts?:7
fulfilled @ webpack://cxmooc-too…l/dailyPoints.ts?:5
Promise.then
step @ webpack://cxmooc-too…l/dailyPoints.ts?:7
fulfilled @ webpack://cxmooc-too…l/dailyPoints.ts?:5
Promise.then
step @ webpack://cxmooc-too…l/dailyPoints.ts?:7
fulfilled @ webpack://cxmooc-too…l/dailyPoints.ts?:5
Promise.then
step @ webpack://cxmooc-too…l/dailyPoints.ts?:7
fulfilled @ webpack://cxmooc-too…l/dailyPoints.ts?:5
Promise.then
step @ webpack://cxmooc-too…l/dailyPoints.ts?:7
fulfilled @ webpack://cxmooc-too…l/dailyPoints.ts?:5
Promise.then
step @ webpack://cxmooc-too…l/dailyPoints.ts?:7
fulfilled @ webpack://cxmooc-too…l/dailyPoints.ts?:5
18:40:02.826  [debug 18:40:2 ] 获取知识分享: pageId=6d424ae30d064ae38560868164bbdec4
18:40:02.826  [debug 18:40:2 ] 发送API请求: GET https://zsgl.lzlj.com/learn/app/clientapi/knowledge/cloud/page/like/isShareOut.do?pageId=6d424ae30d064ae38560868164bbdec4&shareOutType=&sid=F76FB3D332BB4D4D8F5F3EE25814DBF6&os=99
18:40:02.834  [每日积分] panel: 收到页面消息1 {type: 'POINTS_UPDATED', data: {…}}
18:40:02.834  [每日积分] panel: 处理POINTS_UPDATED {learning: {…}, contribution: {…}, interaction: {…}}
18:40:02.861  [debug 18:40:2 ] API响应成功: {body: {…}, code: '0', file: null, message: '成功', user: null}
18:40:02.861  [debug 18:40:2 ] 知识分享成功，第177次调用，累积积分: 0.6/70
18:40:02.862  [debug 18:40:2 ] 获取知识分享: pageId=6d424ae30d064ae38560868164bbdec4
18:40:02.862  [debug 18:40:2 ] 发送API请求: GET https://zsgl.lzlj.com/learn/app/clientapi/knowledge/cloud/page/like/isShareOut.do?pageId=6d424ae30d064ae38560868164bbdec4&shareOutType=&sid=F76FB3D332BB4D4D8F5F3EE25814DBF6&os=99
18:40:02.974  [debug 18:40:2 ] API响应成功: {body: {…}, code: '0', file: null, message: '成功', user: null}
18:40:02.974  [debug 18:40:2 ] 知识分享成功，第178次调用，累积积分: 1.2/70
18:40:02.975  [debug 18:40:2 ] 获取知识分享: pageId=6d424ae30d064ae38560868164bbdec4
18:40:02.975  [debug 18:40:2 ] 发送API请求: GET https://zsgl.lzlj.com/learn/app/clientapi/knowledge/cloud/page/like/isShareOut.do?pageId=6d424ae30d064ae38560868164bbdec4&shareOutType=&sid=F76FB3D332BB4D4D8F5F3EE25814DBF6&os=99
18:40:02.993  [debug 18:40:2 ] API响应成功: {body: {…}, code: '0', file: null, message: '成功', user: null}
18:40:02.993  [debug 18:40:2 ] 知识分享成功，第179次调用，累积积分: 1.7999999999999998/70
18:40:02.993  [debug 18:40:2 ] 获取知识分享: pageId=6d424ae30d064ae38560868164bbdec4
18:40:02.994  [debug 18:40:2 ] 发送API请求: GET https://zsgl.lzlj.com/learn/app/clientapi/knowledge/cloud/page/like/isShareOut.do?pageId=6d424ae30d064ae38560868164bbdec4&shareOutType=&sid=F76FB3D332BB4D4D8F5F3EE25814DBF6&os=99
18:40:03.085  [debug 18:40:3 ] API响应成功: {body: {…}, code: '0', file: null, message: '成功', user: null}
18:40:03.086  [debug 18:40:3 ] 知识分享成功，第180次调用，累积积分: 2.4/70
18:40:03.087  [debug 18:40:3 ] 获取积分详情: 2026-03-16 ~ 2026-03-31
18:40:03.087  [debug 18:40:3 ] 发送API请求: POST https://zsgl.lzlj.com/learn/app/clientapi/personal/statistics/queryUserPointPercent.do?os=99&sid=F76FB3D332BB4D4D8F5F3EE25814DBF6
18:40:03.110  [debug 18:40:3 ] API响应成功: {body: {…}, code: '0', file: null, message: '成功', user: null}
18:40:03.110  [debug 18:40:3 ] 知识分享成功，第181次调用，累积积分: 3/70
18:40:03.110  [debug 18:40:3 ] 获取知识分享: pageId=6d424ae30d064ae38560868164bbdec4
18:40:03.110  [debug 18:40:3 ] 发送API请求: GET https://zsgl.lzlj.com/learn/app/clientapi/knowledge/cloud/page/like/isShareOut.do?pageId=6d424ae30d064ae38560868164bbdec4&shareOutType=&sid=F76FB3D332BB4D4D8F5F3EE25814DBF6&os=99
18:40:03.262  [debug 18:40:3 ] API响应成功: {body: {…}, code: '0', file: null, message: '成功', user: null}
18:40:03.263  [debug 18:40:3 ] 知识分享成功，第182次调用，累积积分: 3.6/70
18:40:03.264  [debug 18:40:3 ] 获取知识分享: pageId=6d424ae30d064ae38560868164bbdec4
18:40:03.264  [debug 18:40:3 ] 发送API请求: GET https://zsgl.lzlj.com/learn/app/clientapi/knowledge/cloud/page/like/isShareOut.do?pageId=6d424ae30d064ae38560868164bbdec4&shareOutType=&sid=F76FB3D332BB4D4D8F5F3EE25814DBF6&os=99
18:40:03.331  [debug 18:40:3 ] API响应成功: {body: Array(4), code: '0', file: null, message: '成功', user: null}
18:40:03.332  [debug 18:40:3 ] 积分项: 知识被阅读 (knowledge_read_point) = 20
18:40:03.333  [debug 18:40:3 ] 更新贡献积分: 20
18:40:03.334  [debug 18:40:3 ] 积分项: 知识被分享 (knowledge_shared) = 20
18:40:03.334  [debug 18:40:3 ] 更新互动积分: 20
18:40:03.335  [debug 18:40:3 ] 积分项: 学习课程 (24E2D4D119E74B76AC349FA12A0B646C) = 8
18:40:03.335  [debug 18:40:3 ] 更新学习积分（学习课程）: +8，当前: 8
18:40:03.335  [debug 18:40:3 ] 积分项: 知识分享 (knowledge_sharing) = 10
18:40:03.336  [debug 18:40:3 ] 更新互动积分: 30
18:40:03.337  [warn 18:40:3 ] 积分无变化，连续无变化次数: 36/2
Warn @ webpack://cxmooc-too…l/utils/log.ts?:197
updatePointsStateFromApi @ webpack://cxmooc-too…dailyPoints.ts?:505
eval @ webpack://cxmooc-too…ailyPoints.ts?:1041
fulfilled @ webpack://cxmooc-too…l/dailyPoints.ts?:5
Promise.then
step @ webpack://cxmooc-too…l/dailyPoints.ts?:7
fulfilled @ webpack://cxmooc-too…l/dailyPoints.ts?:5
Promise.then
step @ webpack://cxmooc-too…l/dailyPoints.ts?:7
fulfilled @ webpack://cxmooc-too…l/dailyPoints.ts?:5
Promise.then
step @ webpack://cxmooc-too…l/dailyPoints.ts?:7
fulfilled @ webpack://cxmooc-too…l/dailyPoints.ts?:5
Promise.then
step @ webpack://cxmooc-too…l/dailyPoints.ts?:7
fulfilled @ webpack://cxmooc-too…l/dailyPoints.ts?:5
Promise.then
step @ webpack://cxmooc-too…l/dailyPoints.ts?:7
fulfilled @ webpack://cxmooc-too…l/dailyPoints.ts?:5
Promise.then
step @ webpack://cxmooc-too…l/dailyPoints.ts?:7
fulfilled @ webpack://cxmooc-too…l/dailyPoints.ts?:5
Promise.then
step @ webpack://cxmooc-too…l/dailyPoints.ts?:7
fulfilled @ webpack://cxmooc-too…l/dailyPoints.ts?:5
Promise.then
step @ webpack://cxmooc-too…l/dailyPoints.ts?:7
fulfilled @ webpack://cxmooc-too…l/dailyPoints.ts?:5
Promise.then
step @ webpack://cxmooc-too…l/dailyPoints.ts?:7
fulfilled @ webpack://cxmooc-too…l/dailyPoints.ts?:5
Promise.then
step @ webpack://cxmooc-too…l/dailyPoints.ts?:7
fulfilled @ webpack://cxmooc-too…l/dailyPoints.ts?:5
Promise.then
step @ webpack://cxmooc-too…l/dailyPoints.ts?:7
fulfilled @ webpack://cxmooc-too…l/dailyPoints.ts?:5
Promise.then
step @ webpack://cxmooc-too…l/dailyPoints.ts?:7
fulfilled @ webpack://cxmooc-too…l/dailyPoints.ts?:5
Promise.then
step @ webpack://cxmooc-too…l/dailyPoints.ts?:7
fulfilled @ webpack://cxmooc-too…l/dailyPoints.ts?:5
Promise.then
step @ webpack://cxmooc-too…l/dailyPoints.ts?:7
fulfilled @ webpack://cxmooc-too…l/dailyPoints.ts?:5
Promise.then
step @ webpack://cxmooc-too…l/dailyPoints.ts?:7
fulfilled @ webpack://cxmooc-too…l/dailyPoints.ts?:5
Promise.then
step @ webpack://cxmooc-too…l/dailyPoints.ts?:7
fulfilled @ webpack://cxmooc-too…l/dailyPoints.ts?:5
Promise.then
step @ webpack://cxmooc-too…l/dailyPoints.ts?:7
fulfilled @ webpack://cxmooc-too…l/dailyPoints.ts?:5
Promise.then
step @ webpack://cxmooc-too…l/dailyPoints.ts?:7
fulfilled @ webpack://cxmooc-too…l/dailyPoints.ts?:5
Promise.then
step @ webpack://cxmooc-too…l/dailyPoints.ts?:7
fulfilled @ webpack://cxmooc-too…l/dailyPoints.ts?:5
Promise.then
step @ webpack://cxmooc-too…l/dailyPoints.ts?:7
fulfilled @ webpack://cxmooc-too…l/dailyPoints.ts?:5
Promise.then
step @ webpack://cxmooc-too…l/dailyPoints.ts?:7
fulfilled @ webpack://cxmooc-too…l/dailyPoints.ts?:5
Promise.then
step @ webpack://cxmooc-too…l/dailyPoints.ts?:7
fulfilled @ webpack://cxmooc-too…l/dailyPoints.ts?:5
Promise.then
step @ webpack://cxmooc-too…l/dailyPoints.ts?:7
fulfilled @ webpack://cxmooc-too…l/dailyPoints.ts?:5
Promise.then
step @ webpack://cxmooc-too…l/dailyPoints.ts?:7
fulfilled @ webpack://cxmooc-too…l/dailyPoints.ts?:5
Promise.then
step @ webpack://cxmooc-too…l/dailyPoints.ts?:7
fulfilled @ webpack://cxmooc-too…l/dailyPoints.ts?:5
Promise.then
step @ webpack://cxmooc-too…l/dailyPoints.ts?:7
fulfilled @ webpack://cxmooc-too…l/dailyPoints.ts?:5
Promise.then
step @ webpack://cxmooc-too…l/dailyPoints.ts?:7
fulfilled @ webpack://cxmooc-too…l/dailyPoints.ts?:5
Promise.then
step @ webpack://cxmooc-too…l/dailyPoints.ts?:7
fulfilled @ webpack://cxmooc-too…l/dailyPoints.ts?:5
Promise.then
step @ webpack://cxmooc-too…l/dailyPoints.ts?:7
fulfilled @ webpack://cxmooc-too…l/dailyPoints.ts?:5
Promise.then
step @ webpack://cxmooc-too…l/dailyPoints.ts?:7
fulfilled @ webpack://cxmooc-too…l/dailyPoints.ts?:5
Promise.then
step @ webpack://cxmooc-too…l/dailyPoints.ts?:7
fulfilled @ webpack://cxmooc-too…l/dailyPoints.ts?:5
Promise.then
step @ webpack://cxmooc-too…l/dailyPoints.ts?:7
fulfilled @ webpack://cxmooc-too…l/dailyPoints.ts?:5
18:40:03.338  [warn 18:40:3 ] [任务切换] 正在切换中，跳过重复调用
Warn @ webpack://cxmooc-too…l/utils/log.ts?:197
eval @ webpack://cxmooc-too…dailyPoints.ts?:521
eval @ webpack://cxmooc-too…l/dailyPoints.ts?:8
__awaiter @ webpack://cxmooc-too…l/dailyPoints.ts?:4
switchToNextTask @ webpack://cxmooc-too…dailyPoints.ts?:519
updatePointsStateFromApi @ webpack://cxmooc-too…dailyPoints.ts?:508
eval @ webpack://cxmooc-too…ailyPoints.ts?:1041
fulfilled @ webpack://cxmooc-too…l/dailyPoints.ts?:5
Promise.then
step @ webpack://cxmooc-too…l/dailyPoints.ts?:7
fulfilled @ webpack://cxmooc-too…l/dailyPoints.ts?:5
Promise.then
step @ webpack://cxmooc-too…l/dailyPoints.ts?:7
fulfilled @ webpack://cxmooc-too…l/dailyPoints.ts?:5
Promise.then
step @ webpack://cxmooc-too…l/dailyPoints.ts?:7
fulfilled @ webpack://cxmooc-too…l/dailyPoints.ts?:5
Promise.then
step @ webpack://cxmooc-too…l/dailyPoints.ts?:7
fulfilled @ webpack://cxmooc-too…l/dailyPoints.ts?:5
Promise.then
step @ webpack://cxmooc-too…l/dailyPoints.ts?:7
fulfilled @ webpack://cxmooc-too…l/dailyPoints.ts?:5
Promise.then
step @ webpack://cxmooc-too…l/dailyPoints.ts?:7
fulfilled @ webpack://cxmooc-too…l/dailyPoints.ts?:5
Promise.then
step @ webpack://cxmooc-too…l/dailyPoints.ts?:7
fulfilled @ webpack://cxmooc-too…l/dailyPoints.ts?:5
Promise.then
step @ webpack://cxmooc-too…l/dailyPoints.ts?:7
fulfilled @ webpack://cxmooc-too…l/dailyPoints.ts?:5
Promise.then
step @ webpack://cxmooc-too…l/dailyPoints.ts?:7
fulfilled @ webpack://cxmooc-too…l/dailyPoints.ts?:5
Promise.then
step @ webpack://cxmooc-too…l/dailyPoints.ts?:7
fulfilled @ webpack://cxmooc-too…l/dailyPoints.ts?:5
Promise.then
step @ webpack://cxmooc-too…l/dailyPoints.ts?:7
fulfilled @ webpack://cxmooc-too…l/dailyPoints.ts?:5
Promise.then
step @ webpack://cxmooc-too…l/dailyPoints.ts?:7
fulfilled @ webpack://cxmooc-too…l/dailyPoints.ts?:5
Promise.then
step @ webpack://cxmooc-too…l/dailyPoints.ts?:7
fulfilled @ webpack://cxmooc-too…l/dailyPoints.ts?:5
Promise.then
step @ webpack://cxmooc-too…l/dailyPoints.ts?:7
fulfilled @ webpack://cxmooc-too…l/dailyPoints.ts?:5
Promise.then
step @ webpack://cxmooc-too…l/dailyPoints.ts?:7
fulfilled @ webpack://cxmooc-too…l/dailyPoints.ts?:5
Promise.then
step @ webpack://cxmooc-too…l/dailyPoints.ts?:7
fulfilled @ webpack://cxmooc-too…l/dailyPoints.ts?:5
Promise.then
step @ webpack://cxmooc-too…l/dailyPoints.ts?:7
fulfilled @ webpack://cxmooc-too…l/dailyPoints.ts?:5
Promise.then
step @ webpack://cxmooc-too…l/dailyPoints.ts?:7
fulfilled @ webpack://cxmooc-too…l/dailyPoints.ts?:5
Promise.then
step @ webpack://cxmooc-too…l/dailyPoints.ts?:7
fulfilled @ webpack://cxmooc-too…l/dailyPoints.ts?:5
Promise.then
step @ webpack://cxmooc-too…l/dailyPoints.ts?:7
fulfilled @ webpack://cxmooc-too…l/dailyPoints.ts?:5
Promise.then
step @ webpack://cxmooc-too…l/dailyPoints.ts?:7
fulfilled @ webpack://cxmooc-too…l/dailyPoints.ts?:5
Promise.then
step @ webpack://cxmooc-too…l/dailyPoints.ts?:7
fulfilled @ webpack://cxmooc-too…l/dailyPoints.ts?:5
Promise.then
step @ webpack://cxmooc-too…l/dailyPoints.ts?:7
fulfilled @ webpack://cxmooc-too…l/dailyPoints.ts?:5
Promise.then
step @ webpack://cxmooc-too…l/dailyPoints.ts?:7
fulfilled @ webpack://cxmooc-too…l/dailyPoints.ts?:5
Promise.then
step @ webpack://cxmooc-too…l/dailyPoints.ts?:7
fulfilled @ webpack://cxmooc-too…l/dailyPoints.ts?:5
Promise.then
step @ webpack://cxmooc-too…l/dailyPoints.ts?:7
fulfilled @ webpack://cxmooc-too…l/dailyPoints.ts?:5
Promise.then
step @ webpack://cxmooc-too…l/dailyPoints.ts?:7
fulfilled @ webpack://cxmooc-too…l/dailyPoints.ts?:5
Promise.then
step @ webpack://cxmooc-too…l/dailyPoints.ts?:7
fulfilled @ webpack://cxmooc-too…l/dailyPoints.ts?:5
Promise.then
step @ webpack://cxmooc-too…l/dailyPoints.ts?:7
fulfilled @ webpack://cxmooc-too…l/dailyPoints.ts?:5
Promise.then
step @ webpack://cxmooc-too…l/dailyPoints.ts?:7
fulfilled @ webpack://cxmooc-too…l/dailyPoints.ts?:5
Promise.then
step @ webpack://cxmooc-too…l/dailyPoints.ts?:7
fulfilled @ webpack://cxmooc-too…l/dailyPoints.ts?:5
Promise.then
step @ webpack://cxmooc-too…l/dailyPoints.ts?:7
fulfilled @ webpack://cxmooc-too…l/dailyPoints.ts?:5
18:40:03.338  [debug 18:40:3 ] 获取知识分享: pageId=6d424ae30d064ae38560868164bbdec4
18:40:03.339  [debug 18:40:3 ] 发送API请求: GET https://zsgl.lzlj.com/learn/app/clientapi/knowledge/cloud/page/like/isShareOut.do?pageId=6d424ae30d064ae38560868164bbdec4&shareOutType=&sid=F76FB3D332BB4D4D8F5F3EE25814DBF6&os=99
18:40:03.348  [每日积分] panel: 收到页面消息1 {type: 'POINTS_UPDATED', data: {…}}
18:40:03.348  [每日积分] panel: 处理POINTS_UPDATED {learning: {…}, contribution: {…}, interaction: {…}}
18:40:03.383  [debug 18:40:3 ] API响应成功: {body: {…}, code: '0', file: null, message: '成功', user: null}
18:40:03.384  [debug 18:40:3 ] 知识分享成功，第183次调用，累积积分: 0.6/70
18:40:03.384  [debug 18:40:3 ] 获取知识分享: pageId=6d424ae30d064ae38560868164bbdec4
18:40:03.384  [debug 18:40:3 ] 发送API请求: GET https://zsgl.lzlj.com/learn/app/clientapi/knowledge/cloud/page/like/isShareOut.do?pageId=6d424ae30d064ae38560868164bbdec4&shareOutType=&sid=F76FB3D332BB4D4D8F5F3EE25814DBF6&os=99
18:40:03.500  [debug 18:40:3 ] API响应成功: {body: {…}, code: '0', file: null, message: '成功', user: null}
18:40:03.501  [debug 18:40:3 ] 知识分享成功，第184次调用，累积积分: 1.2/70
18:40:03.501  [debug 18:40:3 ] 获取知识分享: pageId=6d424ae30d064ae38560868164bbdec4
18:40:03.501  [debug 18:40:3 ] 发送API请求: GET https://zsgl.lzlj.com/learn/app/clientapi/knowledge/cloud/page/like/isShareOut.do?pageId=6d424ae30d064ae38560868164bbdec4&shareOutType=&sid=F76FB3D332BB4D4D8F5F3EE25814DBF6&os=99
18:40:03.510  [debug 18:40:3 ] API响应成功: {body: {…}, code: '0', file: null, message: '成功', user: null}
18:40:03.511  [debug 18:40:3 ] 知识分享成功，第185次调用，累积积分: 1.7999999999999998/70
18:40:03.511  [debug 18:40:3 ] 获取积分详情: 2026-03-16 ~ 2026-03-31
18:40:03.511  [debug 18:40:3 ] 发送API请求: POST https://zsgl.lzlj.com/learn/app/clientapi/personal/statistics/queryUserPointPercent.do?os=99&sid=F76FB3D332BB4D4D8F5F3EE25814DBF6
18:40:03.655  [debug 18:40:3 ] API响应成功: {body: {…}, code: '0', file: null, message: '成功', user: null}
18:40:03.656  [debug 18:40:3 ] 知识分享成功，第186次调用，累积积分: 2.4/70
18:40:03.657  [debug 18:40:3 ] 获取知识分享: pageId=6d424ae30d064ae38560868164bbdec4
18:40:03.657  [debug 18:40:3 ] 发送API请求: GET https://zsgl.lzlj.com/learn/app/clientapi/knowledge/cloud/page/like/isShareOut.do?pageId=6d424ae30d064ae38560868164bbdec4&shareOutType=&sid=F76FB3D332BB4D4D8F5F3EE25814DBF6&os=99
18:40:03.763  [debug 18:40:3 ] API响应成功: {body: Array(4), code: '0', file: null, message: '成功', user: null}
18:40:03.764  [debug 18:40:3 ] 积分项: 知识被阅读 (knowledge_read_point) = 20
18:40:03.764  [debug 18:40:3 ] 更新贡献积分: 20
18:40:03.764  [debug 18:40:3 ] 积分项: 知识被分享 (knowledge_shared) = 20
18:40:03.764  [debug 18:40:3 ] 更新互动积分: 20
18:40:03.765  [debug 18:40:3 ] 积分项: 学习课程 (24E2D4D119E74B76AC349FA12A0B646C) = 8
18:40:03.765  [debug 18:40:3 ] 更新学习积分（学习课程）: +8，当前: 8
18:40:03.765  [debug 18:40:3 ] 积分项: 知识分享 (knowledge_sharing) = 10
18:40:03.765  [debug 18:40:3 ] 更新互动积分: 30
18:40:03.766  [warn 18:40:3 ] 积分无变化，连续无变化次数: 37/2
Warn @ webpack://cxmooc-too…l/utils/log.ts?:197
updatePointsStateFromApi @ webpack://cxmooc-too…dailyPoints.ts?:505
eval @ webpack://cxmooc-too…ailyPoints.ts?:1041
fulfilled @ webpack://cxmooc-too…l/dailyPoints.ts?:5
Promise.then
step @ webpack://cxmooc-too…l/dailyPoints.ts?:7
fulfilled @ webpack://cxmooc-too…l/dailyPoints.ts?:5
Promise.then
step @ webpack://cxmooc-too…l/dailyPoints.ts?:7
fulfilled @ webpack://cxmooc-too…l/dailyPoints.ts?:5
Promise.then
step @ webpack://cxmooc-too…l/dailyPoints.ts?:7
fulfilled @ webpack://cxmooc-too…l/dailyPoints.ts?:5
Promise.then
step @ webpack://cxmooc-too…l/dailyPoints.ts?:7
fulfilled @ webpack://cxmooc-too…l/dailyPoints.ts?:5
Promise.then
step @ webpack://cxmooc-too…l/dailyPoints.ts?:7
fulfilled @ webpack://cxmooc-too…l/dailyPoints.ts?:5
Promise.then
step @ webpack://cxmooc-too…l/dailyPoints.ts?:7
fulfilled @ webpack://cxmooc-too…l/dailyPoints.ts?:5
Promise.then
step @ webpack://cxmooc-too…l/dailyPoints.ts?:7
fulfilled @ webpack://cxmooc-too…l/dailyPoints.ts?:5
Promise.then
step @ webpack://cxmooc-too…l/dailyPoints.ts?:7
fulfilled @ webpack://cxmooc-too…l/dailyPoints.ts?:5
Promise.then
step @ webpack://cxmooc-too…l/dailyPoints.ts?:7
fulfilled @ webpack://cxmooc-too…l/dailyPoints.ts?:5
Promise.then
step @ webpack://cxmooc-too…l/dailyPoints.ts?:7
fulfilled @ webpack://cxmooc-too…l/dailyPoints.ts?:5
Promise.then
step @ webpack://cxmooc-too…l/dailyPoints.ts?:7
fulfilled @ webpack://cxmooc-too…l/dailyPoints.ts?:5
Promise.then
step @ webpack://cxmooc-too…l/dailyPoints.ts?:7
fulfilled @ webpack://cxmooc-too…l/dailyPoints.ts?:5
Promise.then
step @ webpack://cxmooc-too…l/dailyPoints.ts?:7
fulfilled @ webpack://cxmooc-too…l/dailyPoints.ts?:5
Promise.then
step @ webpack://cxmooc-too…l/dailyPoints.ts?:7
fulfilled @ webpack://cxmooc-too…l/dailyPoints.ts?:5
Promise.then
step @ webpack://cxmooc-too…l/dailyPoints.ts?:7
fulfilled @ webpack://cxmooc-too…l/dailyPoints.ts?:5
Promise.then
step @ webpack://cxmooc-too…l/dailyPoints.ts?:7
fulfilled @ webpack://cxmooc-too…l/dailyPoints.ts?:5
Promise.then
step @ webpack://cxmooc-too…l/dailyPoints.ts?:7
fulfilled @ webpack://cxmooc-too…l/dailyPoints.ts?:5
Promise.then
step @ webpack://cxmooc-too…l/dailyPoints.ts?:7
fulfilled @ webpack://cxmooc-too…l/dailyPoints.ts?:5
Promise.then
step @ webpack://cxmooc-too…l/dailyPoints.ts?:7
fulfilled @ webpack://cxmooc-too…l/dailyPoints.ts?:5
Promise.then
step @ webpack://cxmooc-too…l/dailyPoints.ts?:7
fulfilled @ webpack://cxmooc-too…l/dailyPoints.ts?:5
Promise.then
step @ webpack://cxmooc-too…l/dailyPoints.ts?:7
fulfilled @ webpack://cxmooc-too…l/dailyPoints.ts?:5
Promise.then
step @ webpack://cxmooc-too…l/dailyPoints.ts?:7
fulfilled @ webpack://cxmooc-too…l/dailyPoints.ts?:5
Promise.then
step @ webpack://cxmooc-too…l/dailyPoints.ts?:7
fulfilled @ webpack://cxmooc-too…l/dailyPoints.ts?:5
Promise.then
step @ webpack://cxmooc-too…l/dailyPoints.ts?:7
fulfilled @ webpack://cxmooc-too…l/dailyPoints.ts?:5
Promise.then
step @ webpack://cxmooc-too…l/dailyPoints.ts?:7
fulfilled @ webpack://cxmooc-too…l/dailyPoints.ts?:5
Promise.then
step @ webpack://cxmooc-too…l/dailyPoints.ts?:7
fulfilled @ webpack://cxmooc-too…l/dailyPoints.ts?:5
Promise.then
step @ webpack://cxmooc-too…l/dailyPoints.ts?:7
fulfilled @ webpack://cxmooc-too…l/dailyPoints.ts?:5
Promise.then
step @ webpack://cxmooc-too…l/dailyPoints.ts?:7
fulfilled @ webpack://cxmooc-too…l/dailyPoints.ts?:5
Promise.then
step @ webpack://cxmooc-too…l/dailyPoints.ts?:7
fulfilled @ webpack://cxmooc-too…l/dailyPoints.ts?:5
Promise.then
step @ webpack://cxmooc-too…l/dailyPoints.ts?:7
fulfilled @ webpack://cxmooc-too…l/dailyPoints.ts?:5
Promise.then
step @ webpack://cxmooc-too…l/dailyPoints.ts?:7
fulfilled @ webpack://cxmooc-too…l/dailyPoints.ts?:5
Promise.then
step @ webpack://cxmooc-too…l/dailyPoints.ts?:7
fulfilled @ webpack://cxmooc-too…l/dailyPoints.ts?:5
18:40:03.766  [warn 18:40:3 ] [任务切换] 正在切换中，跳过重复调用
Warn @ webpack://cxmooc-too…l/utils/log.ts?:197
eval @ webpack://cxmooc-too…dailyPoints.ts?:521
eval @ webpack://cxmooc-too…l/dailyPoints.ts?:8
__awaiter @ webpack://cxmooc-too…l/dailyPoints.ts?:4
switchToNextTask @ webpack://cxmooc-too…dailyPoints.ts?:519
updatePointsStateFromApi @ webpack://cxmooc-too…dailyPoints.ts?:508
eval @ webpack://cxmooc-too…ailyPoints.ts?:1041
fulfilled @ webpack://cxmooc-too…l/dailyPoints.ts?:5
Promise.then
step @ webpack://cxmooc-too…l/dailyPoints.ts?:7
fulfilled @ webpack://cxmooc-too…l/dailyPoints.ts?:5
Promise.then
step @ webpack://cxmooc-too…l/dailyPoints.ts?:7
fulfilled @ webpack://cxmooc-too…l/dailyPoints.ts?:5
Promise.then
step @ webpack://cxmooc-too…l/dailyPoints.ts?:7
fulfilled @ webpack://cxmooc-too…l/dailyPoints.ts?:5
Promise.then
step @ webpack://cxmooc-too…l/dailyPoints.ts?:7
fulfilled @ webpack://cxmooc-too…l/dailyPoints.ts?:5
Promise.then
step @ webpack://cxmooc-too…l/dailyPoints.ts?:7
fulfilled @ webpack://cxmooc-too…l/dailyPoints.ts?:5
Promise.then
step @ webpack://cxmooc-too…l/dailyPoints.ts?:7
fulfilled @ webpack://cxmooc-too…l/dailyPoints.ts?:5
Promise.then
step @ webpack://cxmooc-too…l/dailyPoints.ts?:7
fulfilled @ webpack://cxmooc-too…l/dailyPoints.ts?:5
Promise.then
step @ webpack://cxmooc-too…l/dailyPoints.ts?:7
fulfilled @ webpack://cxmooc-too…l/dailyPoints.ts?:5
Promise.then
step @ webpack://cxmooc-too…l/dailyPoints.ts?:7
fulfilled @ webpack://cxmooc-too…l/dailyPoints.ts?:5
Promise.then
step @ webpack://cxmooc-too…l/dailyPoints.ts?:7
fulfilled @ webpack://cxmooc-too…l/dailyPoints.ts?:5
Promise.then
step @ webpack://cxmooc-too…l/dailyPoints.ts?:7
fulfilled @ webpack://cxmooc-too…l/dailyPoints.ts?:5
Promise.then
step @ webpack://cxmooc-too…l/dailyPoints.ts?:7
fulfilled @ webpack://cxmooc-too…l/dailyPoints.ts?:5
Promise.then
step @ webpack://cxmooc-too…l/dailyPoints.ts?:7
fulfilled @ webpack://cxmooc-too…l/dailyPoints.ts?:5
Promise.then
step @ webpack://cxmooc-too…l/dailyPoints.ts?:7
fulfilled @ webpack://cxmooc-too…l/dailyPoints.ts?:5
Promise.then
step @ webpack://cxmooc-too…l/dailyPoints.ts?:7
fulfilled @ webpack://cxmooc-too…l/dailyPoints.ts?:5
Promise.then
step @ webpack://cxmooc-too…l/dailyPoints.ts?:7
fulfilled @ webpack://cxmooc-too…l/dailyPoints.ts?:5
Promise.then
step @ webpack://cxmooc-too…l/dailyPoints.ts?:7
fulfilled @ webpack://cxmooc-too…l/dailyPoints.ts?:5
Promise.then
step @ webpack://cxmooc-too…l/dailyPoints.ts?:7
fulfilled @ webpack://cxmooc-too…l/dailyPoints.ts?:5
Promise.then
step @ webpack://cxmooc-too…l/dailyPoints.ts?:7
fulfilled @ webpack://cxmooc-too…l/dailyPoints.ts?:5
Promise.then
step @ webpack://cxmooc-too…l/dailyPoints.ts?:7
fulfilled @ webpack://cxmooc-too…l/dailyPoints.ts?:5
Promise.then
step @ webpack://cxmooc-too…l/dailyPoints.ts?:7
fulfilled @ webpack://cxmooc-too…l/dailyPoints.ts?:5
Promise.then
step @ webpack://cxmooc-too…l/dailyPoints.ts?:7
fulfilled @ webpack://cxmooc-too…l/dailyPoints.ts?:5
Promise.then
step @ webpack://cxmooc-too…l/dailyPoints.ts?:7
fulfilled @ webpack://cxmooc-too…l/dailyPoints.ts?:5
Promise.then
step @ webpack://cxmooc-too…l/dailyPoints.ts?:7
fulfilled @ webpack://cxmooc-too…l/dailyPoints.ts?:5
Promise.then
step @ webpack://cxmooc-too…l/dailyPoints.ts?:7
fulfilled @ webpack://cxmooc-too…l/dailyPoints.ts?:5
Promise.then
step @ webpack://cxmooc-too…l/dailyPoints.ts?:7
fulfilled @ webpack://cxmooc-too…l/dailyPoints.ts?:5
Promise.then
step @ webpack://cxmooc-too…l/dailyPoints.ts?:7
fulfilled @ webpack://cxmooc-too…l/dailyPoints.ts?:5
Promise.then
step @ webpack://cxmooc-too…l/dailyPoints.ts?:7
fulfilled @ webpack://cxmooc-too…l/dailyPoints.ts?:5
Promise.then
step @ webpack://cxmooc-too…l/dailyPoints.ts?:7
fulfilled @ webpack://cxmooc-too…l/dailyPoints.ts?:5
Promise.then
step @ webpack://cxmooc-too…l/dailyPoints.ts?:7
fulfilled @ webpack://cxmooc-too…l/dailyPoints.ts?:5
Promise.then
step @ webpack://cxmooc-too…l/dailyPoints.ts?:7
fulfilled @ webpack://cxmooc-too…l/dailyPoints.ts?:5
Promise.then
step @ webpack://cxmooc-too…l/dailyPoints.ts?:7
fulfilled @ webpack://cxmooc-too…l/dailyPoints.ts?:5
18:40:03.766  [debug 18:40:3 ] 获取知识分享: pageId=6d424ae30d064ae38560868164bbdec4
18:40:03.767  [debug 18:40:3 ] 发送API请求: GET https://zsgl.lzlj.com/learn/app/clientapi/knowledge/cloud/page/like/isShareOut.do?pageId=6d424ae30d064ae38560868164bbdec4&shareOutType=&sid=F76FB3D332BB4D4D8F5F3EE25814DBF6&os=99
18:40:03.779  [每日积分] panel: 收到页面消息1 {type: 'POINTS_UPDATED', data: {…}}
18:40:03.779  [每日积分] panel: 处理POINTS_UPDATED {learning: {…}, contribution: {…}, interaction: {…}}
18:40:03.783  [debug 18:40:3 ] API响应成功: {body: {…}, code: '0', file: null, message: '成功', user: null}
18:40:03.783  [debug 18:40:3 ] 知识分享成功，第187次调用，累积积分: 0.6/70
18:40:03.784  [debug 18:40:3 ] 获取知识分享: pageId=6d424ae30d064ae38560868164bbdec4
18:40:03.784  [debug 18:40:3 ] 发送API请求: GET https://zsgl.lzlj.com/learn/app/clientapi/knowledge/cloud/page/like/isShareOut.do?pageId=6d424ae30d064ae38560868164bbdec4&shareOutType=&sid=F76FB3D332BB4D4D8F5F3EE25814DBF6&os=99
18:40:03.913  [debug 18:40:3 ] API响应成功: {body: {…}, code: '0', file: null, message: '成功', user: null}
18:40:03.915  [debug 18:40:3 ] 知识分享成功，第188次调用，累积积分: 1.2/70
18:40:03.916  [debug 18:40:3 ] 获取知识分享: pageId=6d424ae30d064ae38560868164bbdec4
18:40:03.916  [debug 18:40:3 ] 发送API请求: GET https://zsgl.lzlj.com/learn/app/clientapi/knowledge/cloud/page/like/isShareOut.do?pageId=6d424ae30d064ae38560868164bbdec4&shareOutType=&sid=F76FB3D332BB4D4D8F5F3EE25814DBF6&os=99
18:40:03.947  [debug 18:40:3 ] API响应成功: {body: {…}, code: '0', file: null, message: '成功', user: null}
18:40:03.949  [debug 18:40:3 ] 知识分享成功，第189次调用，累积积分: 1.7999999999999998/70
18:40:03.949  [debug 18:40:3 ] 获取知识分享: pageId=6d424ae30d064ae38560868164bbdec4
18:40:03.950  [debug 18:40:3 ] 发送API请求: GET https://zsgl.lzlj.com/learn/app/clientapi/knowledge/cloud/page/like/isShareOut.do?pageId=6d424ae30d064ae38560868164bbdec4&shareOutType=&sid=F76FB3D332BB4D4D8F5F3EE25814DBF6&os=99
18:40:04.063  [debug 18:40:4 ] API响应成功: {body: {…}, code: '0', file: null, message: '成功', user: null}
18:40:04.064  [debug 18:40:4 ] 知识分享成功，第190次调用，累积积分: 2.4/70
18:40:04.064  [debug 18:40:4 ] 获取积分详情: 2026-03-16 ~ 2026-03-31
18:40:04.065  [debug 18:40:4 ] 发送API请求: POST https://zsgl.lzlj.com/learn/app/clientapi/personal/statistics/queryUserPointPercent.do?os=99&sid=F76FB3D332BB4D4D8F5F3EE25814DBF6
18:40:04.111  [debug 18:40:4 ] API响应成功: {body: {…}, code: '0', file: null, message: '成功', user: null}
18:40:04.112  [debug 18:40:4 ] 知识分享成功，第191次调用，累积积分: 3/70
18:40:04.112  [debug 18:40:4 ] 获取知识分享: pageId=6d424ae30d064ae38560868164bbdec4
18:40:04.112  [debug 18:40:4 ] 发送API请求: GET https://zsgl.lzlj.com/learn/app/clientapi/knowledge/cloud/page/like/isShareOut.do?pageId=6d424ae30d064ae38560868164bbdec4&shareOutType=&sid=F76FB3D332BB4D4D8F5F3EE25814DBF6&os=99
18:40:04.267  [debug 18:40:4 ] API响应成功: {body: {…}, code: '0', file: null, message: '成功', user: null}
18:40:04.268  [debug 18:40:4 ] 知识分享成功，第192次调用，累积积分: 3.6/70
18:40:04.268  [debug 18:40:4 ] 获取知识分享: pageId=6d424ae30d064ae38560868164bbdec4
18:40:04.268  [debug 18:40:4 ] 发送API请求: GET https://zsgl.lzlj.com/learn/app/clientapi/knowledge/cloud/page/like/isShareOut.do?pageId=6d424ae30d064ae38560868164bbdec4&shareOutType=&sid=F76FB3D332BB4D4D8F5F3EE25814DBF6&os=99
18:40:04.331  [debug 18:40:4 ] API响应成功: {body: Array(4), code: '0', file: null, message: '成功', user: null}
18:40:04.332  [debug 18:40:4 ] 积分项: 知识被阅读 (knowledge_read_point) = 20
18:40:04.332  [debug 18:40:4 ] 更新贡献积分: 20
18:40:04.332  [debug 18:40:4 ] 积分项: 知识被分享 (knowledge_shared) = 20
18:40:04.333  [debug 18:40:4 ] 更新互动积分: 20
18:40:04.333  [debug 18:40:4 ] 积分项: 学习课程 (24E2D4D119E74B76AC349FA12A0B646C) = 8
18:40:04.333  [debug 18:40:4 ] 更新学习积分（学习课程）: +8，当前: 8
18:40:04.333  [debug 18:40:4 ] 积分项: 知识分享 (knowledge_sharing) = 10
18:40:04.333  [debug 18:40:4 ] 更新互动积分: 30
18:40:04.334  [warn 18:40:4 ] 积分无变化，连续无变化次数: 38/2
Warn @ webpack://cxmooc-too…l/utils/log.ts?:197
updatePointsStateFromApi @ webpack://cxmooc-too…dailyPoints.ts?:505
eval @ webpack://cxmooc-too…ailyPoints.ts?:1041
fulfilled @ webpack://cxmooc-too…l/dailyPoints.ts?:5
Promise.then
step @ webpack://cxmooc-too…l/dailyPoints.ts?:7
fulfilled @ webpack://cxmooc-too…l/dailyPoints.ts?:5
Promise.then
step @ webpack://cxmooc-too…l/dailyPoints.ts?:7
fulfilled @ webpack://cxmooc-too…l/dailyPoints.ts?:5
Promise.then
step @ webpack://cxmooc-too…l/dailyPoints.ts?:7
fulfilled @ webpack://cxmooc-too…l/dailyPoints.ts?:5
Promise.then
step @ webpack://cxmooc-too…l/dailyPoints.ts?:7
fulfilled @ webpack://cxmooc-too…l/dailyPoints.ts?:5
Promise.then
step @ webpack://cxmooc-too…l/dailyPoints.ts?:7
fulfilled @ webpack://cxmooc-too…l/dailyPoints.ts?:5
Promise.then
step @ webpack://cxmooc-too…l/dailyPoints.ts?:7
fulfilled @ webpack://cxmooc-too…l/dailyPoints.ts?:5
Promise.then
step @ webpack://cxmooc-too…l/dailyPoints.ts?:7
fulfilled @ webpack://cxmooc-too…l/dailyPoints.ts?:5
Promise.then
step @ webpack://cxmooc-too…l/dailyPoints.ts?:7
fulfilled @ webpack://cxmooc-too…l/dailyPoints.ts?:5
Promise.then
step @ webpack://cxmooc-too…l/dailyPoints.ts?:7
fulfilled @ webpack://cxmooc-too…l/dailyPoints.ts?:5
Promise.then
step @ webpack://cxmooc-too…l/dailyPoints.ts?:7
fulfilled @ webpack://cxmooc-too…l/dailyPoints.ts?:5
Promise.then
step @ webpack://cxmooc-too…l/dailyPoints.ts?:7
fulfilled @ webpack://cxmooc-too…l/dailyPoints.ts?:5
Promise.then
step @ webpack://cxmooc-too…l/dailyPoints.ts?:7
fulfilled @ webpack://cxmooc-too…l/dailyPoints.ts?:5
Promise.then
step @ webpack://cxmooc-too…l/dailyPoints.ts?:7
fulfilled @ webpack://cxmooc-too…l/dailyPoints.ts?:5
Promise.then
step @ webpack://cxmooc-too…l/dailyPoints.ts?:7
fulfilled @ webpack://cxmooc-too…l/dailyPoints.ts?:5
Promise.then
step @ webpack://cxmooc-too…l/dailyPoints.ts?:7
fulfilled @ webpack://cxmooc-too…l/dailyPoints.ts?:5
Promise.then
step @ webpack://cxmooc-too…l/dailyPoints.ts?:7
fulfilled @ webpack://cxmooc-too…l/dailyPoints.ts?:5
Promise.then
step @ webpack://cxmooc-too…l/dailyPoints.ts?:7
fulfilled @ webpack://cxmooc-too…l/dailyPoints.ts?:5
Promise.then
step @ webpack://cxmooc-too…l/dailyPoints.ts?:7
fulfilled @ webpack://cxmooc-too…l/dailyPoints.ts?:5
Promise.then
step @ webpack://cxmooc-too…l/dailyPoints.ts?:7
fulfilled @ webpack://cxmooc-too…l/dailyPoints.ts?:5
Promise.then
step @ webpack://cxmooc-too…l/dailyPoints.ts?:7
fulfilled @ webpack://cxmooc-too…l/dailyPoints.ts?:5
Promise.then
step @ webpack://cxmooc-too…l/dailyPoints.ts?:7
fulfilled @ webpack://cxmooc-too…l/dailyPoints.ts?:5
Promise.then
step @ webpack://cxmooc-too…l/dailyPoints.ts?:7
fulfilled @ webpack://cxmooc-too…l/dailyPoints.ts?:5
Promise.then
step @ webpack://cxmooc-too…l/dailyPoints.ts?:7
fulfilled @ webpack://cxmooc-too…l/dailyPoints.ts?:5
Promise.then
step @ webpack://cxmooc-too…l/dailyPoints.ts?:7
fulfilled @ webpack://cxmooc-too…l/dailyPoints.ts?:5
Promise.then
step @ webpack://cxmooc-too…l/dailyPoints.ts?:7
fulfilled @ webpack://cxmooc-too…l/dailyPoints.ts?:5
Promise.then
step @ webpack://cxmooc-too…l/dailyPoints.ts?:7
fulfilled @ webpack://cxmooc-too…l/dailyPoints.ts?:5
Promise.then
step @ webpack://cxmooc-too…l/dailyPoints.ts?:7
fulfilled @ webpack://cxmooc-too…l/dailyPoints.ts?:5
Promise.then
step @ webpack://cxmooc-too…l/dailyPoints.ts?:7
fulfilled @ webpack://cxmooc-too…l/dailyPoints.ts?:5
Promise.then
step @ webpack://cxmooc-too…l/dailyPoints.ts?:7
fulfilled @ webpack://cxmooc-too…l/dailyPoints.ts?:5
Promise.then
step @ webpack://cxmooc-too…l/dailyPoints.ts?:7
fulfilled @ webpack://cxmooc-too…l/dailyPoints.ts?:5
Promise.then
step @ webpack://cxmooc-too…l/dailyPoints.ts?:7
fulfilled @ webpack://cxmooc-too…l/dailyPoints.ts?:5
Promise.then
step @ webpack://cxmooc-too…l/dailyPoints.ts?:7
fulfilled @ webpack://cxmooc-too…l/dailyPoints.ts?:5
18:40:04.334  [warn 18:40:4 ] [任务切换] 正在切换中，跳过重复调用
Warn @ webpack://cxmooc-too…l/utils/log.ts?:197
eval @ webpack://cxmooc-too…dailyPoints.ts?:521
eval @ webpack://cxmooc-too…l/dailyPoints.ts?:8
__awaiter @ webpack://cxmooc-too…l/dailyPoints.ts?:4
switchToNextTask @ webpack://cxmooc-too…dailyPoints.ts?:519
updatePointsStateFromApi @ webpack://cxmooc-too…dailyPoints.ts?:508
eval @ webpack://cxmooc-too…ailyPoints.ts?:1041
fulfilled @ webpack://cxmooc-too…l/dailyPoints.ts?:5
Promise.then
step @ webpack://cxmooc-too…l/dailyPoints.ts?:7
fulfilled @ webpack://cxmooc-too…l/dailyPoints.ts?:5
Promise.then
step @ webpack://cxmooc-too…l/dailyPoints.ts?:7
fulfilled @ webpack://cxmooc-too…l/dailyPoints.ts?:5
Promise.then
step @ webpack://cxmooc-too…l/dailyPoints.ts?:7
fulfilled @ webpack://cxmooc-too…l/dailyPoints.ts?:5
Promise.then
step @ webpack://cxmooc-too…l/dailyPoints.ts?:7
fulfilled @ webpack://cxmooc-too…l/dailyPoints.ts?:5
Promise.then
step @ webpack://cxmooc-too…l/dailyPoints.ts?:7
fulfilled @ webpack://cxmooc-too…l/dailyPoints.ts?:5
Promise.then
step @ webpack://cxmooc-too…l/dailyPoints.ts?:7
fulfilled @ webpack://cxmooc-too…l/dailyPoints.ts?:5
Promise.then
step @ webpack://cxmooc-too…l/dailyPoints.ts?:7
fulfilled @ webpack://cxmooc-too…l/dailyPoints.ts?:5
Promise.then
step @ webpack://cxmooc-too…l/dailyPoints.ts?:7
fulfilled @ webpack://cxmooc-too…l/dailyPoints.ts?:5
Promise.then
step @ webpack://cxmooc-too…l/dailyPoints.ts?:7
fulfilled @ webpack://cxmooc-too…l/dailyPoints.ts?:5
Promise.then
step @ webpack://cxmooc-too…l/dailyPoints.ts?:7
fulfilled @ webpack://cxmooc-too…l/dailyPoints.ts?:5
Promise.then
step @ webpack://cxmooc-too…l/dailyPoints.ts?:7
fulfilled @ webpack://cxmooc-too…l/dailyPoints.ts?:5
Promise.then
step @ webpack://cxmooc-too…l/dailyPoints.ts?:7
fulfilled @ webpack://cxmooc-too…l/dailyPoints.ts?:5
Promise.then
step @ webpack://cxmooc-too…l/dailyPoints.ts?:7
fulfilled @ webpack://cxmooc-too…l/dailyPoints.ts?:5
Promise.then
step @ webpack://cxmooc-too…l/dailyPoints.ts?:7
fulfilled @ webpack://cxmooc-too…l/dailyPoints.ts?:5
Promise.then
step @ webpack://cxmooc-too…l/dailyPoints.ts?:7
fulfilled @ webpack://cxmooc-too…l/dailyPoints.ts?:5
Promise.then
step @ webpack://cxmooc-too…l/dailyPoints.ts?:7
fulfilled @ webpack://cxmooc-too…l/dailyPoints.ts?:5
Promise.then
step @ webpack://cxmooc-too…l/dailyPoints.ts?:7
fulfilled @ webpack://cxmooc-too…l/dailyPoints.ts?:5
Promise.then
step @ webpack://cxmooc-too…l/dailyPoints.ts?:7
fulfilled @ webpack://cxmooc-too…l/dailyPoints.ts?:5
Promise.then
step @ webpack://cxmooc-too…l/dailyPoints.ts?:7
fulfilled @ webpack://cxmooc-too…l/dailyPoints.ts?:5
Promise.then
step @ webpack://cxmooc-too…l/dailyPoints.ts?:7
fulfilled @ webpack://cxmooc-too…l/dailyPoints.ts?:5
Promise.then
step @ webpack://cxmooc-too…l/dailyPoints.ts?:7
fulfilled @ webpack://cxmooc-too…l/dailyPoints.ts?:5
Promise.then
step @ webpack://cxmooc-too…l/dailyPoints.ts?:7
fulfilled @ webpack://cxmooc-too…l/dailyPoints.ts?:5
Promise.then
step @ webpack://cxmooc-too…l/dailyPoints.ts?:7
fulfilled @ webpack://cxmooc-too…l/dailyPoints.ts?:5
Promise.then
step @ webpack://cxmooc-too…l/dailyPoints.ts?:7
fulfilled @ webpack://cxmooc-too…l/dailyPoints.ts?:5
Promise.then
step @ webpack://cxmooc-too…l/dailyPoints.ts?:7
fulfilled @ webpack://cxmooc-too…l/dailyPoints.ts?:5
Promise.then
step @ webpack://cxmooc-too…l/dailyPoints.ts?:7
fulfilled @ webpack://cxmooc-too…l/dailyPoints.ts?:5
Promise.then
step @ webpack://cxmooc-too…l/dailyPoints.ts?:7
fulfilled @ webpack://cxmooc-too…l/dailyPoints.ts?:5
Promise.then
step @ webpack://cxmooc-too…l/dailyPoints.ts?:7
fulfilled @ webpack://cxmooc-too…l/dailyPoints.ts?:5
Promise.then
step @ webpack://cxmooc-too…l/dailyPoints.ts?:7
fulfilled @ webpack://cxmooc-too…l/dailyPoints.ts?:5
Promise.then
step @ webpack://cxmooc-too…l/dailyPoints.ts?:7
fulfilled @ webpack://cxmooc-too…l/dailyPoints.ts?:5
Promise.then
step @ webpack://cxmooc-too…l/dailyPoints.ts?:7
fulfilled @ webpack://cxmooc-too…l/dailyPoints.ts?:5
Promise.then
step @ webpack://cxmooc-too…l/dailyPoints.ts?:7
fulfilled @ webpack://cxmooc-too…l/dailyPoints.ts?:5
18:40:04.335  [debug 18:40:4 ] 获取知识分享: pageId=6d424ae30d064ae38560868164bbdec4
18:40:04.335  [debug 18:40:4 ] 发送API请求: GET https://zsgl.lzlj.com/learn/app/clientapi/knowledge/cloud/page/like/isShareOut.do?pageId=6d424ae30d064ae38560868164bbdec4&shareOutType=&sid=F76FB3D332BB4D4D8F5F3EE25814DBF6&os=99
18:40:04.343  [每日积分] panel: 收到页面消息1 {type: 'POINTS_UPDATED', data: {…}}
18:40:04.343  [每日积分] panel: 处理POINTS_UPDATED {learning: {…}, contribution: {…}, interaction: {…}}
18:40:04.483  [debug 18:40:4 ] API响应成功: {body: {…}, code: '0', file: null, message: '成功', user: null}
18:40:04.484  [debug 18:40:4 ] 知识分享成功，第193次调用，累积积分: 0.6/70
18:40:04.485  [debug 18:40:4 ] 获取知识分享: pageId=6d424ae30d064ae38560868164bbdec4
18:40:04.485  [debug 18:40:4 ] 发送API请求: GET https://zsgl.lzlj.com/learn/app/clientapi/knowledge/cloud/page/like/isShareOut.do?pageId=6d424ae30d064ae38560868164bbdec4&shareOutType=&sid=F76FB3D332BB4D4D8F5F3EE25814DBF6&os=99
18:40:04.509  [debug 18:40:4 ] API响应成功: {body: {…}, code: '0', file: null, message: '成功', user: null}
18:40:04.509  [debug 18:40:4 ] 知识分享成功，第194次调用，累积积分: 1.2/70
18:40:04.509  [debug 18:40:4 ] 获取知识分享: pageId=6d424ae30d064ae38560868164bbdec4
18:40:04.510  [debug 18:40:4 ] 发送API请求: GET https://zsgl.lzlj.com/learn/app/clientapi/knowledge/cloud/page/like/isShareOut.do?pageId=6d424ae30d064ae38560868164bbdec4&shareOutType=&sid=F76FB3D332BB4D4D8F5F3EE25814DBF6&os=99
18:40:04.651  [debug 18:40:4 ] API响应成功: {body: {…}, code: '0', file: null, message: '成功', user: null}
18:40:04.651  [debug 18:40:4 ] 知识分享成功，第195次调用，累积积分: 1.7999999999999998/70
18:40:04.652  [debug 18:40:4 ] 获取积分详情: 2026-03-16 ~ 2026-03-31
18:40:04.652  [debug 18:40:4 ] 发送API请求: POST https://zsgl.lzlj.com/learn/app/clientapi/personal/statistics/queryUserPointPercent.do?os=99&sid=F76FB3D332BB4D4D8F5F3EE25814DBF6
18:40:04.834  [debug 18:40:4 ] API响应成功: {body: {…}, code: '0', file: null, message: '成功', user: null}
18:40:04.836  [debug 18:40:4 ] 知识分享成功，第196次调用，累积积分: 2.4/70
18:40:04.837  [debug 18:40:4 ] 获取知识分享: pageId=6d424ae30d064ae38560868164bbdec4
18:40:04.837  [debug 18:40:4 ] 发送API请求: GET https://zsgl.lzlj.com/learn/app/clientapi/knowledge/cloud/page/like/isShareOut.do?pageId=6d424ae30d064ae38560868164bbdec4&shareOutType=&sid=F76FB3D332BB4D4D8F5F3EE25814DBF6&os=99
18:40:04.857  [debug 18:40:4 ] API响应成功: {body: Array(4), code: '0', file: null, message: '成功', user: null}
18:40:04.858  [debug 18:40:4 ] 积分项: 知识被阅读 (knowledge_read_point) = 20
18:40:04.858  [debug 18:40:4 ] 更新贡献积分: 20
18:40:04.858  [debug 18:40:4 ] 积分项: 知识被分享 (knowledge_shared) = 20
18:40:04.858  [debug 18:40:4 ] 更新互动积分: 20
18:40:04.859  [debug 18:40:4 ] 积分项: 学习课程 (24E2D4D119E74B76AC349FA12A0B646C) = 8
18:40:04.859  [debug 18:40:4 ] 更新学习积分（学习课程）: +8，当前: 8
18:40:04.859  [debug 18:40:4 ] 积分项: 知识分享 (knowledge_sharing) = 10
18:40:04.859  [debug 18:40:4 ] 更新互动积分: 30
18:40:04.859  [warn 18:40:4 ] 积分无变化，连续无变化次数: 39/2
Warn @ webpack://cxmooc-too…l/utils/log.ts?:197
updatePointsStateFromApi @ webpack://cxmooc-too…dailyPoints.ts?:505
eval @ webpack://cxmooc-too…ailyPoints.ts?:1041
fulfilled @ webpack://cxmooc-too…l/dailyPoints.ts?:5
Promise.then
step @ webpack://cxmooc-too…l/dailyPoints.ts?:7
fulfilled @ webpack://cxmooc-too…l/dailyPoints.ts?:5
Promise.then
step @ webpack://cxmooc-too…l/dailyPoints.ts?:7
fulfilled @ webpack://cxmooc-too…l/dailyPoints.ts?:5
Promise.then
step @ webpack://cxmooc-too…l/dailyPoints.ts?:7
fulfilled @ webpack://cxmooc-too…l/dailyPoints.ts?:5
Promise.then
step @ webpack://cxmooc-too…l/dailyPoints.ts?:7
fulfilled @ webpack://cxmooc-too…l/dailyPoints.ts?:5
Promise.then
step @ webpack://cxmooc-too…l/dailyPoints.ts?:7
fulfilled @ webpack://cxmooc-too…l/dailyPoints.ts?:5
Promise.then
step @ webpack://cxmooc-too…l/dailyPoints.ts?:7
fulfilled @ webpack://cxmooc-too…l/dailyPoints.ts?:5
Promise.then
step @ webpack://cxmooc-too…l/dailyPoints.ts?:7
fulfilled @ webpack://cxmooc-too…l/dailyPoints.ts?:5
Promise.then
step @ webpack://cxmooc-too…l/dailyPoints.ts?:7
fulfilled @ webpack://cxmooc-too…l/dailyPoints.ts?:5
Promise.then
step @ webpack://cxmooc-too…l/dailyPoints.ts?:7
fulfilled @ webpack://cxmooc-too…l/dailyPoints.ts?:5
Promise.then
step @ webpack://cxmooc-too…l/dailyPoints.ts?:7
fulfilled @ webpack://cxmooc-too…l/dailyPoints.ts?:5
Promise.then
step @ webpack://cxmooc-too…l/dailyPoints.ts?:7
fulfilled @ webpack://cxmooc-too…l/dailyPoints.ts?:5
Promise.then
step @ webpack://cxmooc-too…l/dailyPoints.ts?:7
fulfilled @ webpack://cxmooc-too…l/dailyPoints.ts?:5
Promise.then
step @ webpack://cxmooc-too…l/dailyPoints.ts?:7
fulfilled @ webpack://cxmooc-too…l/dailyPoints.ts?:5
Promise.then
step @ webpack://cxmooc-too…l/dailyPoints.ts?:7
fulfilled @ webpack://cxmooc-too…l/dailyPoints.ts?:5
Promise.then
step @ webpack://cxmooc-too…l/dailyPoints.ts?:7
fulfilled @ webpack://cxmooc-too…l/dailyPoints.ts?:5
Promise.then
step @ webpack://cxmooc-too…l/dailyPoints.ts?:7
fulfilled @ webpack://cxmooc-too…l/dailyPoints.ts?:5
Promise.then
step @ webpack://cxmooc-too…l/dailyPoints.ts?:7
fulfilled @ webpack://cxmooc-too…l/dailyPoints.ts?:5
Promise.then
step @ webpack://cxmooc-too…l/dailyPoints.ts?:7
fulfilled @ webpack://cxmooc-too…l/dailyPoints.ts?:5
Promise.then
step @ webpack://cxmooc-too…l/dailyPoints.ts?:7
fulfilled @ webpack://cxmooc-too…l/dailyPoints.ts?:5
Promise.then
step @ webpack://cxmooc-too…l/dailyPoints.ts?:7
fulfilled @ webpack://cxmooc-too…l/dailyPoints.ts?:5
Promise.then
step @ webpack://cxmooc-too…l/dailyPoints.ts?:7
fulfilled @ webpack://cxmooc-too…l/dailyPoints.ts?:5
Promise.then
step @ webpack://cxmooc-too…l/dailyPoints.ts?:7
fulfilled @ webpack://cxmooc-too…l/dailyPoints.ts?:5
Promise.then
step @ webpack://cxmooc-too…l/dailyPoints.ts?:7
fulfilled @ webpack://cxmooc-too…l/dailyPoints.ts?:5
Promise.then
step @ webpack://cxmooc-too…l/dailyPoints.ts?:7
fulfilled @ webpack://cxmooc-too…l/dailyPoints.ts?:5
Promise.then
step @ webpack://cxmooc-too…l/dailyPoints.ts?:7
fulfilled @ webpack://cxmooc-too…l/dailyPoints.ts?:5
Promise.then
step @ webpack://cxmooc-too…l/dailyPoints.ts?:7
fulfilled @ webpack://cxmooc-too…l/dailyPoints.ts?:5
Promise.then
step @ webpack://cxmooc-too…l/dailyPoints.ts?:7
fulfilled @ webpack://cxmooc-too…l/dailyPoints.ts?:5
Promise.then
step @ webpack://cxmooc-too…l/dailyPoints.ts?:7
fulfilled @ webpack://cxmooc-too…l/dailyPoints.ts?:5
Promise.then
step @ webpack://cxmooc-too…l/dailyPoints.ts?:7
fulfilled @ webpack://cxmooc-too…l/dailyPoints.ts?:5
Promise.then
step @ webpack://cxmooc-too…l/dailyPoints.ts?:7
fulfilled @ webpack://cxmooc-too…l/dailyPoints.ts?:5
Promise.then
step @ webpack://cxmooc-too…l/dailyPoints.ts?:7
fulfilled @ webpack://cxmooc-too…l/dailyPoints.ts?:5
Promise.then
step @ webpack://cxmooc-too…l/dailyPoints.ts?:7
fulfilled @ webpack://cxmooc-too…l/dailyPoints.ts?:5
18:40:04.860  [warn 18:40:4 ] [任务切换] 正在切换中，跳过重复调用
Warn @ webpack://cxmooc-too…l/utils/log.ts?:197
eval @ webpack://cxmooc-too…dailyPoints.ts?:521
eval @ webpack://cxmooc-too…l/dailyPoints.ts?:8
__awaiter @ webpack://cxmooc-too…l/dailyPoints.ts?:4
switchToNextTask @ webpack://cxmooc-too…dailyPoints.ts?:519
updatePointsStateFromApi @ webpack://cxmooc-too…dailyPoints.ts?:508
eval @ webpack://cxmooc-too…ailyPoints.ts?:1041
fulfilled @ webpack://cxmooc-too…l/dailyPoints.ts?:5
Promise.then
step @ webpack://cxmooc-too…l/dailyPoints.ts?:7
fulfilled @ webpack://cxmooc-too…l/dailyPoints.ts?:5
Promise.then
step @ webpack://cxmooc-too…l/dailyPoints.ts?:7
fulfilled @ webpack://cxmooc-too…l/dailyPoints.ts?:5
Promise.then
step @ webpack://cxmooc-too…l/dailyPoints.ts?:7
fulfilled @ webpack://cxmooc-too…l/dailyPoints.ts?:5
Promise.then
step @ webpack://cxmooc-too…l/dailyPoints.ts?:7
fulfilled @ webpack://cxmooc-too…l/dailyPoints.ts?:5
Promise.then
step @ webpack://cxmooc-too…l/dailyPoints.ts?:7
fulfilled @ webpack://cxmooc-too…l/dailyPoints.ts?:5
Promise.then
step @ webpack://cxmooc-too…l/dailyPoints.ts?:7
fulfilled @ webpack://cxmooc-too…l/dailyPoints.ts?:5
Promise.then
step @ webpack://cxmooc-too…l/dailyPoints.ts?:7
fulfilled @ webpack://cxmooc-too…l/dailyPoints.ts?:5
Promise.then
step @ webpack://cxmooc-too…l/dailyPoints.ts?:7
fulfilled @ webpack://cxmooc-too…l/dailyPoints.ts?:5
Promise.then
step @ webpack://cxmooc-too…l/dailyPoints.ts?:7
fulfilled @ webpack://cxmooc-too…l/dailyPoints.ts?:5
Promise.then
step @ webpack://cxmooc-too…l/dailyPoints.ts?:7
fulfilled @ webpack://cxmooc-too…l/dailyPoints.ts?:5
Promise.then
step @ webpack://cxmooc-too…l/dailyPoints.ts?:7
fulfilled @ webpack://cxmooc-too…l/dailyPoints.ts?:5
Promise.then
step @ webpack://cxmooc-too…l/dailyPoints.ts?:7
fulfilled @ webpack://cxmooc-too…l/dailyPoints.ts?:5
Promise.then
step @ webpack://cxmooc-too…l/dailyPoints.ts?:7
fulfilled @ webpack://cxmooc-too…l/dailyPoints.ts?:5
Promise.then
step @ webpack://cxmooc-too…l/dailyPoints.ts?:7
fulfilled @ webpack://cxmooc-too…l/dailyPoints.ts?:5
Promise.then
step @ webpack://cxmooc-too…l/dailyPoints.ts?:7
fulfilled @ webpack://cxmooc-too…l/dailyPoints.ts?:5
Promise.then
step @ webpack://cxmooc-too…l/dailyPoints.ts?:7
fulfilled @ webpack://cxmooc-too…l/dailyPoints.ts?:5
Promise.then
step @ webpack://cxmooc-too…l/dailyPoints.ts?:7
fulfilled @ webpack://cxmooc-too…l/dailyPoints.ts?:5
Promise.then
step @ webpack://cxmooc-too…l/dailyPoints.ts?:7
fulfilled @ webpack://cxmooc-too…l/dailyPoints.ts?:5
Promise.then
step @ webpack://cxmooc-too…l/dailyPoints.ts?:7
fulfilled @ webpack://cxmooc-too…l/dailyPoints.ts?:5
Promise.then
step @ webpack://cxmooc-too…l/dailyPoints.ts?:7
fulfilled @ webpack://cxmooc-too…l/dailyPoints.ts?:5
Promise.then
step @ webpack://cxmooc-too…l/dailyPoints.ts?:7
fulfilled @ webpack://cxmooc-too…l/dailyPoints.ts?:5
Promise.then
step @ webpack://cxmooc-too…l/dailyPoints.ts?:7
fulfilled @ webpack://cxmooc-too…l/dailyPoints.ts?:5
Promise.then
step @ webpack://cxmooc-too…l/dailyPoints.ts?:7
fulfilled @ webpack://cxmooc-too…l/dailyPoints.ts?:5
Promise.then
step @ webpack://cxmooc-too…l/dailyPoints.ts?:7
fulfilled @ webpack://cxmooc-too…l/dailyPoints.ts?:5
Promise.then
step @ webpack://cxmooc-too…l/dailyPoints.ts?:7
fulfilled @ webpack://cxmooc-too…l/dailyPoints.ts?:5
Promise.then
step @ webpack://cxmooc-too…l/dailyPoints.ts?:7
fulfilled @ webpack://cxmooc-too…l/dailyPoints.ts?:5
Promise.then
step @ webpack://cxmooc-too…l/dailyPoints.ts?:7
fulfilled @ webpack://cxmooc-too…l/dailyPoints.ts?:5
Promise.then
step @ webpack://cxmooc-too…l/dailyPoints.ts?:7
fulfilled @ webpack://cxmooc-too…l/dailyPoints.ts?:5
Promise.then
step @ webpack://cxmooc-too…l/dailyPoints.ts?:7
fulfilled @ webpack://cxmooc-too…l/dailyPoints.ts?:5
Promise.then
step @ webpack://cxmooc-too…l/dailyPoints.ts?:7
fulfilled @ webpack://cxmooc-too…l/dailyPoints.ts?:5
Promise.then
step @ webpack://cxmooc-too…l/dailyPoints.ts?:7
fulfilled @ webpack://cxmooc-too…l/dailyPoints.ts?:5
Promise.then
step @ webpack://cxmooc-too…l/dailyPoints.ts?:7
fulfilled @ webpack://cxmooc-too…l/dailyPoints.ts?:5
18:40:04.860  [debug 18:40:4 ] 获取知识分享: pageId=6d424ae30d064ae38560868164bbdec4
18:40:04.860  [debug 18:40:4 ] 发送API请求: GET https://zsgl.lzlj.com/learn/app/clientapi/knowledge/cloud/page/like/isShareOut.do?pageId=6d424ae30d064ae38560868164bbdec4&shareOutType=&sid=F76FB3D332BB4D4D8F5F3EE25814DBF6&os=99
18:40:04.861  [每日积分] panel: 收到页面消息1 {type: 'POINTS_UPDATED', data: {…}}
18:40:04.861  [每日积分] panel: 处理POINTS_UPDATED {learning: {…}, contribution: {…}, interaction: {…}}
18:40:04.958  [debug 18:40:4 ] API响应成功: {body: {…}, code: '0', file: null, message: '成功', user: null}
18:40:04.959  [debug 18:40:4 ] 知识分享成功，第197次调用，累积积分: 0.6/70
18:40:04.959  [debug 18:40:4 ] 获取知识分享: pageId=6d424ae30d064ae38560868164bbdec4
18:40:04.959  [debug 18:40:4 ] 发送API请求: GET https://zsgl.lzlj.com/learn/app/clientapi/knowledge/cloud/page/like/isShareOut.do?pageId=6d424ae30d064ae38560868164bbdec4&shareOutType=&sid=F76FB3D332BB4D4D8F5F3EE25814DBF6&os=99
18:40:04.992  [debug 18:40:4 ] API响应成功: {body: {…}, code: '0', file: null, message: '成功', user: null}
18:40:04.992  [debug 18:40:4 ] 知识分享成功，第198次调用，累积积分: 1.2/70
18:40:04.993  [debug 18:40:4 ] 获取知识分享: pageId=6d424ae30d064ae38560868164bbdec4
18:40:04.993  [debug 18:40:4 ] 发送API请求: GET https://zsgl.lzlj.com/learn/app/clientapi/knowledge/cloud/page/like/isShareOut.do?pageId=6d424ae30d064ae38560868164bbdec4&shareOutType=&sid=F76FB3D332BB4D4D8F5F3EE25814DBF6&os=99
18:40:05.081  [debug 18:40:5 ] API响应成功: {body: {…}, code: '0', file: null, message: '成功', user: null}
18:40:05.082  [debug 18:40:5 ] 知识分享成功，第199次调用，累积积分: 1.7999999999999998/70
18:40:05.082  [debug 18:40:5 ] 获取知识分享: pageId=6d424ae30d064ae38560868164bbdec4
18:40:05.082  [debug 18:40:5 ] 发送API请求: GET https://zsgl.lzlj.com/learn/app/clientapi/knowledge/cloud/page/like/isShareOut.do?pageId=6d424ae30d064ae38560868164bbdec4&shareOutType=&sid=F76FB3D332BB4D4D8F5F3EE25814DBF6&os=99
18:40:05.203  [debug 18:40:5 ] API响应成功: {body: {…}, code: '0', file: null, message: '成功', user: null}
18:40:05.204  [debug 18:40:5 ] 知识分享成功，第200次调用，累积积分: 2.4/70
18:40:05.204  [debug 18:40:5 ] 获取积分详情: 2026-03-16 ~ 2026-03-31
18:40:05.204  [debug 18:40:5 ] 发送API请求: POST https://zsgl.lzlj.com/learn/app/clientapi/personal/statistics/queryUserPointPercent.do?os=99&sid=F76FB3D332BB4D4D8F5F3EE25814DBF6
18:40:05.221  [debug 18:40:5 ] API响应成功: {body: {…}, code: '0', file: null, message: '成功', user: null}
18:40:05.222  [debug 18:40:5 ] 知识分享成功，第201次调用，累积积分: 3/70
18:40:05.222  [debug 18:40:5 ] 获取知识分享: pageId=6d424ae30d064ae38560868164bbdec4
18:40:05.222  [debug 18:40:5 ] 发送API请求: GET https://zsgl.lzlj.com/learn/app/clientapi/knowledge/cloud/page/like/isShareOut.do?pageId=6d424ae30d064ae38560868164bbdec4&shareOutType=&sid=F76FB3D332BB4D4D8F5F3EE25814DBF6&os=99
18:40:05.368  [debug 18:40:5 ] API响应成功: {body: {…}, code: '0', file: null, message: '成功', user: null}
18:40:05.369  [debug 18:40:5 ] 知识分享成功，第202次调用，累积积分: 3.6/70
18:40:05.369  [debug 18:40:5 ] 获取知识分享: pageId=6d424ae30d064ae38560868164bbdec4
18:40:05.370  [debug 18:40:5 ] 发送API请求: GET https://zsgl.lzlj.com/learn/app/clientapi/knowledge/cloud/page/like/isShareOut.do?pageId=6d424ae30d064ae38560868164bbdec4&shareOutType=&sid=F76FB3D332BB4D4D8F5F3EE25814DBF6&os=99
18:40:05.480  [debug 18:40:5 ] API响应成功: {body: Array(4), code: '0', file: null, message: '成功', user: null}
18:40:05.481  [debug 18:40:5 ] 积分项: 知识被阅读 (knowledge_read_point) = 20
18:40:05.481  [debug 18:40:5 ] 更新贡献积分: 20
18:40:05.481  [debug 18:40:5 ] 积分项: 知识被分享 (knowledge_shared) = 20
18:40:05.482  [debug 18:40:5 ] 更新互动积分: 20
18:40:05.482  [debug 18:40:5 ] 积分项: 学习课程 (24E2D4D119E74B76AC349FA12A0B646C) = 8
18:40:05.482  [debug 18:40:5 ] 更新学习积分（学习课程）: +8，当前: 8
18:40:05.482  [debug 18:40:5 ] 积分项: 知识分享 (knowledge_sharing) = 10
18:40:05.482  [debug 18:40:5 ] 更新互动积分: 30
18:40:05.483  [warn 18:40:5 ] 积分无变化，连续无变化次数: 40/2
Warn @ webpack://cxmooc-too…l/utils/log.ts?:197
updatePointsStateFromApi @ webpack://cxmooc-too…dailyPoints.ts?:505
eval @ webpack://cxmooc-too…ailyPoints.ts?:1041
fulfilled @ webpack://cxmooc-too…l/dailyPoints.ts?:5
Promise.then
step @ webpack://cxmooc-too…l/dailyPoints.ts?:7
fulfilled @ webpack://cxmooc-too…l/dailyPoints.ts?:5
Promise.then
step @ webpack://cxmooc-too…l/dailyPoints.ts?:7
fulfilled @ webpack://cxmooc-too…l/dailyPoints.ts?:5
Promise.then
step @ webpack://cxmooc-too…l/dailyPoints.ts?:7
fulfilled @ webpack://cxmooc-too…l/dailyPoints.ts?:5
Promise.then
step @ webpack://cxmooc-too…l/dailyPoints.ts?:7
fulfilled @ webpack://cxmooc-too…l/dailyPoints.ts?:5
Promise.then
step @ webpack://cxmooc-too…l/dailyPoints.ts?:7
fulfilled @ webpack://cxmooc-too…l/dailyPoints.ts?:5
Promise.then
step @ webpack://cxmooc-too…l/dailyPoints.ts?:7
fulfilled @ webpack://cxmooc-too…l/dailyPoints.ts?:5
Promise.then
step @ webpack://cxmooc-too…l/dailyPoints.ts?:7
fulfilled @ webpack://cxmooc-too…l/dailyPoints.ts?:5
Promise.then
step @ webpack://cxmooc-too…l/dailyPoints.ts?:7
fulfilled @ webpack://cxmooc-too…l/dailyPoints.ts?:5
Promise.then
step @ webpack://cxmooc-too…l/dailyPoints.ts?:7
fulfilled @ webpack://cxmooc-too…l/dailyPoints.ts?:5
Promise.then
step @ webpack://cxmooc-too…l/dailyPoints.ts?:7
fulfilled @ webpack://cxmooc-too…l/dailyPoints.ts?:5
Promise.then
step @ webpack://cxmooc-too…l/dailyPoints.ts?:7
fulfilled @ webpack://cxmooc-too…l/dailyPoints.ts?:5
Promise.then
step @ webpack://cxmooc-too…l/dailyPoints.ts?:7
fulfilled @ webpack://cxmooc-too…l/dailyPoints.ts?:5
Promise.then
step @ webpack://cxmooc-too…l/dailyPoints.ts?:7
fulfilled @ webpack://cxmooc-too…l/dailyPoints.ts?:5
Promise.then
step @ webpack://cxmooc-too…l/dailyPoints.ts?:7
fulfilled @ webpack://cxmooc-too…l/dailyPoints.ts?:5
Promise.then
step @ webpack://cxmooc-too…l/dailyPoints.ts?:7
fulfilled @ webpack://cxmooc-too…l/dailyPoints.ts?:5
Promise.then
step @ webpack://cxmooc-too…l/dailyPoints.ts?:7
fulfilled @ webpack://cxmooc-too…l/dailyPoints.ts?:5
Promise.then
step @ webpack://cxmooc-too…l/dailyPoints.ts?:7
fulfilled @ webpack://cxmooc-too…l/dailyPoints.ts?:5
Promise.then
step @ webpack://cxmooc-too…l/dailyPoints.ts?:7
fulfilled @ webpack://cxmooc-too…l/dailyPoints.ts?:5
Promise.then
step @ webpack://cxmooc-too…l/dailyPoints.ts?:7
fulfilled @ webpack://cxmooc-too…l/dailyPoints.ts?:5
Promise.then
step @ webpack://cxmooc-too…l/dailyPoints.ts?:7
fulfilled @ webpack://cxmooc-too…l/dailyPoints.ts?:5
Promise.then
step @ webpack://cxmooc-too…l/dailyPoints.ts?:7
fulfilled @ webpack://cxmooc-too…l/dailyPoints.ts?:5
Promise.then
step @ webpack://cxmooc-too…l/dailyPoints.ts?:7
fulfilled @ webpack://cxmooc-too…l/dailyPoints.ts?:5
Promise.then
step @ webpack://cxmooc-too…l/dailyPoints.ts?:7
fulfilled @ webpack://cxmooc-too…l/dailyPoints.ts?:5
Promise.then
step @ webpack://cxmooc-too…l/dailyPoints.ts?:7
fulfilled @ webpack://cxmooc-too…l/dailyPoints.ts?:5
Promise.then
step @ webpack://cxmooc-too…l/dailyPoints.ts?:7
fulfilled @ webpack://cxmooc-too…l/dailyPoints.ts?:5
Promise.then
step @ webpack://cxmooc-too…l/dailyPoints.ts?:7
fulfilled @ webpack://cxmooc-too…l/dailyPoints.ts?:5
Promise.then
step @ webpack://cxmooc-too…l/dailyPoints.ts?:7
fulfilled @ webpack://cxmooc-too…l/dailyPoints.ts?:5
Promise.then
step @ webpack://cxmooc-too…l/dailyPoints.ts?:7
fulfilled @ webpack://cxmooc-too…l/dailyPoints.ts?:5
Promise.then
step @ webpack://cxmooc-too…l/dailyPoints.ts?:7
fulfilled @ webpack://cxmooc-too…l/dailyPoints.ts?:5
Promise.then
step @ webpack://cxmooc-too…l/dailyPoints.ts?:7
fulfilled @ webpack://cxmooc-too…l/dailyPoints.ts?:5
Promise.then
step @ webpack://cxmooc-too…l/dailyPoints.ts?:7
fulfilled @ webpack://cxmooc-too…l/dailyPoints.ts?:5
Promise.then
step @ webpack://cxmooc-too…l/dailyPoints.ts?:7
fulfilled @ webpack://cxmooc-too…l/dailyPoints.ts?:5
18:40:05.483  [warn 18:40:5 ] [任务切换] 正在切换中，跳过重复调用
Warn @ webpack://cxmooc-too…l/utils/log.ts?:197
eval @ webpack://cxmooc-too…dailyPoints.ts?:521
eval @ webpack://cxmooc-too…l/dailyPoints.ts?:8
__awaiter @ webpack://cxmooc-too…l/dailyPoints.ts?:4
switchToNextTask @ webpack://cxmooc-too…dailyPoints.ts?:519
updatePointsStateFromApi @ webpack://cxmooc-too…dailyPoints.ts?:508
eval @ webpack://cxmooc-too…ailyPoints.ts?:1041
fulfilled @ webpack://cxmooc-too…l/dailyPoints.ts?:5
Promise.then
step @ webpack://cxmooc-too…l/dailyPoints.ts?:7
fulfilled @ webpack://cxmooc-too…l/dailyPoints.ts?:5
Promise.then
step @ webpack://cxmooc-too…l/dailyPoints.ts?:7
fulfilled @ webpack://cxmooc-too…l/dailyPoints.ts?:5
Promise.then
step @ webpack://cxmooc-too…l/dailyPoints.ts?:7
fulfilled @ webpack://cxmooc-too…l/dailyPoints.ts?:5
Promise.then
step @ webpack://cxmooc-too…l/dailyPoints.ts?:7
fulfilled @ webpack://cxmooc-too…l/dailyPoints.ts?:5
Promise.then
step @ webpack://cxmooc-too…l/dailyPoints.ts?:7
fulfilled @ webpack://cxmooc-too…l/dailyPoints.ts?:5
Promise.then
step @ webpack://cxmooc-too…l/dailyPoints.ts?:7
fulfilled @ webpack://cxmooc-too…l/dailyPoints.ts?:5
Promise.then
step @ webpack://cxmooc-too…l/dailyPoints.ts?:7
fulfilled @ webpack://cxmooc-too…l/dailyPoints.ts?:5
Promise.then
step @ webpack://cxmooc-too…l/dailyPoints.ts?:7
fulfilled @ webpack://cxmooc-too…l/dailyPoints.ts?:5
Promise.then
step @ webpack://cxmooc-too…l/dailyPoints.ts?:7
fulfilled @ webpack://cxmooc-too…l/dailyPoints.ts?:5
Promise.then
step @ webpack://cxmooc-too…l/dailyPoints.ts?:7
fulfilled @ webpack://cxmooc-too…l/dailyPoints.ts?:5
Promise.then
step @ webpack://cxmooc-too…l/dailyPoints.ts?:7
fulfilled @ webpack://cxmooc-too…l/dailyPoints.ts?:5
Promise.then
step @ webpack://cxmooc-too…l/dailyPoints.ts?:7
fulfilled @ webpack://cxmooc-too…l/dailyPoints.ts?:5
Promise.then
step @ webpack://cxmooc-too…l/dailyPoints.ts?:7
fulfilled @ webpack://cxmooc-too…l/dailyPoints.ts?:5
Promise.then
step @ webpack://cxmooc-too…l/dailyPoints.ts?:7
fulfilled @ webpack://cxmooc-too…l/dailyPoints.ts?:5
Promise.then
step @ webpack://cxmooc-too…l/dailyPoints.ts?:7
fulfilled @ webpack://cxmooc-too…l/dailyPoints.ts?:5
Promise.then
step @ webpack://cxmooc-too…l/dailyPoints.ts?:7
fulfilled @ webpack://cxmooc-too…l/dailyPoints.ts?:5
Promise.then
step @ webpack://cxmooc-too…l/dailyPoints.ts?:7
fulfilled @ webpack://cxmooc-too…l/dailyPoints.ts?:5
Promise.then
step @ webpack://cxmooc-too…l/dailyPoints.ts?:7
fulfilled @ webpack://cxmooc-too…l/dailyPoints.ts?:5
Promise.then
step @ webpack://cxmooc-too…l/dailyPoints.ts?:7
fulfilled @ webpack://cxmooc-too…l/dailyPoints.ts?:5
Promise.then
step @ webpack://cxmooc-too…l/dailyPoints.ts?:7
fulfilled @ webpack://cxmooc-too…l/dailyPoints.ts?:5
Promise.then
step @ webpack://cxmooc-too…l/dailyPoints.ts?:7
fulfilled @ webpack://cxmooc-too…l/dailyPoints.ts?:5
Promise.then
step @ webpack://cxmooc-too…l/dailyPoints.ts?:7
fulfilled @ webpack://cxmooc-too…l/dailyPoints.ts?:5
Promise.then
step @ webpack://cxmooc-too…l/dailyPoints.ts?:7
fulfilled @ webpack://cxmooc-too…l/dailyPoints.ts?:5
Promise.then
step @ webpack://cxmooc-too…l/dailyPoints.ts?:7
fulfilled @ webpack://cxmooc-too…l/dailyPoints.ts?:5
Promise.then
step @ webpack://cxmooc-too…l/dailyPoints.ts?:7
fulfilled @ webpack://cxmooc-too…l/dailyPoints.ts?:5
Promise.then
step @ webpack://cxmooc-too…l/dailyPoints.ts?:7
fulfilled @ webpack://cxmooc-too…l/dailyPoints.ts?:5
Promise.then
step @ webpack://cxmooc-too…l/dailyPoints.ts?:7
fulfilled @ webpack://cxmooc-too…l/dailyPoints.ts?:5
Promise.then
step @ webpack://cxmooc-too…l/dailyPoints.ts?:7
fulfilled @ webpack://cxmooc-too…l/dailyPoints.ts?:5
Promise.then
step @ webpack://cxmooc-too…l/dailyPoints.ts?:7
fulfilled @ webpack://cxmooc-too…l/dailyPoints.ts?:5
Promise.then
step @ webpack://cxmooc-too…l/dailyPoints.ts?:7
fulfilled @ webpack://cxmooc-too…l/dailyPoints.ts?:5
Promise.then
step @ webpack://cxmooc-too…l/dailyPoints.ts?:7
fulfilled @ webpack://cxmooc-too…l/dailyPoints.ts?:5
Promise.then
step @ webpack://cxmooc-too…l/dailyPoints.ts?:7
fulfilled @ webpack://cxmooc-too…l/dailyPoints.ts?:5
18:40:05.484  [debug 18:40:5 ] 获取知识分享: pageId=6d424ae30d064ae38560868164bbdec4
18:40:05.484  [debug 18:40:5 ] 发送API请求: GET https://zsgl.lzlj.com/learn/app/clientapi/knowledge/cloud/page/like/isShareOut.do?pageId=6d424ae30d064ae38560868164bbdec4&shareOutType=&sid=F76FB3D332BB4D4D8F5F3EE25814DBF6&os=99
18:40:05.492  [每日积分] panel: 收到页面消息1 {type: 'POINTS_UPDATED', data: {…}}
18:40:05.493  [每日积分] panel: 处理POINTS_UPDATED {learning: {…}, contribution: {…}, interaction: {…}}
18:40:05.518  [debug 18:40:5 ] API响应成功: {body: {…}, code: '0', file: null, message: '成功', user: null}
18:40:05.518  [debug 18:40:5 ] 知识分享成功，第203次调用，累积积分: 0.6/70
18:40:05.519  [debug 18:40:5 ] 获取知识分享: pageId=6d424ae30d064ae38560868164bbdec4
18:40:05.519  [debug 18:40:5 ] 发送API请求: GET https://zsgl.lzlj.com/learn/app/clientapi/knowledge/cloud/page/like/isShareOut.do?pageId=6d424ae30d064ae38560868164bbdec4&shareOutType=&sid=F76FB3D332BB4D4D8F5F3EE25814DBF6&os=99
18:40:05.640  [debug 18:40:5 ] API响应成功: {body: {…}, code: '0', file: null, message: '成功', user: null}
18:40:05.640  [debug 18:40:5 ] 知识分享成功，第204次调用，累积积分: 1.2/70
18:40:05.641  [debug 18:40:5 ] 获取知识分享: pageId=6d424ae30d064ae38560868164bbdec4
18:40:05.641  [debug 18:40:5 ] 发送API请求: GET https://zsgl.lzlj.com/learn/app/clientapi/knowledge/cloud/page/like/isShareOut.do?pageId=6d424ae30d064ae38560868164bbdec4&shareOutType=&sid=F76FB3D332BB4D4D8F5F3EE25814DBF6&os=99
18:40:05.650  [debug 18:40:5 ] API响应成功: {body: {…}, code: '0', file: null, message: '成功', user: null}
18:40:05.651  [debug 18:40:5 ] 知识分享成功，第205次调用，累积积分: 1.7999999999999998/70
18:40:05.652  [debug 18:40:5 ] 获取积分详情: 2026-03-16 ~ 2026-03-31
18:40:05.652  [debug 18:40:5 ] 发送API请求: POST https://zsgl.lzlj.com/learn/app/clientapi/personal/statistics/queryUserPointPercent.do?os=99&sid=F76FB3D332BB4D4D8F5F3EE25814DBF6
18:40:05.760  [debug 18:40:5 ] API响应成功: {body: {…}, code: '0', file: null, message: '成功', user: null}
18:40:05.760  [debug 18:40:5 ] 知识分享成功，第206次调用，累积积分: 2.4/70
18:40:05.761  [debug 18:40:5 ] 获取知识分享: pageId=6d424ae30d064ae38560868164bbdec4
18:40:05.761  [debug 18:40:5 ] 发送API请求: GET https://zsgl.lzlj.com/learn/app/clientapi/knowledge/cloud/page/like/isShareOut.do?pageId=6d424ae30d064ae38560868164bbdec4&shareOutType=&sid=F76FB3D332BB4D4D8F5F3EE25814DBF6&os=99
18:40:05.926  [debug 18:40:5 ] API响应成功: {body: {…}, code: '0', file: null, message: '成功', user: null}
18:40:05.927  [debug 18:40:5 ] 知识分享成功，第207次调用，累积积分: 3/70
18:40:05.927  [debug 18:40:5 ] 获取知识分享: pageId=6d424ae30d064ae38560868164bbdec4
18:40:05.928  [debug 18:40:5 ] 发送API请求: GET https://zsgl.lzlj.com/learn/app/clientapi/knowledge/cloud/page/like/isShareOut.do?pageId=6d424ae30d064ae38560868164bbdec4&shareOutType=&sid=F76FB3D332BB4D4D8F5F3EE25814DBF6&os=99
18:40:05.937  [debug 18:40:5 ] API响应成功: {body: Array(4), code: '0', file: null, message: '成功', user: null}
18:40:05.937  [debug 18:40:5 ] 积分项: 知识被阅读 (knowledge_read_point) = 20
18:40:05.938  [debug 18:40:5 ] 更新贡献积分: 20
18:40:05.938  [debug 18:40:5 ] 积分项: 知识被分享 (knowledge_shared) = 20
18:40:05.938  [debug 18:40:5 ] 更新互动积分: 20
18:40:05.938  [debug 18:40:5 ] 积分项: 学习课程 (24E2D4D119E74B76AC349FA12A0B646C) = 8
18:40:05.939  [debug 18:40:5 ] 更新学习积分（学习课程）: +8，当前: 8
18:40:05.939  [debug 18:40:5 ] 积分项: 知识分享 (knowledge_sharing) = 10
18:40:05.939  [debug 18:40:5 ] 更新互动积分: 30
18:40:05.939  [warn 18:40:5 ] 积分无变化，连续无变化次数: 41/2
Warn @ webpack://cxmooc-too…l/utils/log.ts?:197
updatePointsStateFromApi @ webpack://cxmooc-too…dailyPoints.ts?:505
eval @ webpack://cxmooc-too…ailyPoints.ts?:1041
fulfilled @ webpack://cxmooc-too…l/dailyPoints.ts?:5
Promise.then
step @ webpack://cxmooc-too…l/dailyPoints.ts?:7
fulfilled @ webpack://cxmooc-too…l/dailyPoints.ts?:5
Promise.then
step @ webpack://cxmooc-too…l/dailyPoints.ts?:7
fulfilled @ webpack://cxmooc-too…l/dailyPoints.ts?:5
Promise.then
step @ webpack://cxmooc-too…l/dailyPoints.ts?:7
fulfilled @ webpack://cxmooc-too…l/dailyPoints.ts?:5
Promise.then
step @ webpack://cxmooc-too…l/dailyPoints.ts?:7
fulfilled @ webpack://cxmooc-too…l/dailyPoints.ts?:5
Promise.then
step @ webpack://cxmooc-too…l/dailyPoints.ts?:7
fulfilled @ webpack://cxmooc-too…l/dailyPoints.ts?:5
Promise.then
step @ webpack://cxmooc-too…l/dailyPoints.ts?:7
fulfilled @ webpack://cxmooc-too…l/dailyPoints.ts?:5
Promise.then
step @ webpack://cxmooc-too…l/dailyPoints.ts?:7
fulfilled @ webpack://cxmooc-too…l/dailyPoints.ts?:5
Promise.then
step @ webpack://cxmooc-too…l/dailyPoints.ts?:7
fulfilled @ webpack://cxmooc-too…l/dailyPoints.ts?:5
Promise.then
step @ webpack://cxmooc-too…l/dailyPoints.ts?:7
fulfilled @ webpack://cxmooc-too…l/dailyPoints.ts?:5
Promise.then
step @ webpack://cxmooc-too…l/dailyPoints.ts?:7
fulfilled @ webpack://cxmooc-too…l/dailyPoints.ts?:5
Promise.then
step @ webpack://cxmooc-too…l/dailyPoints.ts?:7
fulfilled @ webpack://cxmooc-too…l/dailyPoints.ts?:5
Promise.then
step @ webpack://cxmooc-too…l/dailyPoints.ts?:7
fulfilled @ webpack://cxmooc-too…l/dailyPoints.ts?:5
Promise.then
step @ webpack://cxmooc-too…l/dailyPoints.ts?:7
fulfilled @ webpack://cxmooc-too…l/dailyPoints.ts?:5
Promise.then
step @ webpack://cxmooc-too…l/dailyPoints.ts?:7
fulfilled @ webpack://cxmooc-too…l/dailyPoints.ts?:5
Promise.then
step @ webpack://cxmooc-too…l/dailyPoints.ts?:7
fulfilled @ webpack://cxmooc-too…l/dailyPoints.ts?:5
Promise.then
step @ webpack://cxmooc-too…l/dailyPoints.ts?:7
fulfilled @ webpack://cxmooc-too…l/dailyPoints.ts?:5
Promise.then
step @ webpack://cxmooc-too…l/dailyPoints.ts?:7
fulfilled @ webpack://cxmooc-too…l/dailyPoints.ts?:5
Promise.then
step @ webpack://cxmooc-too…l/dailyPoints.ts?:7
fulfilled @ webpack://cxmooc-too…l/dailyPoints.ts?:5
Promise.then
step @ webpack://cxmooc-too…l/dailyPoints.ts?:7
fulfilled @ webpack://cxmooc-too…l/dailyPoints.ts?:5
Promise.then
step @ webpack://cxmooc-too…l/dailyPoints.ts?:7
fulfilled @ webpack://cxmooc-too…l/dailyPoints.ts?:5
Promise.then
step @ webpack://cxmooc-too…l/dailyPoints.ts?:7
fulfilled @ webpack://cxmooc-too…l/dailyPoints.ts?:5
Promise.then
step @ webpack://cxmooc-too…l/dailyPoints.ts?:7
fulfilled @ webpack://cxmooc-too…l/dailyPoints.ts?:5
Promise.then
step @ webpack://cxmooc-too…l/dailyPoints.ts?:7
fulfilled @ webpack://cxmooc-too…l/dailyPoints.ts?:5
Promise.then
step @ webpack://cxmooc-too…l/dailyPoints.ts?:7
fulfilled @ webpack://cxmooc-too…l/dailyPoints.ts?:5
Promise.then
step @ webpack://cxmooc-too…l/dailyPoints.ts?:7
fulfilled @ webpack://cxmooc-too…l/dailyPoints.ts?:5
Promise.then
step @ webpack://cxmooc-too…l/dailyPoints.ts?:7
fulfilled @ webpack://cxmooc-too…l/dailyPoints.ts?:5
Promise.then
step @ webpack://cxmooc-too…l/dailyPoints.ts?:7
fulfilled @ webpack://cxmooc-too…l/dailyPoints.ts?:5
Promise.then
step @ webpack://cxmooc-too…l/dailyPoints.ts?:7
fulfilled @ webpack://cxmooc-too…l/dailyPoints.ts?:5
Promise.then
step @ webpack://cxmooc-too…l/dailyPoints.ts?:7
fulfilled @ webpack://cxmooc-too…l/dailyPoints.ts?:5
Promise.then
step @ webpack://cxmooc-too…l/dailyPoints.ts?:7
fulfilled @ webpack://cxmooc-too…l/dailyPoints.ts?:5
Promise.then
step @ webpack://cxmooc-too…l/dailyPoints.ts?:7
fulfilled @ webpack://cxmooc-too…l/dailyPoints.ts?:5
Promise.then
step @ webpack://cxmooc-too…l/dailyPoints.ts?:7
fulfilled @ webpack://cxmooc-too…l/dailyPoints.ts?:5
18:40:05.940  [warn 18:40:5 ] [任务切换] 正在切换中，跳过重复调用
Warn @ webpack://cxmooc-too…l/utils/log.ts?:197
eval @ webpack://cxmooc-too…dailyPoints.ts?:521
eval @ webpack://cxmooc-too…l/dailyPoints.ts?:8
__awaiter @ webpack://cxmooc-too…l/dailyPoints.ts?:4
switchToNextTask @ webpack://cxmooc-too…dailyPoints.ts?:519
updatePointsStateFromApi @ webpack://cxmooc-too…dailyPoints.ts?:508
eval @ webpack://cxmooc-too…ailyPoints.ts?:1041
fulfilled @ webpack://cxmooc-too…l/dailyPoints.ts?:5
Promise.then
step @ webpack://cxmooc-too…l/dailyPoints.ts?:7
fulfilled @ webpack://cxmooc-too…l/dailyPoints.ts?:5
Promise.then
step @ webpack://cxmooc-too…l/dailyPoints.ts?:7
fulfilled @ webpack://cxmooc-too…l/dailyPoints.ts?:5
Promise.then
step @ webpack://cxmooc-too…l/dailyPoints.ts?:7
fulfilled @ webpack://cxmooc-too…l/dailyPoints.ts?:5
Promise.then
step @ webpack://cxmooc-too…l/dailyPoints.ts?:7
fulfilled @ webpack://cxmooc-too…l/dailyPoints.ts?:5
Promise.then
step @ webpack://cxmooc-too…l/dailyPoints.ts?:7
fulfilled @ webpack://cxmooc-too…l/dailyPoints.ts?:5
Promise.then
step @ webpack://cxmooc-too…l/dailyPoints.ts?:7
fulfilled @ webpack://cxmooc-too…l/dailyPoints.ts?:5
Promise.then
step @ webpack://cxmooc-too…l/dailyPoints.ts?:7
fulfilled @ webpack://cxmooc-too…l/dailyPoints.ts?:5
Promise.then
step @ webpack://cxmooc-too…l/dailyPoints.ts?:7
fulfilled @ webpack://cxmooc-too…l/dailyPoints.ts?:5
Promise.then
step @ webpack://cxmooc-too…l/dailyPoints.ts?:7
fulfilled @ webpack://cxmooc-too…l/dailyPoints.ts?:5
Promise.then
step @ webpack://cxmooc-too…l/dailyPoints.ts?:7
fulfilled @ webpack://cxmooc-too…l/dailyPoints.ts?:5
Promise.then
step @ webpack://cxmooc-too…l/dailyPoints.ts?:7
fulfilled @ webpack://cxmooc-too…l/dailyPoints.ts?:5
Promise.then
step @ webpack://cxmooc-too…l/dailyPoints.ts?:7
fulfilled @ webpack://cxmooc-too…l/dailyPoints.ts?:5
Promise.then
step @ webpack://cxmooc-too…l/dailyPoints.ts?:7
fulfilled @ webpack://cxmooc-too…l/dailyPoints.ts?:5
Promise.then
step @ webpack://cxmooc-too…l/dailyPoints.ts?:7
fulfilled @ webpack://cxmooc-too…l/dailyPoints.ts?:5
Promise.then
step @ webpack://cxmooc-too…l/dailyPoints.ts?:7
fulfilled @ webpack://cxmooc-too…l/dailyPoints.ts?:5
Promise.then
step @ webpack://cxmooc-too…l/dailyPoints.ts?:7
fulfilled @ webpack://cxmooc-too…l/dailyPoints.ts?:5
Promise.then
step @ webpack://cxmooc-too…l/dailyPoints.ts?:7
fulfilled @ webpack://cxmooc-too…l/dailyPoints.ts?:5
Promise.then
step @ webpack://cxmooc-too…l/dailyPoints.ts?:7
fulfilled @ webpack://cxmooc-too…l/dailyPoints.ts?:5
Promise.then
step @ webpack://cxmooc-too…l/dailyPoints.ts?:7
fulfilled @ webpack://cxmooc-too…l/dailyPoints.ts?:5
Promise.then
step @ webpack://cxmooc-too…l/dailyPoints.ts?:7
fulfilled @ webpack://cxmooc-too…l/dailyPoints.ts?:5
Promise.then
step @ webpack://cxmooc-too…l/dailyPoints.ts?:7
fulfilled @ webpack://cxmooc-too…l/dailyPoints.ts?:5
Promise.then
step @ webpack://cxmooc-too…l/dailyPoints.ts?:7
fulfilled @ webpack://cxmooc-too…l/dailyPoints.ts?:5
Promise.then
step @ webpack://cxmooc-too…l/dailyPoints.ts?:7
fulfilled @ webpack://cxmooc-too…l/dailyPoints.ts?:5
Promise.then
step @ webpack://cxmooc-too…l/dailyPoints.ts?:7
fulfilled @ webpack://cxmooc-too…l/dailyPoints.ts?:5
Promise.then
step @ webpack://cxmooc-too…l/dailyPoints.ts?:7
fulfilled @ webpack://cxmooc-too…l/dailyPoints.ts?:5
Promise.then
step @ webpack://cxmooc-too…l/dailyPoints.ts?:7
fulfilled @ webpack://cxmooc-too…l/dailyPoints.ts?:5
Promise.then
step @ webpack://cxmooc-too…l/dailyPoints.ts?:7
fulfilled @ webpack://cxmooc-too…l/dailyPoints.ts?:5
Promise.then
step @ webpack://cxmooc-too…l/dailyPoints.ts?:7
fulfilled @ webpack://cxmooc-too…l/dailyPoints.ts?:5
Promise.then
step @ webpack://cxmooc-too…l/dailyPoints.ts?:7
fulfilled @ webpack://cxmooc-too…l/dailyPoints.ts?:5
Promise.then
step @ webpack://cxmooc-too…l/dailyPoints.ts?:7
fulfilled @ webpack://cxmooc-too…l/dailyPoints.ts?:5
Promise.then
step @ webpack://cxmooc-too…l/dailyPoints.ts?:7
fulfilled @ webpack://cxmooc-too…l/dailyPoints.ts?:5
Promise.then
step @ webpack://cxmooc-too…l/dailyPoints.ts?:7
fulfilled @ webpack://cxmooc-too…l/dailyPoints.ts?:5
18:40:05.940  [debug 18:40:5 ] 获取知识分享: pageId=6d424ae30d064ae38560868164bbdec4
18:40:05.940  [debug 18:40:5 ] 发送API请求: GET https://zsgl.lzlj.com/learn/app/clientapi/knowledge/cloud/page/like/isShareOut.do?pageId=6d424ae30d064ae38560868164bbdec4&shareOutType=&sid=F76FB3D332BB4D4D8F5F3EE25814DBF6&os=99
18:40:05.941  [每日积分] panel: 收到页面消息1 {type: 'POINTS_UPDATED', data: {…}}
18:40:05.941  [每日积分] panel: 处理POINTS_UPDATED {learning: {…}, contribution: {…}, interaction: {…}}
18:40:06.051  [debug 18:40:6 ] API响应成功: {body: {…}, code: '0', file: null, message: '成功', user: null}
18:40:06.052  [debug 18:40:6 ] 知识分享成功，第208次调用，累积积分: 0.6/70
18:40:06.052  [debug 18:40:6 ] 获取知识分享: pageId=6d424ae30d064ae38560868164bbdec4
18:40:06.053  [debug 18:40:6 ] 发送API请求: GET https://zsgl.lzlj.com/learn/app/clientapi/knowledge/cloud/page/like/isShareOut.do?pageId=6d424ae30d064ae38560868164bbdec4&shareOutType=&sid=F76FB3D332BB4D4D8F5F3EE25814DBF6&os=99
18:40:06.084  [debug 18:40:6 ] API响应成功: {body: {…}, code: '0', file: null, message: '成功', user: null}
18:40:06.085  [debug 18:40:6 ] 知识分享成功，第209次调用，累积积分: 1.2/70
18:40:06.085  [debug 18:40:6 ] 获取知识分享: pageId=6d424ae30d064ae38560868164bbdec4
18:40:06.086  [debug 18:40:6 ] 发送API请求: GET https://zsgl.lzlj.com/learn/app/clientapi/knowledge/cloud/page/like/isShareOut.do?pageId=6d424ae30d064ae38560868164bbdec4&shareOutType=&sid=F76FB3D332BB4D4D8F5F3EE25814DBF6&os=99
18:40:06.208  [debug 18:40:6 ] API响应成功: {body: {…}, code: '0', file: null, message: '成功', user: null}
18:40:06.209  [debug 18:40:6 ] 知识分享成功，第210次调用，累积积分: 1.7999999999999998/70
18:40:06.209  [debug 18:40:6 ] 获取积分详情: 2026-03-16 ~ 2026-03-31
18:40:06.210  [debug 18:40:6 ] 发送API请求: POST https://zsgl.lzlj.com/learn/app/clientapi/personal/statistics/queryUserPointPercent.do?os=99&sid=F76FB3D332BB4D4D8F5F3EE25814DBF6
18:40:06.219  [debug 18:40:6 ] API响应成功: {body: {…}, code: '0', file: null, message: '成功', user: null}
18:40:06.220  [debug 18:40:6 ] 知识分享成功，第211次调用，累积积分: 2.4/70
18:40:06.220  [debug 18:40:6 ] 获取知识分享: pageId=6d424ae30d064ae38560868164bbdec4
18:40:06.220  [debug 18:40:6 ] 发送API请求: GET https://zsgl.lzlj.com/learn/app/clientapi/knowledge/cloud/page/like/isShareOut.do?pageId=6d424ae30d064ae38560868164bbdec4&shareOutType=&sid=F76FB3D332BB4D4D8F5F3EE25814DBF6&os=99
18:40:06.388  [debug 18:40:6 ] API响应成功: {body: {…}, code: '0', file: null, message: '成功', user: null}
18:40:06.389  [debug 18:40:6 ] 知识分享成功，第212次调用，累积积分: 3/70
18:40:06.390  [debug 18:40:6 ] 获取知识分享: pageId=6d424ae30d064ae38560868164bbdec4
18:40:06.391  [debug 18:40:6 ] 发送API请求: GET https://zsgl.lzlj.com/learn/app/clientapi/knowledge/cloud/page/like/isShareOut.do?pageId=6d424ae30d064ae38560868164bbdec4&shareOutType=&sid=F76FB3D332BB4D4D8F5F3EE25814DBF6&os=99
18:40:06.463 log.ts:179 [debug 18:40:6 ] API响应成功: {body: Array(4), code: '0', file: null, message: '成功', user: null}
18:40:06.464 log.ts:179 [debug 18:40:6 ] 积分项: 知识被阅读 (knowledge_read_point) = 20
18:40:06.464 log.ts:179 [debug 18:40:6 ] 更新贡献积分: 20
18:40:06.464 log.ts:179 [debug 18:40:6 ] 积分项: 知识被分享 (knowledge_shared) = 20
18:40:06.465 log.ts:179 [debug 18:40:6 ] 更新互动积分: 20
18:40:06.465 log.ts:179 [debug 18:40:6 ] 积分项: 学习课程 (24E2D4D119E74B76AC349FA12A0B646C) = 8
18:40:06.465 log.ts:179 [debug 18:40:6 ] 更新学习积分（学习课程）: +8，当前: 8
18:40:06.465 log.ts:179 [debug 18:40:6 ] 积分项: 知识分享 (knowledge_sharing) = 10
18:40:06.466 log.ts:179 [debug 18:40:6 ] 更新互动积分: 30
18:40:06.466 log.ts:197 [warn 18:40:6 ] 积分无变化，连续无变化次数: 42/2
Warn @ log.ts:197
updatePointsStateFromApi @ dailyPoints.ts:505
eval @ dailyPoints.ts:1041
fulfilled @ dailyPoints.ts:5
Promise.then
step @ dailyPoints.ts:7
fulfilled @ dailyPoints.ts:5
Promise.then
step @ dailyPoints.ts:7
fulfilled @ dailyPoints.ts:5
Promise.then
step @ dailyPoints.ts:7
fulfilled @ dailyPoints.ts:5
Promise.then
step @ dailyPoints.ts:7
fulfilled @ dailyPoints.ts:5
Promise.then
step @ dailyPoints.ts:7
fulfilled @ dailyPoints.ts:5
Promise.then
step @ dailyPoints.ts:7
fulfilled @ dailyPoints.ts:5
Promise.then
step @ dailyPoints.ts:7
fulfilled @ dailyPoints.ts:5
Promise.then
step @ dailyPoints.ts:7
fulfilled @ dailyPoints.ts:5
Promise.then
step @ dailyPoints.ts:7
fulfilled @ dailyPoints.ts:5
Promise.then
step @ dailyPoints.ts:7
fulfilled @ dailyPoints.ts:5
Promise.then
step @ dailyPoints.ts:7
fulfilled @ dailyPoints.ts:5
Promise.then
step @ dailyPoints.ts:7
fulfilled @ dailyPoints.ts:5
Promise.then
step @ dailyPoints.ts:7
fulfilled @ dailyPoints.ts:5
Promise.then
step @ dailyPoints.ts:7
fulfilled @ dailyPoints.ts:5
Promise.then
step @ dailyPoints.ts:7
fulfilled @ dailyPoints.ts:5
Promise.then
step @ dailyPoints.ts:7
fulfilled @ dailyPoints.ts:5
Promise.then
step @ dailyPoints.ts:7
fulfilled @ dailyPoints.ts:5
Promise.then
step @ dailyPoints.ts:7
fulfilled @ dailyPoints.ts:5
Promise.then
step @ dailyPoints.ts:7
fulfilled @ dailyPoints.ts:5
Promise.then
step @ dailyPoints.ts:7
fulfilled @ dailyPoints.ts:5
Promise.then
step @ dailyPoints.ts:7
fulfilled @ dailyPoints.ts:5
Promise.then
step @ dailyPoints.ts:7
fulfilled @ dailyPoints.ts:5
Promise.then
step @ dailyPoints.ts:7
fulfilled @ dailyPoints.ts:5
Promise.then
step @ dailyPoints.ts:7
fulfilled @ dailyPoints.ts:5
Promise.then
step @ dailyPoints.ts:7
fulfilled @ dailyPoints.ts:5
Promise.then
step @ dailyPoints.ts:7
fulfilled @ dailyPoints.ts:5
Promise.then
step @ dailyPoints.ts:7
fulfilled @ dailyPoints.ts:5
Promise.then
step @ dailyPoints.ts:7
fulfilled @ dailyPoints.ts:5
Promise.then
step @ dailyPoints.ts:7
fulfilled @ dailyPoints.ts:5
Promise.then
step @ dailyPoints.ts:7
fulfilled @ dailyPoints.ts:5
Promise.then
step @ dailyPoints.ts:7
fulfilled @ dailyPoints.ts:5
Promise.then
step @ dailyPoints.ts:7
fulfilled @ dailyPoints.ts:5
18:40:06.466 log.ts:197 [warn 18:40:6 ] [任务切换] 正在切换中，跳过重复调用
Warn @ log.ts:197
eval @ dailyPoints.ts:521
eval @ dailyPoints.ts:8
__awaiter @ dailyPoints.ts:4
switchToNextTask @ dailyPoints.ts:519
updatePointsStateFromApi @ dailyPoints.ts:508
eval @ dailyPoints.ts:1041
fulfilled @ dailyPoints.ts:5
Promise.then
step @ dailyPoints.ts:7
fulfilled @ dailyPoints.ts:5
Promise.then
step @ dailyPoints.ts:7
fulfilled @ dailyPoints.ts:5
Promise.then
step @ dailyPoints.ts:7
fulfilled @ dailyPoints.ts:5
Promise.then
step @ dailyPoints.ts:7
fulfilled @ dailyPoints.ts:5
Promise.then
step @ dailyPoints.ts:7
fulfilled @ dailyPoints.ts:5
Promise.then
step @ dailyPoints.ts:7
fulfilled @ dailyPoints.ts:5
Promise.then
step @ dailyPoints.ts:7
fulfilled @ dailyPoints.ts:5
Promise.then
step @ dailyPoints.ts:7
fulfilled @ dailyPoints.ts:5
Promise.then
step @ dailyPoints.ts:7
fulfilled @ dailyPoints.ts:5
Promise.then
step @ dailyPoints.ts:7
fulfilled @ dailyPoints.ts:5
Promise.then
step @ dailyPoints.ts:7
fulfilled @ dailyPoints.ts:5
Promise.then
step @ dailyPoints.ts:7
fulfilled @ dailyPoints.ts:5
Promise.then
step @ dailyPoints.ts:7
fulfilled @ dailyPoints.ts:5
Promise.then
step @ dailyPoints.ts:7
fulfilled @ dailyPoints.ts:5
Promise.then
step @ dailyPoints.ts:7
fulfilled @ dailyPoints.ts:5
Promise.then
step @ dailyPoints.ts:7
fulfilled @ dailyPoints.ts:5
Promise.then
step @ dailyPoints.ts:7
fulfilled @ dailyPoints.ts:5
Promise.then
step @ dailyPoints.ts:7
fulfilled @ dailyPoints.ts:5
Promise.then
step @ dailyPoints.ts:7
fulfilled @ dailyPoints.ts:5
Promise.then
step @ dailyPoints.ts:7
fulfilled @ dailyPoints.ts:5
Promise.then
step @ dailyPoints.ts:7
fulfilled @ dailyPoints.ts:5
Promise.then
step @ dailyPoints.ts:7
fulfilled @ dailyPoints.ts:5
Promise.then
step @ dailyPoints.ts:7
fulfilled @ dailyPoints.ts:5
Promise.then
step @ dailyPoints.ts:7
fulfilled @ dailyPoints.ts:5
Promise.then
step @ dailyPoints.ts:7
fulfilled @ dailyPoints.ts:5
Promise.then
step @ dailyPoints.ts:7
fulfilled @ dailyPoints.ts:5
Promise.then
step @ dailyPoints.ts:7
fulfilled @ dailyPoints.ts:5
Promise.then
step @ dailyPoints.ts:7
fulfilled @ dailyPoints.ts:5
Promise.then
step @ dailyPoints.ts:7
fulfilled @ dailyPoints.ts:5
Promise.then
step @ dailyPoints.ts:7
fulfilled @ dailyPoints.ts:5
Promise.then
step @ dailyPoints.ts:7
fulfilled @ dailyPoints.ts:5
Promise.then
step @ dailyPoints.ts:7
fulfilled @ dailyPoints.ts:5
18:40:06.467 log.ts:179 [debug 18:40:6 ] 获取知识分享: pageId=6d424ae30d064ae38560868164bbdec4
18:40:06.467 log.ts:179 [debug 18:40:6 ] 发送API请求: GET https://zsgl.lzlj.com/learn/app/clientapi/knowledge/cloud/page/like/isShareOut.do?pageId=6d424ae30d064ae38560868164bbdec4&shareOutType=&sid=F76FB3D332BB4D4D8F5F3EE25814DBF6&os=99
18:40:06.475 dailyPointsPanel.ts:323 [每日积分] panel: 收到页面消息1 {type: 'POINTS_UPDATED', data: {…}}
18:40:06.475 dailyPointsPanel.ts:337 [每日积分] panel: 处理POINTS_UPDATED {learning: {…}, contribution: {…}, interaction: {…}}
18:40:06.541 log.ts:179 [debug 18:40:6 ] API响应成功: {body: {…}, code: '0', file: null, message: '成功', user: null}
18:40:06.541 log.ts:179 [debug 18:40:6 ] 知识分享成功，第213次调用，累积积分: 0.6/70
18:40:06.542 log.ts:179 [debug 18:40:6 ] 获取知识分享: pageId=6d424ae30d064ae38560868164bbdec4
18:40:06.542 log.ts:179 [debug 18:40:6 ] 发送API请求: GET https://zsgl.lzlj.com/learn/app/clientapi/knowledge/cloud/page/like/isShareOut.do?pageId=6d424ae30d064ae38560868164bbdec4&shareOutType=&sid=F76FB3D332BB4D4D8F5F3EE25814DBF6&os=99
18:40:06.619 log.ts:179 [debug 18:40:6 ] API响应成功: {body: {…}, code: '0', file: null, message: '成功', user: null}
18:40:06.619 log.ts:179 [debug 18:40:6 ] 知识分享成功，第214次调用，累积积分: 1.2/70
18:40:06.620 log.ts:179 [debug 18:40:6 ] 获取知识分享: pageId=6d424ae30d064ae38560868164bbdec4
18:40:06.620 log.ts:179 [debug 18:40:6 ] 发送API请求: GET https://zsgl.lzlj.com/learn/app/clientapi/knowledge/cloud/page/like/isShareOut.do?pageId=6d424ae30d064ae38560868164bbdec4&shareOutType=&sid=F76FB3D332BB4D4D8F5F3EE25814DBF6&os=99
18:40:06.683 log.ts:179 [debug 18:40:6 ] API响应成功: {body: {…}, code: '0', file: null, message: '成功', user: null}
18:40:06.684 log.ts:179 [debug 18:40:6 ] 知识分享成功，第215次调用，累积积分: 1.7999999999999998/70
18:40:06.684 log.ts:179 [debug 18:40:6 ] 获取积分详情: 2026-03-16 ~ 2026-03-31
18:40:06.684 log.ts:179 [debug 18:40:6 ] 发送API请求: POST https://zsgl.lzlj.com/learn/app/clientapi/personal/statistics/queryUserPointPercent.do?os=99&sid=F76FB3D332BB4D4D8F5F3EE25814DBF6
18:40:06.771 log.ts:179 [debug 18:40:6 ] API响应成功: {body: {…}, code: '0', file: null, message: '成功', user: null}
18:40:06.772 log.ts:179 [debug 18:40:6 ] 知识分享成功，第216次调用，累积积分: 2.4/70
18:40:06.773 log.ts:179 [debug 18:40:6 ] 获取知识分享: pageId=6d424ae30d064ae38560868164bbdec4
18:40:06.773 log.ts:179 [debug 18:40:6 ] 发送API请求: GET https://zsgl.lzlj.com/learn/app/clientapi/knowledge/cloud/page/like/isShareOut.do?pageId=6d424ae30d064ae38560868164bbdec4&shareOutType=&sid=F76FB3D332BB4D4D8F5F3EE25814DBF6&os=99
18:40:06.925 log.ts:179 [debug 18:40:6 ] API响应成功: {body: {…}, code: '0', file: null, message: '成功', user: null}
18:40:06.926 log.ts:179 [debug 18:40:6 ] 知识分享成功，第217次调用，累积积分: 3/70
18:40:06.927 log.ts:179 [debug 18:40:6 ] 获取知识分享: pageId=6d424ae30d064ae38560868164bbdec4
18:40:06.927 log.ts:179 [debug 18:40:6 ] 发送API请求: GET https://zsgl.lzlj.com/learn/app/clientapi/knowledge/cloud/page/like/isShareOut.do?pageId=6d424ae30d064ae38560868164bbdec4&shareOutType=&sid=F76FB3D332BB4D4D8F5F3EE25814DBF6&os=99
18:40:06.992 log.ts:179 [debug 18:40:6 ] API响应成功: {body: Array(4), code: '0', file: null, message: '成功', user: null}
18:40:06.993 log.ts:179 [debug 18:40:6 ] 积分项: 知识被阅读 (knowledge_read_point) = 2000
18:40:06.994 log.ts:179 [debug 18:40:6 ] 更新贡献积分: 2000
18:40:06.994 log.ts:179 [debug 18:40:6 ] 积分项: 知识被分享 (knowledge_shared) = 2000
18:40:06.995 log.ts:179 [debug 18:40:6 ] 更新互动积分: 2000
18:40:06.996 log.ts:179 [debug 18:40:6 ] 积分项: 学习课程 (24E2D4D119E74B76AC349FA12A0B646C) = 8
18:40:06.997 log.ts:179 [debug 18:40:6 ] 更新学习积分（学习课程）: +8，当前: 8
18:40:06.997 log.ts:179 [debug 18:40:6 ] 积分项: 知识分享 (knowledge_sharing) = 10
18:40:06.997 log.ts:179 [debug 18:40:6 ] 更新互动积分: 2010
18:40:06.999 log.ts:179 [debug 18:40:6 ] 互动积分已达目标，停止知识分享任务
18:40:06.999 log.ts:179 [debug 18:40:6 ] 互动积分已达目标，知识分享任务完成
18:40:06.999 log.ts:197 [warn 18:40:6 ] [任务切换] 正在切换中，跳过重复调用
Warn @ log.ts:197
eval @ dailyPoints.ts:521
eval @ dailyPoints.ts:8
__awaiter @ dailyPoints.ts:4
switchToNextTask @ dailyPoints.ts:519
eval @ dailyPoints.ts:1070
fulfilled @ dailyPoints.ts:5
Promise.then
step @ dailyPoints.ts:7
fulfilled @ dailyPoints.ts:5
Promise.then
step @ dailyPoints.ts:7
fulfilled @ dailyPoints.ts:5
Promise.then
step @ dailyPoints.ts:7
fulfilled @ dailyPoints.ts:5
Promise.then
step @ dailyPoints.ts:7
fulfilled @ dailyPoints.ts:5
Promise.then
step @ dailyPoints.ts:7
fulfilled @ dailyPoints.ts:5
Promise.then
step @ dailyPoints.ts:7
fulfilled @ dailyPoints.ts:5
Promise.then
step @ dailyPoints.ts:7
fulfilled @ dailyPoints.ts:5
Promise.then
step @ dailyPoints.ts:7
fulfilled @ dailyPoints.ts:5
Promise.then
step @ dailyPoints.ts:7
fulfilled @ dailyPoints.ts:5
Promise.then
step @ dailyPoints.ts:7
fulfilled @ dailyPoints.ts:5
Promise.then
step @ dailyPoints.ts:7
fulfilled @ dailyPoints.ts:5
Promise.then
step @ dailyPoints.ts:7
fulfilled @ dailyPoints.ts:5
Promise.then
step @ dailyPoints.ts:7
fulfilled @ dailyPoints.ts:5
Promise.then
step @ dailyPoints.ts:7
fulfilled @ dailyPoints.ts:5
Promise.then
step @ dailyPoints.ts:7
fulfilled @ dailyPoints.ts:5
Promise.then
step @ dailyPoints.ts:7
fulfilled @ dailyPoints.ts:5
Promise.then
step @ dailyPoints.ts:7
fulfilled @ dailyPoints.ts:5
Promise.then
step @ dailyPoints.ts:7
fulfilled @ dailyPoints.ts:5
Promise.then
step @ dailyPoints.ts:7
fulfilled @ dailyPoints.ts:5
Promise.then
step @ dailyPoints.ts:7
fulfilled @ dailyPoints.ts:5
Promise.then
step @ dailyPoints.ts:7
fulfilled @ dailyPoints.ts:5
Promise.then
step @ dailyPoints.ts:7
fulfilled @ dailyPoints.ts:5
Promise.then
step @ dailyPoints.ts:7
fulfilled @ dailyPoints.ts:5
Promise.then
step @ dailyPoints.ts:7
fulfilled @ dailyPoints.ts:5
Promise.then
step @ dailyPoints.ts:7
fulfilled @ dailyPoints.ts:5
Promise.then
step @ dailyPoints.ts:7
fulfilled @ dailyPoints.ts:5
Promise.then
step @ dailyPoints.ts:7
fulfilled @ dailyPoints.ts:5
Promise.then
step @ dailyPoints.ts:7
fulfilled @ dailyPoints.ts:5
Promise.then
step @ dailyPoints.ts:7
fulfilled @ dailyPoints.ts:5
Promise.then
step @ dailyPoints.ts:7
fulfilled @ dailyPoints.ts:5
Promise.then
step @ dailyPoints.ts:7
fulfilled @ dailyPoints.ts:5
Promise.then
step @ dailyPoints.ts:7
fulfilled @ dailyPoints.ts:5
18:40:07.009 dailyPointsPanel.ts:323 [每日积分] panel: 收到页面消息1 {type: 'POINTS_UPDATED', data: {…}}
18:40:07.009 dailyPointsPanel.ts:337 [每日积分] panel: 处理POINTS_UPDATED {learning: {…}, contribution: {…}, interaction: {…}}
18:40:07.046 log.ts:179 [debug 18:40:7 ] API响应成功: {body: {…}, code: '0', file: null, message: '成功', user: null}
18:40:07.047 log.ts:179 [debug 18:40:7 ] 知识分享成功，第218次调用，累积积分: 0.6/0
18:40:07.047 log.ts:179 [debug 18:40:7 ] 互动积分已达目标，知识分享任务完成
18:40:07.047 log.ts:197 [warn 18:40:7 ] [任务切换] 正在切换中，跳过重复调用
Warn @ log.ts:197
eval @ dailyPoints.ts:521
eval @ dailyPoints.ts:8
__awaiter @ dailyPoints.ts:4
switchToNextTask @ dailyPoints.ts:519
eval @ dailyPoints.ts:1070
fulfilled @ dailyPoints.ts:5
Promise.then
step @ dailyPoints.ts:7
fulfilled @ dailyPoints.ts:5
Promise.then
step @ dailyPoints.ts:7
fulfilled @ dailyPoints.ts:5
Promise.then
step @ dailyPoints.ts:7
fulfilled @ dailyPoints.ts:5
Promise.then
step @ dailyPoints.ts:7
fulfilled @ dailyPoints.ts:5
Promise.then
step @ dailyPoints.ts:7
fulfilled @ dailyPoints.ts:5
Promise.then
step @ dailyPoints.ts:7
fulfilled @ dailyPoints.ts:5
Promise.then
step @ dailyPoints.ts:7
fulfilled @ dailyPoints.ts:5
Promise.then
step @ dailyPoints.ts:7
fulfilled @ dailyPoints.ts:5
Promise.then
step @ dailyPoints.ts:7
fulfilled @ dailyPoints.ts:5
Promise.then
step @ dailyPoints.ts:7
fulfilled @ dailyPoints.ts:5
Promise.then
step @ dailyPoints.ts:7
fulfilled @ dailyPoints.ts:5
Promise.then
step @ dailyPoints.ts:7
fulfilled @ dailyPoints.ts:5
Promise.then
step @ dailyPoints.ts:7
fulfilled @ dailyPoints.ts:5
Promise.then
step @ dailyPoints.ts:7
fulfilled @ dailyPoints.ts:5
Promise.then
step @ dailyPoints.ts:7
fulfilled @ dailyPoints.ts:5
Promise.then
step @ dailyPoints.ts:7
fulfilled @ dailyPoints.ts:5
Promise.then
step @ dailyPoints.ts:7
fulfilled @ dailyPoints.ts:5
Promise.then
step @ dailyPoints.ts:7
fulfilled @ dailyPoints.ts:5
Promise.then
step @ dailyPoints.ts:7
fulfilled @ dailyPoints.ts:5
Promise.then
step @ dailyPoints.ts:7
fulfilled @ dailyPoints.ts:5
Promise.then
step @ dailyPoints.ts:7
fulfilled @ dailyPoints.ts:5
Promise.then
step @ dailyPoints.ts:7
fulfilled @ dailyPoints.ts:5
Promise.then
step @ dailyPoints.ts:7
fulfilled @ dailyPoints.ts:5
Promise.then
step @ dailyPoints.ts:7
fulfilled @ dailyPoints.ts:5
Promise.then
step @ dailyPoints.ts:7
fulfilled @ dailyPoints.ts:5
Promise.then
step @ dailyPoints.ts:7
fulfilled @ dailyPoints.ts:5
Promise.then
step @ dailyPoints.ts:7
fulfilled @ dailyPoints.ts:5
Promise.then
step @ dailyPoints.ts:7
fulfilled @ dailyPoints.ts:5
Promise.then
step @ dailyPoints.ts:7
fulfilled @ dailyPoints.ts:5
Promise.then
step @ dailyPoints.ts:7
fulfilled @ dailyPoints.ts:5
Promise.then
step @ dailyPoints.ts:7
fulfilled @ dailyPoints.ts:5
Promise.then
step @ dailyPoints.ts:7
fulfilled @ dailyPoints.ts:5
18:40:18.469 dailyPointsPanel.ts:323 [每日积分] panel: 收到页面消息1 {tag: 'cxmooc-tools', conn_tag: 0.6309833441210604, msg: {…}, source: 'client'}
18:40:18.469 dailyPointsPanel.ts:323 [每日积分] panel: 收到页面消息1 {tag: 'cxmooc-tools', conn_tag: 0.2971436833584462, msg: {…}, source: 'client'}
18:40:59.168 log.ts:197 [warn 18:40:59 ] 请注意!最小化可能导致视频无法正常播放!允许切换窗口.
Warn @ log.ts:197
eval @ mooc.ts:59
18:42:18.923  [每日积分] panel: 收到页面消息1 {type: 'STOP_DAILY_POINTS'}
18:42:18.924  [每日积分] panel: 处理STOP_DAILY_POINTS
18:42:18.924  [每日积分] panel: stop方法被调用
18:42:18.924  [debug 18:42:18 ] 停止每日积分任务
18:42:18.925  [debug 18:42:18 ] 每日积分任务已停止，所有监听器已移除
18:42:18.934  [每日积分] panel: 收到页面消息1 {type: 'TASK_STOPPED'}
18:42:18.934  [每日积分] panel: 处理TASK_STOPPED
