22:42:49.084 9561.4bf2dc71.js:2 由于“保留日志”的原因，已阻止console.clear()
22:42:49.452 8222.6209a852.chunk.js:1 commonFull true
22:42:49.452 8222.6209a852.chunk.js:1 window.outerWidth 1920
22:42:49.452 8222.6209a852.chunk.js:1 screen.availWidth 1920
22:42:49.452 8222.6209a852.chunk.js:1 windowF11Full false
22:42:49.452 8222.6209a852.chunk.js:1 isFullScreen true
22:42:49.454 9561.4bf2dc71.js:2  react-intl-universal key "b698998e" not defined in zh
warningHandler @ 9561.4bf2dc71.js:2
22:42:49.455 9561.4bf2dc71.js:2  react-intl-universal key "7c1b3891" not defined in zh
warningHandler @ 9561.4bf2dc71.js:2
22:42:49.455 9561.4bf2dc71.js:2  react-intl-universal key "625fb26b" not defined in zh
warningHandler @ 9561.4bf2dc71.js:2
22:42:49.455 9561.4bf2dc71.js:2  react-intl-universal key "aa98ad92" not defined in zh
warningHandler @ 9561.4bf2dc71.js:2
22:42:49.455 9561.4bf2dc71.js:2  react-intl-universal key "fe033787" not defined in zh
warningHandler @ 9561.4bf2dc71.js:2
22:42:49.455 9561.4bf2dc71.js:2  react-intl-universal key "40e20dd4" not defined in zh
warningHandler @ 9561.4bf2dc71.js:2
22:42:49.455 log.ts:179 [debug 22:42:49 ] 拦截到HTTP请求: /learn/app/getGlobalTimestamp.do?os=99&sid=5397039584D145B7AB47EED180FF5ED9
22:42:49.456 log.ts:179 [debug 22:42:49 ] 拦截到HTTP请求: /learn/app/clientapi/course/play/queryStatus.do?courseWareId=1733385233156&courseId=N000144&bizType=0&bizId=&sid=5397039584D145B7AB47EED180FF5ED9&os=99
22:42:49.555 8222.6209a852.chunk.js:1 commonFull true
22:42:49.555 8222.6209a852.chunk.js:1 window.outerWidth 1920
22:42:49.555 8222.6209a852.chunk.js:1 screen.availWidth 1920
22:42:49.555 8222.6209a852.chunk.js:1 windowF11Full false
22:42:49.555 8222.6209a852.chunk.js:1 isFullScreen true
22:42:50.373 9561.4bf2dc71.js:2  react-intl-universal key "b698998e" not defined in zh
warningHandler @ 9561.4bf2dc71.js:2
value @ 9561.4bf2dc71.js:2
p @ 9561.4bf2dc71.js:2
value @ 8222.6209a852.chunk.js:1
Le @ 9561.4bf2dc71.js:2
(匿名) @ 9561.4bf2dc71.js:2
pe @ 9561.4bf2dc71.js:2
(匿名) @ 9561.4bf2dc71.js:2
n @ 9561.4bf2dc71.js:2
Xi @ 9561.4bf2dc71.js:2
$i @ 9561.4bf2dc71.js:2
Cs @ 9561.4bf2dc71.js:2
wc @ 9561.4bf2dc71.js:2
_c @ 9561.4bf2dc71.js:2
dc @ 9561.4bf2dc71.js:2
(匿名) @ 9561.4bf2dc71.js:2
(匿名) @ 9561.4bf2dc71.js:2
qo @ 9561.4bf2dc71.js:2
Xo @ 9561.4bf2dc71.js:2
$o @ 9561.4bf2dc71.js:2
ic @ 9561.4bf2dc71.js:2
enqueueSetState @ 9561.4bf2dc71.js:2
(匿名) @ 9561.4bf2dc71.js:2
(匿名) @ 8222.6209a852.chunk.js:1
u @ 9561.4bf2dc71.js:2
(匿名) @ 9561.4bf2dc71.js:2
(匿名) @ 9561.4bf2dc71.js:2
r @ 9561.4bf2dc71.js:2
s @ 9561.4bf2dc71.js:2
22:42:50.374 9561.4bf2dc71.js:2  react-intl-universal key "7c1b3891" not defined in zh
warningHandler @ 9561.4bf2dc71.js:2
value @ 9561.4bf2dc71.js:2
p @ 9561.4bf2dc71.js:2
value @ 8222.6209a852.chunk.js:1
Le @ 9561.4bf2dc71.js:2
(匿名) @ 9561.4bf2dc71.js:2
pe @ 9561.4bf2dc71.js:2
(匿名) @ 9561.4bf2dc71.js:2
n @ 9561.4bf2dc71.js:2
Xi @ 9561.4bf2dc71.js:2
$i @ 9561.4bf2dc71.js:2
Cs @ 9561.4bf2dc71.js:2
wc @ 9561.4bf2dc71.js:2
_c @ 9561.4bf2dc71.js:2
dc @ 9561.4bf2dc71.js:2
(匿名) @ 9561.4bf2dc71.js:2
(匿名) @ 9561.4bf2dc71.js:2
qo @ 9561.4bf2dc71.js:2
Xo @ 9561.4bf2dc71.js:2
$o @ 9561.4bf2dc71.js:2
ic @ 9561.4bf2dc71.js:2
enqueueSetState @ 9561.4bf2dc71.js:2
(匿名) @ 9561.4bf2dc71.js:2
(匿名) @ 8222.6209a852.chunk.js:1
u @ 9561.4bf2dc71.js:2
(匿名) @ 9561.4bf2dc71.js:2
(匿名) @ 9561.4bf2dc71.js:2
r @ 9561.4bf2dc71.js:2
s @ 9561.4bf2dc71.js:2
22:42:50.374 9561.4bf2dc71.js:2  react-intl-universal key "625fb26b" not defined in zh
warningHandler @ 9561.4bf2dc71.js:2
value @ 9561.4bf2dc71.js:2
p @ 9561.4bf2dc71.js:2
value @ 8222.6209a852.chunk.js:1
Le @ 9561.4bf2dc71.js:2
(匿名) @ 9561.4bf2dc71.js:2
pe @ 9561.4bf2dc71.js:2
(匿名) @ 9561.4bf2dc71.js:2
n @ 9561.4bf2dc71.js:2
Xi @ 9561.4bf2dc71.js:2
$i @ 9561.4bf2dc71.js:2
Cs @ 9561.4bf2dc71.js:2
wc @ 9561.4bf2dc71.js:2
_c @ 9561.4bf2dc71.js:2
dc @ 9561.4bf2dc71.js:2
(匿名) @ 9561.4bf2dc71.js:2
(匿名) @ 9561.4bf2dc71.js:2
qo @ 9561.4bf2dc71.js:2
Xo @ 9561.4bf2dc71.js:2
$o @ 9561.4bf2dc71.js:2
ic @ 9561.4bf2dc71.js:2
enqueueSetState @ 9561.4bf2dc71.js:2
(匿名) @ 9561.4bf2dc71.js:2
(匿名) @ 8222.6209a852.chunk.js:1
u @ 9561.4bf2dc71.js:2
(匿名) @ 9561.4bf2dc71.js:2
(匿名) @ 9561.4bf2dc71.js:2
r @ 9561.4bf2dc71.js:2
s @ 9561.4bf2dc71.js:2
22:42:50.374 9561.4bf2dc71.js:2  react-intl-universal key "aa98ad92" not defined in zh
warningHandler @ 9561.4bf2dc71.js:2
value @ 9561.4bf2dc71.js:2
p @ 9561.4bf2dc71.js:2
value @ 8222.6209a852.chunk.js:1
Le @ 9561.4bf2dc71.js:2
(匿名) @ 9561.4bf2dc71.js:2
pe @ 9561.4bf2dc71.js:2
(匿名) @ 9561.4bf2dc71.js:2
n @ 9561.4bf2dc71.js:2
Xi @ 9561.4bf2dc71.js:2
$i @ 9561.4bf2dc71.js:2
Cs @ 9561.4bf2dc71.js:2
wc @ 9561.4bf2dc71.js:2
_c @ 9561.4bf2dc71.js:2
dc @ 9561.4bf2dc71.js:2
(匿名) @ 9561.4bf2dc71.js:2
(匿名) @ 9561.4bf2dc71.js:2
qo @ 9561.4bf2dc71.js:2
Xo @ 9561.4bf2dc71.js:2
$o @ 9561.4bf2dc71.js:2
ic @ 9561.4bf2dc71.js:2
enqueueSetState @ 9561.4bf2dc71.js:2
(匿名) @ 9561.4bf2dc71.js:2
(匿名) @ 8222.6209a852.chunk.js:1
u @ 9561.4bf2dc71.js:2
(匿名) @ 9561.4bf2dc71.js:2
(匿名) @ 9561.4bf2dc71.js:2
r @ 9561.4bf2dc71.js:2
s @ 9561.4bf2dc71.js:2
22:42:50.374 9561.4bf2dc71.js:2  react-intl-universal key "fe033787" not defined in zh
warningHandler @ 9561.4bf2dc71.js:2
value @ 9561.4bf2dc71.js:2
p @ 9561.4bf2dc71.js:2
value @ 8222.6209a852.chunk.js:1
Le @ 9561.4bf2dc71.js:2
(匿名) @ 9561.4bf2dc71.js:2
pe @ 9561.4bf2dc71.js:2
(匿名) @ 9561.4bf2dc71.js:2
n @ 9561.4bf2dc71.js:2
Xi @ 9561.4bf2dc71.js:2
$i @ 9561.4bf2dc71.js:2
Cs @ 9561.4bf2dc71.js:2
wc @ 9561.4bf2dc71.js:2
_c @ 9561.4bf2dc71.js:2
dc @ 9561.4bf2dc71.js:2
(匿名) @ 9561.4bf2dc71.js:2
(匿名) @ 9561.4bf2dc71.js:2
qo @ 9561.4bf2dc71.js:2
Xo @ 9561.4bf2dc71.js:2
$o @ 9561.4bf2dc71.js:2
ic @ 9561.4bf2dc71.js:2
enqueueSetState @ 9561.4bf2dc71.js:2
(匿名) @ 9561.4bf2dc71.js:2
(匿名) @ 8222.6209a852.chunk.js:1
u @ 9561.4bf2dc71.js:2
(匿名) @ 9561.4bf2dc71.js:2
(匿名) @ 9561.4bf2dc71.js:2
r @ 9561.4bf2dc71.js:2
s @ 9561.4bf2dc71.js:2
22:42:50.374 9561.4bf2dc71.js:2  react-intl-universal key "40e20dd4" not defined in zh
warningHandler @ 9561.4bf2dc71.js:2
value @ 9561.4bf2dc71.js:2
p @ 9561.4bf2dc71.js:2
value @ 8222.6209a852.chunk.js:1
Le @ 9561.4bf2dc71.js:2
(匿名) @ 9561.4bf2dc71.js:2
pe @ 9561.4bf2dc71.js:2
(匿名) @ 9561.4bf2dc71.js:2
n @ 9561.4bf2dc71.js:2
Xi @ 9561.4bf2dc71.js:2
$i @ 9561.4bf2dc71.js:2
Cs @ 9561.4bf2dc71.js:2
wc @ 9561.4bf2dc71.js:2
_c @ 9561.4bf2dc71.js:2
dc @ 9561.4bf2dc71.js:2
(匿名) @ 9561.4bf2dc71.js:2
(匿名) @ 9561.4bf2dc71.js:2
qo @ 9561.4bf2dc71.js:2
Xo @ 9561.4bf2dc71.js:2
$o @ 9561.4bf2dc71.js:2
ic @ 9561.4bf2dc71.js:2
enqueueSetState @ 9561.4bf2dc71.js:2
(匿名) @ 9561.4bf2dc71.js:2
(匿名) @ 8222.6209a852.chunk.js:1
u @ 9561.4bf2dc71.js:2
(匿名) @ 9561.4bf2dc71.js:2
(匿名) @ 9561.4bf2dc71.js:2
r @ 9561.4bf2dc71.js:2
s @ 9561.4bf2dc71.js:2
22:42:50.375 9561.4bf2dc71.js:2  react-intl-universal key "b698998e" not defined in zh
warningHandler @ 9561.4bf2dc71.js:2
value @ 9561.4bf2dc71.js:2
p @ 9561.4bf2dc71.js:2
value @ 8222.6209a852.chunk.js:1
Le @ 9561.4bf2dc71.js:2
(匿名) @ 9561.4bf2dc71.js:2
pe @ 9561.4bf2dc71.js:2
(匿名) @ 9561.4bf2dc71.js:2
n @ 9561.4bf2dc71.js:2
Xi @ 9561.4bf2dc71.js:2
$i @ 9561.4bf2dc71.js:2
Cs @ 9561.4bf2dc71.js:2
wc @ 9561.4bf2dc71.js:2
_c @ 9561.4bf2dc71.js:2
dc @ 9561.4bf2dc71.js:2
(匿名) @ 9561.4bf2dc71.js:2
(匿名) @ 9561.4bf2dc71.js:2
qo @ 9561.4bf2dc71.js:2
Xo @ 9561.4bf2dc71.js:2
$o @ 9561.4bf2dc71.js:2
ic @ 9561.4bf2dc71.js:2
enqueueSetState @ 9561.4bf2dc71.js:2
(匿名) @ 9561.4bf2dc71.js:2
push.68569.e.queryPlaySessionId @ 8222.6209a852.chunk.js:1
(匿名) @ 8222.6209a852.chunk.js:1
u @ 9561.4bf2dc71.js:2
(匿名) @ 9561.4bf2dc71.js:2
(匿名) @ 9561.4bf2dc71.js:2
r @ 9561.4bf2dc71.js:2
s @ 9561.4bf2dc71.js:2
22:42:50.375 9561.4bf2dc71.js:2  react-intl-universal key "7c1b3891" not defined in zh
warningHandler @ 9561.4bf2dc71.js:2
value @ 9561.4bf2dc71.js:2
p @ 9561.4bf2dc71.js:2
value @ 8222.6209a852.chunk.js:1
Le @ 9561.4bf2dc71.js:2
(匿名) @ 9561.4bf2dc71.js:2
pe @ 9561.4bf2dc71.js:2
(匿名) @ 9561.4bf2dc71.js:2
n @ 9561.4bf2dc71.js:2
Xi @ 9561.4bf2dc71.js:2
$i @ 9561.4bf2dc71.js:2
Cs @ 9561.4bf2dc71.js:2
wc @ 9561.4bf2dc71.js:2
_c @ 9561.4bf2dc71.js:2
dc @ 9561.4bf2dc71.js:2
(匿名) @ 9561.4bf2dc71.js:2
(匿名) @ 9561.4bf2dc71.js:2
qo @ 9561.4bf2dc71.js:2
Xo @ 9561.4bf2dc71.js:2
$o @ 9561.4bf2dc71.js:2
ic @ 9561.4bf2dc71.js:2
enqueueSetState @ 9561.4bf2dc71.js:2
(匿名) @ 9561.4bf2dc71.js:2
push.68569.e.queryPlaySessionId @ 8222.6209a852.chunk.js:1
(匿名) @ 8222.6209a852.chunk.js:1
u @ 9561.4bf2dc71.js:2
(匿名) @ 9561.4bf2dc71.js:2
(匿名) @ 9561.4bf2dc71.js:2
r @ 9561.4bf2dc71.js:2
s @ 9561.4bf2dc71.js:2
22:42:50.375 9561.4bf2dc71.js:2  react-intl-universal key "625fb26b" not defined in zh
warningHandler @ 9561.4bf2dc71.js:2
value @ 9561.4bf2dc71.js:2
p @ 9561.4bf2dc71.js:2
value @ 8222.6209a852.chunk.js:1
Le @ 9561.4bf2dc71.js:2
(匿名) @ 9561.4bf2dc71.js:2
pe @ 9561.4bf2dc71.js:2
(匿名) @ 9561.4bf2dc71.js:2
n @ 9561.4bf2dc71.js:2
Xi @ 9561.4bf2dc71.js:2
$i @ 9561.4bf2dc71.js:2
Cs @ 9561.4bf2dc71.js:2
wc @ 9561.4bf2dc71.js:2
_c @ 9561.4bf2dc71.js:2
dc @ 9561.4bf2dc71.js:2
(匿名) @ 9561.4bf2dc71.js:2
(匿名) @ 9561.4bf2dc71.js:2
qo @ 9561.4bf2dc71.js:2
Xo @ 9561.4bf2dc71.js:2
$o @ 9561.4bf2dc71.js:2
ic @ 9561.4bf2dc71.js:2
enqueueSetState @ 9561.4bf2dc71.js:2
(匿名) @ 9561.4bf2dc71.js:2
push.68569.e.queryPlaySessionId @ 8222.6209a852.chunk.js:1
(匿名) @ 8222.6209a852.chunk.js:1
u @ 9561.4bf2dc71.js:2
(匿名) @ 9561.4bf2dc71.js:2
(匿名) @ 9561.4bf2dc71.js:2
r @ 9561.4bf2dc71.js:2
s @ 9561.4bf2dc71.js:2
22:42:50.375 9561.4bf2dc71.js:2  react-intl-universal key "aa98ad92" not defined in zh
warningHandler @ 9561.4bf2dc71.js:2
value @ 9561.4bf2dc71.js:2
p @ 9561.4bf2dc71.js:2
value @ 8222.6209a852.chunk.js:1
Le @ 9561.4bf2dc71.js:2
(匿名) @ 9561.4bf2dc71.js:2
pe @ 9561.4bf2dc71.js:2
(匿名) @ 9561.4bf2dc71.js:2
n @ 9561.4bf2dc71.js:2
Xi @ 9561.4bf2dc71.js:2
$i @ 9561.4bf2dc71.js:2
Cs @ 9561.4bf2dc71.js:2
wc @ 9561.4bf2dc71.js:2
_c @ 9561.4bf2dc71.js:2
dc @ 9561.4bf2dc71.js:2
(匿名) @ 9561.4bf2dc71.js:2
(匿名) @ 9561.4bf2dc71.js:2
qo @ 9561.4bf2dc71.js:2
Xo @ 9561.4bf2dc71.js:2
$o @ 9561.4bf2dc71.js:2
ic @ 9561.4bf2dc71.js:2
enqueueSetState @ 9561.4bf2dc71.js:2
(匿名) @ 9561.4bf2dc71.js:2
push.68569.e.queryPlaySessionId @ 8222.6209a852.chunk.js:1
(匿名) @ 8222.6209a852.chunk.js:1
u @ 9561.4bf2dc71.js:2
(匿名) @ 9561.4bf2dc71.js:2
(匿名) @ 9561.4bf2dc71.js:2
r @ 9561.4bf2dc71.js:2
s @ 9561.4bf2dc71.js:2
22:42:50.375 9561.4bf2dc71.js:2  react-intl-universal key "fe033787" not defined in zh
warningHandler @ 9561.4bf2dc71.js:2
value @ 9561.4bf2dc71.js:2
p @ 9561.4bf2dc71.js:2
value @ 8222.6209a852.chunk.js:1
Le @ 9561.4bf2dc71.js:2
(匿名) @ 9561.4bf2dc71.js:2
pe @ 9561.4bf2dc71.js:2
(匿名) @ 9561.4bf2dc71.js:2
n @ 9561.4bf2dc71.js:2
Xi @ 9561.4bf2dc71.js:2
$i @ 9561.4bf2dc71.js:2
Cs @ 9561.4bf2dc71.js:2
wc @ 9561.4bf2dc71.js:2
_c @ 9561.4bf2dc71.js:2
dc @ 9561.4bf2dc71.js:2
(匿名) @ 9561.4bf2dc71.js:2
(匿名) @ 9561.4bf2dc71.js:2
qo @ 9561.4bf2dc71.js:2
Xo @ 9561.4bf2dc71.js:2
$o @ 9561.4bf2dc71.js:2
ic @ 9561.4bf2dc71.js:2
enqueueSetState @ 9561.4bf2dc71.js:2
(匿名) @ 9561.4bf2dc71.js:2
push.68569.e.queryPlaySessionId @ 8222.6209a852.chunk.js:1
(匿名) @ 8222.6209a852.chunk.js:1
u @ 9561.4bf2dc71.js:2
(匿名) @ 9561.4bf2dc71.js:2
(匿名) @ 9561.4bf2dc71.js:2
r @ 9561.4bf2dc71.js:2
s @ 9561.4bf2dc71.js:2
22:42:50.375 9561.4bf2dc71.js:2  react-intl-universal key "40e20dd4" not defined in zh
warningHandler @ 9561.4bf2dc71.js:2
value @ 9561.4bf2dc71.js:2
p @ 9561.4bf2dc71.js:2
value @ 8222.6209a852.chunk.js:1
Le @ 9561.4bf2dc71.js:2
(匿名) @ 9561.4bf2dc71.js:2
pe @ 9561.4bf2dc71.js:2
(匿名) @ 9561.4bf2dc71.js:2
n @ 9561.4bf2dc71.js:2
Xi @ 9561.4bf2dc71.js:2
$i @ 9561.4bf2dc71.js:2
Cs @ 9561.4bf2dc71.js:2
wc @ 9561.4bf2dc71.js:2
_c @ 9561.4bf2dc71.js:2
dc @ 9561.4bf2dc71.js:2
(匿名) @ 9561.4bf2dc71.js:2
(匿名) @ 9561.4bf2dc71.js:2
qo @ 9561.4bf2dc71.js:2
Xo @ 9561.4bf2dc71.js:2
$o @ 9561.4bf2dc71.js:2
ic @ 9561.4bf2dc71.js:2
enqueueSetState @ 9561.4bf2dc71.js:2
(匿名) @ 9561.4bf2dc71.js:2
push.68569.e.queryPlaySessionId @ 8222.6209a852.chunk.js:1
(匿名) @ 8222.6209a852.chunk.js:1
u @ 9561.4bf2dc71.js:2
(匿名) @ 9561.4bf2dc71.js:2
(匿名) @ 9561.4bf2dc71.js:2
r @ 9561.4bf2dc71.js:2
s @ 9561.4bf2dc71.js:2
22:42:50.376 log.ts:179 [debug 22:42:50 ] 拦截到HTTP请求: /learn/app/clientapi/course/bigdata/courseLearnTime.do?os=99&sid=5397039584D145B7AB47EED180FF5ED9
22:42:50.377 9561.4bf2dc71.js:2  react-intl-universal key "b698998e" not defined in zh
warningHandler @ 9561.4bf2dc71.js:2
value @ 9561.4bf2dc71.js:2
p @ 9561.4bf2dc71.js:2
value @ 8222.6209a852.chunk.js:1
Le @ 9561.4bf2dc71.js:2
(匿名) @ 9561.4bf2dc71.js:2
pe @ 9561.4bf2dc71.js:2
(匿名) @ 9561.4bf2dc71.js:2
n @ 9561.4bf2dc71.js:2
Xi @ 9561.4bf2dc71.js:2
$i @ 9561.4bf2dc71.js:2
Cs @ 9561.4bf2dc71.js:2
wc @ 9561.4bf2dc71.js:2
_c @ 9561.4bf2dc71.js:2
dc @ 9561.4bf2dc71.js:2
(匿名) @ 9561.4bf2dc71.js:2
(匿名) @ 9561.4bf2dc71.js:2
qo @ 9561.4bf2dc71.js:2
Xo @ 9561.4bf2dc71.js:2
$o @ 9561.4bf2dc71.js:2
ic @ 9561.4bf2dc71.js:2
enqueueSetState @ 9561.4bf2dc71.js:2
(匿名) @ 9561.4bf2dc71.js:2
(匿名) @ 8222.6209a852.chunk.js:1
u @ 9561.4bf2dc71.js:2
(匿名) @ 9561.4bf2dc71.js:2
(匿名) @ 9561.4bf2dc71.js:2
r @ 9561.4bf2dc71.js:2
s @ 9561.4bf2dc71.js:2
22:42:50.377 9561.4bf2dc71.js:2  react-intl-universal key "7c1b3891" not defined in zh
warningHandler @ 9561.4bf2dc71.js:2
value @ 9561.4bf2dc71.js:2
p @ 9561.4bf2dc71.js:2
value @ 8222.6209a852.chunk.js:1
Le @ 9561.4bf2dc71.js:2
(匿名) @ 9561.4bf2dc71.js:2
pe @ 9561.4bf2dc71.js:2
(匿名) @ 9561.4bf2dc71.js:2
n @ 9561.4bf2dc71.js:2
Xi @ 9561.4bf2dc71.js:2
$i @ 9561.4bf2dc71.js:2
Cs @ 9561.4bf2dc71.js:2
wc @ 9561.4bf2dc71.js:2
_c @ 9561.4bf2dc71.js:2
dc @ 9561.4bf2dc71.js:2
(匿名) @ 9561.4bf2dc71.js:2
(匿名) @ 9561.4bf2dc71.js:2
qo @ 9561.4bf2dc71.js:2
Xo @ 9561.4bf2dc71.js:2
$o @ 9561.4bf2dc71.js:2
ic @ 9561.4bf2dc71.js:2
enqueueSetState @ 9561.4bf2dc71.js:2
(匿名) @ 9561.4bf2dc71.js:2
(匿名) @ 8222.6209a852.chunk.js:1
u @ 9561.4bf2dc71.js:2
(匿名) @ 9561.4bf2dc71.js:2
(匿名) @ 9561.4bf2dc71.js:2
r @ 9561.4bf2dc71.js:2
s @ 9561.4bf2dc71.js:2
22:42:50.377 9561.4bf2dc71.js:2  react-intl-universal key "625fb26b" not defined in zh
warningHandler @ 9561.4bf2dc71.js:2
value @ 9561.4bf2dc71.js:2
p @ 9561.4bf2dc71.js:2
value @ 8222.6209a852.chunk.js:1
Le @ 9561.4bf2dc71.js:2
(匿名) @ 9561.4bf2dc71.js:2
pe @ 9561.4bf2dc71.js:2
(匿名) @ 9561.4bf2dc71.js:2
n @ 9561.4bf2dc71.js:2
Xi @ 9561.4bf2dc71.js:2
$i @ 9561.4bf2dc71.js:2
Cs @ 9561.4bf2dc71.js:2
wc @ 9561.4bf2dc71.js:2
_c @ 9561.4bf2dc71.js:2
dc @ 9561.4bf2dc71.js:2
(匿名) @ 9561.4bf2dc71.js:2
(匿名) @ 9561.4bf2dc71.js:2
qo @ 9561.4bf2dc71.js:2
Xo @ 9561.4bf2dc71.js:2
$o @ 9561.4bf2dc71.js:2
ic @ 9561.4bf2dc71.js:2
enqueueSetState @ 9561.4bf2dc71.js:2
(匿名) @ 9561.4bf2dc71.js:2
(匿名) @ 8222.6209a852.chunk.js:1
u @ 9561.4bf2dc71.js:2
(匿名) @ 9561.4bf2dc71.js:2
(匿名) @ 9561.4bf2dc71.js:2
r @ 9561.4bf2dc71.js:2
s @ 9561.4bf2dc71.js:2
22:42:50.378 9561.4bf2dc71.js:2  react-intl-universal key "aa98ad92" not defined in zh
warningHandler @ 9561.4bf2dc71.js:2
value @ 9561.4bf2dc71.js:2
p @ 9561.4bf2dc71.js:2
value @ 8222.6209a852.chunk.js:1
Le @ 9561.4bf2dc71.js:2
(匿名) @ 9561.4bf2dc71.js:2
pe @ 9561.4bf2dc71.js:2
(匿名) @ 9561.4bf2dc71.js:2
n @ 9561.4bf2dc71.js:2
Xi @ 9561.4bf2dc71.js:2
$i @ 9561.4bf2dc71.js:2
Cs @ 9561.4bf2dc71.js:2
wc @ 9561.4bf2dc71.js:2
_c @ 9561.4bf2dc71.js:2
dc @ 9561.4bf2dc71.js:2
(匿名) @ 9561.4bf2dc71.js:2
(匿名) @ 9561.4bf2dc71.js:2
qo @ 9561.4bf2dc71.js:2
Xo @ 9561.4bf2dc71.js:2
$o @ 9561.4bf2dc71.js:2
ic @ 9561.4bf2dc71.js:2
enqueueSetState @ 9561.4bf2dc71.js:2
(匿名) @ 9561.4bf2dc71.js:2
(匿名) @ 8222.6209a852.chunk.js:1
u @ 9561.4bf2dc71.js:2
(匿名) @ 9561.4bf2dc71.js:2
(匿名) @ 9561.4bf2dc71.js:2
r @ 9561.4bf2dc71.js:2
s @ 9561.4bf2dc71.js:2
22:42:50.378 9561.4bf2dc71.js:2  react-intl-universal key "fe033787" not defined in zh
warningHandler @ 9561.4bf2dc71.js:2
value @ 9561.4bf2dc71.js:2
p @ 9561.4bf2dc71.js:2
value @ 8222.6209a852.chunk.js:1
Le @ 9561.4bf2dc71.js:2
(匿名) @ 9561.4bf2dc71.js:2
pe @ 9561.4bf2dc71.js:2
(匿名) @ 9561.4bf2dc71.js:2
n @ 9561.4bf2dc71.js:2
Xi @ 9561.4bf2dc71.js:2
$i @ 9561.4bf2dc71.js:2
Cs @ 9561.4bf2dc71.js:2
wc @ 9561.4bf2dc71.js:2
_c @ 9561.4bf2dc71.js:2
dc @ 9561.4bf2dc71.js:2
(匿名) @ 9561.4bf2dc71.js:2
(匿名) @ 9561.4bf2dc71.js:2
qo @ 9561.4bf2dc71.js:2
Xo @ 9561.4bf2dc71.js:2
$o @ 9561.4bf2dc71.js:2
ic @ 9561.4bf2dc71.js:2
enqueueSetState @ 9561.4bf2dc71.js:2
(匿名) @ 9561.4bf2dc71.js:2
(匿名) @ 8222.6209a852.chunk.js:1
u @ 9561.4bf2dc71.js:2
(匿名) @ 9561.4bf2dc71.js:2
(匿名) @ 9561.4bf2dc71.js:2
r @ 9561.4bf2dc71.js:2
s @ 9561.4bf2dc71.js:2
22:42:50.378 9561.4bf2dc71.js:2  react-intl-universal key "40e20dd4" not defined in zh
warningHandler @ 9561.4bf2dc71.js:2
value @ 9561.4bf2dc71.js:2
p @ 9561.4bf2dc71.js:2
value @ 8222.6209a852.chunk.js:1
Le @ 9561.4bf2dc71.js:2
(匿名) @ 9561.4bf2dc71.js:2
pe @ 9561.4bf2dc71.js:2
(匿名) @ 9561.4bf2dc71.js:2
n @ 9561.4bf2dc71.js:2
Xi @ 9561.4bf2dc71.js:2
$i @ 9561.4bf2dc71.js:2
Cs @ 9561.4bf2dc71.js:2
wc @ 9561.4bf2dc71.js:2
_c @ 9561.4bf2dc71.js:2
dc @ 9561.4bf2dc71.js:2
(匿名) @ 9561.4bf2dc71.js:2
(匿名) @ 9561.4bf2dc71.js:2
qo @ 9561.4bf2dc71.js:2
Xo @ 9561.4bf2dc71.js:2
$o @ 9561.4bf2dc71.js:2
ic @ 9561.4bf2dc71.js:2
enqueueSetState @ 9561.4bf2dc71.js:2
(匿名) @ 9561.4bf2dc71.js:2
(匿名) @ 8222.6209a852.chunk.js:1
u @ 9561.4bf2dc71.js:2
(匿名) @ 9561.4bf2dc71.js:2
(匿名) @ 9561.4bf2dc71.js:2
r @ 9561.4bf2dc71.js:2
s @ 9561.4bf2dc71.js:2
22:42:50.379 log.ts:179 [debug 22:42:50 ] 等待课程数据... 5
22:42:50.379 9561.4bf2dc71.js:2 div
22:42:50.379 9561.4bf2dc71.js:2 由于“保留日志”的原因，已阻止console.clear()
22:42:50.379 9561.4bf2dc71.js:2 ƒ l(){}
22:42:50.379 9561.4bf2dc71.js:2 由于“保留日志”的原因，已阻止console.clear()
22:42:50.379 9561.4bf2dc71.js:2 (索引)toStringlastIndexdotAllflagsglobalhasIndicesignoreCasemultilinesourcestickyunicodeunicodeSets(索引)toStringlastIndexdotAllflagsglobalhasIndicesignoreCasemultilinesourcestickyunicodeunicodeSetsdepƒ0false''falsefalsefalsefalse' 'falsefalsefalseObject
22:42:50.379 9561.4bf2dc71.js:2 由于“保留日志”的原因，已阻止console.clear()
22:42:50.379 9561.4bf2dc71.js:2 Thu Mar 12 2026 22:42:44 GMT+0800 (中国标准时间)
22:42:50.379 9561.4bf2dc71.js:2 由于“保留日志”的原因，已阻止console.clear()
22:42:50.379 9561.4bf2dc71.js:2 {}
22:42:50.379 9561.4bf2dc71.js:2 由于“保留日志”的原因，已阻止console.clear()
22:43:00.875  commonFull true
22:43:00.875  window.outerWidth 1920
22:43:00.875  screen.availWidth 1920
22:43:00.875  windowF11Full false
22:43:00.875  isFullScreen true
22:43:00.879   react-intl-universal key "b698998e" not defined in zh
warningHandler @ 9561.4bf2dc71.js:2
value @ 9561.4bf2dc71.js:2
p @ 9561.4bf2dc71.js:2
value @ 8222.6209a852.chunk.js:1
Le @ 9561.4bf2dc71.js:2
(匿名) @ 9561.4bf2dc71.js:2
pe @ 9561.4bf2dc71.js:2
(匿名) @ 9561.4bf2dc71.js:2
n @ 9561.4bf2dc71.js:2
Xi @ 9561.4bf2dc71.js:2
$i @ 9561.4bf2dc71.js:2
Cs @ 9561.4bf2dc71.js:2
wc @ 9561.4bf2dc71.js:2
_c @ 9561.4bf2dc71.js:2
dc @ 9561.4bf2dc71.js:2
(匿名) @ 9561.4bf2dc71.js:2
(匿名) @ 9561.4bf2dc71.js:2
qo @ 9561.4bf2dc71.js:2
Xo @ 9561.4bf2dc71.js:2
$o @ 9561.4bf2dc71.js:2
ic @ 9561.4bf2dc71.js:2
enqueueSetState @ 9561.4bf2dc71.js:2
(匿名) @ 9561.4bf2dc71.js:2
(匿名) @ 8222.6209a852.chunk.js:1
Promise.then
(匿名) @ 8222.6209a852.chunk.js:1
u @ 9561.4bf2dc71.js:2
(匿名) @ 9561.4bf2dc71.js:2
(匿名) @ 9561.4bf2dc71.js:2
r @ 9561.4bf2dc71.js:2
s @ 9561.4bf2dc71.js:2
22:43:00.879   react-intl-universal key "7c1b3891" not defined in zh
warningHandler @ 9561.4bf2dc71.js:2
value @ 9561.4bf2dc71.js:2
p @ 9561.4bf2dc71.js:2
value @ 8222.6209a852.chunk.js:1
Le @ 9561.4bf2dc71.js:2
(匿名) @ 9561.4bf2dc71.js:2
pe @ 9561.4bf2dc71.js:2
(匿名) @ 9561.4bf2dc71.js:2
n @ 9561.4bf2dc71.js:2
Xi @ 9561.4bf2dc71.js:2
$i @ 9561.4bf2dc71.js:2
Cs @ 9561.4bf2dc71.js:2
wc @ 9561.4bf2dc71.js:2
_c @ 9561.4bf2dc71.js:2
dc @ 9561.4bf2dc71.js:2
(匿名) @ 9561.4bf2dc71.js:2
(匿名) @ 9561.4bf2dc71.js:2
qo @ 9561.4bf2dc71.js:2
Xo @ 9561.4bf2dc71.js:2
$o @ 9561.4bf2dc71.js:2
ic @ 9561.4bf2dc71.js:2
enqueueSetState @ 9561.4bf2dc71.js:2
(匿名) @ 9561.4bf2dc71.js:2
(匿名) @ 8222.6209a852.chunk.js:1
Promise.then
(匿名) @ 8222.6209a852.chunk.js:1
u @ 9561.4bf2dc71.js:2
(匿名) @ 9561.4bf2dc71.js:2
(匿名) @ 9561.4bf2dc71.js:2
r @ 9561.4bf2dc71.js:2
s @ 9561.4bf2dc71.js:2
22:43:00.879   react-intl-universal key "625fb26b" not defined in zh
warningHandler @ 9561.4bf2dc71.js:2
value @ 9561.4bf2dc71.js:2
p @ 9561.4bf2dc71.js:2
value @ 8222.6209a852.chunk.js:1
Le @ 9561.4bf2dc71.js:2
(匿名) @ 9561.4bf2dc71.js:2
pe @ 9561.4bf2dc71.js:2
(匿名) @ 9561.4bf2dc71.js:2
n @ 9561.4bf2dc71.js:2
Xi @ 9561.4bf2dc71.js:2
$i @ 9561.4bf2dc71.js:2
Cs @ 9561.4bf2dc71.js:2
wc @ 9561.4bf2dc71.js:2
_c @ 9561.4bf2dc71.js:2
dc @ 9561.4bf2dc71.js:2
(匿名) @ 9561.4bf2dc71.js:2
(匿名) @ 9561.4bf2dc71.js:2
qo @ 9561.4bf2dc71.js:2
Xo @ 9561.4bf2dc71.js:2
$o @ 9561.4bf2dc71.js:2
ic @ 9561.4bf2dc71.js:2
enqueueSetState @ 9561.4bf2dc71.js:2
(匿名) @ 9561.4bf2dc71.js:2
(匿名) @ 8222.6209a852.chunk.js:1
Promise.then
(匿名) @ 8222.6209a852.chunk.js:1
u @ 9561.4bf2dc71.js:2
(匿名) @ 9561.4bf2dc71.js:2
(匿名) @ 9561.4bf2dc71.js:2
r @ 9561.4bf2dc71.js:2
s @ 9561.4bf2dc71.js:2
22:43:00.879   react-intl-universal key "aa98ad92" not defined in zh
warningHandler @ 9561.4bf2dc71.js:2
value @ 9561.4bf2dc71.js:2
p @ 9561.4bf2dc71.js:2
value @ 8222.6209a852.chunk.js:1
Le @ 9561.4bf2dc71.js:2
(匿名) @ 9561.4bf2dc71.js:2
pe @ 9561.4bf2dc71.js:2
(匿名) @ 9561.4bf2dc71.js:2
n @ 9561.4bf2dc71.js:2
Xi @ 9561.4bf2dc71.js:2
$i @ 9561.4bf2dc71.js:2
Cs @ 9561.4bf2dc71.js:2
wc @ 9561.4bf2dc71.js:2
_c @ 9561.4bf2dc71.js:2
dc @ 9561.4bf2dc71.js:2
(匿名) @ 9561.4bf2dc71.js:2
(匿名) @ 9561.4bf2dc71.js:2
qo @ 9561.4bf2dc71.js:2
Xo @ 9561.4bf2dc71.js:2
$o @ 9561.4bf2dc71.js:2
ic @ 9561.4bf2dc71.js:2
enqueueSetState @ 9561.4bf2dc71.js:2
(匿名) @ 9561.4bf2dc71.js:2
(匿名) @ 8222.6209a852.chunk.js:1
Promise.then
(匿名) @ 8222.6209a852.chunk.js:1
u @ 9561.4bf2dc71.js:2
(匿名) @ 9561.4bf2dc71.js:2
(匿名) @ 9561.4bf2dc71.js:2
r @ 9561.4bf2dc71.js:2
s @ 9561.4bf2dc71.js:2
22:43:00.879   react-intl-universal key "fe033787" not defined in zh
warningHandler @ 9561.4bf2dc71.js:2
value @ 9561.4bf2dc71.js:2
p @ 9561.4bf2dc71.js:2
value @ 8222.6209a852.chunk.js:1
Le @ 9561.4bf2dc71.js:2
(匿名) @ 9561.4bf2dc71.js:2
pe @ 9561.4bf2dc71.js:2
(匿名) @ 9561.4bf2dc71.js:2
n @ 9561.4bf2dc71.js:2
Xi @ 9561.4bf2dc71.js:2
$i @ 9561.4bf2dc71.js:2
Cs @ 9561.4bf2dc71.js:2
wc @ 9561.4bf2dc71.js:2
_c @ 9561.4bf2dc71.js:2
dc @ 9561.4bf2dc71.js:2
(匿名) @ 9561.4bf2dc71.js:2
(匿名) @ 9561.4bf2dc71.js:2
qo @ 9561.4bf2dc71.js:2
Xo @ 9561.4bf2dc71.js:2
$o @ 9561.4bf2dc71.js:2
ic @ 9561.4bf2dc71.js:2
enqueueSetState @ 9561.4bf2dc71.js:2
(匿名) @ 9561.4bf2dc71.js:2
(匿名) @ 8222.6209a852.chunk.js:1
Promise.then
(匿名) @ 8222.6209a852.chunk.js:1
u @ 9561.4bf2dc71.js:2
(匿名) @ 9561.4bf2dc71.js:2
(匿名) @ 9561.4bf2dc71.js:2
r @ 9561.4bf2dc71.js:2
s @ 9561.4bf2dc71.js:2
22:43:00.879   react-intl-universal key "40e20dd4" not defined in zh
warningHandler @ 9561.4bf2dc71.js:2
value @ 9561.4bf2dc71.js:2
p @ 9561.4bf2dc71.js:2
value @ 8222.6209a852.chunk.js:1
Le @ 9561.4bf2dc71.js:2
(匿名) @ 9561.4bf2dc71.js:2
pe @ 9561.4bf2dc71.js:2
(匿名) @ 9561.4bf2dc71.js:2
n @ 9561.4bf2dc71.js:2
Xi @ 9561.4bf2dc71.js:2
$i @ 9561.4bf2dc71.js:2
Cs @ 9561.4bf2dc71.js:2
wc @ 9561.4bf2dc71.js:2
_c @ 9561.4bf2dc71.js:2
dc @ 9561.4bf2dc71.js:2
(匿名) @ 9561.4bf2dc71.js:2
(匿名) @ 9561.4bf2dc71.js:2
qo @ 9561.4bf2dc71.js:2
Xo @ 9561.4bf2dc71.js:2
$o @ 9561.4bf2dc71.js:2
ic @ 9561.4bf2dc71.js:2
enqueueSetState @ 9561.4bf2dc71.js:2
(匿名) @ 9561.4bf2dc71.js:2
(匿名) @ 8222.6209a852.chunk.js:1
Promise.then
(匿名) @ 8222.6209a852.chunk.js:1
u @ 9561.4bf2dc71.js:2
(匿名) @ 9561.4bf2dc71.js:2
(匿名) @ 9561.4bf2dc71.js:2
r @ 9561.4bf2dc71.js:2
s @ 9561.4bf2dc71.js:2
22:43:00.880  [debug 22:43:0 ] 等待课程数据... 6
22:43:00.912   [warn 22:43:0 ] 请注意!最小化可能导致视频无法正常播放!允许切换窗口.
Warn @ webpack://cxmooc-too…l/utils/log.ts?:197
eval @ webpack://cxmooc-too…rc/mooc/mooc.ts?:47
22:43:00.912  document.visibilityState:  hidden
22:43:01.012 已导航到https://zsgl.lzlj.com/
22:43:01.090  [每日积分] panel: 构造函数被调用
22:43:01.090  [每日积分] panel: init方法被调用
22:43:01.091  [debug 22:43:1 ] Start document state: loading
22:43:01.091  create mooc
22:43:01.091  [info 22:43:1 ] 当前平台：zsgl
22:43:01.091  mooc start ZsglCourse {event: {…}, taskList: Array(0), courseDetailData: Array(0), timerManager: TimerManager, taskIndex: 0}
22:43:01.092  [debug 22:43:1 ] 初始化course课程任务
22:43:01.092  [debug 22:43:1 ] 当前页面URL: https://zsgl.lzlj.com/#/home/courseDetail/N000144
22:43:01.092  [debug 22:43:1 ] 当前页面hash: #/home/courseDetail/N000144
22:43:01.092  [debug 22:43:1 ] 设置HTTP钩子，监听: queryCourseDetail.do
22:43:01.256  navigator.userAgent=mozilla/5.0 (windows nt 10.0; win64; x64) applewebkit/537.36 (khtml, like gecko) chrome/145.0.0.0 safari/537.36 edg/145.0.0.0
22:43:01.256  BROWSER_INFO: type=chrome, ver=145.0.0.0
22:43:03.384  [debug 22:43:3 ] 拦截到HTTP请求: /znWeb/znPortal/lang/zh.json
22:43:03.386  
22:43:03.386  由于“保留日志”的原因，已阻止console.clear()
22:43:03.387  
22:43:03.387  由于“保留日志”的原因，已阻止console.clear()
22:43:03.387  0530-1
22:43:03.387  (索引)toStringlastIndexdotAllflagsglobalhasIndicesignoreCasemultilinesourcestickyunicodeunicodeSets(索引)toStringlastIndexdotAllflagsglobalhasIndicesignoreCasemultilinesourcestickyunicodeunicodeSetsdepƒ0false''falsefalsefalsefalse' 'falsefalsefalseObject
22:43:03.388  由于“保留日志”的原因，已阻止console.clear()
22:43:03.399  showSearch true
22:43:03.420  Thu Mar 12 2026 22:43:03 GMT+0800 (中国标准时间)
22:43:03.420  由于“保留日志”的原因，已阻止console.clear()
22:43:03.421  [debug 22:43:3 ] 拦截到HTTP请求: /learn/app/clientapi/home/pc/queryHomeChannelModule.do?pageId=SY0010092&sid=5397039584D145B7AB47EED180FF5ED9&os=99
22:43:03.422  [debug 22:43:3 ] 拦截到HTTP请求: /learn/app/clientapi/home/getPcGlobalManagement.do?pageId=SY0010092&sid=5397039584D145B7AB47EED180FF5ED9&os=99
22:43:03.423  [debug 22:43:3 ] 拦截到HTTP请求: /learn/app/getGlobalTimestamp.do?os=99&sid=5397039584D145B7AB47EED180FF5ED9
22:43:03.424  {}
22:43:03.424  由于“保留日志”的原因，已阻止console.clear()
22:43:03.454  showSearch true
22:43:03.456  [debug 22:43:3 ] 拦截到HTTP请求: /learn/app/clientapi/home/pc/userPermissions.do?os=99&sid=5397039584D145B7AB47EED180FF5ED9
22:43:03.457  [debug 22:43:3 ] 拦截到HTTP请求: /learn/app/clientapi/home/pc/queryHomeGlobalInfo.do?pageId=SY0010092&sid=5397039584D145B7AB47EED180FF5ED9&os=99
22:43:03.457  [debug 22:43:3 ] 拦截到HTTP请求: /learn/app/clientapi/message/getMessageListType.do?sid=5397039584D145B7AB47EED180FF5ED9&os=99
22:43:03.474  [每日积分] panel: window.onload 触发
22:43:03.475  [每日积分] panel: 初始化消息监听
22:43:03.476  [debug 22:43:3 ] 每日积分模式初始化完成 {learning: {…}, contribution: {…}, interaction: {…}, lastUpdate: 1773326583476, isRunning: false}
22:43:03.476  [debug 22:43:3 ] document.addEventListener(load)
22:43:03.477  [debug 22:43:3 ] OperateCard 课程详情数据长度: 0
22:43:03.477   [warn 22:43:3 ] 课程详情数据为空，等待数据...
Warn @ webpack://cxmooc-too…l/utils/log.ts?:197
eval @ webpack://cxmooc-too…zsgl/course.ts?:183
eval @ webpack://cxmooc-too…c/zsgl/course.ts?:8
__awaiter @ webpack://cxmooc-too…c/zsgl/course.ts?:4
OperateCard @ webpack://cxmooc-too…zsgl/course.ts?:180
eval @ webpack://cxmooc-too…/zsgl/course.ts?:64
eval @ webpack://cxmooc-too…c/zsgl/course.ts?:8
__awaiter @ webpack://cxmooc-too…c/zsgl/course.ts?:4
eval @ webpack://cxmooc-too…/zsgl/course.ts?:57
22:43:03.477  mooc初始化完成 ZsglCourse {event: {…}, taskList: Array(0), courseDetailData: Array(0), timerManager: TimerManager, taskIndex: 0}
22:43:03.477   'mooc.Next'
22:43:03.477  [debug 22:43:3 ] runMoocTask 开始执行任务:
22:43:03.580  --------------- Thu Mar 12 2026 22:43:03 GMT+0800 (中国标准时间)
22:43:03.580  [debug 22:43:3 ] 拦截到HTTP请求: /learn/app/clientapi/home/pc/queryUserHomeList.do?time=1773326583580&sid=5397039584D145B7AB47EED180FF5ED9&os=99
22:43:03.622  [debug 22:43:3 ] 拦截到HTTP请求: /learn/app/clientapi/misc/queryVasOperation2NativeList.do?sid=5397039584D145B7AB47EED180FF5ED9&os=99
22:43:03.834  showSearch true
22:43:03.856  showSearch true
22:43:03.862  com.mlearning.paznluzhoulaojiao appId-------
22:43:03.863  [debug 22:43:3 ] 拦截到HTTP请求: /learn/app/newPersonDetail.do?sid=5397039584D145B7AB47EED180FF5ED9&os=99
22:43:03.863  [debug 22:43:3 ] 拦截到HTTP请求: /learn-login/queryUserInfoBound.do?os=99&sid=5397039584D145B7AB47EED180FF5ED9
22:43:03.864  [debug 22:43:3 ] 拦截到HTTP请求: /learn/app/clientapi/knowledgecloud/home/getPermissionStatus.do?sid=5397039584D145B7AB47EED180FF5ED9&os=99
22:43:03.926  
22:43:03.926  由于“保留日志”的原因，已阻止console.clear()
22:43:03.926 9561.4bf2dc71.js:2 ƒ l(){}
22:43:03.927 9561.4bf2dc71.js:2 由于“保留日志”的原因，已阻止console.clear()
22:43:03.927 9561.4bf2dc71.js:2 (索引)toStringlastIndexdotAllflagsglobalhasIndicesignoreCasemultilinesourcestickyunicodeunicodeSets(索引)toStringlastIndexdotAllflagsglobalhasIndicesignoreCasemultilinesourcestickyunicodeunicodeSetsdepƒ0false''falsefalsefalsefalse' 'falsefalsefalseObject
22:43:03.927 9561.4bf2dc71.js:2 由于“保留日志”的原因，已阻止console.clear()
22:43:03.927 9561.4bf2dc71.js:2 Thu Mar 12 2026 22:43:03 GMT+0800 (中国标准时间)
22:43:03.927 9561.4bf2dc71.js:2 由于“保留日志”的原因，已阻止console.clear()
22:43:03.927 9561.4bf2dc71.js:2 {}
22:43:03.927 9561.4bf2dc71.js:2 由于“保留日志”的原因，已阻止console.clear()
22:43:04.080 main.2faaeed8.js:1 showSearch true
22:43:04.263 9561.4bf2dc71.js:2  react-intl-universal key "7da531ec" not defined in zh
warningHandler @ 9561.4bf2dc71.js:2
value @ 9561.4bf2dc71.js:2
p @ 9561.4bf2dc71.js:2
16504 @ 2269.5c46b420.chunk.js:1
n @ main.2faaeed8.js:1
79181 @ 8222.6209a852.chunk.js:1
n @ main.2faaeed8.js:1
12491 @ 808.d56623c9.chunk.js:1
n @ main.2faaeed8.js:1
Promise.then
(匿名) @ main.2faaeed8.js:1
(匿名) @ 9561.4bf2dc71.js:2
Cs @ 9561.4bf2dc71.js:2
wc @ 9561.4bf2dc71.js:2
_c @ 9561.4bf2dc71.js:2
dc @ 9561.4bf2dc71.js:2
(匿名) @ 9561.4bf2dc71.js:2
t.unstable_runWithPriority @ 9561.4bf2dc71.js:2
qo @ 9561.4bf2dc71.js:2
Xo @ 9561.4bf2dc71.js:2
$o @ 9561.4bf2dc71.js:2
ic @ 9561.4bf2dc71.js:2
enqueueSetState @ 9561.4bf2dc71.js:2
b.setState @ 9561.4bf2dc71.js:2
(匿名) @ main.2faaeed8.js:1
u @ 9561.4bf2dc71.js:2
(匿名) @ 9561.4bf2dc71.js:2
(匿名) @ 9561.4bf2dc71.js:2
r @ 9561.4bf2dc71.js:2
s @ 9561.4bf2dc71.js:2
Promise.then
r @ 9561.4bf2dc71.js:2
s @ 9561.4bf2dc71.js:2
(匿名) @ 9561.4bf2dc71.js:2
(匿名) @ 9561.4bf2dc71.js:2
(匿名) @ main.2faaeed8.js:1
za @ 9561.4bf2dc71.js:2
$i @ 9561.4bf2dc71.js:2
Cs @ 9561.4bf2dc71.js:2
wc @ 9561.4bf2dc71.js:2
_c @ 9561.4bf2dc71.js:2
dc @ 9561.4bf2dc71.js:2
ic @ 9561.4bf2dc71.js:2
Gc @ 9561.4bf2dc71.js:2
(匿名) @ 9561.4bf2dc71.js:2
pc @ 9561.4bf2dc71.js:2
el @ 9561.4bf2dc71.js:2
render @ 9561.4bf2dc71.js:2
(匿名) @ main.2faaeed8.js:1
u @ 9561.4bf2dc71.js:2
(匿名) @ 9561.4bf2dc71.js:2
(匿名) @ 9561.4bf2dc71.js:2
r @ 9561.4bf2dc71.js:2
s @ 9561.4bf2dc71.js:2
Promise.then
r @ 9561.4bf2dc71.js:2
s @ 9561.4bf2dc71.js:2
(匿名) @ 9561.4bf2dc71.js:2
(匿名) @ 9561.4bf2dc71.js:2
(匿名) @ main.2faaeed8.js:1
(匿名) @ main.2faaeed8.js:1
u @ 9561.4bf2dc71.js:2
(匿名) @ 9561.4bf2dc71.js:2
(匿名) @ 9561.4bf2dc71.js:2
r @ 9561.4bf2dc71.js:2
s @ 9561.4bf2dc71.js:2
Promise.then
r @ 9561.4bf2dc71.js:2
s @ 9561.4bf2dc71.js:2
Promise.then
r @ 9561.4bf2dc71.js:2
s @ 9561.4bf2dc71.js:2
(匿名) @ 9561.4bf2dc71.js:2
(匿名) @ 9561.4bf2dc71.js:2
49209 @ main.2faaeed8.js:1
n @ main.2faaeed8.js:1
(匿名) @ main.2faaeed8.js:1
n.O @ main.2faaeed8.js:1
(匿名) @ main.2faaeed8.js:1
(匿名) @ main.2faaeed8.js:1
(匿名) @ main.2faaeed8.js:1
(匿名) @ main.2faaeed8.js:1
22:43:04.263 9561.4bf2dc71.js:2  react-intl-universal key "9516572f" not defined in zh
warningHandler @ 9561.4bf2dc71.js:2
value @ 9561.4bf2dc71.js:2
p @ 9561.4bf2dc71.js:2
16504 @ 2269.5c46b420.chunk.js:1
n @ main.2faaeed8.js:1
79181 @ 8222.6209a852.chunk.js:1
n @ main.2faaeed8.js:1
12491 @ 808.d56623c9.chunk.js:1
n @ main.2faaeed8.js:1
Promise.then
(匿名) @ main.2faaeed8.js:1
(匿名) @ 9561.4bf2dc71.js:2
Cs @ 9561.4bf2dc71.js:2
wc @ 9561.4bf2dc71.js:2
_c @ 9561.4bf2dc71.js:2
dc @ 9561.4bf2dc71.js:2
(匿名) @ 9561.4bf2dc71.js:2
t.unstable_runWithPriority @ 9561.4bf2dc71.js:2
qo @ 9561.4bf2dc71.js:2
Xo @ 9561.4bf2dc71.js:2
$o @ 9561.4bf2dc71.js:2
ic @ 9561.4bf2dc71.js:2
enqueueSetState @ 9561.4bf2dc71.js:2
b.setState @ 9561.4bf2dc71.js:2
(匿名) @ main.2faaeed8.js:1
u @ 9561.4bf2dc71.js:2
(匿名) @ 9561.4bf2dc71.js:2
(匿名) @ 9561.4bf2dc71.js:2
r @ 9561.4bf2dc71.js:2
s @ 9561.4bf2dc71.js:2
Promise.then
r @ 9561.4bf2dc71.js:2
s @ 9561.4bf2dc71.js:2
(匿名) @ 9561.4bf2dc71.js:2
(匿名) @ 9561.4bf2dc71.js:2
(匿名) @ main.2faaeed8.js:1
za @ 9561.4bf2dc71.js:2
$i @ 9561.4bf2dc71.js:2
Cs @ 9561.4bf2dc71.js:2
wc @ 9561.4bf2dc71.js:2
_c @ 9561.4bf2dc71.js:2
dc @ 9561.4bf2dc71.js:2
ic @ 9561.4bf2dc71.js:2
Gc @ 9561.4bf2dc71.js:2
(匿名) @ 9561.4bf2dc71.js:2
pc @ 9561.4bf2dc71.js:2
el @ 9561.4bf2dc71.js:2
render @ 9561.4bf2dc71.js:2
(匿名) @ main.2faaeed8.js:1
u @ 9561.4bf2dc71.js:2
(匿名) @ 9561.4bf2dc71.js:2
(匿名) @ 9561.4bf2dc71.js:2
r @ 9561.4bf2dc71.js:2
s @ 9561.4bf2dc71.js:2
Promise.then
r @ 9561.4bf2dc71.js:2
s @ 9561.4bf2dc71.js:2
(匿名) @ 9561.4bf2dc71.js:2
(匿名) @ 9561.4bf2dc71.js:2
(匿名) @ main.2faaeed8.js:1
(匿名) @ main.2faaeed8.js:1
u @ 9561.4bf2dc71.js:2
(匿名) @ 9561.4bf2dc71.js:2
(匿名) @ 9561.4bf2dc71.js:2
r @ 9561.4bf2dc71.js:2
s @ 9561.4bf2dc71.js:2
Promise.then
r @ 9561.4bf2dc71.js:2
s @ 9561.4bf2dc71.js:2
Promise.then
r @ 9561.4bf2dc71.js:2
s @ 9561.4bf2dc71.js:2
(匿名) @ 9561.4bf2dc71.js:2
(匿名) @ 9561.4bf2dc71.js:2
49209 @ main.2faaeed8.js:1
n @ main.2faaeed8.js:1
(匿名) @ main.2faaeed8.js:1
n.O @ main.2faaeed8.js:1
(匿名) @ main.2faaeed8.js:1
(匿名) @ main.2faaeed8.js:1
(匿名) @ main.2faaeed8.js:1
(匿名) @ main.2faaeed8.js:1
22:43:04.263 9561.4bf2dc71.js:2  react-intl-universal key "c6dd8b8f" not defined in zh
warningHandler @ 9561.4bf2dc71.js:2
value @ 9561.4bf2dc71.js:2
p @ 9561.4bf2dc71.js:2
16504 @ 2269.5c46b420.chunk.js:1
n @ main.2faaeed8.js:1
79181 @ 8222.6209a852.chunk.js:1
n @ main.2faaeed8.js:1
12491 @ 808.d56623c9.chunk.js:1
n @ main.2faaeed8.js:1
Promise.then
(匿名) @ main.2faaeed8.js:1
(匿名) @ 9561.4bf2dc71.js:2
Cs @ 9561.4bf2dc71.js:2
wc @ 9561.4bf2dc71.js:2
_c @ 9561.4bf2dc71.js:2
dc @ 9561.4bf2dc71.js:2
(匿名) @ 9561.4bf2dc71.js:2
t.unstable_runWithPriority @ 9561.4bf2dc71.js:2
qo @ 9561.4bf2dc71.js:2
Xo @ 9561.4bf2dc71.js:2
$o @ 9561.4bf2dc71.js:2
ic @ 9561.4bf2dc71.js:2
enqueueSetState @ 9561.4bf2dc71.js:2
b.setState @ 9561.4bf2dc71.js:2
(匿名) @ main.2faaeed8.js:1
u @ 9561.4bf2dc71.js:2
(匿名) @ 9561.4bf2dc71.js:2
(匿名) @ 9561.4bf2dc71.js:2
r @ 9561.4bf2dc71.js:2
s @ 9561.4bf2dc71.js:2
Promise.then
r @ 9561.4bf2dc71.js:2
s @ 9561.4bf2dc71.js:2
(匿名) @ 9561.4bf2dc71.js:2
(匿名) @ 9561.4bf2dc71.js:2
(匿名) @ main.2faaeed8.js:1
za @ 9561.4bf2dc71.js:2
$i @ 9561.4bf2dc71.js:2
Cs @ 9561.4bf2dc71.js:2
wc @ 9561.4bf2dc71.js:2
_c @ 9561.4bf2dc71.js:2
dc @ 9561.4bf2dc71.js:2
ic @ 9561.4bf2dc71.js:2
Gc @ 9561.4bf2dc71.js:2
(匿名) @ 9561.4bf2dc71.js:2
pc @ 9561.4bf2dc71.js:2
el @ 9561.4bf2dc71.js:2
render @ 9561.4bf2dc71.js:2
(匿名) @ main.2faaeed8.js:1
u @ 9561.4bf2dc71.js:2
(匿名) @ 9561.4bf2dc71.js:2
(匿名) @ 9561.4bf2dc71.js:2
r @ 9561.4bf2dc71.js:2
s @ 9561.4bf2dc71.js:2
Promise.then
r @ 9561.4bf2dc71.js:2
s @ 9561.4bf2dc71.js:2
(匿名) @ 9561.4bf2dc71.js:2
(匿名) @ 9561.4bf2dc71.js:2
(匿名) @ main.2faaeed8.js:1
(匿名) @ main.2faaeed8.js:1
u @ 9561.4bf2dc71.js:2
(匿名) @ 9561.4bf2dc71.js:2
(匿名) @ 9561.4bf2dc71.js:2
r @ 9561.4bf2dc71.js:2
s @ 9561.4bf2dc71.js:2
Promise.then
r @ 9561.4bf2dc71.js:2
s @ 9561.4bf2dc71.js:2
Promise.then
r @ 9561.4bf2dc71.js:2
s @ 9561.4bf2dc71.js:2
(匿名) @ 9561.4bf2dc71.js:2
(匿名) @ 9561.4bf2dc71.js:2
49209 @ main.2faaeed8.js:1
n @ main.2faaeed8.js:1
(匿名) @ main.2faaeed8.js:1
n.O @ main.2faaeed8.js:1
(匿名) @ main.2faaeed8.js:1
(匿名) @ main.2faaeed8.js:1
(匿名) @ main.2faaeed8.js:1
(匿名) @ main.2faaeed8.js:1
22:43:04.263 9561.4bf2dc71.js:2  react-intl-universal key "f56ec717" not defined in zh
warningHandler @ 9561.4bf2dc71.js:2
value @ 9561.4bf2dc71.js:2
p @ 9561.4bf2dc71.js:2
16504 @ 2269.5c46b420.chunk.js:1
n @ main.2faaeed8.js:1
79181 @ 8222.6209a852.chunk.js:1
n @ main.2faaeed8.js:1
12491 @ 808.d56623c9.chunk.js:1
n @ main.2faaeed8.js:1
Promise.then
(匿名) @ main.2faaeed8.js:1
(匿名) @ 9561.4bf2dc71.js:2
Cs @ 9561.4bf2dc71.js:2
wc @ 9561.4bf2dc71.js:2
_c @ 9561.4bf2dc71.js:2
dc @ 9561.4bf2dc71.js:2
(匿名) @ 9561.4bf2dc71.js:2
t.unstable_runWithPriority @ 9561.4bf2dc71.js:2
qo @ 9561.4bf2dc71.js:2
Xo @ 9561.4bf2dc71.js:2
$o @ 9561.4bf2dc71.js:2
ic @ 9561.4bf2dc71.js:2
enqueueSetState @ 9561.4bf2dc71.js:2
b.setState @ 9561.4bf2dc71.js:2
(匿名) @ main.2faaeed8.js:1
u @ 9561.4bf2dc71.js:2
(匿名) @ 9561.4bf2dc71.js:2
(匿名) @ 9561.4bf2dc71.js:2
r @ 9561.4bf2dc71.js:2
s @ 9561.4bf2dc71.js:2
Promise.then
r @ 9561.4bf2dc71.js:2
s @ 9561.4bf2dc71.js:2
(匿名) @ 9561.4bf2dc71.js:2
(匿名) @ 9561.4bf2dc71.js:2
(匿名) @ main.2faaeed8.js:1
za @ 9561.4bf2dc71.js:2
$i @ 9561.4bf2dc71.js:2
Cs @ 9561.4bf2dc71.js:2
wc @ 9561.4bf2dc71.js:2
_c @ 9561.4bf2dc71.js:2
dc @ 9561.4bf2dc71.js:2
ic @ 9561.4bf2dc71.js:2
Gc @ 9561.4bf2dc71.js:2
(匿名) @ 9561.4bf2dc71.js:2
pc @ 9561.4bf2dc71.js:2
el @ 9561.4bf2dc71.js:2
render @ 9561.4bf2dc71.js:2
(匿名) @ main.2faaeed8.js:1
u @ 9561.4bf2dc71.js:2
(匿名) @ 9561.4bf2dc71.js:2
(匿名) @ 9561.4bf2dc71.js:2
r @ 9561.4bf2dc71.js:2
s @ 9561.4bf2dc71.js:2
Promise.then
r @ 9561.4bf2dc71.js:2
s @ 9561.4bf2dc71.js:2
(匿名) @ 9561.4bf2dc71.js:2
(匿名) @ 9561.4bf2dc71.js:2
(匿名) @ main.2faaeed8.js:1
(匿名) @ main.2faaeed8.js:1
u @ 9561.4bf2dc71.js:2
(匿名) @ 9561.4bf2dc71.js:2
(匿名) @ 9561.4bf2dc71.js:2
r @ 9561.4bf2dc71.js:2
s @ 9561.4bf2dc71.js:2
Promise.then
r @ 9561.4bf2dc71.js:2
s @ 9561.4bf2dc71.js:2
Promise.then
r @ 9561.4bf2dc71.js:2
s @ 9561.4bf2dc71.js:2
(匿名) @ 9561.4bf2dc71.js:2
(匿名) @ 9561.4bf2dc71.js:2
49209 @ main.2faaeed8.js:1
n @ main.2faaeed8.js:1
(匿名) @ main.2faaeed8.js:1
n.O @ main.2faaeed8.js:1
(匿名) @ main.2faaeed8.js:1
(匿名) @ main.2faaeed8.js:1
(匿名) @ main.2faaeed8.js:1
(匿名) @ main.2faaeed8.js:1
22:43:04.263 9561.4bf2dc71.js:2  react-intl-universal key "bd875341" not defined in zh
warningHandler @ 9561.4bf2dc71.js:2
value @ 9561.4bf2dc71.js:2
p @ 9561.4bf2dc71.js:2
16504 @ 2269.5c46b420.chunk.js:1
n @ main.2faaeed8.js:1
79181 @ 8222.6209a852.chunk.js:1
n @ main.2faaeed8.js:1
12491 @ 808.d56623c9.chunk.js:1
n @ main.2faaeed8.js:1
Promise.then
(匿名) @ main.2faaeed8.js:1
(匿名) @ 9561.4bf2dc71.js:2
Cs @ 9561.4bf2dc71.js:2
wc @ 9561.4bf2dc71.js:2
_c @ 9561.4bf2dc71.js:2
dc @ 9561.4bf2dc71.js:2
(匿名) @ 9561.4bf2dc71.js:2
t.unstable_runWithPriority @ 9561.4bf2dc71.js:2
qo @ 9561.4bf2dc71.js:2
Xo @ 9561.4bf2dc71.js:2
$o @ 9561.4bf2dc71.js:2
ic @ 9561.4bf2dc71.js:2
enqueueSetState @ 9561.4bf2dc71.js:2
b.setState @ 9561.4bf2dc71.js:2
(匿名) @ main.2faaeed8.js:1
u @ 9561.4bf2dc71.js:2
(匿名) @ 9561.4bf2dc71.js:2
(匿名) @ 9561.4bf2dc71.js:2
r @ 9561.4bf2dc71.js:2
s @ 9561.4bf2dc71.js:2
Promise.then
r @ 9561.4bf2dc71.js:2
s @ 9561.4bf2dc71.js:2
(匿名) @ 9561.4bf2dc71.js:2
(匿名) @ 9561.4bf2dc71.js:2
(匿名) @ main.2faaeed8.js:1
za @ 9561.4bf2dc71.js:2
$i @ 9561.4bf2dc71.js:2
Cs @ 9561.4bf2dc71.js:2
wc @ 9561.4bf2dc71.js:2
_c @ 9561.4bf2dc71.js:2
dc @ 9561.4bf2dc71.js:2
ic @ 9561.4bf2dc71.js:2
Gc @ 9561.4bf2dc71.js:2
(匿名) @ 9561.4bf2dc71.js:2
pc @ 9561.4bf2dc71.js:2
el @ 9561.4bf2dc71.js:2
render @ 9561.4bf2dc71.js:2
(匿名) @ main.2faaeed8.js:1
u @ 9561.4bf2dc71.js:2
(匿名) @ 9561.4bf2dc71.js:2
(匿名) @ 9561.4bf2dc71.js:2
r @ 9561.4bf2dc71.js:2
s @ 9561.4bf2dc71.js:2
Promise.then
r @ 9561.4bf2dc71.js:2
s @ 9561.4bf2dc71.js:2
(匿名) @ 9561.4bf2dc71.js:2
(匿名) @ 9561.4bf2dc71.js:2
(匿名) @ main.2faaeed8.js:1
(匿名) @ main.2faaeed8.js:1
u @ 9561.4bf2dc71.js:2
(匿名) @ 9561.4bf2dc71.js:2
(匿名) @ 9561.4bf2dc71.js:2
r @ 9561.4bf2dc71.js:2
s @ 9561.4bf2dc71.js:2
Promise.then
r @ 9561.4bf2dc71.js:2
s @ 9561.4bf2dc71.js:2
Promise.then
r @ 9561.4bf2dc71.js:2
s @ 9561.4bf2dc71.js:2
(匿名) @ 9561.4bf2dc71.js:2
(匿名) @ 9561.4bf2dc71.js:2
49209 @ main.2faaeed8.js:1
n @ main.2faaeed8.js:1
(匿名) @ main.2faaeed8.js:1
n.O @ main.2faaeed8.js:1
(匿名) @ main.2faaeed8.js:1
(匿名) @ main.2faaeed8.js:1
(匿名) @ main.2faaeed8.js:1
(匿名) @ main.2faaeed8.js:1
22:43:04.283 9561.4bf2dc71.js:2  react-intl-universal key "e2d15efb" not defined in zh
warningHandler @ 9561.4bf2dc71.js:2
value @ 9561.4bf2dc71.js:2
p @ 9561.4bf2dc71.js:2
value @ 808.d56623c9.chunk.js:1
Xi @ 9561.4bf2dc71.js:2
$i @ 9561.4bf2dc71.js:2
Cs @ 9561.4bf2dc71.js:2
wc @ 9561.4bf2dc71.js:2
_c @ 9561.4bf2dc71.js:2
dc @ 9561.4bf2dc71.js:2
(匿名) @ 9561.4bf2dc71.js:2
t.unstable_runWithPriority @ 9561.4bf2dc71.js:2
qo @ 9561.4bf2dc71.js:2
Xo @ 9561.4bf2dc71.js:2
j @ 9561.4bf2dc71.js:2
M.port1.onmessage @ 9561.4bf2dc71.js:2
22:43:04.283 9561.4bf2dc71.js:2  react-intl-universal key "f5444d4a" not defined in zh
warningHandler @ 9561.4bf2dc71.js:2
value @ 9561.4bf2dc71.js:2
p @ 9561.4bf2dc71.js:2
value @ 808.d56623c9.chunk.js:1
Xi @ 9561.4bf2dc71.js:2
$i @ 9561.4bf2dc71.js:2
Cs @ 9561.4bf2dc71.js:2
wc @ 9561.4bf2dc71.js:2
_c @ 9561.4bf2dc71.js:2
dc @ 9561.4bf2dc71.js:2
(匿名) @ 9561.4bf2dc71.js:2
t.unstable_runWithPriority @ 9561.4bf2dc71.js:2
qo @ 9561.4bf2dc71.js:2
Xo @ 9561.4bf2dc71.js:2
j @ 9561.4bf2dc71.js:2
M.port1.onmessage @ 9561.4bf2dc71.js:2
22:43:04.283 9561.4bf2dc71.js:2  react-intl-universal key "1655dd5f" not defined in zh
warningHandler @ 9561.4bf2dc71.js:2
value @ 9561.4bf2dc71.js:2
p @ 9561.4bf2dc71.js:2
value @ 808.d56623c9.chunk.js:1
Xi @ 9561.4bf2dc71.js:2
$i @ 9561.4bf2dc71.js:2
Cs @ 9561.4bf2dc71.js:2
wc @ 9561.4bf2dc71.js:2
_c @ 9561.4bf2dc71.js:2
dc @ 9561.4bf2dc71.js:2
(匿名) @ 9561.4bf2dc71.js:2
t.unstable_runWithPriority @ 9561.4bf2dc71.js:2
qo @ 9561.4bf2dc71.js:2
Xo @ 9561.4bf2dc71.js:2
j @ 9561.4bf2dc71.js:2
M.port1.onmessage @ 9561.4bf2dc71.js:2
22:43:04.283 9561.4bf2dc71.js:2  react-intl-universal key "e7d2e85a" not defined in zh
warningHandler @ 9561.4bf2dc71.js:2
value @ 9561.4bf2dc71.js:2
p @ 9561.4bf2dc71.js:2
value @ 808.d56623c9.chunk.js:1
Xi @ 9561.4bf2dc71.js:2
$i @ 9561.4bf2dc71.js:2
Cs @ 9561.4bf2dc71.js:2
wc @ 9561.4bf2dc71.js:2
_c @ 9561.4bf2dc71.js:2
dc @ 9561.4bf2dc71.js:2
(匿名) @ 9561.4bf2dc71.js:2
t.unstable_runWithPriority @ 9561.4bf2dc71.js:2
qo @ 9561.4bf2dc71.js:2
Xo @ 9561.4bf2dc71.js:2
j @ 9561.4bf2dc71.js:2
M.port1.onmessage @ 9561.4bf2dc71.js:2
22:43:04.288 9561.4bf2dc71.js:2  react-intl-universal key "447595d5" not defined in zh
warningHandler @ 9561.4bf2dc71.js:2
value @ 9561.4bf2dc71.js:2
p @ 9561.4bf2dc71.js:2
(匿名) @ 8222.6209a852.chunk.js:1
hi @ 9561.4bf2dc71.js:2
Cs @ 9561.4bf2dc71.js:2
wc @ 9561.4bf2dc71.js:2
_c @ 9561.4bf2dc71.js:2
dc @ 9561.4bf2dc71.js:2
(匿名) @ 9561.4bf2dc71.js:2
t.unstable_runWithPriority @ 9561.4bf2dc71.js:2
qo @ 9561.4bf2dc71.js:2
Xo @ 9561.4bf2dc71.js:2
j @ 9561.4bf2dc71.js:2
M.port1.onmessage @ 9561.4bf2dc71.js:2
22:43:04.297 main.2faaeed8.js:1 showSearch true
22:43:04.300 9561.4bf2dc71.js:2  react-intl-universal key "e2d15efb" not defined in zh
warningHandler @ 9561.4bf2dc71.js:2
value @ 9561.4bf2dc71.js:2
p @ 9561.4bf2dc71.js:2
value @ 808.d56623c9.chunk.js:1
Xi @ 9561.4bf2dc71.js:2
$i @ 9561.4bf2dc71.js:2
Cs @ 9561.4bf2dc71.js:2
wc @ 9561.4bf2dc71.js:2
_c @ 9561.4bf2dc71.js:2
dc @ 9561.4bf2dc71.js:2
(匿名) @ 9561.4bf2dc71.js:2
t.unstable_runWithPriority @ 9561.4bf2dc71.js:2
qo @ 9561.4bf2dc71.js:2
Xo @ 9561.4bf2dc71.js:2
j @ 9561.4bf2dc71.js:2
M.port1.onmessage @ 9561.4bf2dc71.js:2
22:43:04.300 9561.4bf2dc71.js:2  react-intl-universal key "f5444d4a" not defined in zh
warningHandler @ 9561.4bf2dc71.js:2
value @ 9561.4bf2dc71.js:2
p @ 9561.4bf2dc71.js:2
value @ 808.d56623c9.chunk.js:1
Xi @ 9561.4bf2dc71.js:2
$i @ 9561.4bf2dc71.js:2
Cs @ 9561.4bf2dc71.js:2
wc @ 9561.4bf2dc71.js:2
_c @ 9561.4bf2dc71.js:2
dc @ 9561.4bf2dc71.js:2
(匿名) @ 9561.4bf2dc71.js:2
t.unstable_runWithPriority @ 9561.4bf2dc71.js:2
qo @ 9561.4bf2dc71.js:2
Xo @ 9561.4bf2dc71.js:2
j @ 9561.4bf2dc71.js:2
M.port1.onmessage @ 9561.4bf2dc71.js:2
22:43:04.300 9561.4bf2dc71.js:2  react-intl-universal key "1655dd5f" not defined in zh
warningHandler @ 9561.4bf2dc71.js:2
value @ 9561.4bf2dc71.js:2
p @ 9561.4bf2dc71.js:2
value @ 808.d56623c9.chunk.js:1
Xi @ 9561.4bf2dc71.js:2
$i @ 9561.4bf2dc71.js:2
Cs @ 9561.4bf2dc71.js:2
wc @ 9561.4bf2dc71.js:2
_c @ 9561.4bf2dc71.js:2
dc @ 9561.4bf2dc71.js:2
(匿名) @ 9561.4bf2dc71.js:2
t.unstable_runWithPriority @ 9561.4bf2dc71.js:2
qo @ 9561.4bf2dc71.js:2
Xo @ 9561.4bf2dc71.js:2
j @ 9561.4bf2dc71.js:2
M.port1.onmessage @ 9561.4bf2dc71.js:2
22:43:04.300 9561.4bf2dc71.js:2  react-intl-universal key "e7d2e85a" not defined in zh
warningHandler @ 9561.4bf2dc71.js:2
value @ 9561.4bf2dc71.js:2
p @ 9561.4bf2dc71.js:2
value @ 808.d56623c9.chunk.js:1
Xi @ 9561.4bf2dc71.js:2
$i @ 9561.4bf2dc71.js:2
Cs @ 9561.4bf2dc71.js:2
wc @ 9561.4bf2dc71.js:2
_c @ 9561.4bf2dc71.js:2
dc @ 9561.4bf2dc71.js:2
(匿名) @ 9561.4bf2dc71.js:2
t.unstable_runWithPriority @ 9561.4bf2dc71.js:2
qo @ 9561.4bf2dc71.js:2
Xo @ 9561.4bf2dc71.js:2
j @ 9561.4bf2dc71.js:2
M.port1.onmessage @ 9561.4bf2dc71.js:2
22:43:04.300 9561.4bf2dc71.js:2  react-intl-universal key "447595d5" not defined in zh
warningHandler @ 9561.4bf2dc71.js:2
value @ 9561.4bf2dc71.js:2
p @ 9561.4bf2dc71.js:2
(匿名) @ 8222.6209a852.chunk.js:1
hi @ 9561.4bf2dc71.js:2
Qi @ 9561.4bf2dc71.js:2
Cs @ 9561.4bf2dc71.js:2
wc @ 9561.4bf2dc71.js:2
_c @ 9561.4bf2dc71.js:2
dc @ 9561.4bf2dc71.js:2
(匿名) @ 9561.4bf2dc71.js:2
t.unstable_runWithPriority @ 9561.4bf2dc71.js:2
qo @ 9561.4bf2dc71.js:2
Xo @ 9561.4bf2dc71.js:2
j @ 9561.4bf2dc71.js:2
M.port1.onmessage @ 9561.4bf2dc71.js:2
22:43:04.305 log.ts:179 [debug 22:43:4 ] 拦截到HTTP请求: /learn/app/clientapi/course/queryCourseDetail.do?os=99&sid=5397039584D145B7AB47EED180FF5ED9
22:43:04.307 log.ts:179 [debug 22:43:4 ] 拦截到HTTP请求: /learn/app/clientapi/course/relatedResources.do?courseId=N000144&type=2&sid=5397039584D145B7AB47EED180FF5ED9&os=99
22:43:04.307 log.ts:179 [debug 22:43:4 ] 拦截到HTTP请求: /learn/app/clientapi/course/queryCourseBaseInfo.do?courseId=N000144&sid=5397039584D145B7AB47EED180FF5ED9&os=99
22:43:04.308 log.ts:179 [debug 22:43:4 ] 拦截到HTTP请求: /learn/app/clientapi/user/personDetail.do?searchedUserId=51A0C28038F643F59B89D714776508D3&sid=5397039584D145B7AB47EED180FF5ED9&os=99
22:43:04.443 9561.4bf2dc71.js:2 div
22:43:04.443 9561.4bf2dc71.js:2 由于“保留日志”的原因，已阻止console.clear()
22:43:04.443 9561.4bf2dc71.js:2 ƒ l(){}
22:43:04.443 9561.4bf2dc71.js:2 由于“保留日志”的原因，已阻止console.clear()
22:43:04.443 9561.4bf2dc71.js:2 (索引)toStringlastIndexdotAllflagsglobalhasIndicesignoreCasemultilinesourcestickyunicodeunicodeSets(索引)toStringlastIndexdotAllflagsglobalhasIndicesignoreCasemultilinesourcestickyunicodeunicodeSetsdepƒ0false''falsefalsefalsefalse' 'falsefalsefalseObject
22:43:04.443 9561.4bf2dc71.js:2 由于“保留日志”的原因，已阻止console.clear()
22:43:04.443 9561.4bf2dc71.js:2 Thu Mar 12 2026 22:43:03 GMT+0800 (中国标准时间)
22:43:04.444 9561.4bf2dc71.js:2 由于“保留日志”的原因，已阻止console.clear()
22:43:04.444 9561.4bf2dc71.js:2 {}
22:43:04.444 9561.4bf2dc71.js:2 由于“保留日志”的原因，已阻止console.clear()
22:43:04.490 log.ts:179 [debug 22:43:4 ] 等待课程数据... 1
22:43:04.528 9561.4bf2dc71.js:2  react-intl-universal key "e2d15efb" not defined in zh
warningHandler @ 9561.4bf2dc71.js:2
value @ 9561.4bf2dc71.js:2
p @ 9561.4bf2dc71.js:2
value @ 808.d56623c9.chunk.js:1
Xi @ 9561.4bf2dc71.js:2
$i @ 9561.4bf2dc71.js:2
Cs @ 9561.4bf2dc71.js:2
wc @ 9561.4bf2dc71.js:2
_c @ 9561.4bf2dc71.js:2
dc @ 9561.4bf2dc71.js:2
(匿名) @ 9561.4bf2dc71.js:2
t.unstable_runWithPriority @ 9561.4bf2dc71.js:2
qo @ 9561.4bf2dc71.js:2
Xo @ 9561.4bf2dc71.js:2
$o @ 9561.4bf2dc71.js:2
ic @ 9561.4bf2dc71.js:2
enqueueSetState @ 9561.4bf2dc71.js:2
b.setState @ 9561.4bf2dc71.js:2
(匿名) @ 808.d56623c9.chunk.js:1
u @ 9561.4bf2dc71.js:2
(匿名) @ 9561.4bf2dc71.js:2
(匿名) @ 9561.4bf2dc71.js:2
r @ 9561.4bf2dc71.js:2
s @ 9561.4bf2dc71.js:2
Promise.then
r @ 9561.4bf2dc71.js:2
s @ 9561.4bf2dc71.js:2
(匿名) @ 9561.4bf2dc71.js:2
(匿名) @ 9561.4bf2dc71.js:2
value @ 808.d56623c9.chunk.js:1
F @ 9561.4bf2dc71.js:2
(匿名) @ 9561.4bf2dc71.js:2
Ec @ 9561.4bf2dc71.js:2
t.unstable_runWithPriority @ 9561.4bf2dc71.js:2
qo @ 9561.4bf2dc71.js:2
kc @ 9561.4bf2dc71.js:2
dc @ 9561.4bf2dc71.js:2
(匿名) @ 9561.4bf2dc71.js:2
t.unstable_runWithPriority @ 9561.4bf2dc71.js:2
qo @ 9561.4bf2dc71.js:2
Xo @ 9561.4bf2dc71.js:2
j @ 9561.4bf2dc71.js:2
M.port1.onmessage @ 9561.4bf2dc71.js:2
22:43:04.528 9561.4bf2dc71.js:2  react-intl-universal key "f5444d4a" not defined in zh
warningHandler @ 9561.4bf2dc71.js:2
value @ 9561.4bf2dc71.js:2
p @ 9561.4bf2dc71.js:2
value @ 808.d56623c9.chunk.js:1
Xi @ 9561.4bf2dc71.js:2
$i @ 9561.4bf2dc71.js:2
Cs @ 9561.4bf2dc71.js:2
wc @ 9561.4bf2dc71.js:2
_c @ 9561.4bf2dc71.js:2
dc @ 9561.4bf2dc71.js:2
(匿名) @ 9561.4bf2dc71.js:2
t.unstable_runWithPriority @ 9561.4bf2dc71.js:2
qo @ 9561.4bf2dc71.js:2
Xo @ 9561.4bf2dc71.js:2
$o @ 9561.4bf2dc71.js:2
ic @ 9561.4bf2dc71.js:2
enqueueSetState @ 9561.4bf2dc71.js:2
b.setState @ 9561.4bf2dc71.js:2
(匿名) @ 808.d56623c9.chunk.js:1
u @ 9561.4bf2dc71.js:2
(匿名) @ 9561.4bf2dc71.js:2
(匿名) @ 9561.4bf2dc71.js:2
r @ 9561.4bf2dc71.js:2
s @ 9561.4bf2dc71.js:2
Promise.then
r @ 9561.4bf2dc71.js:2
s @ 9561.4bf2dc71.js:2
(匿名) @ 9561.4bf2dc71.js:2
(匿名) @ 9561.4bf2dc71.js:2
value @ 808.d56623c9.chunk.js:1
F @ 9561.4bf2dc71.js:2
(匿名) @ 9561.4bf2dc71.js:2
Ec @ 9561.4bf2dc71.js:2
t.unstable_runWithPriority @ 9561.4bf2dc71.js:2
qo @ 9561.4bf2dc71.js:2
kc @ 9561.4bf2dc71.js:2
dc @ 9561.4bf2dc71.js:2
(匿名) @ 9561.4bf2dc71.js:2
t.unstable_runWithPriority @ 9561.4bf2dc71.js:2
qo @ 9561.4bf2dc71.js:2
Xo @ 9561.4bf2dc71.js:2
j @ 9561.4bf2dc71.js:2
M.port1.onmessage @ 9561.4bf2dc71.js:2
22:43:04.528 9561.4bf2dc71.js:2  react-intl-universal key "1655dd5f" not defined in zh
warningHandler @ 9561.4bf2dc71.js:2
value @ 9561.4bf2dc71.js:2
p @ 9561.4bf2dc71.js:2
value @ 808.d56623c9.chunk.js:1
Xi @ 9561.4bf2dc71.js:2
$i @ 9561.4bf2dc71.js:2
Cs @ 9561.4bf2dc71.js:2
wc @ 9561.4bf2dc71.js:2
_c @ 9561.4bf2dc71.js:2
dc @ 9561.4bf2dc71.js:2
(匿名) @ 9561.4bf2dc71.js:2
t.unstable_runWithPriority @ 9561.4bf2dc71.js:2
qo @ 9561.4bf2dc71.js:2
Xo @ 9561.4bf2dc71.js:2
$o @ 9561.4bf2dc71.js:2
ic @ 9561.4bf2dc71.js:2
enqueueSetState @ 9561.4bf2dc71.js:2
b.setState @ 9561.4bf2dc71.js:2
(匿名) @ 808.d56623c9.chunk.js:1
u @ 9561.4bf2dc71.js:2
(匿名) @ 9561.4bf2dc71.js:2
(匿名) @ 9561.4bf2dc71.js:2
r @ 9561.4bf2dc71.js:2
s @ 9561.4bf2dc71.js:2
Promise.then
r @ 9561.4bf2dc71.js:2
s @ 9561.4bf2dc71.js:2
(匿名) @ 9561.4bf2dc71.js:2
(匿名) @ 9561.4bf2dc71.js:2
value @ 808.d56623c9.chunk.js:1
F @ 9561.4bf2dc71.js:2
(匿名) @ 9561.4bf2dc71.js:2
Ec @ 9561.4bf2dc71.js:2
t.unstable_runWithPriority @ 9561.4bf2dc71.js:2
qo @ 9561.4bf2dc71.js:2
kc @ 9561.4bf2dc71.js:2
dc @ 9561.4bf2dc71.js:2
(匿名) @ 9561.4bf2dc71.js:2
t.unstable_runWithPriority @ 9561.4bf2dc71.js:2
qo @ 9561.4bf2dc71.js:2
Xo @ 9561.4bf2dc71.js:2
j @ 9561.4bf2dc71.js:2
M.port1.onmessage @ 9561.4bf2dc71.js:2
22:43:04.529 9561.4bf2dc71.js:2  react-intl-universal key "e7d2e85a" not defined in zh
warningHandler @ 9561.4bf2dc71.js:2
value @ 9561.4bf2dc71.js:2
p @ 9561.4bf2dc71.js:2
value @ 808.d56623c9.chunk.js:1
Xi @ 9561.4bf2dc71.js:2
$i @ 9561.4bf2dc71.js:2
Cs @ 9561.4bf2dc71.js:2
wc @ 9561.4bf2dc71.js:2
_c @ 9561.4bf2dc71.js:2
dc @ 9561.4bf2dc71.js:2
(匿名) @ 9561.4bf2dc71.js:2
t.unstable_runWithPriority @ 9561.4bf2dc71.js:2
qo @ 9561.4bf2dc71.js:2
Xo @ 9561.4bf2dc71.js:2
$o @ 9561.4bf2dc71.js:2
ic @ 9561.4bf2dc71.js:2
enqueueSetState @ 9561.4bf2dc71.js:2
b.setState @ 9561.4bf2dc71.js:2
(匿名) @ 808.d56623c9.chunk.js:1
u @ 9561.4bf2dc71.js:2
(匿名) @ 9561.4bf2dc71.js:2
(匿名) @ 9561.4bf2dc71.js:2
r @ 9561.4bf2dc71.js:2
s @ 9561.4bf2dc71.js:2
Promise.then
r @ 9561.4bf2dc71.js:2
s @ 9561.4bf2dc71.js:2
(匿名) @ 9561.4bf2dc71.js:2
(匿名) @ 9561.4bf2dc71.js:2
value @ 808.d56623c9.chunk.js:1
F @ 9561.4bf2dc71.js:2
(匿名) @ 9561.4bf2dc71.js:2
Ec @ 9561.4bf2dc71.js:2
t.unstable_runWithPriority @ 9561.4bf2dc71.js:2
qo @ 9561.4bf2dc71.js:2
kc @ 9561.4bf2dc71.js:2
dc @ 9561.4bf2dc71.js:2
(匿名) @ 9561.4bf2dc71.js:2
t.unstable_runWithPriority @ 9561.4bf2dc71.js:2
qo @ 9561.4bf2dc71.js:2
Xo @ 9561.4bf2dc71.js:2
j @ 9561.4bf2dc71.js:2
M.port1.onmessage @ 9561.4bf2dc71.js:2
22:43:04.530 9561.4bf2dc71.js:2  react-intl-universal key "447595d5" not defined in zh
warningHandler @ 9561.4bf2dc71.js:2
value @ 9561.4bf2dc71.js:2
p @ 9561.4bf2dc71.js:2
(匿名) @ 8222.6209a852.chunk.js:1
hi @ 9561.4bf2dc71.js:2
Qi @ 9561.4bf2dc71.js:2
Cs @ 9561.4bf2dc71.js:2
wc @ 9561.4bf2dc71.js:2
_c @ 9561.4bf2dc71.js:2
dc @ 9561.4bf2dc71.js:2
(匿名) @ 9561.4bf2dc71.js:2
t.unstable_runWithPriority @ 9561.4bf2dc71.js:2
qo @ 9561.4bf2dc71.js:2
Xo @ 9561.4bf2dc71.js:2
$o @ 9561.4bf2dc71.js:2
ic @ 9561.4bf2dc71.js:2
enqueueSetState @ 9561.4bf2dc71.js:2
b.setState @ 9561.4bf2dc71.js:2
(匿名) @ 808.d56623c9.chunk.js:1
u @ 9561.4bf2dc71.js:2
(匿名) @ 9561.4bf2dc71.js:2
(匿名) @ 9561.4bf2dc71.js:2
r @ 9561.4bf2dc71.js:2
s @ 9561.4bf2dc71.js:2
Promise.then
r @ 9561.4bf2dc71.js:2
s @ 9561.4bf2dc71.js:2
(匿名) @ 9561.4bf2dc71.js:2
(匿名) @ 9561.4bf2dc71.js:2
value @ 808.d56623c9.chunk.js:1
F @ 9561.4bf2dc71.js:2
(匿名) @ 9561.4bf2dc71.js:2
Ec @ 9561.4bf2dc71.js:2
t.unstable_runWithPriority @ 9561.4bf2dc71.js:2
qo @ 9561.4bf2dc71.js:2
kc @ 9561.4bf2dc71.js:2
dc @ 9561.4bf2dc71.js:2
(匿名) @ 9561.4bf2dc71.js:2
t.unstable_runWithPriority @ 9561.4bf2dc71.js:2
qo @ 9561.4bf2dc71.js:2
Xo @ 9561.4bf2dc71.js:2
j @ 9561.4bf2dc71.js:2
M.port1.onmessage @ 9561.4bf2dc71.js:2
22:43:04.543 9561.4bf2dc71.js:2  react-intl-universal key "e2d15efb" not defined in zh
warningHandler @ 9561.4bf2dc71.js:2
value @ 9561.4bf2dc71.js:2
p @ 9561.4bf2dc71.js:2
value @ 808.d56623c9.chunk.js:1
Xi @ 9561.4bf2dc71.js:2
$i @ 9561.4bf2dc71.js:2
Cs @ 9561.4bf2dc71.js:2
wc @ 9561.4bf2dc71.js:2
_c @ 9561.4bf2dc71.js:2
dc @ 9561.4bf2dc71.js:2
(匿名) @ 9561.4bf2dc71.js:2
t.unstable_runWithPriority @ 9561.4bf2dc71.js:2
qo @ 9561.4bf2dc71.js:2
Xo @ 9561.4bf2dc71.js:2
$o @ 9561.4bf2dc71.js:2
ic @ 9561.4bf2dc71.js:2
enqueueSetState @ 9561.4bf2dc71.js:2
b.setState @ 9561.4bf2dc71.js:2
(匿名) @ 808.d56623c9.chunk.js:1
u @ 9561.4bf2dc71.js:2
(匿名) @ 9561.4bf2dc71.js:2
(匿名) @ 9561.4bf2dc71.js:2
r @ 9561.4bf2dc71.js:2
s @ 9561.4bf2dc71.js:2
Promise.then
r @ 9561.4bf2dc71.js:2
s @ 9561.4bf2dc71.js:2
(匿名) @ 9561.4bf2dc71.js:2
(匿名) @ 9561.4bf2dc71.js:2
value @ 808.d56623c9.chunk.js:1
F @ 9561.4bf2dc71.js:2
(匿名) @ 9561.4bf2dc71.js:2
Ec @ 9561.4bf2dc71.js:2
t.unstable_runWithPriority @ 9561.4bf2dc71.js:2
qo @ 9561.4bf2dc71.js:2
kc @ 9561.4bf2dc71.js:2
dc @ 9561.4bf2dc71.js:2
(匿名) @ 9561.4bf2dc71.js:2
t.unstable_runWithPriority @ 9561.4bf2dc71.js:2
qo @ 9561.4bf2dc71.js:2
Xo @ 9561.4bf2dc71.js:2
j @ 9561.4bf2dc71.js:2
M.port1.onmessage @ 9561.4bf2dc71.js:2
22:43:04.543 9561.4bf2dc71.js:2  react-intl-universal key "f5444d4a" not defined in zh
warningHandler @ 9561.4bf2dc71.js:2
value @ 9561.4bf2dc71.js:2
p @ 9561.4bf2dc71.js:2
value @ 808.d56623c9.chunk.js:1
Xi @ 9561.4bf2dc71.js:2
$i @ 9561.4bf2dc71.js:2
Cs @ 9561.4bf2dc71.js:2
wc @ 9561.4bf2dc71.js:2
_c @ 9561.4bf2dc71.js:2
dc @ 9561.4bf2dc71.js:2
(匿名) @ 9561.4bf2dc71.js:2
t.unstable_runWithPriority @ 9561.4bf2dc71.js:2
qo @ 9561.4bf2dc71.js:2
Xo @ 9561.4bf2dc71.js:2
$o @ 9561.4bf2dc71.js:2
ic @ 9561.4bf2dc71.js:2
enqueueSetState @ 9561.4bf2dc71.js:2
b.setState @ 9561.4bf2dc71.js:2
(匿名) @ 808.d56623c9.chunk.js:1
u @ 9561.4bf2dc71.js:2
(匿名) @ 9561.4bf2dc71.js:2
(匿名) @ 9561.4bf2dc71.js:2
r @ 9561.4bf2dc71.js:2
s @ 9561.4bf2dc71.js:2
Promise.then
r @ 9561.4bf2dc71.js:2
s @ 9561.4bf2dc71.js:2
(匿名) @ 9561.4bf2dc71.js:2
(匿名) @ 9561.4bf2dc71.js:2
value @ 808.d56623c9.chunk.js:1
F @ 9561.4bf2dc71.js:2
(匿名) @ 9561.4bf2dc71.js:2
Ec @ 9561.4bf2dc71.js:2
t.unstable_runWithPriority @ 9561.4bf2dc71.js:2
qo @ 9561.4bf2dc71.js:2
kc @ 9561.4bf2dc71.js:2
dc @ 9561.4bf2dc71.js:2
(匿名) @ 9561.4bf2dc71.js:2
t.unstable_runWithPriority @ 9561.4bf2dc71.js:2
qo @ 9561.4bf2dc71.js:2
Xo @ 9561.4bf2dc71.js:2
j @ 9561.4bf2dc71.js:2
M.port1.onmessage @ 9561.4bf2dc71.js:2
22:43:04.543 9561.4bf2dc71.js:2  react-intl-universal key "1655dd5f" not defined in zh
warningHandler @ 9561.4bf2dc71.js:2
value @ 9561.4bf2dc71.js:2
p @ 9561.4bf2dc71.js:2
value @ 808.d56623c9.chunk.js:1
Xi @ 9561.4bf2dc71.js:2
$i @ 9561.4bf2dc71.js:2
Cs @ 9561.4bf2dc71.js:2
wc @ 9561.4bf2dc71.js:2
_c @ 9561.4bf2dc71.js:2
dc @ 9561.4bf2dc71.js:2
(匿名) @ 9561.4bf2dc71.js:2
t.unstable_runWithPriority @ 9561.4bf2dc71.js:2
qo @ 9561.4bf2dc71.js:2
Xo @ 9561.4bf2dc71.js:2
$o @ 9561.4bf2dc71.js:2
ic @ 9561.4bf2dc71.js:2
enqueueSetState @ 9561.4bf2dc71.js:2
b.setState @ 9561.4bf2dc71.js:2
(匿名) @ 808.d56623c9.chunk.js:1
u @ 9561.4bf2dc71.js:2
(匿名) @ 9561.4bf2dc71.js:2
(匿名) @ 9561.4bf2dc71.js:2
r @ 9561.4bf2dc71.js:2
s @ 9561.4bf2dc71.js:2
Promise.then
r @ 9561.4bf2dc71.js:2
s @ 9561.4bf2dc71.js:2
(匿名) @ 9561.4bf2dc71.js:2
(匿名) @ 9561.4bf2dc71.js:2
value @ 808.d56623c9.chunk.js:1
F @ 9561.4bf2dc71.js:2
(匿名) @ 9561.4bf2dc71.js:2
Ec @ 9561.4bf2dc71.js:2
t.unstable_runWithPriority @ 9561.4bf2dc71.js:2
qo @ 9561.4bf2dc71.js:2
kc @ 9561.4bf2dc71.js:2
dc @ 9561.4bf2dc71.js:2
(匿名) @ 9561.4bf2dc71.js:2
t.unstable_runWithPriority @ 9561.4bf2dc71.js:2
qo @ 9561.4bf2dc71.js:2
Xo @ 9561.4bf2dc71.js:2
j @ 9561.4bf2dc71.js:2
M.port1.onmessage @ 9561.4bf2dc71.js:2
22:43:04.543 9561.4bf2dc71.js:2  react-intl-universal key "e7d2e85a" not defined in zh
warningHandler @ 9561.4bf2dc71.js:2
value @ 9561.4bf2dc71.js:2
p @ 9561.4bf2dc71.js:2
value @ 808.d56623c9.chunk.js:1
Xi @ 9561.4bf2dc71.js:2
$i @ 9561.4bf2dc71.js:2
Cs @ 9561.4bf2dc71.js:2
wc @ 9561.4bf2dc71.js:2
_c @ 9561.4bf2dc71.js:2
dc @ 9561.4bf2dc71.js:2
(匿名) @ 9561.4bf2dc71.js:2
t.unstable_runWithPriority @ 9561.4bf2dc71.js:2
qo @ 9561.4bf2dc71.js:2
Xo @ 9561.4bf2dc71.js:2
$o @ 9561.4bf2dc71.js:2
ic @ 9561.4bf2dc71.js:2
enqueueSetState @ 9561.4bf2dc71.js:2
b.setState @ 9561.4bf2dc71.js:2
(匿名) @ 808.d56623c9.chunk.js:1
u @ 9561.4bf2dc71.js:2
(匿名) @ 9561.4bf2dc71.js:2
(匿名) @ 9561.4bf2dc71.js:2
r @ 9561.4bf2dc71.js:2
s @ 9561.4bf2dc71.js:2
Promise.then
r @ 9561.4bf2dc71.js:2
s @ 9561.4bf2dc71.js:2
(匿名) @ 9561.4bf2dc71.js:2
(匿名) @ 9561.4bf2dc71.js:2
value @ 808.d56623c9.chunk.js:1
F @ 9561.4bf2dc71.js:2
(匿名) @ 9561.4bf2dc71.js:2
Ec @ 9561.4bf2dc71.js:2
t.unstable_runWithPriority @ 9561.4bf2dc71.js:2
qo @ 9561.4bf2dc71.js:2
kc @ 9561.4bf2dc71.js:2
dc @ 9561.4bf2dc71.js:2
(匿名) @ 9561.4bf2dc71.js:2
t.unstable_runWithPriority @ 9561.4bf2dc71.js:2
qo @ 9561.4bf2dc71.js:2
Xo @ 9561.4bf2dc71.js:2
j @ 9561.4bf2dc71.js:2
M.port1.onmessage @ 9561.4bf2dc71.js:2
22:43:04.544 9561.4bf2dc71.js:2  react-intl-universal key "447595d5" not defined in zh
warningHandler @ 9561.4bf2dc71.js:2
value @ 9561.4bf2dc71.js:2
p @ 9561.4bf2dc71.js:2
(匿名) @ 8222.6209a852.chunk.js:1
hi @ 9561.4bf2dc71.js:2
Qi @ 9561.4bf2dc71.js:2
Cs @ 9561.4bf2dc71.js:2
wc @ 9561.4bf2dc71.js:2
_c @ 9561.4bf2dc71.js:2
dc @ 9561.4bf2dc71.js:2
(匿名) @ 9561.4bf2dc71.js:2
t.unstable_runWithPriority @ 9561.4bf2dc71.js:2
qo @ 9561.4bf2dc71.js:2
Xo @ 9561.4bf2dc71.js:2
$o @ 9561.4bf2dc71.js:2
ic @ 9561.4bf2dc71.js:2
enqueueSetState @ 9561.4bf2dc71.js:2
b.setState @ 9561.4bf2dc71.js:2
(匿名) @ 808.d56623c9.chunk.js:1
u @ 9561.4bf2dc71.js:2
(匿名) @ 9561.4bf2dc71.js:2
(匿名) @ 9561.4bf2dc71.js:2
r @ 9561.4bf2dc71.js:2
s @ 9561.4bf2dc71.js:2
Promise.then
r @ 9561.4bf2dc71.js:2
s @ 9561.4bf2dc71.js:2
(匿名) @ 9561.4bf2dc71.js:2
(匿名) @ 9561.4bf2dc71.js:2
value @ 808.d56623c9.chunk.js:1
F @ 9561.4bf2dc71.js:2
(匿名) @ 9561.4bf2dc71.js:2
Ec @ 9561.4bf2dc71.js:2
t.unstable_runWithPriority @ 9561.4bf2dc71.js:2
qo @ 9561.4bf2dc71.js:2
kc @ 9561.4bf2dc71.js:2
dc @ 9561.4bf2dc71.js:2
(匿名) @ 9561.4bf2dc71.js:2
t.unstable_runWithPriority @ 9561.4bf2dc71.js:2
qo @ 9561.4bf2dc71.js:2
Xo @ 9561.4bf2dc71.js:2
j @ 9561.4bf2dc71.js:2
M.port1.onmessage @ 9561.4bf2dc71.js:2
22:43:04.550 9561.4bf2dc71.js:2  react-intl-universal key "e2d15efb" not defined in zh
warningHandler @ 9561.4bf2dc71.js:2
value @ 9561.4bf2dc71.js:2
p @ 9561.4bf2dc71.js:2
value @ 808.d56623c9.chunk.js:1
Xi @ 9561.4bf2dc71.js:2
$i @ 9561.4bf2dc71.js:2
Cs @ 9561.4bf2dc71.js:2
wc @ 9561.4bf2dc71.js:2
_c @ 9561.4bf2dc71.js:2
dc @ 9561.4bf2dc71.js:2
(匿名) @ 9561.4bf2dc71.js:2
t.unstable_runWithPriority @ 9561.4bf2dc71.js:2
qo @ 9561.4bf2dc71.js:2
Xo @ 9561.4bf2dc71.js:2
$o @ 9561.4bf2dc71.js:2
ic @ 9561.4bf2dc71.js:2
enqueueSetState @ 9561.4bf2dc71.js:2
b.setState @ 9561.4bf2dc71.js:2
(匿名) @ 808.d56623c9.chunk.js:1
u @ 9561.4bf2dc71.js:2
(匿名) @ 9561.4bf2dc71.js:2
(匿名) @ 9561.4bf2dc71.js:2
r @ 9561.4bf2dc71.js:2
s @ 9561.4bf2dc71.js:2
Promise.then
r @ 9561.4bf2dc71.js:2
s @ 9561.4bf2dc71.js:2
(匿名) @ 9561.4bf2dc71.js:2
(匿名) @ 9561.4bf2dc71.js:2
value @ 808.d56623c9.chunk.js:1
F @ 9561.4bf2dc71.js:2
(匿名) @ 9561.4bf2dc71.js:2
Ec @ 9561.4bf2dc71.js:2
t.unstable_runWithPriority @ 9561.4bf2dc71.js:2
qo @ 9561.4bf2dc71.js:2
kc @ 9561.4bf2dc71.js:2
dc @ 9561.4bf2dc71.js:2
(匿名) @ 9561.4bf2dc71.js:2
t.unstable_runWithPriority @ 9561.4bf2dc71.js:2
qo @ 9561.4bf2dc71.js:2
Xo @ 9561.4bf2dc71.js:2
j @ 9561.4bf2dc71.js:2
M.port1.onmessage @ 9561.4bf2dc71.js:2
22:43:04.550 9561.4bf2dc71.js:2  react-intl-universal key "f5444d4a" not defined in zh
warningHandler @ 9561.4bf2dc71.js:2
value @ 9561.4bf2dc71.js:2
p @ 9561.4bf2dc71.js:2
value @ 808.d56623c9.chunk.js:1
Xi @ 9561.4bf2dc71.js:2
$i @ 9561.4bf2dc71.js:2
Cs @ 9561.4bf2dc71.js:2
wc @ 9561.4bf2dc71.js:2
_c @ 9561.4bf2dc71.js:2
dc @ 9561.4bf2dc71.js:2
(匿名) @ 9561.4bf2dc71.js:2
t.unstable_runWithPriority @ 9561.4bf2dc71.js:2
qo @ 9561.4bf2dc71.js:2
Xo @ 9561.4bf2dc71.js:2
$o @ 9561.4bf2dc71.js:2
ic @ 9561.4bf2dc71.js:2
enqueueSetState @ 9561.4bf2dc71.js:2
b.setState @ 9561.4bf2dc71.js:2
(匿名) @ 808.d56623c9.chunk.js:1
u @ 9561.4bf2dc71.js:2
(匿名) @ 9561.4bf2dc71.js:2
(匿名) @ 9561.4bf2dc71.js:2
r @ 9561.4bf2dc71.js:2
s @ 9561.4bf2dc71.js:2
Promise.then
r @ 9561.4bf2dc71.js:2
s @ 9561.4bf2dc71.js:2
(匿名) @ 9561.4bf2dc71.js:2
(匿名) @ 9561.4bf2dc71.js:2
value @ 808.d56623c9.chunk.js:1
F @ 9561.4bf2dc71.js:2
(匿名) @ 9561.4bf2dc71.js:2
Ec @ 9561.4bf2dc71.js:2
t.unstable_runWithPriority @ 9561.4bf2dc71.js:2
qo @ 9561.4bf2dc71.js:2
kc @ 9561.4bf2dc71.js:2
dc @ 9561.4bf2dc71.js:2
(匿名) @ 9561.4bf2dc71.js:2
t.unstable_runWithPriority @ 9561.4bf2dc71.js:2
qo @ 9561.4bf2dc71.js:2
Xo @ 9561.4bf2dc71.js:2
j @ 9561.4bf2dc71.js:2
M.port1.onmessage @ 9561.4bf2dc71.js:2
22:43:04.550 9561.4bf2dc71.js:2  react-intl-universal key "1655dd5f" not defined in zh
warningHandler @ 9561.4bf2dc71.js:2
value @ 9561.4bf2dc71.js:2
p @ 9561.4bf2dc71.js:2
value @ 808.d56623c9.chunk.js:1
Xi @ 9561.4bf2dc71.js:2
$i @ 9561.4bf2dc71.js:2
Cs @ 9561.4bf2dc71.js:2
wc @ 9561.4bf2dc71.js:2
_c @ 9561.4bf2dc71.js:2
dc @ 9561.4bf2dc71.js:2
(匿名) @ 9561.4bf2dc71.js:2
t.unstable_runWithPriority @ 9561.4bf2dc71.js:2
qo @ 9561.4bf2dc71.js:2
Xo @ 9561.4bf2dc71.js:2
$o @ 9561.4bf2dc71.js:2
ic @ 9561.4bf2dc71.js:2
enqueueSetState @ 9561.4bf2dc71.js:2
b.setState @ 9561.4bf2dc71.js:2
(匿名) @ 808.d56623c9.chunk.js:1
u @ 9561.4bf2dc71.js:2
(匿名) @ 9561.4bf2dc71.js:2
(匿名) @ 9561.4bf2dc71.js:2
r @ 9561.4bf2dc71.js:2
s @ 9561.4bf2dc71.js:2
Promise.then
r @ 9561.4bf2dc71.js:2
s @ 9561.4bf2dc71.js:2
(匿名) @ 9561.4bf2dc71.js:2
(匿名) @ 9561.4bf2dc71.js:2
value @ 808.d56623c9.chunk.js:1
F @ 9561.4bf2dc71.js:2
(匿名) @ 9561.4bf2dc71.js:2
Ec @ 9561.4bf2dc71.js:2
t.unstable_runWithPriority @ 9561.4bf2dc71.js:2
qo @ 9561.4bf2dc71.js:2
kc @ 9561.4bf2dc71.js:2
dc @ 9561.4bf2dc71.js:2
(匿名) @ 9561.4bf2dc71.js:2
t.unstable_runWithPriority @ 9561.4bf2dc71.js:2
qo @ 9561.4bf2dc71.js:2
Xo @ 9561.4bf2dc71.js:2
j @ 9561.4bf2dc71.js:2
M.port1.onmessage @ 9561.4bf2dc71.js:2
22:43:04.550 9561.4bf2dc71.js:2  react-intl-universal key "e7d2e85a" not defined in zh
warningHandler @ 9561.4bf2dc71.js:2
value @ 9561.4bf2dc71.js:2
p @ 9561.4bf2dc71.js:2
value @ 808.d56623c9.chunk.js:1
Xi @ 9561.4bf2dc71.js:2
$i @ 9561.4bf2dc71.js:2
Cs @ 9561.4bf2dc71.js:2
wc @ 9561.4bf2dc71.js:2
_c @ 9561.4bf2dc71.js:2
dc @ 9561.4bf2dc71.js:2
(匿名) @ 9561.4bf2dc71.js:2
t.unstable_runWithPriority @ 9561.4bf2dc71.js:2
qo @ 9561.4bf2dc71.js:2
Xo @ 9561.4bf2dc71.js:2
$o @ 9561.4bf2dc71.js:2
ic @ 9561.4bf2dc71.js:2
enqueueSetState @ 9561.4bf2dc71.js:2
b.setState @ 9561.4bf2dc71.js:2
(匿名) @ 808.d56623c9.chunk.js:1
u @ 9561.4bf2dc71.js:2
(匿名) @ 9561.4bf2dc71.js:2
(匿名) @ 9561.4bf2dc71.js:2
r @ 9561.4bf2dc71.js:2
s @ 9561.4bf2dc71.js:2
Promise.then
r @ 9561.4bf2dc71.js:2
s @ 9561.4bf2dc71.js:2
(匿名) @ 9561.4bf2dc71.js:2
(匿名) @ 9561.4bf2dc71.js:2
value @ 808.d56623c9.chunk.js:1
F @ 9561.4bf2dc71.js:2
(匿名) @ 9561.4bf2dc71.js:2
Ec @ 9561.4bf2dc71.js:2
t.unstable_runWithPriority @ 9561.4bf2dc71.js:2
qo @ 9561.4bf2dc71.js:2
kc @ 9561.4bf2dc71.js:2
dc @ 9561.4bf2dc71.js:2
(匿名) @ 9561.4bf2dc71.js:2
t.unstable_runWithPriority @ 9561.4bf2dc71.js:2
qo @ 9561.4bf2dc71.js:2
Xo @ 9561.4bf2dc71.js:2
j @ 9561.4bf2dc71.js:2
M.port1.onmessage @ 9561.4bf2dc71.js:2
22:43:04.551 9561.4bf2dc71.js:2  react-intl-universal key "447595d5" not defined in zh
warningHandler @ 9561.4bf2dc71.js:2
value @ 9561.4bf2dc71.js:2
p @ 9561.4bf2dc71.js:2
(匿名) @ 8222.6209a852.chunk.js:1
hi @ 9561.4bf2dc71.js:2
Qi @ 9561.4bf2dc71.js:2
Cs @ 9561.4bf2dc71.js:2
wc @ 9561.4bf2dc71.js:2
_c @ 9561.4bf2dc71.js:2
dc @ 9561.4bf2dc71.js:2
(匿名) @ 9561.4bf2dc71.js:2
t.unstable_runWithPriority @ 9561.4bf2dc71.js:2
qo @ 9561.4bf2dc71.js:2
Xo @ 9561.4bf2dc71.js:2
$o @ 9561.4bf2dc71.js:2
ic @ 9561.4bf2dc71.js:2
enqueueSetState @ 9561.4bf2dc71.js:2
b.setState @ 9561.4bf2dc71.js:2
(匿名) @ 808.d56623c9.chunk.js:1
u @ 9561.4bf2dc71.js:2
(匿名) @ 9561.4bf2dc71.js:2
(匿名) @ 9561.4bf2dc71.js:2
r @ 9561.4bf2dc71.js:2
s @ 9561.4bf2dc71.js:2
Promise.then
r @ 9561.4bf2dc71.js:2
s @ 9561.4bf2dc71.js:2
(匿名) @ 9561.4bf2dc71.js:2
(匿名) @ 9561.4bf2dc71.js:2
value @ 808.d56623c9.chunk.js:1
F @ 9561.4bf2dc71.js:2
(匿名) @ 9561.4bf2dc71.js:2
Ec @ 9561.4bf2dc71.js:2
t.unstable_runWithPriority @ 9561.4bf2dc71.js:2
qo @ 9561.4bf2dc71.js:2
kc @ 9561.4bf2dc71.js:2
dc @ 9561.4bf2dc71.js:2
(匿名) @ 9561.4bf2dc71.js:2
t.unstable_runWithPriority @ 9561.4bf2dc71.js:2
qo @ 9561.4bf2dc71.js:2
Xo @ 9561.4bf2dc71.js:2
j @ 9561.4bf2dc71.js:2
M.port1.onmessage @ 9561.4bf2dc71.js:2
22:43:04.553 808.d56623c9.chunk.js:1  Uncaught (in promise) TypeError: Failed to execute 'removeChild' on 'Node': parameter 1 is not of type 'Node'.
    at 808.d56623c9.chunk.js:1:10947
    at u (9561.4bf2dc71.js:2:4080981)
    at Generator._invoke (9561.4bf2dc71.js:2:4080769)
    at Generator.next (9561.4bf2dc71.js:2:4081410)
    at r (9561.4bf2dc71.js:2:5831066)
    at s (9561.4bf2dc71.js:2:5831269)
    at 9561.4bf2dc71.js:2:5831328
    at new Promise (<anonymous>)
    at a.getIsWatermark (9561.4bf2dc71.js:2:5831209)
    at 808.d56623c9.chunk.js:1:11517
(匿名) @ 808.d56623c9.chunk.js:1
u @ 9561.4bf2dc71.js:2
(匿名) @ 9561.4bf2dc71.js:2
(匿名) @ 9561.4bf2dc71.js:2
r @ 9561.4bf2dc71.js:2
s @ 9561.4bf2dc71.js:2
(匿名) @ 9561.4bf2dc71.js:2
(匿名) @ 9561.4bf2dc71.js:2
(匿名) @ 808.d56623c9.chunk.js:1
u @ 9561.4bf2dc71.js:2
(匿名) @ 9561.4bf2dc71.js:2
(匿名) @ 9561.4bf2dc71.js:2
r @ 9561.4bf2dc71.js:2
s @ 9561.4bf2dc71.js:2
Promise.then
r @ 9561.4bf2dc71.js:2
s @ 9561.4bf2dc71.js:2
(匿名) @ 9561.4bf2dc71.js:2
(匿名) @ 9561.4bf2dc71.js:2
value @ 808.d56623c9.chunk.js:1
F @ 9561.4bf2dc71.js:2
(匿名) @ 9561.4bf2dc71.js:2
Ec @ 9561.4bf2dc71.js:2
t.unstable_runWithPriority @ 9561.4bf2dc71.js:2
qo @ 9561.4bf2dc71.js:2
kc @ 9561.4bf2dc71.js:2
dc @ 9561.4bf2dc71.js:2
(匿名) @ 9561.4bf2dc71.js:2
t.unstable_runWithPriority @ 9561.4bf2dc71.js:2
qo @ 9561.4bf2dc71.js:2
Xo @ 9561.4bf2dc71.js:2
j @ 9561.4bf2dc71.js:2
M.port1.onmessage @ 9561.4bf2dc71.js:2
22:43:04.555 log.ts:179 [debug 22:43:4 ] 课程详情请求响应: {"code":0,"body":{"activtiyPrice":0,"advertArr":[],"author":"","averageScore":"5","bowseNumber":"6405","canComment":"1","canDownload":"0","canFF":"0","canRate":"1","chapters":[],"classifyList":[{"courseId":"","fullName":"企业文化>产品知识","fullPath":"7|4|7|||7|5|5","id":"755","name":"产品知识","pageId":"","parentId":"747","type":"COURSE_AREA"}],"clockInInterval":0,"clockInNum":0,"commission":0,"completionReportInterval":5,"courseFileArr":[{"chapterExamScore":null,"chapterExamTime":null,"chapterPaperId":"",
22:43:04.556 log.ts:197  [warn 22:43:4 ] 未找到对应的课程状态 key
Warn @ log.ts:197
notifyStudyMapCourseComplete @ course.ts:162
eval @ course.ts:54
eval @ event.ts:30
callEvent @ event.ts:29
eval @ course.ts:122
XMLHttpRequest.send
(匿名) @ agent.min.js:1
(匿名) @ 9561.4bf2dc71.js:2
e.exports @ 9561.4bf2dc71.js:2
e.exports @ 9561.4bf2dc71.js:2
Promise.then
s.request @ 9561.4bf2dc71.js:2
o.forEach.s.<computed> @ 9561.4bf2dc71.js:2
(匿名) @ 9561.4bf2dc71.js:2
queryCourseDetail @ 2698.cd9ad1b2.chunk.js:1
(匿名) @ 808.d56623c9.chunk.js:1
u @ 9561.4bf2dc71.js:2
(匿名) @ 9561.4bf2dc71.js:2
(匿名) @ 9561.4bf2dc71.js:2
r @ 9561.4bf2dc71.js:2
s @ 9561.4bf2dc71.js:2
(匿名) @ 9561.4bf2dc71.js:2
(匿名) @ 9561.4bf2dc71.js:2
value @ 808.d56623c9.chunk.js:1
F @ 9561.4bf2dc71.js:2
(匿名) @ 9561.4bf2dc71.js:2
Ec @ 9561.4bf2dc71.js:2
t.unstable_runWithPriority @ 9561.4bf2dc71.js:2
qo @ 9561.4bf2dc71.js:2
kc @ 9561.4bf2dc71.js:2
dc @ 9561.4bf2dc71.js:2
(匿名) @ 9561.4bf2dc71.js:2
t.unstable_runWithPriority @ 9561.4bf2dc71.js:2
qo @ 9561.4bf2dc71.js:2
Xo @ 9561.4bf2dc71.js:2
j @ 9561.4bf2dc71.js:2
M.port1.onmessage @ 9561.4bf2dc71.js:2
22:43:04.556 log.ts:179 [debug 22:43:4 ] courseTaskComplete 当前课程任务完成了
22:43:04.557 log.ts:179 [debug 22:43:4 ] 拦截到HTTP请求: /learn/app/clientapi/user/isOpenHumanSocietyVas.do?sid=5397039584D145B7AB47EED180FF5ED9&os=99
22:43:04.765 log.ts:179 [debug 22:43:4 ] 拦截到HTTP请求: /learn/app/clientapi/trainingclass/training/item/selectResourceRule.do?resourceId=N000144&resourceType=0&sid=5397039584D145B7AB47EED180FF5ED9&os=99
22:43:04.926 9561.4bf2dc71.js:2  react-intl-universal key "e2d15efb" not defined in zh
warningHandler @ 9561.4bf2dc71.js:2
value @ 9561.4bf2dc71.js:2
p @ 9561.4bf2dc71.js:2
value @ 808.d56623c9.chunk.js:1
Xi @ 9561.4bf2dc71.js:2
$i @ 9561.4bf2dc71.js:2
Cs @ 9561.4bf2dc71.js:2
wc @ 9561.4bf2dc71.js:2
_c @ 9561.4bf2dc71.js:2
dc @ 9561.4bf2dc71.js:2
(匿名) @ 9561.4bf2dc71.js:2
t.unstable_runWithPriority @ 9561.4bf2dc71.js:2
qo @ 9561.4bf2dc71.js:2
Xo @ 9561.4bf2dc71.js:2
$o @ 9561.4bf2dc71.js:2
ic @ 9561.4bf2dc71.js:2
enqueueSetState @ 9561.4bf2dc71.js:2
b.setState @ 9561.4bf2dc71.js:2
(匿名) @ 808.d56623c9.chunk.js:1
u @ 9561.4bf2dc71.js:2
(匿名) @ 9561.4bf2dc71.js:2
(匿名) @ 9561.4bf2dc71.js:2
r @ 9561.4bf2dc71.js:2
s @ 9561.4bf2dc71.js:2
Promise.then
r @ 9561.4bf2dc71.js:2
s @ 9561.4bf2dc71.js:2
Promise.then
r @ 9561.4bf2dc71.js:2
s @ 9561.4bf2dc71.js:2
Promise.then
r @ 9561.4bf2dc71.js:2
s @ 9561.4bf2dc71.js:2
(匿名) @ 9561.4bf2dc71.js:2
(匿名) @ 9561.4bf2dc71.js:2
value @ 808.d56623c9.chunk.js:1
F @ 9561.4bf2dc71.js:2
(匿名) @ 9561.4bf2dc71.js:2
Ec @ 9561.4bf2dc71.js:2
t.unstable_runWithPriority @ 9561.4bf2dc71.js:2
qo @ 9561.4bf2dc71.js:2
kc @ 9561.4bf2dc71.js:2
dc @ 9561.4bf2dc71.js:2
(匿名) @ 9561.4bf2dc71.js:2
t.unstable_runWithPriority @ 9561.4bf2dc71.js:2
qo @ 9561.4bf2dc71.js:2
Xo @ 9561.4bf2dc71.js:2
j @ 9561.4bf2dc71.js:2
M.port1.onmessage @ 9561.4bf2dc71.js:2
22:43:04.926 9561.4bf2dc71.js:2  react-intl-universal key "cb38f75d" not defined in zh
warningHandler @ 9561.4bf2dc71.js:2
value @ 9561.4bf2dc71.js:2
p @ 9561.4bf2dc71.js:2
value @ 808.d56623c9.chunk.js:1
Xi @ 9561.4bf2dc71.js:2
$i @ 9561.4bf2dc71.js:2
Cs @ 9561.4bf2dc71.js:2
wc @ 9561.4bf2dc71.js:2
_c @ 9561.4bf2dc71.js:2
dc @ 9561.4bf2dc71.js:2
(匿名) @ 9561.4bf2dc71.js:2
t.unstable_runWithPriority @ 9561.4bf2dc71.js:2
qo @ 9561.4bf2dc71.js:2
Xo @ 9561.4bf2dc71.js:2
$o @ 9561.4bf2dc71.js:2
ic @ 9561.4bf2dc71.js:2
enqueueSetState @ 9561.4bf2dc71.js:2
b.setState @ 9561.4bf2dc71.js:2
(匿名) @ 808.d56623c9.chunk.js:1
u @ 9561.4bf2dc71.js:2
(匿名) @ 9561.4bf2dc71.js:2
(匿名) @ 9561.4bf2dc71.js:2
r @ 9561.4bf2dc71.js:2
s @ 9561.4bf2dc71.js:2
Promise.then
r @ 9561.4bf2dc71.js:2
s @ 9561.4bf2dc71.js:2
Promise.then
r @ 9561.4bf2dc71.js:2
s @ 9561.4bf2dc71.js:2
Promise.then
r @ 9561.4bf2dc71.js:2
s @ 9561.4bf2dc71.js:2
(匿名) @ 9561.4bf2dc71.js:2
(匿名) @ 9561.4bf2dc71.js:2
value @ 808.d56623c9.chunk.js:1
F @ 9561.4bf2dc71.js:2
(匿名) @ 9561.4bf2dc71.js:2
Ec @ 9561.4bf2dc71.js:2
t.unstable_runWithPriority @ 9561.4bf2dc71.js:2
qo @ 9561.4bf2dc71.js:2
kc @ 9561.4bf2dc71.js:2
dc @ 9561.4bf2dc71.js:2
(匿名) @ 9561.4bf2dc71.js:2
t.unstable_runWithPriority @ 9561.4bf2dc71.js:2
qo @ 9561.4bf2dc71.js:2
Xo @ 9561.4bf2dc71.js:2
j @ 9561.4bf2dc71.js:2
M.port1.onmessage @ 9561.4bf2dc71.js:2
22:43:04.926 9561.4bf2dc71.js:2  react-intl-universal key "f5444d4a" not defined in zh
warningHandler @ 9561.4bf2dc71.js:2
value @ 9561.4bf2dc71.js:2
p @ 9561.4bf2dc71.js:2
value @ 808.d56623c9.chunk.js:1
Xi @ 9561.4bf2dc71.js:2
$i @ 9561.4bf2dc71.js:2
Cs @ 9561.4bf2dc71.js:2
wc @ 9561.4bf2dc71.js:2
_c @ 9561.4bf2dc71.js:2
dc @ 9561.4bf2dc71.js:2
(匿名) @ 9561.4bf2dc71.js:2
t.unstable_runWithPriority @ 9561.4bf2dc71.js:2
qo @ 9561.4bf2dc71.js:2
Xo @ 9561.4bf2dc71.js:2
$o @ 9561.4bf2dc71.js:2
ic @ 9561.4bf2dc71.js:2
enqueueSetState @ 9561.4bf2dc71.js:2
b.setState @ 9561.4bf2dc71.js:2
(匿名) @ 808.d56623c9.chunk.js:1
u @ 9561.4bf2dc71.js:2
(匿名) @ 9561.4bf2dc71.js:2
(匿名) @ 9561.4bf2dc71.js:2
r @ 9561.4bf2dc71.js:2
s @ 9561.4bf2dc71.js:2
Promise.then
r @ 9561.4bf2dc71.js:2
s @ 9561.4bf2dc71.js:2
Promise.then
r @ 9561.4bf2dc71.js:2
s @ 9561.4bf2dc71.js:2
Promise.then
r @ 9561.4bf2dc71.js:2
s @ 9561.4bf2dc71.js:2
(匿名) @ 9561.4bf2dc71.js:2
(匿名) @ 9561.4bf2dc71.js:2
value @ 808.d56623c9.chunk.js:1
F @ 9561.4bf2dc71.js:2
(匿名) @ 9561.4bf2dc71.js:2
Ec @ 9561.4bf2dc71.js:2
t.unstable_runWithPriority @ 9561.4bf2dc71.js:2
qo @ 9561.4bf2dc71.js:2
kc @ 9561.4bf2dc71.js:2
dc @ 9561.4bf2dc71.js:2
(匿名) @ 9561.4bf2dc71.js:2
t.unstable_runWithPriority @ 9561.4bf2dc71.js:2
qo @ 9561.4bf2dc71.js:2
Xo @ 9561.4bf2dc71.js:2
j @ 9561.4bf2dc71.js:2
M.port1.onmessage @ 9561.4bf2dc71.js:2
22:43:04.927 9561.4bf2dc71.js:2  react-intl-universal key "1655dd5f" not defined in zh
warningHandler @ 9561.4bf2dc71.js:2
value @ 9561.4bf2dc71.js:2
p @ 9561.4bf2dc71.js:2
value @ 808.d56623c9.chunk.js:1
Xi @ 9561.4bf2dc71.js:2
$i @ 9561.4bf2dc71.js:2
Cs @ 9561.4bf2dc71.js:2
wc @ 9561.4bf2dc71.js:2
_c @ 9561.4bf2dc71.js:2
dc @ 9561.4bf2dc71.js:2
(匿名) @ 9561.4bf2dc71.js:2
t.unstable_runWithPriority @ 9561.4bf2dc71.js:2
qo @ 9561.4bf2dc71.js:2
Xo @ 9561.4bf2dc71.js:2
$o @ 9561.4bf2dc71.js:2
ic @ 9561.4bf2dc71.js:2
enqueueSetState @ 9561.4bf2dc71.js:2
b.setState @ 9561.4bf2dc71.js:2
(匿名) @ 808.d56623c9.chunk.js:1
u @ 9561.4bf2dc71.js:2
(匿名) @ 9561.4bf2dc71.js:2
(匿名) @ 9561.4bf2dc71.js:2
r @ 9561.4bf2dc71.js:2
s @ 9561.4bf2dc71.js:2
Promise.then
r @ 9561.4bf2dc71.js:2
s @ 9561.4bf2dc71.js:2
Promise.then
r @ 9561.4bf2dc71.js:2
s @ 9561.4bf2dc71.js:2
Promise.then
r @ 9561.4bf2dc71.js:2
s @ 9561.4bf2dc71.js:2
(匿名) @ 9561.4bf2dc71.js:2
(匿名) @ 9561.4bf2dc71.js:2
value @ 808.d56623c9.chunk.js:1
F @ 9561.4bf2dc71.js:2
(匿名) @ 9561.4bf2dc71.js:2
Ec @ 9561.4bf2dc71.js:2
t.unstable_runWithPriority @ 9561.4bf2dc71.js:2
qo @ 9561.4bf2dc71.js:2
kc @ 9561.4bf2dc71.js:2
dc @ 9561.4bf2dc71.js:2
(匿名) @ 9561.4bf2dc71.js:2
t.unstable_runWithPriority @ 9561.4bf2dc71.js:2
qo @ 9561.4bf2dc71.js:2
Xo @ 9561.4bf2dc71.js:2
j @ 9561.4bf2dc71.js:2
M.port1.onmessage @ 9561.4bf2dc71.js:2
22:43:04.927 9561.4bf2dc71.js:2  react-intl-universal key "e7d2e85a" not defined in zh
warningHandler @ 9561.4bf2dc71.js:2
value @ 9561.4bf2dc71.js:2
p @ 9561.4bf2dc71.js:2
value @ 808.d56623c9.chunk.js:1
Xi @ 9561.4bf2dc71.js:2
$i @ 9561.4bf2dc71.js:2
Cs @ 9561.4bf2dc71.js:2
wc @ 9561.4bf2dc71.js:2
_c @ 9561.4bf2dc71.js:2
dc @ 9561.4bf2dc71.js:2
(匿名) @ 9561.4bf2dc71.js:2
t.unstable_runWithPriority @ 9561.4bf2dc71.js:2
qo @ 9561.4bf2dc71.js:2
Xo @ 9561.4bf2dc71.js:2
$o @ 9561.4bf2dc71.js:2
ic @ 9561.4bf2dc71.js:2
enqueueSetState @ 9561.4bf2dc71.js:2
b.setState @ 9561.4bf2dc71.js:2
(匿名) @ 808.d56623c9.chunk.js:1
u @ 9561.4bf2dc71.js:2
(匿名) @ 9561.4bf2dc71.js:2
(匿名) @ 9561.4bf2dc71.js:2
r @ 9561.4bf2dc71.js:2
s @ 9561.4bf2dc71.js:2
Promise.then
r @ 9561.4bf2dc71.js:2
s @ 9561.4bf2dc71.js:2
Promise.then
r @ 9561.4bf2dc71.js:2
s @ 9561.4bf2dc71.js:2
Promise.then
r @ 9561.4bf2dc71.js:2
s @ 9561.4bf2dc71.js:2
(匿名) @ 9561.4bf2dc71.js:2
(匿名) @ 9561.4bf2dc71.js:2
value @ 808.d56623c9.chunk.js:1
F @ 9561.4bf2dc71.js:2
(匿名) @ 9561.4bf2dc71.js:2
Ec @ 9561.4bf2dc71.js:2
t.unstable_runWithPriority @ 9561.4bf2dc71.js:2
qo @ 9561.4bf2dc71.js:2
kc @ 9561.4bf2dc71.js:2
dc @ 9561.4bf2dc71.js:2
(匿名) @ 9561.4bf2dc71.js:2
t.unstable_runWithPriority @ 9561.4bf2dc71.js:2
qo @ 9561.4bf2dc71.js:2
Xo @ 9561.4bf2dc71.js:2
j @ 9561.4bf2dc71.js:2
M.port1.onmessage @ 9561.4bf2dc71.js:2
22:43:04.934 9561.4bf2dc71.js:2  react-intl-universal key "b698998e" not defined in zh
warningHandler @ 9561.4bf2dc71.js:2
value @ 9561.4bf2dc71.js:2
p @ 9561.4bf2dc71.js:2
value @ 8222.6209a852.chunk.js:1
Le @ 9561.4bf2dc71.js:2
(匿名) @ 9561.4bf2dc71.js:2
pe @ 9561.4bf2dc71.js:2
e.track @ 9561.4bf2dc71.js:2
n @ 9561.4bf2dc71.js:2
pe @ 9561.4bf2dc71.js:2
d.render @ 9561.4bf2dc71.js:2
Xi @ 9561.4bf2dc71.js:2
$i @ 9561.4bf2dc71.js:2
Cs @ 9561.4bf2dc71.js:2
wc @ 9561.4bf2dc71.js:2
_c @ 9561.4bf2dc71.js:2
dc @ 9561.4bf2dc71.js:2
(匿名) @ 9561.4bf2dc71.js:2
t.unstable_runWithPriority @ 9561.4bf2dc71.js:2
qo @ 9561.4bf2dc71.js:2
Xo @ 9561.4bf2dc71.js:2
$o @ 9561.4bf2dc71.js:2
ic @ 9561.4bf2dc71.js:2
enqueueSetState @ 9561.4bf2dc71.js:2
b.setState @ 9561.4bf2dc71.js:2
(匿名) @ 808.d56623c9.chunk.js:1
u @ 9561.4bf2dc71.js:2
(匿名) @ 9561.4bf2dc71.js:2
(匿名) @ 9561.4bf2dc71.js:2
r @ 9561.4bf2dc71.js:2
s @ 9561.4bf2dc71.js:2
Promise.then
r @ 9561.4bf2dc71.js:2
s @ 9561.4bf2dc71.js:2
Promise.then
r @ 9561.4bf2dc71.js:2
s @ 9561.4bf2dc71.js:2
Promise.then
r @ 9561.4bf2dc71.js:2
s @ 9561.4bf2dc71.js:2
(匿名) @ 9561.4bf2dc71.js:2
(匿名) @ 9561.4bf2dc71.js:2
value @ 808.d56623c9.chunk.js:1
F @ 9561.4bf2dc71.js:2
(匿名) @ 9561.4bf2dc71.js:2
Ec @ 9561.4bf2dc71.js:2
t.unstable_runWithPriority @ 9561.4bf2dc71.js:2
qo @ 9561.4bf2dc71.js:2
kc @ 9561.4bf2dc71.js:2
dc @ 9561.4bf2dc71.js:2
(匿名) @ 9561.4bf2dc71.js:2
t.unstable_runWithPriority @ 9561.4bf2dc71.js:2
qo @ 9561.4bf2dc71.js:2
Xo @ 9561.4bf2dc71.js:2
j @ 9561.4bf2dc71.js:2
M.port1.onmessage @ 9561.4bf2dc71.js:2
22:43:04.934 9561.4bf2dc71.js:2  react-intl-universal key "7c1b3891" not defined in zh
warningHandler @ 9561.4bf2dc71.js:2
value @ 9561.4bf2dc71.js:2
p @ 9561.4bf2dc71.js:2
value @ 8222.6209a852.chunk.js:1
Le @ 9561.4bf2dc71.js:2
(匿名) @ 9561.4bf2dc71.js:2
pe @ 9561.4bf2dc71.js:2
e.track @ 9561.4bf2dc71.js:2
n @ 9561.4bf2dc71.js:2
pe @ 9561.4bf2dc71.js:2
d.render @ 9561.4bf2dc71.js:2
Xi @ 9561.4bf2dc71.js:2
$i @ 9561.4bf2dc71.js:2
Cs @ 9561.4bf2dc71.js:2
wc @ 9561.4bf2dc71.js:2
_c @ 9561.4bf2dc71.js:2
dc @ 9561.4bf2dc71.js:2
(匿名) @ 9561.4bf2dc71.js:2
t.unstable_runWithPriority @ 9561.4bf2dc71.js:2
qo @ 9561.4bf2dc71.js:2
Xo @ 9561.4bf2dc71.js:2
$o @ 9561.4bf2dc71.js:2
ic @ 9561.4bf2dc71.js:2
enqueueSetState @ 9561.4bf2dc71.js:2
b.setState @ 9561.4bf2dc71.js:2
(匿名) @ 808.d56623c9.chunk.js:1
u @ 9561.4bf2dc71.js:2
(匿名) @ 9561.4bf2dc71.js:2
(匿名) @ 9561.4bf2dc71.js:2
r @ 9561.4bf2dc71.js:2
s @ 9561.4bf2dc71.js:2
Promise.then
r @ 9561.4bf2dc71.js:2
s @ 9561.4bf2dc71.js:2
Promise.then
r @ 9561.4bf2dc71.js:2
s @ 9561.4bf2dc71.js:2
Promise.then
r @ 9561.4bf2dc71.js:2
s @ 9561.4bf2dc71.js:2
(匿名) @ 9561.4bf2dc71.js:2
(匿名) @ 9561.4bf2dc71.js:2
value @ 808.d56623c9.chunk.js:1
F @ 9561.4bf2dc71.js:2
(匿名) @ 9561.4bf2dc71.js:2
Ec @ 9561.4bf2dc71.js:2
t.unstable_runWithPriority @ 9561.4bf2dc71.js:2
qo @ 9561.4bf2dc71.js:2
kc @ 9561.4bf2dc71.js:2
dc @ 9561.4bf2dc71.js:2
(匿名) @ 9561.4bf2dc71.js:2
t.unstable_runWithPriority @ 9561.4bf2dc71.js:2
qo @ 9561.4bf2dc71.js:2
Xo @ 9561.4bf2dc71.js:2
j @ 9561.4bf2dc71.js:2
M.port1.onmessage @ 9561.4bf2dc71.js:2
22:43:04.934 9561.4bf2dc71.js:2  react-intl-universal key "625fb26b" not defined in zh
warningHandler @ 9561.4bf2dc71.js:2
value @ 9561.4bf2dc71.js:2
p @ 9561.4bf2dc71.js:2
value @ 8222.6209a852.chunk.js:1
Le @ 9561.4bf2dc71.js:2
(匿名) @ 9561.4bf2dc71.js:2
pe @ 9561.4bf2dc71.js:2
e.track @ 9561.4bf2dc71.js:2
n @ 9561.4bf2dc71.js:2
pe @ 9561.4bf2dc71.js:2
d.render @ 9561.4bf2dc71.js:2
Xi @ 9561.4bf2dc71.js:2
$i @ 9561.4bf2dc71.js:2
Cs @ 9561.4bf2dc71.js:2
wc @ 9561.4bf2dc71.js:2
_c @ 9561.4bf2dc71.js:2
dc @ 9561.4bf2dc71.js:2
(匿名) @ 9561.4bf2dc71.js:2
t.unstable_runWithPriority @ 9561.4bf2dc71.js:2
qo @ 9561.4bf2dc71.js:2
Xo @ 9561.4bf2dc71.js:2
$o @ 9561.4bf2dc71.js:2
ic @ 9561.4bf2dc71.js:2
enqueueSetState @ 9561.4bf2dc71.js:2
b.setState @ 9561.4bf2dc71.js:2
(匿名) @ 808.d56623c9.chunk.js:1
u @ 9561.4bf2dc71.js:2
(匿名) @ 9561.4bf2dc71.js:2
(匿名) @ 9561.4bf2dc71.js:2
r @ 9561.4bf2dc71.js:2
s @ 9561.4bf2dc71.js:2
Promise.then
r @ 9561.4bf2dc71.js:2
s @ 9561.4bf2dc71.js:2
Promise.then
r @ 9561.4bf2dc71.js:2
s @ 9561.4bf2dc71.js:2
Promise.then
r @ 9561.4bf2dc71.js:2
s @ 9561.4bf2dc71.js:2
(匿名) @ 9561.4bf2dc71.js:2
(匿名) @ 9561.4bf2dc71.js:2
value @ 808.d56623c9.chunk.js:1
F @ 9561.4bf2dc71.js:2
(匿名) @ 9561.4bf2dc71.js:2
Ec @ 9561.4bf2dc71.js:2
t.unstable_runWithPriority @ 9561.4bf2dc71.js:2
qo @ 9561.4bf2dc71.js:2
kc @ 9561.4bf2dc71.js:2
dc @ 9561.4bf2dc71.js:2
(匿名) @ 9561.4bf2dc71.js:2
t.unstable_runWithPriority @ 9561.4bf2dc71.js:2
qo @ 9561.4bf2dc71.js:2
Xo @ 9561.4bf2dc71.js:2
j @ 9561.4bf2dc71.js:2
M.port1.onmessage @ 9561.4bf2dc71.js:2
22:43:04.934 9561.4bf2dc71.js:2  react-intl-universal key "aa98ad92" not defined in zh
warningHandler @ 9561.4bf2dc71.js:2
value @ 9561.4bf2dc71.js:2
p @ 9561.4bf2dc71.js:2
value @ 8222.6209a852.chunk.js:1
Le @ 9561.4bf2dc71.js:2
(匿名) @ 9561.4bf2dc71.js:2
pe @ 9561.4bf2dc71.js:2
e.track @ 9561.4bf2dc71.js:2
n @ 9561.4bf2dc71.js:2
pe @ 9561.4bf2dc71.js:2
d.render @ 9561.4bf2dc71.js:2
Xi @ 9561.4bf2dc71.js:2
$i @ 9561.4bf2dc71.js:2
Cs @ 9561.4bf2dc71.js:2
wc @ 9561.4bf2dc71.js:2
_c @ 9561.4bf2dc71.js:2
dc @ 9561.4bf2dc71.js:2
(匿名) @ 9561.4bf2dc71.js:2
t.unstable_runWithPriority @ 9561.4bf2dc71.js:2
qo @ 9561.4bf2dc71.js:2
Xo @ 9561.4bf2dc71.js:2
$o @ 9561.4bf2dc71.js:2
ic @ 9561.4bf2dc71.js:2
enqueueSetState @ 9561.4bf2dc71.js:2
b.setState @ 9561.4bf2dc71.js:2
(匿名) @ 808.d56623c9.chunk.js:1
u @ 9561.4bf2dc71.js:2
(匿名) @ 9561.4bf2dc71.js:2
(匿名) @ 9561.4bf2dc71.js:2
r @ 9561.4bf2dc71.js:2
s @ 9561.4bf2dc71.js:2
Promise.then
r @ 9561.4bf2dc71.js:2
s @ 9561.4bf2dc71.js:2
Promise.then
r @ 9561.4bf2dc71.js:2
s @ 9561.4bf2dc71.js:2
Promise.then
r @ 9561.4bf2dc71.js:2
s @ 9561.4bf2dc71.js:2
(匿名) @ 9561.4bf2dc71.js:2
(匿名) @ 9561.4bf2dc71.js:2
value @ 808.d56623c9.chunk.js:1
F @ 9561.4bf2dc71.js:2
(匿名) @ 9561.4bf2dc71.js:2
Ec @ 9561.4bf2dc71.js:2
t.unstable_runWithPriority @ 9561.4bf2dc71.js:2
qo @ 9561.4bf2dc71.js:2
kc @ 9561.4bf2dc71.js:2
dc @ 9561.4bf2dc71.js:2
(匿名) @ 9561.4bf2dc71.js:2
t.unstable_runWithPriority @ 9561.4bf2dc71.js:2
qo @ 9561.4bf2dc71.js:2
Xo @ 9561.4bf2dc71.js:2
j @ 9561.4bf2dc71.js:2
M.port1.onmessage @ 9561.4bf2dc71.js:2
22:43:04.934 9561.4bf2dc71.js:2  react-intl-universal key "fe033787" not defined in zh
warningHandler @ 9561.4bf2dc71.js:2
value @ 9561.4bf2dc71.js:2
p @ 9561.4bf2dc71.js:2
value @ 8222.6209a852.chunk.js:1
Le @ 9561.4bf2dc71.js:2
(匿名) @ 9561.4bf2dc71.js:2
pe @ 9561.4bf2dc71.js:2
e.track @ 9561.4bf2dc71.js:2
n @ 9561.4bf2dc71.js:2
pe @ 9561.4bf2dc71.js:2
d.render @ 9561.4bf2dc71.js:2
Xi @ 9561.4bf2dc71.js:2
$i @ 9561.4bf2dc71.js:2
Cs @ 9561.4bf2dc71.js:2
wc @ 9561.4bf2dc71.js:2
_c @ 9561.4bf2dc71.js:2
dc @ 9561.4bf2dc71.js:2
(匿名) @ 9561.4bf2dc71.js:2
t.unstable_runWithPriority @ 9561.4bf2dc71.js:2
qo @ 9561.4bf2dc71.js:2
Xo @ 9561.4bf2dc71.js:2
$o @ 9561.4bf2dc71.js:2
ic @ 9561.4bf2dc71.js:2
enqueueSetState @ 9561.4bf2dc71.js:2
b.setState @ 9561.4bf2dc71.js:2
(匿名) @ 808.d56623c9.chunk.js:1
u @ 9561.4bf2dc71.js:2
(匿名) @ 9561.4bf2dc71.js:2
(匿名) @ 9561.4bf2dc71.js:2
r @ 9561.4bf2dc71.js:2
s @ 9561.4bf2dc71.js:2
Promise.then
r @ 9561.4bf2dc71.js:2
s @ 9561.4bf2dc71.js:2
Promise.then
r @ 9561.4bf2dc71.js:2
s @ 9561.4bf2dc71.js:2
Promise.then
r @ 9561.4bf2dc71.js:2
s @ 9561.4bf2dc71.js:2
(匿名) @ 9561.4bf2dc71.js:2
(匿名) @ 9561.4bf2dc71.js:2
value @ 808.d56623c9.chunk.js:1
F @ 9561.4bf2dc71.js:2
(匿名) @ 9561.4bf2dc71.js:2
Ec @ 9561.4bf2dc71.js:2
t.unstable_runWithPriority @ 9561.4bf2dc71.js:2
qo @ 9561.4bf2dc71.js:2
kc @ 9561.4bf2dc71.js:2
dc @ 9561.4bf2dc71.js:2
(匿名) @ 9561.4bf2dc71.js:2
t.unstable_runWithPriority @ 9561.4bf2dc71.js:2
qo @ 9561.4bf2dc71.js:2
Xo @ 9561.4bf2dc71.js:2
j @ 9561.4bf2dc71.js:2
M.port1.onmessage @ 9561.4bf2dc71.js:2
22:43:04.934 9561.4bf2dc71.js:2  react-intl-universal key "40e20dd4" not defined in zh
warningHandler @ 9561.4bf2dc71.js:2
value @ 9561.4bf2dc71.js:2
p @ 9561.4bf2dc71.js:2
value @ 8222.6209a852.chunk.js:1
Le @ 9561.4bf2dc71.js:2
(匿名) @ 9561.4bf2dc71.js:2
pe @ 9561.4bf2dc71.js:2
e.track @ 9561.4bf2dc71.js:2
n @ 9561.4bf2dc71.js:2
pe @ 9561.4bf2dc71.js:2
d.render @ 9561.4bf2dc71.js:2
Xi @ 9561.4bf2dc71.js:2
$i @ 9561.4bf2dc71.js:2
Cs @ 9561.4bf2dc71.js:2
wc @ 9561.4bf2dc71.js:2
_c @ 9561.4bf2dc71.js:2
dc @ 9561.4bf2dc71.js:2
(匿名) @ 9561.4bf2dc71.js:2
t.unstable_runWithPriority @ 9561.4bf2dc71.js:2
qo @ 9561.4bf2dc71.js:2
Xo @ 9561.4bf2dc71.js:2
$o @ 9561.4bf2dc71.js:2
ic @ 9561.4bf2dc71.js:2
enqueueSetState @ 9561.4bf2dc71.js:2
b.setState @ 9561.4bf2dc71.js:2
(匿名) @ 808.d56623c9.chunk.js:1
u @ 9561.4bf2dc71.js:2
(匿名) @ 9561.4bf2dc71.js:2
(匿名) @ 9561.4bf2dc71.js:2
r @ 9561.4bf2dc71.js:2
s @ 9561.4bf2dc71.js:2
Promise.then
r @ 9561.4bf2dc71.js:2
s @ 9561.4bf2dc71.js:2
Promise.then
r @ 9561.4bf2dc71.js:2
s @ 9561.4bf2dc71.js:2
Promise.then
r @ 9561.4bf2dc71.js:2
s @ 9561.4bf2dc71.js:2
(匿名) @ 9561.4bf2dc71.js:2
(匿名) @ 9561.4bf2dc71.js:2
value @ 808.d56623c9.chunk.js:1
F @ 9561.4bf2dc71.js:2
(匿名) @ 9561.4bf2dc71.js:2
Ec @ 9561.4bf2dc71.js:2
t.unstable_runWithPriority @ 9561.4bf2dc71.js:2
qo @ 9561.4bf2dc71.js:2
kc @ 9561.4bf2dc71.js:2
dc @ 9561.4bf2dc71.js:2
(匿名) @ 9561.4bf2dc71.js:2
t.unstable_runWithPriority @ 9561.4bf2dc71.js:2
qo @ 9561.4bf2dc71.js:2
Xo @ 9561.4bf2dc71.js:2
j @ 9561.4bf2dc71.js:2
M.port1.onmessage @ 9561.4bf2dc71.js:2
22:43:04.938 9561.4bf2dc71.js:2  react-intl-universal key "447595d5" not defined in zh
warningHandler @ 9561.4bf2dc71.js:2
value @ 9561.4bf2dc71.js:2
p @ 9561.4bf2dc71.js:2
(匿名) @ 8222.6209a852.chunk.js:1
hi @ 9561.4bf2dc71.js:2
Qi @ 9561.4bf2dc71.js:2
Cs @ 9561.4bf2dc71.js:2
wc @ 9561.4bf2dc71.js:2
_c @ 9561.4bf2dc71.js:2
dc @ 9561.4bf2dc71.js:2
(匿名) @ 9561.4bf2dc71.js:2
t.unstable_runWithPriority @ 9561.4bf2dc71.js:2
qo @ 9561.4bf2dc71.js:2
Xo @ 9561.4bf2dc71.js:2
$o @ 9561.4bf2dc71.js:2
ic @ 9561.4bf2dc71.js:2
enqueueSetState @ 9561.4bf2dc71.js:2
b.setState @ 9561.4bf2dc71.js:2
(匿名) @ 808.d56623c9.chunk.js:1
u @ 9561.4bf2dc71.js:2
(匿名) @ 9561.4bf2dc71.js:2
(匿名) @ 9561.4bf2dc71.js:2
r @ 9561.4bf2dc71.js:2
s @ 9561.4bf2dc71.js:2
Promise.then
r @ 9561.4bf2dc71.js:2
s @ 9561.4bf2dc71.js:2
Promise.then
r @ 9561.4bf2dc71.js:2
s @ 9561.4bf2dc71.js:2
Promise.then
r @ 9561.4bf2dc71.js:2
s @ 9561.4bf2dc71.js:2
(匿名) @ 9561.4bf2dc71.js:2
(匿名) @ 9561.4bf2dc71.js:2
value @ 808.d56623c9.chunk.js:1
F @ 9561.4bf2dc71.js:2
(匿名) @ 9561.4bf2dc71.js:2
Ec @ 9561.4bf2dc71.js:2
t.unstable_runWithPriority @ 9561.4bf2dc71.js:2
qo @ 9561.4bf2dc71.js:2
kc @ 9561.4bf2dc71.js:2
dc @ 9561.4bf2dc71.js:2
(匿名) @ 9561.4bf2dc71.js:2
t.unstable_runWithPriority @ 9561.4bf2dc71.js:2
qo @ 9561.4bf2dc71.js:2
Xo @ 9561.4bf2dc71.js:2
j @ 9561.4bf2dc71.js:2
M.port1.onmessage @ 9561.4bf2dc71.js:2
22:43:04.943 9561.4bf2dc71.js:2  react-intl-universal key "b698998e" not defined in zh
warningHandler @ 9561.4bf2dc71.js:2
value @ 9561.4bf2dc71.js:2
p @ 9561.4bf2dc71.js:2
value @ 8222.6209a852.chunk.js:1
Le @ 9561.4bf2dc71.js:2
(匿名) @ 9561.4bf2dc71.js:2
pe @ 9561.4bf2dc71.js:2
e.track @ 9561.4bf2dc71.js:2
n @ 9561.4bf2dc71.js:2
Xi @ 9561.4bf2dc71.js:2
$i @ 9561.4bf2dc71.js:2
Cs @ 9561.4bf2dc71.js:2
wc @ 9561.4bf2dc71.js:2
_c @ 9561.4bf2dc71.js:2
dc @ 9561.4bf2dc71.js:2
(匿名) @ 9561.4bf2dc71.js:2
t.unstable_runWithPriority @ 9561.4bf2dc71.js:2
qo @ 9561.4bf2dc71.js:2
Xo @ 9561.4bf2dc71.js:2
$o @ 9561.4bf2dc71.js:2
ic @ 9561.4bf2dc71.js:2
enqueueSetState @ 9561.4bf2dc71.js:2
b.setState @ 9561.4bf2dc71.js:2
(匿名) @ 808.d56623c9.chunk.js:1
u @ 9561.4bf2dc71.js:2
(匿名) @ 9561.4bf2dc71.js:2
(匿名) @ 9561.4bf2dc71.js:2
r @ 9561.4bf2dc71.js:2
s @ 9561.4bf2dc71.js:2
Promise.then
r @ 9561.4bf2dc71.js:2
s @ 9561.4bf2dc71.js:2
Promise.then
r @ 9561.4bf2dc71.js:2
s @ 9561.4bf2dc71.js:2
Promise.then
r @ 9561.4bf2dc71.js:2
s @ 9561.4bf2dc71.js:2
(匿名) @ 9561.4bf2dc71.js:2
(匿名) @ 9561.4bf2dc71.js:2
value @ 808.d56623c9.chunk.js:1
F @ 9561.4bf2dc71.js:2
(匿名) @ 9561.4bf2dc71.js:2
Ec @ 9561.4bf2dc71.js:2
t.unstable_runWithPriority @ 9561.4bf2dc71.js:2
qo @ 9561.4bf2dc71.js:2
kc @ 9561.4bf2dc71.js:2
dc @ 9561.4bf2dc71.js:2
(匿名) @ 9561.4bf2dc71.js:2
t.unstable_runWithPriority @ 9561.4bf2dc71.js:2
qo @ 9561.4bf2dc71.js:2
Xo @ 9561.4bf2dc71.js:2
j @ 9561.4bf2dc71.js:2
M.port1.onmessage @ 9561.4bf2dc71.js:2
22:43:04.944 9561.4bf2dc71.js:2  react-intl-universal key "7c1b3891" not defined in zh
warningHandler @ 9561.4bf2dc71.js:2
value @ 9561.4bf2dc71.js:2
p @ 9561.4bf2dc71.js:2
value @ 8222.6209a852.chunk.js:1
Le @ 9561.4bf2dc71.js:2
(匿名) @ 9561.4bf2dc71.js:2
pe @ 9561.4bf2dc71.js:2
e.track @ 9561.4bf2dc71.js:2
n @ 9561.4bf2dc71.js:2
Xi @ 9561.4bf2dc71.js:2
$i @ 9561.4bf2dc71.js:2
Cs @ 9561.4bf2dc71.js:2
wc @ 9561.4bf2dc71.js:2
_c @ 9561.4bf2dc71.js:2
dc @ 9561.4bf2dc71.js:2
(匿名) @ 9561.4bf2dc71.js:2
t.unstable_runWithPriority @ 9561.4bf2dc71.js:2
qo @ 9561.4bf2dc71.js:2
Xo @ 9561.4bf2dc71.js:2
$o @ 9561.4bf2dc71.js:2
ic @ 9561.4bf2dc71.js:2
enqueueSetState @ 9561.4bf2dc71.js:2
b.setState @ 9561.4bf2dc71.js:2
(匿名) @ 808.d56623c9.chunk.js:1
u @ 9561.4bf2dc71.js:2
(匿名) @ 9561.4bf2dc71.js:2
(匿名) @ 9561.4bf2dc71.js:2
r @ 9561.4bf2dc71.js:2
s @ 9561.4bf2dc71.js:2
Promise.then
r @ 9561.4bf2dc71.js:2
s @ 9561.4bf2dc71.js:2
Promise.then
r @ 9561.4bf2dc71.js:2
s @ 9561.4bf2dc71.js:2
Promise.then
r @ 9561.4bf2dc71.js:2
s @ 9561.4bf2dc71.js:2
(匿名) @ 9561.4bf2dc71.js:2
(匿名) @ 9561.4bf2dc71.js:2
value @ 808.d56623c9.chunk.js:1
F @ 9561.4bf2dc71.js:2
(匿名) @ 9561.4bf2dc71.js:2
Ec @ 9561.4bf2dc71.js:2
t.unstable_runWithPriority @ 9561.4bf2dc71.js:2
qo @ 9561.4bf2dc71.js:2
kc @ 9561.4bf2dc71.js:2
dc @ 9561.4bf2dc71.js:2
(匿名) @ 9561.4bf2dc71.js:2
t.unstable_runWithPriority @ 9561.4bf2dc71.js:2
qo @ 9561.4bf2dc71.js:2
Xo @ 9561.4bf2dc71.js:2
j @ 9561.4bf2dc71.js:2
M.port1.onmessage @ 9561.4bf2dc71.js:2
22:43:04.944 9561.4bf2dc71.js:2  react-intl-universal key "625fb26b" not defined in zh
warningHandler @ 9561.4bf2dc71.js:2
value @ 9561.4bf2dc71.js:2
p @ 9561.4bf2dc71.js:2
value @ 8222.6209a852.chunk.js:1
Le @ 9561.4bf2dc71.js:2
(匿名) @ 9561.4bf2dc71.js:2
pe @ 9561.4bf2dc71.js:2
e.track @ 9561.4bf2dc71.js:2
n @ 9561.4bf2dc71.js:2
Xi @ 9561.4bf2dc71.js:2
$i @ 9561.4bf2dc71.js:2
Cs @ 9561.4bf2dc71.js:2
wc @ 9561.4bf2dc71.js:2
_c @ 9561.4bf2dc71.js:2
dc @ 9561.4bf2dc71.js:2
(匿名) @ 9561.4bf2dc71.js:2
t.unstable_runWithPriority @ 9561.4bf2dc71.js:2
qo @ 9561.4bf2dc71.js:2
Xo @ 9561.4bf2dc71.js:2
$o @ 9561.4bf2dc71.js:2
ic @ 9561.4bf2dc71.js:2
enqueueSetState @ 9561.4bf2dc71.js:2
b.setState @ 9561.4bf2dc71.js:2
(匿名) @ 808.d56623c9.chunk.js:1
u @ 9561.4bf2dc71.js:2
(匿名) @ 9561.4bf2dc71.js:2
(匿名) @ 9561.4bf2dc71.js:2
r @ 9561.4bf2dc71.js:2
s @ 9561.4bf2dc71.js:2
Promise.then
r @ 9561.4bf2dc71.js:2
s @ 9561.4bf2dc71.js:2
Promise.then
r @ 9561.4bf2dc71.js:2
s @ 9561.4bf2dc71.js:2
Promise.then
r @ 9561.4bf2dc71.js:2
s @ 9561.4bf2dc71.js:2
(匿名) @ 9561.4bf2dc71.js:2
(匿名) @ 9561.4bf2dc71.js:2
value @ 808.d56623c9.chunk.js:1
F @ 9561.4bf2dc71.js:2
(匿名) @ 9561.4bf2dc71.js:2
Ec @ 9561.4bf2dc71.js:2
t.unstable_runWithPriority @ 9561.4bf2dc71.js:2
qo @ 9561.4bf2dc71.js:2
kc @ 9561.4bf2dc71.js:2
dc @ 9561.4bf2dc71.js:2
(匿名) @ 9561.4bf2dc71.js:2
t.unstable_runWithPriority @ 9561.4bf2dc71.js:2
qo @ 9561.4bf2dc71.js:2
Xo @ 9561.4bf2dc71.js:2
j @ 9561.4bf2dc71.js:2
M.port1.onmessage @ 9561.4bf2dc71.js:2
22:43:04.944 9561.4bf2dc71.js:2  react-intl-universal key "aa98ad92" not defined in zh
warningHandler @ 9561.4bf2dc71.js:2
value @ 9561.4bf2dc71.js:2
p @ 9561.4bf2dc71.js:2
value @ 8222.6209a852.chunk.js:1
Le @ 9561.4bf2dc71.js:2
(匿名) @ 9561.4bf2dc71.js:2
pe @ 9561.4bf2dc71.js:2
e.track @ 9561.4bf2dc71.js:2
n @ 9561.4bf2dc71.js:2
Xi @ 9561.4bf2dc71.js:2
$i @ 9561.4bf2dc71.js:2
Cs @ 9561.4bf2dc71.js:2
wc @ 9561.4bf2dc71.js:2
_c @ 9561.4bf2dc71.js:2
dc @ 9561.4bf2dc71.js:2
(匿名) @ 9561.4bf2dc71.js:2
t.unstable_runWithPriority @ 9561.4bf2dc71.js:2
qo @ 9561.4bf2dc71.js:2
Xo @ 9561.4bf2dc71.js:2
$o @ 9561.4bf2dc71.js:2
ic @ 9561.4bf2dc71.js:2
enqueueSetState @ 9561.4bf2dc71.js:2
b.setState @ 9561.4bf2dc71.js:2
(匿名) @ 808.d56623c9.chunk.js:1
u @ 9561.4bf2dc71.js:2
(匿名) @ 9561.4bf2dc71.js:2
(匿名) @ 9561.4bf2dc71.js:2
r @ 9561.4bf2dc71.js:2
s @ 9561.4bf2dc71.js:2
Promise.then
r @ 9561.4bf2dc71.js:2
s @ 9561.4bf2dc71.js:2
Promise.then
r @ 9561.4bf2dc71.js:2
s @ 9561.4bf2dc71.js:2
Promise.then
r @ 9561.4bf2dc71.js:2
s @ 9561.4bf2dc71.js:2
(匿名) @ 9561.4bf2dc71.js:2
(匿名) @ 9561.4bf2dc71.js:2
value @ 808.d56623c9.chunk.js:1
F @ 9561.4bf2dc71.js:2
(匿名) @ 9561.4bf2dc71.js:2
Ec @ 9561.4bf2dc71.js:2
t.unstable_runWithPriority @ 9561.4bf2dc71.js:2
qo @ 9561.4bf2dc71.js:2
kc @ 9561.4bf2dc71.js:2
dc @ 9561.4bf2dc71.js:2
(匿名) @ 9561.4bf2dc71.js:2
t.unstable_runWithPriority @ 9561.4bf2dc71.js:2
qo @ 9561.4bf2dc71.js:2
Xo @ 9561.4bf2dc71.js:2
j @ 9561.4bf2dc71.js:2
M.port1.onmessage @ 9561.4bf2dc71.js:2
22:43:04.944 9561.4bf2dc71.js:2  react-intl-universal key "fe033787" not defined in zh
warningHandler @ 9561.4bf2dc71.js:2
value @ 9561.4bf2dc71.js:2
p @ 9561.4bf2dc71.js:2
value @ 8222.6209a852.chunk.js:1
Le @ 9561.4bf2dc71.js:2
(匿名) @ 9561.4bf2dc71.js:2
pe @ 9561.4bf2dc71.js:2
e.track @ 9561.4bf2dc71.js:2
n @ 9561.4bf2dc71.js:2
Xi @ 9561.4bf2dc71.js:2
$i @ 9561.4bf2dc71.js:2
Cs @ 9561.4bf2dc71.js:2
wc @ 9561.4bf2dc71.js:2
_c @ 9561.4bf2dc71.js:2
dc @ 9561.4bf2dc71.js:2
(匿名) @ 9561.4bf2dc71.js:2
t.unstable_runWithPriority @ 9561.4bf2dc71.js:2
qo @ 9561.4bf2dc71.js:2
Xo @ 9561.4bf2dc71.js:2
$o @ 9561.4bf2dc71.js:2
ic @ 9561.4bf2dc71.js:2
enqueueSetState @ 9561.4bf2dc71.js:2
b.setState @ 9561.4bf2dc71.js:2
(匿名) @ 808.d56623c9.chunk.js:1
u @ 9561.4bf2dc71.js:2
(匿名) @ 9561.4bf2dc71.js:2
(匿名) @ 9561.4bf2dc71.js:2
r @ 9561.4bf2dc71.js:2
s @ 9561.4bf2dc71.js:2
Promise.then
r @ 9561.4bf2dc71.js:2
s @ 9561.4bf2dc71.js:2
Promise.then
r @ 9561.4bf2dc71.js:2
s @ 9561.4bf2dc71.js:2
Promise.then
r @ 9561.4bf2dc71.js:2
s @ 9561.4bf2dc71.js:2
(匿名) @ 9561.4bf2dc71.js:2
(匿名) @ 9561.4bf2dc71.js:2
value @ 808.d56623c9.chunk.js:1
F @ 9561.4bf2dc71.js:2
(匿名) @ 9561.4bf2dc71.js:2
Ec @ 9561.4bf2dc71.js:2
t.unstable_runWithPriority @ 9561.4bf2dc71.js:2
qo @ 9561.4bf2dc71.js:2
kc @ 9561.4bf2dc71.js:2
dc @ 9561.4bf2dc71.js:2
(匿名) @ 9561.4bf2dc71.js:2
t.unstable_runWithPriority @ 9561.4bf2dc71.js:2
qo @ 9561.4bf2dc71.js:2
Xo @ 9561.4bf2dc71.js:2
j @ 9561.4bf2dc71.js:2
M.port1.onmessage @ 9561.4bf2dc71.js:2
22:43:04.944 9561.4bf2dc71.js:2  react-intl-universal key "40e20dd4" not defined in zh
warningHandler @ 9561.4bf2dc71.js:2
value @ 9561.4bf2dc71.js:2
p @ 9561.4bf2dc71.js:2
value @ 8222.6209a852.chunk.js:1
Le @ 9561.4bf2dc71.js:2
(匿名) @ 9561.4bf2dc71.js:2
pe @ 9561.4bf2dc71.js:2
e.track @ 9561.4bf2dc71.js:2
n @ 9561.4bf2dc71.js:2
Xi @ 9561.4bf2dc71.js:2
$i @ 9561.4bf2dc71.js:2
Cs @ 9561.4bf2dc71.js:2
wc @ 9561.4bf2dc71.js:2
_c @ 9561.4bf2dc71.js:2
dc @ 9561.4bf2dc71.js:2
(匿名) @ 9561.4bf2dc71.js:2
t.unstable_runWithPriority @ 9561.4bf2dc71.js:2
qo @ 9561.4bf2dc71.js:2
Xo @ 9561.4bf2dc71.js:2
$o @ 9561.4bf2dc71.js:2
ic @ 9561.4bf2dc71.js:2
enqueueSetState @ 9561.4bf2dc71.js:2
b.setState @ 9561.4bf2dc71.js:2
(匿名) @ 808.d56623c9.chunk.js:1
u @ 9561.4bf2dc71.js:2
(匿名) @ 9561.4bf2dc71.js:2
(匿名) @ 9561.4bf2dc71.js:2
r @ 9561.4bf2dc71.js:2
s @ 9561.4bf2dc71.js:2
Promise.then
r @ 9561.4bf2dc71.js:2
s @ 9561.4bf2dc71.js:2
Promise.then
r @ 9561.4bf2dc71.js:2
s @ 9561.4bf2dc71.js:2
Promise.then
r @ 9561.4bf2dc71.js:2
s @ 9561.4bf2dc71.js:2
(匿名) @ 9561.4bf2dc71.js:2
(匿名) @ 9561.4bf2dc71.js:2
value @ 808.d56623c9.chunk.js:1
F @ 9561.4bf2dc71.js:2
(匿名) @ 9561.4bf2dc71.js:2
Ec @ 9561.4bf2dc71.js:2
t.unstable_runWithPriority @ 9561.4bf2dc71.js:2
qo @ 9561.4bf2dc71.js:2
kc @ 9561.4bf2dc71.js:2
dc @ 9561.4bf2dc71.js:2
(匿名) @ 9561.4bf2dc71.js:2
t.unstable_runWithPriority @ 9561.4bf2dc71.js:2
qo @ 9561.4bf2dc71.js:2
Xo @ 9561.4bf2dc71.js:2
j @ 9561.4bf2dc71.js:2
M.port1.onmessage @ 9561.4bf2dc71.js:2
22:43:04.945 8222.6209a852.chunk.js:1 2222
22:43:04.962 log.ts:179 [debug 22:43:4 ] 拦截到HTTP请求: /learn/app/clientapi/course/commenthead.do?os=99&sid=5397039584D145B7AB47EED180FF5ED9
22:43:04.963 log.ts:179 [debug 22:43:4 ] 拦截到HTTP请求: /learn/app/clientapi/course/comment.do?os=99&sid=5397039584D145B7AB47EED180FF5ED9
22:43:04.963 log.ts:179 [debug 22:43:4 ] 拦截到HTTP请求: /learn/app/clientapi/course/play/queryStatus.do?courseWareId=1733385233156&courseId=N000144&bizType=0&bizId=&sid=5397039584D145B7AB47EED180FF5ED9&os=99
22:43:04.964 log.ts:179 [debug 22:43:4 ] 拦截到HTTP请求: /learn/app/clientapi/course/uploadCourseLearnStatus.do?os=99&sid=5397039584D145B7AB47EED180FF5ED9
22:43:04.964 log.ts:179 [debug 22:43:4 ] 拦截到HTTP请求: /learn/app/getGlobalTimestamp.do?os=99&sid=5397039584D145B7AB47EED180FF5ED9
22:43:04.965 log.ts:179 [debug 22:43:4 ] 拦截到HTTP请求: /learn/app/clientapi/misc/queryVasOperation2NativeList.do?os=99&sid=5397039584D145B7AB47EED180FF5ED9
22:43:04.972 9561.4bf2dc71.js:2 div
22:43:04.972 9561.4bf2dc71.js:2 由于“保留日志”的原因，已阻止console.clear()
22:43:04.973 9561.4bf2dc71.js:2 ƒ l(){}
22:43:04.973 9561.4bf2dc71.js:2 由于“保留日志”的原因，已阻止console.clear()
22:43:04.973 9561.4bf2dc71.js:2 (索引)toStringlastIndexdotAllflagsglobalhasIndicesignoreCasemultilinesourcestickyunicodeunicodeSets(索引)toStringlastIndexdotAllflagsglobalhasIndicesignoreCasemultilinesourcestickyunicodeunicodeSetsdepƒ0false''falsefalsefalsefalse' 'falsefalsefalseObject
22:43:04.973 9561.4bf2dc71.js:2 由于“保留日志”的原因，已阻止console.clear()
22:43:04.973 9561.4bf2dc71.js:2 Thu Mar 12 2026 22:43:03 GMT+0800 (中国标准时间)
22:43:04.973 9561.4bf2dc71.js:2 由于“保留日志”的原因，已阻止console.clear()
22:43:04.973 9561.4bf2dc71.js:2 {}
22:43:04.973 9561.4bf2dc71.js:2 由于“保留日志”的原因，已阻止console.clear()
22:43:05.100 main.2faaeed8.js:1  The provided value 'Middle' is not a valid enum value of type CanvasTextBaseline.
ye @ main.2faaeed8.js:1
e.showWatermark @ 808.d56623c9.chunk.js:1
(匿名) @ 808.d56623c9.chunk.js:1
setTimeout
(匿名) @ 808.d56623c9.chunk.js:1
u @ 9561.4bf2dc71.js:2
(匿名) @ 9561.4bf2dc71.js:2
(匿名) @ 9561.4bf2dc71.js:2
r @ 9561.4bf2dc71.js:2
s @ 9561.4bf2dc71.js:2
(匿名) @ 9561.4bf2dc71.js:2
(匿名) @ 9561.4bf2dc71.js:2
value @ 808.d56623c9.chunk.js:1
F @ 9561.4bf2dc71.js:2
(匿名) @ 9561.4bf2dc71.js:2
Ec @ 9561.4bf2dc71.js:2
t.unstable_runWithPriority @ 9561.4bf2dc71.js:2
qo @ 9561.4bf2dc71.js:2
kc @ 9561.4bf2dc71.js:2
dc @ 9561.4bf2dc71.js:2
(匿名) @ 9561.4bf2dc71.js:2
t.unstable_runWithPriority @ 9561.4bf2dc71.js:2
qo @ 9561.4bf2dc71.js:2
Xo @ 9561.4bf2dc71.js:2
j @ 9561.4bf2dc71.js:2
M.port1.onmessage @ 9561.4bf2dc71.js:2
22:43:05.175 9561.4bf2dc71.js:2  react-intl-universal key "b698998e" not defined in zh
warningHandler @ 9561.4bf2dc71.js:2
value @ 9561.4bf2dc71.js:2
p @ 9561.4bf2dc71.js:2
value @ 8222.6209a852.chunk.js:1
Le @ 9561.4bf2dc71.js:2
(匿名) @ 9561.4bf2dc71.js:2
pe @ 9561.4bf2dc71.js:2
e.track @ 9561.4bf2dc71.js:2
n @ 9561.4bf2dc71.js:2
Xi @ 9561.4bf2dc71.js:2
$i @ 9561.4bf2dc71.js:2
Cs @ 9561.4bf2dc71.js:2
wc @ 9561.4bf2dc71.js:2
_c @ 9561.4bf2dc71.js:2
dc @ 9561.4bf2dc71.js:2
(匿名) @ 9561.4bf2dc71.js:2
t.unstable_runWithPriority @ 9561.4bf2dc71.js:2
qo @ 9561.4bf2dc71.js:2
Xo @ 9561.4bf2dc71.js:2
$o @ 9561.4bf2dc71.js:2
ic @ 9561.4bf2dc71.js:2
enqueueSetState @ 9561.4bf2dc71.js:2
b.setState @ 9561.4bf2dc71.js:2
(匿名) @ 8222.6209a852.chunk.js:1
u @ 9561.4bf2dc71.js:2
(匿名) @ 9561.4bf2dc71.js:2
(匿名) @ 9561.4bf2dc71.js:2
r @ 9561.4bf2dc71.js:2
s @ 9561.4bf2dc71.js:2
Promise.then
r @ 9561.4bf2dc71.js:2
s @ 9561.4bf2dc71.js:2
(匿名) @ 9561.4bf2dc71.js:2
(匿名) @ 9561.4bf2dc71.js:2
(匿名) @ 8222.6209a852.chunk.js:1
e.initCourse @ 8222.6209a852.chunk.js:1
(匿名) @ 8222.6209a852.chunk.js:1
ka @ 9561.4bf2dc71.js:2
xa @ 9561.4bf2dc71.js:2
Ec @ 9561.4bf2dc71.js:2
t.unstable_runWithPriority @ 9561.4bf2dc71.js:2
qo @ 9561.4bf2dc71.js:2
kc @ 9561.4bf2dc71.js:2
dc @ 9561.4bf2dc71.js:2
(匿名) @ 9561.4bf2dc71.js:2
t.unstable_runWithPriority @ 9561.4bf2dc71.js:2
qo @ 9561.4bf2dc71.js:2
Xo @ 9561.4bf2dc71.js:2
$o @ 9561.4bf2dc71.js:2
ic @ 9561.4bf2dc71.js:2
enqueueSetState @ 9561.4bf2dc71.js:2
b.setState @ 9561.4bf2dc71.js:2
(匿名) @ 808.d56623c9.chunk.js:1
u @ 9561.4bf2dc71.js:2
(匿名) @ 9561.4bf2dc71.js:2
(匿名) @ 9561.4bf2dc71.js:2
r @ 9561.4bf2dc71.js:2
s @ 9561.4bf2dc71.js:2
Promise.then
r @ 9561.4bf2dc71.js:2
s @ 9561.4bf2dc71.js:2
Promise.then
r @ 9561.4bf2dc71.js:2
s @ 9561.4bf2dc71.js:2
Promise.then
r @ 9561.4bf2dc71.js:2
s @ 9561.4bf2dc71.js:2
(匿名) @ 9561.4bf2dc71.js:2
(匿名) @ 9561.4bf2dc71.js:2
value @ 808.d56623c9.chunk.js:1
F @ 9561.4bf2dc71.js:2
(匿名) @ 9561.4bf2dc71.js:2
Ec @ 9561.4bf2dc71.js:2
t.unstable_runWithPriority @ 9561.4bf2dc71.js:2
qo @ 9561.4bf2dc71.js:2
kc @ 9561.4bf2dc71.js:2
dc @ 9561.4bf2dc71.js:2
(匿名) @ 9561.4bf2dc71.js:2
t.unstable_runWithPriority @ 9561.4bf2dc71.js:2
qo @ 9561.4bf2dc71.js:2
Xo @ 9561.4bf2dc71.js:2
j @ 9561.4bf2dc71.js:2
M.port1.onmessage @ 9561.4bf2dc71.js:2
22:43:05.175 9561.4bf2dc71.js:2  react-intl-universal key "7c1b3891" not defined in zh
warningHandler @ 9561.4bf2dc71.js:2
value @ 9561.4bf2dc71.js:2
p @ 9561.4bf2dc71.js:2
value @ 8222.6209a852.chunk.js:1
Le @ 9561.4bf2dc71.js:2
(匿名) @ 9561.4bf2dc71.js:2
pe @ 9561.4bf2dc71.js:2
e.track @ 9561.4bf2dc71.js:2
n @ 9561.4bf2dc71.js:2
Xi @ 9561.4bf2dc71.js:2
$i @ 9561.4bf2dc71.js:2
Cs @ 9561.4bf2dc71.js:2
wc @ 9561.4bf2dc71.js:2
_c @ 9561.4bf2dc71.js:2
dc @ 9561.4bf2dc71.js:2
(匿名) @ 9561.4bf2dc71.js:2
t.unstable_runWithPriority @ 9561.4bf2dc71.js:2
qo @ 9561.4bf2dc71.js:2
Xo @ 9561.4bf2dc71.js:2
$o @ 9561.4bf2dc71.js:2
ic @ 9561.4bf2dc71.js:2
enqueueSetState @ 9561.4bf2dc71.js:2
b.setState @ 9561.4bf2dc71.js:2
(匿名) @ 8222.6209a852.chunk.js:1
u @ 9561.4bf2dc71.js:2
(匿名) @ 9561.4bf2dc71.js:2
(匿名) @ 9561.4bf2dc71.js:2
r @ 9561.4bf2dc71.js:2
s @ 9561.4bf2dc71.js:2
Promise.then
r @ 9561.4bf2dc71.js:2
s @ 9561.4bf2dc71.js:2
(匿名) @ 9561.4bf2dc71.js:2
(匿名) @ 9561.4bf2dc71.js:2
(匿名) @ 8222.6209a852.chunk.js:1
e.initCourse @ 8222.6209a852.chunk.js:1
(匿名) @ 8222.6209a852.chunk.js:1
ka @ 9561.4bf2dc71.js:2
xa @ 9561.4bf2dc71.js:2
Ec @ 9561.4bf2dc71.js:2
t.unstable_runWithPriority @ 9561.4bf2dc71.js:2
qo @ 9561.4bf2dc71.js:2
kc @ 9561.4bf2dc71.js:2
dc @ 9561.4bf2dc71.js:2
(匿名) @ 9561.4bf2dc71.js:2
t.unstable_runWithPriority @ 9561.4bf2dc71.js:2
qo @ 9561.4bf2dc71.js:2
Xo @ 9561.4bf2dc71.js:2
$o @ 9561.4bf2dc71.js:2
ic @ 9561.4bf2dc71.js:2
enqueueSetState @ 9561.4bf2dc71.js:2
b.setState @ 9561.4bf2dc71.js:2
(匿名) @ 808.d56623c9.chunk.js:1
u @ 9561.4bf2dc71.js:2
(匿名) @ 9561.4bf2dc71.js:2
(匿名) @ 9561.4bf2dc71.js:2
r @ 9561.4bf2dc71.js:2
s @ 9561.4bf2dc71.js:2
Promise.then
r @ 9561.4bf2dc71.js:2
s @ 9561.4bf2dc71.js:2
Promise.then
r @ 9561.4bf2dc71.js:2
s @ 9561.4bf2dc71.js:2
Promise.then
r @ 9561.4bf2dc71.js:2
s @ 9561.4bf2dc71.js:2
(匿名) @ 9561.4bf2dc71.js:2
(匿名) @ 9561.4bf2dc71.js:2
value @ 808.d56623c9.chunk.js:1
F @ 9561.4bf2dc71.js:2
(匿名) @ 9561.4bf2dc71.js:2
Ec @ 9561.4bf2dc71.js:2
t.unstable_runWithPriority @ 9561.4bf2dc71.js:2
qo @ 9561.4bf2dc71.js:2
kc @ 9561.4bf2dc71.js:2
dc @ 9561.4bf2dc71.js:2
(匿名) @ 9561.4bf2dc71.js:2
t.unstable_runWithPriority @ 9561.4bf2dc71.js:2
qo @ 9561.4bf2dc71.js:2
Xo @ 9561.4bf2dc71.js:2
j @ 9561.4bf2dc71.js:2
M.port1.onmessage @ 9561.4bf2dc71.js:2
22:43:05.175 9561.4bf2dc71.js:2  react-intl-universal key "625fb26b" not defined in zh
warningHandler @ 9561.4bf2dc71.js:2
value @ 9561.4bf2dc71.js:2
p @ 9561.4bf2dc71.js:2
value @ 8222.6209a852.chunk.js:1
Le @ 9561.4bf2dc71.js:2
(匿名) @ 9561.4bf2dc71.js:2
pe @ 9561.4bf2dc71.js:2
e.track @ 9561.4bf2dc71.js:2
n @ 9561.4bf2dc71.js:2
Xi @ 9561.4bf2dc71.js:2
$i @ 9561.4bf2dc71.js:2
Cs @ 9561.4bf2dc71.js:2
wc @ 9561.4bf2dc71.js:2
_c @ 9561.4bf2dc71.js:2
dc @ 9561.4bf2dc71.js:2
(匿名) @ 9561.4bf2dc71.js:2
t.unstable_runWithPriority @ 9561.4bf2dc71.js:2
qo @ 9561.4bf2dc71.js:2
Xo @ 9561.4bf2dc71.js:2
$o @ 9561.4bf2dc71.js:2
ic @ 9561.4bf2dc71.js:2
enqueueSetState @ 9561.4bf2dc71.js:2
b.setState @ 9561.4bf2dc71.js:2
(匿名) @ 8222.6209a852.chunk.js:1
u @ 9561.4bf2dc71.js:2
(匿名) @ 9561.4bf2dc71.js:2
(匿名) @ 9561.4bf2dc71.js:2
r @ 9561.4bf2dc71.js:2
s @ 9561.4bf2dc71.js:2
Promise.then
r @ 9561.4bf2dc71.js:2
s @ 9561.4bf2dc71.js:2
(匿名) @ 9561.4bf2dc71.js:2
(匿名) @ 9561.4bf2dc71.js:2
(匿名) @ 8222.6209a852.chunk.js:1
e.initCourse @ 8222.6209a852.chunk.js:1
(匿名) @ 8222.6209a852.chunk.js:1
ka @ 9561.4bf2dc71.js:2
xa @ 9561.4bf2dc71.js:2
Ec @ 9561.4bf2dc71.js:2
t.unstable_runWithPriority @ 9561.4bf2dc71.js:2
qo @ 9561.4bf2dc71.js:2
kc @ 9561.4bf2dc71.js:2
dc @ 9561.4bf2dc71.js:2
(匿名) @ 9561.4bf2dc71.js:2
t.unstable_runWithPriority @ 9561.4bf2dc71.js:2
qo @ 9561.4bf2dc71.js:2
Xo @ 9561.4bf2dc71.js:2
$o @ 9561.4bf2dc71.js:2
ic @ 9561.4bf2dc71.js:2
enqueueSetState @ 9561.4bf2dc71.js:2
b.setState @ 9561.4bf2dc71.js:2
(匿名) @ 808.d56623c9.chunk.js:1
u @ 9561.4bf2dc71.js:2
(匿名) @ 9561.4bf2dc71.js:2
(匿名) @ 9561.4bf2dc71.js:2
r @ 9561.4bf2dc71.js:2
s @ 9561.4bf2dc71.js:2
Promise.then
r @ 9561.4bf2dc71.js:2
s @ 9561.4bf2dc71.js:2
Promise.then
r @ 9561.4bf2dc71.js:2
s @ 9561.4bf2dc71.js:2
Promise.then
r @ 9561.4bf2dc71.js:2
s @ 9561.4bf2dc71.js:2
(匿名) @ 9561.4bf2dc71.js:2
(匿名) @ 9561.4bf2dc71.js:2
value @ 808.d56623c9.chunk.js:1
F @ 9561.4bf2dc71.js:2
(匿名) @ 9561.4bf2dc71.js:2
Ec @ 9561.4bf2dc71.js:2
t.unstable_runWithPriority @ 9561.4bf2dc71.js:2
qo @ 9561.4bf2dc71.js:2
kc @ 9561.4bf2dc71.js:2
dc @ 9561.4bf2dc71.js:2
(匿名) @ 9561.4bf2dc71.js:2
t.unstable_runWithPriority @ 9561.4bf2dc71.js:2
qo @ 9561.4bf2dc71.js:2
Xo @ 9561.4bf2dc71.js:2
j @ 9561.4bf2dc71.js:2
M.port1.onmessage @ 9561.4bf2dc71.js:2
22:43:05.175 9561.4bf2dc71.js:2  react-intl-universal key "aa98ad92" not defined in zh
warningHandler @ 9561.4bf2dc71.js:2
value @ 9561.4bf2dc71.js:2
p @ 9561.4bf2dc71.js:2
value @ 8222.6209a852.chunk.js:1
Le @ 9561.4bf2dc71.js:2
(匿名) @ 9561.4bf2dc71.js:2
pe @ 9561.4bf2dc71.js:2
e.track @ 9561.4bf2dc71.js:2
n @ 9561.4bf2dc71.js:2
Xi @ 9561.4bf2dc71.js:2
$i @ 9561.4bf2dc71.js:2
Cs @ 9561.4bf2dc71.js:2
wc @ 9561.4bf2dc71.js:2
_c @ 9561.4bf2dc71.js:2
dc @ 9561.4bf2dc71.js:2
(匿名) @ 9561.4bf2dc71.js:2
t.unstable_runWithPriority @ 9561.4bf2dc71.js:2
qo @ 9561.4bf2dc71.js:2
Xo @ 9561.4bf2dc71.js:2
$o @ 9561.4bf2dc71.js:2
ic @ 9561.4bf2dc71.js:2
enqueueSetState @ 9561.4bf2dc71.js:2
b.setState @ 9561.4bf2dc71.js:2
(匿名) @ 8222.6209a852.chunk.js:1
u @ 9561.4bf2dc71.js:2
(匿名) @ 9561.4bf2dc71.js:2
(匿名) @ 9561.4bf2dc71.js:2
r @ 9561.4bf2dc71.js:2
s @ 9561.4bf2dc71.js:2
Promise.then
r @ 9561.4bf2dc71.js:2
s @ 9561.4bf2dc71.js:2
(匿名) @ 9561.4bf2dc71.js:2
(匿名) @ 9561.4bf2dc71.js:2
(匿名) @ 8222.6209a852.chunk.js:1
e.initCourse @ 8222.6209a852.chunk.js:1
(匿名) @ 8222.6209a852.chunk.js:1
ka @ 9561.4bf2dc71.js:2
xa @ 9561.4bf2dc71.js:2
Ec @ 9561.4bf2dc71.js:2
t.unstable_runWithPriority @ 9561.4bf2dc71.js:2
qo @ 9561.4bf2dc71.js:2
kc @ 9561.4bf2dc71.js:2
dc @ 9561.4bf2dc71.js:2
(匿名) @ 9561.4bf2dc71.js:2
t.unstable_runWithPriority @ 9561.4bf2dc71.js:2
qo @ 9561.4bf2dc71.js:2
Xo @ 9561.4bf2dc71.js:2
$o @ 9561.4bf2dc71.js:2
ic @ 9561.4bf2dc71.js:2
enqueueSetState @ 9561.4bf2dc71.js:2
b.setState @ 9561.4bf2dc71.js:2
(匿名) @ 808.d56623c9.chunk.js:1
u @ 9561.4bf2dc71.js:2
(匿名) @ 9561.4bf2dc71.js:2
(匿名) @ 9561.4bf2dc71.js:2
r @ 9561.4bf2dc71.js:2
s @ 9561.4bf2dc71.js:2
Promise.then
r @ 9561.4bf2dc71.js:2
s @ 9561.4bf2dc71.js:2
Promise.then
r @ 9561.4bf2dc71.js:2
s @ 9561.4bf2dc71.js:2
Promise.then
r @ 9561.4bf2dc71.js:2
s @ 9561.4bf2dc71.js:2
(匿名) @ 9561.4bf2dc71.js:2
(匿名) @ 9561.4bf2dc71.js:2
value @ 808.d56623c9.chunk.js:1
F @ 9561.4bf2dc71.js:2
(匿名) @ 9561.4bf2dc71.js:2
Ec @ 9561.4bf2dc71.js:2
t.unstable_runWithPriority @ 9561.4bf2dc71.js:2
qo @ 9561.4bf2dc71.js:2
kc @ 9561.4bf2dc71.js:2
dc @ 9561.4bf2dc71.js:2
(匿名) @ 9561.4bf2dc71.js:2
t.unstable_runWithPriority @ 9561.4bf2dc71.js:2
qo @ 9561.4bf2dc71.js:2
Xo @ 9561.4bf2dc71.js:2
j @ 9561.4bf2dc71.js:2
M.port1.onmessage @ 9561.4bf2dc71.js:2
22:43:05.176 9561.4bf2dc71.js:2  react-intl-universal key "fe033787" not defined in zh
warningHandler @ 9561.4bf2dc71.js:2
value @ 9561.4bf2dc71.js:2
p @ 9561.4bf2dc71.js:2
value @ 8222.6209a852.chunk.js:1
Le @ 9561.4bf2dc71.js:2
(匿名) @ 9561.4bf2dc71.js:2
pe @ 9561.4bf2dc71.js:2
e.track @ 9561.4bf2dc71.js:2
n @ 9561.4bf2dc71.js:2
Xi @ 9561.4bf2dc71.js:2
$i @ 9561.4bf2dc71.js:2
Cs @ 9561.4bf2dc71.js:2
wc @ 9561.4bf2dc71.js:2
_c @ 9561.4bf2dc71.js:2
dc @ 9561.4bf2dc71.js:2
(匿名) @ 9561.4bf2dc71.js:2
t.unstable_runWithPriority @ 9561.4bf2dc71.js:2
qo @ 9561.4bf2dc71.js:2
Xo @ 9561.4bf2dc71.js:2
$o @ 9561.4bf2dc71.js:2
ic @ 9561.4bf2dc71.js:2
enqueueSetState @ 9561.4bf2dc71.js:2
b.setState @ 9561.4bf2dc71.js:2
(匿名) @ 8222.6209a852.chunk.js:1
u @ 9561.4bf2dc71.js:2
(匿名) @ 9561.4bf2dc71.js:2
(匿名) @ 9561.4bf2dc71.js:2
r @ 9561.4bf2dc71.js:2
s @ 9561.4bf2dc71.js:2
Promise.then
r @ 9561.4bf2dc71.js:2
s @ 9561.4bf2dc71.js:2
(匿名) @ 9561.4bf2dc71.js:2
(匿名) @ 9561.4bf2dc71.js:2
(匿名) @ 8222.6209a852.chunk.js:1
e.initCourse @ 8222.6209a852.chunk.js:1
(匿名) @ 8222.6209a852.chunk.js:1
ka @ 9561.4bf2dc71.js:2
xa @ 9561.4bf2dc71.js:2
Ec @ 9561.4bf2dc71.js:2
t.unstable_runWithPriority @ 9561.4bf2dc71.js:2
qo @ 9561.4bf2dc71.js:2
kc @ 9561.4bf2dc71.js:2
dc @ 9561.4bf2dc71.js:2
(匿名) @ 9561.4bf2dc71.js:2
t.unstable_runWithPriority @ 9561.4bf2dc71.js:2
qo @ 9561.4bf2dc71.js:2
Xo @ 9561.4bf2dc71.js:2
$o @ 9561.4bf2dc71.js:2
ic @ 9561.4bf2dc71.js:2
enqueueSetState @ 9561.4bf2dc71.js:2
b.setState @ 9561.4bf2dc71.js:2
(匿名) @ 808.d56623c9.chunk.js:1
u @ 9561.4bf2dc71.js:2
(匿名) @ 9561.4bf2dc71.js:2
(匿名) @ 9561.4bf2dc71.js:2
r @ 9561.4bf2dc71.js:2
s @ 9561.4bf2dc71.js:2
Promise.then
r @ 9561.4bf2dc71.js:2
s @ 9561.4bf2dc71.js:2
Promise.then
r @ 9561.4bf2dc71.js:2
s @ 9561.4bf2dc71.js:2
Promise.then
r @ 9561.4bf2dc71.js:2
s @ 9561.4bf2dc71.js:2
(匿名) @ 9561.4bf2dc71.js:2
(匿名) @ 9561.4bf2dc71.js:2
value @ 808.d56623c9.chunk.js:1
F @ 9561.4bf2dc71.js:2
(匿名) @ 9561.4bf2dc71.js:2
Ec @ 9561.4bf2dc71.js:2
t.unstable_runWithPriority @ 9561.4bf2dc71.js:2
qo @ 9561.4bf2dc71.js:2
kc @ 9561.4bf2dc71.js:2
dc @ 9561.4bf2dc71.js:2
(匿名) @ 9561.4bf2dc71.js:2
t.unstable_runWithPriority @ 9561.4bf2dc71.js:2
qo @ 9561.4bf2dc71.js:2
Xo @ 9561.4bf2dc71.js:2
j @ 9561.4bf2dc71.js:2
M.port1.onmessage @ 9561.4bf2dc71.js:2
22:43:05.176 9561.4bf2dc71.js:2  react-intl-universal key "40e20dd4" not defined in zh
warningHandler @ 9561.4bf2dc71.js:2
value @ 9561.4bf2dc71.js:2
p @ 9561.4bf2dc71.js:2
value @ 8222.6209a852.chunk.js:1
Le @ 9561.4bf2dc71.js:2
(匿名) @ 9561.4bf2dc71.js:2
pe @ 9561.4bf2dc71.js:2
e.track @ 9561.4bf2dc71.js:2
n @ 9561.4bf2dc71.js:2
Xi @ 9561.4bf2dc71.js:2
$i @ 9561.4bf2dc71.js:2
Cs @ 9561.4bf2dc71.js:2
wc @ 9561.4bf2dc71.js:2
_c @ 9561.4bf2dc71.js:2
dc @ 9561.4bf2dc71.js:2
(匿名) @ 9561.4bf2dc71.js:2
t.unstable_runWithPriority @ 9561.4bf2dc71.js:2
qo @ 9561.4bf2dc71.js:2
Xo @ 9561.4bf2dc71.js:2
$o @ 9561.4bf2dc71.js:2
ic @ 9561.4bf2dc71.js:2
enqueueSetState @ 9561.4bf2dc71.js:2
b.setState @ 9561.4bf2dc71.js:2
(匿名) @ 8222.6209a852.chunk.js:1
u @ 9561.4bf2dc71.js:2
(匿名) @ 9561.4bf2dc71.js:2
(匿名) @ 9561.4bf2dc71.js:2
r @ 9561.4bf2dc71.js:2
s @ 9561.4bf2dc71.js:2
Promise.then
r @ 9561.4bf2dc71.js:2
s @ 9561.4bf2dc71.js:2
(匿名) @ 9561.4bf2dc71.js:2
(匿名) @ 9561.4bf2dc71.js:2
(匿名) @ 8222.6209a852.chunk.js:1
e.initCourse @ 8222.6209a852.chunk.js:1
(匿名) @ 8222.6209a852.chunk.js:1
ka @ 9561.4bf2dc71.js:2
xa @ 9561.4bf2dc71.js:2
Ec @ 9561.4bf2dc71.js:2
t.unstable_runWithPriority @ 9561.4bf2dc71.js:2
qo @ 9561.4bf2dc71.js:2
kc @ 9561.4bf2dc71.js:2
dc @ 9561.4bf2dc71.js:2
(匿名) @ 9561.4bf2dc71.js:2
t.unstable_runWithPriority @ 9561.4bf2dc71.js:2
qo @ 9561.4bf2dc71.js:2
Xo @ 9561.4bf2dc71.js:2
$o @ 9561.4bf2dc71.js:2
ic @ 9561.4bf2dc71.js:2
enqueueSetState @ 9561.4bf2dc71.js:2
b.setState @ 9561.4bf2dc71.js:2
(匿名) @ 808.d56623c9.chunk.js:1
u @ 9561.4bf2dc71.js:2
(匿名) @ 9561.4bf2dc71.js:2
(匿名) @ 9561.4bf2dc71.js:2
r @ 9561.4bf2dc71.js:2
s @ 9561.4bf2dc71.js:2
Promise.then
r @ 9561.4bf2dc71.js:2
s @ 9561.4bf2dc71.js:2
Promise.then
r @ 9561.4bf2dc71.js:2
s @ 9561.4bf2dc71.js:2
Promise.then
r @ 9561.4bf2dc71.js:2
s @ 9561.4bf2dc71.js:2
(匿名) @ 9561.4bf2dc71.js:2
(匿名) @ 9561.4bf2dc71.js:2
value @ 808.d56623c9.chunk.js:1
F @ 9561.4bf2dc71.js:2
(匿名) @ 9561.4bf2dc71.js:2
Ec @ 9561.4bf2dc71.js:2
t.unstable_runWithPriority @ 9561.4bf2dc71.js:2
qo @ 9561.4bf2dc71.js:2
kc @ 9561.4bf2dc71.js:2
dc @ 9561.4bf2dc71.js:2
(匿名) @ 9561.4bf2dc71.js:2
t.unstable_runWithPriority @ 9561.4bf2dc71.js:2
qo @ 9561.4bf2dc71.js:2
Xo @ 9561.4bf2dc71.js:2
j @ 9561.4bf2dc71.js:2
M.port1.onmessage @ 9561.4bf2dc71.js:2
22:43:05.184 9561.4bf2dc71.js:2  react-intl-universal key "b698998e" not defined in zh
warningHandler @ 9561.4bf2dc71.js:2
value @ 9561.4bf2dc71.js:2
p @ 9561.4bf2dc71.js:2
value @ 8222.6209a852.chunk.js:1
Le @ 9561.4bf2dc71.js:2
(匿名) @ 9561.4bf2dc71.js:2
pe @ 9561.4bf2dc71.js:2
e.track @ 9561.4bf2dc71.js:2
n @ 9561.4bf2dc71.js:2
Xi @ 9561.4bf2dc71.js:2
$i @ 9561.4bf2dc71.js:2
Cs @ 9561.4bf2dc71.js:2
wc @ 9561.4bf2dc71.js:2
_c @ 9561.4bf2dc71.js:2
dc @ 9561.4bf2dc71.js:2
(匿名) @ 9561.4bf2dc71.js:2
t.unstable_runWithPriority @ 9561.4bf2dc71.js:2
qo @ 9561.4bf2dc71.js:2
Xo @ 9561.4bf2dc71.js:2
$o @ 9561.4bf2dc71.js:2
ic @ 9561.4bf2dc71.js:2
enqueueSetState @ 9561.4bf2dc71.js:2
b.setState @ 9561.4bf2dc71.js:2
(匿名) @ 8222.6209a852.chunk.js:1
u @ 9561.4bf2dc71.js:2
(匿名) @ 9561.4bf2dc71.js:2
(匿名) @ 9561.4bf2dc71.js:2
r @ 9561.4bf2dc71.js:2
s @ 9561.4bf2dc71.js:2
Promise.then
r @ 9561.4bf2dc71.js:2
s @ 9561.4bf2dc71.js:2
(匿名) @ 9561.4bf2dc71.js:2
(匿名) @ 9561.4bf2dc71.js:2
e.initCourse @ 8222.6209a852.chunk.js:1
(匿名) @ 8222.6209a852.chunk.js:1
ka @ 9561.4bf2dc71.js:2
xa @ 9561.4bf2dc71.js:2
Ec @ 9561.4bf2dc71.js:2
t.unstable_runWithPriority @ 9561.4bf2dc71.js:2
qo @ 9561.4bf2dc71.js:2
kc @ 9561.4bf2dc71.js:2
dc @ 9561.4bf2dc71.js:2
(匿名) @ 9561.4bf2dc71.js:2
t.unstable_runWithPriority @ 9561.4bf2dc71.js:2
qo @ 9561.4bf2dc71.js:2
Xo @ 9561.4bf2dc71.js:2
$o @ 9561.4bf2dc71.js:2
ic @ 9561.4bf2dc71.js:2
enqueueSetState @ 9561.4bf2dc71.js:2
b.setState @ 9561.4bf2dc71.js:2
(匿名) @ 808.d56623c9.chunk.js:1
u @ 9561.4bf2dc71.js:2
(匿名) @ 9561.4bf2dc71.js:2
(匿名) @ 9561.4bf2dc71.js:2
r @ 9561.4bf2dc71.js:2
s @ 9561.4bf2dc71.js:2
Promise.then
r @ 9561.4bf2dc71.js:2
s @ 9561.4bf2dc71.js:2
Promise.then
r @ 9561.4bf2dc71.js:2
s @ 9561.4bf2dc71.js:2
Promise.then
r @ 9561.4bf2dc71.js:2
s @ 9561.4bf2dc71.js:2
(匿名) @ 9561.4bf2dc71.js:2
(匿名) @ 9561.4bf2dc71.js:2
value @ 808.d56623c9.chunk.js:1
F @ 9561.4bf2dc71.js:2
(匿名) @ 9561.4bf2dc71.js:2
Ec @ 9561.4bf2dc71.js:2
t.unstable_runWithPriority @ 9561.4bf2dc71.js:2
qo @ 9561.4bf2dc71.js:2
kc @ 9561.4bf2dc71.js:2
dc @ 9561.4bf2dc71.js:2
(匿名) @ 9561.4bf2dc71.js:2
t.unstable_runWithPriority @ 9561.4bf2dc71.js:2
qo @ 9561.4bf2dc71.js:2
Xo @ 9561.4bf2dc71.js:2
j @ 9561.4bf2dc71.js:2
M.port1.onmessage @ 9561.4bf2dc71.js:2
22:43:05.184 9561.4bf2dc71.js:2  react-intl-universal key "7c1b3891" not defined in zh
warningHandler @ 9561.4bf2dc71.js:2
value @ 9561.4bf2dc71.js:2
p @ 9561.4bf2dc71.js:2
value @ 8222.6209a852.chunk.js:1
Le @ 9561.4bf2dc71.js:2
(匿名) @ 9561.4bf2dc71.js:2
pe @ 9561.4bf2dc71.js:2
e.track @ 9561.4bf2dc71.js:2
n @ 9561.4bf2dc71.js:2
Xi @ 9561.4bf2dc71.js:2
$i @ 9561.4bf2dc71.js:2
Cs @ 9561.4bf2dc71.js:2
wc @ 9561.4bf2dc71.js:2
_c @ 9561.4bf2dc71.js:2
dc @ 9561.4bf2dc71.js:2
(匿名) @ 9561.4bf2dc71.js:2
t.unstable_runWithPriority @ 9561.4bf2dc71.js:2
qo @ 9561.4bf2dc71.js:2
Xo @ 9561.4bf2dc71.js:2
$o @ 9561.4bf2dc71.js:2
ic @ 9561.4bf2dc71.js:2
enqueueSetState @ 9561.4bf2dc71.js:2
b.setState @ 9561.4bf2dc71.js:2
(匿名) @ 8222.6209a852.chunk.js:1
u @ 9561.4bf2dc71.js:2
(匿名) @ 9561.4bf2dc71.js:2
(匿名) @ 9561.4bf2dc71.js:2
r @ 9561.4bf2dc71.js:2
s @ 9561.4bf2dc71.js:2
Promise.then
r @ 9561.4bf2dc71.js:2
s @ 9561.4bf2dc71.js:2
(匿名) @ 9561.4bf2dc71.js:2
(匿名) @ 9561.4bf2dc71.js:2
e.initCourse @ 8222.6209a852.chunk.js:1
(匿名) @ 8222.6209a852.chunk.js:1
ka @ 9561.4bf2dc71.js:2
xa @ 9561.4bf2dc71.js:2
Ec @ 9561.4bf2dc71.js:2
t.unstable_runWithPriority @ 9561.4bf2dc71.js:2
qo @ 9561.4bf2dc71.js:2
kc @ 9561.4bf2dc71.js:2
dc @ 9561.4bf2dc71.js:2
(匿名) @ 9561.4bf2dc71.js:2
t.unstable_runWithPriority @ 9561.4bf2dc71.js:2
qo @ 9561.4bf2dc71.js:2
Xo @ 9561.4bf2dc71.js:2
$o @ 9561.4bf2dc71.js:2
ic @ 9561.4bf2dc71.js:2
enqueueSetState @ 9561.4bf2dc71.js:2
b.setState @ 9561.4bf2dc71.js:2
(匿名) @ 808.d56623c9.chunk.js:1
u @ 9561.4bf2dc71.js:2
(匿名) @ 9561.4bf2dc71.js:2
(匿名) @ 9561.4bf2dc71.js:2
r @ 9561.4bf2dc71.js:2
s @ 9561.4bf2dc71.js:2
Promise.then
r @ 9561.4bf2dc71.js:2
s @ 9561.4bf2dc71.js:2
Promise.then
r @ 9561.4bf2dc71.js:2
s @ 9561.4bf2dc71.js:2
Promise.then
r @ 9561.4bf2dc71.js:2
s @ 9561.4bf2dc71.js:2
(匿名) @ 9561.4bf2dc71.js:2
(匿名) @ 9561.4bf2dc71.js:2
value @ 808.d56623c9.chunk.js:1
F @ 9561.4bf2dc71.js:2
(匿名) @ 9561.4bf2dc71.js:2
Ec @ 9561.4bf2dc71.js:2
t.unstable_runWithPriority @ 9561.4bf2dc71.js:2
qo @ 9561.4bf2dc71.js:2
kc @ 9561.4bf2dc71.js:2
dc @ 9561.4bf2dc71.js:2
(匿名) @ 9561.4bf2dc71.js:2
t.unstable_runWithPriority @ 9561.4bf2dc71.js:2
qo @ 9561.4bf2dc71.js:2
Xo @ 9561.4bf2dc71.js:2
j @ 9561.4bf2dc71.js:2
M.port1.onmessage @ 9561.4bf2dc71.js:2
22:43:05.184 9561.4bf2dc71.js:2  react-intl-universal key "625fb26b" not defined in zh
warningHandler @ 9561.4bf2dc71.js:2
value @ 9561.4bf2dc71.js:2
p @ 9561.4bf2dc71.js:2
value @ 8222.6209a852.chunk.js:1
Le @ 9561.4bf2dc71.js:2
(匿名) @ 9561.4bf2dc71.js:2
pe @ 9561.4bf2dc71.js:2
e.track @ 9561.4bf2dc71.js:2
n @ 9561.4bf2dc71.js:2
Xi @ 9561.4bf2dc71.js:2
$i @ 9561.4bf2dc71.js:2
Cs @ 9561.4bf2dc71.js:2
wc @ 9561.4bf2dc71.js:2
_c @ 9561.4bf2dc71.js:2
dc @ 9561.4bf2dc71.js:2
(匿名) @ 9561.4bf2dc71.js:2
t.unstable_runWithPriority @ 9561.4bf2dc71.js:2
qo @ 9561.4bf2dc71.js:2
Xo @ 9561.4bf2dc71.js:2
$o @ 9561.4bf2dc71.js:2
ic @ 9561.4bf2dc71.js:2
enqueueSetState @ 9561.4bf2dc71.js:2
b.setState @ 9561.4bf2dc71.js:2
(匿名) @ 8222.6209a852.chunk.js:1
u @ 9561.4bf2dc71.js:2
(匿名) @ 9561.4bf2dc71.js:2
(匿名) @ 9561.4bf2dc71.js:2
r @ 9561.4bf2dc71.js:2
s @ 9561.4bf2dc71.js:2
Promise.then
r @ 9561.4bf2dc71.js:2
s @ 9561.4bf2dc71.js:2
(匿名) @ 9561.4bf2dc71.js:2
(匿名) @ 9561.4bf2dc71.js:2
e.initCourse @ 8222.6209a852.chunk.js:1
(匿名) @ 8222.6209a852.chunk.js:1
ka @ 9561.4bf2dc71.js:2
xa @ 9561.4bf2dc71.js:2
Ec @ 9561.4bf2dc71.js:2
t.unstable_runWithPriority @ 9561.4bf2dc71.js:2
qo @ 9561.4bf2dc71.js:2
kc @ 9561.4bf2dc71.js:2
dc @ 9561.4bf2dc71.js:2
(匿名) @ 9561.4bf2dc71.js:2
t.unstable_runWithPriority @ 9561.4bf2dc71.js:2
qo @ 9561.4bf2dc71.js:2
Xo @ 9561.4bf2dc71.js:2
$o @ 9561.4bf2dc71.js:2
ic @ 9561.4bf2dc71.js:2
enqueueSetState @ 9561.4bf2dc71.js:2
b.setState @ 9561.4bf2dc71.js:2
(匿名) @ 808.d56623c9.chunk.js:1
u @ 9561.4bf2dc71.js:2
(匿名) @ 9561.4bf2dc71.js:2
(匿名) @ 9561.4bf2dc71.js:2
r @ 9561.4bf2dc71.js:2
s @ 9561.4bf2dc71.js:2
Promise.then
r @ 9561.4bf2dc71.js:2
s @ 9561.4bf2dc71.js:2
Promise.then
r @ 9561.4bf2dc71.js:2
s @ 9561.4bf2dc71.js:2
Promise.then
r @ 9561.4bf2dc71.js:2
s @ 9561.4bf2dc71.js:2
(匿名) @ 9561.4bf2dc71.js:2
(匿名) @ 9561.4bf2dc71.js:2
value @ 808.d56623c9.chunk.js:1
F @ 9561.4bf2dc71.js:2
(匿名) @ 9561.4bf2dc71.js:2
Ec @ 9561.4bf2dc71.js:2
t.unstable_runWithPriority @ 9561.4bf2dc71.js:2
qo @ 9561.4bf2dc71.js:2
kc @ 9561.4bf2dc71.js:2
dc @ 9561.4bf2dc71.js:2
(匿名) @ 9561.4bf2dc71.js:2
t.unstable_runWithPriority @ 9561.4bf2dc71.js:2
qo @ 9561.4bf2dc71.js:2
Xo @ 9561.4bf2dc71.js:2
j @ 9561.4bf2dc71.js:2
M.port1.onmessage @ 9561.4bf2dc71.js:2
22:43:05.184 9561.4bf2dc71.js:2  react-intl-universal key "aa98ad92" not defined in zh
warningHandler @ 9561.4bf2dc71.js:2
value @ 9561.4bf2dc71.js:2
p @ 9561.4bf2dc71.js:2
value @ 8222.6209a852.chunk.js:1
Le @ 9561.4bf2dc71.js:2
(匿名) @ 9561.4bf2dc71.js:2
pe @ 9561.4bf2dc71.js:2
e.track @ 9561.4bf2dc71.js:2
n @ 9561.4bf2dc71.js:2
Xi @ 9561.4bf2dc71.js:2
$i @ 9561.4bf2dc71.js:2
Cs @ 9561.4bf2dc71.js:2
wc @ 9561.4bf2dc71.js:2
_c @ 9561.4bf2dc71.js:2
dc @ 9561.4bf2dc71.js:2
(匿名) @ 9561.4bf2dc71.js:2
t.unstable_runWithPriority @ 9561.4bf2dc71.js:2
qo @ 9561.4bf2dc71.js:2
Xo @ 9561.4bf2dc71.js:2
$o @ 9561.4bf2dc71.js:2
ic @ 9561.4bf2dc71.js:2
enqueueSetState @ 9561.4bf2dc71.js:2
b.setState @ 9561.4bf2dc71.js:2
(匿名) @ 8222.6209a852.chunk.js:1
u @ 9561.4bf2dc71.js:2
(匿名) @ 9561.4bf2dc71.js:2
(匿名) @ 9561.4bf2dc71.js:2
r @ 9561.4bf2dc71.js:2
s @ 9561.4bf2dc71.js:2
Promise.then
r @ 9561.4bf2dc71.js:2
s @ 9561.4bf2dc71.js:2
(匿名) @ 9561.4bf2dc71.js:2
(匿名) @ 9561.4bf2dc71.js:2
e.initCourse @ 8222.6209a852.chunk.js:1
(匿名) @ 8222.6209a852.chunk.js:1
ka @ 9561.4bf2dc71.js:2
xa @ 9561.4bf2dc71.js:2
Ec @ 9561.4bf2dc71.js:2
t.unstable_runWithPriority @ 9561.4bf2dc71.js:2
qo @ 9561.4bf2dc71.js:2
kc @ 9561.4bf2dc71.js:2
dc @ 9561.4bf2dc71.js:2
(匿名) @ 9561.4bf2dc71.js:2
t.unstable_runWithPriority @ 9561.4bf2dc71.js:2
qo @ 9561.4bf2dc71.js:2
Xo @ 9561.4bf2dc71.js:2
$o @ 9561.4bf2dc71.js:2
ic @ 9561.4bf2dc71.js:2
enqueueSetState @ 9561.4bf2dc71.js:2
b.setState @ 9561.4bf2dc71.js:2
(匿名) @ 808.d56623c9.chunk.js:1
u @ 9561.4bf2dc71.js:2
(匿名) @ 9561.4bf2dc71.js:2
(匿名) @ 9561.4bf2dc71.js:2
r @ 9561.4bf2dc71.js:2
s @ 9561.4bf2dc71.js:2
Promise.then
r @ 9561.4bf2dc71.js:2
s @ 9561.4bf2dc71.js:2
Promise.then
r @ 9561.4bf2dc71.js:2
s @ 9561.4bf2dc71.js:2
Promise.then
r @ 9561.4bf2dc71.js:2
s @ 9561.4bf2dc71.js:2
(匿名) @ 9561.4bf2dc71.js:2
(匿名) @ 9561.4bf2dc71.js:2
value @ 808.d56623c9.chunk.js:1
F @ 9561.4bf2dc71.js:2
(匿名) @ 9561.4bf2dc71.js:2
Ec @ 9561.4bf2dc71.js:2
t.unstable_runWithPriority @ 9561.4bf2dc71.js:2
qo @ 9561.4bf2dc71.js:2
kc @ 9561.4bf2dc71.js:2
dc @ 9561.4bf2dc71.js:2
(匿名) @ 9561.4bf2dc71.js:2
t.unstable_runWithPriority @ 9561.4bf2dc71.js:2
qo @ 9561.4bf2dc71.js:2
Xo @ 9561.4bf2dc71.js:2
j @ 9561.4bf2dc71.js:2
M.port1.onmessage @ 9561.4bf2dc71.js:2
22:43:05.184 9561.4bf2dc71.js:2  react-intl-universal key "fe033787" not defined in zh
warningHandler @ 9561.4bf2dc71.js:2
value @ 9561.4bf2dc71.js:2
p @ 9561.4bf2dc71.js:2
value @ 8222.6209a852.chunk.js:1
Le @ 9561.4bf2dc71.js:2
(匿名) @ 9561.4bf2dc71.js:2
pe @ 9561.4bf2dc71.js:2
e.track @ 9561.4bf2dc71.js:2
n @ 9561.4bf2dc71.js:2
Xi @ 9561.4bf2dc71.js:2
$i @ 9561.4bf2dc71.js:2
Cs @ 9561.4bf2dc71.js:2
wc @ 9561.4bf2dc71.js:2
_c @ 9561.4bf2dc71.js:2
dc @ 9561.4bf2dc71.js:2
(匿名) @ 9561.4bf2dc71.js:2
t.unstable_runWithPriority @ 9561.4bf2dc71.js:2
qo @ 9561.4bf2dc71.js:2
Xo @ 9561.4bf2dc71.js:2
$o @ 9561.4bf2dc71.js:2
ic @ 9561.4bf2dc71.js:2
enqueueSetState @ 9561.4bf2dc71.js:2
b.setState @ 9561.4bf2dc71.js:2
(匿名) @ 8222.6209a852.chunk.js:1
u @ 9561.4bf2dc71.js:2
(匿名) @ 9561.4bf2dc71.js:2
(匿名) @ 9561.4bf2dc71.js:2
r @ 9561.4bf2dc71.js:2
s @ 9561.4bf2dc71.js:2
Promise.then
r @ 9561.4bf2dc71.js:2
s @ 9561.4bf2dc71.js:2
(匿名) @ 9561.4bf2dc71.js:2
(匿名) @ 9561.4bf2dc71.js:2
e.initCourse @ 8222.6209a852.chunk.js:1
(匿名) @ 8222.6209a852.chunk.js:1
ka @ 9561.4bf2dc71.js:2
xa @ 9561.4bf2dc71.js:2
Ec @ 9561.4bf2dc71.js:2
t.unstable_runWithPriority @ 9561.4bf2dc71.js:2
qo @ 9561.4bf2dc71.js:2
kc @ 9561.4bf2dc71.js:2
dc @ 9561.4bf2dc71.js:2
(匿名) @ 9561.4bf2dc71.js:2
t.unstable_runWithPriority @ 9561.4bf2dc71.js:2
qo @ 9561.4bf2dc71.js:2
Xo @ 9561.4bf2dc71.js:2
$o @ 9561.4bf2dc71.js:2
ic @ 9561.4bf2dc71.js:2
enqueueSetState @ 9561.4bf2dc71.js:2
b.setState @ 9561.4bf2dc71.js:2
(匿名) @ 808.d56623c9.chunk.js:1
u @ 9561.4bf2dc71.js:2
(匿名) @ 9561.4bf2dc71.js:2
(匿名) @ 9561.4bf2dc71.js:2
r @ 9561.4bf2dc71.js:2
s @ 9561.4bf2dc71.js:2
Promise.then
r @ 9561.4bf2dc71.js:2
s @ 9561.4bf2dc71.js:2
Promise.then
r @ 9561.4bf2dc71.js:2
s @ 9561.4bf2dc71.js:2
Promise.then
r @ 9561.4bf2dc71.js:2
s @ 9561.4bf2dc71.js:2
(匿名) @ 9561.4bf2dc71.js:2
(匿名) @ 9561.4bf2dc71.js:2
value @ 808.d56623c9.chunk.js:1
F @ 9561.4bf2dc71.js:2
(匿名) @ 9561.4bf2dc71.js:2
Ec @ 9561.4bf2dc71.js:2
t.unstable_runWithPriority @ 9561.4bf2dc71.js:2
qo @ 9561.4bf2dc71.js:2
kc @ 9561.4bf2dc71.js:2
dc @ 9561.4bf2dc71.js:2
(匿名) @ 9561.4bf2dc71.js:2
t.unstable_runWithPriority @ 9561.4bf2dc71.js:2
qo @ 9561.4bf2dc71.js:2
Xo @ 9561.4bf2dc71.js:2
j @ 9561.4bf2dc71.js:2
M.port1.onmessage @ 9561.4bf2dc71.js:2
22:43:05.185 9561.4bf2dc71.js:2  react-intl-universal key "40e20dd4" not defined in zh
warningHandler @ 9561.4bf2dc71.js:2
value @ 9561.4bf2dc71.js:2
p @ 9561.4bf2dc71.js:2
value @ 8222.6209a852.chunk.js:1
Le @ 9561.4bf2dc71.js:2
(匿名) @ 9561.4bf2dc71.js:2
pe @ 9561.4bf2dc71.js:2
e.track @ 9561.4bf2dc71.js:2
n @ 9561.4bf2dc71.js:2
Xi @ 9561.4bf2dc71.js:2
$i @ 9561.4bf2dc71.js:2
Cs @ 9561.4bf2dc71.js:2
wc @ 9561.4bf2dc71.js:2
_c @ 9561.4bf2dc71.js:2
dc @ 9561.4bf2dc71.js:2
(匿名) @ 9561.4bf2dc71.js:2
t.unstable_runWithPriority @ 9561.4bf2dc71.js:2
qo @ 9561.4bf2dc71.js:2
Xo @ 9561.4bf2dc71.js:2
$o @ 9561.4bf2dc71.js:2
ic @ 9561.4bf2dc71.js:2
enqueueSetState @ 9561.4bf2dc71.js:2
b.setState @ 9561.4bf2dc71.js:2
(匿名) @ 8222.6209a852.chunk.js:1
u @ 9561.4bf2dc71.js:2
(匿名) @ 9561.4bf2dc71.js:2
(匿名) @ 9561.4bf2dc71.js:2
r @ 9561.4bf2dc71.js:2
s @ 9561.4bf2dc71.js:2
Promise.then
r @ 9561.4bf2dc71.js:2
s @ 9561.4bf2dc71.js:2
(匿名) @ 9561.4bf2dc71.js:2
(匿名) @ 9561.4bf2dc71.js:2
e.initCourse @ 8222.6209a852.chunk.js:1
(匿名) @ 8222.6209a852.chunk.js:1
ka @ 9561.4bf2dc71.js:2
xa @ 9561.4bf2dc71.js:2
Ec @ 9561.4bf2dc71.js:2
t.unstable_runWithPriority @ 9561.4bf2dc71.js:2
qo @ 9561.4bf2dc71.js:2
kc @ 9561.4bf2dc71.js:2
dc @ 9561.4bf2dc71.js:2
(匿名) @ 9561.4bf2dc71.js:2
t.unstable_runWithPriority @ 9561.4bf2dc71.js:2
qo @ 9561.4bf2dc71.js:2
Xo @ 9561.4bf2dc71.js:2
$o @ 9561.4bf2dc71.js:2
ic @ 9561.4bf2dc71.js:2
enqueueSetState @ 9561.4bf2dc71.js:2
b.setState @ 9561.4bf2dc71.js:2
(匿名) @ 808.d56623c9.chunk.js:1
u @ 9561.4bf2dc71.js:2
(匿名) @ 9561.4bf2dc71.js:2
(匿名) @ 9561.4bf2dc71.js:2
r @ 9561.4bf2dc71.js:2
s @ 9561.4bf2dc71.js:2
Promise.then
r @ 9561.4bf2dc71.js:2
s @ 9561.4bf2dc71.js:2
Promise.then
r @ 9561.4bf2dc71.js:2
s @ 9561.4bf2dc71.js:2
Promise.then
r @ 9561.4bf2dc71.js:2
s @ 9561.4bf2dc71.js:2
(匿名) @ 9561.4bf2dc71.js:2
(匿名) @ 9561.4bf2dc71.js:2
value @ 808.d56623c9.chunk.js:1
F @ 9561.4bf2dc71.js:2
(匿名) @ 9561.4bf2dc71.js:2
Ec @ 9561.4bf2dc71.js:2
t.unstable_runWithPriority @ 9561.4bf2dc71.js:2
qo @ 9561.4bf2dc71.js:2
kc @ 9561.4bf2dc71.js:2
dc @ 9561.4bf2dc71.js:2
(匿名) @ 9561.4bf2dc71.js:2
t.unstable_runWithPriority @ 9561.4bf2dc71.js:2
qo @ 9561.4bf2dc71.js:2
Xo @ 9561.4bf2dc71.js:2
j @ 9561.4bf2dc71.js:2
M.port1.onmessage @ 9561.4bf2dc71.js:2
22:43:05.487 9561.4bf2dc71.js:2 div
22:43:05.487 9561.4bf2dc71.js:2 由于“保留日志”的原因，已阻止console.clear()
22:43:05.488 9561.4bf2dc71.js:2 ƒ l(){}
22:43:05.488 9561.4bf2dc71.js:2 由于“保留日志”的原因，已阻止console.clear()
22:43:05.488 9561.4bf2dc71.js:2 (索引)toStringlastIndexdotAllflagsglobalhasIndicesignoreCasemultilinesourcestickyunicodeunicodeSets(索引)toStringlastIndexdotAllflagsglobalhasIndicesignoreCasemultilinesourcestickyunicodeunicodeSetsdepƒ0false''falsefalsefalsefalse' 'falsefalsefalseObject
22:43:05.488 9561.4bf2dc71.js:2 由于“保留日志”的原因，已阻止console.clear()
22:43:05.489 9561.4bf2dc71.js:2 Thu Mar 12 2026 22:43:03 GMT+0800 (中国标准时间)
22:43:05.489 9561.4bf2dc71.js:2 由于“保留日志”的原因，已阻止console.clear()
22:43:05.489 9561.4bf2dc71.js:2 {}
22:43:05.489 9561.4bf2dc71.js:2 由于“保留日志”的原因，已阻止console.clear()
22:43:05.490 log.ts:179 [debug 22:43:5 ] 等待课程数据... 2
22:43:06.003 9561.4bf2dc71.js:2 div
22:43:06.003 9561.4bf2dc71.js:2 由于“保留日志”的原因，已阻止console.clear()
22:43:06.004 9561.4bf2dc71.js:2 ƒ l(){}
22:43:06.004 9561.4bf2dc71.js:2 由于“保留日志”的原因，已阻止console.clear()
22:43:06.004 9561.4bf2dc71.js:2 (索引)toStringlastIndexdotAllflagsglobalhasIndicesignoreCasemultilinesourcestickyunicodeunicodeSets(索引)toStringlastIndexdotAllflagsglobalhasIndicesignoreCasemultilinesourcestickyunicodeunicodeSetsdepƒ0false''falsefalsefalsefalse' 'falsefalsefalseObject
22:43:06.004 9561.4bf2dc71.js:2 由于“保留日志”的原因，已阻止console.clear()
22:43:06.005 9561.4bf2dc71.js:2 Thu Mar 12 2026 22:43:03 GMT+0800 (中国标准时间)
22:43:06.005 9561.4bf2dc71.js:2 由于“保留日志”的原因，已阻止console.clear()
22:43:06.005 9561.4bf2dc71.js:2 {}
22:43:06.006 9561.4bf2dc71.js:2 由于“保留日志”的原因，已阻止console.clear()
22:43:06.489 log.ts:179 [debug 22:43:6 ] 等待课程数据... 3
22:43:06.520 9561.4bf2dc71.js:2 div
22:43:06.520 9561.4bf2dc71.js:2 由于“保留日志”的原因，已阻止console.clear()
22:43:06.521 9561.4bf2dc71.js:2 ƒ l(){}
22:43:06.521 9561.4bf2dc71.js:2 由于“保留日志”的原因，已阻止console.clear()
22:43:06.521 9561.4bf2dc71.js:2 (索引)toStringlastIndexdotAllflagsglobalhasIndicesignoreCasemultilinesourcestickyunicodeunicodeSets(索引)toStringlastIndexdotAllflagsglobalhasIndicesignoreCasemultilinesourcestickyunicodeunicodeSetsdepƒ0false''falsefalsefalsefalse' 'falsefalsefalseObject
22:43:06.521 9561.4bf2dc71.js:2 由于“保留日志”的原因，已阻止console.clear()
22:43:06.522 9561.4bf2dc71.js:2 Thu Mar 12 2026 22:43:03 GMT+0800 (中国标准时间)
22:43:06.522 9561.4bf2dc71.js:2 由于“保留日志”的原因，已阻止console.clear()
22:43:06.522 9561.4bf2dc71.js:2 {}
22:43:06.523 9561.4bf2dc71.js:2 由于“保留日志”的原因，已阻止console.clear()
22:43:06.677 8222.6209a852.chunk.js:1 commonFull true
22:43:06.677 8222.6209a852.chunk.js:1 window.outerWidth 1920
22:43:06.677 8222.6209a852.chunk.js:1 screen.availWidth 1920
22:43:06.677 8222.6209a852.chunk.js:1 windowF11Full false
22:43:06.677 8222.6209a852.chunk.js:1 isFullScreen true
22:43:06.677 8222.6209a852.chunk.js:1  Uncaught (in promise) NotAllowedError: play() failed because the user didn't interact with the document first.
e.playOrPause @ 8222.6209a852.chunk.js:1
(匿名) @ 8222.6209a852.chunk.js:1
setTimeout
e.listenCutScreen @ 8222.6209a852.chunk.js:1
(匿名) @ 8222.6209a852.chunk.js:1
u @ 9561.4bf2dc71.js:2
(匿名) @ 9561.4bf2dc71.js:2
(匿名) @ 9561.4bf2dc71.js:2
r @ 9561.4bf2dc71.js:2
s @ 9561.4bf2dc71.js:2
Promise.then
r @ 9561.4bf2dc71.js:2
s @ 9561.4bf2dc71.js:2
(匿名) @ 9561.4bf2dc71.js:2
(匿名) @ 9561.4bf2dc71.js:2
(匿名) @ 8222.6209a852.chunk.js:1
ka @ 9561.4bf2dc71.js:2
xa @ 9561.4bf2dc71.js:2
Ec @ 9561.4bf2dc71.js:2
t.unstable_runWithPriority @ 9561.4bf2dc71.js:2
qo @ 9561.4bf2dc71.js:2
kc @ 9561.4bf2dc71.js:2
dc @ 9561.4bf2dc71.js:2
(匿名) @ 9561.4bf2dc71.js:2
t.unstable_runWithPriority @ 9561.4bf2dc71.js:2
qo @ 9561.4bf2dc71.js:2
Xo @ 9561.4bf2dc71.js:2
$o @ 9561.4bf2dc71.js:2
ic @ 9561.4bf2dc71.js:2
enqueueSetState @ 9561.4bf2dc71.js:2
b.setState @ 9561.4bf2dc71.js:2
(匿名) @ 808.d56623c9.chunk.js:1
u @ 9561.4bf2dc71.js:2
(匿名) @ 9561.4bf2dc71.js:2
(匿名) @ 9561.4bf2dc71.js:2
r @ 9561.4bf2dc71.js:2
s @ 9561.4bf2dc71.js:2
Promise.then
r @ 9561.4bf2dc71.js:2
s @ 9561.4bf2dc71.js:2
Promise.then
r @ 9561.4bf2dc71.js:2
s @ 9561.4bf2dc71.js:2
Promise.then
r @ 9561.4bf2dc71.js:2
s @ 9561.4bf2dc71.js:2
(匿名) @ 9561.4bf2dc71.js:2
(匿名) @ 9561.4bf2dc71.js:2
value @ 808.d56623c9.chunk.js:1
F @ 9561.4bf2dc71.js:2
(匿名) @ 9561.4bf2dc71.js:2
Ec @ 9561.4bf2dc71.js:2
t.unstable_runWithPriority @ 9561.4bf2dc71.js:2
qo @ 9561.4bf2dc71.js:2
kc @ 9561.4bf2dc71.js:2
dc @ 9561.4bf2dc71.js:2
(匿名) @ 9561.4bf2dc71.js:2
t.unstable_runWithPriority @ 9561.4bf2dc71.js:2
qo @ 9561.4bf2dc71.js:2
Xo @ 9561.4bf2dc71.js:2
j @ 9561.4bf2dc71.js:2
M.port1.onmessage @ 9561.4bf2dc71.js:2
22:43:07.035 9561.4bf2dc71.js:2 div
22:43:07.035 9561.4bf2dc71.js:2 由于“保留日志”的原因，已阻止console.clear()
22:43:07.036 9561.4bf2dc71.js:2 ƒ l(){}
22:43:07.036 9561.4bf2dc71.js:2 由于“保留日志”的原因，已阻止console.clear()
22:43:07.036 9561.4bf2dc71.js:2 (索引)toStringlastIndexdotAllflagsglobalhasIndicesignoreCasemultilinesourcestickyunicodeunicodeSets(索引)toStringlastIndexdotAllflagsglobalhasIndicesignoreCasemultilinesourcestickyunicodeunicodeSetsdepƒ0false''falsefalsefalsefalse' 'falsefalsefalseObject
22:43:07.037 9561.4bf2dc71.js:2 由于“保留日志”的原因，已阻止console.clear()
22:43:07.037 9561.4bf2dc71.js:2 Thu Mar 12 2026 22:43:03 GMT+0800 (中国标准时间)
22:43:07.038 9561.4bf2dc71.js:2 由于“保留日志”的原因，已阻止console.clear()
22:43:07.038 9561.4bf2dc71.js:2 {}
22:43:07.038 9561.4bf2dc71.js:2 由于“保留日志”的原因，已阻止console.clear()
22:43:07.478 log.ts:179 [debug 22:43:7 ] 等待课程数据... 4
22:43:07.550 9561.4bf2dc71.js:2 div
22:43:07.550 9561.4bf2dc71.js:2 由于“保留日志”的原因，已阻止console.clear()
22:43:07.551 9561.4bf2dc71.js:2 ƒ l(){}
22:43:07.551 9561.4bf2dc71.js:2 由于“保留日志”的原因，已阻止console.clear()
22:43:07.551 9561.4bf2dc71.js:2 (索引)toStringlastIndexdotAllflagsglobalhasIndicesignoreCasemultilinesourcestickyunicodeunicodeSets(索引)toStringlastIndexdotAllflagsglobalhasIndicesignoreCasemultilinesourcestickyunicodeunicodeSetsdepƒ0false''falsefalsefalsefalse' 'falsefalsefalseObject
22:43:07.552 9561.4bf2dc71.js:2 由于“保留日志”的原因，已阻止console.clear()
22:43:07.552 9561.4bf2dc71.js:2 Thu Mar 12 2026 22:43:03 GMT+0800 (中国标准时间)
22:43:07.552 9561.4bf2dc71.js:2 由于“保留日志”的原因，已阻止console.clear()
22:43:07.553 9561.4bf2dc71.js:2 {}
22:43:07.553 9561.4bf2dc71.js:2 由于“保留日志”的原因，已阻止console.clear()
22:43:08.068 9561.4bf2dc71.js:2 div
22:43:08.068 9561.4bf2dc71.js:2 由于“保留日志”的原因，已阻止console.clear()
22:43:08.068 9561.4bf2dc71.js:2 ƒ l(){}
22:43:08.069 9561.4bf2dc71.js:2 由于“保留日志”的原因，已阻止console.clear()
22:43:08.069 9561.4bf2dc71.js:2 (索引)toStringlastIndexdotAllflagsglobalhasIndicesignoreCasemultilinesourcestickyunicodeunicodeSets(索引)toStringlastIndexdotAllflagsglobalhasIndicesignoreCasemultilinesourcestickyunicodeunicodeSetsdepƒ0false''falsefalsefalsefalse' 'falsefalsefalseObject
22:43:08.069 9561.4bf2dc71.js:2 由于“保留日志”的原因，已阻止console.clear()
22:43:08.069 9561.4bf2dc71.js:2 Thu Mar 12 2026 22:43:03 GMT+0800 (中国标准时间)
22:43:08.069 9561.4bf2dc71.js:2 由于“保留日志”的原因，已阻止console.clear()
22:43:08.069 9561.4bf2dc71.js:2 {}
22:43:08.069 9561.4bf2dc71.js:2 由于“保留日志”的原因，已阻止console.clear()
22:43:08.389 8222.6209a852.chunk.js:1 commonFull true
22:43:08.389 8222.6209a852.chunk.js:1 window.outerWidth 1920
22:43:08.389 8222.6209a852.chunk.js:1 screen.availWidth 1920
22:43:08.389 8222.6209a852.chunk.js:1 windowF11Full false
22:43:08.389 8222.6209a852.chunk.js:1 isFullScreen true
22:43:08.390 8222.6209a852.chunk.js:1  Uncaught (in promise) NotAllowedError: play() failed because the user didn't interact with the document first.
e.playOrPause @ 8222.6209a852.chunk.js:1
window.onblur @ 8222.6209a852.chunk.js:1
22:43:08.491 log.ts:179 [debug 22:43:8 ] 等待课程数据... 5
22:43:08.571 9561.4bf2dc71.js:2 div
22:43:08.571 9561.4bf2dc71.js:2 由于“保留日志”的原因，已阻止console.clear()
22:43:08.571 9561.4bf2dc71.js:2 ƒ l(){}
22:43:08.571 9561.4bf2dc71.js:2 由于“保留日志”的原因，已阻止console.clear()
22:43:08.571 9561.4bf2dc71.js:2 (索引)toStringlastIndexdotAllflagsglobalhasIndicesignoreCasemultilinesourcestickyunicodeunicodeSets(索引)toStringlastIndexdotAllflagsglobalhasIndicesignoreCasemultilinesourcestickyunicodeunicodeSetsdepƒ0false''falsefalsefalsefalse' 'falsefalsefalseObject
22:43:08.571 9561.4bf2dc71.js:2 由于“保留日志”的原因，已阻止console.clear()
22:43:08.571 9561.4bf2dc71.js:2 Thu Mar 12 2026 22:43:03 GMT+0800 (中国标准时间)
22:43:08.571 9561.4bf2dc71.js:2 由于“保留日志”的原因，已阻止console.clear()
22:43:08.571 9561.4bf2dc71.js:2 {}
22:43:08.571 9561.4bf2dc71.js:2 由于“保留日志”的原因，已阻止console.clear()
22:43:09.072 9561.4bf2dc71.js:2 div
22:43:09.073 9561.4bf2dc71.js:2 由于“保留日志”的原因，已阻止console.clear()
22:43:09.073 9561.4bf2dc71.js:2 ƒ l(){}
22:43:09.073 9561.4bf2dc71.js:2 由于“保留日志”的原因，已阻止console.clear()
22:43:09.073 9561.4bf2dc71.js:2 (索引)toStringlastIndexdotAllflagsglobalhasIndicesignoreCasemultilinesourcestickyunicodeunicodeSets(索引)toStringlastIndexdotAllflagsglobalhasIndicesignoreCasemultilinesourcestickyunicodeunicodeSetsdepƒ0false''falsefalsefalsefalse' 'falsefalsefalseObject
22:43:09.073 9561.4bf2dc71.js:2 由于“保留日志”的原因，已阻止console.clear()
22:43:09.074 9561.4bf2dc71.js:2 Thu Mar 12 2026 22:43:03 GMT+0800 (中国标准时间)
22:43:09.074 9561.4bf2dc71.js:2 由于“保留日志”的原因，已阻止console.clear()
22:43:09.074 9561.4bf2dc71.js:2 {}
22:43:09.074 9561.4bf2dc71.js:2 由于“保留日志”的原因，已阻止console.clear()
22:43:09.478 log.ts:179 [debug 22:43:9 ] 等待课程数据... 6
22:43:09.589 9561.4bf2dc71.js:2 div
22:43:09.590 9561.4bf2dc71.js:2 由于“保留日志”的原因，已阻止console.clear()
22:43:09.590 9561.4bf2dc71.js:2 ƒ l(){}
22:43:09.590 9561.4bf2dc71.js:2 由于“保留日志”的原因，已阻止console.clear()
22:43:09.590 9561.4bf2dc71.js:2 (索引)toStringlastIndexdotAllflagsglobalhasIndicesignoreCasemultilinesourcestickyunicodeunicodeSets(索引)toStringlastIndexdotAllflagsglobalhasIndicesignoreCasemultilinesourcestickyunicodeunicodeSetsdepƒ0false''falsefalsefalsefalse' 'falsefalsefalseObject
22:43:09.590 9561.4bf2dc71.js:2 由于“保留日志”的原因，已阻止console.clear()
22:43:09.590 9561.4bf2dc71.js:2 Thu Mar 12 2026 22:43:03 GMT+0800 (中国标准时间)
22:43:09.590 9561.4bf2dc71.js:2 由于“保留日志”的原因，已阻止console.clear()
22:43:09.590 9561.4bf2dc71.js:2 {}
22:43:09.590 9561.4bf2dc71.js:2 由于“保留日志”的原因，已阻止console.clear()
22:43:10.104 9561.4bf2dc71.js:2 div
22:43:10.104 9561.4bf2dc71.js:2 由于“保留日志”的原因，已阻止console.clear()
22:43:10.104 9561.4bf2dc71.js:2 ƒ l(){}
22:43:10.104 9561.4bf2dc71.js:2 由于“保留日志”的原因，已阻止console.clear()
22:43:10.104 9561.4bf2dc71.js:2 (索引)toStringlastIndexdotAllflagsglobalhasIndicesignoreCasemultilinesourcestickyunicodeunicodeSets(索引)toStringlastIndexdotAllflagsglobalhasIndicesignoreCasemultilinesourcestickyunicodeunicodeSetsdepƒ0false''falsefalsefalsefalse' 'falsefalsefalseObject
22:43:10.104 9561.4bf2dc71.js:2 由于“保留日志”的原因，已阻止console.clear()
22:43:10.104 9561.4bf2dc71.js:2 Thu Mar 12 2026 22:43:03 GMT+0800 (中国标准时间)
22:43:10.104 9561.4bf2dc71.js:2 由于“保留日志”的原因，已阻止console.clear()
22:43:10.104 9561.4bf2dc71.js:2 {}
22:43:10.105 9561.4bf2dc71.js:2 由于“保留日志”的原因，已阻止console.clear()
22:43:10.491 log.ts:179 [debug 22:43:10 ] 等待课程数据... 7
22:43:10.616 9561.4bf2dc71.js:2 div
22:43:10.616 9561.4bf2dc71.js:2 由于“保留日志”的原因，已阻止console.clear()
22:43:10.617 9561.4bf2dc71.js:2 ƒ l(){}
22:43:10.617 9561.4bf2dc71.js:2 由于“保留日志”的原因，已阻止console.clear()
22:43:10.617 9561.4bf2dc71.js:2 (索引)toStringlastIndexdotAllflagsglobalhasIndicesignoreCasemultilinesourcestickyunicodeunicodeSets(索引)toStringlastIndexdotAllflagsglobalhasIndicesignoreCasemultilinesourcestickyunicodeunicodeSetsdepƒ0false''falsefalsefalsefalse' 'falsefalsefalseObject
22:43:10.617 9561.4bf2dc71.js:2 由于“保留日志”的原因，已阻止console.clear()
22:43:10.617 9561.4bf2dc71.js:2 Thu Mar 12 2026 22:43:03 GMT+0800 (中国标准时间)
22:43:10.617 9561.4bf2dc71.js:2 由于“保留日志”的原因，已阻止console.clear()
22:43:10.617 9561.4bf2dc71.js:2 {}
22:43:10.617 9561.4bf2dc71.js:2 由于“保留日志”的原因，已阻止console.clear()
22:43:11.132 9561.4bf2dc71.js:2 div
22:43:11.133 9561.4bf2dc71.js:2 由于“保留日志”的原因，已阻止console.clear()
22:43:11.133 9561.4bf2dc71.js:2 ƒ l(){}
22:43:11.133 9561.4bf2dc71.js:2 由于“保留日志”的原因，已阻止console.clear()
22:43:11.133 9561.4bf2dc71.js:2 (索引)toStringlastIndexdotAllflagsglobalhasIndicesignoreCasemultilinesourcestickyunicodeunicodeSets(索引)toStringlastIndexdotAllflagsglobalhasIndicesignoreCasemultilinesourcestickyunicodeunicodeSetsdepƒ0false''falsefalsefalsefalse' 'falsefalsefalseObject
22:43:11.134 9561.4bf2dc71.js:2 由于“保留日志”的原因，已阻止console.clear()
22:43:11.134 9561.4bf2dc71.js:2 Thu Mar 12 2026 22:43:03 GMT+0800 (中国标准时间)
22:43:11.134 9561.4bf2dc71.js:2 由于“保留日志”的原因，已阻止console.clear()
22:43:11.134 9561.4bf2dc71.js:2 {}
22:43:11.134 9561.4bf2dc71.js:2 由于“保留日志”的原因，已阻止console.clear()
22:43:11.492 log.ts:179 [debug 22:43:11 ] 等待课程数据... 8
22:43:11.649 9561.4bf2dc71.js:2 div
22:43:11.650 9561.4bf2dc71.js:2 由于“保留日志”的原因，已阻止console.clear()
22:43:11.650 9561.4bf2dc71.js:2 ƒ l(){}
22:43:11.650 9561.4bf2dc71.js:2 由于“保留日志”的原因，已阻止console.clear()
22:43:11.650 9561.4bf2dc71.js:2 (索引)toStringlastIndexdotAllflagsglobalhasIndicesignoreCasemultilinesourcestickyunicodeunicodeSets(索引)toStringlastIndexdotAllflagsglobalhasIndicesignoreCasemultilinesourcestickyunicodeunicodeSetsdepƒ0false''falsefalsefalsefalse' 'falsefalsefalseObject
22:43:11.650 9561.4bf2dc71.js:2 由于“保留日志”的原因，已阻止console.clear()
22:43:11.651 9561.4bf2dc71.js:2 Thu Mar 12 2026 22:43:03 GMT+0800 (中国标准时间)
22:43:11.651 9561.4bf2dc71.js:2 由于“保留日志”的原因，已阻止console.clear()
22:43:11.651 9561.4bf2dc71.js:2 {}
22:43:11.651 9561.4bf2dc71.js:2 由于“保留日志”的原因，已阻止console.clear()
22:43:12.152 9561.4bf2dc71.js:2 div
22:43:12.153 9561.4bf2dc71.js:2 由于“保留日志”的原因，已阻止console.clear()
22:43:12.153 9561.4bf2dc71.js:2 ƒ l(){}
22:43:12.153 9561.4bf2dc71.js:2 由于“保留日志”的原因，已阻止console.clear()
22:43:12.153 9561.4bf2dc71.js:2 (索引)toStringlastIndexdotAllflagsglobalhasIndicesignoreCasemultilinesourcestickyunicodeunicodeSets(索引)toStringlastIndexdotAllflagsglobalhasIndicesignoreCasemultilinesourcestickyunicodeunicodeSetsdepƒ0false''falsefalsefalsefalse' 'falsefalsefalseObject
22:43:12.154 9561.4bf2dc71.js:2 由于“保留日志”的原因，已阻止console.clear()
22:43:12.154 9561.4bf2dc71.js:2 Thu Mar 12 2026 22:43:03 GMT+0800 (中国标准时间)
22:43:12.154  由于“保留日志”的原因，已阻止console.clear()
22:43:12.154  {}
22:43:12.155  由于“保留日志”的原因，已阻止console.clear()
22:43:12.482  [debug 22:43:12 ] 等待课程数据... 9
22:43:12.671  
22:43:12.671  由于“保留日志”的原因，已阻止console.clear()
22:43:12.671  
22:43:12.671  由于“保留日志”的原因，已阻止console.clear()
22:43:12.671  (索引)toStringlastIndexdotAllflagsglobalhasIndicesignoreCasemultilinesourcestickyunicodeunicodeSets(索引)toStringlastIndexdotAllflagsglobalhasIndicesignoreCasemultilinesourcestickyunicodeunicodeSetsdepƒ0false''falsefalsefalsefalse' 'falsefalsefalseObject
22:43:12.671  由于“保留日志”的原因，已阻止console.clear()
22:43:12.671  Thu Mar 12 2026 22:43:03 GMT+0800 (中国标准时间)
22:43:12.671  由于“保留日志”的原因，已阻止console.clear()
22:43:12.671  {}
22:43:12.671  由于“保留日志”的原因，已阻止console.clear()
22:43:13.172  
22:43:13.172  由于“保留日志”的原因，已阻止console.clear()
22:43:13.172  
22:43:13.172  由于“保留日志”的原因，已阻止console.clear()
22:43:13.172  (索引)toStringlastIndexdotAllflagsglobalhasIndicesignoreCasemultilinesourcestickyunicodeunicodeSets(索引)toStringlastIndexdotAllflagsglobalhasIndicesignoreCasemultilinesourcestickyunicodeunicodeSetsdepƒ0false''falsefalsefalsefalse' 'falsefalsefalseObject
22:43:13.173  由于“保留日志”的原因，已阻止console.clear()
22:43:13.173  Thu Mar 12 2026 22:43:03 GMT+0800 (中国标准时间)
22:43:13.173  由于“保留日志”的原因，已阻止console.clear()
22:43:13.173  {}
22:43:13.173  由于“保留日志”的原因，已阻止console.clear()
22:43:13.485  [debug 22:43:13 ] 等待课程数据... 10
22:43:13.689  
22:43:13.690  由于“保留日志”的原因，已阻止console.clear()
22:43:13.690  
22:43:13.690  由于“保留日志”的原因，已阻止console.clear()
22:43:13.690  (索引)toStringlastIndexdotAllflagsglobalhasIndicesignoreCasemultilinesourcestickyunicodeunicodeSets(索引)toStringlastIndexdotAllflagsglobalhasIndicesignoreCasemultilinesourcestickyunicodeunicodeSetsdepƒ0false''falsefalsefalsefalse' 'falsefalsefalseObject
22:43:13.690  由于“保留日志”的原因，已阻止console.clear()
22:43:13.690  Thu Mar 12 2026 22:43:03 GMT+0800 (中国标准时间)
22:43:13.691  由于“保留日志”的原因，已阻止console.clear()
22:43:13.691  {}
22:43:13.691  由于“保留日志”的原因，已阻止console.clear()
22:43:14.207  
22:43:14.208  由于“保留日志”的原因，已阻止console.clear()
22:43:14.208  
22:43:14.208  由于“保留日志”的原因，已阻止console.clear()
22:43:14.208  (索引)toStringlastIndexdotAllflagsglobalhasIndicesignoreCasemultilinesourcestickyunicodeunicodeSets(索引)toStringlastIndexdotAllflagsglobalhasIndicesignoreCasemultilinesourcestickyunicodeunicodeSetsdepƒ0false''falsefalsefalsefalse' 'falsefalsefalseObject
22:43:14.209  由于“保留日志”的原因，已阻止console.clear()
22:43:14.209  Thu Mar 12 2026 22:43:03 GMT+0800 (中国标准时间)
22:43:14.210  由于“保留日志”的原因，已阻止console.clear()
22:43:14.210  {}
22:43:14.210  由于“保留日志”的原因，已阻止console.clear()
22:43:14.490  [debug 22:43:14 ] 等待课程数据... 11
22:43:14.722  
22:43:14.722  由于“保留日志”的原因，已阻止console.clear()
22:43:14.722  
22:43:14.722  由于“保留日志”的原因，已阻止console.clear()
22:43:14.722  (索引)toStringlastIndexdotAllflagsglobalhasIndicesignoreCasemultilinesourcestickyunicodeunicodeSets(索引)toStringlastIndexdotAllflagsglobalhasIndicesignoreCasemultilinesourcestickyunicodeunicodeSetsdepƒ0false''falsefalsefalsefalse' 'falsefalsefalseObject
22:43:14.722  由于“保留日志”的原因，已阻止console.clear()
22:43:14.723  Thu Mar 12 2026 22:43:03 GMT+0800 (中国标准时间)
22:43:14.723  由于“保留日志”的原因，已阻止console.clear()
22:43:14.723  {}
22:43:14.723  由于“保留日志”的原因，已阻止console.clear()
22:43:15.238  
22:43:15.238  由于“保留日志”的原因，已阻止console.clear()
22:43:15.239  
22:43:15.239  由于“保留日志”的原因，已阻止console.clear()
22:43:15.239  (索引)toStringlastIndexdotAllflagsglobalhasIndicesignoreCasemultilinesourcestickyunicodeunicodeSets(索引)toStringlastIndexdotAllflagsglobalhasIndicesignoreCasemultilinesourcestickyunicodeunicodeSetsdepƒ0false''falsefalsefalsefalse' 'falsefalsefalseObject
22:43:15.239  由于“保留日志”的原因，已阻止console.clear()
22:43:15.239  Thu Mar 12 2026 22:43:03 GMT+0800 (中国标准时间)
22:43:15.240  由于“保留日志”的原因，已阻止console.clear()
22:43:15.240  {}
22:43:15.240  由于“保留日志”的原因，已阻止console.clear()
22:43:15.486  [debug 22:43:15 ] 等待课程数据... 12
22:43:15.753  
22:43:15.754  由于“保留日志”的原因，已阻止console.clear()
22:43:15.754  
22:43:15.754  由于“保留日志”的原因，已阻止console.clear()
22:43:15.754  (索引)toStringlastIndexdotAllflagsglobalhasIndicesignoreCasemultilinesourcestickyunicodeunicodeSets(索引)toStringlastIndexdotAllflagsglobalhasIndicesignoreCasemultilinesourcestickyunicodeunicodeSetsdepƒ0false''falsefalsefalsefalse' 'falsefalsefalseObject
22:43:15.755  由于“保留日志”的原因，已阻止console.clear()
22:43:15.755  Thu Mar 12 2026 22:43:03 GMT+0800 (中国标准时间)
22:43:15.755  由于“保留日志”的原因，已阻止console.clear()
22:43:15.755  {}
22:43:15.755  由于“保留日志”的原因，已阻止console.clear()
22:43:16.271  
22:43:16.271  由于“保留日志”的原因，已阻止console.clear()
22:43:16.271  
22:43:16.271  由于“保留日志”的原因，已阻止console.clear()
22:43:16.272  (索引)toStringlastIndexdotAllflagsglobalhasIndicesignoreCasemultilinesourcestickyunicodeunicodeSets(索引)toStringlastIndexdotAllflagsglobalhasIndicesignoreCasemultilinesourcestickyunicodeunicodeSetsdepƒ0false''falsefalsefalsefalse' 'falsefalsefalseObject
22:43:16.272  由于“保留日志”的原因，已阻止console.clear()
22:43:16.273  Thu Mar 12 2026 22:43:03 GMT+0800 (中国标准时间)
22:43:16.273  由于“保留日志”的原因，已阻止console.clear()
22:43:16.273  {}
22:43:16.273  由于“保留日志”的原因，已阻止console.clear()
22:43:16.488  [debug 22:43:16 ] 等待课程数据... 13
22:43:16.786  
22:43:16.786  由于“保留日志”的原因，已阻止console.clear()
22:43:16.787  
22:43:16.787  由于“保留日志”的原因，已阻止console.clear()
22:43:16.787  (索引)toStringlastIndexdotAllflagsglobalhasIndicesignoreCasemultilinesourcestickyunicodeunicodeSets(索引)toStringlastIndexdotAllflagsglobalhasIndicesignoreCasemultilinesourcestickyunicodeunicodeSetsdepƒ0false''falsefalsefalsefalse' 'falsefalsefalseObject
22:43:16.788  由于“保留日志”的原因，已阻止console.clear()
22:43:16.788  Thu Mar 12 2026 22:43:03 GMT+0800 (中国标准时间)
22:43:16.788  由于“保留日志”的原因，已阻止console.clear()
22:43:16.789  {}
22:43:16.789  由于“保留日志”的原因，已阻止console.clear()
22:43:17.302  
22:43:17.302  由于“保留日志”的原因，已阻止console.clear()
22:43:17.302  
22:43:17.302  由于“保留日志”的原因，已阻止console.clear()
22:43:17.302  (索引)toStringlastIndexdotAllflagsglobalhasIndicesignoreCasemultilinesourcestickyunicodeunicodeSets(索引)toStringlastIndexdotAllflagsglobalhasIndicesignoreCasemultilinesourcestickyunicodeunicodeSetsdepƒ0false''falsefalsefalsefalse' 'falsefalsefalseObject
22:43:17.302  由于“保留日志”的原因，已阻止console.clear()
22:43:17.302  Thu Mar 12 2026 22:43:03 GMT+0800 (中国标准时间)
22:43:17.303  由于“保留日志”的原因，已阻止console.clear()
22:43:17.303  {}
22:43:17.303  由于“保留日志”的原因，已阻止console.clear()
22:43:17.490  [debug 22:43:17 ] 等待课程数据... 14
22:43:17.820  
22:43:17.820  由于“保留日志”的原因，已阻止console.clear()
22:43:17.820  
22:43:17.820  由于“保留日志”的原因，已阻止console.clear()
22:43:17.820  (索引)toStringlastIndexdotAllflagsglobalhasIndicesignoreCasemultilinesourcestickyunicodeunicodeSets(索引)toStringlastIndexdotAllflagsglobalhasIndicesignoreCasemultilinesourcestickyunicodeunicodeSetsdepƒ0false''falsefalsefalsefalse' 'falsefalsefalseObject
22:43:17.821  由于“保留日志”的原因，已阻止console.clear()
22:43:17.821  Thu Mar 12 2026 22:43:03 GMT+0800 (中国标准时间)
22:43:17.821  由于“保留日志”的原因，已阻止console.clear()
22:43:17.821  {}
22:43:17.822  由于“保留日志”的原因，已阻止console.clear()
22:43:18.335  
22:43:18.335  由于“保留日志”的原因，已阻止console.clear()
22:43:18.335  
22:43:18.335  由于“保留日志”的原因，已阻止console.clear()
22:43:18.335  (索引)toStringlastIndexdotAllflagsglobalhasIndicesignoreCasemultilinesourcestickyunicodeunicodeSets(索引)toStringlastIndexdotAllflagsglobalhasIndicesignoreCasemultilinesourcestickyunicodeunicodeSetsdepƒ0false''falsefalsefalsefalse' 'falsefalsefalseObject
22:43:18.335  由于“保留日志”的原因，已阻止console.clear()
22:43:18.335  Thu Mar 12 2026 22:43:03 GMT+0800 (中国标准时间)
22:43:18.335  由于“保留日志”的原因，已阻止console.clear()
22:43:18.335  {}
22:43:18.335  由于“保留日志”的原因，已阻止console.clear()
22:43:18.477  [debug 22:43:18 ] 等待课程数据... 15
22:43:18.837  
22:43:18.837  由于“保留日志”的原因，已阻止console.clear()
22:43:18.837  
22:43:18.837  由于“保留日志”的原因，已阻止console.clear()
22:43:18.838  (索引)toStringlastIndexdotAllflagsglobalhasIndicesignoreCasemultilinesourcestickyunicodeunicodeSets(索引)toStringlastIndexdotAllflagsglobalhasIndicesignoreCasemultilinesourcestickyunicodeunicodeSetsdepƒ0false''falsefalsefalsefalse' 'falsefalsefalseObject
22:43:18.838  由于“保留日志”的原因，已阻止console.clear()
22:43:18.838  Thu Mar 12 2026 22:43:03 GMT+0800 (中国标准时间)
22:43:18.839  由于“保留日志”的原因，已阻止console.clear()
22:43:18.839  {}
22:43:18.839  由于“保留日志”的原因，已阻止console.clear()
22:43:19.353  
22:43:19.353  由于“保留日志”的原因，已阻止console.clear()
22:43:19.353  
22:43:19.353  由于“保留日志”的原因，已阻止console.clear()
22:43:19.353  (索引)toStringlastIndexdotAllflagsglobalhasIndicesignoreCasemultilinesourcestickyunicodeunicodeSets(索引)toStringlastIndexdotAllflagsglobalhasIndicesignoreCasemultilinesourcestickyunicodeunicodeSetsdepƒ0false''falsefalsefalsefalse' 'falsefalsefalseObject
22:43:19.353  由于“保留日志”的原因，已阻止console.clear()
22:43:19.354  Thu Mar 12 2026 22:43:03 GMT+0800 (中国标准时间)
22:43:19.354  由于“保留日志”的原因，已阻止console.clear()
22:43:19.354  {}
22:43:19.354  由于“保留日志”的原因，已阻止console.clear()
22:43:19.491  [debug 22:43:19 ] 等待课程数据... 16
22:43:19.867  
22:43:19.868  由于“保留日志”的原因，已阻止console.clear()
22:43:19.868  
22:43:19.868  由于“保留日志”的原因，已阻止console.clear()
22:43:19.868  (索引)toStringlastIndexdotAllflagsglobalhasIndicesignoreCasemultilinesourcestickyunicodeunicodeSets(索引)toStringlastIndexdotAllflagsglobalhasIndicesignoreCasemultilinesourcestickyunicodeunicodeSetsdepƒ0false''falsefalsefalsefalse' 'falsefalsefalseObject
22:43:19.869  由于“保留日志”的原因，已阻止console.clear()
22:43:19.869  Thu Mar 12 2026 22:43:03 GMT+0800 (中国标准时间)
22:43:19.869  由于“保留日志”的原因，已阻止console.clear()
22:43:19.870  {}
22:43:19.870  由于“保留日志”的原因，已阻止console.clear()
22:43:20.379  
22:43:20.379  由于“保留日志”的原因，已阻止console.clear()
22:43:20.379  
22:43:20.379  由于“保留日志”的原因，已阻止console.clear()
22:43:20.379  (索引)toStringlastIndexdotAllflagsglobalhasIndicesignoreCasemultilinesourcestickyunicodeunicodeSets(索引)toStringlastIndexdotAllflagsglobalhasIndicesignoreCasemultilinesourcestickyunicodeunicodeSetsdepƒ0false''falsefalsefalsefalse' 'falsefalsefalseObject
22:43:20.380  由于“保留日志”的原因，已阻止console.clear()
22:43:20.380  Thu Mar 12 2026 22:43:03 GMT+0800 (中国标准时间)
22:43:20.380  由于“保留日志”的原因，已阻止console.clear()
22:43:20.380  {}
22:43:20.380  由于“保留日志”的原因，已阻止console.clear()
22:43:20.488  [debug 22:43:20 ] 等待课程数据... 17
22:43:20.894  
22:43:20.894  由于“保留日志”的原因，已阻止console.clear()
22:43:20.895  
22:43:20.895  由于“保留日志”的原因，已阻止console.clear()
22:43:20.895  (索引)toStringlastIndexdotAllflagsglobalhasIndicesignoreCasemultilinesourcestickyunicodeunicodeSets(索引)toStringlastIndexdotAllflagsglobalhasIndicesignoreCasemultilinesourcestickyunicodeunicodeSetsdepƒ0false''falsefalsefalsefalse' 'falsefalsefalseObject
22:43:20.896  由于“保留日志”的原因，已阻止console.clear()
22:43:20.896  Thu Mar 12 2026 22:43:03 GMT+0800 (中国标准时间)
22:43:20.896  由于“保留日志”的原因，已阻止console.clear()
22:43:20.897  {}
22:43:20.897  由于“保留日志”的原因，已阻止console.clear()
22:43:21.407  
22:43:21.407  由于“保留日志”的原因，已阻止console.clear()
22:43:21.407  
22:43:21.408  由于“保留日志”的原因，已阻止console.clear()
22:43:21.408  (索引)toStringlastIndexdotAllflagsglobalhasIndicesignoreCasemultilinesourcestickyunicodeunicodeSets(索引)toStringlastIndexdotAllflagsglobalhasIndicesignoreCasemultilinesourcestickyunicodeunicodeSetsdepƒ0false''falsefalsefalsefalse' 'falsefalsefalseObject
22:43:21.408  由于“保留日志”的原因，已阻止console.clear()
22:43:21.409  Thu Mar 12 2026 22:43:03 GMT+0800 (中国标准时间)
22:43:21.409  由于“保留日志”的原因，已阻止console.clear()
22:43:21.409  {}
22:43:21.409  由于“保留日志”的原因，已阻止console.clear()
22:43:21.484  [debug 22:43:21 ] 等待课程数据... 18
22:43:21.920  
22:43:21.920  由于“保留日志”的原因，已阻止console.clear()
22:43:21.921  
22:43:21.921  由于“保留日志”的原因，已阻止console.clear()
22:43:21.921  (索引)toStringlastIndexdotAllflagsglobalhasIndicesignoreCasemultilinesourcestickyunicodeunicodeSets(索引)toStringlastIndexdotAllflagsglobalhasIndicesignoreCasemultilinesourcestickyunicodeunicodeSetsdepƒ0false''falsefalsefalsefalse' 'falsefalsefalseObject
22:43:21.921  由于“保留日志”的原因，已阻止console.clear()
22:43:21.921  Thu Mar 12 2026 22:43:03 GMT+0800 (中国标准时间)
22:43:21.922  由于“保留日志”的原因，已阻止console.clear()
22:43:21.922  {}
22:43:21.922  由于“保留日志”的原因，已阻止console.clear()
22:43:22.436  
22:43:22.437  由于“保留日志”的原因，已阻止console.clear()
22:43:22.437  
22:43:22.437  由于“保留日志”的原因，已阻止console.clear()
22:43:22.437  (索引)toStringlastIndexdotAllflagsglobalhasIndicesignoreCasemultilinesourcestickyunicodeunicodeSets(索引)toStringlastIndexdotAllflagsglobalhasIndicesignoreCasemultilinesourcestickyunicodeunicodeSetsdepƒ0false''falsefalsefalsefalse' 'falsefalsefalseObject
22:43:22.438  由于“保留日志”的原因，已阻止console.clear()
22:43:22.438  Thu Mar 12 2026 22:43:03 GMT+0800 (中国标准时间)
22:43:22.438  由于“保留日志”的原因，已阻止console.clear()
22:43:22.439  {}
22:43:22.439  由于“保留日志”的原因，已阻止console.clear()
22:43:22.483  [debug 22:43:22 ] 等待课程数据... 19
22:43:22.955  
22:43:22.955  由于“保留日志”的原因，已阻止console.clear()
22:43:22.955  
22:43:22.956  由于“保留日志”的原因，已阻止console.clear()
22:43:22.956  (索引)toStringlastIndexdotAllflagsglobalhasIndicesignoreCasemultilinesourcestickyunicodeunicodeSets(索引)toStringlastIndexdotAllflagsglobalhasIndicesignoreCasemultilinesourcestickyunicodeunicodeSetsdepƒ0false''falsefalsefalsefalse' 'falsefalsefalseObject
22:43:22.956  由于“保留日志”的原因，已阻止console.clear()
22:43:22.957  Thu Mar 12 2026 22:43:03 GMT+0800 (中国标准时间)
22:43:22.957  由于“保留日志”的原因，已阻止console.clear()
22:43:22.957  {}
22:43:22.957  由于“保留日志”的原因，已阻止console.clear()
22:43:23.474  
22:43:23.474  由于“保留日志”的原因，已阻止console.clear()
22:43:23.474  
22:43:23.474  由于“保留日志”的原因，已阻止console.clear()
22:43:23.475  (索引)toStringlastIndexdotAllflagsglobalhasIndicesignoreCasemultilinesourcestickyunicodeunicodeSets(索引)toStringlastIndexdotAllflagsglobalhasIndicesignoreCasemultilinesourcestickyunicodeunicodeSetsdepƒ0false''falsefalsefalsefalse' 'falsefalsefalseObject
22:43:23.475  由于“保留日志”的原因，已阻止console.clear()
22:43:23.475  Thu Mar 12 2026 22:43:03 GMT+0800 (中国标准时间)
22:43:23.475  由于“保留日志”的原因，已阻止console.clear()
22:43:23.476  {}
22:43:23.476  由于“保留日志”的原因，已阻止console.clear()
22:43:23.489  [debug 22:43:23 ] 等待课程数据... 20
22:43:23.989  
22:43:23.990  由于“保留日志”的原因，已阻止console.clear()
22:43:23.990  
22:43:23.990  由于“保留日志”的原因，已阻止console.clear()
22:43:23.990  (索引)toStringlastIndexdotAllflagsglobalhasIndicesignoreCasemultilinesourcestickyunicodeunicodeSets(索引)toStringlastIndexdotAllflagsglobalhasIndicesignoreCasemultilinesourcestickyunicodeunicodeSetsdepƒ0false''falsefalsefalsefalse' 'falsefalsefalseObject
22:43:23.991  由于“保留日志”的原因，已阻止console.clear()
22:43:23.991  Thu Mar 12 2026 22:43:03 GMT+0800 (中国标准时间)
22:43:23.992  由于“保留日志”的原因，已阻止console.clear()
22:43:23.992  {}
22:43:23.992  由于“保留日志”的原因，已阻止console.clear()
22:43:24.492  [debug 22:43:24 ] 等待课程数据... 21
22:43:24.493   [error 22:43:24 ] 等待课程数据超时
Error @ webpack://cxmooc-too…l/utils/log.ts?:212
eval @ webpack://cxmooc-too…zsgl/course.ts?:195
setInterval
setInterval @ webpack://cxmooc-too…utils/utils.ts?:187
eval @ webpack://cxmooc-too…zsgl/course.ts?:186
eval @ webpack://cxmooc-too…c/zsgl/course.ts?:8
__awaiter @ webpack://cxmooc-too…c/zsgl/course.ts?:4
OperateCard @ webpack://cxmooc-too…zsgl/course.ts?:180
eval @ webpack://cxmooc-too…/zsgl/course.ts?:64
eval @ webpack://cxmooc-too…c/zsgl/course.ts?:8
__awaiter @ webpack://cxmooc-too…c/zsgl/course.ts?:4
eval @ webpack://cxmooc-too…/zsgl/course.ts?:57
22:43:24.494   [warn 22:43:24 ] 未找到对应的课程状态 key
Warn @ webpack://cxmooc-too…l/utils/log.ts?:197
notifyStudyMapCourseComplete @ webpack://cxmooc-too…zsgl/course.ts?:162
eval @ webpack://cxmooc-too…/zsgl/course.ts?:54
eval @ webpack://cxmooc-too…/utils/event.ts?:30
callEvent @ webpack://cxmooc-too…/utils/event.ts?:29
eval @ webpack://cxmooc-too…zsgl/course.ts?:196
setInterval
setInterval @ webpack://cxmooc-too…utils/utils.ts?:187
eval @ webpack://cxmooc-too…zsgl/course.ts?:186
eval @ webpack://cxmooc-too…c/zsgl/course.ts?:8
__awaiter @ webpack://cxmooc-too…c/zsgl/course.ts?:4
OperateCard @ webpack://cxmooc-too…zsgl/course.ts?:180
eval @ webpack://cxmooc-too…/zsgl/course.ts?:64
eval @ webpack://cxmooc-too…c/zsgl/course.ts?:8
__awaiter @ webpack://cxmooc-too…c/zsgl/course.ts?:4
eval @ webpack://cxmooc-too…/zsgl/course.ts?:57
22:43:24.494  [debug 22:43:24 ] courseTaskComplete 当前课程任务完成了
22:43:24.498  
22:43:24.499  由于“保留日志”的原因，已阻止console.clear()
22:43:24.499  
22:43:24.499  由于“保留日志”的原因，已阻止console.clear()
22:43:24.499  (索引)toStringlastIndexdotAllflagsglobalhasIndicesignoreCasemultilinesourcestickyunicodeunicodeSets(索引)toStringlastIndexdotAllflagsglobalhasIndicesignoreCasemultilinesourcestickyunicodeunicodeSetsdepƒ0false''falsefalsefalsefalse' 'falsefalsefalseObject
22:43:24.499  由于“保留日志”的原因，已阻止console.clear()
22:43:24.500  Thu Mar 12 2026 22:43:03 GMT+0800 (中国标准时间)
22:43:24.500  由于“保留日志”的原因，已阻止console.clear()
22:43:24.500  {}
22:43:24.500  由于“保留日志”的原因，已阻止console.clear()
22:43:25.010  
22:43:25.010  由于“保留日志”的原因，已阻止console.clear()
22:43:25.010  
22:43:25.011  由于“保留日志”的原因，已阻止console.clear()
22:43:25.011  (索引)toStringlastIndexdotAllflagsglobalhasIndicesignoreCasemultilinesourcestickyunicodeunicodeSets(索引)toStringlastIndexdotAllflagsglobalhasIndicesignoreCasemultilinesourcestickyunicodeunicodeSetsdepƒ0false''falsefalsefalsefalse' 'falsefalsefalseObject
22:43:25.011  由于“保留日志”的原因，已阻止console.clear()
22:43:25.011  Thu Mar 12 2026 22:43:03 GMT+0800 (中国标准时间)
22:43:25.011  由于“保留日志”的原因，已阻止console.clear()
22:43:25.012  {}
22:43:25.012  由于“保留日志”的原因，已阻止console.clear()
22:43:25.523  
22:43:25.523  由于“保留日志”的原因，已阻止console.clear()
22:43:25.523  
22:43:25.523  由于“保留日志”的原因，已阻止console.clear()
22:43:25.524  (索引)toStringlastIndexdotAllflagsglobalhasIndicesignoreCasemultilinesourcestickyunicodeunicodeSets(索引)toStringlastIndexdotAllflagsglobalhasIndicesignoreCasemultilinesourcestickyunicodeunicodeSetsdepƒ0false''falsefalsefalsefalse' 'falsefalsefalseObject
22:43:25.524  由于“保留日志”的原因，已阻止console.clear()
22:43:25.524  Thu Mar 12 2026 22:43:03 GMT+0800 (中国标准时间)
22:43:25.524  由于“保留日志”的原因，已阻止console.clear()
22:43:25.524  {}
22:43:25.524  由于“保留日志”的原因，已阻止console.clear()
22:43:26.039  
22:43:26.039  由于“保留日志”的原因，已阻止console.clear()
22:43:26.039  
22:43:26.039  由于“保留日志”的原因，已阻止console.clear()
22:43:26.039  (索引)toStringlastIndexdotAllflagsglobalhasIndicesignoreCasemultilinesourcestickyunicodeunicodeSets(索引)toStringlastIndexdotAllflagsglobalhasIndicesignoreCasemultilinesourcestickyunicodeunicodeSetsdepƒ0false''falsefalsefalsefalse' 'falsefalsefalseObject
22:43:26.039  由于“保留日志”的原因，已阻止console.clear()
22:43:26.039  Thu Mar 12 2026 22:43:03 GMT+0800 (中国标准时间)
22:43:26.039  由于“保留日志”的原因，已阻止console.clear()
22:43:26.039  {}
22:43:26.039  由于“保留日志”的原因，已阻止console.clear()
22:43:26.555  
22:43:26.555  由于“保留日志”的原因，已阻止console.clear()
22:43:26.555  
22:43:26.556  由于“保留日志”的原因，已阻止console.clear()
22:43:26.556  (索引)toStringlastIndexdotAllflagsglobalhasIndicesignoreCasemultilinesourcestickyunicodeunicodeSets(索引)toStringlastIndexdotAllflagsglobalhasIndicesignoreCasemultilinesourcestickyunicodeunicodeSetsdepƒ0false''falsefalsefalsefalse' 'falsefalsefalseObject
22:43:26.556  由于“保留日志”的原因，已阻止console.clear()
22:43:26.557  Thu Mar 12 2026 22:43:03 GMT+0800 (中国标准时间)
22:43:26.557  由于“保留日志”的原因，已阻止console.clear()
22:43:26.558  {}
22:43:26.558  由于“保留日志”的原因，已阻止console.clear()
22:43:27.070  
22:43:27.070  由于“保留日志”的原因，已阻止console.clear()
22:43:27.070  
22:43:27.070  由于“保留日志”的原因，已阻止console.clear()
22:43:27.071  (索引)toStringlastIndexdotAllflagsglobalhasIndicesignoreCasemultilinesourcestickyunicodeunicodeSets(索引)toStringlastIndexdotAllflagsglobalhasIndicesignoreCasemultilinesourcestickyunicodeunicodeSetsdepƒ0false''falsefalsefalsefalse' 'falsefalsefalseObject
22:43:27.071  由于“保留日志”的原因，已阻止console.clear()
22:43:27.071  Thu Mar 12 2026 22:43:03 GMT+0800 (中国标准时间)
22:43:27.071  由于“保留日志”的原因，已阻止console.clear()
22:43:27.072  {}
22:43:27.072  由于“保留日志”的原因，已阻止console.clear()
22:43:27.587  
22:43:27.587  由于“保留日志”的原因，已阻止console.clear()
22:43:27.588  
22:43:27.588  由于“保留日志”的原因，已阻止console.clear()
22:43:27.588  (索引)toStringlastIndexdotAllflagsglobalhasIndicesignoreCasemultilinesourcestickyunicodeunicodeSets(索引)toStringlastIndexdotAllflagsglobalhasIndicesignoreCasemultilinesourcestickyunicodeunicodeSetsdepƒ0false''falsefalsefalsefalse' 'falsefalsefalseObject
22:43:27.589  由于“保留日志”的原因，已阻止console.clear()
22:43:27.589  Thu Mar 12 2026 22:43:03 GMT+0800 (中国标准时间)
22:43:27.589  由于“保留日志”的原因，已阻止console.clear()
22:43:27.589  {}
22:43:27.590  由于“保留日志”的原因，已阻止console.clear()
22:43:28.105  
22:43:28.105  由于“保留日志”的原因，已阻止console.clear()
22:43:28.106  
22:43:28.106  由于“保留日志”的原因，已阻止console.clear()
22:43:28.106  (索引)toStringlastIndexdotAllflagsglobalhasIndicesignoreCasemultilinesourcestickyunicodeunicodeSets(索引)toStringlastIndexdotAllflagsglobalhasIndicesignoreCasemultilinesourcestickyunicodeunicodeSetsdepƒ0false''falsefalsefalsefalse' 'falsefalsefalseObject
22:43:28.106  由于“保留日志”的原因，已阻止console.clear()
22:43:28.107  Thu Mar 12 2026 22:43:03 GMT+0800 (中国标准时间)
22:43:28.107  由于“保留日志”的原因，已阻止console.clear()
22:43:28.107  {}
22:43:28.107  由于“保留日志”的原因，已阻止console.clear()
22:43:28.619  
22:43:28.619  由于“保留日志”的原因，已阻止console.clear()
22:43:28.619  
22:43:28.620  由于“保留日志”的原因，已阻止console.clear()
22:43:28.620  (索引)toStringlastIndexdotAllflagsglobalhasIndicesignoreCasemultilinesourcestickyunicodeunicodeSets(索引)toStringlastIndexdotAllflagsglobalhasIndicesignoreCasemultilinesourcestickyunicodeunicodeSetsdepƒ0false''falsefalsefalsefalse' 'falsefalsefalseObject
22:43:28.620  由于“保留日志”的原因，已阻止console.clear()
22:43:28.620  Thu Mar 12 2026 22:43:03 GMT+0800 (中国标准时间)
22:43:28.621  由于“保留日志”的原因，已阻止console.clear()
22:43:28.621  {}
22:43:28.621  由于“保留日志”的原因，已阻止console.clear()
22:43:29.134  
22:43:29.134  由于“保留日志”的原因，已阻止console.clear()
22:43:29.134  
22:43:29.135  由于“保留日志”的原因，已阻止console.clear()
22:43:29.135  (索引)toStringlastIndexdotAllflagsglobalhasIndicesignoreCasemultilinesourcestickyunicodeunicodeSets(索引)toStringlastIndexdotAllflagsglobalhasIndicesignoreCasemultilinesourcestickyunicodeunicodeSetsdepƒ0false''falsefalsefalsefalse' 'falsefalsefalseObject
22:43:29.135  由于“保留日志”的原因，已阻止console.clear()
22:43:29.136  Thu Mar 12 2026 22:43:03 GMT+0800 (中国标准时间)
22:43:29.136  由于“保留日志”的原因，已阻止console.clear()
22:43:29.137  {}
22:43:29.137  由于“保留日志”的原因，已阻止console.clear()
22:43:29.650  
22:43:29.650  由于“保留日志”的原因，已阻止console.clear()
22:43:29.650  
22:43:29.650  由于“保留日志”的原因，已阻止console.clear()
22:43:29.651  (索引)toStringlastIndexdotAllflagsglobalhasIndicesignoreCasemultilinesourcestickyunicodeunicodeSets(索引)toStringlastIndexdotAllflagsglobalhasIndicesignoreCasemultilinesourcestickyunicodeunicodeSetsdepƒ0false''falsefalsefalsefalse' 'falsefalsefalseObject
22:43:29.651  由于“保留日志”的原因，已阻止console.clear()
22:43:29.651  Thu Mar 12 2026 22:43:03 GMT+0800 (中国标准时间)
22:43:29.652  由于“保留日志”的原因，已阻止console.clear()
22:43:29.652  {}
22:43:29.652  由于“保留日志”的原因，已阻止console.clear()
22:43:30.168  
22:43:30.168  由于“保留日志”的原因，已阻止console.clear()
22:43:30.168  
22:43:30.168  由于“保留日志”的原因，已阻止console.clear()
22:43:30.169  (索引)toStringlastIndexdotAllflagsglobalhasIndicesignoreCasemultilinesourcestickyunicodeunicodeSets(索引)toStringlastIndexdotAllflagsglobalhasIndicesignoreCasemultilinesourcestickyunicodeunicodeSetsdepƒ0false''falsefalsefalsefalse' 'falsefalsefalseObject
22:43:30.169  由于“保留日志”的原因，已阻止console.clear()
22:43:30.169  Thu Mar 12 2026 22:43:03 GMT+0800 (中国标准时间)
22:43:30.170  由于“保留日志”的原因，已阻止console.clear()
22:43:30.170  {}
22:43:30.170  由于“保留日志”的原因，已阻止console.clear()
22:43:30.672  
22:43:30.673  由于“保留日志”的原因，已阻止console.clear()
22:43:30.673  
22:43:30.673  由于“保留日志”的原因，已阻止console.clear()
22:43:30.673  (索引)toStringlastIndexdotAllflagsglobalhasIndicesignoreCasemultilinesourcestickyunicodeunicodeSets(索引)toStringlastIndexdotAllflagsglobalhasIndicesignoreCasemultilinesourcestickyunicodeunicodeSetsdepƒ0false''falsefalsefalsefalse' 'falsefalsefalseObject
22:43:30.674  由于“保留日志”的原因，已阻止console.clear()
22:43:30.674  Thu Mar 12 2026 22:43:03 GMT+0800 (中国标准时间)
22:43:30.675  由于“保留日志”的原因，已阻止console.clear()
22:43:30.675  {}
22:43:30.675  由于“保留日志”的原因，已阻止console.clear()
22:43:31.178  
22:43:31.178  由于“保留日志”的原因，已阻止console.clear()
22:43:31.178  
22:43:31.178  由于“保留日志”的原因，已阻止console.clear()
22:43:31.178  (索引)toStringlastIndexdotAllflagsglobalhasIndicesignoreCasemultilinesourcestickyunicodeunicodeSets(索引)toStringlastIndexdotAllflagsglobalhasIndicesignoreCasemultilinesourcestickyunicodeunicodeSetsdepƒ0false''falsefalsefalsefalse' 'falsefalsefalseObject
22:43:31.179  由于“保留日志”的原因，已阻止console.clear()
22:43:31.179  Thu Mar 12 2026 22:43:03 GMT+0800 (中国标准时间)
22:43:31.179  由于“保留日志”的原因，已阻止console.clear()
22:43:31.180  {}
22:43:31.180  由于“保留日志”的原因，已阻止console.clear()
22:43:31.694  
22:43:31.694  由于“保留日志”的原因，已阻止console.clear()
22:43:31.695  
22:43:31.695  由于“保留日志”的原因，已阻止console.clear()
22:43:31.695  (索引)toStringlastIndexdotAllflagsglobalhasIndicesignoreCasemultilinesourcestickyunicodeunicodeSets(索引)toStringlastIndexdotAllflagsglobalhasIndicesignoreCasemultilinesourcestickyunicodeunicodeSetsdepƒ0false''falsefalsefalsefalse' 'falsefalsefalseObject
22:43:31.695  由于“保留日志”的原因，已阻止console.clear()
22:43:31.696  Thu Mar 12 2026 22:43:03 GMT+0800 (中国标准时间)
22:43:31.696  由于“保留日志”的原因，已阻止console.clear()
22:43:31.696  {}
22:43:31.697  由于“保留日志”的原因，已阻止console.clear()
22:43:32.212  
22:43:32.212  由于“保留日志”的原因，已阻止console.clear()
22:43:32.212  
22:43:32.212  由于“保留日志”的原因，已阻止console.clear()
22:43:32.212  (索引)toStringlastIndexdotAllflagsglobalhasIndicesignoreCasemultilinesourcestickyunicodeunicodeSets(索引)toStringlastIndexdotAllflagsglobalhasIndicesignoreCasemultilinesourcestickyunicodeunicodeSetsdepƒ0false''falsefalsefalsefalse' 'falsefalsefalseObject
22:43:32.212  由于“保留日志”的原因，已阻止console.clear()
22:43:32.212  Thu Mar 12 2026 22:43:03 GMT+0800 (中国标准时间)
22:43:32.212  由于“保留日志”的原因，已阻止console.clear()
22:43:32.212  {}
22:43:32.213  由于“保留日志”的原因，已阻止console.clear()
22:43:32.716  
22:43:32.716  由于“保留日志”的原因，已阻止console.clear()
22:43:32.717  
22:43:32.717  由于“保留日志”的原因，已阻止console.clear()
22:43:32.717  (索引)toStringlastIndexdotAllflagsglobalhasIndicesignoreCasemultilinesourcestickyunicodeunicodeSets(索引)toStringlastIndexdotAllflagsglobalhasIndicesignoreCasemultilinesourcestickyunicodeunicodeSetsdepƒ0false''falsefalsefalsefalse' 'falsefalsefalseObject
22:43:32.717  由于“保留日志”的原因，已阻止console.clear()
22:43:32.718  Thu Mar 12 2026 22:43:03 GMT+0800 (中国标准时间)
22:43:32.718  由于“保留日志”的原因，已阻止console.clear()
22:43:32.718  {}
22:43:32.719  由于“保留日志”的原因，已阻止console.clear()
22:43:33.233  
22:43:33.234  由于“保留日志”的原因，已阻止console.clear()
22:43:33.234  
22:43:33.234  由于“保留日志”的原因，已阻止console.clear()
22:43:33.234  (索引)toStringlastIndexdotAllflagsglobalhasIndicesignoreCasemultilinesourcestickyunicodeunicodeSets(索引)toStringlastIndexdotAllflagsglobalhasIndicesignoreCasemultilinesourcestickyunicodeunicodeSetsdepƒ0false''falsefalsefalsefalse' 'falsefalsefalseObject
22:43:33.234  由于“保留日志”的原因，已阻止console.clear()
22:43:33.234  Thu Mar 12 2026 22:43:03 GMT+0800 (中国标准时间)
22:43:33.234  由于“保留日志”的原因，已阻止console.clear()
22:43:33.235  {}
22:43:33.235  由于“保留日志”的原因，已阻止console.clear()
22:43:33.748  
22:43:33.748  由于“保留日志”的原因，已阻止console.clear()
22:43:33.749  
22:43:33.749  由于“保留日志”的原因，已阻止console.clear()
22:43:33.749  (索引)toStringlastIndexdotAllflagsglobalhasIndicesignoreCasemultilinesourcestickyunicodeunicodeSets(索引)toStringlastIndexdotAllflagsglobalhasIndicesignoreCasemultilinesourcestickyunicodeunicodeSetsdepƒ0false''falsefalsefalsefalse' 'falsefalsefalseObject
22:43:33.750  由于“保留日志”的原因，已阻止console.clear()
22:43:33.750  Thu Mar 12 2026 22:43:03 GMT+0800 (中国标准时间)
22:43:33.750  由于“保留日志”的原因，已阻止console.clear()
22:43:33.751  {}
22:43:33.751  由于“保留日志”的原因，已阻止console.clear()
22:43:34.264  
22:43:34.265  由于“保留日志”的原因，已阻止console.clear()
22:43:34.265  
22:43:34.265  由于“保留日志”的原因，已阻止console.clear()
22:43:34.265  (索引)toStringlastIndexdotAllflagsglobalhasIndicesignoreCasemultilinesourcestickyunicodeunicodeSets(索引)toStringlastIndexdotAllflagsglobalhasIndicesignoreCasemultilinesourcestickyunicodeunicodeSetsdepƒ0false''falsefalsefalsefalse' 'falsefalsefalseObject
22:43:34.265  由于“保留日志”的原因，已阻止console.clear()
22:43:34.265  Thu Mar 12 2026 22:43:03 GMT+0800 (中国标准时间)
22:43:34.265  由于“保留日志”的原因，已阻止console.clear()
22:43:34.265  {}
22:43:34.265  由于“保留日志”的原因，已阻止console.clear()
22:43:34.766  
22:43:34.766  由于“保留日志”的原因，已阻止console.clear()
22:43:34.766  
22:43:34.767  由于“保留日志”的原因，已阻止console.clear()
22:43:34.767  (索引)toStringlastIndexdotAllflagsglobalhasIndicesignoreCasemultilinesourcestickyunicodeunicodeSets(索引)toStringlastIndexdotAllflagsglobalhasIndicesignoreCasemultilinesourcestickyunicodeunicodeSetsdepƒ0false''falsefalsefalsefalse' 'falsefalsefalseObject
22:43:34.767  由于“保留日志”的原因，已阻止console.clear()
22:43:34.768  Thu Mar 12 2026 22:43:03 GMT+0800 (中国标准时间)
22:43:34.768  由于“保留日志”的原因，已阻止console.clear()
22:43:34.768  {}
22:43:34.768  由于“保留日志”的原因，已阻止console.clear()
22:43:35.281  
22:43:35.282  由于“保留日志”的原因，已阻止console.clear()
22:43:35.282  
22:43:35.282  由于“保留日志”的原因，已阻止console.clear()
22:43:35.282  (索引)toStringlastIndexdotAllflagsglobalhasIndicesignoreCasemultilinesourcestickyunicodeunicodeSets(索引)toStringlastIndexdotAllflagsglobalhasIndicesignoreCasemultilinesourcestickyunicodeunicodeSetsdepƒ0false''falsefalsefalsefalse' 'falsefalsefalseObject
22:43:35.283  由于“保留日志”的原因，已阻止console.clear()
22:43:35.283  Thu Mar 12 2026 22:43:03 GMT+0800 (中国标准时间)
22:43:35.283  由于“保留日志”的原因，已阻止console.clear()
22:43:35.283  {}
22:43:35.284  由于“保留日志”的原因，已阻止console.clear()
22:43:35.798  
22:43:35.799  由于“保留日志”的原因，已阻止console.clear()
22:43:35.799  
22:43:35.799  由于“保留日志”的原因，已阻止console.clear()
22:43:35.799  (索引)toStringlastIndexdotAllflagsglobalhasIndicesignoreCasemultilinesourcestickyunicodeunicodeSets(索引)toStringlastIndexdotAllflagsglobalhasIndicesignoreCasemultilinesourcestickyunicodeunicodeSetsdepƒ0false''falsefalsefalsefalse' 'falsefalsefalseObject
22:43:35.800  由于“保留日志”的原因，已阻止console.clear()
22:43:35.800  Thu Mar 12 2026 22:43:03 GMT+0800 (中国标准时间)
22:43:35.800  由于“保留日志”的原因，已阻止console.clear()
22:43:35.800  {}
22:43:35.801  由于“保留日志”的原因，已阻止console.clear()
22:43:36.312  
22:43:36.312  由于“保留日志”的原因，已阻止console.clear()
22:43:36.312  
22:43:36.312  由于“保留日志”的原因，已阻止console.clear()
22:43:36.312  (索引)toStringlastIndexdotAllflagsglobalhasIndicesignoreCasemultilinesourcestickyunicodeunicodeSets(索引)toStringlastIndexdotAllflagsglobalhasIndicesignoreCasemultilinesourcestickyunicodeunicodeSetsdepƒ0false''falsefalsefalsefalse' 'falsefalsefalseObject
22:43:36.312  由于“保留日志”的原因，已阻止console.clear()
22:43:36.312  Thu Mar 12 2026 22:43:03 GMT+0800 (中国标准时间)
22:43:36.312  由于“保留日志”的原因，已阻止console.clear()
22:43:36.312  {}
22:43:36.312  由于“保留日志”的原因，已阻止console.clear()
22:43:36.815  
22:43:36.815  由于“保留日志”的原因，已阻止console.clear()
22:43:36.815  
22:43:36.815  由于“保留日志”的原因，已阻止console.clear()
22:43:36.816  (索引)toStringlastIndexdotAllflagsglobalhasIndicesignoreCasemultilinesourcestickyunicodeunicodeSets(索引)toStringlastIndexdotAllflagsglobalhasIndicesignoreCasemultilinesourcestickyunicodeunicodeSetsdepƒ0false''falsefalsefalsefalse' 'falsefalsefalseObject
22:43:36.816  由于“保留日志”的原因，已阻止console.clear()
22:43:36.816  Thu Mar 12 2026 22:43:03 GMT+0800 (中国标准时间)
22:43:36.816  由于“保留日志”的原因，已阻止console.clear()
22:43:36.817  {}
22:43:36.817  由于“保留日志”的原因，已阻止console.clear()
22:43:37.333  
22:43:37.333  由于“保留日志”的原因，已阻止console.clear()
22:43:37.333  
22:43:37.333  由于“保留日志”的原因，已阻止console.clear()
22:43:37.334  (索引)toStringlastIndexdotAllflagsglobalhasIndicesignoreCasemultilinesourcestickyunicodeunicodeSets(索引)toStringlastIndexdotAllflagsglobalhasIndicesignoreCasemultilinesourcestickyunicodeunicodeSetsdepƒ0false''falsefalsefalsefalse' 'falsefalsefalseObject
22:43:37.334  由于“保留日志”的原因，已阻止console.clear()
22:43:37.334  Thu Mar 12 2026 22:43:03 GMT+0800 (中国标准时间)
22:43:37.335  由于“保留日志”的原因，已阻止console.clear()
22:43:37.335  {}
22:43:37.335  由于“保留日志”的原因，已阻止console.clear()
22:43:37.851  
22:43:37.852  由于“保留日志”的原因，已阻止console.clear()
22:43:37.852  
22:43:37.852  由于“保留日志”的原因，已阻止console.clear()
22:43:37.852  (索引)toStringlastIndexdotAllflagsglobalhasIndicesignoreCasemultilinesourcestickyunicodeunicodeSets(索引)toStringlastIndexdotAllflagsglobalhasIndicesignoreCasemultilinesourcestickyunicodeunicodeSetsdepƒ0false''falsefalsefalsefalse' 'falsefalsefalseObject
22:43:37.853  由于“保留日志”的原因，已阻止console.clear()
22:43:37.853  Thu Mar 12 2026 22:43:03 GMT+0800 (中国标准时间)
22:43:37.853  由于“保留日志”的原因，已阻止console.clear()
22:43:37.853  {}
22:43:37.853  由于“保留日志”的原因，已阻止console.clear()
22:43:38.369  
22:43:38.369  由于“保留日志”的原因，已阻止console.clear()
22:43:38.370  
22:43:38.370  由于“保留日志”的原因，已阻止console.clear()
22:43:38.370  (索引)toStringlastIndexdotAllflagsglobalhasIndicesignoreCasemultilinesourcestickyunicodeunicodeSets(索引)toStringlastIndexdotAllflagsglobalhasIndicesignoreCasemultilinesourcestickyunicodeunicodeSetsdepƒ0false''falsefalsefalsefalse' 'falsefalsefalseObject
22:43:38.371  由于“保留日志”的原因，已阻止console.clear()
22:43:38.371  Thu Mar 12 2026 22:43:03 GMT+0800 (中国标准时间)
22:43:38.371  由于“保留日志”的原因，已阻止console.clear()
22:43:38.371  {}
22:43:38.372  由于“保留日志”的原因，已阻止console.clear()
22:43:38.872  
22:43:38.873  由于“保留日志”的原因，已阻止console.clear()
22:43:38.873  
22:43:38.873  由于“保留日志”的原因，已阻止console.clear()
22:43:38.873  (索引)toStringlastIndexdotAllflagsglobalhasIndicesignoreCasemultilinesourcestickyunicodeunicodeSets(索引)toStringlastIndexdotAllflagsglobalhasIndicesignoreCasemultilinesourcestickyunicodeunicodeSetsdepƒ0false''falsefalsefalsefalse' 'falsefalsefalseObject
22:43:38.873  由于“保留日志”的原因，已阻止console.clear()
22:43:38.873  Thu Mar 12 2026 22:43:03 GMT+0800 (中国标准时间)
22:43:38.873  由于“保留日志”的原因，已阻止console.clear()
22:43:38.873  {}
22:43:38.874  由于“保留日志”的原因，已阻止console.clear()
22:43:39.389  
22:43:39.389  由于“保留日志”的原因，已阻止console.clear()
22:43:39.389  
22:43:39.390  由于“保留日志”的原因，已阻止console.clear()
22:43:39.390  (索引)toStringlastIndexdotAllflagsglobalhasIndicesignoreCasemultilinesourcestickyunicodeunicodeSets(索引)toStringlastIndexdotAllflagsglobalhasIndicesignoreCasemultilinesourcestickyunicodeunicodeSetsdepƒ0false''falsefalsefalsefalse' 'falsefalsefalseObject
22:43:39.390  由于“保留日志”的原因，已阻止console.clear()
22:43:39.390  Thu Mar 12 2026 22:43:03 GMT+0800 (中国标准时间)
22:43:39.390  由于“保留日志”的原因，已阻止console.clear()
22:43:39.390  {}
22:43:39.390  由于“保留日志”的原因，已阻止console.clear()
22:43:39.891  
22:43:39.891  由于“保留日志”的原因，已阻止console.clear()
22:43:39.891  
22:43:39.891  由于“保留日志”的原因，已阻止console.clear()
22:43:39.892  (索引)toStringlastIndexdotAllflagsglobalhasIndicesignoreCasemultilinesourcestickyunicodeunicodeSets(索引)toStringlastIndexdotAllflagsglobalhasIndicesignoreCasemultilinesourcestickyunicodeunicodeSetsdepƒ0false''falsefalsefalsefalse' 'falsefalsefalseObject
22:43:39.892  由于“保留日志”的原因，已阻止console.clear()
22:43:39.892  Thu Mar 12 2026 22:43:03 GMT+0800 (中国标准时间)
22:43:39.893  由于“保留日志”的原因，已阻止console.clear()
22:43:39.893  {}
22:43:39.893  由于“保留日志”的原因，已阻止console.clear()
22:43:40.407  
22:43:40.407  由于“保留日志”的原因，已阻止console.clear()
22:43:40.407  
22:43:40.407  由于“保留日志”的原因，已阻止console.clear()
22:43:40.407  (索引)toStringlastIndexdotAllflagsglobalhasIndicesignoreCasemultilinesourcestickyunicodeunicodeSets(索引)toStringlastIndexdotAllflagsglobalhasIndicesignoreCasemultilinesourcestickyunicodeunicodeSetsdepƒ0false''falsefalsefalsefalse' 'falsefalsefalseObject
22:43:40.407  由于“保留日志”的原因，已阻止console.clear()
22:43:40.407  Thu Mar 12 2026 22:43:03 GMT+0800 (中国标准时间)
22:43:40.407  由于“保留日志”的原因，已阻止console.clear()
22:43:40.407  {}
22:43:40.407  由于“保留日志”的原因，已阻止console.clear()
22:43:40.913  
22:43:40.914  由于“保留日志”的原因，已阻止console.clear()
22:43:40.914  
22:43:40.914  由于“保留日志”的原因，已阻止console.clear()
22:43:40.914  (索引)toStringlastIndexdotAllflagsglobalhasIndicesignoreCasemultilinesourcestickyunicodeunicodeSets(索引)toStringlastIndexdotAllflagsglobalhasIndicesignoreCasemultilinesourcestickyunicodeunicodeSetsdepƒ0false''falsefalsefalsefalse' 'falsefalsefalseObject
22:43:40.915  由于“保留日志”的原因，已阻止console.clear()
22:43:40.915  Thu Mar 12 2026 22:43:03 GMT+0800 (中国标准时间)
22:43:40.915  由于“保留日志”的原因，已阻止console.clear()
22:43:40.916  {}
22:43:40.916  由于“保留日志”的原因，已阻止console.clear()
22:43:41.433  
22:43:41.433  由于“保留日志”的原因，已阻止console.clear()
22:43:41.433  
22:43:41.433  由于“保留日志”的原因，已阻止console.clear()
22:43:41.433  (索引)toStringlastIndexdotAllflagsglobalhasIndicesignoreCasemultilinesourcestickyunicodeunicodeSets(索引)toStringlastIndexdotAllflagsglobalhasIndicesignoreCasemultilinesourcestickyunicodeunicodeSetsdepƒ0false''falsefalsefalsefalse' 'falsefalsefalseObject
22:43:41.433  由于“保留日志”的原因，已阻止console.clear()
22:43:41.433  Thu Mar 12 2026 22:43:03 GMT+0800 (中国标准时间)
22:43:41.433  由于“保留日志”的原因，已阻止console.clear()
22:43:41.433  {}
22:43:41.433  由于“保留日志”的原因，已阻止console.clear()
22:43:41.946  
22:43:41.946  由于“保留日志”的原因，已阻止console.clear()
22:43:41.947  
22:43:41.947  由于“保留日志”的原因，已阻止console.clear()
22:43:41.947  (索引)toStringlastIndexdotAllflagsglobalhasIndicesignoreCasemultilinesourcestickyunicodeunicodeSets(索引)toStringlastIndexdotAllflagsglobalhasIndicesignoreCasemultilinesourcestickyunicodeunicodeSetsdepƒ0false''falsefalsefalsefalse' 'falsefalsefalseObject
22:43:41.947  由于“保留日志”的原因，已阻止console.clear()
22:43:41.948  Thu Mar 12 2026 22:43:03 GMT+0800 (中国标准时间)
22:43:41.948  由于“保留日志”的原因，已阻止console.clear()
22:43:41.948  {}
22:43:41.949  由于“保留日志”的原因，已阻止console.clear()
22:43:42.464  
22:43:42.465  由于“保留日志”的原因，已阻止console.clear()
22:43:42.465  
22:43:42.465  由于“保留日志”的原因，已阻止console.clear()
22:43:42.465  (索引)toStringlastIndexdotAllflagsglobalhasIndicesignoreCasemultilinesourcestickyunicodeunicodeSets(索引)toStringlastIndexdotAllflagsglobalhasIndicesignoreCasemultilinesourcestickyunicodeunicodeSetsdepƒ0false''falsefalsefalsefalse' 'falsefalsefalseObject
22:43:42.466  由于“保留日志”的原因，已阻止console.clear()
22:43:42.466  Thu Mar 12 2026 22:43:03 GMT+0800 (中国标准时间)
22:43:42.466  由于“保留日志”的原因，已阻止console.clear()
22:43:42.467  {}
22:43:42.467  由于“保留日志”的原因，已阻止console.clear()
22:43:42.981  
22:43:42.981  由于“保留日志”的原因，已阻止console.clear()
22:43:42.982  
22:43:42.982  由于“保留日志”的原因，已阻止console.clear()
22:43:42.982  (索引)toStringlastIndexdotAllflagsglobalhasIndicesignoreCasemultilinesourcestickyunicodeunicodeSets(索引)toStringlastIndexdotAllflagsglobalhasIndicesignoreCasemultilinesourcestickyunicodeunicodeSetsdepƒ0false''falsefalsefalsefalse' 'falsefalsefalseObject
22:43:42.982  由于“保留日志”的原因，已阻止console.clear()
22:43:42.983  Thu Mar 12 2026 22:43:03 GMT+0800 (中国标准时间)
22:43:42.983  由于“保留日志”的原因，已阻止console.clear()
22:43:42.983  {}
22:43:42.984  由于“保留日志”的原因，已阻止console.clear()
22:43:43.493  
22:43:43.494  由于“保留日志”的原因，已阻止console.clear()
22:43:43.494  
22:43:43.494  由于“保留日志”的原因，已阻止console.clear()
22:43:43.494  (索引)toStringlastIndexdotAllflagsglobalhasIndicesignoreCasemultilinesourcestickyunicodeunicodeSets(索引)toStringlastIndexdotAllflagsglobalhasIndicesignoreCasemultilinesourcestickyunicodeunicodeSetsdepƒ0false''falsefalsefalsefalse' 'falsefalsefalseObject
22:43:43.495  由于“保留日志”的原因，已阻止console.clear()
22:43:43.495  Thu Mar 12 2026 22:43:03 GMT+0800 (中国标准时间)
22:43:43.495  由于“保留日志”的原因，已阻止console.clear()
22:43:43.495  {}
22:43:43.496  由于“保留日志”的原因，已阻止console.clear()
22:43:44.011  
22:43:44.011  由于“保留日志”的原因，已阻止console.clear()
22:43:44.011  
22:43:44.012  由于“保留日志”的原因，已阻止console.clear()
22:43:44.012  (索引)toStringlastIndexdotAllflagsglobalhasIndicesignoreCasemultilinesourcestickyunicodeunicodeSets(索引)toStringlastIndexdotAllflagsglobalhasIndicesignoreCasemultilinesourcestickyunicodeunicodeSetsdepƒ0false''falsefalsefalsefalse' 'falsefalsefalseObject
22:43:44.012  由于“保留日志”的原因，已阻止console.clear()
22:43:44.013  Thu Mar 12 2026 22:43:03 GMT+0800 (中国标准时间)
22:43:44.013  由于“保留日志”的原因，已阻止console.clear()
22:43:44.014  {}
22:43:44.014  由于“保留日志”的原因，已阻止console.clear()
22:43:44.527  
22:43:44.527  由于“保留日志”的原因，已阻止console.clear()
22:43:44.528  
22:43:44.528  由于“保留日志”的原因，已阻止console.clear()
22:43:44.528  (索引)toStringlastIndexdotAllflagsglobalhasIndicesignoreCasemultilinesourcestickyunicodeunicodeSets(索引)toStringlastIndexdotAllflagsglobalhasIndicesignoreCasemultilinesourcestickyunicodeunicodeSetsdepƒ0false''falsefalsefalsefalse' 'falsefalsefalseObject
22:43:44.528  由于“保留日志”的原因，已阻止console.clear()
22:43:44.529  Thu Mar 12 2026 22:43:03 GMT+0800 (中国标准时间)
22:43:44.529  由于“保留日志”的原因，已阻止console.clear()
22:43:44.530  {}
22:43:44.530  由于“保留日志”的原因，已阻止console.clear()
22:43:45.039  
22:43:45.039  由于“保留日志”的原因，已阻止console.clear()
22:43:45.039  
22:43:45.039  由于“保留日志”的原因，已阻止console.clear()
22:43:45.039  (索引)toStringlastIndexdotAllflagsglobalhasIndicesignoreCasemultilinesourcestickyunicodeunicodeSets(索引)toStringlastIndexdotAllflagsglobalhasIndicesignoreCasemultilinesourcestickyunicodeunicodeSetsdepƒ0false''falsefalsefalsefalse' 'falsefalsefalseObject
22:43:45.039  由于“保留日志”的原因，已阻止console.clear()
22:43:45.039  Thu Mar 12 2026 22:43:03 GMT+0800 (中国标准时间)
22:43:45.039  由于“保留日志”的原因，已阻止console.clear()
22:43:45.039  {}
22:43:45.040  由于“保留日志”的原因，已阻止console.clear()
22:43:45.554  
22:43:45.554  由于“保留日志”的原因，已阻止console.clear()
22:43:45.554  
22:43:45.554  由于“保留日志”的原因，已阻止console.clear()
22:43:45.554  (索引)toStringlastIndexdotAllflagsglobalhasIndicesignoreCasemultilinesourcestickyunicodeunicodeSets(索引)toStringlastIndexdotAllflagsglobalhasIndicesignoreCasemultilinesourcestickyunicodeunicodeSetsdepƒ0false''falsefalsefalsefalse' 'falsefalsefalseObject
22:43:45.555  由于“保留日志”的原因，已阻止console.clear()
22:43:45.555  Thu Mar 12 2026 22:43:03 GMT+0800 (中国标准时间)
22:43:45.555  由于“保留日志”的原因，已阻止console.clear()
22:43:45.555  {}
22:43:45.555  由于“保留日志”的原因，已阻止console.clear()
22:43:46.070  
22:43:46.071  由于“保留日志”的原因，已阻止console.clear()
22:43:46.071  
22:43:46.071  由于“保留日志”的原因，已阻止console.clear()
22:43:46.071  (索引)toStringlastIndexdotAllflagsglobalhasIndicesignoreCasemultilinesourcestickyunicodeunicodeSets(索引)toStringlastIndexdotAllflagsglobalhasIndicesignoreCasemultilinesourcestickyunicodeunicodeSetsdepƒ0false''falsefalsefalsefalse' 'falsefalsefalseObject
22:43:46.072  由于“保留日志”的原因，已阻止console.clear()
22:43:46.072  Thu Mar 12 2026 22:43:03 GMT+0800 (中国标准时间)
22:43:46.072  由于“保留日志”的原因，已阻止console.clear()
22:43:46.073  {}
22:43:46.073  由于“保留日志”的原因，已阻止console.clear()
22:43:46.589  
22:43:46.590  由于“保留日志”的原因，已阻止console.clear()
22:43:46.590  
22:43:46.590  由于“保留日志”的原因，已阻止console.clear()
22:43:46.590  (索引)toStringlastIndexdotAllflagsglobalhasIndicesignoreCasemultilinesourcestickyunicodeunicodeSets(索引)toStringlastIndexdotAllflagsglobalhasIndicesignoreCasemultilinesourcestickyunicodeunicodeSetsdepƒ0false''falsefalsefalsefalse' 'falsefalsefalseObject
22:43:46.591  由于“保留日志”的原因，已阻止console.clear()
22:43:46.591  Thu Mar 12 2026 22:43:03 GMT+0800 (中国标准时间)
22:43:46.591  由于“保留日志”的原因，已阻止console.clear()
22:43:46.592  {}
22:43:46.592  由于“保留日志”的原因，已阻止console.clear()
22:43:47.105  
22:43:47.106  由于“保留日志”的原因，已阻止console.clear()
22:43:47.106  
22:43:47.107  由于“保留日志”的原因，已阻止console.clear()
22:43:47.107  (索引)toStringlastIndexdotAllflagsglobalhasIndicesignoreCasemultilinesourcestickyunicodeunicodeSets(索引)toStringlastIndexdotAllflagsglobalhasIndicesignoreCasemultilinesourcestickyunicodeunicodeSetsdepƒ0false''falsefalsefalsefalse' 'falsefalsefalseObject
22:43:47.107  由于“保留日志”的原因，已阻止console.clear()
22:43:47.108  Thu Mar 12 2026 22:43:03 GMT+0800 (中国标准时间)
22:43:47.108  由于“保留日志”的原因，已阻止console.clear()
22:43:47.108  {}
22:43:47.109  由于“保留日志”的原因，已阻止console.clear()
22:43:47.621  
22:43:47.621  由于“保留日志”的原因，已阻止console.clear()
22:43:47.621  
22:43:47.621  由于“保留日志”的原因，已阻止console.clear()
22:43:47.622  (索引)toStringlastIndexdotAllflagsglobalhasIndicesignoreCasemultilinesourcestickyunicodeunicodeSets(索引)toStringlastIndexdotAllflagsglobalhasIndicesignoreCasemultilinesourcestickyunicodeunicodeSetsdepƒ0false''falsefalsefalsefalse' 'falsefalsefalseObject
22:43:47.622  由于“保留日志”的原因，已阻止console.clear()
22:43:47.622  Thu Mar 12 2026 22:43:03 GMT+0800 (中国标准时间)
22:43:47.623  由于“保留日志”的原因，已阻止console.clear()
22:43:47.623  {}
22:43:47.623  由于“保留日志”的原因，已阻止console.clear()
22:43:48.139  
22:43:48.140  由于“保留日志”的原因，已阻止console.clear()
22:43:48.140  
22:43:48.140  由于“保留日志”的原因，已阻止console.clear()
22:43:48.140  (索引)toStringlastIndexdotAllflagsglobalhasIndicesignoreCasemultilinesourcestickyunicodeunicodeSets(索引)toStringlastIndexdotAllflagsglobalhasIndicesignoreCasemultilinesourcestickyunicodeunicodeSetsdepƒ0false''falsefalsefalsefalse' 'falsefalsefalseObject
22:43:48.140  由于“保留日志”的原因，已阻止console.clear()
22:43:48.140  Thu Mar 12 2026 22:43:03 GMT+0800 (中国标准时间)
22:43:48.140  由于“保留日志”的原因，已阻止console.clear()
22:43:48.140  {}
22:43:48.140  由于“保留日志”的原因，已阻止console.clear()
22:43:48.641  
22:43:48.641  由于“保留日志”的原因，已阻止console.clear()
22:43:48.642  
22:43:48.642  由于“保留日志”的原因，已阻止console.clear()
22:43:48.642  (索引)toStringlastIndexdotAllflagsglobalhasIndicesignoreCasemultilinesourcestickyunicodeunicodeSets(索引)toStringlastIndexdotAllflagsglobalhasIndicesignoreCasemultilinesourcestickyunicodeunicodeSetsdepƒ0false''falsefalsefalsefalse' 'falsefalsefalseObject
22:43:48.642  由于“保留日志”的原因，已阻止console.clear()
22:43:48.642  Thu Mar 12 2026 22:43:03 GMT+0800 (中国标准时间)
22:43:48.643  由于“保留日志”的原因，已阻止console.clear()
22:43:48.643  {}
22:43:48.643  由于“保留日志”的原因，已阻止console.clear()
22:43:49.157  
22:43:49.157  由于“保留日志”的原因，已阻止console.clear()
22:43:49.157  
22:43:49.158  由于“保留日志”的原因，已阻止console.clear()
22:43:49.158  (索引)toStringlastIndexdotAllflagsglobalhasIndicesignoreCasemultilinesourcestickyunicodeunicodeSets(索引)toStringlastIndexdotAllflagsglobalhasIndicesignoreCasemultilinesourcestickyunicodeunicodeSetsdepƒ0false''falsefalsefalsefalse' 'falsefalsefalseObject
22:43:49.159  由于“保留日志”的原因，已阻止console.clear()
22:43:49.159  Thu Mar 12 2026 22:43:03 GMT+0800 (中国标准时间)
22:43:49.160  由于“保留日志”的原因，已阻止console.clear()
22:43:49.160  {}
22:43:49.160  由于“保留日志”的原因，已阻止console.clear()
22:43:49.675  
22:43:49.676  由于“保留日志”的原因，已阻止console.clear()
22:43:49.676  
22:43:49.676  由于“保留日志”的原因，已阻止console.clear()
22:43:49.676  (索引)toStringlastIndexdotAllflagsglobalhasIndicesignoreCasemultilinesourcestickyunicodeunicodeSets(索引)toStringlastIndexdotAllflagsglobalhasIndicesignoreCasemultilinesourcestickyunicodeunicodeSetsdepƒ0false''falsefalsefalsefalse' 'falsefalsefalseObject
22:43:49.676  由于“保留日志”的原因，已阻止console.clear()
22:43:49.676  Thu Mar 12 2026 22:43:03 GMT+0800 (中国标准时间)
22:43:49.677  由于“保留日志”的原因，已阻止console.clear()
22:43:49.677  {}
22:43:49.677  由于“保留日志”的原因，已阻止console.clear()
22:43:50.191  
22:43:50.192  由于“保留日志”的原因，已阻止console.clear()
22:43:50.192  
22:43:50.192  由于“保留日志”的原因，已阻止console.clear()
22:43:50.192  (索引)toStringlastIndexdotAllflagsglobalhasIndicesignoreCasemultilinesourcestickyunicodeunicodeSets(索引)toStringlastIndexdotAllflagsglobalhasIndicesignoreCasemultilinesourcestickyunicodeunicodeSetsdepƒ0false''falsefalsefalsefalse' 'falsefalsefalseObject
22:43:50.193  由于“保留日志”的原因，已阻止console.clear()
22:43:50.193  Thu Mar 12 2026 22:43:03 GMT+0800 (中国标准时间)
22:43:50.193  由于“保留日志”的原因，已阻止console.clear()
22:43:50.194  {}
22:43:50.194  由于“保留日志”的原因，已阻止console.clear()
22:43:50.709  
22:43:50.710  由于“保留日志”的原因，已阻止console.clear()
22:43:50.710  
22:43:50.710  由于“保留日志”的原因，已阻止console.clear()
22:43:50.710  (索引)toStringlastIndexdotAllflagsglobalhasIndicesignoreCasemultilinesourcestickyunicodeunicodeSets(索引)toStringlastIndexdotAllflagsglobalhasIndicesignoreCasemultilinesourcestickyunicodeunicodeSetsdepƒ0false''falsefalsefalsefalse' 'falsefalsefalseObject
22:43:50.710  由于“保留日志”的原因，已阻止console.clear()
22:43:50.710  Thu Mar 12 2026 22:43:03 GMT+0800 (中国标准时间)
22:43:50.710  由于“保留日志”的原因，已阻止console.clear()
22:43:50.710  {}
22:43:50.710  由于“保留日志”的原因，已阻止console.clear()
22:43:51.213  
22:43:51.214  由于“保留日志”的原因，已阻止console.clear()
22:43:51.214  
22:43:51.214  由于“保留日志”的原因，已阻止console.clear()
22:43:51.214  (索引)toStringlastIndexdotAllflagsglobalhasIndicesignoreCasemultilinesourcestickyunicodeunicodeSets(索引)toStringlastIndexdotAllflagsglobalhasIndicesignoreCasemultilinesourcestickyunicodeunicodeSetsdepƒ0false''falsefalsefalsefalse' 'falsefalsefalseObject
22:43:51.214  由于“保留日志”的原因，已阻止console.clear()
22:43:51.214  Thu Mar 12 2026 22:43:03 GMT+0800 (中国标准时间)
22:43:51.214  由于“保留日志”的原因，已阻止console.clear()
22:43:51.214  {}
22:43:51.214  由于“保留日志”的原因，已阻止console.clear()
22:43:51.727  
22:43:51.727  由于“保留日志”的原因，已阻止console.clear()
22:43:51.727  
22:43:51.727  由于“保留日志”的原因，已阻止console.clear()
22:43:51.727  (索引)toStringlastIndexdotAllflagsglobalhasIndicesignoreCasemultilinesourcestickyunicodeunicodeSets(索引)toStringlastIndexdotAllflagsglobalhasIndicesignoreCasemultilinesourcestickyunicodeunicodeSetsdepƒ0false''falsefalsefalsefalse' 'falsefalsefalseObject
22:43:51.728  由于“保留日志”的原因，已阻止console.clear()
22:43:51.728  Thu Mar 12 2026 22:43:03 GMT+0800 (中国标准时间)
22:43:51.728  由于“保留日志”的原因，已阻止console.clear()
22:43:51.729  {}
22:43:51.729  由于“保留日志”的原因，已阻止console.clear()
22:43:52.229  
22:43:52.230  由于“保留日志”的原因，已阻止console.clear()
22:43:52.230  
22:43:52.230  由于“保留日志”的原因，已阻止console.clear()
22:43:52.230  (索引)toStringlastIndexdotAllflagsglobalhasIndicesignoreCasemultilinesourcestickyunicodeunicodeSets(索引)toStringlastIndexdotAllflagsglobalhasIndicesignoreCasemultilinesourcestickyunicodeunicodeSetsdepƒ0false''falsefalsefalsefalse' 'falsefalsefalseObject
22:43:52.230  由于“保留日志”的原因，已阻止console.clear()
22:43:52.231  Thu Mar 12 2026 22:43:03 GMT+0800 (中国标准时间)
22:43:52.231  由于“保留日志”的原因，已阻止console.clear()
22:43:52.231  {}
22:43:52.232  由于“保留日志”的原因，已阻止console.clear()
22:43:52.733  
22:43:52.734  由于“保留日志”的原因，已阻止console.clear()
22:43:52.734  
22:43:52.734  由于“保留日志”的原因，已阻止console.clear()
22:43:52.735  (索引)toStringlastIndexdotAllflagsglobalhasIndicesignoreCasemultilinesourcestickyunicodeunicodeSets(索引)toStringlastIndexdotAllflagsglobalhasIndicesignoreCasemultilinesourcestickyunicodeunicodeSetsdepƒ0false''falsefalsefalsefalse' 'falsefalsefalseObject
22:43:52.735  由于“保留日志”的原因，已阻止console.clear()
22:43:52.736  Thu Mar 12 2026 22:43:03 GMT+0800 (中国标准时间)
22:43:52.736  由于“保留日志”的原因，已阻止console.clear()
22:43:52.736  {}
22:43:52.737  由于“保留日志”的原因，已阻止console.clear()
22:43:53.247  
22:43:53.248  由于“保留日志”的原因，已阻止console.clear()
22:43:53.248  
22:43:53.248  由于“保留日志”的原因，已阻止console.clear()
22:43:53.248  (索引)toStringlastIndexdotAllflagsglobalhasIndicesignoreCasemultilinesourcestickyunicodeunicodeSets(索引)toStringlastIndexdotAllflagsglobalhasIndicesignoreCasemultilinesourcestickyunicodeunicodeSetsdepƒ0false''falsefalsefalsefalse' 'falsefalsefalseObject
22:43:53.249  由于“保留日志”的原因，已阻止console.clear()
22:43:53.249  Thu Mar 12 2026 22:43:03 GMT+0800 (中国标准时间)
22:43:53.249  由于“保留日志”的原因，已阻止console.clear()
22:43:53.250  {}
22:43:53.250  由于“保留日志”的原因，已阻止console.clear()
22:43:53.764  
22:43:53.765  由于“保留日志”的原因，已阻止console.clear()
22:43:53.765  
22:43:53.765  由于“保留日志”的原因，已阻止console.clear()
22:43:53.765  (索引)toStringlastIndexdotAllflagsglobalhasIndicesignoreCasemultilinesourcestickyunicodeunicodeSets(索引)toStringlastIndexdotAllflagsglobalhasIndicesignoreCasemultilinesourcestickyunicodeunicodeSetsdepƒ0false''falsefalsefalsefalse' 'falsefalsefalseObject
22:43:53.766  由于“保留日志”的原因，已阻止console.clear()
22:43:53.766  Thu Mar 12 2026 22:43:03 GMT+0800 (中国标准时间)
22:43:53.767  由于“保留日志”的原因，已阻止console.clear()
22:43:53.767  {}
22:43:53.767  由于“保留日志”的原因，已阻止console.clear()
22:43:54.272  
22:43:54.272  由于“保留日志”的原因，已阻止console.clear()
22:43:54.272  
22:43:54.272  由于“保留日志”的原因，已阻止console.clear()
22:43:54.272  (索引)toStringlastIndexdotAllflagsglobalhasIndicesignoreCasemultilinesourcestickyunicodeunicodeSets(索引)toStringlastIndexdotAllflagsglobalhasIndicesignoreCasemultilinesourcestickyunicodeunicodeSetsdepƒ0false''falsefalsefalsefalse' 'falsefalsefalseObject
22:43:54.273  由于“保留日志”的原因，已阻止console.clear()
22:43:54.273  Thu Mar 12 2026 22:43:03 GMT+0800 (中国标准时间)
22:43:54.274  由于“保留日志”的原因，已阻止console.clear()
22:43:54.274  {}
22:43:54.274  由于“保留日志”的原因，已阻止console.clear()
22:43:54.787  
22:43:54.787  由于“保留日志”的原因，已阻止console.clear()
22:43:54.787  
22:43:54.788  由于“保留日志”的原因，已阻止console.clear()
22:43:54.788  (索引)toStringlastIndexdotAllflagsglobalhasIndicesignoreCasemultilinesourcestickyunicodeunicodeSets(索引)toStringlastIndexdotAllflagsglobalhasIndicesignoreCasemultilinesourcestickyunicodeunicodeSetsdepƒ0false''falsefalsefalsefalse' 'falsefalsefalseObject
22:43:54.789  由于“保留日志”的原因，已阻止console.clear()
22:43:54.789  Thu Mar 12 2026 22:43:03 GMT+0800 (中国标准时间)
22:43:54.789  由于“保留日志”的原因，已阻止console.clear()
22:43:54.789  {}
22:43:54.790  由于“保留日志”的原因，已阻止console.clear()
22:43:55.304  
22:43:55.304  由于“保留日志”的原因，已阻止console.clear()
22:43:55.304  
22:43:55.304  由于“保留日志”的原因，已阻止console.clear()
22:43:55.304  (索引)toStringlastIndexdotAllflagsglobalhasIndicesignoreCasemultilinesourcestickyunicodeunicodeSets(索引)toStringlastIndexdotAllflagsglobalhasIndicesignoreCasemultilinesourcestickyunicodeunicodeSetsdepƒ0false''falsefalsefalsefalse' 'falsefalsefalseObject
22:43:55.305  由于“保留日志”的原因，已阻止console.clear()
22:43:55.305  Thu Mar 12 2026 22:43:03 GMT+0800 (中国标准时间)
22:43:55.305  由于“保留日志”的原因，已阻止console.clear()
22:43:55.305  {}
22:43:55.305  由于“保留日志”的原因，已阻止console.clear()
22:43:55.806  
22:43:55.807  由于“保留日志”的原因，已阻止console.clear()
22:43:55.807  
22:43:55.807  由于“保留日志”的原因，已阻止console.clear()
22:43:55.807  (索引)toStringlastIndexdotAllflagsglobalhasIndicesignoreCasemultilinesourcestickyunicodeunicodeSets(索引)toStringlastIndexdotAllflagsglobalhasIndicesignoreCasemultilinesourcestickyunicodeunicodeSetsdepƒ0false''falsefalsefalsefalse' 'falsefalsefalseObject
22:43:55.808  由于“保留日志”的原因，已阻止console.clear()
22:43:55.808  Thu Mar 12 2026 22:43:03 GMT+0800 (中国标准时间)
22:43:55.808  由于“保留日志”的原因，已阻止console.clear()
22:43:55.809  {}
22:43:55.809  由于“保留日志”的原因，已阻止console.clear()
22:43:56.320  
22:43:56.320  由于“保留日志”的原因，已阻止console.clear()
22:43:56.321  
22:43:56.321  由于“保留日志”的原因，已阻止console.clear()
22:43:56.321  (索引)toStringlastIndexdotAllflagsglobalhasIndicesignoreCasemultilinesourcestickyunicodeunicodeSets(索引)toStringlastIndexdotAllflagsglobalhasIndicesignoreCasemultilinesourcestickyunicodeunicodeSetsdepƒ0false''falsefalsefalsefalse' 'falsefalsefalseObject
22:43:56.321  由于“保留日志”的原因，已阻止console.clear()
22:43:56.322  Thu Mar 12 2026 22:43:03 GMT+0800 (中国标准时间)
22:43:56.322  由于“保留日志”的原因，已阻止console.clear()
22:43:56.322  {}
22:43:56.323  由于“保留日志”的原因，已阻止console.clear()
22:43:56.836  
22:43:56.837  由于“保留日志”的原因，已阻止console.clear()
22:43:56.837  
22:43:56.837  由于“保留日志”的原因，已阻止console.clear()
22:43:56.838  (索引)toStringlastIndexdotAllflagsglobalhasIndicesignoreCasemultilinesourcestickyunicodeunicodeSets(索引)toStringlastIndexdotAllflagsglobalhasIndicesignoreCasemultilinesourcestickyunicodeunicodeSetsdepƒ0false''falsefalsefalsefalse' 'falsefalsefalseObject
22:43:56.838  由于“保留日志”的原因，已阻止console.clear()
22:43:56.839  Thu Mar 12 2026 22:43:03 GMT+0800 (中国标准时间)
22:43:56.839  由于“保留日志”的原因，已阻止console.clear()
22:43:56.840  {}
22:43:56.840  由于“保留日志”的原因，已阻止console.clear()
22:43:57.352  
22:43:57.352  由于“保留日志”的原因，已阻止console.clear()
22:43:57.352  
22:43:57.352  由于“保留日志”的原因，已阻止console.clear()
22:43:57.353  (索引)toStringlastIndexdotAllflagsglobalhasIndicesignoreCasemultilinesourcestickyunicodeunicodeSets(索引)toStringlastIndexdotAllflagsglobalhasIndicesignoreCasemultilinesourcestickyunicodeunicodeSetsdepƒ0false''falsefalsefalsefalse' 'falsefalsefalseObject
22:43:57.353  由于“保留日志”的原因，已阻止console.clear()
22:43:57.353  Thu Mar 12 2026 22:43:03 GMT+0800 (中国标准时间)
22:43:57.354  由于“保留日志”的原因，已阻止console.clear()
22:43:57.354  {}
22:43:57.354  由于“保留日志”的原因，已阻止console.clear()
22:43:57.867  
22:43:57.867  由于“保留日志”的原因，已阻止console.clear()
22:43:57.867  
22:43:57.868  由于“保留日志”的原因，已阻止console.clear()
22:43:57.868  (索引)toStringlastIndexdotAllflagsglobalhasIndicesignoreCasemultilinesourcestickyunicodeunicodeSets(索引)toStringlastIndexdotAllflagsglobalhasIndicesignoreCasemultilinesourcestickyunicodeunicodeSetsdepƒ0false''falsefalsefalsefalse' 'falsefalsefalseObject
22:43:57.868  由于“保留日志”的原因，已阻止console.clear()
22:43:57.869  Thu Mar 12 2026 22:43:03 GMT+0800 (中国标准时间)
22:43:57.869  由于“保留日志”的原因，已阻止console.clear()
22:43:57.869  {}
22:43:57.870  由于“保留日志”的原因，已阻止console.clear()
22:43:58.386  
22:43:58.386  由于“保留日志”的原因，已阻止console.clear()
22:43:58.386  
22:43:58.386  由于“保留日志”的原因，已阻止console.clear()
22:43:58.386  (索引)toStringlastIndexdotAllflagsglobalhasIndicesignoreCasemultilinesourcestickyunicodeunicodeSets(索引)toStringlastIndexdotAllflagsglobalhasIndicesignoreCasemultilinesourcestickyunicodeunicodeSetsdepƒ0false''falsefalsefalsefalse' 'falsefalsefalseObject
22:43:58.387  由于“保留日志”的原因，已阻止console.clear()
22:43:58.387  Thu Mar 12 2026 22:43:03 GMT+0800 (中国标准时间)
22:43:58.387  由于“保留日志”的原因，已阻止console.clear()
22:43:58.387  {}
22:43:58.387  由于“保留日志”的原因，已阻止console.clear()
22:43:58.892  
22:43:58.892  由于“保留日志”的原因，已阻止console.clear()
22:43:58.892  
22:43:58.893  由于“保留日志”的原因，已阻止console.clear()
22:43:58.893  (索引)toStringlastIndexdotAllflagsglobalhasIndicesignoreCasemultilinesourcestickyunicodeunicodeSets(索引)toStringlastIndexdotAllflagsglobalhasIndicesignoreCasemultilinesourcestickyunicodeunicodeSetsdepƒ0false''falsefalsefalsefalse' 'falsefalsefalseObject
22:43:58.893  由于“保留日志”的原因，已阻止console.clear()
22:43:58.893  Thu Mar 12 2026 22:43:03 GMT+0800 (中国标准时间)
22:43:58.894  由于“保留日志”的原因，已阻止console.clear()
22:43:58.894  {}
22:43:58.894  由于“保留日志”的原因，已阻止console.clear()
22:43:59.398  
22:43:59.398  由于“保留日志”的原因，已阻止console.clear()
22:43:59.398  
22:43:59.398  由于“保留日志”的原因，已阻止console.clear()
22:43:59.398  (索引)toStringlastIndexdotAllflagsglobalhasIndicesignoreCasemultilinesourcestickyunicodeunicodeSets(索引)toStringlastIndexdotAllflagsglobalhasIndicesignoreCasemultilinesourcestickyunicodeunicodeSetsdepƒ0false''falsefalsefalsefalse' 'falsefalsefalseObject
22:43:59.398  由于“保留日志”的原因，已阻止console.clear()
22:43:59.398  Thu Mar 12 2026 22:43:03 GMT+0800 (中国标准时间)
22:43:59.399  由于“保留日志”的原因，已阻止console.clear()
22:43:59.399  {}
22:43:59.399  由于“保留日志”的原因，已阻止console.clear()
