23:47:43.377 9561.4bf2dc71.js:2 由于“保留日志”的原因，已阻止console.clear()
23:47:43.943 9561.4bf2dc71.js:2 div
23:47:43.943 9561.4bf2dc71.js:2 由于“保留日志”的原因，已阻止console.clear()
23:47:43.943 9561.4bf2dc71.js:2 ƒ l(){}
23:47:43.943 9561.4bf2dc71.js:2 由于“保留日志”的原因，已阻止console.clear()
23:47:43.943 9561.4bf2dc71.js:2 (索引)toStringlastIndexdotAllflagsglobalhasIndicesignoreCasemultilinesourcestickyunicodeunicodeSets(索引)toStringlastIndexdotAllflagsglobalhasIndicesignoreCasemultilinesourcestickyunicodeunicodeSetsdepƒ0false''falsefalsefalsefalse' 'falsefalsefalseObject
23:47:43.943 9561.4bf2dc71.js:2 由于“保留日志”的原因，已阻止console.clear()
23:47:43.943 9561.4bf2dc71.js:2 Thu Mar 12 2026 23:44:52 GMT+0800 (中国标准时间)
23:47:43.943 9561.4bf2dc71.js:2 由于“保留日志”的原因，已阻止console.clear()
23:47:43.944 9561.4bf2dc71.js:2 {}
23:47:43.944 9561.4bf2dc71.js:2 由于“保留日志”的原因，已阻止console.clear()
23:47:48.335 已导航到https://zsgl.lzlj.com/
23:47:48.472 dailyPointsPanel.ts:16 [每日积分] panel: 构造函数被调用
23:47:48.473 dailyPointsPanel.ts:20 [每日积分] panel: init方法被调用
23:47:48.473 log.ts:179 [debug 23:47:48 ] Start document state: loading
23:47:48.473 mooc.ts:8 create mooc
23:47:48.474 log.ts:188 [info 23:47:48 ] 当前平台：zsgl-studyDetail
23:47:48.474 mooc.ts:27 mooc start ZsglStudyMap {event: {…}, timerManager: TimerManager}
23:47:48.474 log.ts:179 [debug 23:47:48 ] 注册HTTP钩子: queryStudymapGate.do
23:47:48.532 webim.min.js:1 navigator.userAgent=mozilla/5.0 (windows nt 10.0; win64; x64) applewebkit/537.36 (khtml, like gecko) chrome/145.0.0.0 safari/537.36 edg/145.0.0.0
23:47:48.532 webim.min.js:1 BROWSER_INFO: type=chrome, ver=145.0.0.0
23:47:49.284 log.ts:179 [debug 23:47:49 ] 拦截到HTTP请求: /znWeb/znPortal/lang/zh.json
23:47:49.286 9561.4bf2dc71.js:2 div
23:47:49.286 9561.4bf2dc71.js:2 由于“保留日志”的原因，已阻止console.clear()
23:47:49.287 9561.4bf2dc71.js:2 ƒ l(){}
23:47:49.287 9561.4bf2dc71.js:2 由于“保留日志”的原因，已阻止console.clear()
23:47:49.287 main.2faaeed8.js:1 0530-1
23:47:49.287 9561.4bf2dc71.js:2 (索引)toStringlastIndexdotAllflagsglobalhasIndicesignoreCasemultilinesourcestickyunicodeunicodeSets(索引)toStringlastIndexdotAllflagsglobalhasIndicesignoreCasemultilinesourcestickyunicodeunicodeSetsdepƒ0false''falsefalsefalsefalse' 'falsefalsefalseObject
23:47:49.288 9561.4bf2dc71.js:2 由于“保留日志”的原因，已阻止console.clear()
23:47:49.300 main.2faaeed8.js:1 showSearch true
23:47:49.317 9561.4bf2dc71.js:2 Thu Mar 12 2026 23:47:49 GMT+0800 (中国标准时间)
23:47:49.317 9561.4bf2dc71.js:2 由于“保留日志”的原因，已阻止console.clear()
23:47:49.317 log.ts:179 [debug 23:47:49 ] 拦截到HTTP请求: /learn/app/clientapi/home/pc/queryHomeChannelModule.do?pageId=SY0010092&sid=5397039584D145B7AB47EED180FF5ED9&os=99
23:47:49.318 log.ts:179 [debug 23:47:49 ] 拦截到HTTP请求: /learn/app/clientapi/home/getPcGlobalManagement.do?pageId=SY0010092&sid=5397039584D145B7AB47EED180FF5ED9&os=99
23:47:49.319 log.ts:179 [debug 23:47:49 ] 拦截到HTTP请求: /learn/app/getGlobalTimestamp.do?os=99&sid=5397039584D145B7AB47EED180FF5ED9
23:47:49.319 9561.4bf2dc71.js:2 {}
23:47:49.319 9561.4bf2dc71.js:2 由于“保留日志”的原因，已阻止console.clear()
23:47:49.353 main.2faaeed8.js:1 showSearch true
23:47:49.356 log.ts:179 [debug 23:47:49 ] 拦截到HTTP请求: /learn/app/clientapi/home/pc/userPermissions.do?os=99&sid=5397039584D145B7AB47EED180FF5ED9
23:47:49.356 log.ts:179 [debug 23:47:49 ] 拦截到HTTP请求: /learn/app/clientapi/home/pc/queryHomeGlobalInfo.do?pageId=SY0010092&sid=5397039584D145B7AB47EED180FF5ED9&os=99
23:47:49.357 log.ts:179 [debug 23:47:49 ] 拦截到HTTP请求: /learn/app/clientapi/message/getMessageListType.do?sid=5397039584D145B7AB47EED180FF5ED9&os=99
23:47:49.373 dailyPointsPanel.ts:22 [每日积分] panel: window.onload 触发
23:47:49.375 dailyPointsPanel.ts:318 [每日积分] panel: 初始化消息监听
23:47:49.376 log.ts:179 [debug 23:47:49 ] 每日积分模式初始化完成 {learning: {…}, contribution: {…}, interaction: {…}, lastUpdate: 1773330469375, isRunning: false}
23:47:49.483 log.ts:179 [debug 23:47:49 ] 拦截到HTTP请求: /learn/app/clientapi/misc/queryVasOperation2NativeList.do?sid=5397039584D145B7AB47EED180FF5ED9&os=99
23:47:49.526 main.2faaeed8.js:1 --------------- Thu Mar 12 2026 23:47:49 GMT+0800 (中国标准时间)
23:47:49.526 log.ts:179 [debug 23:47:49 ] 拦截到HTTP请求: /learn/app/clientapi/home/pc/queryUserHomeList.do?time=1773330469526&sid=5397039584D145B7AB47EED180FF5ED9&os=99
23:47:49.735 main.2faaeed8.js:1 showSearch true
23:47:49.742 main.2faaeed8.js:1 com.mlearning.paznluzhoulaojiao appId-------
23:47:49.745 log.ts:179 [debug 23:47:49 ] 拦截到HTTP请求: /learn/app/newPersonDetail.do?sid=5397039584D145B7AB47EED180FF5ED9&os=99
23:47:49.747 log.ts:179 [debug 23:47:49 ] 拦截到HTTP请求: /learn-login/queryUserInfoBound.do?os=99&sid=5397039584D145B7AB47EED180FF5ED9
23:47:49.749 log.ts:179 [debug 23:47:49 ] 拦截到HTTP请求: /learn/app/clientapi/knowledgecloud/home/getPermissionStatus.do?sid=5397039584D145B7AB47EED180FF5ED9&os=99
23:47:49.832 9561.4bf2dc71.js:2 div
23:47:49.833 9561.4bf2dc71.js:2 由于“保留日志”的原因，已阻止console.clear()
23:47:49.833 9561.4bf2dc71.js:2 ƒ l(){}
23:47:49.833 9561.4bf2dc71.js:2 由于“保留日志”的原因，已阻止console.clear()
23:47:49.833 9561.4bf2dc71.js:2 (索引)toStringlastIndexdotAllflagsglobalhasIndicesignoreCasemultilinesourcestickyunicodeunicodeSets(索引)toStringlastIndexdotAllflagsglobalhasIndicesignoreCasemultilinesourcestickyunicodeunicodeSetsdepƒ0false''falsefalsefalsefalse' 'falsefalsefalseObject
23:47:49.833 9561.4bf2dc71.js:2 由于“保留日志”的原因，已阻止console.clear()
23:47:49.833 9561.4bf2dc71.js:2 Thu Mar 12 2026 23:47:49 GMT+0800 (中国标准时间)
23:47:49.834 9561.4bf2dc71.js:2 由于“保留日志”的原因，已阻止console.clear()
23:47:49.834 9561.4bf2dc71.js:2 {}
23:47:49.834 9561.4bf2dc71.js:2 由于“保留日志”的原因，已阻止console.clear()
23:47:50.046 main.2faaeed8.js:1 showSearch true
23:47:50.063 main.2faaeed8.js:1 showSearch true
23:47:50.105 9561.4bf2dc71.js:2  react-intl-universal key "5a0afc9d" not defined in zh
warningHandler @ 9561.4bf2dc71.js:2
value @ 9561.4bf2dc71.js:2
p @ 9561.4bf2dc71.js:2
(匿名) @ 5392.a94416b9.chunk.js:1
7945 @ 5392.a94416b9.chunk.js:1
n @ main.2faaeed8.js:1
35392 @ 5392.a94416b9.chunk.js:1
n @ main.2faaeed8.js:1
Promise.then
(匿名) @ main.2faaeed8.js:1
(匿名) @ 9561.4bf2dc71.js:2
Cs @ 9561.4bf2dc71.js:2
wc @ 9561.4bf2dc71.js:2
_c @ 9561.4bf2dc71.js:2
dc @ 9561.4bf2dc71.js:2
(匿名) @ 9561.4bf2dc71.js:2
t.unstable_runWithPriority @ 9561.4bf2dc71.js:2
qo @ 9561.4bf2dc71.js:2
Xo @ 9561.4bf2dc71.js:2
$o @ 9561.4bf2dc71.js:2
ic @ 9561.4bf2dc71.js:2
enqueueSetState @ 9561.4bf2dc71.js:2
b.setState @ 9561.4bf2dc71.js:2
(匿名) @ main.2faaeed8.js:1
u @ 9561.4bf2dc71.js:2
(匿名) @ 9561.4bf2dc71.js:2
(匿名) @ 9561.4bf2dc71.js:2
r @ 9561.4bf2dc71.js:2
s @ 9561.4bf2dc71.js:2
Promise.then
r @ 9561.4bf2dc71.js:2
s @ 9561.4bf2dc71.js:2
(匿名) @ 9561.4bf2dc71.js:2
(匿名) @ 9561.4bf2dc71.js:2
(匿名) @ main.2faaeed8.js:1
za @ 9561.4bf2dc71.js:2
$i @ 9561.4bf2dc71.js:2
Cs @ 9561.4bf2dc71.js:2
wc @ 9561.4bf2dc71.js:2
_c @ 9561.4bf2dc71.js:2
dc @ 9561.4bf2dc71.js:2
ic @ 9561.4bf2dc71.js:2
Gc @ 9561.4bf2dc71.js:2
(匿名) @ 9561.4bf2dc71.js:2
pc @ 9561.4bf2dc71.js:2
el @ 9561.4bf2dc71.js:2
render @ 9561.4bf2dc71.js:2
(匿名) @ main.2faaeed8.js:1
u @ 9561.4bf2dc71.js:2
(匿名) @ 9561.4bf2dc71.js:2
(匿名) @ 9561.4bf2dc71.js:2
r @ 9561.4bf2dc71.js:2
s @ 9561.4bf2dc71.js:2
Promise.then
r @ 9561.4bf2dc71.js:2
s @ 9561.4bf2dc71.js:2
(匿名) @ 9561.4bf2dc71.js:2
(匿名) @ 9561.4bf2dc71.js:2
(匿名) @ main.2faaeed8.js:1
(匿名) @ main.2faaeed8.js:1
u @ 9561.4bf2dc71.js:2
(匿名) @ 9561.4bf2dc71.js:2
(匿名) @ 9561.4bf2dc71.js:2
r @ 9561.4bf2dc71.js:2
s @ 9561.4bf2dc71.js:2
Promise.then
r @ 9561.4bf2dc71.js:2
s @ 9561.4bf2dc71.js:2
Promise.then
r @ 9561.4bf2dc71.js:2
s @ 9561.4bf2dc71.js:2
(匿名) @ 9561.4bf2dc71.js:2
(匿名) @ 9561.4bf2dc71.js:2
49209 @ main.2faaeed8.js:1
n @ main.2faaeed8.js:1
(匿名) @ main.2faaeed8.js:1
n.O @ main.2faaeed8.js:1
(匿名) @ main.2faaeed8.js:1
(匿名) @ main.2faaeed8.js:1
(匿名) @ main.2faaeed8.js:1
(匿名) @ main.2faaeed8.js:1
23:47:50.105 9561.4bf2dc71.js:2  react-intl-universal key "5a0afc9d" not defined in zh
warningHandler @ 9561.4bf2dc71.js:2
value @ 9561.4bf2dc71.js:2
p @ 9561.4bf2dc71.js:2
(匿名) @ 5392.a94416b9.chunk.js:1
7945 @ 5392.a94416b9.chunk.js:1
n @ main.2faaeed8.js:1
35392 @ 5392.a94416b9.chunk.js:1
n @ main.2faaeed8.js:1
Promise.then
(匿名) @ main.2faaeed8.js:1
(匿名) @ 9561.4bf2dc71.js:2
Cs @ 9561.4bf2dc71.js:2
wc @ 9561.4bf2dc71.js:2
_c @ 9561.4bf2dc71.js:2
dc @ 9561.4bf2dc71.js:2
(匿名) @ 9561.4bf2dc71.js:2
t.unstable_runWithPriority @ 9561.4bf2dc71.js:2
qo @ 9561.4bf2dc71.js:2
Xo @ 9561.4bf2dc71.js:2
$o @ 9561.4bf2dc71.js:2
ic @ 9561.4bf2dc71.js:2
enqueueSetState @ 9561.4bf2dc71.js:2
b.setState @ 9561.4bf2dc71.js:2
(匿名) @ main.2faaeed8.js:1
u @ 9561.4bf2dc71.js:2
(匿名) @ 9561.4bf2dc71.js:2
(匿名) @ 9561.4bf2dc71.js:2
r @ 9561.4bf2dc71.js:2
s @ 9561.4bf2dc71.js:2
Promise.then
r @ 9561.4bf2dc71.js:2
s @ 9561.4bf2dc71.js:2
(匿名) @ 9561.4bf2dc71.js:2
(匿名) @ 9561.4bf2dc71.js:2
(匿名) @ main.2faaeed8.js:1
za @ 9561.4bf2dc71.js:2
$i @ 9561.4bf2dc71.js:2
Cs @ 9561.4bf2dc71.js:2
wc @ 9561.4bf2dc71.js:2
_c @ 9561.4bf2dc71.js:2
dc @ 9561.4bf2dc71.js:2
ic @ 9561.4bf2dc71.js:2
Gc @ 9561.4bf2dc71.js:2
(匿名) @ 9561.4bf2dc71.js:2
pc @ 9561.4bf2dc71.js:2
el @ 9561.4bf2dc71.js:2
render @ 9561.4bf2dc71.js:2
(匿名) @ main.2faaeed8.js:1
u @ 9561.4bf2dc71.js:2
(匿名) @ 9561.4bf2dc71.js:2
(匿名) @ 9561.4bf2dc71.js:2
r @ 9561.4bf2dc71.js:2
s @ 9561.4bf2dc71.js:2
Promise.then
r @ 9561.4bf2dc71.js:2
s @ 9561.4bf2dc71.js:2
(匿名) @ 9561.4bf2dc71.js:2
(匿名) @ 9561.4bf2dc71.js:2
(匿名) @ main.2faaeed8.js:1
(匿名) @ main.2faaeed8.js:1
u @ 9561.4bf2dc71.js:2
(匿名) @ 9561.4bf2dc71.js:2
(匿名) @ 9561.4bf2dc71.js:2
r @ 9561.4bf2dc71.js:2
s @ 9561.4bf2dc71.js:2
Promise.then
r @ 9561.4bf2dc71.js:2
s @ 9561.4bf2dc71.js:2
Promise.then
r @ 9561.4bf2dc71.js:2
s @ 9561.4bf2dc71.js:2
(匿名) @ 9561.4bf2dc71.js:2
(匿名) @ 9561.4bf2dc71.js:2
49209 @ main.2faaeed8.js:1
n @ main.2faaeed8.js:1
(匿名) @ main.2faaeed8.js:1
n.O @ main.2faaeed8.js:1
(匿名) @ main.2faaeed8.js:1
(匿名) @ main.2faaeed8.js:1
(匿名) @ main.2faaeed8.js:1
(匿名) @ main.2faaeed8.js:1
23:47:50.106 9561.4bf2dc71.js:2  react-intl-universal key "58983b0d" not defined in zh
warningHandler @ 9561.4bf2dc71.js:2
value @ 9561.4bf2dc71.js:2
p @ 9561.4bf2dc71.js:2
(匿名) @ 5392.a94416b9.chunk.js:1
7945 @ 5392.a94416b9.chunk.js:1
n @ main.2faaeed8.js:1
35392 @ 5392.a94416b9.chunk.js:1
n @ main.2faaeed8.js:1
Promise.then
(匿名) @ main.2faaeed8.js:1
(匿名) @ 9561.4bf2dc71.js:2
Cs @ 9561.4bf2dc71.js:2
wc @ 9561.4bf2dc71.js:2
_c @ 9561.4bf2dc71.js:2
dc @ 9561.4bf2dc71.js:2
(匿名) @ 9561.4bf2dc71.js:2
t.unstable_runWithPriority @ 9561.4bf2dc71.js:2
qo @ 9561.4bf2dc71.js:2
Xo @ 9561.4bf2dc71.js:2
$o @ 9561.4bf2dc71.js:2
ic @ 9561.4bf2dc71.js:2
enqueueSetState @ 9561.4bf2dc71.js:2
b.setState @ 9561.4bf2dc71.js:2
(匿名) @ main.2faaeed8.js:1
u @ 9561.4bf2dc71.js:2
(匿名) @ 9561.4bf2dc71.js:2
(匿名) @ 9561.4bf2dc71.js:2
r @ 9561.4bf2dc71.js:2
s @ 9561.4bf2dc71.js:2
Promise.then
r @ 9561.4bf2dc71.js:2
s @ 9561.4bf2dc71.js:2
(匿名) @ 9561.4bf2dc71.js:2
(匿名) @ 9561.4bf2dc71.js:2
(匿名) @ main.2faaeed8.js:1
za @ 9561.4bf2dc71.js:2
$i @ 9561.4bf2dc71.js:2
Cs @ 9561.4bf2dc71.js:2
wc @ 9561.4bf2dc71.js:2
_c @ 9561.4bf2dc71.js:2
dc @ 9561.4bf2dc71.js:2
ic @ 9561.4bf2dc71.js:2
Gc @ 9561.4bf2dc71.js:2
(匿名) @ 9561.4bf2dc71.js:2
pc @ 9561.4bf2dc71.js:2
el @ 9561.4bf2dc71.js:2
render @ 9561.4bf2dc71.js:2
(匿名) @ main.2faaeed8.js:1
u @ 9561.4bf2dc71.js:2
(匿名) @ 9561.4bf2dc71.js:2
(匿名) @ 9561.4bf2dc71.js:2
r @ 9561.4bf2dc71.js:2
s @ 9561.4bf2dc71.js:2
Promise.then
r @ 9561.4bf2dc71.js:2
s @ 9561.4bf2dc71.js:2
(匿名) @ 9561.4bf2dc71.js:2
(匿名) @ 9561.4bf2dc71.js:2
(匿名) @ main.2faaeed8.js:1
(匿名) @ main.2faaeed8.js:1
u @ 9561.4bf2dc71.js:2
(匿名) @ 9561.4bf2dc71.js:2
(匿名) @ 9561.4bf2dc71.js:2
r @ 9561.4bf2dc71.js:2
s @ 9561.4bf2dc71.js:2
Promise.then
r @ 9561.4bf2dc71.js:2
s @ 9561.4bf2dc71.js:2
Promise.then
r @ 9561.4bf2dc71.js:2
s @ 9561.4bf2dc71.js:2
(匿名) @ 9561.4bf2dc71.js:2
(匿名) @ 9561.4bf2dc71.js:2
49209 @ main.2faaeed8.js:1
n @ main.2faaeed8.js:1
(匿名) @ main.2faaeed8.js:1
n.O @ main.2faaeed8.js:1
(匿名) @ main.2faaeed8.js:1
(匿名) @ main.2faaeed8.js:1
(匿名) @ main.2faaeed8.js:1
(匿名) @ main.2faaeed8.js:1
23:47:50.106 9561.4bf2dc71.js:2  react-intl-universal key "58983b0d" not defined in zh
warningHandler @ 9561.4bf2dc71.js:2
value @ 9561.4bf2dc71.js:2
p @ 9561.4bf2dc71.js:2
(匿名) @ 5392.a94416b9.chunk.js:1
7945 @ 5392.a94416b9.chunk.js:1
n @ main.2faaeed8.js:1
35392 @ 5392.a94416b9.chunk.js:1
n @ main.2faaeed8.js:1
Promise.then
(匿名) @ main.2faaeed8.js:1
(匿名) @ 9561.4bf2dc71.js:2
Cs @ 9561.4bf2dc71.js:2
wc @ 9561.4bf2dc71.js:2
_c @ 9561.4bf2dc71.js:2
dc @ 9561.4bf2dc71.js:2
(匿名) @ 9561.4bf2dc71.js:2
t.unstable_runWithPriority @ 9561.4bf2dc71.js:2
qo @ 9561.4bf2dc71.js:2
Xo @ 9561.4bf2dc71.js:2
$o @ 9561.4bf2dc71.js:2
ic @ 9561.4bf2dc71.js:2
enqueueSetState @ 9561.4bf2dc71.js:2
b.setState @ 9561.4bf2dc71.js:2
(匿名) @ main.2faaeed8.js:1
u @ 9561.4bf2dc71.js:2
(匿名) @ 9561.4bf2dc71.js:2
(匿名) @ 9561.4bf2dc71.js:2
r @ 9561.4bf2dc71.js:2
s @ 9561.4bf2dc71.js:2
Promise.then
r @ 9561.4bf2dc71.js:2
s @ 9561.4bf2dc71.js:2
(匿名) @ 9561.4bf2dc71.js:2
(匿名) @ 9561.4bf2dc71.js:2
(匿名) @ main.2faaeed8.js:1
za @ 9561.4bf2dc71.js:2
$i @ 9561.4bf2dc71.js:2
Cs @ 9561.4bf2dc71.js:2
wc @ 9561.4bf2dc71.js:2
_c @ 9561.4bf2dc71.js:2
dc @ 9561.4bf2dc71.js:2
ic @ 9561.4bf2dc71.js:2
Gc @ 9561.4bf2dc71.js:2
(匿名) @ 9561.4bf2dc71.js:2
pc @ 9561.4bf2dc71.js:2
el @ 9561.4bf2dc71.js:2
render @ 9561.4bf2dc71.js:2
(匿名) @ main.2faaeed8.js:1
u @ 9561.4bf2dc71.js:2
(匿名) @ 9561.4bf2dc71.js:2
(匿名) @ 9561.4bf2dc71.js:2
r @ 9561.4bf2dc71.js:2
s @ 9561.4bf2dc71.js:2
Promise.then
r @ 9561.4bf2dc71.js:2
s @ 9561.4bf2dc71.js:2
(匿名) @ 9561.4bf2dc71.js:2
(匿名) @ 9561.4bf2dc71.js:2
(匿名) @ main.2faaeed8.js:1
(匿名) @ main.2faaeed8.js:1
u @ 9561.4bf2dc71.js:2
(匿名) @ 9561.4bf2dc71.js:2
(匿名) @ 9561.4bf2dc71.js:2
r @ 9561.4bf2dc71.js:2
s @ 9561.4bf2dc71.js:2
Promise.then
r @ 9561.4bf2dc71.js:2
s @ 9561.4bf2dc71.js:2
Promise.then
r @ 9561.4bf2dc71.js:2
s @ 9561.4bf2dc71.js:2
(匿名) @ 9561.4bf2dc71.js:2
(匿名) @ 9561.4bf2dc71.js:2
49209 @ main.2faaeed8.js:1
n @ main.2faaeed8.js:1
(匿名) @ main.2faaeed8.js:1
n.O @ main.2faaeed8.js:1
(匿名) @ main.2faaeed8.js:1
(匿名) @ main.2faaeed8.js:1
(匿名) @ main.2faaeed8.js:1
(匿名) @ main.2faaeed8.js:1
23:47:50.106 9561.4bf2dc71.js:2  react-intl-universal key "7746fb87" not defined in zh
warningHandler @ 9561.4bf2dc71.js:2
value @ 9561.4bf2dc71.js:2
p @ 9561.4bf2dc71.js:2
(匿名) @ 5392.a94416b9.chunk.js:1
7945 @ 5392.a94416b9.chunk.js:1
n @ main.2faaeed8.js:1
35392 @ 5392.a94416b9.chunk.js:1
n @ main.2faaeed8.js:1
Promise.then
(匿名) @ main.2faaeed8.js:1
(匿名) @ 9561.4bf2dc71.js:2
Cs @ 9561.4bf2dc71.js:2
wc @ 9561.4bf2dc71.js:2
_c @ 9561.4bf2dc71.js:2
dc @ 9561.4bf2dc71.js:2
(匿名) @ 9561.4bf2dc71.js:2
t.unstable_runWithPriority @ 9561.4bf2dc71.js:2
qo @ 9561.4bf2dc71.js:2
Xo @ 9561.4bf2dc71.js:2
$o @ 9561.4bf2dc71.js:2
ic @ 9561.4bf2dc71.js:2
enqueueSetState @ 9561.4bf2dc71.js:2
b.setState @ 9561.4bf2dc71.js:2
(匿名) @ main.2faaeed8.js:1
u @ 9561.4bf2dc71.js:2
(匿名) @ 9561.4bf2dc71.js:2
(匿名) @ 9561.4bf2dc71.js:2
r @ 9561.4bf2dc71.js:2
s @ 9561.4bf2dc71.js:2
Promise.then
r @ 9561.4bf2dc71.js:2
s @ 9561.4bf2dc71.js:2
(匿名) @ 9561.4bf2dc71.js:2
(匿名) @ 9561.4bf2dc71.js:2
(匿名) @ main.2faaeed8.js:1
za @ 9561.4bf2dc71.js:2
$i @ 9561.4bf2dc71.js:2
Cs @ 9561.4bf2dc71.js:2
wc @ 9561.4bf2dc71.js:2
_c @ 9561.4bf2dc71.js:2
dc @ 9561.4bf2dc71.js:2
ic @ 9561.4bf2dc71.js:2
Gc @ 9561.4bf2dc71.js:2
(匿名) @ 9561.4bf2dc71.js:2
pc @ 9561.4bf2dc71.js:2
el @ 9561.4bf2dc71.js:2
render @ 9561.4bf2dc71.js:2
(匿名) @ main.2faaeed8.js:1
u @ 9561.4bf2dc71.js:2
(匿名) @ 9561.4bf2dc71.js:2
(匿名) @ 9561.4bf2dc71.js:2
r @ 9561.4bf2dc71.js:2
s @ 9561.4bf2dc71.js:2
Promise.then
r @ 9561.4bf2dc71.js:2
s @ 9561.4bf2dc71.js:2
(匿名) @ 9561.4bf2dc71.js:2
(匿名) @ 9561.4bf2dc71.js:2
(匿名) @ main.2faaeed8.js:1
(匿名) @ main.2faaeed8.js:1
u @ 9561.4bf2dc71.js:2
(匿名) @ 9561.4bf2dc71.js:2
(匿名) @ 9561.4bf2dc71.js:2
r @ 9561.4bf2dc71.js:2
s @ 9561.4bf2dc71.js:2
Promise.then
r @ 9561.4bf2dc71.js:2
s @ 9561.4bf2dc71.js:2
Promise.then
r @ 9561.4bf2dc71.js:2
s @ 9561.4bf2dc71.js:2
(匿名) @ 9561.4bf2dc71.js:2
(匿名) @ 9561.4bf2dc71.js:2
49209 @ main.2faaeed8.js:1
n @ main.2faaeed8.js:1
(匿名) @ main.2faaeed8.js:1
n.O @ main.2faaeed8.js:1
(匿名) @ main.2faaeed8.js:1
(匿名) @ main.2faaeed8.js:1
(匿名) @ main.2faaeed8.js:1
(匿名) @ main.2faaeed8.js:1
23:47:50.106 9561.4bf2dc71.js:2  react-intl-universal key "7746fb87" not defined in zh
warningHandler @ 9561.4bf2dc71.js:2
value @ 9561.4bf2dc71.js:2
p @ 9561.4bf2dc71.js:2
(匿名) @ 5392.a94416b9.chunk.js:1
7945 @ 5392.a94416b9.chunk.js:1
n @ main.2faaeed8.js:1
35392 @ 5392.a94416b9.chunk.js:1
n @ main.2faaeed8.js:1
Promise.then
(匿名) @ main.2faaeed8.js:1
(匿名) @ 9561.4bf2dc71.js:2
Cs @ 9561.4bf2dc71.js:2
wc @ 9561.4bf2dc71.js:2
_c @ 9561.4bf2dc71.js:2
dc @ 9561.4bf2dc71.js:2
(匿名) @ 9561.4bf2dc71.js:2
t.unstable_runWithPriority @ 9561.4bf2dc71.js:2
qo @ 9561.4bf2dc71.js:2
Xo @ 9561.4bf2dc71.js:2
$o @ 9561.4bf2dc71.js:2
ic @ 9561.4bf2dc71.js:2
enqueueSetState @ 9561.4bf2dc71.js:2
b.setState @ 9561.4bf2dc71.js:2
(匿名) @ main.2faaeed8.js:1
u @ 9561.4bf2dc71.js:2
(匿名) @ 9561.4bf2dc71.js:2
(匿名) @ 9561.4bf2dc71.js:2
r @ 9561.4bf2dc71.js:2
s @ 9561.4bf2dc71.js:2
Promise.then
r @ 9561.4bf2dc71.js:2
s @ 9561.4bf2dc71.js:2
(匿名) @ 9561.4bf2dc71.js:2
(匿名) @ 9561.4bf2dc71.js:2
(匿名) @ main.2faaeed8.js:1
za @ 9561.4bf2dc71.js:2
$i @ 9561.4bf2dc71.js:2
Cs @ 9561.4bf2dc71.js:2
wc @ 9561.4bf2dc71.js:2
_c @ 9561.4bf2dc71.js:2
dc @ 9561.4bf2dc71.js:2
ic @ 9561.4bf2dc71.js:2
Gc @ 9561.4bf2dc71.js:2
(匿名) @ 9561.4bf2dc71.js:2
pc @ 9561.4bf2dc71.js:2
el @ 9561.4bf2dc71.js:2
render @ 9561.4bf2dc71.js:2
(匿名) @ main.2faaeed8.js:1
u @ 9561.4bf2dc71.js:2
(匿名) @ 9561.4bf2dc71.js:2
(匿名) @ 9561.4bf2dc71.js:2
r @ 9561.4bf2dc71.js:2
s @ 9561.4bf2dc71.js:2
Promise.then
r @ 9561.4bf2dc71.js:2
s @ 9561.4bf2dc71.js:2
(匿名) @ 9561.4bf2dc71.js:2
(匿名) @ 9561.4bf2dc71.js:2
(匿名) @ main.2faaeed8.js:1
(匿名) @ main.2faaeed8.js:1
u @ 9561.4bf2dc71.js:2
(匿名) @ 9561.4bf2dc71.js:2
(匿名) @ 9561.4bf2dc71.js:2
r @ 9561.4bf2dc71.js:2
s @ 9561.4bf2dc71.js:2
Promise.then
r @ 9561.4bf2dc71.js:2
s @ 9561.4bf2dc71.js:2
Promise.then
r @ 9561.4bf2dc71.js:2
s @ 9561.4bf2dc71.js:2
(匿名) @ 9561.4bf2dc71.js:2
(匿名) @ 9561.4bf2dc71.js:2
49209 @ main.2faaeed8.js:1
n @ main.2faaeed8.js:1
(匿名) @ main.2faaeed8.js:1
n.O @ main.2faaeed8.js:1
(匿名) @ main.2faaeed8.js:1
(匿名) @ main.2faaeed8.js:1
(匿名) @ main.2faaeed8.js:1
(匿名) @ main.2faaeed8.js:1
23:47:50.106 9561.4bf2dc71.js:2  react-intl-universal key "7bbe8e2f" not defined in zh
warningHandler @ 9561.4bf2dc71.js:2
value @ 9561.4bf2dc71.js:2
p @ 9561.4bf2dc71.js:2
(匿名) @ 5392.a94416b9.chunk.js:1
7945 @ 5392.a94416b9.chunk.js:1
n @ main.2faaeed8.js:1
35392 @ 5392.a94416b9.chunk.js:1
n @ main.2faaeed8.js:1
Promise.then
(匿名) @ main.2faaeed8.js:1
(匿名) @ 9561.4bf2dc71.js:2
Cs @ 9561.4bf2dc71.js:2
wc @ 9561.4bf2dc71.js:2
_c @ 9561.4bf2dc71.js:2
dc @ 9561.4bf2dc71.js:2
(匿名) @ 9561.4bf2dc71.js:2
t.unstable_runWithPriority @ 9561.4bf2dc71.js:2
qo @ 9561.4bf2dc71.js:2
Xo @ 9561.4bf2dc71.js:2
$o @ 9561.4bf2dc71.js:2
ic @ 9561.4bf2dc71.js:2
enqueueSetState @ 9561.4bf2dc71.js:2
b.setState @ 9561.4bf2dc71.js:2
(匿名) @ main.2faaeed8.js:1
u @ 9561.4bf2dc71.js:2
(匿名) @ 9561.4bf2dc71.js:2
(匿名) @ 9561.4bf2dc71.js:2
r @ 9561.4bf2dc71.js:2
s @ 9561.4bf2dc71.js:2
Promise.then
r @ 9561.4bf2dc71.js:2
s @ 9561.4bf2dc71.js:2
(匿名) @ 9561.4bf2dc71.js:2
(匿名) @ 9561.4bf2dc71.js:2
(匿名) @ main.2faaeed8.js:1
za @ 9561.4bf2dc71.js:2
$i @ 9561.4bf2dc71.js:2
Cs @ 9561.4bf2dc71.js:2
wc @ 9561.4bf2dc71.js:2
_c @ 9561.4bf2dc71.js:2
dc @ 9561.4bf2dc71.js:2
ic @ 9561.4bf2dc71.js:2
Gc @ 9561.4bf2dc71.js:2
(匿名) @ 9561.4bf2dc71.js:2
pc @ 9561.4bf2dc71.js:2
el @ 9561.4bf2dc71.js:2
render @ 9561.4bf2dc71.js:2
(匿名) @ main.2faaeed8.js:1
u @ 9561.4bf2dc71.js:2
(匿名) @ 9561.4bf2dc71.js:2
(匿名) @ 9561.4bf2dc71.js:2
r @ 9561.4bf2dc71.js:2
s @ 9561.4bf2dc71.js:2
Promise.then
r @ 9561.4bf2dc71.js:2
s @ 9561.4bf2dc71.js:2
(匿名) @ 9561.4bf2dc71.js:2
(匿名) @ 9561.4bf2dc71.js:2
(匿名) @ main.2faaeed8.js:1
(匿名) @ main.2faaeed8.js:1
u @ 9561.4bf2dc71.js:2
(匿名) @ 9561.4bf2dc71.js:2
(匿名) @ 9561.4bf2dc71.js:2
r @ 9561.4bf2dc71.js:2
s @ 9561.4bf2dc71.js:2
Promise.then
r @ 9561.4bf2dc71.js:2
s @ 9561.4bf2dc71.js:2
Promise.then
r @ 9561.4bf2dc71.js:2
s @ 9561.4bf2dc71.js:2
(匿名) @ 9561.4bf2dc71.js:2
(匿名) @ 9561.4bf2dc71.js:2
49209 @ main.2faaeed8.js:1
n @ main.2faaeed8.js:1
(匿名) @ main.2faaeed8.js:1
n.O @ main.2faaeed8.js:1
(匿名) @ main.2faaeed8.js:1
(匿名) @ main.2faaeed8.js:1
(匿名) @ main.2faaeed8.js:1
(匿名) @ main.2faaeed8.js:1
23:47:50.106 9561.4bf2dc71.js:2  react-intl-universal key "7bbe8e2f" not defined in zh
warningHandler @ 9561.4bf2dc71.js:2
value @ 9561.4bf2dc71.js:2
p @ 9561.4bf2dc71.js:2
(匿名) @ 5392.a94416b9.chunk.js:1
7945 @ 5392.a94416b9.chunk.js:1
n @ main.2faaeed8.js:1
35392 @ 5392.a94416b9.chunk.js:1
n @ main.2faaeed8.js:1
Promise.then
(匿名) @ main.2faaeed8.js:1
(匿名) @ 9561.4bf2dc71.js:2
Cs @ 9561.4bf2dc71.js:2
wc @ 9561.4bf2dc71.js:2
_c @ 9561.4bf2dc71.js:2
dc @ 9561.4bf2dc71.js:2
(匿名) @ 9561.4bf2dc71.js:2
t.unstable_runWithPriority @ 9561.4bf2dc71.js:2
qo @ 9561.4bf2dc71.js:2
Xo @ 9561.4bf2dc71.js:2
$o @ 9561.4bf2dc71.js:2
ic @ 9561.4bf2dc71.js:2
enqueueSetState @ 9561.4bf2dc71.js:2
b.setState @ 9561.4bf2dc71.js:2
(匿名) @ main.2faaeed8.js:1
u @ 9561.4bf2dc71.js:2
(匿名) @ 9561.4bf2dc71.js:2
(匿名) @ 9561.4bf2dc71.js:2
r @ 9561.4bf2dc71.js:2
s @ 9561.4bf2dc71.js:2
Promise.then
r @ 9561.4bf2dc71.js:2
s @ 9561.4bf2dc71.js:2
(匿名) @ 9561.4bf2dc71.js:2
(匿名) @ 9561.4bf2dc71.js:2
(匿名) @ main.2faaeed8.js:1
za @ 9561.4bf2dc71.js:2
$i @ 9561.4bf2dc71.js:2
Cs @ 9561.4bf2dc71.js:2
wc @ 9561.4bf2dc71.js:2
_c @ 9561.4bf2dc71.js:2
dc @ 9561.4bf2dc71.js:2
ic @ 9561.4bf2dc71.js:2
Gc @ 9561.4bf2dc71.js:2
(匿名) @ 9561.4bf2dc71.js:2
pc @ 9561.4bf2dc71.js:2
el @ 9561.4bf2dc71.js:2
render @ 9561.4bf2dc71.js:2
(匿名) @ main.2faaeed8.js:1
u @ 9561.4bf2dc71.js:2
(匿名) @ 9561.4bf2dc71.js:2
(匿名) @ 9561.4bf2dc71.js:2
r @ 9561.4bf2dc71.js:2
s @ 9561.4bf2dc71.js:2
Promise.then
r @ 9561.4bf2dc71.js:2
s @ 9561.4bf2dc71.js:2
(匿名) @ 9561.4bf2dc71.js:2
(匿名) @ 9561.4bf2dc71.js:2
(匿名) @ main.2faaeed8.js:1
(匿名) @ main.2faaeed8.js:1
u @ 9561.4bf2dc71.js:2
(匿名) @ 9561.4bf2dc71.js:2
(匿名) @ 9561.4bf2dc71.js:2
r @ 9561.4bf2dc71.js:2
s @ 9561.4bf2dc71.js:2
Promise.then
r @ 9561.4bf2dc71.js:2
s @ 9561.4bf2dc71.js:2
Promise.then
r @ 9561.4bf2dc71.js:2
s @ 9561.4bf2dc71.js:2
(匿名) @ 9561.4bf2dc71.js:2
(匿名) @ 9561.4bf2dc71.js:2
49209 @ main.2faaeed8.js:1
n @ main.2faaeed8.js:1
(匿名) @ main.2faaeed8.js:1
n.O @ main.2faaeed8.js:1
(匿名) @ main.2faaeed8.js:1
(匿名) @ main.2faaeed8.js:1
(匿名) @ main.2faaeed8.js:1
(匿名) @ main.2faaeed8.js:1
23:47:50.106 9561.4bf2dc71.js:2  react-intl-universal key "33f52504" not defined in zh
warningHandler @ 9561.4bf2dc71.js:2
value @ 9561.4bf2dc71.js:2
p @ 9561.4bf2dc71.js:2
(匿名) @ 5392.a94416b9.chunk.js:1
7945 @ 5392.a94416b9.chunk.js:1
n @ main.2faaeed8.js:1
35392 @ 5392.a94416b9.chunk.js:1
n @ main.2faaeed8.js:1
Promise.then
(匿名) @ main.2faaeed8.js:1
(匿名) @ 9561.4bf2dc71.js:2
Cs @ 9561.4bf2dc71.js:2
wc @ 9561.4bf2dc71.js:2
_c @ 9561.4bf2dc71.js:2
dc @ 9561.4bf2dc71.js:2
(匿名) @ 9561.4bf2dc71.js:2
t.unstable_runWithPriority @ 9561.4bf2dc71.js:2
qo @ 9561.4bf2dc71.js:2
Xo @ 9561.4bf2dc71.js:2
$o @ 9561.4bf2dc71.js:2
ic @ 9561.4bf2dc71.js:2
enqueueSetState @ 9561.4bf2dc71.js:2
b.setState @ 9561.4bf2dc71.js:2
(匿名) @ main.2faaeed8.js:1
u @ 9561.4bf2dc71.js:2
(匿名) @ 9561.4bf2dc71.js:2
(匿名) @ 9561.4bf2dc71.js:2
r @ 9561.4bf2dc71.js:2
s @ 9561.4bf2dc71.js:2
Promise.then
r @ 9561.4bf2dc71.js:2
s @ 9561.4bf2dc71.js:2
(匿名) @ 9561.4bf2dc71.js:2
(匿名) @ 9561.4bf2dc71.js:2
(匿名) @ main.2faaeed8.js:1
za @ 9561.4bf2dc71.js:2
$i @ 9561.4bf2dc71.js:2
Cs @ 9561.4bf2dc71.js:2
wc @ 9561.4bf2dc71.js:2
_c @ 9561.4bf2dc71.js:2
dc @ 9561.4bf2dc71.js:2
ic @ 9561.4bf2dc71.js:2
Gc @ 9561.4bf2dc71.js:2
(匿名) @ 9561.4bf2dc71.js:2
pc @ 9561.4bf2dc71.js:2
el @ 9561.4bf2dc71.js:2
render @ 9561.4bf2dc71.js:2
(匿名) @ main.2faaeed8.js:1
u @ 9561.4bf2dc71.js:2
(匿名) @ 9561.4bf2dc71.js:2
(匿名) @ 9561.4bf2dc71.js:2
r @ 9561.4bf2dc71.js:2
s @ 9561.4bf2dc71.js:2
Promise.then
r @ 9561.4bf2dc71.js:2
s @ 9561.4bf2dc71.js:2
(匿名) @ 9561.4bf2dc71.js:2
(匿名) @ 9561.4bf2dc71.js:2
(匿名) @ main.2faaeed8.js:1
(匿名) @ main.2faaeed8.js:1
u @ 9561.4bf2dc71.js:2
(匿名) @ 9561.4bf2dc71.js:2
(匿名) @ 9561.4bf2dc71.js:2
r @ 9561.4bf2dc71.js:2
s @ 9561.4bf2dc71.js:2
Promise.then
r @ 9561.4bf2dc71.js:2
s @ 9561.4bf2dc71.js:2
Promise.then
r @ 9561.4bf2dc71.js:2
s @ 9561.4bf2dc71.js:2
(匿名) @ 9561.4bf2dc71.js:2
(匿名) @ 9561.4bf2dc71.js:2
49209 @ main.2faaeed8.js:1
n @ main.2faaeed8.js:1
(匿名) @ main.2faaeed8.js:1
n.O @ main.2faaeed8.js:1
(匿名) @ main.2faaeed8.js:1
(匿名) @ main.2faaeed8.js:1
(匿名) @ main.2faaeed8.js:1
(匿名) @ main.2faaeed8.js:1
23:47:50.106 9561.4bf2dc71.js:2  react-intl-universal key "33f52504" not defined in zh
warningHandler @ 9561.4bf2dc71.js:2
value @ 9561.4bf2dc71.js:2
p @ 9561.4bf2dc71.js:2
(匿名) @ 5392.a94416b9.chunk.js:1
7945 @ 5392.a94416b9.chunk.js:1
n @ main.2faaeed8.js:1
35392 @ 5392.a94416b9.chunk.js:1
n @ main.2faaeed8.js:1
Promise.then
(匿名) @ main.2faaeed8.js:1
(匿名) @ 9561.4bf2dc71.js:2
Cs @ 9561.4bf2dc71.js:2
wc @ 9561.4bf2dc71.js:2
_c @ 9561.4bf2dc71.js:2
dc @ 9561.4bf2dc71.js:2
(匿名) @ 9561.4bf2dc71.js:2
t.unstable_runWithPriority @ 9561.4bf2dc71.js:2
qo @ 9561.4bf2dc71.js:2
Xo @ 9561.4bf2dc71.js:2
$o @ 9561.4bf2dc71.js:2
ic @ 9561.4bf2dc71.js:2
enqueueSetState @ 9561.4bf2dc71.js:2
b.setState @ 9561.4bf2dc71.js:2
(匿名) @ main.2faaeed8.js:1
u @ 9561.4bf2dc71.js:2
(匿名) @ 9561.4bf2dc71.js:2
(匿名) @ 9561.4bf2dc71.js:2
r @ 9561.4bf2dc71.js:2
s @ 9561.4bf2dc71.js:2
Promise.then
r @ 9561.4bf2dc71.js:2
s @ 9561.4bf2dc71.js:2
(匿名) @ 9561.4bf2dc71.js:2
(匿名) @ 9561.4bf2dc71.js:2
(匿名) @ main.2faaeed8.js:1
za @ 9561.4bf2dc71.js:2
$i @ 9561.4bf2dc71.js:2
Cs @ 9561.4bf2dc71.js:2
wc @ 9561.4bf2dc71.js:2
_c @ 9561.4bf2dc71.js:2
dc @ 9561.4bf2dc71.js:2
ic @ 9561.4bf2dc71.js:2
Gc @ 9561.4bf2dc71.js:2
(匿名) @ 9561.4bf2dc71.js:2
pc @ 9561.4bf2dc71.js:2
el @ 9561.4bf2dc71.js:2
render @ 9561.4bf2dc71.js:2
(匿名) @ main.2faaeed8.js:1
u @ 9561.4bf2dc71.js:2
(匿名) @ 9561.4bf2dc71.js:2
(匿名) @ 9561.4bf2dc71.js:2
r @ 9561.4bf2dc71.js:2
s @ 9561.4bf2dc71.js:2
Promise.then
r @ 9561.4bf2dc71.js:2
s @ 9561.4bf2dc71.js:2
(匿名) @ 9561.4bf2dc71.js:2
(匿名) @ 9561.4bf2dc71.js:2
(匿名) @ main.2faaeed8.js:1
(匿名) @ main.2faaeed8.js:1
u @ 9561.4bf2dc71.js:2
(匿名) @ 9561.4bf2dc71.js:2
(匿名) @ 9561.4bf2dc71.js:2
r @ 9561.4bf2dc71.js:2
s @ 9561.4bf2dc71.js:2
Promise.then
r @ 9561.4bf2dc71.js:2
s @ 9561.4bf2dc71.js:2
Promise.then
r @ 9561.4bf2dc71.js:2
s @ 9561.4bf2dc71.js:2
(匿名) @ 9561.4bf2dc71.js:2
(匿名) @ 9561.4bf2dc71.js:2
49209 @ main.2faaeed8.js:1
n @ main.2faaeed8.js:1
(匿名) @ main.2faaeed8.js:1
n.O @ main.2faaeed8.js:1
(匿名) @ main.2faaeed8.js:1
(匿名) @ main.2faaeed8.js:1
(匿名) @ main.2faaeed8.js:1
(匿名) @ main.2faaeed8.js:1
23:47:50.106 9561.4bf2dc71.js:2  react-intl-universal key "e009903f" not defined in zh
warningHandler @ 9561.4bf2dc71.js:2
value @ 9561.4bf2dc71.js:2
p @ 9561.4bf2dc71.js:2
(匿名) @ 5392.a94416b9.chunk.js:1
7945 @ 5392.a94416b9.chunk.js:1
n @ main.2faaeed8.js:1
35392 @ 5392.a94416b9.chunk.js:1
n @ main.2faaeed8.js:1
Promise.then
(匿名) @ main.2faaeed8.js:1
(匿名) @ 9561.4bf2dc71.js:2
Cs @ 9561.4bf2dc71.js:2
wc @ 9561.4bf2dc71.js:2
_c @ 9561.4bf2dc71.js:2
dc @ 9561.4bf2dc71.js:2
(匿名) @ 9561.4bf2dc71.js:2
t.unstable_runWithPriority @ 9561.4bf2dc71.js:2
qo @ 9561.4bf2dc71.js:2
Xo @ 9561.4bf2dc71.js:2
$o @ 9561.4bf2dc71.js:2
ic @ 9561.4bf2dc71.js:2
enqueueSetState @ 9561.4bf2dc71.js:2
b.setState @ 9561.4bf2dc71.js:2
(匿名) @ main.2faaeed8.js:1
u @ 9561.4bf2dc71.js:2
(匿名) @ 9561.4bf2dc71.js:2
(匿名) @ 9561.4bf2dc71.js:2
r @ 9561.4bf2dc71.js:2
s @ 9561.4bf2dc71.js:2
Promise.then
r @ 9561.4bf2dc71.js:2
s @ 9561.4bf2dc71.js:2
(匿名) @ 9561.4bf2dc71.js:2
(匿名) @ 9561.4bf2dc71.js:2
(匿名) @ main.2faaeed8.js:1
za @ 9561.4bf2dc71.js:2
$i @ 9561.4bf2dc71.js:2
Cs @ 9561.4bf2dc71.js:2
wc @ 9561.4bf2dc71.js:2
_c @ 9561.4bf2dc71.js:2
dc @ 9561.4bf2dc71.js:2
ic @ 9561.4bf2dc71.js:2
Gc @ 9561.4bf2dc71.js:2
(匿名) @ 9561.4bf2dc71.js:2
pc @ 9561.4bf2dc71.js:2
el @ 9561.4bf2dc71.js:2
render @ 9561.4bf2dc71.js:2
(匿名) @ main.2faaeed8.js:1
u @ 9561.4bf2dc71.js:2
(匿名) @ 9561.4bf2dc71.js:2
(匿名) @ 9561.4bf2dc71.js:2
r @ 9561.4bf2dc71.js:2
s @ 9561.4bf2dc71.js:2
Promise.then
r @ 9561.4bf2dc71.js:2
s @ 9561.4bf2dc71.js:2
(匿名) @ 9561.4bf2dc71.js:2
(匿名) @ 9561.4bf2dc71.js:2
(匿名) @ main.2faaeed8.js:1
(匿名) @ main.2faaeed8.js:1
u @ 9561.4bf2dc71.js:2
(匿名) @ 9561.4bf2dc71.js:2
(匿名) @ 9561.4bf2dc71.js:2
r @ 9561.4bf2dc71.js:2
s @ 9561.4bf2dc71.js:2
Promise.then
r @ 9561.4bf2dc71.js:2
s @ 9561.4bf2dc71.js:2
Promise.then
r @ 9561.4bf2dc71.js:2
s @ 9561.4bf2dc71.js:2
(匿名) @ 9561.4bf2dc71.js:2
(匿名) @ 9561.4bf2dc71.js:2
49209 @ main.2faaeed8.js:1
n @ main.2faaeed8.js:1
(匿名) @ main.2faaeed8.js:1
n.O @ main.2faaeed8.js:1
(匿名) @ main.2faaeed8.js:1
(匿名) @ main.2faaeed8.js:1
(匿名) @ main.2faaeed8.js:1
(匿名) @ main.2faaeed8.js:1
23:47:50.106 9561.4bf2dc71.js:2  react-intl-universal key "e009903f" not defined in zh
warningHandler @ 9561.4bf2dc71.js:2
value @ 9561.4bf2dc71.js:2
p @ 9561.4bf2dc71.js:2
(匿名) @ 5392.a94416b9.chunk.js:1
7945 @ 5392.a94416b9.chunk.js:1
n @ main.2faaeed8.js:1
35392 @ 5392.a94416b9.chunk.js:1
n @ main.2faaeed8.js:1
Promise.then
(匿名) @ main.2faaeed8.js:1
(匿名) @ 9561.4bf2dc71.js:2
Cs @ 9561.4bf2dc71.js:2
wc @ 9561.4bf2dc71.js:2
_c @ 9561.4bf2dc71.js:2
dc @ 9561.4bf2dc71.js:2
(匿名) @ 9561.4bf2dc71.js:2
t.unstable_runWithPriority @ 9561.4bf2dc71.js:2
qo @ 9561.4bf2dc71.js:2
Xo @ 9561.4bf2dc71.js:2
$o @ 9561.4bf2dc71.js:2
ic @ 9561.4bf2dc71.js:2
enqueueSetState @ 9561.4bf2dc71.js:2
b.setState @ 9561.4bf2dc71.js:2
(匿名) @ main.2faaeed8.js:1
u @ 9561.4bf2dc71.js:2
(匿名) @ 9561.4bf2dc71.js:2
(匿名) @ 9561.4bf2dc71.js:2
r @ 9561.4bf2dc71.js:2
s @ 9561.4bf2dc71.js:2
Promise.then
r @ 9561.4bf2dc71.js:2
s @ 9561.4bf2dc71.js:2
(匿名) @ 9561.4bf2dc71.js:2
(匿名) @ 9561.4bf2dc71.js:2
(匿名) @ main.2faaeed8.js:1
za @ 9561.4bf2dc71.js:2
$i @ 9561.4bf2dc71.js:2
Cs @ 9561.4bf2dc71.js:2
wc @ 9561.4bf2dc71.js:2
_c @ 9561.4bf2dc71.js:2
dc @ 9561.4bf2dc71.js:2
ic @ 9561.4bf2dc71.js:2
Gc @ 9561.4bf2dc71.js:2
(匿名) @ 9561.4bf2dc71.js:2
pc @ 9561.4bf2dc71.js:2
el @ 9561.4bf2dc71.js:2
render @ 9561.4bf2dc71.js:2
(匿名) @ main.2faaeed8.js:1
u @ 9561.4bf2dc71.js:2
(匿名) @ 9561.4bf2dc71.js:2
(匿名) @ 9561.4bf2dc71.js:2
r @ 9561.4bf2dc71.js:2
s @ 9561.4bf2dc71.js:2
Promise.then
r @ 9561.4bf2dc71.js:2
s @ 9561.4bf2dc71.js:2
(匿名) @ 9561.4bf2dc71.js:2
(匿名) @ 9561.4bf2dc71.js:2
(匿名) @ main.2faaeed8.js:1
(匿名) @ main.2faaeed8.js:1
u @ 9561.4bf2dc71.js:2
(匿名) @ 9561.4bf2dc71.js:2
(匿名) @ 9561.4bf2dc71.js:2
r @ 9561.4bf2dc71.js:2
s @ 9561.4bf2dc71.js:2
Promise.then
r @ 9561.4bf2dc71.js:2
s @ 9561.4bf2dc71.js:2
Promise.then
r @ 9561.4bf2dc71.js:2
s @ 9561.4bf2dc71.js:2
(匿名) @ 9561.4bf2dc71.js:2
(匿名) @ 9561.4bf2dc71.js:2
49209 @ main.2faaeed8.js:1
n @ main.2faaeed8.js:1
(匿名) @ main.2faaeed8.js:1
n.O @ main.2faaeed8.js:1
(匿名) @ main.2faaeed8.js:1
(匿名) @ main.2faaeed8.js:1
(匿名) @ main.2faaeed8.js:1
(匿名) @ main.2faaeed8.js:1
23:47:50.106 9561.4bf2dc71.js:2  react-intl-universal key "70b938cf" not defined in zh
warningHandler @ 9561.4bf2dc71.js:2
value @ 9561.4bf2dc71.js:2
p @ 9561.4bf2dc71.js:2
(匿名) @ 5392.a94416b9.chunk.js:1
7945 @ 5392.a94416b9.chunk.js:1
n @ main.2faaeed8.js:1
35392 @ 5392.a94416b9.chunk.js:1
n @ main.2faaeed8.js:1
Promise.then
(匿名) @ main.2faaeed8.js:1
(匿名) @ 9561.4bf2dc71.js:2
Cs @ 9561.4bf2dc71.js:2
wc @ 9561.4bf2dc71.js:2
_c @ 9561.4bf2dc71.js:2
dc @ 9561.4bf2dc71.js:2
(匿名) @ 9561.4bf2dc71.js:2
t.unstable_runWithPriority @ 9561.4bf2dc71.js:2
qo @ 9561.4bf2dc71.js:2
Xo @ 9561.4bf2dc71.js:2
$o @ 9561.4bf2dc71.js:2
ic @ 9561.4bf2dc71.js:2
enqueueSetState @ 9561.4bf2dc71.js:2
b.setState @ 9561.4bf2dc71.js:2
(匿名) @ main.2faaeed8.js:1
u @ 9561.4bf2dc71.js:2
(匿名) @ 9561.4bf2dc71.js:2
(匿名) @ 9561.4bf2dc71.js:2
r @ 9561.4bf2dc71.js:2
s @ 9561.4bf2dc71.js:2
Promise.then
r @ 9561.4bf2dc71.js:2
s @ 9561.4bf2dc71.js:2
(匿名) @ 9561.4bf2dc71.js:2
(匿名) @ 9561.4bf2dc71.js:2
(匿名) @ main.2faaeed8.js:1
za @ 9561.4bf2dc71.js:2
$i @ 9561.4bf2dc71.js:2
Cs @ 9561.4bf2dc71.js:2
wc @ 9561.4bf2dc71.js:2
_c @ 9561.4bf2dc71.js:2
dc @ 9561.4bf2dc71.js:2
ic @ 9561.4bf2dc71.js:2
Gc @ 9561.4bf2dc71.js:2
(匿名) @ 9561.4bf2dc71.js:2
pc @ 9561.4bf2dc71.js:2
el @ 9561.4bf2dc71.js:2
render @ 9561.4bf2dc71.js:2
(匿名) @ main.2faaeed8.js:1
u @ 9561.4bf2dc71.js:2
(匿名) @ 9561.4bf2dc71.js:2
(匿名) @ 9561.4bf2dc71.js:2
r @ 9561.4bf2dc71.js:2
s @ 9561.4bf2dc71.js:2
Promise.then
r @ 9561.4bf2dc71.js:2
s @ 9561.4bf2dc71.js:2
(匿名) @ 9561.4bf2dc71.js:2
(匿名) @ 9561.4bf2dc71.js:2
(匿名) @ main.2faaeed8.js:1
(匿名) @ main.2faaeed8.js:1
u @ 9561.4bf2dc71.js:2
(匿名) @ 9561.4bf2dc71.js:2
(匿名) @ 9561.4bf2dc71.js:2
r @ 9561.4bf2dc71.js:2
s @ 9561.4bf2dc71.js:2
Promise.then
r @ 9561.4bf2dc71.js:2
s @ 9561.4bf2dc71.js:2
Promise.then
r @ 9561.4bf2dc71.js:2
s @ 9561.4bf2dc71.js:2
(匿名) @ 9561.4bf2dc71.js:2
(匿名) @ 9561.4bf2dc71.js:2
49209 @ main.2faaeed8.js:1
n @ main.2faaeed8.js:1
(匿名) @ main.2faaeed8.js:1
n.O @ main.2faaeed8.js:1
(匿名) @ main.2faaeed8.js:1
(匿名) @ main.2faaeed8.js:1
(匿名) @ main.2faaeed8.js:1
(匿名) @ main.2faaeed8.js:1
23:47:50.106 9561.4bf2dc71.js:2  react-intl-universal key "70b938cf" not defined in zh
warningHandler @ 9561.4bf2dc71.js:2
value @ 9561.4bf2dc71.js:2
p @ 9561.4bf2dc71.js:2
(匿名) @ 5392.a94416b9.chunk.js:1
7945 @ 5392.a94416b9.chunk.js:1
n @ main.2faaeed8.js:1
35392 @ 5392.a94416b9.chunk.js:1
n @ main.2faaeed8.js:1
Promise.then
(匿名) @ main.2faaeed8.js:1
(匿名) @ 9561.4bf2dc71.js:2
Cs @ 9561.4bf2dc71.js:2
wc @ 9561.4bf2dc71.js:2
_c @ 9561.4bf2dc71.js:2
dc @ 9561.4bf2dc71.js:2
(匿名) @ 9561.4bf2dc71.js:2
t.unstable_runWithPriority @ 9561.4bf2dc71.js:2
qo @ 9561.4bf2dc71.js:2
Xo @ 9561.4bf2dc71.js:2
$o @ 9561.4bf2dc71.js:2
ic @ 9561.4bf2dc71.js:2
enqueueSetState @ 9561.4bf2dc71.js:2
b.setState @ 9561.4bf2dc71.js:2
(匿名) @ main.2faaeed8.js:1
u @ 9561.4bf2dc71.js:2
(匿名) @ 9561.4bf2dc71.js:2
(匿名) @ 9561.4bf2dc71.js:2
r @ 9561.4bf2dc71.js:2
s @ 9561.4bf2dc71.js:2
Promise.then
r @ 9561.4bf2dc71.js:2
s @ 9561.4bf2dc71.js:2
(匿名) @ 9561.4bf2dc71.js:2
(匿名) @ 9561.4bf2dc71.js:2
(匿名) @ main.2faaeed8.js:1
za @ 9561.4bf2dc71.js:2
$i @ 9561.4bf2dc71.js:2
Cs @ 9561.4bf2dc71.js:2
wc @ 9561.4bf2dc71.js:2
_c @ 9561.4bf2dc71.js:2
dc @ 9561.4bf2dc71.js:2
ic @ 9561.4bf2dc71.js:2
Gc @ 9561.4bf2dc71.js:2
(匿名) @ 9561.4bf2dc71.js:2
pc @ 9561.4bf2dc71.js:2
el @ 9561.4bf2dc71.js:2
render @ 9561.4bf2dc71.js:2
(匿名) @ main.2faaeed8.js:1
u @ 9561.4bf2dc71.js:2
(匿名) @ 9561.4bf2dc71.js:2
(匿名) @ 9561.4bf2dc71.js:2
r @ 9561.4bf2dc71.js:2
s @ 9561.4bf2dc71.js:2
Promise.then
r @ 9561.4bf2dc71.js:2
s @ 9561.4bf2dc71.js:2
(匿名) @ 9561.4bf2dc71.js:2
(匿名) @ 9561.4bf2dc71.js:2
(匿名) @ main.2faaeed8.js:1
(匿名) @ main.2faaeed8.js:1
u @ 9561.4bf2dc71.js:2
(匿名) @ 9561.4bf2dc71.js:2
(匿名) @ 9561.4bf2dc71.js:2
r @ 9561.4bf2dc71.js:2
s @ 9561.4bf2dc71.js:2
Promise.then
r @ 9561.4bf2dc71.js:2
s @ 9561.4bf2dc71.js:2
Promise.then
r @ 9561.4bf2dc71.js:2
s @ 9561.4bf2dc71.js:2
(匿名) @ 9561.4bf2dc71.js:2
(匿名) @ 9561.4bf2dc71.js:2
49209 @ main.2faaeed8.js:1
n @ main.2faaeed8.js:1
(匿名) @ main.2faaeed8.js:1
n.O @ main.2faaeed8.js:1
(匿名) @ main.2faaeed8.js:1
(匿名) @ main.2faaeed8.js:1
(匿名) @ main.2faaeed8.js:1
(匿名) @ main.2faaeed8.js:1
23:47:50.107 9561.4bf2dc71.js:2  react-intl-universal key "10454e2f" not defined in zh
warningHandler @ 9561.4bf2dc71.js:2
value @ 9561.4bf2dc71.js:2
p @ 9561.4bf2dc71.js:2
(匿名) @ 5392.a94416b9.chunk.js:1
7945 @ 5392.a94416b9.chunk.js:1
n @ main.2faaeed8.js:1
35392 @ 5392.a94416b9.chunk.js:1
n @ main.2faaeed8.js:1
Promise.then
(匿名) @ main.2faaeed8.js:1
(匿名) @ 9561.4bf2dc71.js:2
Cs @ 9561.4bf2dc71.js:2
wc @ 9561.4bf2dc71.js:2
_c @ 9561.4bf2dc71.js:2
dc @ 9561.4bf2dc71.js:2
(匿名) @ 9561.4bf2dc71.js:2
t.unstable_runWithPriority @ 9561.4bf2dc71.js:2
qo @ 9561.4bf2dc71.js:2
Xo @ 9561.4bf2dc71.js:2
$o @ 9561.4bf2dc71.js:2
ic @ 9561.4bf2dc71.js:2
enqueueSetState @ 9561.4bf2dc71.js:2
b.setState @ 9561.4bf2dc71.js:2
(匿名) @ main.2faaeed8.js:1
u @ 9561.4bf2dc71.js:2
(匿名) @ 9561.4bf2dc71.js:2
(匿名) @ 9561.4bf2dc71.js:2
r @ 9561.4bf2dc71.js:2
s @ 9561.4bf2dc71.js:2
Promise.then
r @ 9561.4bf2dc71.js:2
s @ 9561.4bf2dc71.js:2
(匿名) @ 9561.4bf2dc71.js:2
(匿名) @ 9561.4bf2dc71.js:2
(匿名) @ main.2faaeed8.js:1
za @ 9561.4bf2dc71.js:2
$i @ 9561.4bf2dc71.js:2
Cs @ 9561.4bf2dc71.js:2
wc @ 9561.4bf2dc71.js:2
_c @ 9561.4bf2dc71.js:2
dc @ 9561.4bf2dc71.js:2
ic @ 9561.4bf2dc71.js:2
Gc @ 9561.4bf2dc71.js:2
(匿名) @ 9561.4bf2dc71.js:2
pc @ 9561.4bf2dc71.js:2
el @ 9561.4bf2dc71.js:2
render @ 9561.4bf2dc71.js:2
(匿名) @ main.2faaeed8.js:1
u @ 9561.4bf2dc71.js:2
(匿名) @ 9561.4bf2dc71.js:2
(匿名) @ 9561.4bf2dc71.js:2
r @ 9561.4bf2dc71.js:2
s @ 9561.4bf2dc71.js:2
Promise.then
r @ 9561.4bf2dc71.js:2
s @ 9561.4bf2dc71.js:2
(匿名) @ 9561.4bf2dc71.js:2
(匿名) @ 9561.4bf2dc71.js:2
(匿名) @ main.2faaeed8.js:1
(匿名) @ main.2faaeed8.js:1
u @ 9561.4bf2dc71.js:2
(匿名) @ 9561.4bf2dc71.js:2
(匿名) @ 9561.4bf2dc71.js:2
r @ 9561.4bf2dc71.js:2
s @ 9561.4bf2dc71.js:2
Promise.then
r @ 9561.4bf2dc71.js:2
s @ 9561.4bf2dc71.js:2
Promise.then
r @ 9561.4bf2dc71.js:2
s @ 9561.4bf2dc71.js:2
(匿名) @ 9561.4bf2dc71.js:2
(匿名) @ 9561.4bf2dc71.js:2
49209 @ main.2faaeed8.js:1
n @ main.2faaeed8.js:1
(匿名) @ main.2faaeed8.js:1
n.O @ main.2faaeed8.js:1
(匿名) @ main.2faaeed8.js:1
(匿名) @ main.2faaeed8.js:1
(匿名) @ main.2faaeed8.js:1
(匿名) @ main.2faaeed8.js:1
23:47:50.107 9561.4bf2dc71.js:2  react-intl-universal key "10454e2f" not defined in zh
warningHandler @ 9561.4bf2dc71.js:2
value @ 9561.4bf2dc71.js:2
p @ 9561.4bf2dc71.js:2
(匿名) @ 5392.a94416b9.chunk.js:1
7945 @ 5392.a94416b9.chunk.js:1
n @ main.2faaeed8.js:1
35392 @ 5392.a94416b9.chunk.js:1
n @ main.2faaeed8.js:1
Promise.then
(匿名) @ main.2faaeed8.js:1
(匿名) @ 9561.4bf2dc71.js:2
Cs @ 9561.4bf2dc71.js:2
wc @ 9561.4bf2dc71.js:2
_c @ 9561.4bf2dc71.js:2
dc @ 9561.4bf2dc71.js:2
(匿名) @ 9561.4bf2dc71.js:2
t.unstable_runWithPriority @ 9561.4bf2dc71.js:2
qo @ 9561.4bf2dc71.js:2
Xo @ 9561.4bf2dc71.js:2
$o @ 9561.4bf2dc71.js:2
ic @ 9561.4bf2dc71.js:2
enqueueSetState @ 9561.4bf2dc71.js:2
b.setState @ 9561.4bf2dc71.js:2
(匿名) @ main.2faaeed8.js:1
u @ 9561.4bf2dc71.js:2
(匿名) @ 9561.4bf2dc71.js:2
(匿名) @ 9561.4bf2dc71.js:2
r @ 9561.4bf2dc71.js:2
s @ 9561.4bf2dc71.js:2
Promise.then
r @ 9561.4bf2dc71.js:2
s @ 9561.4bf2dc71.js:2
(匿名) @ 9561.4bf2dc71.js:2
(匿名) @ 9561.4bf2dc71.js:2
(匿名) @ main.2faaeed8.js:1
za @ 9561.4bf2dc71.js:2
$i @ 9561.4bf2dc71.js:2
Cs @ 9561.4bf2dc71.js:2
wc @ 9561.4bf2dc71.js:2
_c @ 9561.4bf2dc71.js:2
dc @ 9561.4bf2dc71.js:2
ic @ 9561.4bf2dc71.js:2
Gc @ 9561.4bf2dc71.js:2
(匿名) @ 9561.4bf2dc71.js:2
pc @ 9561.4bf2dc71.js:2
el @ 9561.4bf2dc71.js:2
render @ 9561.4bf2dc71.js:2
(匿名) @ main.2faaeed8.js:1
u @ 9561.4bf2dc71.js:2
(匿名) @ 9561.4bf2dc71.js:2
(匿名) @ 9561.4bf2dc71.js:2
r @ 9561.4bf2dc71.js:2
s @ 9561.4bf2dc71.js:2
Promise.then
r @ 9561.4bf2dc71.js:2
s @ 9561.4bf2dc71.js:2
(匿名) @ 9561.4bf2dc71.js:2
(匿名) @ 9561.4bf2dc71.js:2
(匿名) @ main.2faaeed8.js:1
(匿名) @ main.2faaeed8.js:1
u @ 9561.4bf2dc71.js:2
(匿名) @ 9561.4bf2dc71.js:2
(匿名) @ 9561.4bf2dc71.js:2
r @ 9561.4bf2dc71.js:2
s @ 9561.4bf2dc71.js:2
Promise.then
r @ 9561.4bf2dc71.js:2
s @ 9561.4bf2dc71.js:2
Promise.then
r @ 9561.4bf2dc71.js:2
s @ 9561.4bf2dc71.js:2
(匿名) @ 9561.4bf2dc71.js:2
(匿名) @ 9561.4bf2dc71.js:2
49209 @ main.2faaeed8.js:1
n @ main.2faaeed8.js:1
(匿名) @ main.2faaeed8.js:1
n.O @ main.2faaeed8.js:1
(匿名) @ main.2faaeed8.js:1
(匿名) @ main.2faaeed8.js:1
(匿名) @ main.2faaeed8.js:1
(匿名) @ main.2faaeed8.js:1
23:47:50.107 9561.4bf2dc71.js:2  react-intl-universal key "86cb5448" not defined in zh
warningHandler @ 9561.4bf2dc71.js:2
value @ 9561.4bf2dc71.js:2
p @ 9561.4bf2dc71.js:2
(匿名) @ 5392.a94416b9.chunk.js:1
7945 @ 5392.a94416b9.chunk.js:1
n @ main.2faaeed8.js:1
35392 @ 5392.a94416b9.chunk.js:1
n @ main.2faaeed8.js:1
Promise.then
(匿名) @ main.2faaeed8.js:1
(匿名) @ 9561.4bf2dc71.js:2
Cs @ 9561.4bf2dc71.js:2
wc @ 9561.4bf2dc71.js:2
_c @ 9561.4bf2dc71.js:2
dc @ 9561.4bf2dc71.js:2
(匿名) @ 9561.4bf2dc71.js:2
t.unstable_runWithPriority @ 9561.4bf2dc71.js:2
qo @ 9561.4bf2dc71.js:2
Xo @ 9561.4bf2dc71.js:2
$o @ 9561.4bf2dc71.js:2
ic @ 9561.4bf2dc71.js:2
enqueueSetState @ 9561.4bf2dc71.js:2
b.setState @ 9561.4bf2dc71.js:2
(匿名) @ main.2faaeed8.js:1
u @ 9561.4bf2dc71.js:2
(匿名) @ 9561.4bf2dc71.js:2
(匿名) @ 9561.4bf2dc71.js:2
r @ 9561.4bf2dc71.js:2
s @ 9561.4bf2dc71.js:2
Promise.then
r @ 9561.4bf2dc71.js:2
s @ 9561.4bf2dc71.js:2
(匿名) @ 9561.4bf2dc71.js:2
(匿名) @ 9561.4bf2dc71.js:2
(匿名) @ main.2faaeed8.js:1
za @ 9561.4bf2dc71.js:2
$i @ 9561.4bf2dc71.js:2
Cs @ 9561.4bf2dc71.js:2
wc @ 9561.4bf2dc71.js:2
_c @ 9561.4bf2dc71.js:2
dc @ 9561.4bf2dc71.js:2
ic @ 9561.4bf2dc71.js:2
Gc @ 9561.4bf2dc71.js:2
(匿名) @ 9561.4bf2dc71.js:2
pc @ 9561.4bf2dc71.js:2
el @ 9561.4bf2dc71.js:2
render @ 9561.4bf2dc71.js:2
(匿名) @ main.2faaeed8.js:1
u @ 9561.4bf2dc71.js:2
(匿名) @ 9561.4bf2dc71.js:2
(匿名) @ 9561.4bf2dc71.js:2
r @ 9561.4bf2dc71.js:2
s @ 9561.4bf2dc71.js:2
Promise.then
r @ 9561.4bf2dc71.js:2
s @ 9561.4bf2dc71.js:2
(匿名) @ 9561.4bf2dc71.js:2
(匿名) @ 9561.4bf2dc71.js:2
(匿名) @ main.2faaeed8.js:1
(匿名) @ main.2faaeed8.js:1
u @ 9561.4bf2dc71.js:2
(匿名) @ 9561.4bf2dc71.js:2
(匿名) @ 9561.4bf2dc71.js:2
r @ 9561.4bf2dc71.js:2
s @ 9561.4bf2dc71.js:2
Promise.then
r @ 9561.4bf2dc71.js:2
s @ 9561.4bf2dc71.js:2
Promise.then
r @ 9561.4bf2dc71.js:2
s @ 9561.4bf2dc71.js:2
(匿名) @ 9561.4bf2dc71.js:2
(匿名) @ 9561.4bf2dc71.js:2
49209 @ main.2faaeed8.js:1
n @ main.2faaeed8.js:1
(匿名) @ main.2faaeed8.js:1
n.O @ main.2faaeed8.js:1
(匿名) @ main.2faaeed8.js:1
(匿名) @ main.2faaeed8.js:1
(匿名) @ main.2faaeed8.js:1
(匿名) @ main.2faaeed8.js:1
23:47:50.107 9561.4bf2dc71.js:2  react-intl-universal key "86cb5448" not defined in zh
warningHandler @ 9561.4bf2dc71.js:2
value @ 9561.4bf2dc71.js:2
p @ 9561.4bf2dc71.js:2
(匿名) @ 5392.a94416b9.chunk.js:1
7945 @ 5392.a94416b9.chunk.js:1
n @ main.2faaeed8.js:1
35392 @ 5392.a94416b9.chunk.js:1
n @ main.2faaeed8.js:1
Promise.then
(匿名) @ main.2faaeed8.js:1
(匿名) @ 9561.4bf2dc71.js:2
Cs @ 9561.4bf2dc71.js:2
wc @ 9561.4bf2dc71.js:2
_c @ 9561.4bf2dc71.js:2
dc @ 9561.4bf2dc71.js:2
(匿名) @ 9561.4bf2dc71.js:2
t.unstable_runWithPriority @ 9561.4bf2dc71.js:2
qo @ 9561.4bf2dc71.js:2
Xo @ 9561.4bf2dc71.js:2
$o @ 9561.4bf2dc71.js:2
ic @ 9561.4bf2dc71.js:2
enqueueSetState @ 9561.4bf2dc71.js:2
b.setState @ 9561.4bf2dc71.js:2
(匿名) @ main.2faaeed8.js:1
u @ 9561.4bf2dc71.js:2
(匿名) @ 9561.4bf2dc71.js:2
(匿名) @ 9561.4bf2dc71.js:2
r @ 9561.4bf2dc71.js:2
s @ 9561.4bf2dc71.js:2
Promise.then
r @ 9561.4bf2dc71.js:2
s @ 9561.4bf2dc71.js:2
(匿名) @ 9561.4bf2dc71.js:2
(匿名) @ 9561.4bf2dc71.js:2
(匿名) @ main.2faaeed8.js:1
za @ 9561.4bf2dc71.js:2
$i @ 9561.4bf2dc71.js:2
Cs @ 9561.4bf2dc71.js:2
wc @ 9561.4bf2dc71.js:2
_c @ 9561.4bf2dc71.js:2
dc @ 9561.4bf2dc71.js:2
ic @ 9561.4bf2dc71.js:2
Gc @ 9561.4bf2dc71.js:2
(匿名) @ 9561.4bf2dc71.js:2
pc @ 9561.4bf2dc71.js:2
el @ 9561.4bf2dc71.js:2
render @ 9561.4bf2dc71.js:2
(匿名) @ main.2faaeed8.js:1
u @ 9561.4bf2dc71.js:2
(匿名) @ 9561.4bf2dc71.js:2
(匿名) @ 9561.4bf2dc71.js:2
r @ 9561.4bf2dc71.js:2
s @ 9561.4bf2dc71.js:2
Promise.then
r @ 9561.4bf2dc71.js:2
s @ 9561.4bf2dc71.js:2
(匿名) @ 9561.4bf2dc71.js:2
(匿名) @ 9561.4bf2dc71.js:2
(匿名) @ main.2faaeed8.js:1
(匿名) @ main.2faaeed8.js:1
u @ 9561.4bf2dc71.js:2
(匿名) @ 9561.4bf2dc71.js:2
(匿名) @ 9561.4bf2dc71.js:2
r @ 9561.4bf2dc71.js:2
s @ 9561.4bf2dc71.js:2
Promise.then
r @ 9561.4bf2dc71.js:2
s @ 9561.4bf2dc71.js:2
Promise.then
r @ 9561.4bf2dc71.js:2
s @ 9561.4bf2dc71.js:2
(匿名) @ 9561.4bf2dc71.js:2
(匿名) @ 9561.4bf2dc71.js:2
49209 @ main.2faaeed8.js:1
n @ main.2faaeed8.js:1
(匿名) @ main.2faaeed8.js:1
n.O @ main.2faaeed8.js:1
(匿名) @ main.2faaeed8.js:1
(匿名) @ main.2faaeed8.js:1
(匿名) @ main.2faaeed8.js:1
(匿名) @ main.2faaeed8.js:1
23:47:50.107 9561.4bf2dc71.js:2  react-intl-universal key "38118d05" not defined in zh
warningHandler @ 9561.4bf2dc71.js:2
value @ 9561.4bf2dc71.js:2
p @ 9561.4bf2dc71.js:2
(匿名) @ 5392.a94416b9.chunk.js:1
7945 @ 5392.a94416b9.chunk.js:1
n @ main.2faaeed8.js:1
35392 @ 5392.a94416b9.chunk.js:1
n @ main.2faaeed8.js:1
Promise.then
(匿名) @ main.2faaeed8.js:1
(匿名) @ 9561.4bf2dc71.js:2
Cs @ 9561.4bf2dc71.js:2
wc @ 9561.4bf2dc71.js:2
_c @ 9561.4bf2dc71.js:2
dc @ 9561.4bf2dc71.js:2
(匿名) @ 9561.4bf2dc71.js:2
t.unstable_runWithPriority @ 9561.4bf2dc71.js:2
qo @ 9561.4bf2dc71.js:2
Xo @ 9561.4bf2dc71.js:2
$o @ 9561.4bf2dc71.js:2
ic @ 9561.4bf2dc71.js:2
enqueueSetState @ 9561.4bf2dc71.js:2
b.setState @ 9561.4bf2dc71.js:2
(匿名) @ main.2faaeed8.js:1
u @ 9561.4bf2dc71.js:2
(匿名) @ 9561.4bf2dc71.js:2
(匿名) @ 9561.4bf2dc71.js:2
r @ 9561.4bf2dc71.js:2
s @ 9561.4bf2dc71.js:2
Promise.then
r @ 9561.4bf2dc71.js:2
s @ 9561.4bf2dc71.js:2
(匿名) @ 9561.4bf2dc71.js:2
(匿名) @ 9561.4bf2dc71.js:2
(匿名) @ main.2faaeed8.js:1
za @ 9561.4bf2dc71.js:2
$i @ 9561.4bf2dc71.js:2
Cs @ 9561.4bf2dc71.js:2
wc @ 9561.4bf2dc71.js:2
_c @ 9561.4bf2dc71.js:2
dc @ 9561.4bf2dc71.js:2
ic @ 9561.4bf2dc71.js:2
Gc @ 9561.4bf2dc71.js:2
(匿名) @ 9561.4bf2dc71.js:2
pc @ 9561.4bf2dc71.js:2
el @ 9561.4bf2dc71.js:2
render @ 9561.4bf2dc71.js:2
(匿名) @ main.2faaeed8.js:1
u @ 9561.4bf2dc71.js:2
(匿名) @ 9561.4bf2dc71.js:2
(匿名) @ 9561.4bf2dc71.js:2
r @ 9561.4bf2dc71.js:2
s @ 9561.4bf2dc71.js:2
Promise.then
r @ 9561.4bf2dc71.js:2
s @ 9561.4bf2dc71.js:2
(匿名) @ 9561.4bf2dc71.js:2
(匿名) @ 9561.4bf2dc71.js:2
(匿名) @ main.2faaeed8.js:1
(匿名) @ main.2faaeed8.js:1
u @ 9561.4bf2dc71.js:2
(匿名) @ 9561.4bf2dc71.js:2
(匿名) @ 9561.4bf2dc71.js:2
r @ 9561.4bf2dc71.js:2
s @ 9561.4bf2dc71.js:2
Promise.then
r @ 9561.4bf2dc71.js:2
s @ 9561.4bf2dc71.js:2
Promise.then
r @ 9561.4bf2dc71.js:2
s @ 9561.4bf2dc71.js:2
(匿名) @ 9561.4bf2dc71.js:2
(匿名) @ 9561.4bf2dc71.js:2
49209 @ main.2faaeed8.js:1
n @ main.2faaeed8.js:1
(匿名) @ main.2faaeed8.js:1
n.O @ main.2faaeed8.js:1
(匿名) @ main.2faaeed8.js:1
(匿名) @ main.2faaeed8.js:1
(匿名) @ main.2faaeed8.js:1
(匿名) @ main.2faaeed8.js:1
23:47:50.107 9561.4bf2dc71.js:2  react-intl-universal key "38118d05" not defined in zh
warningHandler @ 9561.4bf2dc71.js:2
value @ 9561.4bf2dc71.js:2
p @ 9561.4bf2dc71.js:2
(匿名) @ 5392.a94416b9.chunk.js:1
7945 @ 5392.a94416b9.chunk.js:1
n @ main.2faaeed8.js:1
35392 @ 5392.a94416b9.chunk.js:1
n @ main.2faaeed8.js:1
Promise.then
(匿名) @ main.2faaeed8.js:1
(匿名) @ 9561.4bf2dc71.js:2
Cs @ 9561.4bf2dc71.js:2
wc @ 9561.4bf2dc71.js:2
_c @ 9561.4bf2dc71.js:2
dc @ 9561.4bf2dc71.js:2
(匿名) @ 9561.4bf2dc71.js:2
t.unstable_runWithPriority @ 9561.4bf2dc71.js:2
qo @ 9561.4bf2dc71.js:2
Xo @ 9561.4bf2dc71.js:2
$o @ 9561.4bf2dc71.js:2
ic @ 9561.4bf2dc71.js:2
enqueueSetState @ 9561.4bf2dc71.js:2
b.setState @ 9561.4bf2dc71.js:2
(匿名) @ main.2faaeed8.js:1
u @ 9561.4bf2dc71.js:2
(匿名) @ 9561.4bf2dc71.js:2
(匿名) @ 9561.4bf2dc71.js:2
r @ 9561.4bf2dc71.js:2
s @ 9561.4bf2dc71.js:2
Promise.then
r @ 9561.4bf2dc71.js:2
s @ 9561.4bf2dc71.js:2
(匿名) @ 9561.4bf2dc71.js:2
(匿名) @ 9561.4bf2dc71.js:2
(匿名) @ main.2faaeed8.js:1
za @ 9561.4bf2dc71.js:2
$i @ 9561.4bf2dc71.js:2
Cs @ 9561.4bf2dc71.js:2
wc @ 9561.4bf2dc71.js:2
_c @ 9561.4bf2dc71.js:2
dc @ 9561.4bf2dc71.js:2
ic @ 9561.4bf2dc71.js:2
Gc @ 9561.4bf2dc71.js:2
(匿名) @ 9561.4bf2dc71.js:2
pc @ 9561.4bf2dc71.js:2
el @ 9561.4bf2dc71.js:2
render @ 9561.4bf2dc71.js:2
(匿名) @ main.2faaeed8.js:1
u @ 9561.4bf2dc71.js:2
(匿名) @ 9561.4bf2dc71.js:2
(匿名) @ 9561.4bf2dc71.js:2
r @ 9561.4bf2dc71.js:2
s @ 9561.4bf2dc71.js:2
Promise.then
r @ 9561.4bf2dc71.js:2
s @ 9561.4bf2dc71.js:2
(匿名) @ 9561.4bf2dc71.js:2
(匿名) @ 9561.4bf2dc71.js:2
(匿名) @ main.2faaeed8.js:1
(匿名) @ main.2faaeed8.js:1
u @ 9561.4bf2dc71.js:2
(匿名) @ 9561.4bf2dc71.js:2
(匿名) @ 9561.4bf2dc71.js:2
r @ 9561.4bf2dc71.js:2
s @ 9561.4bf2dc71.js:2
Promise.then
r @ 9561.4bf2dc71.js:2
s @ 9561.4bf2dc71.js:2
Promise.then
r @ 9561.4bf2dc71.js:2
s @ 9561.4bf2dc71.js:2
(匿名) @ 9561.4bf2dc71.js:2
(匿名) @ 9561.4bf2dc71.js:2
49209 @ main.2faaeed8.js:1
n @ main.2faaeed8.js:1
(匿名) @ main.2faaeed8.js:1
n.O @ main.2faaeed8.js:1
(匿名) @ main.2faaeed8.js:1
(匿名) @ main.2faaeed8.js:1
(匿名) @ main.2faaeed8.js:1
(匿名) @ main.2faaeed8.js:1
23:47:50.107 9561.4bf2dc71.js:2  react-intl-universal key "116e0772" not defined in zh
warningHandler @ 9561.4bf2dc71.js:2
value @ 9561.4bf2dc71.js:2
p @ 9561.4bf2dc71.js:2
(匿名) @ 5392.a94416b9.chunk.js:1
7945 @ 5392.a94416b9.chunk.js:1
n @ main.2faaeed8.js:1
35392 @ 5392.a94416b9.chunk.js:1
n @ main.2faaeed8.js:1
Promise.then
(匿名) @ main.2faaeed8.js:1
(匿名) @ 9561.4bf2dc71.js:2
Cs @ 9561.4bf2dc71.js:2
wc @ 9561.4bf2dc71.js:2
_c @ 9561.4bf2dc71.js:2
dc @ 9561.4bf2dc71.js:2
(匿名) @ 9561.4bf2dc71.js:2
t.unstable_runWithPriority @ 9561.4bf2dc71.js:2
qo @ 9561.4bf2dc71.js:2
Xo @ 9561.4bf2dc71.js:2
$o @ 9561.4bf2dc71.js:2
ic @ 9561.4bf2dc71.js:2
enqueueSetState @ 9561.4bf2dc71.js:2
b.setState @ 9561.4bf2dc71.js:2
(匿名) @ main.2faaeed8.js:1
u @ 9561.4bf2dc71.js:2
(匿名) @ 9561.4bf2dc71.js:2
(匿名) @ 9561.4bf2dc71.js:2
r @ 9561.4bf2dc71.js:2
s @ 9561.4bf2dc71.js:2
Promise.then
r @ 9561.4bf2dc71.js:2
s @ 9561.4bf2dc71.js:2
(匿名) @ 9561.4bf2dc71.js:2
(匿名) @ 9561.4bf2dc71.js:2
(匿名) @ main.2faaeed8.js:1
za @ 9561.4bf2dc71.js:2
$i @ 9561.4bf2dc71.js:2
Cs @ 9561.4bf2dc71.js:2
wc @ 9561.4bf2dc71.js:2
_c @ 9561.4bf2dc71.js:2
dc @ 9561.4bf2dc71.js:2
ic @ 9561.4bf2dc71.js:2
Gc @ 9561.4bf2dc71.js:2
(匿名) @ 9561.4bf2dc71.js:2
pc @ 9561.4bf2dc71.js:2
el @ 9561.4bf2dc71.js:2
render @ 9561.4bf2dc71.js:2
(匿名) @ main.2faaeed8.js:1
u @ 9561.4bf2dc71.js:2
(匿名) @ 9561.4bf2dc71.js:2
(匿名) @ 9561.4bf2dc71.js:2
r @ 9561.4bf2dc71.js:2
s @ 9561.4bf2dc71.js:2
Promise.then
r @ 9561.4bf2dc71.js:2
s @ 9561.4bf2dc71.js:2
(匿名) @ 9561.4bf2dc71.js:2
(匿名) @ 9561.4bf2dc71.js:2
(匿名) @ main.2faaeed8.js:1
(匿名) @ main.2faaeed8.js:1
u @ 9561.4bf2dc71.js:2
(匿名) @ 9561.4bf2dc71.js:2
(匿名) @ 9561.4bf2dc71.js:2
r @ 9561.4bf2dc71.js:2
s @ 9561.4bf2dc71.js:2
Promise.then
r @ 9561.4bf2dc71.js:2
s @ 9561.4bf2dc71.js:2
Promise.then
r @ 9561.4bf2dc71.js:2
s @ 9561.4bf2dc71.js:2
(匿名) @ 9561.4bf2dc71.js:2
(匿名) @ 9561.4bf2dc71.js:2
49209 @ main.2faaeed8.js:1
n @ main.2faaeed8.js:1
(匿名) @ main.2faaeed8.js:1
n.O @ main.2faaeed8.js:1
(匿名) @ main.2faaeed8.js:1
(匿名) @ main.2faaeed8.js:1
(匿名) @ main.2faaeed8.js:1
(匿名) @ main.2faaeed8.js:1
23:47:50.107 9561.4bf2dc71.js:2  react-intl-universal key "116e0772" not defined in zh
warningHandler @ 9561.4bf2dc71.js:2
value @ 9561.4bf2dc71.js:2
p @ 9561.4bf2dc71.js:2
(匿名) @ 5392.a94416b9.chunk.js:1
7945 @ 5392.a94416b9.chunk.js:1
n @ main.2faaeed8.js:1
35392 @ 5392.a94416b9.chunk.js:1
n @ main.2faaeed8.js:1
Promise.then
(匿名) @ main.2faaeed8.js:1
(匿名) @ 9561.4bf2dc71.js:2
Cs @ 9561.4bf2dc71.js:2
wc @ 9561.4bf2dc71.js:2
_c @ 9561.4bf2dc71.js:2
dc @ 9561.4bf2dc71.js:2
(匿名) @ 9561.4bf2dc71.js:2
t.unstable_runWithPriority @ 9561.4bf2dc71.js:2
qo @ 9561.4bf2dc71.js:2
Xo @ 9561.4bf2dc71.js:2
$o @ 9561.4bf2dc71.js:2
ic @ 9561.4bf2dc71.js:2
enqueueSetState @ 9561.4bf2dc71.js:2
b.setState @ 9561.4bf2dc71.js:2
(匿名) @ main.2faaeed8.js:1
u @ 9561.4bf2dc71.js:2
(匿名) @ 9561.4bf2dc71.js:2
(匿名) @ 9561.4bf2dc71.js:2
r @ 9561.4bf2dc71.js:2
s @ 9561.4bf2dc71.js:2
Promise.then
r @ 9561.4bf2dc71.js:2
s @ 9561.4bf2dc71.js:2
(匿名) @ 9561.4bf2dc71.js:2
(匿名) @ 9561.4bf2dc71.js:2
(匿名) @ main.2faaeed8.js:1
za @ 9561.4bf2dc71.js:2
$i @ 9561.4bf2dc71.js:2
Cs @ 9561.4bf2dc71.js:2
wc @ 9561.4bf2dc71.js:2
_c @ 9561.4bf2dc71.js:2
dc @ 9561.4bf2dc71.js:2
ic @ 9561.4bf2dc71.js:2
Gc @ 9561.4bf2dc71.js:2
(匿名) @ 9561.4bf2dc71.js:2
pc @ 9561.4bf2dc71.js:2
el @ 9561.4bf2dc71.js:2
render @ 9561.4bf2dc71.js:2
(匿名) @ main.2faaeed8.js:1
u @ 9561.4bf2dc71.js:2
(匿名) @ 9561.4bf2dc71.js:2
(匿名) @ 9561.4bf2dc71.js:2
r @ 9561.4bf2dc71.js:2
s @ 9561.4bf2dc71.js:2
Promise.then
r @ 9561.4bf2dc71.js:2
s @ 9561.4bf2dc71.js:2
(匿名) @ 9561.4bf2dc71.js:2
(匿名) @ 9561.4bf2dc71.js:2
(匿名) @ main.2faaeed8.js:1
(匿名) @ main.2faaeed8.js:1
u @ 9561.4bf2dc71.js:2
(匿名) @ 9561.4bf2dc71.js:2
(匿名) @ 9561.4bf2dc71.js:2
r @ 9561.4bf2dc71.js:2
s @ 9561.4bf2dc71.js:2
Promise.then
r @ 9561.4bf2dc71.js:2
s @ 9561.4bf2dc71.js:2
Promise.then
r @ 9561.4bf2dc71.js:2
s @ 9561.4bf2dc71.js:2
(匿名) @ 9561.4bf2dc71.js:2
(匿名) @ 9561.4bf2dc71.js:2
49209 @ main.2faaeed8.js:1
n @ main.2faaeed8.js:1
(匿名) @ main.2faaeed8.js:1
n.O @ main.2faaeed8.js:1
(匿名) @ main.2faaeed8.js:1
(匿名) @ main.2faaeed8.js:1
(匿名) @ main.2faaeed8.js:1
(匿名) @ main.2faaeed8.js:1
23:47:50.107 9561.4bf2dc71.js:2  react-intl-universal key "9a16bdd1" not defined in zh
warningHandler @ 9561.4bf2dc71.js:2
value @ 9561.4bf2dc71.js:2
p @ 9561.4bf2dc71.js:2
(匿名) @ 5392.a94416b9.chunk.js:1
7945 @ 5392.a94416b9.chunk.js:1
n @ main.2faaeed8.js:1
35392 @ 5392.a94416b9.chunk.js:1
n @ main.2faaeed8.js:1
Promise.then
(匿名) @ main.2faaeed8.js:1
(匿名) @ 9561.4bf2dc71.js:2
Cs @ 9561.4bf2dc71.js:2
wc @ 9561.4bf2dc71.js:2
_c @ 9561.4bf2dc71.js:2
dc @ 9561.4bf2dc71.js:2
(匿名) @ 9561.4bf2dc71.js:2
t.unstable_runWithPriority @ 9561.4bf2dc71.js:2
qo @ 9561.4bf2dc71.js:2
Xo @ 9561.4bf2dc71.js:2
$o @ 9561.4bf2dc71.js:2
ic @ 9561.4bf2dc71.js:2
enqueueSetState @ 9561.4bf2dc71.js:2
b.setState @ 9561.4bf2dc71.js:2
(匿名) @ main.2faaeed8.js:1
u @ 9561.4bf2dc71.js:2
(匿名) @ 9561.4bf2dc71.js:2
(匿名) @ 9561.4bf2dc71.js:2
r @ 9561.4bf2dc71.js:2
s @ 9561.4bf2dc71.js:2
Promise.then
r @ 9561.4bf2dc71.js:2
s @ 9561.4bf2dc71.js:2
(匿名) @ 9561.4bf2dc71.js:2
(匿名) @ 9561.4bf2dc71.js:2
(匿名) @ main.2faaeed8.js:1
za @ 9561.4bf2dc71.js:2
$i @ 9561.4bf2dc71.js:2
Cs @ 9561.4bf2dc71.js:2
wc @ 9561.4bf2dc71.js:2
_c @ 9561.4bf2dc71.js:2
dc @ 9561.4bf2dc71.js:2
ic @ 9561.4bf2dc71.js:2
Gc @ 9561.4bf2dc71.js:2
(匿名) @ 9561.4bf2dc71.js:2
pc @ 9561.4bf2dc71.js:2
el @ 9561.4bf2dc71.js:2
render @ 9561.4bf2dc71.js:2
(匿名) @ main.2faaeed8.js:1
u @ 9561.4bf2dc71.js:2
(匿名) @ 9561.4bf2dc71.js:2
(匿名) @ 9561.4bf2dc71.js:2
r @ 9561.4bf2dc71.js:2
s @ 9561.4bf2dc71.js:2
Promise.then
r @ 9561.4bf2dc71.js:2
s @ 9561.4bf2dc71.js:2
(匿名) @ 9561.4bf2dc71.js:2
(匿名) @ 9561.4bf2dc71.js:2
(匿名) @ main.2faaeed8.js:1
(匿名) @ main.2faaeed8.js:1
u @ 9561.4bf2dc71.js:2
(匿名) @ 9561.4bf2dc71.js:2
(匿名) @ 9561.4bf2dc71.js:2
r @ 9561.4bf2dc71.js:2
s @ 9561.4bf2dc71.js:2
Promise.then
r @ 9561.4bf2dc71.js:2
s @ 9561.4bf2dc71.js:2
Promise.then
r @ 9561.4bf2dc71.js:2
s @ 9561.4bf2dc71.js:2
(匿名) @ 9561.4bf2dc71.js:2
(匿名) @ 9561.4bf2dc71.js:2
49209 @ main.2faaeed8.js:1
n @ main.2faaeed8.js:1
(匿名) @ main.2faaeed8.js:1
n.O @ main.2faaeed8.js:1
(匿名) @ main.2faaeed8.js:1
(匿名) @ main.2faaeed8.js:1
(匿名) @ main.2faaeed8.js:1
(匿名) @ main.2faaeed8.js:1
23:47:50.107 9561.4bf2dc71.js:2  react-intl-universal key "9a16bdd1" not defined in zh
warningHandler @ 9561.4bf2dc71.js:2
value @ 9561.4bf2dc71.js:2
p @ 9561.4bf2dc71.js:2
(匿名) @ 5392.a94416b9.chunk.js:1
7945 @ 5392.a94416b9.chunk.js:1
n @ main.2faaeed8.js:1
35392 @ 5392.a94416b9.chunk.js:1
n @ main.2faaeed8.js:1
Promise.then
(匿名) @ main.2faaeed8.js:1
(匿名) @ 9561.4bf2dc71.js:2
Cs @ 9561.4bf2dc71.js:2
wc @ 9561.4bf2dc71.js:2
_c @ 9561.4bf2dc71.js:2
dc @ 9561.4bf2dc71.js:2
(匿名) @ 9561.4bf2dc71.js:2
t.unstable_runWithPriority @ 9561.4bf2dc71.js:2
qo @ 9561.4bf2dc71.js:2
Xo @ 9561.4bf2dc71.js:2
$o @ 9561.4bf2dc71.js:2
ic @ 9561.4bf2dc71.js:2
enqueueSetState @ 9561.4bf2dc71.js:2
b.setState @ 9561.4bf2dc71.js:2
(匿名) @ main.2faaeed8.js:1
u @ 9561.4bf2dc71.js:2
(匿名) @ 9561.4bf2dc71.js:2
(匿名) @ 9561.4bf2dc71.js:2
r @ 9561.4bf2dc71.js:2
s @ 9561.4bf2dc71.js:2
Promise.then
r @ 9561.4bf2dc71.js:2
s @ 9561.4bf2dc71.js:2
(匿名) @ 9561.4bf2dc71.js:2
(匿名) @ 9561.4bf2dc71.js:2
(匿名) @ main.2faaeed8.js:1
za @ 9561.4bf2dc71.js:2
$i @ 9561.4bf2dc71.js:2
Cs @ 9561.4bf2dc71.js:2
wc @ 9561.4bf2dc71.js:2
_c @ 9561.4bf2dc71.js:2
dc @ 9561.4bf2dc71.js:2
ic @ 9561.4bf2dc71.js:2
Gc @ 9561.4bf2dc71.js:2
(匿名) @ 9561.4bf2dc71.js:2
pc @ 9561.4bf2dc71.js:2
el @ 9561.4bf2dc71.js:2
render @ 9561.4bf2dc71.js:2
(匿名) @ main.2faaeed8.js:1
u @ 9561.4bf2dc71.js:2
(匿名) @ 9561.4bf2dc71.js:2
(匿名) @ 9561.4bf2dc71.js:2
r @ 9561.4bf2dc71.js:2
s @ 9561.4bf2dc71.js:2
Promise.then
r @ 9561.4bf2dc71.js:2
s @ 9561.4bf2dc71.js:2
(匿名) @ 9561.4bf2dc71.js:2
(匿名) @ 9561.4bf2dc71.js:2
(匿名) @ main.2faaeed8.js:1
(匿名) @ main.2faaeed8.js:1
u @ 9561.4bf2dc71.js:2
(匿名) @ 9561.4bf2dc71.js:2
(匿名) @ 9561.4bf2dc71.js:2
r @ 9561.4bf2dc71.js:2
s @ 9561.4bf2dc71.js:2
Promise.then
r @ 9561.4bf2dc71.js:2
s @ 9561.4bf2dc71.js:2
Promise.then
r @ 9561.4bf2dc71.js:2
s @ 9561.4bf2dc71.js:2
(匿名) @ 9561.4bf2dc71.js:2
(匿名) @ 9561.4bf2dc71.js:2
49209 @ main.2faaeed8.js:1
n @ main.2faaeed8.js:1
(匿名) @ main.2faaeed8.js:1
n.O @ main.2faaeed8.js:1
(匿名) @ main.2faaeed8.js:1
(匿名) @ main.2faaeed8.js:1
(匿名) @ main.2faaeed8.js:1
(匿名) @ main.2faaeed8.js:1
23:47:50.107 9561.4bf2dc71.js:2  react-intl-universal key "9516572f" not defined in zh
warningHandler @ 9561.4bf2dc71.js:2
value @ 9561.4bf2dc71.js:2
p @ 9561.4bf2dc71.js:2
(匿名) @ 5392.a94416b9.chunk.js:1
7945 @ 5392.a94416b9.chunk.js:1
n @ main.2faaeed8.js:1
35392 @ 5392.a94416b9.chunk.js:1
n @ main.2faaeed8.js:1
Promise.then
(匿名) @ main.2faaeed8.js:1
(匿名) @ 9561.4bf2dc71.js:2
Cs @ 9561.4bf2dc71.js:2
wc @ 9561.4bf2dc71.js:2
_c @ 9561.4bf2dc71.js:2
dc @ 9561.4bf2dc71.js:2
(匿名) @ 9561.4bf2dc71.js:2
t.unstable_runWithPriority @ 9561.4bf2dc71.js:2
qo @ 9561.4bf2dc71.js:2
Xo @ 9561.4bf2dc71.js:2
$o @ 9561.4bf2dc71.js:2
ic @ 9561.4bf2dc71.js:2
enqueueSetState @ 9561.4bf2dc71.js:2
b.setState @ 9561.4bf2dc71.js:2
(匿名) @ main.2faaeed8.js:1
u @ 9561.4bf2dc71.js:2
(匿名) @ 9561.4bf2dc71.js:2
(匿名) @ 9561.4bf2dc71.js:2
r @ 9561.4bf2dc71.js:2
s @ 9561.4bf2dc71.js:2
Promise.then
r @ 9561.4bf2dc71.js:2
s @ 9561.4bf2dc71.js:2
(匿名) @ 9561.4bf2dc71.js:2
(匿名) @ 9561.4bf2dc71.js:2
(匿名) @ main.2faaeed8.js:1
za @ 9561.4bf2dc71.js:2
$i @ 9561.4bf2dc71.js:2
Cs @ 9561.4bf2dc71.js:2
wc @ 9561.4bf2dc71.js:2
_c @ 9561.4bf2dc71.js:2
dc @ 9561.4bf2dc71.js:2
ic @ 9561.4bf2dc71.js:2
Gc @ 9561.4bf2dc71.js:2
(匿名) @ 9561.4bf2dc71.js:2
pc @ 9561.4bf2dc71.js:2
el @ 9561.4bf2dc71.js:2
render @ 9561.4bf2dc71.js:2
(匿名) @ main.2faaeed8.js:1
u @ 9561.4bf2dc71.js:2
(匿名) @ 9561.4bf2dc71.js:2
(匿名) @ 9561.4bf2dc71.js:2
r @ 9561.4bf2dc71.js:2
s @ 9561.4bf2dc71.js:2
Promise.then
r @ 9561.4bf2dc71.js:2
s @ 9561.4bf2dc71.js:2
(匿名) @ 9561.4bf2dc71.js:2
(匿名) @ 9561.4bf2dc71.js:2
(匿名) @ main.2faaeed8.js:1
(匿名) @ main.2faaeed8.js:1
u @ 9561.4bf2dc71.js:2
(匿名) @ 9561.4bf2dc71.js:2
(匿名) @ 9561.4bf2dc71.js:2
r @ 9561.4bf2dc71.js:2
s @ 9561.4bf2dc71.js:2
Promise.then
r @ 9561.4bf2dc71.js:2
s @ 9561.4bf2dc71.js:2
Promise.then
r @ 9561.4bf2dc71.js:2
s @ 9561.4bf2dc71.js:2
(匿名) @ 9561.4bf2dc71.js:2
(匿名) @ 9561.4bf2dc71.js:2
49209 @ main.2faaeed8.js:1
n @ main.2faaeed8.js:1
(匿名) @ main.2faaeed8.js:1
n.O @ main.2faaeed8.js:1
(匿名) @ main.2faaeed8.js:1
(匿名) @ main.2faaeed8.js:1
(匿名) @ main.2faaeed8.js:1
(匿名) @ main.2faaeed8.js:1
23:47:50.108 9561.4bf2dc71.js:2  react-intl-universal key "9516572f" not defined in zh
warningHandler @ 9561.4bf2dc71.js:2
value @ 9561.4bf2dc71.js:2
p @ 9561.4bf2dc71.js:2
(匿名) @ 5392.a94416b9.chunk.js:1
7945 @ 5392.a94416b9.chunk.js:1
n @ main.2faaeed8.js:1
35392 @ 5392.a94416b9.chunk.js:1
n @ main.2faaeed8.js:1
Promise.then
(匿名) @ main.2faaeed8.js:1
(匿名) @ 9561.4bf2dc71.js:2
Cs @ 9561.4bf2dc71.js:2
wc @ 9561.4bf2dc71.js:2
_c @ 9561.4bf2dc71.js:2
dc @ 9561.4bf2dc71.js:2
(匿名) @ 9561.4bf2dc71.js:2
t.unstable_runWithPriority @ 9561.4bf2dc71.js:2
qo @ 9561.4bf2dc71.js:2
Xo @ 9561.4bf2dc71.js:2
$o @ 9561.4bf2dc71.js:2
ic @ 9561.4bf2dc71.js:2
enqueueSetState @ 9561.4bf2dc71.js:2
b.setState @ 9561.4bf2dc71.js:2
(匿名) @ main.2faaeed8.js:1
u @ 9561.4bf2dc71.js:2
(匿名) @ 9561.4bf2dc71.js:2
(匿名) @ 9561.4bf2dc71.js:2
r @ 9561.4bf2dc71.js:2
s @ 9561.4bf2dc71.js:2
Promise.then
r @ 9561.4bf2dc71.js:2
s @ 9561.4bf2dc71.js:2
(匿名) @ 9561.4bf2dc71.js:2
(匿名) @ 9561.4bf2dc71.js:2
(匿名) @ main.2faaeed8.js:1
za @ 9561.4bf2dc71.js:2
$i @ 9561.4bf2dc71.js:2
Cs @ 9561.4bf2dc71.js:2
wc @ 9561.4bf2dc71.js:2
_c @ 9561.4bf2dc71.js:2
dc @ 9561.4bf2dc71.js:2
ic @ 9561.4bf2dc71.js:2
Gc @ 9561.4bf2dc71.js:2
(匿名) @ 9561.4bf2dc71.js:2
pc @ 9561.4bf2dc71.js:2
el @ 9561.4bf2dc71.js:2
render @ 9561.4bf2dc71.js:2
(匿名) @ main.2faaeed8.js:1
u @ 9561.4bf2dc71.js:2
(匿名) @ 9561.4bf2dc71.js:2
(匿名) @ 9561.4bf2dc71.js:2
r @ 9561.4bf2dc71.js:2
s @ 9561.4bf2dc71.js:2
Promise.then
r @ 9561.4bf2dc71.js:2
s @ 9561.4bf2dc71.js:2
(匿名) @ 9561.4bf2dc71.js:2
(匿名) @ 9561.4bf2dc71.js:2
(匿名) @ main.2faaeed8.js:1
(匿名) @ main.2faaeed8.js:1
u @ 9561.4bf2dc71.js:2
(匿名) @ 9561.4bf2dc71.js:2
(匿名) @ 9561.4bf2dc71.js:2
r @ 9561.4bf2dc71.js:2
s @ 9561.4bf2dc71.js:2
Promise.then
r @ 9561.4bf2dc71.js:2
s @ 9561.4bf2dc71.js:2
Promise.then
r @ 9561.4bf2dc71.js:2
s @ 9561.4bf2dc71.js:2
(匿名) @ 9561.4bf2dc71.js:2
(匿名) @ 9561.4bf2dc71.js:2
49209 @ main.2faaeed8.js:1
n @ main.2faaeed8.js:1
(匿名) @ main.2faaeed8.js:1
n.O @ main.2faaeed8.js:1
(匿名) @ main.2faaeed8.js:1
(匿名) @ main.2faaeed8.js:1
(匿名) @ main.2faaeed8.js:1
(匿名) @ main.2faaeed8.js:1
23:47:50.108 9561.4bf2dc71.js:2  react-intl-universal key "f56ec717" not defined in zh
warningHandler @ 9561.4bf2dc71.js:2
value @ 9561.4bf2dc71.js:2
p @ 9561.4bf2dc71.js:2
(匿名) @ 5392.a94416b9.chunk.js:1
7945 @ 5392.a94416b9.chunk.js:1
n @ main.2faaeed8.js:1
35392 @ 5392.a94416b9.chunk.js:1
n @ main.2faaeed8.js:1
Promise.then
(匿名) @ main.2faaeed8.js:1
(匿名) @ 9561.4bf2dc71.js:2
Cs @ 9561.4bf2dc71.js:2
wc @ 9561.4bf2dc71.js:2
_c @ 9561.4bf2dc71.js:2
dc @ 9561.4bf2dc71.js:2
(匿名) @ 9561.4bf2dc71.js:2
t.unstable_runWithPriority @ 9561.4bf2dc71.js:2
qo @ 9561.4bf2dc71.js:2
Xo @ 9561.4bf2dc71.js:2
$o @ 9561.4bf2dc71.js:2
ic @ 9561.4bf2dc71.js:2
enqueueSetState @ 9561.4bf2dc71.js:2
b.setState @ 9561.4bf2dc71.js:2
(匿名) @ main.2faaeed8.js:1
u @ 9561.4bf2dc71.js:2
(匿名) @ 9561.4bf2dc71.js:2
(匿名) @ 9561.4bf2dc71.js:2
r @ 9561.4bf2dc71.js:2
s @ 9561.4bf2dc71.js:2
Promise.then
r @ 9561.4bf2dc71.js:2
s @ 9561.4bf2dc71.js:2
(匿名) @ 9561.4bf2dc71.js:2
(匿名) @ 9561.4bf2dc71.js:2
(匿名) @ main.2faaeed8.js:1
za @ 9561.4bf2dc71.js:2
$i @ 9561.4bf2dc71.js:2
Cs @ 9561.4bf2dc71.js:2
wc @ 9561.4bf2dc71.js:2
_c @ 9561.4bf2dc71.js:2
dc @ 9561.4bf2dc71.js:2
ic @ 9561.4bf2dc71.js:2
Gc @ 9561.4bf2dc71.js:2
(匿名) @ 9561.4bf2dc71.js:2
pc @ 9561.4bf2dc71.js:2
el @ 9561.4bf2dc71.js:2
render @ 9561.4bf2dc71.js:2
(匿名) @ main.2faaeed8.js:1
u @ 9561.4bf2dc71.js:2
(匿名) @ 9561.4bf2dc71.js:2
(匿名) @ 9561.4bf2dc71.js:2
r @ 9561.4bf2dc71.js:2
s @ 9561.4bf2dc71.js:2
Promise.then
r @ 9561.4bf2dc71.js:2
s @ 9561.4bf2dc71.js:2
(匿名) @ 9561.4bf2dc71.js:2
(匿名) @ 9561.4bf2dc71.js:2
(匿名) @ main.2faaeed8.js:1
(匿名) @ main.2faaeed8.js:1
u @ 9561.4bf2dc71.js:2
(匿名) @ 9561.4bf2dc71.js:2
(匿名) @ 9561.4bf2dc71.js:2
r @ 9561.4bf2dc71.js:2
s @ 9561.4bf2dc71.js:2
Promise.then
r @ 9561.4bf2dc71.js:2
s @ 9561.4bf2dc71.js:2
Promise.then
r @ 9561.4bf2dc71.js:2
s @ 9561.4bf2dc71.js:2
(匿名) @ 9561.4bf2dc71.js:2
(匿名) @ 9561.4bf2dc71.js:2
49209 @ main.2faaeed8.js:1
n @ main.2faaeed8.js:1
(匿名) @ main.2faaeed8.js:1
n.O @ main.2faaeed8.js:1
(匿名) @ main.2faaeed8.js:1
(匿名) @ main.2faaeed8.js:1
(匿名) @ main.2faaeed8.js:1
(匿名) @ main.2faaeed8.js:1
23:47:50.108 9561.4bf2dc71.js:2  react-intl-universal key "f56ec717" not defined in zh
warningHandler @ 9561.4bf2dc71.js:2
value @ 9561.4bf2dc71.js:2
p @ 9561.4bf2dc71.js:2
(匿名) @ 5392.a94416b9.chunk.js:1
7945 @ 5392.a94416b9.chunk.js:1
n @ main.2faaeed8.js:1
35392 @ 5392.a94416b9.chunk.js:1
n @ main.2faaeed8.js:1
Promise.then
(匿名) @ main.2faaeed8.js:1
(匿名) @ 9561.4bf2dc71.js:2
Cs @ 9561.4bf2dc71.js:2
wc @ 9561.4bf2dc71.js:2
_c @ 9561.4bf2dc71.js:2
dc @ 9561.4bf2dc71.js:2
(匿名) @ 9561.4bf2dc71.js:2
t.unstable_runWithPriority @ 9561.4bf2dc71.js:2
qo @ 9561.4bf2dc71.js:2
Xo @ 9561.4bf2dc71.js:2
$o @ 9561.4bf2dc71.js:2
ic @ 9561.4bf2dc71.js:2
enqueueSetState @ 9561.4bf2dc71.js:2
b.setState @ 9561.4bf2dc71.js:2
(匿名) @ main.2faaeed8.js:1
u @ 9561.4bf2dc71.js:2
(匿名) @ 9561.4bf2dc71.js:2
(匿名) @ 9561.4bf2dc71.js:2
r @ 9561.4bf2dc71.js:2
s @ 9561.4bf2dc71.js:2
Promise.then
r @ 9561.4bf2dc71.js:2
s @ 9561.4bf2dc71.js:2
(匿名) @ 9561.4bf2dc71.js:2
(匿名) @ 9561.4bf2dc71.js:2
(匿名) @ main.2faaeed8.js:1
za @ 9561.4bf2dc71.js:2
$i @ 9561.4bf2dc71.js:2
Cs @ 9561.4bf2dc71.js:2
wc @ 9561.4bf2dc71.js:2
_c @ 9561.4bf2dc71.js:2
dc @ 9561.4bf2dc71.js:2
ic @ 9561.4bf2dc71.js:2
Gc @ 9561.4bf2dc71.js:2
(匿名) @ 9561.4bf2dc71.js:2
pc @ 9561.4bf2dc71.js:2
el @ 9561.4bf2dc71.js:2
render @ 9561.4bf2dc71.js:2
(匿名) @ main.2faaeed8.js:1
u @ 9561.4bf2dc71.js:2
(匿名) @ 9561.4bf2dc71.js:2
(匿名) @ 9561.4bf2dc71.js:2
r @ 9561.4bf2dc71.js:2
s @ 9561.4bf2dc71.js:2
Promise.then
r @ 9561.4bf2dc71.js:2
s @ 9561.4bf2dc71.js:2
(匿名) @ 9561.4bf2dc71.js:2
(匿名) @ 9561.4bf2dc71.js:2
(匿名) @ main.2faaeed8.js:1
(匿名) @ main.2faaeed8.js:1
u @ 9561.4bf2dc71.js:2
(匿名) @ 9561.4bf2dc71.js:2
(匿名) @ 9561.4bf2dc71.js:2
r @ 9561.4bf2dc71.js:2
s @ 9561.4bf2dc71.js:2
Promise.then
r @ 9561.4bf2dc71.js:2
s @ 9561.4bf2dc71.js:2
Promise.then
r @ 9561.4bf2dc71.js:2
s @ 9561.4bf2dc71.js:2
(匿名) @ 9561.4bf2dc71.js:2
(匿名) @ 9561.4bf2dc71.js:2
49209 @ main.2faaeed8.js:1
n @ main.2faaeed8.js:1
(匿名) @ main.2faaeed8.js:1
n.O @ main.2faaeed8.js:1
(匿名) @ main.2faaeed8.js:1
(匿名) @ main.2faaeed8.js:1
(匿名) @ main.2faaeed8.js:1
(匿名) @ main.2faaeed8.js:1
23:47:50.108 9561.4bf2dc71.js:2  react-intl-universal key "7da531ec" not defined in zh
warningHandler @ 9561.4bf2dc71.js:2
value @ 9561.4bf2dc71.js:2
p @ 9561.4bf2dc71.js:2
(匿名) @ 5392.a94416b9.chunk.js:1
7945 @ 5392.a94416b9.chunk.js:1
n @ main.2faaeed8.js:1
35392 @ 5392.a94416b9.chunk.js:1
n @ main.2faaeed8.js:1
Promise.then
(匿名) @ main.2faaeed8.js:1
(匿名) @ 9561.4bf2dc71.js:2
Cs @ 9561.4bf2dc71.js:2
wc @ 9561.4bf2dc71.js:2
_c @ 9561.4bf2dc71.js:2
dc @ 9561.4bf2dc71.js:2
(匿名) @ 9561.4bf2dc71.js:2
t.unstable_runWithPriority @ 9561.4bf2dc71.js:2
qo @ 9561.4bf2dc71.js:2
Xo @ 9561.4bf2dc71.js:2
$o @ 9561.4bf2dc71.js:2
ic @ 9561.4bf2dc71.js:2
enqueueSetState @ 9561.4bf2dc71.js:2
b.setState @ 9561.4bf2dc71.js:2
(匿名) @ main.2faaeed8.js:1
u @ 9561.4bf2dc71.js:2
(匿名) @ 9561.4bf2dc71.js:2
(匿名) @ 9561.4bf2dc71.js:2
r @ 9561.4bf2dc71.js:2
s @ 9561.4bf2dc71.js:2
Promise.then
r @ 9561.4bf2dc71.js:2
s @ 9561.4bf2dc71.js:2
(匿名) @ 9561.4bf2dc71.js:2
(匿名) @ 9561.4bf2dc71.js:2
(匿名) @ main.2faaeed8.js:1
za @ 9561.4bf2dc71.js:2
$i @ 9561.4bf2dc71.js:2
Cs @ 9561.4bf2dc71.js:2
wc @ 9561.4bf2dc71.js:2
_c @ 9561.4bf2dc71.js:2
dc @ 9561.4bf2dc71.js:2
ic @ 9561.4bf2dc71.js:2
Gc @ 9561.4bf2dc71.js:2
(匿名) @ 9561.4bf2dc71.js:2
pc @ 9561.4bf2dc71.js:2
el @ 9561.4bf2dc71.js:2
render @ 9561.4bf2dc71.js:2
(匿名) @ main.2faaeed8.js:1
u @ 9561.4bf2dc71.js:2
(匿名) @ 9561.4bf2dc71.js:2
(匿名) @ 9561.4bf2dc71.js:2
r @ 9561.4bf2dc71.js:2
s @ 9561.4bf2dc71.js:2
Promise.then
r @ 9561.4bf2dc71.js:2
s @ 9561.4bf2dc71.js:2
(匿名) @ 9561.4bf2dc71.js:2
(匿名) @ 9561.4bf2dc71.js:2
(匿名) @ main.2faaeed8.js:1
(匿名) @ main.2faaeed8.js:1
u @ 9561.4bf2dc71.js:2
(匿名) @ 9561.4bf2dc71.js:2
(匿名) @ 9561.4bf2dc71.js:2
r @ 9561.4bf2dc71.js:2
s @ 9561.4bf2dc71.js:2
Promise.then
r @ 9561.4bf2dc71.js:2
s @ 9561.4bf2dc71.js:2
Promise.then
r @ 9561.4bf2dc71.js:2
s @ 9561.4bf2dc71.js:2
(匿名) @ 9561.4bf2dc71.js:2
(匿名) @ 9561.4bf2dc71.js:2
49209 @ main.2faaeed8.js:1
n @ main.2faaeed8.js:1
(匿名) @ main.2faaeed8.js:1
n.O @ main.2faaeed8.js:1
(匿名) @ main.2faaeed8.js:1
(匿名) @ main.2faaeed8.js:1
(匿名) @ main.2faaeed8.js:1
(匿名) @ main.2faaeed8.js:1
23:47:50.108 9561.4bf2dc71.js:2  react-intl-universal key "7da531ec" not defined in zh
warningHandler @ 9561.4bf2dc71.js:2
value @ 9561.4bf2dc71.js:2
p @ 9561.4bf2dc71.js:2
(匿名) @ 5392.a94416b9.chunk.js:1
7945 @ 5392.a94416b9.chunk.js:1
n @ main.2faaeed8.js:1
35392 @ 5392.a94416b9.chunk.js:1
n @ main.2faaeed8.js:1
Promise.then
(匿名) @ main.2faaeed8.js:1
(匿名) @ 9561.4bf2dc71.js:2
Cs @ 9561.4bf2dc71.js:2
wc @ 9561.4bf2dc71.js:2
_c @ 9561.4bf2dc71.js:2
dc @ 9561.4bf2dc71.js:2
(匿名) @ 9561.4bf2dc71.js:2
t.unstable_runWithPriority @ 9561.4bf2dc71.js:2
qo @ 9561.4bf2dc71.js:2
Xo @ 9561.4bf2dc71.js:2
$o @ 9561.4bf2dc71.js:2
ic @ 9561.4bf2dc71.js:2
enqueueSetState @ 9561.4bf2dc71.js:2
b.setState @ 9561.4bf2dc71.js:2
(匿名) @ main.2faaeed8.js:1
u @ 9561.4bf2dc71.js:2
(匿名) @ 9561.4bf2dc71.js:2
(匿名) @ 9561.4bf2dc71.js:2
r @ 9561.4bf2dc71.js:2
s @ 9561.4bf2dc71.js:2
Promise.then
r @ 9561.4bf2dc71.js:2
s @ 9561.4bf2dc71.js:2
(匿名) @ 9561.4bf2dc71.js:2
(匿名) @ 9561.4bf2dc71.js:2
(匿名) @ main.2faaeed8.js:1
za @ 9561.4bf2dc71.js:2
$i @ 9561.4bf2dc71.js:2
Cs @ 9561.4bf2dc71.js:2
wc @ 9561.4bf2dc71.js:2
_c @ 9561.4bf2dc71.js:2
dc @ 9561.4bf2dc71.js:2
ic @ 9561.4bf2dc71.js:2
Gc @ 9561.4bf2dc71.js:2
(匿名) @ 9561.4bf2dc71.js:2
pc @ 9561.4bf2dc71.js:2
el @ 9561.4bf2dc71.js:2
render @ 9561.4bf2dc71.js:2
(匿名) @ main.2faaeed8.js:1
u @ 9561.4bf2dc71.js:2
(匿名) @ 9561.4bf2dc71.js:2
(匿名) @ 9561.4bf2dc71.js:2
r @ 9561.4bf2dc71.js:2
s @ 9561.4bf2dc71.js:2
Promise.then
r @ 9561.4bf2dc71.js:2
s @ 9561.4bf2dc71.js:2
(匿名) @ 9561.4bf2dc71.js:2
(匿名) @ 9561.4bf2dc71.js:2
(匿名) @ main.2faaeed8.js:1
(匿名) @ main.2faaeed8.js:1
u @ 9561.4bf2dc71.js:2
(匿名) @ 9561.4bf2dc71.js:2
(匿名) @ 9561.4bf2dc71.js:2
r @ 9561.4bf2dc71.js:2
s @ 9561.4bf2dc71.js:2
Promise.then
r @ 9561.4bf2dc71.js:2
s @ 9561.4bf2dc71.js:2
Promise.then
r @ 9561.4bf2dc71.js:2
s @ 9561.4bf2dc71.js:2
(匿名) @ 9561.4bf2dc71.js:2
(匿名) @ 9561.4bf2dc71.js:2
49209 @ main.2faaeed8.js:1
n @ main.2faaeed8.js:1
(匿名) @ main.2faaeed8.js:1
n.O @ main.2faaeed8.js:1
(匿名) @ main.2faaeed8.js:1
(匿名) @ main.2faaeed8.js:1
(匿名) @ main.2faaeed8.js:1
(匿名) @ main.2faaeed8.js:1
23:47:50.108 9561.4bf2dc71.js:2  react-intl-universal key "c6dd8b8f" not defined in zh
warningHandler @ 9561.4bf2dc71.js:2
value @ 9561.4bf2dc71.js:2
p @ 9561.4bf2dc71.js:2
(匿名) @ 5392.a94416b9.chunk.js:1
7945 @ 5392.a94416b9.chunk.js:1
n @ main.2faaeed8.js:1
35392 @ 5392.a94416b9.chunk.js:1
n @ main.2faaeed8.js:1
Promise.then
(匿名) @ main.2faaeed8.js:1
(匿名) @ 9561.4bf2dc71.js:2
Cs @ 9561.4bf2dc71.js:2
wc @ 9561.4bf2dc71.js:2
_c @ 9561.4bf2dc71.js:2
dc @ 9561.4bf2dc71.js:2
(匿名) @ 9561.4bf2dc71.js:2
t.unstable_runWithPriority @ 9561.4bf2dc71.js:2
qo @ 9561.4bf2dc71.js:2
Xo @ 9561.4bf2dc71.js:2
$o @ 9561.4bf2dc71.js:2
ic @ 9561.4bf2dc71.js:2
enqueueSetState @ 9561.4bf2dc71.js:2
b.setState @ 9561.4bf2dc71.js:2
(匿名) @ main.2faaeed8.js:1
u @ 9561.4bf2dc71.js:2
(匿名) @ 9561.4bf2dc71.js:2
(匿名) @ 9561.4bf2dc71.js:2
r @ 9561.4bf2dc71.js:2
s @ 9561.4bf2dc71.js:2
Promise.then
r @ 9561.4bf2dc71.js:2
s @ 9561.4bf2dc71.js:2
(匿名) @ 9561.4bf2dc71.js:2
(匿名) @ 9561.4bf2dc71.js:2
(匿名) @ main.2faaeed8.js:1
za @ 9561.4bf2dc71.js:2
$i @ 9561.4bf2dc71.js:2
Cs @ 9561.4bf2dc71.js:2
wc @ 9561.4bf2dc71.js:2
_c @ 9561.4bf2dc71.js:2
dc @ 9561.4bf2dc71.js:2
ic @ 9561.4bf2dc71.js:2
Gc @ 9561.4bf2dc71.js:2
(匿名) @ 9561.4bf2dc71.js:2
pc @ 9561.4bf2dc71.js:2
el @ 9561.4bf2dc71.js:2
render @ 9561.4bf2dc71.js:2
(匿名) @ main.2faaeed8.js:1
u @ 9561.4bf2dc71.js:2
(匿名) @ 9561.4bf2dc71.js:2
(匿名) @ 9561.4bf2dc71.js:2
r @ 9561.4bf2dc71.js:2
s @ 9561.4bf2dc71.js:2
Promise.then
r @ 9561.4bf2dc71.js:2
s @ 9561.4bf2dc71.js:2
(匿名) @ 9561.4bf2dc71.js:2
(匿名) @ 9561.4bf2dc71.js:2
(匿名) @ main.2faaeed8.js:1
(匿名) @ main.2faaeed8.js:1
u @ 9561.4bf2dc71.js:2
(匿名) @ 9561.4bf2dc71.js:2
(匿名) @ 9561.4bf2dc71.js:2
r @ 9561.4bf2dc71.js:2
s @ 9561.4bf2dc71.js:2
Promise.then
r @ 9561.4bf2dc71.js:2
s @ 9561.4bf2dc71.js:2
Promise.then
r @ 9561.4bf2dc71.js:2
s @ 9561.4bf2dc71.js:2
(匿名) @ 9561.4bf2dc71.js:2
(匿名) @ 9561.4bf2dc71.js:2
49209 @ main.2faaeed8.js:1
n @ main.2faaeed8.js:1
(匿名) @ main.2faaeed8.js:1
n.O @ main.2faaeed8.js:1
(匿名) @ main.2faaeed8.js:1
(匿名) @ main.2faaeed8.js:1
(匿名) @ main.2faaeed8.js:1
(匿名) @ main.2faaeed8.js:1
23:47:50.109 9561.4bf2dc71.js:2  react-intl-universal key "c6dd8b8f" not defined in zh
warningHandler @ 9561.4bf2dc71.js:2
value @ 9561.4bf2dc71.js:2
p @ 9561.4bf2dc71.js:2
(匿名) @ 5392.a94416b9.chunk.js:1
7945 @ 5392.a94416b9.chunk.js:1
n @ main.2faaeed8.js:1
35392 @ 5392.a94416b9.chunk.js:1
n @ main.2faaeed8.js:1
Promise.then
(匿名) @ main.2faaeed8.js:1
(匿名) @ 9561.4bf2dc71.js:2
Cs @ 9561.4bf2dc71.js:2
wc @ 9561.4bf2dc71.js:2
_c @ 9561.4bf2dc71.js:2
dc @ 9561.4bf2dc71.js:2
(匿名) @ 9561.4bf2dc71.js:2
t.unstable_runWithPriority @ 9561.4bf2dc71.js:2
qo @ 9561.4bf2dc71.js:2
Xo @ 9561.4bf2dc71.js:2
$o @ 9561.4bf2dc71.js:2
ic @ 9561.4bf2dc71.js:2
enqueueSetState @ 9561.4bf2dc71.js:2
b.setState @ 9561.4bf2dc71.js:2
(匿名) @ main.2faaeed8.js:1
u @ 9561.4bf2dc71.js:2
(匿名) @ 9561.4bf2dc71.js:2
(匿名) @ 9561.4bf2dc71.js:2
r @ 9561.4bf2dc71.js:2
s @ 9561.4bf2dc71.js:2
Promise.then
r @ 9561.4bf2dc71.js:2
s @ 9561.4bf2dc71.js:2
(匿名) @ 9561.4bf2dc71.js:2
(匿名) @ 9561.4bf2dc71.js:2
(匿名) @ main.2faaeed8.js:1
za @ 9561.4bf2dc71.js:2
$i @ 9561.4bf2dc71.js:2
Cs @ 9561.4bf2dc71.js:2
wc @ 9561.4bf2dc71.js:2
_c @ 9561.4bf2dc71.js:2
dc @ 9561.4bf2dc71.js:2
ic @ 9561.4bf2dc71.js:2
Gc @ 9561.4bf2dc71.js:2
(匿名) @ 9561.4bf2dc71.js:2
pc @ 9561.4bf2dc71.js:2
el @ 9561.4bf2dc71.js:2
render @ 9561.4bf2dc71.js:2
(匿名) @ main.2faaeed8.js:1
u @ 9561.4bf2dc71.js:2
(匿名) @ 9561.4bf2dc71.js:2
(匿名) @ 9561.4bf2dc71.js:2
r @ 9561.4bf2dc71.js:2
s @ 9561.4bf2dc71.js:2
Promise.then
r @ 9561.4bf2dc71.js:2
s @ 9561.4bf2dc71.js:2
(匿名) @ 9561.4bf2dc71.js:2
(匿名) @ 9561.4bf2dc71.js:2
(匿名) @ main.2faaeed8.js:1
(匿名) @ main.2faaeed8.js:1
u @ 9561.4bf2dc71.js:2
(匿名) @ 9561.4bf2dc71.js:2
(匿名) @ 9561.4bf2dc71.js:2
r @ 9561.4bf2dc71.js:2
s @ 9561.4bf2dc71.js:2
Promise.then
r @ 9561.4bf2dc71.js:2
s @ 9561.4bf2dc71.js:2
Promise.then
r @ 9561.4bf2dc71.js:2
s @ 9561.4bf2dc71.js:2
(匿名) @ 9561.4bf2dc71.js:2
(匿名) @ 9561.4bf2dc71.js:2
49209 @ main.2faaeed8.js:1
n @ main.2faaeed8.js:1
(匿名) @ main.2faaeed8.js:1
n.O @ main.2faaeed8.js:1
(匿名) @ main.2faaeed8.js:1
(匿名) @ main.2faaeed8.js:1
(匿名) @ main.2faaeed8.js:1
(匿名) @ main.2faaeed8.js:1
23:47:50.109 9561.4bf2dc71.js:2  react-intl-universal key "df0d4285" not defined in zh
warningHandler @ 9561.4bf2dc71.js:2
value @ 9561.4bf2dc71.js:2
p @ 9561.4bf2dc71.js:2
(匿名) @ 5392.a94416b9.chunk.js:1
7945 @ 5392.a94416b9.chunk.js:1
n @ main.2faaeed8.js:1
35392 @ 5392.a94416b9.chunk.js:1
n @ main.2faaeed8.js:1
Promise.then
(匿名) @ main.2faaeed8.js:1
(匿名) @ 9561.4bf2dc71.js:2
Cs @ 9561.4bf2dc71.js:2
wc @ 9561.4bf2dc71.js:2
_c @ 9561.4bf2dc71.js:2
dc @ 9561.4bf2dc71.js:2
(匿名) @ 9561.4bf2dc71.js:2
t.unstable_runWithPriority @ 9561.4bf2dc71.js:2
qo @ 9561.4bf2dc71.js:2
Xo @ 9561.4bf2dc71.js:2
$o @ 9561.4bf2dc71.js:2
ic @ 9561.4bf2dc71.js:2
enqueueSetState @ 9561.4bf2dc71.js:2
b.setState @ 9561.4bf2dc71.js:2
(匿名) @ main.2faaeed8.js:1
u @ 9561.4bf2dc71.js:2
(匿名) @ 9561.4bf2dc71.js:2
(匿名) @ 9561.4bf2dc71.js:2
r @ 9561.4bf2dc71.js:2
s @ 9561.4bf2dc71.js:2
Promise.then
r @ 9561.4bf2dc71.js:2
s @ 9561.4bf2dc71.js:2
(匿名) @ 9561.4bf2dc71.js:2
(匿名) @ 9561.4bf2dc71.js:2
(匿名) @ main.2faaeed8.js:1
za @ 9561.4bf2dc71.js:2
$i @ 9561.4bf2dc71.js:2
Cs @ 9561.4bf2dc71.js:2
wc @ 9561.4bf2dc71.js:2
_c @ 9561.4bf2dc71.js:2
dc @ 9561.4bf2dc71.js:2
ic @ 9561.4bf2dc71.js:2
Gc @ 9561.4bf2dc71.js:2
(匿名) @ 9561.4bf2dc71.js:2
pc @ 9561.4bf2dc71.js:2
el @ 9561.4bf2dc71.js:2
render @ 9561.4bf2dc71.js:2
(匿名) @ main.2faaeed8.js:1
u @ 9561.4bf2dc71.js:2
(匿名) @ 9561.4bf2dc71.js:2
(匿名) @ 9561.4bf2dc71.js:2
r @ 9561.4bf2dc71.js:2
s @ 9561.4bf2dc71.js:2
Promise.then
r @ 9561.4bf2dc71.js:2
s @ 9561.4bf2dc71.js:2
(匿名) @ 9561.4bf2dc71.js:2
(匿名) @ 9561.4bf2dc71.js:2
(匿名) @ main.2faaeed8.js:1
(匿名) @ main.2faaeed8.js:1
u @ 9561.4bf2dc71.js:2
(匿名) @ 9561.4bf2dc71.js:2
(匿名) @ 9561.4bf2dc71.js:2
r @ 9561.4bf2dc71.js:2
s @ 9561.4bf2dc71.js:2
Promise.then
r @ 9561.4bf2dc71.js:2
s @ 9561.4bf2dc71.js:2
Promise.then
r @ 9561.4bf2dc71.js:2
s @ 9561.4bf2dc71.js:2
(匿名) @ 9561.4bf2dc71.js:2
(匿名) @ 9561.4bf2dc71.js:2
49209 @ main.2faaeed8.js:1
n @ main.2faaeed8.js:1
(匿名) @ main.2faaeed8.js:1
n.O @ main.2faaeed8.js:1
(匿名) @ main.2faaeed8.js:1
(匿名) @ main.2faaeed8.js:1
(匿名) @ main.2faaeed8.js:1
(匿名) @ main.2faaeed8.js:1
23:47:50.109 9561.4bf2dc71.js:2  react-intl-universal key "df0d4285" not defined in zh
warningHandler @ 9561.4bf2dc71.js:2
value @ 9561.4bf2dc71.js:2
p @ 9561.4bf2dc71.js:2
(匿名) @ 5392.a94416b9.chunk.js:1
7945 @ 5392.a94416b9.chunk.js:1
n @ main.2faaeed8.js:1
35392 @ 5392.a94416b9.chunk.js:1
n @ main.2faaeed8.js:1
Promise.then
(匿名) @ main.2faaeed8.js:1
(匿名) @ 9561.4bf2dc71.js:2
Cs @ 9561.4bf2dc71.js:2
wc @ 9561.4bf2dc71.js:2
_c @ 9561.4bf2dc71.js:2
dc @ 9561.4bf2dc71.js:2
(匿名) @ 9561.4bf2dc71.js:2
t.unstable_runWithPriority @ 9561.4bf2dc71.js:2
qo @ 9561.4bf2dc71.js:2
Xo @ 9561.4bf2dc71.js:2
$o @ 9561.4bf2dc71.js:2
ic @ 9561.4bf2dc71.js:2
enqueueSetState @ 9561.4bf2dc71.js:2
b.setState @ 9561.4bf2dc71.js:2
(匿名) @ main.2faaeed8.js:1
u @ 9561.4bf2dc71.js:2
(匿名) @ 9561.4bf2dc71.js:2
(匿名) @ 9561.4bf2dc71.js:2
r @ 9561.4bf2dc71.js:2
s @ 9561.4bf2dc71.js:2
Promise.then
r @ 9561.4bf2dc71.js:2
s @ 9561.4bf2dc71.js:2
(匿名) @ 9561.4bf2dc71.js:2
(匿名) @ 9561.4bf2dc71.js:2
(匿名) @ main.2faaeed8.js:1
za @ 9561.4bf2dc71.js:2
$i @ 9561.4bf2dc71.js:2
Cs @ 9561.4bf2dc71.js:2
wc @ 9561.4bf2dc71.js:2
_c @ 9561.4bf2dc71.js:2
dc @ 9561.4bf2dc71.js:2
ic @ 9561.4bf2dc71.js:2
Gc @ 9561.4bf2dc71.js:2
(匿名) @ 9561.4bf2dc71.js:2
pc @ 9561.4bf2dc71.js:2
el @ 9561.4bf2dc71.js:2
render @ 9561.4bf2dc71.js:2
(匿名) @ main.2faaeed8.js:1
u @ 9561.4bf2dc71.js:2
(匿名) @ 9561.4bf2dc71.js:2
(匿名) @ 9561.4bf2dc71.js:2
r @ 9561.4bf2dc71.js:2
s @ 9561.4bf2dc71.js:2
Promise.then
r @ 9561.4bf2dc71.js:2
s @ 9561.4bf2dc71.js:2
(匿名) @ 9561.4bf2dc71.js:2
(匿名) @ 9561.4bf2dc71.js:2
(匿名) @ main.2faaeed8.js:1
(匿名) @ main.2faaeed8.js:1
u @ 9561.4bf2dc71.js:2
(匿名) @ 9561.4bf2dc71.js:2
(匿名) @ 9561.4bf2dc71.js:2
r @ 9561.4bf2dc71.js:2
s @ 9561.4bf2dc71.js:2
Promise.then
r @ 9561.4bf2dc71.js:2
s @ 9561.4bf2dc71.js:2
Promise.then
r @ 9561.4bf2dc71.js:2
s @ 9561.4bf2dc71.js:2
(匿名) @ 9561.4bf2dc71.js:2
(匿名) @ 9561.4bf2dc71.js:2
49209 @ main.2faaeed8.js:1
n @ main.2faaeed8.js:1
(匿名) @ main.2faaeed8.js:1
n.O @ main.2faaeed8.js:1
(匿名) @ main.2faaeed8.js:1
(匿名) @ main.2faaeed8.js:1
(匿名) @ main.2faaeed8.js:1
(匿名) @ main.2faaeed8.js:1
23:47:50.109 9561.4bf2dc71.js:2  react-intl-universal key "bd875341" not defined in zh
warningHandler @ 9561.4bf2dc71.js:2
value @ 9561.4bf2dc71.js:2
p @ 9561.4bf2dc71.js:2
(匿名) @ 5392.a94416b9.chunk.js:1
7945 @ 5392.a94416b9.chunk.js:1
n @ main.2faaeed8.js:1
35392 @ 5392.a94416b9.chunk.js:1
n @ main.2faaeed8.js:1
Promise.then
(匿名) @ main.2faaeed8.js:1
(匿名) @ 9561.4bf2dc71.js:2
Cs @ 9561.4bf2dc71.js:2
wc @ 9561.4bf2dc71.js:2
_c @ 9561.4bf2dc71.js:2
dc @ 9561.4bf2dc71.js:2
(匿名) @ 9561.4bf2dc71.js:2
t.unstable_runWithPriority @ 9561.4bf2dc71.js:2
qo @ 9561.4bf2dc71.js:2
Xo @ 9561.4bf2dc71.js:2
$o @ 9561.4bf2dc71.js:2
ic @ 9561.4bf2dc71.js:2
enqueueSetState @ 9561.4bf2dc71.js:2
b.setState @ 9561.4bf2dc71.js:2
(匿名) @ main.2faaeed8.js:1
u @ 9561.4bf2dc71.js:2
(匿名) @ 9561.4bf2dc71.js:2
(匿名) @ 9561.4bf2dc71.js:2
r @ 9561.4bf2dc71.js:2
s @ 9561.4bf2dc71.js:2
Promise.then
r @ 9561.4bf2dc71.js:2
s @ 9561.4bf2dc71.js:2
(匿名) @ 9561.4bf2dc71.js:2
(匿名) @ 9561.4bf2dc71.js:2
(匿名) @ main.2faaeed8.js:1
za @ 9561.4bf2dc71.js:2
$i @ 9561.4bf2dc71.js:2
Cs @ 9561.4bf2dc71.js:2
wc @ 9561.4bf2dc71.js:2
_c @ 9561.4bf2dc71.js:2
dc @ 9561.4bf2dc71.js:2
ic @ 9561.4bf2dc71.js:2
Gc @ 9561.4bf2dc71.js:2
(匿名) @ 9561.4bf2dc71.js:2
pc @ 9561.4bf2dc71.js:2
el @ 9561.4bf2dc71.js:2
render @ 9561.4bf2dc71.js:2
(匿名) @ main.2faaeed8.js:1
u @ 9561.4bf2dc71.js:2
(匿名) @ 9561.4bf2dc71.js:2
(匿名) @ 9561.4bf2dc71.js:2
r @ 9561.4bf2dc71.js:2
s @ 9561.4bf2dc71.js:2
Promise.then
r @ 9561.4bf2dc71.js:2
s @ 9561.4bf2dc71.js:2
(匿名) @ 9561.4bf2dc71.js:2
(匿名) @ 9561.4bf2dc71.js:2
(匿名) @ main.2faaeed8.js:1
(匿名) @ main.2faaeed8.js:1
u @ 9561.4bf2dc71.js:2
(匿名) @ 9561.4bf2dc71.js:2
(匿名) @ 9561.4bf2dc71.js:2
r @ 9561.4bf2dc71.js:2
s @ 9561.4bf2dc71.js:2
Promise.then
r @ 9561.4bf2dc71.js:2
s @ 9561.4bf2dc71.js:2
Promise.then
r @ 9561.4bf2dc71.js:2
s @ 9561.4bf2dc71.js:2
(匿名) @ 9561.4bf2dc71.js:2
(匿名) @ 9561.4bf2dc71.js:2
49209 @ main.2faaeed8.js:1
n @ main.2faaeed8.js:1
(匿名) @ main.2faaeed8.js:1
n.O @ main.2faaeed8.js:1
(匿名) @ main.2faaeed8.js:1
(匿名) @ main.2faaeed8.js:1
(匿名) @ main.2faaeed8.js:1
(匿名) @ main.2faaeed8.js:1
23:47:50.110 9561.4bf2dc71.js:2  react-intl-universal key "bd875341" not defined in zh
warningHandler @ 9561.4bf2dc71.js:2
value @ 9561.4bf2dc71.js:2
p @ 9561.4bf2dc71.js:2
(匿名) @ 5392.a94416b9.chunk.js:1
7945 @ 5392.a94416b9.chunk.js:1
n @ main.2faaeed8.js:1
35392 @ 5392.a94416b9.chunk.js:1
n @ main.2faaeed8.js:1
Promise.then
(匿名) @ main.2faaeed8.js:1
(匿名) @ 9561.4bf2dc71.js:2
Cs @ 9561.4bf2dc71.js:2
wc @ 9561.4bf2dc71.js:2
_c @ 9561.4bf2dc71.js:2
dc @ 9561.4bf2dc71.js:2
(匿名) @ 9561.4bf2dc71.js:2
t.unstable_runWithPriority @ 9561.4bf2dc71.js:2
qo @ 9561.4bf2dc71.js:2
Xo @ 9561.4bf2dc71.js:2
$o @ 9561.4bf2dc71.js:2
ic @ 9561.4bf2dc71.js:2
enqueueSetState @ 9561.4bf2dc71.js:2
b.setState @ 9561.4bf2dc71.js:2
(匿名) @ main.2faaeed8.js:1
u @ 9561.4bf2dc71.js:2
(匿名) @ 9561.4bf2dc71.js:2
(匿名) @ 9561.4bf2dc71.js:2
r @ 9561.4bf2dc71.js:2
s @ 9561.4bf2dc71.js:2
Promise.then
r @ 9561.4bf2dc71.js:2
s @ 9561.4bf2dc71.js:2
(匿名) @ 9561.4bf2dc71.js:2
(匿名) @ 9561.4bf2dc71.js:2
(匿名) @ main.2faaeed8.js:1
za @ 9561.4bf2dc71.js:2
$i @ 9561.4bf2dc71.js:2
Cs @ 9561.4bf2dc71.js:2
wc @ 9561.4bf2dc71.js:2
_c @ 9561.4bf2dc71.js:2
dc @ 9561.4bf2dc71.js:2
ic @ 9561.4bf2dc71.js:2
Gc @ 9561.4bf2dc71.js:2
(匿名) @ 9561.4bf2dc71.js:2
pc @ 9561.4bf2dc71.js:2
el @ 9561.4bf2dc71.js:2
render @ 9561.4bf2dc71.js:2
(匿名) @ main.2faaeed8.js:1
u @ 9561.4bf2dc71.js:2
(匿名) @ 9561.4bf2dc71.js:2
(匿名) @ 9561.4bf2dc71.js:2
r @ 9561.4bf2dc71.js:2
s @ 9561.4bf2dc71.js:2
Promise.then
r @ 9561.4bf2dc71.js:2
s @ 9561.4bf2dc71.js:2
(匿名) @ 9561.4bf2dc71.js:2
(匿名) @ 9561.4bf2dc71.js:2
(匿名) @ main.2faaeed8.js:1
(匿名) @ main.2faaeed8.js:1
u @ 9561.4bf2dc71.js:2
(匿名) @ 9561.4bf2dc71.js:2
(匿名) @ 9561.4bf2dc71.js:2
r @ 9561.4bf2dc71.js:2
s @ 9561.4bf2dc71.js:2
Promise.then
r @ 9561.4bf2dc71.js:2
s @ 9561.4bf2dc71.js:2
Promise.then
r @ 9561.4bf2dc71.js:2
s @ 9561.4bf2dc71.js:2
(匿名) @ 9561.4bf2dc71.js:2
(匿名) @ 9561.4bf2dc71.js:2
49209 @ main.2faaeed8.js:1
n @ main.2faaeed8.js:1
(匿名) @ main.2faaeed8.js:1
n.O @ main.2faaeed8.js:1
(匿名) @ main.2faaeed8.js:1
(匿名) @ main.2faaeed8.js:1
(匿名) @ main.2faaeed8.js:1
(匿名) @ main.2faaeed8.js:1
23:47:50.116 5392.a94416b9.chunk.js:1 {id: 'D53266CD26494BF298F2DF1BC25BF0BC'} 'paramsparamsparamsparams'
23:47:50.123 main.2faaeed8.js:1 showSearch true
23:47:50.128 log.ts:179 [debug 23:47:50 ] 拦截到HTTP请求: /learn/app/clientapi/studymap/queryStudymapGate.do?studymapId=D53266CD26494BF298F2DF1BC25BF0BC&os=99&sid=5397039584D145B7AB47EED180FF5ED9
23:47:50.128 log.ts:179 [debug 23:47:50 ] 匹配到钩子: queryStudymapGate.do
23:47:50.337 9561.4bf2dc71.js:2 div
23:47:50.337 9561.4bf2dc71.js:2 由于“保留日志”的原因，已阻止console.clear()
23:47:50.337 9561.4bf2dc71.js:2 ƒ l(){}
23:47:50.337 9561.4bf2dc71.js:2 由于“保留日志”的原因，已阻止console.clear()
23:47:50.337 9561.4bf2dc71.js:2 (索引)toStringlastIndexdotAllflagsglobalhasIndicesignoreCasemultilinesourcestickyunicodeunicodeSets(索引)toStringlastIndexdotAllflagsglobalhasIndicesignoreCasemultilinesourcestickyunicodeunicodeSetsdepƒ0false''falsefalsefalsefalse' 'falsefalsefalseObject
23:47:50.337 9561.4bf2dc71.js:2 由于“保留日志”的原因，已阻止console.clear()
23:47:50.337 9561.4bf2dc71.js:2 Thu Mar 12 2026 23:47:49 GMT+0800 (中国标准时间)
23:47:50.337 9561.4bf2dc71.js:2 由于“保留日志”的原因，已阻止console.clear()
23:47:50.338 9561.4bf2dc71.js:2 {}
23:47:50.338 9561.4bf2dc71.js:2 由于“保留日志”的原因，已阻止console.clear()
23:47:50.353 log.ts:179 [debug 23:47:50 ] 原始响应数据 {code: 0, body: Array(3), message: '成功'}
23:47:50.353 log.ts:179 [debug 23:47:50 ] 自我管理 0 当前关卡
23:47:50.353 log.ts:179 [debug 23:47:50 ] 专业管理 1 当前关卡
23:47:50.353 log.ts:179 [debug 23:47:50 ] 人际管理 2 当前关卡
23:47:50.353 log.ts:179 [debug 23:47:50 ] 成功拦截课程数据 {courseCount: 0, gateName: '自我管理'}
23:47:50.353 log.ts:179 [debug 23:47:50 ] 筛选的结果数据 {gateName: '自我管理', gateNameIndex: 0, status: 3, finishTaskNum: 1, taskNum: 3}
23:47:50.354 log.ts:179 [debug 23:47:50 ] 注册HTTP钩子: queryStudymapGateTask.do
23:47:50.355 main.2faaeed8.js:1 showSearch true
23:47:50.357 main.2faaeed8.js:1 showSearch true
23:47:50.360 log.ts:179 [debug 23:47:50 ] 拦截到HTTP请求: /learn/app/clientapi/studymap/queryStudymapGateTask.do?studymapId=D53266CD26494BF298F2DF1BC25BF0BC&studymapGateId=9877233CAA5F4283A173D64E23EFCD6E&os=99&sid=5397039584D145B7AB47EED180FF5ED9
23:47:50.360 log.ts:179 [debug 23:47:50 ] 匹配到钩子: queryStudymapGateTask.do
23:47:50.551 log.ts:179 [debug 23:47:50 ] 原始响应数据queryStudymapGateTask {code: 0, body: {…}, message: '成功'}
23:47:50.551 log.ts:179 [debug 23:47:50 ] 成功拦截课程任务数据queryStudymapGateTask {taskCount: 0, taskName: '高效处理业务难题', taskId: 'N002564'}
23:47:50.552 main.2faaeed8.js:1 showSearch true
23:47:50.555 9561.4bf2dc71.js:2  react-intl-universal key "012fdd99" not defined in zh
warningHandler @ 9561.4bf2dc71.js:2
value @ 9561.4bf2dc71.js:2
p @ 9561.4bf2dc71.js:2
l.newItem @ 5392.a94416b9.chunk.js:1
value @ 5392.a94416b9.chunk.js:1
Xi @ 9561.4bf2dc71.js:2
$i @ 9561.4bf2dc71.js:2
Cs @ 9561.4bf2dc71.js:2
wc @ 9561.4bf2dc71.js:2
_c @ 9561.4bf2dc71.js:2
dc @ 9561.4bf2dc71.js:2
(匿名) @ 9561.4bf2dc71.js:2
t.unstable_runWithPriority @ 9561.4bf2dc71.js:2
qo @ 9561.4bf2dc71.js:2
Xo @ 9561.4bf2dc71.js:2
$o @ 9561.4bf2dc71.js:2
ic @ 9561.4bf2dc71.js:2
enqueueSetState @ 9561.4bf2dc71.js:2
b.setState @ 9561.4bf2dc71.js:2
(匿名) @ 5392.a94416b9.chunk.js:1
u @ 9561.4bf2dc71.js:2
(匿名) @ 9561.4bf2dc71.js:2
(匿名) @ 9561.4bf2dc71.js:2
r @ 9561.4bf2dc71.js:2
s @ 9561.4bf2dc71.js:2
Promise.then
r @ 9561.4bf2dc71.js:2
s @ 9561.4bf2dc71.js:2
Promise.then
r @ 9561.4bf2dc71.js:2
s @ 9561.4bf2dc71.js:2
(匿名) @ 9561.4bf2dc71.js:2
(匿名) @ 9561.4bf2dc71.js:2
value @ 5392.a94416b9.chunk.js:1
Ec @ 9561.4bf2dc71.js:2
t.unstable_runWithPriority @ 9561.4bf2dc71.js:2
qo @ 9561.4bf2dc71.js:2
kc @ 9561.4bf2dc71.js:2
dc @ 9561.4bf2dc71.js:2
(匿名) @ 9561.4bf2dc71.js:2
t.unstable_runWithPriority @ 9561.4bf2dc71.js:2
qo @ 9561.4bf2dc71.js:2
Xo @ 9561.4bf2dc71.js:2
j @ 9561.4bf2dc71.js:2
M.port1.onmessage @ 9561.4bf2dc71.js:2
23:47:50.555 9561.4bf2dc71.js:2  react-intl-universal key "012fdd99" not defined in zh
warningHandler @ 9561.4bf2dc71.js:2
value @ 9561.4bf2dc71.js:2
p @ 9561.4bf2dc71.js:2
l.newItem @ 5392.a94416b9.chunk.js:1
value @ 5392.a94416b9.chunk.js:1
Xi @ 9561.4bf2dc71.js:2
$i @ 9561.4bf2dc71.js:2
Cs @ 9561.4bf2dc71.js:2
wc @ 9561.4bf2dc71.js:2
_c @ 9561.4bf2dc71.js:2
dc @ 9561.4bf2dc71.js:2
(匿名) @ 9561.4bf2dc71.js:2
t.unstable_runWithPriority @ 9561.4bf2dc71.js:2
qo @ 9561.4bf2dc71.js:2
Xo @ 9561.4bf2dc71.js:2
$o @ 9561.4bf2dc71.js:2
ic @ 9561.4bf2dc71.js:2
enqueueSetState @ 9561.4bf2dc71.js:2
b.setState @ 9561.4bf2dc71.js:2
(匿名) @ 5392.a94416b9.chunk.js:1
u @ 9561.4bf2dc71.js:2
(匿名) @ 9561.4bf2dc71.js:2
(匿名) @ 9561.4bf2dc71.js:2
r @ 9561.4bf2dc71.js:2
s @ 9561.4bf2dc71.js:2
Promise.then
r @ 9561.4bf2dc71.js:2
s @ 9561.4bf2dc71.js:2
Promise.then
r @ 9561.4bf2dc71.js:2
s @ 9561.4bf2dc71.js:2
(匿名) @ 9561.4bf2dc71.js:2
(匿名) @ 9561.4bf2dc71.js:2
value @ 5392.a94416b9.chunk.js:1
Ec @ 9561.4bf2dc71.js:2
t.unstable_runWithPriority @ 9561.4bf2dc71.js:2
qo @ 9561.4bf2dc71.js:2
kc @ 9561.4bf2dc71.js:2
dc @ 9561.4bf2dc71.js:2
(匿名) @ 9561.4bf2dc71.js:2
t.unstable_runWithPriority @ 9561.4bf2dc71.js:2
qo @ 9561.4bf2dc71.js:2
Xo @ 9561.4bf2dc71.js:2
j @ 9561.4bf2dc71.js:2
M.port1.onmessage @ 9561.4bf2dc71.js:2
23:47:50.555 9561.4bf2dc71.js:2  react-intl-universal key "012fdd99" not defined in zh
warningHandler @ 9561.4bf2dc71.js:2
value @ 9561.4bf2dc71.js:2
p @ 9561.4bf2dc71.js:2
l.newItem @ 5392.a94416b9.chunk.js:1
value @ 5392.a94416b9.chunk.js:1
Xi @ 9561.4bf2dc71.js:2
$i @ 9561.4bf2dc71.js:2
Cs @ 9561.4bf2dc71.js:2
wc @ 9561.4bf2dc71.js:2
_c @ 9561.4bf2dc71.js:2
dc @ 9561.4bf2dc71.js:2
(匿名) @ 9561.4bf2dc71.js:2
t.unstable_runWithPriority @ 9561.4bf2dc71.js:2
qo @ 9561.4bf2dc71.js:2
Xo @ 9561.4bf2dc71.js:2
$o @ 9561.4bf2dc71.js:2
ic @ 9561.4bf2dc71.js:2
enqueueSetState @ 9561.4bf2dc71.js:2
b.setState @ 9561.4bf2dc71.js:2
(匿名) @ 5392.a94416b9.chunk.js:1
u @ 9561.4bf2dc71.js:2
(匿名) @ 9561.4bf2dc71.js:2
(匿名) @ 9561.4bf2dc71.js:2
r @ 9561.4bf2dc71.js:2
s @ 9561.4bf2dc71.js:2
Promise.then
r @ 9561.4bf2dc71.js:2
s @ 9561.4bf2dc71.js:2
Promise.then
r @ 9561.4bf2dc71.js:2
s @ 9561.4bf2dc71.js:2
(匿名) @ 9561.4bf2dc71.js:2
(匿名) @ 9561.4bf2dc71.js:2
value @ 5392.a94416b9.chunk.js:1
Ec @ 9561.4bf2dc71.js:2
t.unstable_runWithPriority @ 9561.4bf2dc71.js:2
qo @ 9561.4bf2dc71.js:2
kc @ 9561.4bf2dc71.js:2
dc @ 9561.4bf2dc71.js:2
(匿名) @ 9561.4bf2dc71.js:2
t.unstable_runWithPriority @ 9561.4bf2dc71.js:2
qo @ 9561.4bf2dc71.js:2
Xo @ 9561.4bf2dc71.js:2
j @ 9561.4bf2dc71.js:2
M.port1.onmessage @ 9561.4bf2dc71.js:2
23:47:50.846 9561.4bf2dc71.js:2 div
23:47:50.846 9561.4bf2dc71.js:2 由于“保留日志”的原因，已阻止console.clear()
23:47:50.847 9561.4bf2dc71.js:2 ƒ l(){}
23:47:50.847 9561.4bf2dc71.js:2 由于“保留日志”的原因，已阻止console.clear()
23:47:50.847 9561.4bf2dc71.js:2 (索引)toStringlastIndexdotAllflagsglobalhasIndicesignoreCasemultilinesourcestickyunicodeunicodeSets(索引)toStringlastIndexdotAllflagsglobalhasIndicesignoreCasemultilinesourcestickyunicodeunicodeSetsdepƒ0false''falsefalsefalsefalse' 'falsefalsefalseObject
23:47:50.848 9561.4bf2dc71.js:2 由于“保留日志”的原因，已阻止console.clear()
23:47:50.849 9561.4bf2dc71.js:2 Thu Mar 12 2026 23:47:49 GMT+0800 (中国标准时间)
23:47:50.849 9561.4bf2dc71.js:2 由于“保留日志”的原因，已阻止console.clear()
23:47:50.849 9561.4bf2dc71.js:2 {}
23:47:50.850 9561.4bf2dc71.js:2 由于“保留日志”的原因，已阻止console.clear()
23:47:51.067 main.2faaeed8.js:1 showSearch true
23:47:51.072 9561.4bf2dc71.js:2  react-intl-universal key "012fdd99" not defined in zh
warningHandler @ 9561.4bf2dc71.js:2
value @ 9561.4bf2dc71.js:2
p @ 9561.4bf2dc71.js:2
l.newItem @ 5392.a94416b9.chunk.js:1
value @ 5392.a94416b9.chunk.js:1
Xi @ 9561.4bf2dc71.js:2
$i @ 9561.4bf2dc71.js:2
Cs @ 9561.4bf2dc71.js:2
wc @ 9561.4bf2dc71.js:2
_c @ 9561.4bf2dc71.js:2
dc @ 9561.4bf2dc71.js:2
(匿名) @ 9561.4bf2dc71.js:2
t.unstable_runWithPriority @ 9561.4bf2dc71.js:2
qo @ 9561.4bf2dc71.js:2
Xo @ 9561.4bf2dc71.js:2
$o @ 9561.4bf2dc71.js:2
se @ 9561.4bf2dc71.js:2
Tn @ 9561.4bf2dc71.js:2
eval @ studyMap.ts:88
eval @ studyMap.ts:8
__awaiter @ studyMap.ts:4
eval @ studyMap.ts:74
setInterval
setInterval @ utils.ts:187
eval @ studyMap.ts:74
eval @ studyMap.ts:73
eval @ studyMap.ts:8
__awaiter @ studyMap.ts:4
setupCurrentLevelButton @ studyMap.ts:72
eval @ studyMap.ts:47
fulfilled @ studyMap.ts:5
Promise.then
step @ studyMap.ts:7
fulfilled @ studyMap.ts:5
Promise.then
step @ studyMap.ts:7
eval @ studyMap.ts:8
__awaiter @ studyMap.ts:4
eval @ studyMap.ts:39
Init @ studyMap.ts:39
eval @ mooc.ts:29
eval @ mooc.ts:8
__awaiter @ mooc.ts:4
start @ mooc.ts:22
run @ application.ts:44
eval @ mooc.ts:31
./src/mooc.ts @ VM739:490
__webpack_require__ @ VM739:694
(匿名) @ VM739:718
(匿名) @ VM739:720
Injected @ utils.ts:173
eval @ start.ts:34
xmlhttp.onreadystatechange @ utils.ts:239
PendingScript
Injected @ utils.ts:173
eval @ start.ts:34
xmlhttp.onreadystatechange @ utils.ts:239
XMLHttpRequest.send
get @ utils.ts:246
eval @ start.ts:33
fulfilled @ start.ts:5
Promise.then
step @ start.ts:7
eval @ start.ts:8
__awaiter @ start.ts:4
start @ start.ts:29
run @ application.ts:44
eval @ start.ts:83
fulfilled @ start.ts:5
Promise.then
step @ start.ts:7
eval @ start.ts:8
__awaiter @ start.ts:4
init @ start.ts:80
eval @ start.ts:86
./src/start.ts @ start.js:85
__webpack_require__ @ start.js:125
(匿名) @ start.js:136
(匿名) @ start.js:138
23:47:51.072 9561.4bf2dc71.js:2  react-intl-universal key "012fdd99" not defined in zh
warningHandler @ 9561.4bf2dc71.js:2
value @ 9561.4bf2dc71.js:2
p @ 9561.4bf2dc71.js:2
l.newItem @ 5392.a94416b9.chunk.js:1
value @ 5392.a94416b9.chunk.js:1
Xi @ 9561.4bf2dc71.js:2
$i @ 9561.4bf2dc71.js:2
Cs @ 9561.4bf2dc71.js:2
wc @ 9561.4bf2dc71.js:2
_c @ 9561.4bf2dc71.js:2
dc @ 9561.4bf2dc71.js:2
(匿名) @ 9561.4bf2dc71.js:2
t.unstable_runWithPriority @ 9561.4bf2dc71.js:2
qo @ 9561.4bf2dc71.js:2
Xo @ 9561.4bf2dc71.js:2
$o @ 9561.4bf2dc71.js:2
se @ 9561.4bf2dc71.js:2
Tn @ 9561.4bf2dc71.js:2
eval @ studyMap.ts:88
eval @ studyMap.ts:8
__awaiter @ studyMap.ts:4
eval @ studyMap.ts:74
setInterval
setInterval @ utils.ts:187
eval @ studyMap.ts:74
eval @ studyMap.ts:73
eval @ studyMap.ts:8
__awaiter @ studyMap.ts:4
setupCurrentLevelButton @ studyMap.ts:72
eval @ studyMap.ts:47
fulfilled @ studyMap.ts:5
Promise.then
step @ studyMap.ts:7
fulfilled @ studyMap.ts:5
Promise.then
step @ studyMap.ts:7
eval @ studyMap.ts:8
__awaiter @ studyMap.ts:4
eval @ studyMap.ts:39
Init @ studyMap.ts:39
eval @ mooc.ts:29
eval @ mooc.ts:8
__awaiter @ mooc.ts:4
start @ mooc.ts:22
run @ application.ts:44
eval @ mooc.ts:31
./src/mooc.ts @ VM739:490
__webpack_require__ @ VM739:694
(匿名) @ VM739:718
(匿名) @ VM739:720
Injected @ utils.ts:173
eval @ start.ts:34
xmlhttp.onreadystatechange @ utils.ts:239
PendingScript
Injected @ utils.ts:173
eval @ start.ts:34
xmlhttp.onreadystatechange @ utils.ts:239
XMLHttpRequest.send
get @ utils.ts:246
eval @ start.ts:33
fulfilled @ start.ts:5
Promise.then
step @ start.ts:7
eval @ start.ts:8
__awaiter @ start.ts:4
start @ start.ts:29
run @ application.ts:44
eval @ start.ts:83
fulfilled @ start.ts:5
Promise.then
step @ start.ts:7
eval @ start.ts:8
__awaiter @ start.ts:4
init @ start.ts:80
eval @ start.ts:86
./src/start.ts @ start.js:85
__webpack_require__ @ start.js:125
(匿名) @ start.js:136
(匿名) @ start.js:138
23:47:51.073 9561.4bf2dc71.js:2  react-intl-universal key "012fdd99" not defined in zh
warningHandler @ 9561.4bf2dc71.js:2
value @ 9561.4bf2dc71.js:2
p @ 9561.4bf2dc71.js:2
l.newItem @ 5392.a94416b9.chunk.js:1
value @ 5392.a94416b9.chunk.js:1
Xi @ 9561.4bf2dc71.js:2
$i @ 9561.4bf2dc71.js:2
Cs @ 9561.4bf2dc71.js:2
wc @ 9561.4bf2dc71.js:2
_c @ 9561.4bf2dc71.js:2
dc @ 9561.4bf2dc71.js:2
(匿名) @ 9561.4bf2dc71.js:2
t.unstable_runWithPriority @ 9561.4bf2dc71.js:2
qo @ 9561.4bf2dc71.js:2
Xo @ 9561.4bf2dc71.js:2
$o @ 9561.4bf2dc71.js:2
se @ 9561.4bf2dc71.js:2
Tn @ 9561.4bf2dc71.js:2
eval @ studyMap.ts:88
eval @ studyMap.ts:8
__awaiter @ studyMap.ts:4
eval @ studyMap.ts:74
setInterval
setInterval @ utils.ts:187
eval @ studyMap.ts:74
eval @ studyMap.ts:73
eval @ studyMap.ts:8
__awaiter @ studyMap.ts:4
setupCurrentLevelButton @ studyMap.ts:72
eval @ studyMap.ts:47
fulfilled @ studyMap.ts:5
Promise.then
step @ studyMap.ts:7
fulfilled @ studyMap.ts:5
Promise.then
step @ studyMap.ts:7
eval @ studyMap.ts:8
__awaiter @ studyMap.ts:4
eval @ studyMap.ts:39
Init @ studyMap.ts:39
eval @ mooc.ts:29
eval @ mooc.ts:8
__awaiter @ mooc.ts:4
start @ mooc.ts:22
run @ application.ts:44
eval @ mooc.ts:31
./src/mooc.ts @ VM739:490
__webpack_require__ @ VM739:694
(匿名) @ VM739:718
(匿名) @ VM739:720
Injected @ utils.ts:173
eval @ start.ts:34
xmlhttp.onreadystatechange @ utils.ts:239
PendingScript
Injected @ utils.ts:173
eval @ start.ts:34
xmlhttp.onreadystatechange @ utils.ts:239
XMLHttpRequest.send
get @ utils.ts:246
eval @ start.ts:33
fulfilled @ start.ts:5
Promise.then
step @ start.ts:7
eval @ start.ts:8
__awaiter @ start.ts:4
start @ start.ts:29
run @ application.ts:44
eval @ start.ts:83
fulfilled @ start.ts:5
Promise.then
step @ start.ts:7
eval @ start.ts:8
__awaiter @ start.ts:4
init @ start.ts:80
eval @ start.ts:86
./src/start.ts @ start.js:85
__webpack_require__ @ start.js:125
(匿名) @ start.js:136
(匿名) @ start.js:138
23:47:51.075 log.ts:179 [debug 23:47:51 ] <li class=​"MuiListItem-root jss122 jss123 MuiListItem-gutters MuiListItem-alignItemsFlexStart" style=​"padding-left:​ 20px;​ padding-top:​ 20px;​ padding-bottom:​ 20px;​ cursor:​ pointer;​">​…​</li>​flex init当前按钮 第 1 关
23:47:51.076 log.ts:179 [debug 23:47:51 ] 拦截到HTTP请求: /learn/app/clientapi/studymap/queryStudymapGateTask.do?studymapId=D53266CD26494BF298F2DF1BC25BF0BC&studymapGateId=6B5BBB02E4DA4A159FA5DAECCEBCC32A&os=99&sid=5397039584D145B7AB47EED180FF5ED9
23:47:51.076 log.ts:179 [debug 23:47:51 ] 匹配到钩子: queryStudymapGateTask.do
23:47:51.076 log.ts:179 [debug 23:47:51 ] zsglStudyMap开始初始化任务 zsgl_task_N002564
23:47:51.077 log.ts:179 [debug 23:47:51 ] 拦截请求完成hookStudymapGateTaskRequests {coursewareType: 0, isObligatory: 1, isRemove: 0, resourceId: 'N002564', resourceImage: 'https://zsglcdn.lzlj.com/learn/app/filehub/0001/fo…1DF0BD8C157F/195903a8fb0c403b975a21dcdade6dcd.jpg', …}
23:47:51.077 log.ts:179 [debug 23:47:51 ] Application.App.config.auto true
23:47:51.077 mooc.ts:30 mooc初始化完成 ZsglStudyMap {event: {…}, timerManager: TimerManager, studyMapData: {…}, gateTaskData: {…}}
23:47:51.077 mooc.ts:31 undefined 'mooc.Next'
23:47:51.330 main.2faaeed8.js:1 showSearch true
23:47:51.332 9561.4bf2dc71.js:2  react-intl-universal key "012fdd99" not defined in zh
warningHandler @ 9561.4bf2dc71.js:2
value @ 9561.4bf2dc71.js:2
p @ 9561.4bf2dc71.js:2
l.newItem @ 5392.a94416b9.chunk.js:1
value @ 5392.a94416b9.chunk.js:1
Xi @ 9561.4bf2dc71.js:2
$i @ 9561.4bf2dc71.js:2
Cs @ 9561.4bf2dc71.js:2
wc @ 9561.4bf2dc71.js:2
_c @ 9561.4bf2dc71.js:2
dc @ 9561.4bf2dc71.js:2
(匿名) @ 9561.4bf2dc71.js:2
t.unstable_runWithPriority @ 9561.4bf2dc71.js:2
qo @ 9561.4bf2dc71.js:2
Xo @ 9561.4bf2dc71.js:2
$o @ 9561.4bf2dc71.js:2
ic @ 9561.4bf2dc71.js:2
enqueueSetState @ 9561.4bf2dc71.js:2
b.setState @ 9561.4bf2dc71.js:2
n.g.$showLoading @ main.2faaeed8.js:1
(匿名) @ 5392.a94416b9.chunk.js:1
u @ 9561.4bf2dc71.js:2
(匿名) @ 9561.4bf2dc71.js:2
(匿名) @ 9561.4bf2dc71.js:2
r @ 9561.4bf2dc71.js:2
s @ 9561.4bf2dc71.js:2
Promise.then
r @ 9561.4bf2dc71.js:2
s @ 9561.4bf2dc71.js:2
(匿名) @ 9561.4bf2dc71.js:2
(匿名) @ 9561.4bf2dc71.js:2
(匿名) @ 5392.a94416b9.chunk.js:1
setGate @ 5392.a94416b9.chunk.js:1
onClick @ 5392.a94416b9.chunk.js:1
m @ 9561.4bf2dc71.js:2
w @ 9561.4bf2dc71.js:2
(匿名) @ 9561.4bf2dc71.js:2
E @ 9561.4bf2dc71.js:2
C @ 9561.4bf2dc71.js:2
S @ 9561.4bf2dc71.js:2
D @ 9561.4bf2dc71.js:2
kn @ 9561.4bf2dc71.js:2
le @ 9561.4bf2dc71.js:2
Dn @ 9561.4bf2dc71.js:2
zn @ 9561.4bf2dc71.js:2
An @ 9561.4bf2dc71.js:2
t.unstable_runWithPriority @ 9561.4bf2dc71.js:2
qo @ 9561.4bf2dc71.js:2
se @ 9561.4bf2dc71.js:2
Tn @ 9561.4bf2dc71.js:2
eval @ studyMap.ts:88
eval @ studyMap.ts:8
__awaiter @ studyMap.ts:4
eval @ studyMap.ts:74
setInterval
setInterval @ utils.ts:187
eval @ studyMap.ts:74
eval @ studyMap.ts:73
eval @ studyMap.ts:8
__awaiter @ studyMap.ts:4
setupCurrentLevelButton @ studyMap.ts:72
eval @ studyMap.ts:47
fulfilled @ studyMap.ts:5
Promise.then
step @ studyMap.ts:7
fulfilled @ studyMap.ts:5
Promise.then
step @ studyMap.ts:7
eval @ studyMap.ts:8
__awaiter @ studyMap.ts:4
eval @ studyMap.ts:39
Init @ studyMap.ts:39
eval @ mooc.ts:29
eval @ mooc.ts:8
__awaiter @ mooc.ts:4
start @ mooc.ts:22
run @ application.ts:44
eval @ mooc.ts:31
./src/mooc.ts @ VM739:490
__webpack_require__ @ VM739:694
(匿名) @ VM739:718
(匿名) @ VM739:720
Injected @ utils.ts:173
eval @ start.ts:34
xmlhttp.onreadystatechange @ utils.ts:239
PendingScript
Injected @ utils.ts:173
eval @ start.ts:34
xmlhttp.onreadystatechange @ utils.ts:239
XMLHttpRequest.send
get @ utils.ts:246
eval @ start.ts:33
fulfilled @ start.ts:5
Promise.then
step @ start.ts:7
eval @ start.ts:8
__awaiter @ start.ts:4
start @ start.ts:29
run @ application.ts:44
eval @ start.ts:83
fulfilled @ start.ts:5
Promise.then
step @ start.ts:7
eval @ start.ts:8
__awaiter @ start.ts:4
init @ start.ts:80
eval @ start.ts:86
./src/start.ts @ start.js:85
__webpack_require__ @ start.js:125
(匿名) @ start.js:136
(匿名) @ start.js:138
23:47:51.333 9561.4bf2dc71.js:2  react-intl-universal key "012fdd99" not defined in zh
warningHandler @ 9561.4bf2dc71.js:2
value @ 9561.4bf2dc71.js:2
p @ 9561.4bf2dc71.js:2
l.newItem @ 5392.a94416b9.chunk.js:1
value @ 5392.a94416b9.chunk.js:1
Xi @ 9561.4bf2dc71.js:2
$i @ 9561.4bf2dc71.js:2
Cs @ 9561.4bf2dc71.js:2
wc @ 9561.4bf2dc71.js:2
_c @ 9561.4bf2dc71.js:2
dc @ 9561.4bf2dc71.js:2
(匿名) @ 9561.4bf2dc71.js:2
t.unstable_runWithPriority @ 9561.4bf2dc71.js:2
qo @ 9561.4bf2dc71.js:2
Xo @ 9561.4bf2dc71.js:2
$o @ 9561.4bf2dc71.js:2
ic @ 9561.4bf2dc71.js:2
enqueueSetState @ 9561.4bf2dc71.js:2
b.setState @ 9561.4bf2dc71.js:2
n.g.$showLoading @ main.2faaeed8.js:1
(匿名) @ 5392.a94416b9.chunk.js:1
u @ 9561.4bf2dc71.js:2
(匿名) @ 9561.4bf2dc71.js:2
(匿名) @ 9561.4bf2dc71.js:2
r @ 9561.4bf2dc71.js:2
s @ 9561.4bf2dc71.js:2
Promise.then
r @ 9561.4bf2dc71.js:2
s @ 9561.4bf2dc71.js:2
(匿名) @ 9561.4bf2dc71.js:2
(匿名) @ 9561.4bf2dc71.js:2
(匿名) @ 5392.a94416b9.chunk.js:1
setGate @ 5392.a94416b9.chunk.js:1
onClick @ 5392.a94416b9.chunk.js:1
m @ 9561.4bf2dc71.js:2
w @ 9561.4bf2dc71.js:2
(匿名) @ 9561.4bf2dc71.js:2
E @ 9561.4bf2dc71.js:2
C @ 9561.4bf2dc71.js:2
S @ 9561.4bf2dc71.js:2
D @ 9561.4bf2dc71.js:2
kn @ 9561.4bf2dc71.js:2
le @ 9561.4bf2dc71.js:2
Dn @ 9561.4bf2dc71.js:2
zn @ 9561.4bf2dc71.js:2
An @ 9561.4bf2dc71.js:2
t.unstable_runWithPriority @ 9561.4bf2dc71.js:2
qo @ 9561.4bf2dc71.js:2
se @ 9561.4bf2dc71.js:2
Tn @ 9561.4bf2dc71.js:2
eval @ studyMap.ts:88
eval @ studyMap.ts:8
__awaiter @ studyMap.ts:4
eval @ studyMap.ts:74
setInterval
setInterval @ utils.ts:187
eval @ studyMap.ts:74
eval @ studyMap.ts:73
eval @ studyMap.ts:8
__awaiter @ studyMap.ts:4
setupCurrentLevelButton @ studyMap.ts:72
eval @ studyMap.ts:47
fulfilled @ studyMap.ts:5
Promise.then
step @ studyMap.ts:7
fulfilled @ studyMap.ts:5
Promise.then
step @ studyMap.ts:7
eval @ studyMap.ts:8
__awaiter @ studyMap.ts:4
eval @ studyMap.ts:39
Init @ studyMap.ts:39
eval @ mooc.ts:29
eval @ mooc.ts:8
__awaiter @ mooc.ts:4
start @ mooc.ts:22
run @ application.ts:44
eval @ mooc.ts:31
./src/mooc.ts @ VM739:490
__webpack_require__ @ VM739:694
(匿名) @ VM739:718
(匿名) @ VM739:720
Injected @ utils.ts:173
eval @ start.ts:34
xmlhttp.onreadystatechange @ utils.ts:239
PendingScript
Injected @ utils.ts:173
eval @ start.ts:34
xmlhttp.onreadystatechange @ utils.ts:239
XMLHttpRequest.send
get @ utils.ts:246
eval @ start.ts:33
fulfilled @ start.ts:5
Promise.then
step @ start.ts:7
eval @ start.ts:8
__awaiter @ start.ts:4
start @ start.ts:29
run @ application.ts:44
eval @ start.ts:83
fulfilled @ start.ts:5
Promise.then
step @ start.ts:7
eval @ start.ts:8
__awaiter @ start.ts:4
init @ start.ts:80
eval @ start.ts:86
./src/start.ts @ start.js:85
__webpack_require__ @ start.js:125
(匿名) @ start.js:136
(匿名) @ start.js:138
23:47:51.333 9561.4bf2dc71.js:2  react-intl-universal key "012fdd99" not defined in zh
warningHandler @ 9561.4bf2dc71.js:2
value @ 9561.4bf2dc71.js:2
p @ 9561.4bf2dc71.js:2
l.newItem @ 5392.a94416b9.chunk.js:1
value @ 5392.a94416b9.chunk.js:1
Xi @ 9561.4bf2dc71.js:2
$i @ 9561.4bf2dc71.js:2
Cs @ 9561.4bf2dc71.js:2
wc @ 9561.4bf2dc71.js:2
_c @ 9561.4bf2dc71.js:2
dc @ 9561.4bf2dc71.js:2
(匿名) @ 9561.4bf2dc71.js:2
t.unstable_runWithPriority @ 9561.4bf2dc71.js:2
qo @ 9561.4bf2dc71.js:2
Xo @ 9561.4bf2dc71.js:2
$o @ 9561.4bf2dc71.js:2
ic @ 9561.4bf2dc71.js:2
enqueueSetState @ 9561.4bf2dc71.js:2
b.setState @ 9561.4bf2dc71.js:2
n.g.$showLoading @ main.2faaeed8.js:1
(匿名) @ 5392.a94416b9.chunk.js:1
u @ 9561.4bf2dc71.js:2
(匿名) @ 9561.4bf2dc71.js:2
(匿名) @ 9561.4bf2dc71.js:2
r @ 9561.4bf2dc71.js:2
s @ 9561.4bf2dc71.js:2
Promise.then
r @ 9561.4bf2dc71.js:2
s @ 9561.4bf2dc71.js:2
(匿名) @ 9561.4bf2dc71.js:2
(匿名) @ 9561.4bf2dc71.js:2
(匿名) @ 5392.a94416b9.chunk.js:1
setGate @ 5392.a94416b9.chunk.js:1
onClick @ 5392.a94416b9.chunk.js:1
m @ 9561.4bf2dc71.js:2
w @ 9561.4bf2dc71.js:2
(匿名) @ 9561.4bf2dc71.js:2
E @ 9561.4bf2dc71.js:2
C @ 9561.4bf2dc71.js:2
S @ 9561.4bf2dc71.js:2
D @ 9561.4bf2dc71.js:2
kn @ 9561.4bf2dc71.js:2
le @ 9561.4bf2dc71.js:2
Dn @ 9561.4bf2dc71.js:2
zn @ 9561.4bf2dc71.js:2
An @ 9561.4bf2dc71.js:2
t.unstable_runWithPriority @ 9561.4bf2dc71.js:2
qo @ 9561.4bf2dc71.js:2
se @ 9561.4bf2dc71.js:2
Tn @ 9561.4bf2dc71.js:2
eval @ studyMap.ts:88
eval @ studyMap.ts:8
__awaiter @ studyMap.ts:4
eval @ studyMap.ts:74
setInterval
setInterval @ utils.ts:187
eval @ studyMap.ts:74
eval @ studyMap.ts:73
eval @ studyMap.ts:8
__awaiter @ studyMap.ts:4
setupCurrentLevelButton @ studyMap.ts:72
eval @ studyMap.ts:47
fulfilled @ studyMap.ts:5
Promise.then
step @ studyMap.ts:7
fulfilled @ studyMap.ts:5
Promise.then
step @ studyMap.ts:7
eval @ studyMap.ts:8
__awaiter @ studyMap.ts:4
eval @ studyMap.ts:39
Init @ studyMap.ts:39
eval @ mooc.ts:29
eval @ mooc.ts:8
__awaiter @ mooc.ts:4
start @ mooc.ts:22
run @ application.ts:44
eval @ mooc.ts:31
./src/mooc.ts @ VM739:490
__webpack_require__ @ VM739:694
(匿名) @ VM739:718
(匿名) @ VM739:720
Injected @ utils.ts:173
eval @ start.ts:34
xmlhttp.onreadystatechange @ utils.ts:239
PendingScript
Injected @ utils.ts:173
eval @ start.ts:34
xmlhttp.onreadystatechange @ utils.ts:239
XMLHttpRequest.send
get @ utils.ts:246
eval @ start.ts:33
fulfilled @ start.ts:5
Promise.then
step @ start.ts:7
eval @ start.ts:8
__awaiter @ start.ts:4
start @ start.ts:29
run @ application.ts:44
eval @ start.ts:83
fulfilled @ start.ts:5
Promise.then
step @ start.ts:7
eval @ start.ts:8
__awaiter @ start.ts:4
init @ start.ts:80
eval @ start.ts:86
./src/start.ts @ start.js:85
__webpack_require__ @ start.js:125
(匿名) @ start.js:136
(匿名) @ start.js:138
23:47:51.334 9561.4bf2dc71.js:2  react-intl-universal key "012fdd99" not defined in zh
warningHandler @ 9561.4bf2dc71.js:2
value @ 9561.4bf2dc71.js:2
p @ 9561.4bf2dc71.js:2
l.newItem @ 5392.a94416b9.chunk.js:1
value @ 5392.a94416b9.chunk.js:1
Xi @ 9561.4bf2dc71.js:2
$i @ 9561.4bf2dc71.js:2
Cs @ 9561.4bf2dc71.js:2
wc @ 9561.4bf2dc71.js:2
_c @ 9561.4bf2dc71.js:2
dc @ 9561.4bf2dc71.js:2
(匿名) @ 9561.4bf2dc71.js:2
t.unstable_runWithPriority @ 9561.4bf2dc71.js:2
qo @ 9561.4bf2dc71.js:2
Xo @ 9561.4bf2dc71.js:2
$o @ 9561.4bf2dc71.js:2
ic @ 9561.4bf2dc71.js:2
enqueueSetState @ 9561.4bf2dc71.js:2
b.setState @ 9561.4bf2dc71.js:2
(匿名) @ 5392.a94416b9.chunk.js:1
u @ 9561.4bf2dc71.js:2
(匿名) @ 9561.4bf2dc71.js:2
(匿名) @ 9561.4bf2dc71.js:2
r @ 9561.4bf2dc71.js:2
s @ 9561.4bf2dc71.js:2
Promise.then
r @ 9561.4bf2dc71.js:2
s @ 9561.4bf2dc71.js:2
(匿名) @ 9561.4bf2dc71.js:2
(匿名) @ 9561.4bf2dc71.js:2
(匿名) @ 5392.a94416b9.chunk.js:1
setGate @ 5392.a94416b9.chunk.js:1
onClick @ 5392.a94416b9.chunk.js:1
m @ 9561.4bf2dc71.js:2
w @ 9561.4bf2dc71.js:2
(匿名) @ 9561.4bf2dc71.js:2
E @ 9561.4bf2dc71.js:2
C @ 9561.4bf2dc71.js:2
S @ 9561.4bf2dc71.js:2
D @ 9561.4bf2dc71.js:2
kn @ 9561.4bf2dc71.js:2
le @ 9561.4bf2dc71.js:2
Dn @ 9561.4bf2dc71.js:2
zn @ 9561.4bf2dc71.js:2
An @ 9561.4bf2dc71.js:2
t.unstable_runWithPriority @ 9561.4bf2dc71.js:2
qo @ 9561.4bf2dc71.js:2
se @ 9561.4bf2dc71.js:2
Tn @ 9561.4bf2dc71.js:2
eval @ studyMap.ts:88
eval @ studyMap.ts:8
__awaiter @ studyMap.ts:4
eval @ studyMap.ts:74
setInterval
setInterval @ utils.ts:187
eval @ studyMap.ts:74
eval @ studyMap.ts:73
eval @ studyMap.ts:8
__awaiter @ studyMap.ts:4
setupCurrentLevelButton @ studyMap.ts:72
eval @ studyMap.ts:47
fulfilled @ studyMap.ts:5
Promise.then
step @ studyMap.ts:7
fulfilled @ studyMap.ts:5
Promise.then
step @ studyMap.ts:7
eval @ studyMap.ts:8
__awaiter @ studyMap.ts:4
eval @ studyMap.ts:39
Init @ studyMap.ts:39
eval @ mooc.ts:29
eval @ mooc.ts:8
__awaiter @ mooc.ts:4
start @ mooc.ts:22
run @ application.ts:44
eval @ mooc.ts:31
./src/mooc.ts @ VM739:490
__webpack_require__ @ VM739:694
(匿名) @ VM739:718
(匿名) @ VM739:720
Injected @ utils.ts:173
eval @ start.ts:34
xmlhttp.onreadystatechange @ utils.ts:239
PendingScript
Injected @ utils.ts:173
eval @ start.ts:34
xmlhttp.onreadystatechange @ utils.ts:239
XMLHttpRequest.send
get @ utils.ts:246
eval @ start.ts:33
fulfilled @ start.ts:5
Promise.then
step @ start.ts:7
eval @ start.ts:8
__awaiter @ start.ts:4
start @ start.ts:29
run @ application.ts:44
eval @ start.ts:83
fulfilled @ start.ts:5
Promise.then
step @ start.ts:7
eval @ start.ts:8
__awaiter @ start.ts:4
init @ start.ts:80
eval @ start.ts:86
./src/start.ts @ start.js:85
__webpack_require__ @ start.js:125
(匿名) @ start.js:136
(匿名) @ start.js:138
23:47:51.334 9561.4bf2dc71.js:2  react-intl-universal key "012fdd99" not defined in zh
warningHandler @ 9561.4bf2dc71.js:2
value @ 9561.4bf2dc71.js:2
p @ 9561.4bf2dc71.js:2
l.newItem @ 5392.a94416b9.chunk.js:1
value @ 5392.a94416b9.chunk.js:1
Xi @ 9561.4bf2dc71.js:2
$i @ 9561.4bf2dc71.js:2
Cs @ 9561.4bf2dc71.js:2
wc @ 9561.4bf2dc71.js:2
_c @ 9561.4bf2dc71.js:2
dc @ 9561.4bf2dc71.js:2
(匿名) @ 9561.4bf2dc71.js:2
t.unstable_runWithPriority @ 9561.4bf2dc71.js:2
qo @ 9561.4bf2dc71.js:2
Xo @ 9561.4bf2dc71.js:2
$o @ 9561.4bf2dc71.js:2
ic @ 9561.4bf2dc71.js:2
enqueueSetState @ 9561.4bf2dc71.js:2
b.setState @ 9561.4bf2dc71.js:2
(匿名) @ 5392.a94416b9.chunk.js:1
u @ 9561.4bf2dc71.js:2
(匿名) @ 9561.4bf2dc71.js:2
(匿名) @ 9561.4bf2dc71.js:2
r @ 9561.4bf2dc71.js:2
s @ 9561.4bf2dc71.js:2
Promise.then
r @ 9561.4bf2dc71.js:2
s @ 9561.4bf2dc71.js:2
(匿名) @ 9561.4bf2dc71.js:2
(匿名) @ 9561.4bf2dc71.js:2
(匿名) @ 5392.a94416b9.chunk.js:1
setGate @ 5392.a94416b9.chunk.js:1
onClick @ 5392.a94416b9.chunk.js:1
m @ 9561.4bf2dc71.js:2
w @ 9561.4bf2dc71.js:2
(匿名) @ 9561.4bf2dc71.js:2
E @ 9561.4bf2dc71.js:2
C @ 9561.4bf2dc71.js:2
S @ 9561.4bf2dc71.js:2
D @ 9561.4bf2dc71.js:2
kn @ 9561.4bf2dc71.js:2
le @ 9561.4bf2dc71.js:2
Dn @ 9561.4bf2dc71.js:2
zn @ 9561.4bf2dc71.js:2
An @ 9561.4bf2dc71.js:2
t.unstable_runWithPriority @ 9561.4bf2dc71.js:2
qo @ 9561.4bf2dc71.js:2
se @ 9561.4bf2dc71.js:2
Tn @ 9561.4bf2dc71.js:2
eval @ studyMap.ts:88
eval @ studyMap.ts:8
__awaiter @ studyMap.ts:4
eval @ studyMap.ts:74
setInterval
setInterval @ utils.ts:187
eval @ studyMap.ts:74
eval @ studyMap.ts:73
eval @ studyMap.ts:8
__awaiter @ studyMap.ts:4
setupCurrentLevelButton @ studyMap.ts:72
eval @ studyMap.ts:47
fulfilled @ studyMap.ts:5
Promise.then
step @ studyMap.ts:7
fulfilled @ studyMap.ts:5
Promise.then
step @ studyMap.ts:7
eval @ studyMap.ts:8
__awaiter @ studyMap.ts:4
eval @ studyMap.ts:39
Init @ studyMap.ts:39
eval @ mooc.ts:29
eval @ mooc.ts:8
__awaiter @ mooc.ts:4
start @ mooc.ts:22
run @ application.ts:44
eval @ mooc.ts:31
./src/mooc.ts @ VM739:490
__webpack_require__ @ VM739:694
(匿名) @ VM739:718
(匿名) @ VM739:720
Injected @ utils.ts:173
eval @ start.ts:34
xmlhttp.onreadystatechange @ utils.ts:239
PendingScript
Injected @ utils.ts:173
eval @ start.ts:34
xmlhttp.onreadystatechange @ utils.ts:239
XMLHttpRequest.send
get @ utils.ts:246
eval @ start.ts:33
fulfilled @ start.ts:5
Promise.then
step @ start.ts:7
eval @ start.ts:8
__awaiter @ start.ts:4
start @ start.ts:29
run @ application.ts:44
eval @ start.ts:83
fulfilled @ start.ts:5
Promise.then
step @ start.ts:7
eval @ start.ts:8
__awaiter @ start.ts:4
init @ start.ts:80
eval @ start.ts:86
./src/start.ts @ start.js:85
__webpack_require__ @ start.js:125
(匿名) @ start.js:136
(匿名) @ start.js:138
23:47:51.335 9561.4bf2dc71.js:2  react-intl-universal key "012fdd99" not defined in zh
warningHandler @ 9561.4bf2dc71.js:2
value @ 9561.4bf2dc71.js:2
p @ 9561.4bf2dc71.js:2
l.newItem @ 5392.a94416b9.chunk.js:1
value @ 5392.a94416b9.chunk.js:1
Xi @ 9561.4bf2dc71.js:2
$i @ 9561.4bf2dc71.js:2
Cs @ 9561.4bf2dc71.js:2
wc @ 9561.4bf2dc71.js:2
_c @ 9561.4bf2dc71.js:2
dc @ 9561.4bf2dc71.js:2
(匿名) @ 9561.4bf2dc71.js:2
t.unstable_runWithPriority @ 9561.4bf2dc71.js:2
qo @ 9561.4bf2dc71.js:2
Xo @ 9561.4bf2dc71.js:2
$o @ 9561.4bf2dc71.js:2
ic @ 9561.4bf2dc71.js:2
enqueueSetState @ 9561.4bf2dc71.js:2
b.setState @ 9561.4bf2dc71.js:2
(匿名) @ 5392.a94416b9.chunk.js:1
u @ 9561.4bf2dc71.js:2
(匿名) @ 9561.4bf2dc71.js:2
(匿名) @ 9561.4bf2dc71.js:2
r @ 9561.4bf2dc71.js:2
s @ 9561.4bf2dc71.js:2
Promise.then
r @ 9561.4bf2dc71.js:2
s @ 9561.4bf2dc71.js:2
(匿名) @ 9561.4bf2dc71.js:2
(匿名) @ 9561.4bf2dc71.js:2
(匿名) @ 5392.a94416b9.chunk.js:1
setGate @ 5392.a94416b9.chunk.js:1
onClick @ 5392.a94416b9.chunk.js:1
m @ 9561.4bf2dc71.js:2
w @ 9561.4bf2dc71.js:2
(匿名) @ 9561.4bf2dc71.js:2
E @ 9561.4bf2dc71.js:2
C @ 9561.4bf2dc71.js:2
S @ 9561.4bf2dc71.js:2
D @ 9561.4bf2dc71.js:2
kn @ 9561.4bf2dc71.js:2
le @ 9561.4bf2dc71.js:2
Dn @ 9561.4bf2dc71.js:2
zn @ 9561.4bf2dc71.js:2
An @ 9561.4bf2dc71.js:2
t.unstable_runWithPriority @ 9561.4bf2dc71.js:2
qo @ 9561.4bf2dc71.js:2
se @ 9561.4bf2dc71.js:2
Tn @ 9561.4bf2dc71.js:2
eval @ studyMap.ts:88
eval @ studyMap.ts:8
__awaiter @ studyMap.ts:4
eval @ studyMap.ts:74
setInterval
setInterval @ utils.ts:187
eval @ studyMap.ts:74
eval @ studyMap.ts:73
eval @ studyMap.ts:8
__awaiter @ studyMap.ts:4
setupCurrentLevelButton @ studyMap.ts:72
eval @ studyMap.ts:47
fulfilled @ studyMap.ts:5
Promise.then
step @ studyMap.ts:7
fulfilled @ studyMap.ts:5
Promise.then
step @ studyMap.ts:7
eval @ studyMap.ts:8
__awaiter @ studyMap.ts:4
eval @ studyMap.ts:39
Init @ studyMap.ts:39
eval @ mooc.ts:29
eval @ mooc.ts:8
__awaiter @ mooc.ts:4
start @ mooc.ts:22
run @ application.ts:44
eval @ mooc.ts:31
./src/mooc.ts @ VM739:490
__webpack_require__ @ VM739:694
(匿名) @ VM739:718
(匿名) @ VM739:720
Injected @ utils.ts:173
eval @ start.ts:34
xmlhttp.onreadystatechange @ utils.ts:239
PendingScript
Injected @ utils.ts:173
eval @ start.ts:34
xmlhttp.onreadystatechange @ utils.ts:239
XMLHttpRequest.send
get @ utils.ts:246
eval @ start.ts:33
fulfilled @ start.ts:5
Promise.then
step @ start.ts:7
eval @ start.ts:8
__awaiter @ start.ts:4
start @ start.ts:29
run @ application.ts:44
eval @ start.ts:83
fulfilled @ start.ts:5
Promise.then
step @ start.ts:7
eval @ start.ts:8
__awaiter @ start.ts:4
init @ start.ts:80
eval @ start.ts:86
./src/start.ts @ start.js:85
__webpack_require__ @ start.js:125
(匿名) @ start.js:136
(匿名) @ start.js:138
23:47:51.335 9561.4bf2dc71.js:2  react-intl-universal key "fad5222c" not defined in zh
warningHandler @ 9561.4bf2dc71.js:2
value @ 9561.4bf2dc71.js:2
p @ 9561.4bf2dc71.js:2
W @ 5392.a94416b9.chunk.js:1
hi @ 9561.4bf2dc71.js:2
Qi @ 9561.4bf2dc71.js:2
Cs @ 9561.4bf2dc71.js:2
wc @ 9561.4bf2dc71.js:2
_c @ 9561.4bf2dc71.js:2
dc @ 9561.4bf2dc71.js:2
(匿名) @ 9561.4bf2dc71.js:2
t.unstable_runWithPriority @ 9561.4bf2dc71.js:2
qo @ 9561.4bf2dc71.js:2
Xo @ 9561.4bf2dc71.js:2
$o @ 9561.4bf2dc71.js:2
ic @ 9561.4bf2dc71.js:2
enqueueSetState @ 9561.4bf2dc71.js:2
b.setState @ 9561.4bf2dc71.js:2
(匿名) @ 5392.a94416b9.chunk.js:1
u @ 9561.4bf2dc71.js:2
(匿名) @ 9561.4bf2dc71.js:2
(匿名) @ 9561.4bf2dc71.js:2
r @ 9561.4bf2dc71.js:2
s @ 9561.4bf2dc71.js:2
Promise.then
r @ 9561.4bf2dc71.js:2
s @ 9561.4bf2dc71.js:2
(匿名) @ 9561.4bf2dc71.js:2
(匿名) @ 9561.4bf2dc71.js:2
(匿名) @ 5392.a94416b9.chunk.js:1
setGate @ 5392.a94416b9.chunk.js:1
onClick @ 5392.a94416b9.chunk.js:1
m @ 9561.4bf2dc71.js:2
w @ 9561.4bf2dc71.js:2
(匿名) @ 9561.4bf2dc71.js:2
E @ 9561.4bf2dc71.js:2
C @ 9561.4bf2dc71.js:2
S @ 9561.4bf2dc71.js:2
D @ 9561.4bf2dc71.js:2
kn @ 9561.4bf2dc71.js:2
le @ 9561.4bf2dc71.js:2
Dn @ 9561.4bf2dc71.js:2
zn @ 9561.4bf2dc71.js:2
An @ 9561.4bf2dc71.js:2
t.unstable_runWithPriority @ 9561.4bf2dc71.js:2
qo @ 9561.4bf2dc71.js:2
se @ 9561.4bf2dc71.js:2
Tn @ 9561.4bf2dc71.js:2
eval @ studyMap.ts:88
eval @ studyMap.ts:8
__awaiter @ studyMap.ts:4
eval @ studyMap.ts:74
setInterval
setInterval @ utils.ts:187
eval @ studyMap.ts:74
eval @ studyMap.ts:73
eval @ studyMap.ts:8
__awaiter @ studyMap.ts:4
setupCurrentLevelButton @ studyMap.ts:72
eval @ studyMap.ts:47
fulfilled @ studyMap.ts:5
Promise.then
step @ studyMap.ts:7
fulfilled @ studyMap.ts:5
Promise.then
step @ studyMap.ts:7
eval @ studyMap.ts:8
__awaiter @ studyMap.ts:4
eval @ studyMap.ts:39
Init @ studyMap.ts:39
eval @ mooc.ts:29
eval @ mooc.ts:8
__awaiter @ mooc.ts:4
start @ mooc.ts:22
run @ application.ts:44
eval @ mooc.ts:31
./src/mooc.ts @ VM739:490
__webpack_require__ @ VM739:694
(匿名) @ VM739:718
(匿名) @ VM739:720
Injected @ utils.ts:173
eval @ start.ts:34
xmlhttp.onreadystatechange @ utils.ts:239
PendingScript
Injected @ utils.ts:173
eval @ start.ts:34
xmlhttp.onreadystatechange @ utils.ts:239
XMLHttpRequest.send
get @ utils.ts:246
eval @ start.ts:33
fulfilled @ start.ts:5
Promise.then
step @ start.ts:7
eval @ start.ts:8
__awaiter @ start.ts:4
start @ start.ts:29
run @ application.ts:44
eval @ start.ts:83
fulfilled @ start.ts:5
Promise.then
step @ start.ts:7
eval @ start.ts:8
__awaiter @ start.ts:4
init @ start.ts:80
eval @ start.ts:86
./src/start.ts @ start.js:85
__webpack_require__ @ start.js:125
(匿名) @ start.js:136
(匿名) @ start.js:138
23:47:51.353 9561.4bf2dc71.js:2 div
23:47:51.353 9561.4bf2dc71.js:2 由于“保留日志”的原因，已阻止console.clear()
23:47:51.353 9561.4bf2dc71.js:2 ƒ l(){}
23:47:51.353 9561.4bf2dc71.js:2 由于“保留日志”的原因，已阻止console.clear()
23:47:51.354 9561.4bf2dc71.js:2 (索引)toStringlastIndexdotAllflagsglobalhasIndicesignoreCasemultilinesourcestickyunicodeunicodeSets(索引)toStringlastIndexdotAllflagsglobalhasIndicesignoreCasemultilinesourcestickyunicodeunicodeSetsdepƒ0false''falsefalsefalsefalse' 'falsefalsefalseObject
23:47:51.354 9561.4bf2dc71.js:2 由于“保留日志”的原因，已阻止console.clear()
23:47:51.354 9561.4bf2dc71.js:2 Thu Mar 12 2026 23:47:49 GMT+0800 (中国标准时间)
23:47:51.354 9561.4bf2dc71.js:2 由于“保留日志”的原因，已阻止console.clear()
23:47:51.354 9561.4bf2dc71.js:2 {}
23:47:51.354 9561.4bf2dc71.js:2 由于“保留日志”的原因，已阻止console.clear()
23:47:51.581 log.ts:179 [debug 23:47:51 ] 课程任务执行完成 高效处理业务难题
23:47:51.581 log.ts:179 [debug 23:47:51 ] null 开始任务中的当前按钮
23:47:51.581 log.ts:179 [debug 23:47:51 ] 开始创建开始按钮
23:47:51.866 9561.4bf2dc71.js:2 div
23:47:51.866 9561.4bf2dc71.js:2 由于“保留日志”的原因，已阻止console.clear()
23:47:51.866 9561.4bf2dc71.js:2 ƒ l(){}
23:47:51.866 9561.4bf2dc71.js:2 由于“保留日志”的原因，已阻止console.clear()
23:47:51.866 9561.4bf2dc71.js:2 (索引)toStringlastIndexdotAllflagsglobalhasIndicesignoreCasemultilinesourcestickyunicodeunicodeSets(索引)toStringlastIndexdotAllflagsglobalhasIndicesignoreCasemultilinesourcestickyunicodeunicodeSetsdepƒ0false''falsefalsefalsefalse' 'falsefalsefalseObject
23:47:51.866 9561.4bf2dc71.js:2 由于“保留日志”的原因，已阻止console.clear()
23:47:51.866 9561.4bf2dc71.js:2 Thu Mar 12 2026 23:47:49 GMT+0800 (中国标准时间)
23:47:51.866 9561.4bf2dc71.js:2 由于“保留日志”的原因，已阻止console.clear()
23:47:51.866 9561.4bf2dc71.js:2 {}
23:47:51.866 9561.4bf2dc71.js:2 由于“保留日志”的原因，已阻止console.clear()
23:47:52.074 log.ts:179 [debug 23:47:52 ] 课程任务执行完成 高效处理业务难题
23:47:52.075 log.ts:179 [debug 23:47:52 ] null 开始任务中的当前按钮
23:47:52.374 9561.4bf2dc71.js:2 div
23:47:52.374 9561.4bf2dc71.js:2 由于“保留日志”的原因，已阻止console.clear()
23:47:52.374 9561.4bf2dc71.js:2 ƒ l(){}
23:47:52.374 9561.4bf2dc71.js:2 由于“保留日志”的原因，已阻止console.clear()
23:47:52.374 9561.4bf2dc71.js:2 (索引)toStringlastIndexdotAllflagsglobalhasIndicesignoreCasemultilinesourcestickyunicodeunicodeSets(索引)toStringlastIndexdotAllflagsglobalhasIndicesignoreCasemultilinesourcestickyunicodeunicodeSetsdepƒ0false''falsefalsefalsefalse' 'falsefalsefalseObject
23:47:52.374 9561.4bf2dc71.js:2 由于“保留日志”的原因，已阻止console.clear()
23:47:52.375 9561.4bf2dc71.js:2 Thu Mar 12 2026 23:47:49 GMT+0800 (中国标准时间)
23:47:52.375 9561.4bf2dc71.js:2 由于“保留日志”的原因，已阻止console.clear()
23:47:52.375 9561.4bf2dc71.js:2 {}
23:47:52.375 9561.4bf2dc71.js:2 由于“保留日志”的原因，已阻止console.clear()
23:47:52.576 log.ts:179 [debug 23:47:52 ] 课程任务执行完成 高效处理业务难题
23:47:52.576 log.ts:179 [debug 23:47:52 ] null 开始任务中的当前按钮
23:47:52.891 9561.4bf2dc71.js:2 div
23:47:52.891 9561.4bf2dc71.js:2 由于“保留日志”的原因，已阻止console.clear()
23:47:52.891 9561.4bf2dc71.js:2 ƒ l(){}
23:47:52.891 9561.4bf2dc71.js:2 由于“保留日志”的原因，已阻止console.clear()
23:47:52.891 9561.4bf2dc71.js:2 (索引)toStringlastIndexdotAllflagsglobalhasIndicesignoreCasemultilinesourcestickyunicodeunicodeSets(索引)toStringlastIndexdotAllflagsglobalhasIndicesignoreCasemultilinesourcestickyunicodeunicodeSetsdepƒ0false''falsefalsefalsefalse' 'falsefalsefalseObject
23:47:52.891 9561.4bf2dc71.js:2 由于“保留日志”的原因，已阻止console.clear()
23:47:52.891 9561.4bf2dc71.js:2 Thu Mar 12 2026 23:47:49 GMT+0800 (中国标准时间)
23:47:52.891 9561.4bf2dc71.js:2 由于“保留日志”的原因，已阻止console.clear()
23:47:52.891  {}
23:47:52.891  由于“保留日志”的原因，已阻止console.clear()
23:47:53.077  [debug 23:47:53 ] 课程任务执行完成 高效处理业务难题
23:47:53.077  [debug 23:47:53 ] null 开始任务中的当前按钮
23:47:53.407  
23:47:53.407  由于“保留日志”的原因，已阻止console.clear()
23:47:53.407  
23:47:53.407  由于“保留日志”的原因，已阻止console.clear()
23:47:53.407  (索引)toStringlastIndexdotAllflagsglobalhasIndicesignoreCasemultilinesourcestickyunicodeunicodeSets(索引)toStringlastIndexdotAllflagsglobalhasIndicesignoreCasemultilinesourcestickyunicodeunicodeSetsdepƒ0false''falsefalsefalsefalse' 'falsefalsefalseObject
23:47:53.407  由于“保留日志”的原因，已阻止console.clear()
23:47:53.408  Thu Mar 12 2026 23:47:49 GMT+0800 (中国标准时间)
23:47:53.408  由于“保留日志”的原因，已阻止console.clear()
23:47:53.408  {}
23:47:53.408  由于“保留日志”的原因，已阻止console.clear()
23:47:53.579  [debug 23:47:53 ] 课程任务执行完成 高效处理业务难题
23:47:53.579  [debug 23:47:53 ] null 开始任务中的当前按钮
23:47:53.910  
23:47:53.910  由于“保留日志”的原因，已阻止console.clear()
23:47:53.910  
23:47:53.910  由于“保留日志”的原因，已阻止console.clear()
23:47:53.910  (索引)toStringlastIndexdotAllflagsglobalhasIndicesignoreCasemultilinesourcestickyunicodeunicodeSets(索引)toStringlastIndexdotAllflagsglobalhasIndicesignoreCasemultilinesourcestickyunicodeunicodeSetsdepƒ0false''falsefalsefalsefalse' 'falsefalsefalseObject
23:47:53.910  由于“保留日志”的原因，已阻止console.clear()
23:47:53.910  Thu Mar 12 2026 23:47:49 GMT+0800 (中国标准时间)
23:47:53.911  由于“保留日志”的原因，已阻止console.clear()
23:47:53.911  {}
23:47:53.911  由于“保留日志”的原因，已阻止console.clear()
23:47:54.081  [debug 23:47:54 ] 课程任务执行完成 高效处理业务难题
23:47:54.081  [debug 23:47:54 ] null 开始任务中的当前按钮
23:47:54.413  
23:47:54.413  由于“保留日志”的原因，已阻止console.clear()
23:47:54.414  
23:47:54.414  由于“保留日志”的原因，已阻止console.clear()
23:47:54.414  (索引)toStringlastIndexdotAllflagsglobalhasIndicesignoreCasemultilinesourcestickyunicodeunicodeSets(索引)toStringlastIndexdotAllflagsglobalhasIndicesignoreCasemultilinesourcestickyunicodeunicodeSetsdepƒ0false''falsefalsefalsefalse' 'falsefalsefalseObject
23:47:54.415  由于“保留日志”的原因，已阻止console.clear()
23:47:54.415  Thu Mar 12 2026 23:47:49 GMT+0800 (中国标准时间)
23:47:54.415  由于“保留日志”的原因，已阻止console.clear()
23:47:54.416  {}
23:47:54.416  由于“保留日志”的原因，已阻止console.clear()
23:47:54.570  [debug 23:47:54 ] 课程任务执行完成 高效处理业务难题
23:47:54.570  [debug 23:47:54 ] null 开始任务中的当前按钮
23:47:54.933  
23:47:54.933  由于“保留日志”的原因，已阻止console.clear()
23:47:54.933  
23:47:54.933  由于“保留日志”的原因，已阻止console.clear()
23:47:54.933  (索引)toStringlastIndexdotAllflagsglobalhasIndicesignoreCasemultilinesourcestickyunicodeunicodeSets(索引)toStringlastIndexdotAllflagsglobalhasIndicesignoreCasemultilinesourcestickyunicodeunicodeSetsdepƒ0false''falsefalsefalsefalse' 'falsefalsefalseObject
23:47:54.933  由于“保留日志”的原因，已阻止console.clear()
23:47:54.933  Thu Mar 12 2026 23:47:49 GMT+0800 (中国标准时间)
23:47:54.933  由于“保留日志”的原因，已阻止console.clear()
23:47:54.933  {}
23:47:54.933  由于“保留日志”的原因，已阻止console.clear()
23:47:55.072  [debug 23:47:55 ] 课程任务执行完成 高效处理业务难题
23:47:55.072  [debug 23:47:55 ] null 开始任务中的当前按钮
23:47:55.434  
23:47:55.434  由于“保留日志”的原因，已阻止console.clear()
23:47:55.434  
23:47:55.435  由于“保留日志”的原因，已阻止console.clear()
23:47:55.435  (索引)toStringlastIndexdotAllflagsglobalhasIndicesignoreCasemultilinesourcestickyunicodeunicodeSets(索引)toStringlastIndexdotAllflagsglobalhasIndicesignoreCasemultilinesourcestickyunicodeunicodeSetsdepƒ0false''falsefalsefalsefalse' 'falsefalsefalseObject
23:47:55.435  由于“保留日志”的原因，已阻止console.clear()
23:47:55.435  Thu Mar 12 2026 23:47:49 GMT+0800 (中国标准时间)
23:47:55.435  由于“保留日志”的原因，已阻止console.clear()
23:47:55.435  {}
23:47:55.435  由于“保留日志”的原因，已阻止console.clear()
23:47:55.577  [debug 23:47:55 ] 课程任务执行完成 高效处理业务难题
23:47:55.577  [debug 23:47:55 ] null 开始任务中的当前按钮
23:47:55.937  
23:47:55.937  由于“保留日志”的原因，已阻止console.clear()
23:47:55.938  
23:47:55.938  由于“保留日志”的原因，已阻止console.clear()
23:47:55.938  (索引)toStringlastIndexdotAllflagsglobalhasIndicesignoreCasemultilinesourcestickyunicodeunicodeSets(索引)toStringlastIndexdotAllflagsglobalhasIndicesignoreCasemultilinesourcestickyunicodeunicodeSetsdepƒ0false''falsefalsefalsefalse' 'falsefalsefalseObject
23:47:55.938  由于“保留日志”的原因，已阻止console.clear()
23:47:55.939  Thu Mar 12 2026 23:47:49 GMT+0800 (中国标准时间)
23:47:55.939  由于“保留日志”的原因，已阻止console.clear()
23:47:55.939  {}
23:47:55.940  由于“保留日志”的原因，已阻止console.clear()
23:47:56.079  [debug 23:47:56 ] 课程任务执行完成 高效处理业务难题
23:47:56.079  [debug 23:47:56 ] null 开始任务中的当前按钮
23:47:56.455  
23:47:56.455  由于“保留日志”的原因，已阻止console.clear()
23:47:56.455  
23:47:56.455  由于“保留日志”的原因，已阻止console.clear()
23:47:56.455  (索引)toStringlastIndexdotAllflagsglobalhasIndicesignoreCasemultilinesourcestickyunicodeunicodeSets(索引)toStringlastIndexdotAllflagsglobalhasIndicesignoreCasemultilinesourcestickyunicodeunicodeSetsdepƒ0false''falsefalsefalsefalse' 'falsefalsefalseObject
23:47:56.455  由于“保留日志”的原因，已阻止console.clear()
23:47:56.455  Thu Mar 12 2026 23:47:49 GMT+0800 (中国标准时间)
23:47:56.456  由于“保留日志”的原因，已阻止console.clear()
23:47:56.456  {}
23:47:56.456  由于“保留日志”的原因，已阻止console.clear()
23:47:56.579  [debug 23:47:56 ] 课程任务执行完成 高效处理业务难题
23:47:56.580  [debug 23:47:56 ] null 开始任务中的当前按钮
23:47:56.957  
23:47:56.958  由于“保留日志”的原因，已阻止console.clear()
23:47:56.958  
23:47:56.958  由于“保留日志”的原因，已阻止console.clear()
23:47:56.958  (索引)toStringlastIndexdotAllflagsglobalhasIndicesignoreCasemultilinesourcestickyunicodeunicodeSets(索引)toStringlastIndexdotAllflagsglobalhasIndicesignoreCasemultilinesourcestickyunicodeunicodeSetsdepƒ0false''falsefalsefalsefalse' 'falsefalsefalseObject
23:47:56.959  由于“保留日志”的原因，已阻止console.clear()
23:47:56.959  Thu Mar 12 2026 23:47:49 GMT+0800 (中国标准时间)
23:47:56.959  由于“保留日志”的原因，已阻止console.clear()
23:47:56.959  {}
23:47:56.960  由于“保留日志”的原因，已阻止console.clear()
23:47:57.067  [debug 23:47:57 ] 课程任务执行完成 高效处理业务难题
23:47:57.067  [debug 23:47:57 ] null 开始任务中的当前按钮
23:47:57.463  
23:47:57.463  由于“保留日志”的原因，已阻止console.clear()
23:47:57.463  
23:47:57.464  由于“保留日志”的原因，已阻止console.clear()
23:47:57.464  (索引)toStringlastIndexdotAllflagsglobalhasIndicesignoreCasemultilinesourcestickyunicodeunicodeSets(索引)toStringlastIndexdotAllflagsglobalhasIndicesignoreCasemultilinesourcestickyunicodeunicodeSetsdepƒ0false''falsefalsefalsefalse' 'falsefalsefalseObject
23:47:57.464  由于“保留日志”的原因，已阻止console.clear()
23:47:57.464  Thu Mar 12 2026 23:47:49 GMT+0800 (中国标准时间)
23:47:57.465  由于“保留日志”的原因，已阻止console.clear()
23:47:57.465  {}
23:47:57.465  由于“保留日志”的原因，已阻止console.clear()
23:47:57.572  [debug 23:47:57 ] 课程任务执行完成 高效处理业务难题
23:47:57.572  [debug 23:47:57 ] null 开始任务中的当前按钮
23:47:57.970  
23:47:57.970  由于“保留日志”的原因，已阻止console.clear()
23:47:57.970  
23:47:57.970  由于“保留日志”的原因，已阻止console.clear()
23:47:57.970  (索引)toStringlastIndexdotAllflagsglobalhasIndicesignoreCasemultilinesourcestickyunicodeunicodeSets(索引)toStringlastIndexdotAllflagsglobalhasIndicesignoreCasemultilinesourcestickyunicodeunicodeSetsdepƒ0false''falsefalsefalsefalse' 'falsefalsefalseObject
23:47:57.970  由于“保留日志”的原因，已阻止console.clear()
23:47:57.970  Thu Mar 12 2026 23:47:49 GMT+0800 (中国标准时间)
23:47:57.971  由于“保留日志”的原因，已阻止console.clear()
23:47:57.971  {}
23:47:57.971  由于“保留日志”的原因，已阻止console.clear()
23:47:58.081  [debug 23:47:58 ] 课程任务执行完成 高效处理业务难题
23:47:58.081  [debug 23:47:58 ] null 开始任务中的当前按钮
23:47:58.473  
23:47:58.473  由于“保留日志”的原因，已阻止console.clear()
23:47:58.473  
23:47:58.473  由于“保留日志”的原因，已阻止console.clear()
23:47:58.474  (索引)toStringlastIndexdotAllflagsglobalhasIndicesignoreCasemultilinesourcestickyunicodeunicodeSets(索引)toStringlastIndexdotAllflagsglobalhasIndicesignoreCasemultilinesourcestickyunicodeunicodeSetsdepƒ0false''falsefalsefalsefalse' 'falsefalsefalseObject
23:47:58.474  由于“保留日志”的原因，已阻止console.clear()
23:47:58.474  Thu Mar 12 2026 23:47:49 GMT+0800 (中国标准时间)
23:47:58.475  由于“保留日志”的原因，已阻止console.clear()
23:47:58.475  {}
23:47:58.476  由于“保留日志”的原因，已阻止console.clear()
23:47:58.566  [debug 23:47:58 ] 课程任务执行完成 高效处理业务难题
23:47:58.566  [debug 23:47:58 ] null 开始任务中的当前按钮
23:47:58.992  
23:47:58.992  由于“保留日志”的原因，已阻止console.clear()
23:47:58.992  
23:47:58.992  由于“保留日志”的原因，已阻止console.clear()
23:47:58.992  (索引)toStringlastIndexdotAllflagsglobalhasIndicesignoreCasemultilinesourcestickyunicodeunicodeSets(索引)toStringlastIndexdotAllflagsglobalhasIndicesignoreCasemultilinesourcestickyunicodeunicodeSetsdepƒ0false''falsefalsefalsefalse' 'falsefalsefalseObject
23:47:58.992  由于“保留日志”的原因，已阻止console.clear()
23:47:58.992  Thu Mar 12 2026 23:47:49 GMT+0800 (中国标准时间)
23:47:58.992  由于“保留日志”的原因，已阻止console.clear()
23:47:58.992  {}
23:47:58.992  由于“保留日志”的原因，已阻止console.clear()
23:47:59.071  [debug 23:47:59 ] 课程任务执行完成 高效处理业务难题
23:47:59.071  [debug 23:47:59 ] null 开始任务中的当前按钮
23:47:59.508  
23:47:59.508  由于“保留日志”的原因，已阻止console.clear()
23:47:59.509  
23:47:59.509  由于“保留日志”的原因，已阻止console.clear()
23:47:59.509  (索引)toStringlastIndexdotAllflagsglobalhasIndicesignoreCasemultilinesourcestickyunicodeunicodeSets(索引)toStringlastIndexdotAllflagsglobalhasIndicesignoreCasemultilinesourcestickyunicodeunicodeSetsdepƒ0false''falsefalsefalsefalse' 'falsefalsefalseObject
23:47:59.509  由于“保留日志”的原因，已阻止console.clear()
23:47:59.510  Thu Mar 12 2026 23:47:49 GMT+0800 (中国标准时间)
23:47:59.510  由于“保留日志”的原因，已阻止console.clear()
23:47:59.510  {}
23:47:59.510  由于“保留日志”的原因，已阻止console.clear()
23:47:59.570  [debug 23:47:59 ] 课程任务执行完成 高效处理业务难题
23:47:59.570  [debug 23:47:59 ] null 开始任务中的当前按钮
23:48:00.013  
23:48:00.013  由于“保留日志”的原因，已阻止console.clear()
23:48:00.013  
23:48:00.013  由于“保留日志”的原因，已阻止console.clear()
23:48:00.014  (索引)toStringlastIndexdotAllflagsglobalhasIndicesignoreCasemultilinesourcestickyunicodeunicodeSets(索引)toStringlastIndexdotAllflagsglobalhasIndicesignoreCasemultilinesourcestickyunicodeunicodeSetsdepƒ0false''falsefalsefalsefalse' 'falsefalsefalseObject
23:48:00.015  由于“保留日志”的原因，已阻止console.clear()
23:48:00.015  Thu Mar 12 2026 23:47:49 GMT+0800 (中国标准时间)
23:48:00.015  由于“保留日志”的原因，已阻止console.clear()
23:48:00.016  {}
23:48:00.016  由于“保留日志”的原因，已阻止console.clear()
23:48:00.074  [debug 23:48:0 ] 课程任务执行完成 高效处理业务难题
23:48:00.074  [debug 23:48:0 ] null 开始任务中的当前按钮
23:48:00.528  
23:48:00.528  由于“保留日志”的原因，已阻止console.clear()
23:48:00.529  
23:48:00.529  由于“保留日志”的原因，已阻止console.clear()
23:48:00.529  (索引)toStringlastIndexdotAllflagsglobalhasIndicesignoreCasemultilinesourcestickyunicodeunicodeSets(索引)toStringlastIndexdotAllflagsglobalhasIndicesignoreCasemultilinesourcestickyunicodeunicodeSetsdepƒ0false''falsefalsefalsefalse' 'falsefalsefalseObject
23:48:00.529  由于“保留日志”的原因，已阻止console.clear()
23:48:00.529  Thu Mar 12 2026 23:47:49 GMT+0800 (中国标准时间)
23:48:00.530  由于“保留日志”的原因，已阻止console.clear()
23:48:00.530  {}
23:48:00.530  由于“保留日志”的原因，已阻止console.clear()
23:48:00.575  [debug 23:48:0 ] 课程任务执行完成 高效处理业务难题
23:48:00.575  [debug 23:48:0 ] null 开始任务中的当前按钮
23:48:01.033  
23:48:01.034  由于“保留日志”的原因，已阻止console.clear()
23:48:01.034  
23:48:01.034  由于“保留日志”的原因，已阻止console.clear()
23:48:01.034  (索引)toStringlastIndexdotAllflagsglobalhasIndicesignoreCasemultilinesourcestickyunicodeunicodeSets(索引)toStringlastIndexdotAllflagsglobalhasIndicesignoreCasemultilinesourcestickyunicodeunicodeSetsdepƒ0false''falsefalsefalsefalse' 'falsefalsefalseObject
23:48:01.035  由于“保留日志”的原因，已阻止console.clear()
23:48:01.035  Thu Mar 12 2026 23:47:49 GMT+0800 (中国标准时间)
23:48:01.035  由于“保留日志”的原因，已阻止console.clear()
23:48:01.035  {}
23:48:01.035  由于“保留日志”的原因，已阻止console.clear()
23:48:01.079  [debug 23:48:1 ] 课程任务执行完成 高效处理业务难题
23:48:01.079  [debug 23:48:1 ] null 开始任务中的当前按钮
23:48:01.551  
23:48:01.551  由于“保留日志”的原因，已阻止console.clear()
23:48:01.551  
23:48:01.551  由于“保留日志”的原因，已阻止console.clear()
23:48:01.551  (索引)toStringlastIndexdotAllflagsglobalhasIndicesignoreCasemultilinesourcestickyunicodeunicodeSets(索引)toStringlastIndexdotAllflagsglobalhasIndicesignoreCasemultilinesourcestickyunicodeunicodeSetsdepƒ0false''falsefalsefalsefalse' 'falsefalsefalseObject
23:48:01.552  由于“保留日志”的原因，已阻止console.clear()
23:48:01.552  Thu Mar 12 2026 23:47:49 GMT+0800 (中国标准时间)
23:48:01.552  由于“保留日志”的原因，已阻止console.clear()
23:48:01.552  {}
23:48:01.552  由于“保留日志”的原因，已阻止console.clear()
23:48:01.567  [debug 23:48:1 ] 课程任务执行完成 高效处理业务难题
23:48:01.567  [debug 23:48:1 ] null 开始任务中的当前按钮
23:48:02.068  
23:48:02.068  由于“保留日志”的原因，已阻止console.clear()
23:48:02.068  
23:48:02.068  由于“保留日志”的原因，已阻止console.clear()
23:48:02.068  (索引)toStringlastIndexdotAllflagsglobalhasIndicesignoreCasemultilinesourcestickyunicodeunicodeSets(索引)toStringlastIndexdotAllflagsglobalhasIndicesignoreCasemultilinesourcestickyunicodeunicodeSetsdepƒ0false''falsefalsefalsefalse' 'falsefalsefalseObject
23:48:02.068  由于“保留日志”的原因，已阻止console.clear()
23:48:02.068  Thu Mar 12 2026 23:47:49 GMT+0800 (中国标准时间)
23:48:02.068  由于“保留日志”的原因，已阻止console.clear()
23:48:02.068  {}
23:48:02.068  由于“保留日志”的原因，已阻止console.clear()
23:48:02.069  [debug 23:48:2 ] 课程任务执行完成 高效处理业务难题
23:48:02.069  [debug 23:48:2 ] null 开始任务中的当前按钮
23:48:02.574  [debug 23:48:2 ] 课程任务执行完成 高效处理业务难题
23:48:02.574  [debug 23:48:2 ] null 开始任务中的当前按钮
23:48:02.574  
23:48:02.574  由于“保留日志”的原因，已阻止console.clear()
23:48:02.574  
23:48:02.574  由于“保留日志”的原因，已阻止console.clear()
23:48:02.574  (索引)toStringlastIndexdotAllflagsglobalhasIndicesignoreCasemultilinesourcestickyunicodeunicodeSets(索引)toStringlastIndexdotAllflagsglobalhasIndicesignoreCasemultilinesourcestickyunicodeunicodeSetsdepƒ0false''falsefalsefalsefalse' 'falsefalsefalseObject
23:48:02.574  由于“保留日志”的原因，已阻止console.clear()
23:48:02.574  Thu Mar 12 2026 23:47:49 GMT+0800 (中国标准时间)
23:48:02.575  由于“保留日志”的原因，已阻止console.clear()
23:48:02.575  {}
23:48:02.575  由于“保留日志”的原因，已阻止console.clear()
23:48:03.074  [debug 23:48:3 ] 课程任务执行完成 高效处理业务难题
23:48:03.074  [debug 23:48:3 ] null 开始任务中的当前按钮
23:48:03.089  
23:48:03.089  由于“保留日志”的原因，已阻止console.clear()
23:48:03.090  
23:48:03.090  由于“保留日志”的原因，已阻止console.clear()
23:48:03.090  (索引)toStringlastIndexdotAllflagsglobalhasIndicesignoreCasemultilinesourcestickyunicodeunicodeSets(索引)toStringlastIndexdotAllflagsglobalhasIndicesignoreCasemultilinesourcestickyunicodeunicodeSetsdepƒ0false''falsefalsefalsefalse' 'falsefalsefalseObject
23:48:03.090  由于“保留日志”的原因，已阻止console.clear()
23:48:03.090  Thu Mar 12 2026 23:47:49 GMT+0800 (中国标准时间)
23:48:03.090  由于“保留日志”的原因，已阻止console.clear()
23:48:03.090  {}
23:48:03.090  由于“保留日志”的原因，已阻止console.clear()
23:48:03.572  [debug 23:48:3 ] 课程任务执行完成 高效处理业务难题
23:48:03.572  [debug 23:48:3 ] null 开始任务中的当前按钮
23:48:03.603  
23:48:03.603  由于“保留日志”的原因，已阻止console.clear()
23:48:03.603  
23:48:03.603  由于“保留日志”的原因，已阻止console.clear()
23:48:03.604  (索引)toStringlastIndexdotAllflagsglobalhasIndicesignoreCasemultilinesourcestickyunicodeunicodeSets(索引)toStringlastIndexdotAllflagsglobalhasIndicesignoreCasemultilinesourcestickyunicodeunicodeSetsdepƒ0false''falsefalsefalsefalse' 'falsefalsefalseObject
23:48:03.604  由于“保留日志”的原因，已阻止console.clear()
23:48:03.604  Thu Mar 12 2026 23:47:49 GMT+0800 (中国标准时间)
23:48:03.605  由于“保留日志”的原因，已阻止console.clear()
23:48:03.605  {}
23:48:03.605  由于“保留日志”的原因，已阻止console.clear()
23:48:04.074  [debug 23:48:4 ] 课程任务执行完成 高效处理业务难题
23:48:04.074  [debug 23:48:4 ] null 开始任务中的当前按钮
23:48:04.121  
23:48:04.121  由于“保留日志”的原因，已阻止console.clear()
23:48:04.121  
23:48:04.121  由于“保留日志”的原因，已阻止console.clear()
23:48:04.121  (索引)toStringlastIndexdotAllflagsglobalhasIndicesignoreCasemultilinesourcestickyunicodeunicodeSets(索引)toStringlastIndexdotAllflagsglobalhasIndicesignoreCasemultilinesourcestickyunicodeunicodeSetsdepƒ0false''falsefalsefalsefalse' 'falsefalsefalseObject
23:48:04.121  由于“保留日志”的原因，已阻止console.clear()
23:48:04.121  Thu Mar 12 2026 23:47:49 GMT+0800 (中国标准时间)
23:48:04.121  由于“保留日志”的原因，已阻止console.clear()
23:48:04.122  {}
23:48:04.122  由于“保留日志”的原因，已阻止console.clear()
23:48:04.577  [debug 23:48:4 ] 课程任务执行完成 高效处理业务难题
23:48:04.577  [debug 23:48:4 ] null 开始任务中的当前按钮
23:48:04.624  
23:48:04.625  由于“保留日志”的原因，已阻止console.clear()
23:48:04.625  
23:48:04.625  由于“保留日志”的原因，已阻止console.clear()
23:48:04.625  (索引)toStringlastIndexdotAllflagsglobalhasIndicesignoreCasemultilinesourcestickyunicodeunicodeSets(索引)toStringlastIndexdotAllflagsglobalhasIndicesignoreCasemultilinesourcestickyunicodeunicodeSetsdepƒ0false''falsefalsefalsefalse' 'falsefalsefalseObject
23:48:04.625  由于“保留日志”的原因，已阻止console.clear()
23:48:04.625  Thu Mar 12 2026 23:47:49 GMT+0800 (中国标准时间)
23:48:04.626  由于“保留日志”的原因，已阻止console.clear()
23:48:04.626  {}
23:48:04.626  由于“保留日志”的原因，已阻止console.clear()
23:48:05.075  [debug 23:48:5 ] 课程任务执行完成 高效处理业务难题
23:48:05.076  [debug 23:48:5 ] null 开始任务中的当前按钮
23:48:05.139  
23:48:05.139  由于“保留日志”的原因，已阻止console.clear()
23:48:05.139  
23:48:05.139  由于“保留日志”的原因，已阻止console.clear()
23:48:05.140  (索引)toStringlastIndexdotAllflagsglobalhasIndicesignoreCasemultilinesourcestickyunicodeunicodeSets(索引)toStringlastIndexdotAllflagsglobalhasIndicesignoreCasemultilinesourcestickyunicodeunicodeSetsdepƒ0false''falsefalsefalsefalse' 'falsefalsefalseObject
23:48:05.140  由于“保留日志”的原因，已阻止console.clear()
23:48:05.140  Thu Mar 12 2026 23:47:49 GMT+0800 (中国标准时间)
23:48:05.141  由于“保留日志”的原因，已阻止console.clear()
23:48:05.141  {}
23:48:05.142  由于“保留日志”的原因，已阻止console.clear()
23:48:05.577  [debug 23:48:5 ] 课程任务执行完成 高效处理业务难题
23:48:05.577  [debug 23:48:5 ] null 开始任务中的当前按钮
23:48:05.657  
23:48:05.657  由于“保留日志”的原因，已阻止console.clear()
23:48:05.658  
23:48:05.658  由于“保留日志”的原因，已阻止console.clear()
23:48:05.658  (索引)toStringlastIndexdotAllflagsglobalhasIndicesignoreCasemultilinesourcestickyunicodeunicodeSets(索引)toStringlastIndexdotAllflagsglobalhasIndicesignoreCasemultilinesourcestickyunicodeunicodeSetsdepƒ0false''falsefalsefalsefalse' 'falsefalsefalseObject
23:48:05.659  由于“保留日志”的原因，已阻止console.clear()
23:48:05.659  Thu Mar 12 2026 23:47:49 GMT+0800 (中国标准时间)
23:48:05.659  由于“保留日志”的原因，已阻止console.clear()
23:48:05.659  {}
23:48:05.660  由于“保留日志”的原因，已阻止console.clear()
23:48:06.068  [debug 23:48:6 ] 课程任务执行完成 高效处理业务难题
23:48:06.068  [debug 23:48:6 ] null 开始任务中的当前按钮
23:48:06.163  
23:48:06.164  由于“保留日志”的原因，已阻止console.clear()
23:48:06.164  
23:48:06.164  由于“保留日志”的原因，已阻止console.clear()
23:48:06.165  (索引)toStringlastIndexdotAllflagsglobalhasIndicesignoreCasemultilinesourcestickyunicodeunicodeSets(索引)toStringlastIndexdotAllflagsglobalhasIndicesignoreCasemultilinesourcestickyunicodeunicodeSetsdepƒ0false''falsefalsefalsefalse' 'falsefalsefalseObject
23:48:06.165  由于“保留日志”的原因，已阻止console.clear()
23:48:06.165  Thu Mar 12 2026 23:47:49 GMT+0800 (中国标准时间)
23:48:06.166  由于“保留日志”的原因，已阻止console.clear()
23:48:06.166  {}
23:48:06.166  由于“保留日志”的原因，已阻止console.clear()
23:48:06.572  [debug 23:48:6 ] 课程任务执行完成 高效处理业务难题
23:48:06.572  [debug 23:48:6 ] null 开始任务中的当前按钮
23:48:06.682  
23:48:06.682  由于“保留日志”的原因，已阻止console.clear()
23:48:06.683  
23:48:06.683  由于“保留日志”的原因，已阻止console.clear()
23:48:06.683  (索引)toStringlastIndexdotAllflagsglobalhasIndicesignoreCasemultilinesourcestickyunicodeunicodeSets(索引)toStringlastIndexdotAllflagsglobalhasIndicesignoreCasemultilinesourcestickyunicodeunicodeSetsdepƒ0false''falsefalsefalsefalse' 'falsefalsefalseObject
23:48:06.683  由于“保留日志”的原因，已阻止console.clear()
23:48:06.684  Thu Mar 12 2026 23:47:49 GMT+0800 (中国标准时间)
23:48:06.684  由于“保留日志”的原因，已阻止console.clear()
23:48:06.684  {}
23:48:06.685  由于“保留日志”的原因，已阻止console.clear()
23:48:07.075  [debug 23:48:7 ] 课程任务执行完成 高效处理业务难题
23:48:07.075  [debug 23:48:7 ] null 开始任务中的当前按钮
23:48:07.186  
23:48:07.187  由于“保留日志”的原因，已阻止console.clear()
23:48:07.187  
23:48:07.187  由于“保留日志”的原因，已阻止console.clear()
23:48:07.188  (索引)toStringlastIndexdotAllflagsglobalhasIndicesignoreCasemultilinesourcestickyunicodeunicodeSets(索引)toStringlastIndexdotAllflagsglobalhasIndicesignoreCasemultilinesourcestickyunicodeunicodeSetsdepƒ0false''falsefalsefalsefalse' 'falsefalsefalseObject
23:48:07.188  由于“保留日志”的原因，已阻止console.clear()
23:48:07.188  Thu Mar 12 2026 23:47:49 GMT+0800 (中国标准时间)
23:48:07.188  由于“保留日志”的原因，已阻止console.clear()
23:48:07.188  {}
23:48:07.189  由于“保留日志”的原因，已阻止console.clear()
23:48:07.579  [debug 23:48:7 ] 课程任务执行完成 高效处理业务难题
23:48:07.580  [debug 23:48:7 ] null 开始任务中的当前按钮
23:48:07.690  
23:48:07.690  由于“保留日志”的原因，已阻止console.clear()
23:48:07.690  
23:48:07.690  由于“保留日志”的原因，已阻止console.clear()
23:48:07.690  (索引)toStringlastIndexdotAllflagsglobalhasIndicesignoreCasemultilinesourcestickyunicodeunicodeSets(索引)toStringlastIndexdotAllflagsglobalhasIndicesignoreCasemultilinesourcestickyunicodeunicodeSetsdepƒ0false''falsefalsefalsefalse' 'falsefalsefalseObject
23:48:07.690  由于“保留日志”的原因，已阻止console.clear()
23:48:07.690  Thu Mar 12 2026 23:47:49 GMT+0800 (中国标准时间)
23:48:07.690  由于“保留日志”的原因，已阻止console.clear()
23:48:07.690  {}
23:48:07.690  由于“保留日志”的原因，已阻止console.clear()
23:48:08.069  [debug 23:48:8 ] 课程任务执行完成 高效处理业务难题
23:48:08.070  [debug 23:48:8 ] null 开始任务中的当前按钮
23:48:08.196  
23:48:08.196  由于“保留日志”的原因，已阻止console.clear()
23:48:08.197  
23:48:08.197  由于“保留日志”的原因，已阻止console.clear()
23:48:08.197  (索引)toStringlastIndexdotAllflagsglobalhasIndicesignoreCasemultilinesourcestickyunicodeunicodeSets(索引)toStringlastIndexdotAllflagsglobalhasIndicesignoreCasemultilinesourcestickyunicodeunicodeSetsdepƒ0false''falsefalsefalsefalse' 'falsefalsefalseObject
23:48:08.198  由于“保留日志”的原因，已阻止console.clear()
23:48:08.198  Thu Mar 12 2026 23:47:49 GMT+0800 (中国标准时间)
23:48:08.198  由于“保留日志”的原因，已阻止console.clear()
23:48:08.198  {}
23:48:08.199  由于“保留日志”的原因，已阻止console.clear()
23:48:08.571  [debug 23:48:8 ] 课程任务执行完成 高效处理业务难题
23:48:08.572  [debug 23:48:8 ] null 开始任务中的当前按钮
23:48:08.712  
23:48:08.713  由于“保留日志”的原因，已阻止console.clear()
23:48:08.713  
23:48:08.714  由于“保留日志”的原因，已阻止console.clear()
23:48:08.714  (索引)toStringlastIndexdotAllflagsglobalhasIndicesignoreCasemultilinesourcestickyunicodeunicodeSets(索引)toStringlastIndexdotAllflagsglobalhasIndicesignoreCasemultilinesourcestickyunicodeunicodeSetsdepƒ0false''falsefalsefalsefalse' 'falsefalsefalseObject
23:48:08.714  由于“保留日志”的原因，已阻止console.clear()
23:48:08.714  Thu Mar 12 2026 23:47:49 GMT+0800 (中国标准时间)
23:48:08.715  由于“保留日志”的原因，已阻止console.clear()
23:48:08.715  {}
23:48:08.715  由于“保留日志”的原因，已阻止console.clear()
23:48:09.074  [debug 23:48:9 ] 课程任务执行完成 高效处理业务难题
23:48:09.074  [debug 23:48:9 ] null 开始任务中的当前按钮
23:48:09.216  
23:48:09.216  由于“保留日志”的原因，已阻止console.clear()
23:48:09.217  
23:48:09.217  由于“保留日志”的原因，已阻止console.clear()
23:48:09.217  (索引)toStringlastIndexdotAllflagsglobalhasIndicesignoreCasemultilinesourcestickyunicodeunicodeSets(索引)toStringlastIndexdotAllflagsglobalhasIndicesignoreCasemultilinesourcestickyunicodeunicodeSetsdepƒ0false''falsefalsefalsefalse' 'falsefalsefalseObject
23:48:09.217  由于“保留日志”的原因，已阻止console.clear()
23:48:09.217  Thu Mar 12 2026 23:47:49 GMT+0800 (中国标准时间)
23:48:09.217  由于“保留日志”的原因，已阻止console.clear()
23:48:09.217  {}
23:48:09.217  由于“保留日志”的原因，已阻止console.clear()
23:48:09.579  [debug 23:48:9 ] 课程任务执行完成 高效处理业务难题
23:48:09.580  [debug 23:48:9 ] null 开始任务中的当前按钮
23:48:09.721  
23:48:09.722  由于“保留日志”的原因，已阻止console.clear()
23:48:09.722  
23:48:09.722  由于“保留日志”的原因，已阻止console.clear()
23:48:09.722  (索引)toStringlastIndexdotAllflagsglobalhasIndicesignoreCasemultilinesourcestickyunicodeunicodeSets(索引)toStringlastIndexdotAllflagsglobalhasIndicesignoreCasemultilinesourcestickyunicodeunicodeSetsdepƒ0false''falsefalsefalsefalse' 'falsefalsefalseObject
23:48:09.723  由于“保留日志”的原因，已阻止console.clear()
23:48:09.723  Thu Mar 12 2026 23:47:49 GMT+0800 (中国标准时间)
23:48:09.723  由于“保留日志”的原因，已阻止console.clear()
23:48:09.724  {}
23:48:09.724  由于“保留日志”的原因，已阻止console.clear()
23:48:10.079  [debug 23:48:10 ] 课程任务执行完成 高效处理业务难题
23:48:10.080  [debug 23:48:10 ] null 开始任务中的当前按钮
23:48:10.239  
23:48:10.239  由于“保留日志”的原因，已阻止console.clear()
23:48:10.239  
23:48:10.239  由于“保留日志”的原因，已阻止console.clear()
23:48:10.240  (索引)toStringlastIndexdotAllflagsglobalhasIndicesignoreCasemultilinesourcestickyunicodeunicodeSets(索引)toStringlastIndexdotAllflagsglobalhasIndicesignoreCasemultilinesourcestickyunicodeunicodeSetsdepƒ0false''falsefalsefalsefalse' 'falsefalsefalseObject
23:48:10.240  由于“保留日志”的原因，已阻止console.clear()
23:48:10.240  Thu Mar 12 2026 23:47:49 GMT+0800 (中国标准时间)
23:48:10.241  由于“保留日志”的原因，已阻止console.clear()
23:48:10.241  {}
23:48:10.242  由于“保留日志”的原因，已阻止console.clear()
23:48:10.569  [debug 23:48:10 ] 课程任务执行完成 高效处理业务难题
23:48:10.569  [debug 23:48:10 ] null 开始任务中的当前按钮
23:48:10.756  
23:48:10.756  由于“保留日志”的原因，已阻止console.clear()
23:48:10.756  
23:48:10.756  由于“保留日志”的原因，已阻止console.clear()
23:48:10.757  (索引)toStringlastIndexdotAllflagsglobalhasIndicesignoreCasemultilinesourcestickyunicodeunicodeSets(索引)toStringlastIndexdotAllflagsglobalhasIndicesignoreCasemultilinesourcestickyunicodeunicodeSetsdepƒ0false''falsefalsefalsefalse' 'falsefalsefalseObject
23:48:10.757  由于“保留日志”的原因，已阻止console.clear()
23:48:10.757  Thu Mar 12 2026 23:47:49 GMT+0800 (中国标准时间)
23:48:10.757  由于“保留日志”的原因，已阻止console.clear()
23:48:10.757  {}
23:48:10.757  由于“保留日志”的原因，已阻止console.clear()
23:48:11.071  [debug 23:48:11 ] 课程任务执行完成 高效处理业务难题
23:48:11.071  [debug 23:48:11 ] null 开始任务中的当前按钮
23:48:11.260  
23:48:11.260  由于“保留日志”的原因，已阻止console.clear()
23:48:11.261  
23:48:11.261  由于“保留日志”的原因，已阻止console.clear()
23:48:11.261  (索引)toStringlastIndexdotAllflagsglobalhasIndicesignoreCasemultilinesourcestickyunicodeunicodeSets(索引)toStringlastIndexdotAllflagsglobalhasIndicesignoreCasemultilinesourcestickyunicodeunicodeSetsdepƒ0false''falsefalsefalsefalse' 'falsefalsefalseObject
23:48:11.261  由于“保留日志”的原因，已阻止console.clear()
23:48:11.262  Thu Mar 12 2026 23:47:49 GMT+0800 (中国标准时间)
23:48:11.262  由于“保留日志”的原因，已阻止console.clear()
23:48:11.263  {}
23:48:11.263  由于“保留日志”的原因，已阻止console.clear()
23:48:11.571  [debug 23:48:11 ] 课程任务执行完成 高效处理业务难题
23:48:11.571  [debug 23:48:11 ] null 开始任务中的当前按钮
23:48:11.777  
23:48:11.777  由于“保留日志”的原因，已阻止console.clear()
23:48:11.777  
23:48:11.777  由于“保留日志”的原因，已阻止console.clear()
23:48:11.777  (索引)toStringlastIndexdotAllflagsglobalhasIndicesignoreCasemultilinesourcestickyunicodeunicodeSets(索引)toStringlastIndexdotAllflagsglobalhasIndicesignoreCasemultilinesourcestickyunicodeunicodeSetsdepƒ0false''falsefalsefalsefalse' 'falsefalsefalseObject
23:48:11.777  由于“保留日志”的原因，已阻止console.clear()
23:48:11.777  Thu Mar 12 2026 23:47:49 GMT+0800 (中国标准时间)
23:48:11.777  由于“保留日志”的原因，已阻止console.clear()
23:48:11.777  {}
23:48:11.777  由于“保留日志”的原因，已阻止console.clear()
23:48:12.073  [debug 23:48:12 ] 课程任务执行完成 高效处理业务难题
23:48:12.073  [debug 23:48:12 ] null 开始任务中的当前按钮
23:48:12.278  
23:48:12.278  由于“保留日志”的原因，已阻止console.clear()
23:48:12.278  
23:48:12.278  由于“保留日志”的原因，已阻止console.clear()
23:48:12.278  (索引)toStringlastIndexdotAllflagsglobalhasIndicesignoreCasemultilinesourcestickyunicodeunicodeSets(索引)toStringlastIndexdotAllflagsglobalhasIndicesignoreCasemultilinesourcestickyunicodeunicodeSetsdepƒ0false''falsefalsefalsefalse' 'falsefalsefalseObject
23:48:12.278  由于“保留日志”的原因，已阻止console.clear()
23:48:12.278  Thu Mar 12 2026 23:47:49 GMT+0800 (中国标准时间)
23:48:12.278  由于“保留日志”的原因，已阻止console.clear()
23:48:12.279  {}
23:48:12.279  由于“保留日志”的原因，已阻止console.clear()
23:48:12.578  [debug 23:48:12 ] 课程任务执行完成 高效处理业务难题
23:48:12.579  [debug 23:48:12 ] null 开始任务中的当前按钮
23:48:12.785  
23:48:12.785  由于“保留日志”的原因，已阻止console.clear()
23:48:12.785  
23:48:12.785  由于“保留日志”的原因，已阻止console.clear()
23:48:12.785  (索引)toStringlastIndexdotAllflagsglobalhasIndicesignoreCasemultilinesourcestickyunicodeunicodeSets(索引)toStringlastIndexdotAllflagsglobalhasIndicesignoreCasemultilinesourcestickyunicodeunicodeSetsdepƒ0false''falsefalsefalsefalse' 'falsefalsefalseObject
23:48:12.786  由于“保留日志”的原因，已阻止console.clear()
23:48:12.787  Thu Mar 12 2026 23:47:49 GMT+0800 (中国标准时间)
23:48:12.787  由于“保留日志”的原因，已阻止console.clear()
23:48:12.787  {}
23:48:12.788  由于“保留日志”的原因，已阻止console.clear()
23:48:13.066  [debug 23:48:13 ] 课程任务执行完成 高效处理业务难题
23:48:13.066  [debug 23:48:13 ] null 开始任务中的当前按钮
23:48:13.301  
23:48:13.302  由于“保留日志”的原因，已阻止console.clear()
23:48:13.302  
23:48:13.302  由于“保留日志”的原因，已阻止console.clear()
23:48:13.302  (索引)toStringlastIndexdotAllflagsglobalhasIndicesignoreCasemultilinesourcestickyunicodeunicodeSets(索引)toStringlastIndexdotAllflagsglobalhasIndicesignoreCasemultilinesourcestickyunicodeunicodeSetsdepƒ0false''falsefalsefalsefalse' 'falsefalsefalseObject
23:48:13.302  由于“保留日志”的原因，已阻止console.clear()
23:48:13.302  Thu Mar 12 2026 23:47:49 GMT+0800 (中国标准时间)
23:48:13.302  由于“保留日志”的原因，已阻止console.clear()
23:48:13.302  {}
23:48:13.302  由于“保留日志”的原因，已阻止console.clear()
23:48:13.581  [debug 23:48:13 ] 课程任务执行完成 高效处理业务难题
23:48:13.581  [debug 23:48:13 ] null 开始任务中的当前按钮
23:48:13.818  
23:48:13.819  由于“保留日志”的原因，已阻止console.clear()
23:48:13.819  
23:48:13.819  由于“保留日志”的原因，已阻止console.clear()
23:48:13.820  (索引)toStringlastIndexdotAllflagsglobalhasIndicesignoreCasemultilinesourcestickyunicodeunicodeSets(索引)toStringlastIndexdotAllflagsglobalhasIndicesignoreCasemultilinesourcestickyunicodeunicodeSetsdepƒ0false''falsefalsefalsefalse' 'falsefalsefalseObject
23:48:13.820  由于“保留日志”的原因，已阻止console.clear()
23:48:13.820  Thu Mar 12 2026 23:47:49 GMT+0800 (中国标准时间)
23:48:13.821  由于“保留日志”的原因，已阻止console.clear()
23:48:13.821  {}
23:48:13.822  由于“保留日志”的原因，已阻止console.clear()
23:48:14.068  [debug 23:48:14 ] 课程任务执行完成 高效处理业务难题
23:48:14.069  [debug 23:48:14 ] null 开始任务中的当前按钮
23:48:14.335  
23:48:14.336  由于“保留日志”的原因，已阻止console.clear()
23:48:14.336  
23:48:14.336  由于“保留日志”的原因，已阻止console.clear()
23:48:14.337  (索引)toStringlastIndexdotAllflagsglobalhasIndicesignoreCasemultilinesourcestickyunicodeunicodeSets(索引)toStringlastIndexdotAllflagsglobalhasIndicesignoreCasemultilinesourcestickyunicodeunicodeSetsdepƒ0false''falsefalsefalsefalse' 'falsefalsefalseObject
23:48:14.337  由于“保留日志”的原因，已阻止console.clear()
23:48:14.337  Thu Mar 12 2026 23:47:49 GMT+0800 (中国标准时间)
23:48:14.338  由于“保留日志”的原因，已阻止console.clear()
23:48:14.338  {}
23:48:14.338  由于“保留日志”的原因，已阻止console.clear()
23:48:14.571  [debug 23:48:14 ] 课程任务执行完成 高效处理业务难题
23:48:14.572  [debug 23:48:14 ] null 开始任务中的当前按钮
23:48:14.840  
23:48:14.841  由于“保留日志”的原因，已阻止console.clear()
23:48:14.841  
23:48:14.841  由于“保留日志”的原因，已阻止console.clear()
23:48:14.841  (索引)toStringlastIndexdotAllflagsglobalhasIndicesignoreCasemultilinesourcestickyunicodeunicodeSets(索引)toStringlastIndexdotAllflagsglobalhasIndicesignoreCasemultilinesourcestickyunicodeunicodeSetsdepƒ0false''falsefalsefalsefalse' 'falsefalsefalseObject
23:48:14.842  由于“保留日志”的原因，已阻止console.clear()
23:48:14.842  Thu Mar 12 2026 23:47:49 GMT+0800 (中国标准时间)
23:48:14.842  由于“保留日志”的原因，已阻止console.clear()
23:48:14.843  {}
23:48:14.843  由于“保留日志”的原因，已阻止console.clear()
23:48:15.078  [debug 23:48:15 ] 课程任务执行完成 高效处理业务难题
23:48:15.078  [debug 23:48:15 ] null 开始任务中的当前按钮
23:48:15.346  
23:48:15.346  由于“保留日志”的原因，已阻止console.clear()
23:48:15.346  
23:48:15.346  由于“保留日志”的原因，已阻止console.clear()
23:48:15.346  (索引)toStringlastIndexdotAllflagsglobalhasIndicesignoreCasemultilinesourcestickyunicodeunicodeSets(索引)toStringlastIndexdotAllflagsglobalhasIndicesignoreCasemultilinesourcestickyunicodeunicodeSetsdepƒ0false''falsefalsefalsefalse' 'falsefalsefalseObject
23:48:15.346  由于“保留日志”的原因，已阻止console.clear()
23:48:15.347  Thu Mar 12 2026 23:47:49 GMT+0800 (中国标准时间)
23:48:15.347  由于“保留日志”的原因，已阻止console.clear()
23:48:15.347  {}
23:48:15.347  由于“保留日志”的原因，已阻止console.clear()
23:48:15.566  [debug 23:48:15 ] 课程任务执行完成 高效处理业务难题
23:48:15.567  [debug 23:48:15 ] null 开始任务中的当前按钮
23:48:15.849  
23:48:15.849  由于“保留日志”的原因，已阻止console.clear()
23:48:15.849  
23:48:15.849  由于“保留日志”的原因，已阻止console.clear()
23:48:15.849  (索引)toStringlastIndexdotAllflagsglobalhasIndicesignoreCasemultilinesourcestickyunicodeunicodeSets(索引)toStringlastIndexdotAllflagsglobalhasIndicesignoreCasemultilinesourcestickyunicodeunicodeSetsdepƒ0false''falsefalsefalsefalse' 'falsefalsefalseObject
23:48:15.850  由于“保留日志”的原因，已阻止console.clear()
23:48:15.850  Thu Mar 12 2026 23:47:49 GMT+0800 (中国标准时间)
23:48:15.850  由于“保留日志”的原因，已阻止console.clear()
23:48:15.851  {}
23:48:15.851  由于“保留日志”的原因，已阻止console.clear()
23:48:16.069  [debug 23:48:16 ] 课程任务执行完成 高效处理业务难题
23:48:16.069  [debug 23:48:16 ] null 开始任务中的当前按钮
23:48:16.353  
23:48:16.354  由于“保留日志”的原因，已阻止console.clear()
23:48:16.354  
23:48:16.354  由于“保留日志”的原因，已阻止console.clear()
23:48:16.354  (索引)toStringlastIndexdotAllflagsglobalhasIndicesignoreCasemultilinesourcestickyunicodeunicodeSets(索引)toStringlastIndexdotAllflagsglobalhasIndicesignoreCasemultilinesourcestickyunicodeunicodeSetsdepƒ0false''falsefalsefalsefalse' 'falsefalsefalseObject
23:48:16.354  由于“保留日志”的原因，已阻止console.clear()
23:48:16.354  Thu Mar 12 2026 23:47:49 GMT+0800 (中国标准时间)
23:48:16.355  由于“保留日志”的原因，已阻止console.clear()
23:48:16.355  {}
23:48:16.355  由于“保留日志”的原因，已阻止console.clear()
23:48:16.569  [debug 23:48:16 ] 课程任务执行完成 高效处理业务难题
23:48:16.570  [debug 23:48:16 ] null 开始任务中的当前按钮
23:48:16.869  
23:48:16.869  由于“保留日志”的原因，已阻止console.clear()
23:48:16.869  
23:48:16.869  由于“保留日志”的原因，已阻止console.clear()
23:48:16.869  (索引)toStringlastIndexdotAllflagsglobalhasIndicesignoreCasemultilinesourcestickyunicodeunicodeSets(索引)toStringlastIndexdotAllflagsglobalhasIndicesignoreCasemultilinesourcestickyunicodeunicodeSetsdepƒ0false''falsefalsefalsefalse' 'falsefalsefalseObject
23:48:16.869  由于“保留日志”的原因，已阻止console.clear()
23:48:16.869  Thu Mar 12 2026 23:47:49 GMT+0800 (中国标准时间)
23:48:16.869  由于“保留日志”的原因，已阻止console.clear()
23:48:16.869  {}
23:48:16.869  由于“保留日志”的原因，已阻止console.clear()
23:48:17.072  [debug 23:48:17 ] 课程任务执行完成 高效处理业务难题
23:48:17.072  [debug 23:48:17 ] null 开始任务中的当前按钮
23:48:17.382  
23:48:17.383  由于“保留日志”的原因，已阻止console.clear()
23:48:17.383  
23:48:17.383  由于“保留日志”的原因，已阻止console.clear()
23:48:17.383  (索引)toStringlastIndexdotAllflagsglobalhasIndicesignoreCasemultilinesourcestickyunicodeunicodeSets(索引)toStringlastIndexdotAllflagsglobalhasIndicesignoreCasemultilinesourcestickyunicodeunicodeSetsdepƒ0false''falsefalsefalsefalse' 'falsefalsefalseObject
23:48:17.383  由于“保留日志”的原因，已阻止console.clear()
23:48:17.383  Thu Mar 12 2026 23:47:49 GMT+0800 (中国标准时间)
23:48:17.383  由于“保留日志”的原因，已阻止console.clear()
23:48:17.384  {}
23:48:17.384  由于“保留日志”的原因，已阻止console.clear()
23:48:17.570  [debug 23:48:17 ] 课程任务执行完成 高效处理业务难题
23:48:17.570  [debug 23:48:17 ] null 开始任务中的当前按钮
23:48:17.886  
23:48:17.886  由于“保留日志”的原因，已阻止console.clear()
23:48:17.887  
23:48:17.887  由于“保留日志”的原因，已阻止console.clear()
23:48:17.887  (索引)toStringlastIndexdotAllflagsglobalhasIndicesignoreCasemultilinesourcestickyunicodeunicodeSets(索引)toStringlastIndexdotAllflagsglobalhasIndicesignoreCasemultilinesourcestickyunicodeunicodeSetsdepƒ0false''falsefalsefalsefalse' 'falsefalsefalseObject
23:48:17.887  由于“保留日志”的原因，已阻止console.clear()
23:48:17.888  Thu Mar 12 2026 23:47:49 GMT+0800 (中国标准时间)
23:48:17.888  由于“保留日志”的原因，已阻止console.clear()
23:48:17.888  {}
23:48:17.888  由于“保留日志”的原因，已阻止console.clear()
23:48:18.073  [debug 23:48:18 ] 课程任务执行完成 高效处理业务难题
23:48:18.074  [debug 23:48:18 ] null 开始任务中的当前按钮
23:48:18.392  
23:48:18.393  由于“保留日志”的原因，已阻止console.clear()
23:48:18.394  
23:48:18.394  由于“保留日志”的原因，已阻止console.clear()
23:48:18.394  (索引)toStringlastIndexdotAllflagsglobalhasIndicesignoreCasemultilinesourcestickyunicodeunicodeSets(索引)toStringlastIndexdotAllflagsglobalhasIndicesignoreCasemultilinesourcestickyunicodeunicodeSetsdepƒ0false''falsefalsefalsefalse' 'falsefalsefalseObject
23:48:18.395  由于“保留日志”的原因，已阻止console.clear()
23:48:18.396  Thu Mar 12 2026 23:47:49 GMT+0800 (中国标准时间)
23:48:18.397  由于“保留日志”的原因，已阻止console.clear()
23:48:18.397  {}
23:48:18.397  由于“保留日志”的原因，已阻止console.clear()
23:48:18.579  [debug 23:48:18 ] 课程任务执行完成 高效处理业务难题
23:48:18.580  [debug 23:48:18 ] null 开始任务中的当前按钮
23:48:18.911  
23:48:18.911  由于“保留日志”的原因，已阻止console.clear()
23:48:18.911  
23:48:18.912  由于“保留日志”的原因，已阻止console.clear()
23:48:18.912  (索引)toStringlastIndexdotAllflagsglobalhasIndicesignoreCasemultilinesourcestickyunicodeunicodeSets(索引)toStringlastIndexdotAllflagsglobalhasIndicesignoreCasemultilinesourcestickyunicodeunicodeSetsdepƒ0false''falsefalsefalsefalse' 'falsefalsefalseObject
23:48:18.912  由于“保留日志”的原因，已阻止console.clear()
23:48:18.913  Thu Mar 12 2026 23:47:49 GMT+0800 (中国标准时间)
23:48:18.913  由于“保留日志”的原因，已阻止console.clear()
23:48:18.914  {}
23:48:18.914  由于“保留日志”的原因，已阻止console.clear()
23:48:19.067  [debug 23:48:19 ] 课程任务执行完成 高效处理业务难题
23:48:19.068  [debug 23:48:19 ] null 开始任务中的当前按钮
23:48:19.431  
23:48:19.431  由于“保留日志”的原因，已阻止console.clear()
23:48:19.432  
23:48:19.432  由于“保留日志”的原因，已阻止console.clear()
23:48:19.432  (索引)toStringlastIndexdotAllflagsglobalhasIndicesignoreCasemultilinesourcestickyunicodeunicodeSets(索引)toStringlastIndexdotAllflagsglobalhasIndicesignoreCasemultilinesourcestickyunicodeunicodeSetsdepƒ0false''falsefalsefalsefalse' 'falsefalsefalseObject
23:48:19.432  由于“保留日志”的原因，已阻止console.clear()
23:48:19.433  Thu Mar 12 2026 23:47:49 GMT+0800 (中国标准时间)
23:48:19.433  由于“保留日志”的原因，已阻止console.clear()
23:48:19.433  {}
23:48:19.433  由于“保留日志”的原因，已阻止console.clear()
23:48:19.572  [debug 23:48:19 ] 课程任务执行完成 高效处理业务难题
23:48:19.572  [debug 23:48:19 ] null 开始任务中的当前按钮
23:48:19.949  
23:48:19.949  由于“保留日志”的原因，已阻止console.clear()
23:48:19.949  
23:48:19.950  由于“保留日志”的原因，已阻止console.clear()
23:48:19.950  (索引)toStringlastIndexdotAllflagsglobalhasIndicesignoreCasemultilinesourcestickyunicodeunicodeSets(索引)toStringlastIndexdotAllflagsglobalhasIndicesignoreCasemultilinesourcestickyunicodeunicodeSetsdepƒ0false''falsefalsefalsefalse' 'falsefalsefalseObject
23:48:19.950  由于“保留日志”的原因，已阻止console.clear()
23:48:19.951  Thu Mar 12 2026 23:47:49 GMT+0800 (中国标准时间)
23:48:19.951  由于“保留日志”的原因，已阻止console.clear()
23:48:19.952  {}
23:48:19.952  由于“保留日志”的原因，已阻止console.clear()
23:48:20.075  [debug 23:48:20 ] 课程任务执行完成 高效处理业务难题
23:48:20.075  [debug 23:48:20 ] null 开始任务中的当前按钮
23:48:20.468  
23:48:20.468  由于“保留日志”的原因，已阻止console.clear()
23:48:20.468  
23:48:20.468  由于“保留日志”的原因，已阻止console.clear()
23:48:20.468  (索引)toStringlastIndexdotAllflagsglobalhasIndicesignoreCasemultilinesourcestickyunicodeunicodeSets(索引)toStringlastIndexdotAllflagsglobalhasIndicesignoreCasemultilinesourcestickyunicodeunicodeSetsdepƒ0false''falsefalsefalsefalse' 'falsefalsefalseObject
23:48:20.468  由于“保留日志”的原因，已阻止console.clear()
23:48:20.468  Thu Mar 12 2026 23:47:49 GMT+0800 (中国标准时间)
23:48:20.468  由于“保留日志”的原因，已阻止console.clear()
23:48:20.468  {}
23:48:20.468  由于“保留日志”的原因，已阻止console.clear()
23:48:20.578  [debug 23:48:20 ] 课程任务执行完成 高效处理业务难题
23:48:20.579  [debug 23:48:20 ] null 开始任务中的当前按钮
23:48:20.971  
23:48:20.971  由于“保留日志”的原因，已阻止console.clear()
23:48:20.971  
23:48:20.971  由于“保留日志”的原因，已阻止console.clear()
23:48:20.971  (索引)toStringlastIndexdotAllflagsglobalhasIndicesignoreCasemultilinesourcestickyunicodeunicodeSets(索引)toStringlastIndexdotAllflagsglobalhasIndicesignoreCasemultilinesourcestickyunicodeunicodeSetsdepƒ0false''falsefalsefalsefalse' 'falsefalsefalseObject
23:48:20.972  由于“保留日志”的原因，已阻止console.clear()
23:48:20.972  Thu Mar 12 2026 23:47:49 GMT+0800 (中国标准时间)
23:48:20.972  由于“保留日志”的原因，已阻止console.clear()
23:48:20.972  {}
23:48:20.972  由于“保留日志”的原因，已阻止console.clear()
23:48:21.081  [debug 23:48:21 ] 课程任务执行完成 高效处理业务难题
23:48:21.081  [debug 23:48:21 ] null 开始任务中的当前按钮
23:48:21.475  
23:48:21.476  由于“保留日志”的原因，已阻止console.clear()
23:48:21.476  
23:48:21.476  由于“保留日志”的原因，已阻止console.clear()
23:48:21.477  (索引)toStringlastIndexdotAllflagsglobalhasIndicesignoreCasemultilinesourcestickyunicodeunicodeSets(索引)toStringlastIndexdotAllflagsglobalhasIndicesignoreCasemultilinesourcestickyunicodeunicodeSetsdepƒ0false''falsefalsefalsefalse' 'falsefalsefalseObject
23:48:21.477  由于“保留日志”的原因，已阻止console.clear()
23:48:21.477  Thu Mar 12 2026 23:47:49 GMT+0800 (中国标准时间)
23:48:21.478  由于“保留日志”的原因，已阻止console.clear()
23:48:21.478  {}
23:48:21.478  由于“保留日志”的原因，已阻止console.clear()
23:48:21.569  [debug 23:48:21 ] 课程任务执行完成 高效处理业务难题
23:48:21.569  [debug 23:48:21 ] null 开始任务中的当前按钮
23:48:21.981  
23:48:21.982  由于“保留日志”的原因，已阻止console.clear()
23:48:21.982  
23:48:21.982  由于“保留日志”的原因，已阻止console.clear()
23:48:21.982  (索引)toStringlastIndexdotAllflagsglobalhasIndicesignoreCasemultilinesourcestickyunicodeunicodeSets(索引)toStringlastIndexdotAllflagsglobalhasIndicesignoreCasemultilinesourcestickyunicodeunicodeSetsdepƒ0false''falsefalsefalsefalse' 'falsefalsefalseObject
23:48:21.983  由于“保留日志”的原因，已阻止console.clear()
23:48:21.983  Thu Mar 12 2026 23:47:49 GMT+0800 (中国标准时间)
23:48:21.983  由于“保留日志”的原因，已阻止console.clear()
23:48:21.983  {}
23:48:21.984  由于“保留日志”的原因，已阻止console.clear()
23:48:22.068  [debug 23:48:22 ] 课程任务执行完成 高效处理业务难题
23:48:22.068  [debug 23:48:22 ] null 开始任务中的当前按钮
23:48:22.493  
23:48:22.494  由于“保留日志”的原因，已阻止console.clear()
23:48:22.494  
23:48:22.494  由于“保留日志”的原因，已阻止console.clear()
23:48:22.494  (索引)toStringlastIndexdotAllflagsglobalhasIndicesignoreCasemultilinesourcestickyunicodeunicodeSets(索引)toStringlastIndexdotAllflagsglobalhasIndicesignoreCasemultilinesourcestickyunicodeunicodeSetsdepƒ0false''falsefalsefalsefalse' 'falsefalsefalseObject
23:48:22.495  由于“保留日志”的原因，已阻止console.clear()
23:48:22.495  Thu Mar 12 2026 23:47:49 GMT+0800 (中国标准时间)
23:48:22.495  由于“保留日志”的原因，已阻止console.clear()
23:48:22.495  {}
23:48:22.496  由于“保留日志”的原因，已阻止console.clear()
23:48:22.571  [debug 23:48:22 ] 课程任务执行完成 高效处理业务难题
23:48:22.572  [debug 23:48:22 ] null 开始任务中的当前按钮
23:48:23.013  
23:48:23.013  由于“保留日志”的原因，已阻止console.clear()
23:48:23.013  
23:48:23.013  由于“保留日志”的原因，已阻止console.clear()
23:48:23.014  (索引)toStringlastIndexdotAllflagsglobalhasIndicesignoreCasemultilinesourcestickyunicodeunicodeSets(索引)toStringlastIndexdotAllflagsglobalhasIndicesignoreCasemultilinesourcestickyunicodeunicodeSetsdepƒ0false''falsefalsefalsefalse' 'falsefalsefalseObject
23:48:23.014  由于“保留日志”的原因，已阻止console.clear()
23:48:23.014  Thu Mar 12 2026 23:47:49 GMT+0800 (中国标准时间)
23:48:23.015  由于“保留日志”的原因，已阻止console.clear()
23:48:23.015  {}
23:48:23.015  由于“保留日志”的原因，已阻止console.clear()
23:48:23.074  [debug 23:48:23 ] 课程任务执行完成 高效处理业务难题
23:48:23.075  [debug 23:48:23 ] null 开始任务中的当前按钮
23:48:23.516  
23:48:23.516  由于“保留日志”的原因，已阻止console.clear()
23:48:23.516  
23:48:23.516  由于“保留日志”的原因，已阻止console.clear()
23:48:23.517  (索引)toStringlastIndexdotAllflagsglobalhasIndicesignoreCasemultilinesourcestickyunicodeunicodeSets(索引)toStringlastIndexdotAllflagsglobalhasIndicesignoreCasemultilinesourcestickyunicodeunicodeSetsdepƒ0false''falsefalsefalsefalse' 'falsefalsefalseObject
23:48:23.517  由于“保留日志”的原因，已阻止console.clear()
23:48:23.517  Thu Mar 12 2026 23:47:49 GMT+0800 (中国标准时间)
23:48:23.517  由于“保留日志”的原因，已阻止console.clear()
23:48:23.517  {}
23:48:23.517  由于“保留日志”的原因，已阻止console.clear()
23:48:23.580  [debug 23:48:23 ] 课程任务执行完成 高效处理业务难题
23:48:23.580  [debug 23:48:23 ] null 开始任务中的当前按钮
23:48:24.021  
23:48:24.022  由于“保留日志”的原因，已阻止console.clear()
23:48:24.022  
23:48:24.022  由于“保留日志”的原因，已阻止console.clear()
23:48:24.023  (索引)toStringlastIndexdotAllflagsglobalhasIndicesignoreCasemultilinesourcestickyunicodeunicodeSets(索引)toStringlastIndexdotAllflagsglobalhasIndicesignoreCasemultilinesourcestickyunicodeunicodeSetsdepƒ0false''falsefalsefalsefalse' 'falsefalsefalseObject
23:48:24.023  由于“保留日志”的原因，已阻止console.clear()
23:48:24.024  Thu Mar 12 2026 23:47:49 GMT+0800 (中国标准时间)
23:48:24.024  由于“保留日志”的原因，已阻止console.clear()
23:48:24.025  {}
23:48:24.025  由于“保留日志”的原因，已阻止console.clear()
23:48:24.068  [debug 23:48:24 ] 课程任务执行完成 高效处理业务难题
23:48:24.068  [debug 23:48:24 ] null 开始任务中的当前按钮
23:48:24.538  
23:48:24.538  由于“保留日志”的原因，已阻止console.clear()
23:48:24.539  
23:48:24.539  由于“保留日志”的原因，已阻止console.clear()
23:48:24.539  (索引)toStringlastIndexdotAllflagsglobalhasIndicesignoreCasemultilinesourcestickyunicodeunicodeSets(索引)toStringlastIndexdotAllflagsglobalhasIndicesignoreCasemultilinesourcestickyunicodeunicodeSetsdepƒ0false''falsefalsefalsefalse' 'falsefalsefalseObject
23:48:24.539  由于“保留日志”的原因，已阻止console.clear()
23:48:24.539  Thu Mar 12 2026 23:47:49 GMT+0800 (中国标准时间)
23:48:24.539  由于“保留日志”的原因，已阻止console.clear()
23:48:24.539  {}
23:48:24.539  由于“保留日志”的原因，已阻止console.clear()
23:48:24.570  [debug 23:48:24 ] 课程任务执行完成 高效处理业务难题
23:48:24.570  [debug 23:48:24 ] null 开始任务中的当前按钮
23:48:25.043  
23:48:25.043  由于“保留日志”的原因，已阻止console.clear()
23:48:25.043  
23:48:25.043  由于“保留日志”的原因，已阻止console.clear()
23:48:25.043  (索引)toStringlastIndexdotAllflagsglobalhasIndicesignoreCasemultilinesourcestickyunicodeunicodeSets(索引)toStringlastIndexdotAllflagsglobalhasIndicesignoreCasemultilinesourcestickyunicodeunicodeSetsdepƒ0false''falsefalsefalsefalse' 'falsefalsefalseObject
23:48:25.044  由于“保留日志”的原因，已阻止console.clear()
23:48:25.044  Thu Mar 12 2026 23:47:49 GMT+0800 (中国标准时间)
23:48:25.044  由于“保留日志”的原因，已阻止console.clear()
23:48:25.044  {}
23:48:25.044  由于“保留日志”的原因，已阻止console.clear()
23:48:25.074  [debug 23:48:25 ] 课程任务执行完成 高效处理业务难题
23:48:25.074  [debug 23:48:25 ] null 开始任务中的当前按钮
23:48:25.560  
23:48:25.560  由于“保留日志”的原因，已阻止console.clear()
23:48:25.561  
23:48:25.561  由于“保留日志”的原因，已阻止console.clear()
23:48:25.561  (索引)toStringlastIndexdotAllflagsglobalhasIndicesignoreCasemultilinesourcestickyunicodeunicodeSets(索引)toStringlastIndexdotAllflagsglobalhasIndicesignoreCasemultilinesourcestickyunicodeunicodeSetsdepƒ0false''falsefalsefalsefalse' 'falsefalsefalseObject
23:48:25.561  由于“保留日志”的原因，已阻止console.clear()
23:48:25.561  Thu Mar 12 2026 23:47:49 GMT+0800 (中国标准时间)
23:48:25.561  由于“保留日志”的原因，已阻止console.clear()
23:48:25.561  {}
23:48:25.561  由于“保留日志”的原因，已阻止console.clear()
23:48:25.576  [debug 23:48:25 ] 课程任务执行完成 高效处理业务难题
23:48:25.576  [debug 23:48:25 ] null 开始任务中的当前按钮
23:48:26.062  
23:48:26.063  由于“保留日志”的原因，已阻止console.clear()
23:48:26.063  
23:48:26.063  由于“保留日志”的原因，已阻止console.clear()
23:48:26.063  (索引)toStringlastIndexdotAllflagsglobalhasIndicesignoreCasemultilinesourcestickyunicodeunicodeSets(索引)toStringlastIndexdotAllflagsglobalhasIndicesignoreCasemultilinesourcestickyunicodeunicodeSetsdepƒ0false''falsefalsefalsefalse' 'falsefalsefalseObject
23:48:26.063  由于“保留日志”的原因，已阻止console.clear()
23:48:26.064  Thu Mar 12 2026 23:47:49 GMT+0800 (中国标准时间)
23:48:26.064  由于“保留日志”的原因，已阻止console.clear()
23:48:26.064  {}
23:48:26.064  由于“保留日志”的原因，已阻止console.clear()
23:48:26.078  [debug 23:48:26 ] 课程任务执行完成 高效处理业务难题
23:48:26.078  [debug 23:48:26 ] null 开始任务中的当前按钮
23:48:26.570  
23:48:26.570  由于“保留日志”的原因，已阻止console.clear()
23:48:26.570  
23:48:26.570  由于“保留日志”的原因，已阻止console.clear()
23:48:26.570  (索引)toStringlastIndexdotAllflagsglobalhasIndicesignoreCasemultilinesourcestickyunicodeunicodeSets(索引)toStringlastIndexdotAllflagsglobalhasIndicesignoreCasemultilinesourcestickyunicodeunicodeSetsdepƒ0false''falsefalsefalsefalse' 'falsefalsefalseObject
23:48:26.570  由于“保留日志”的原因，已阻止console.clear()
23:48:26.570  Thu Mar 12 2026 23:47:49 GMT+0800 (中国标准时间)
23:48:26.570  由于“保留日志”的原因，已阻止console.clear()
23:48:26.570  {}
23:48:26.570  由于“保留日志”的原因，已阻止console.clear()
23:48:26.571  [debug 23:48:26 ] 课程任务执行完成 高效处理业务难题
23:48:26.571  [debug 23:48:26 ] null 开始任务中的当前按钮
23:48:27.073  [debug 23:48:27 ] 课程任务执行完成 高效处理业务难题
23:48:27.074  [debug 23:48:27 ] null 开始任务中的当前按钮
23:48:27.074  
23:48:27.074  由于“保留日志”的原因，已阻止console.clear()
23:48:27.074  
23:48:27.075  由于“保留日志”的原因，已阻止console.clear()
23:48:27.075  (索引)toStringlastIndexdotAllflagsglobalhasIndicesignoreCasemultilinesourcestickyunicodeunicodeSets(索引)toStringlastIndexdotAllflagsglobalhasIndicesignoreCasemultilinesourcestickyunicodeunicodeSetsdepƒ0false''falsefalsefalsefalse' 'falsefalsefalseObject
23:48:27.075  由于“保留日志”的原因，已阻止console.clear()
23:48:27.075  Thu Mar 12 2026 23:47:49 GMT+0800 (中国标准时间)
23:48:27.076  由于“保留日志”的原因，已阻止console.clear()
23:48:27.076  {}
23:48:27.076  由于“保留日志”的原因，已阻止console.clear()
23:48:27.572  [debug 23:48:27 ] 课程任务执行完成 高效处理业务难题
23:48:27.572  [debug 23:48:27 ] null 开始任务中的当前按钮
23:48:27.588  
23:48:27.588  由于“保留日志”的原因，已阻止console.clear()
23:48:27.589  
23:48:27.589  由于“保留日志”的原因，已阻止console.clear()
23:48:27.589  (索引)toStringlastIndexdotAllflagsglobalhasIndicesignoreCasemultilinesourcestickyunicodeunicodeSets(索引)toStringlastIndexdotAllflagsglobalhasIndicesignoreCasemultilinesourcestickyunicodeunicodeSetsdepƒ0false''falsefalsefalsefalse' 'falsefalsefalseObject
23:48:27.589  由于“保留日志”的原因，已阻止console.clear()
23:48:27.589  Thu Mar 12 2026 23:47:49 GMT+0800 (中国标准时间)
23:48:27.590  由于“保留日志”的原因，已阻止console.clear()
23:48:27.590  {}
23:48:27.590  由于“保留日志”的原因，已阻止console.clear()
23:48:28.081  [debug 23:48:28 ] 课程任务执行完成 高效处理业务难题
23:48:28.082  [debug 23:48:28 ] null 开始任务中的当前按钮
23:48:28.097  
23:48:28.098  由于“保留日志”的原因，已阻止console.clear()
23:48:28.098  
23:48:28.098  由于“保留日志”的原因，已阻止console.clear()
23:48:28.098  (索引)toStringlastIndexdotAllflagsglobalhasIndicesignoreCasemultilinesourcestickyunicodeunicodeSets(索引)toStringlastIndexdotAllflagsglobalhasIndicesignoreCasemultilinesourcestickyunicodeunicodeSetsdepƒ0false''falsefalsefalsefalse' 'falsefalsefalseObject
23:48:28.099  由于“保留日志”的原因，已阻止console.clear()
23:48:28.099  Thu Mar 12 2026 23:47:49 GMT+0800 (中国标准时间)
23:48:28.099  由于“保留日志”的原因，已阻止console.clear()
23:48:28.100  {}
23:48:28.100  由于“保留日志”的原因，已阻止console.clear()
23:48:28.568  [debug 23:48:28 ] 课程任务执行完成 高效处理业务难题
23:48:28.568  [debug 23:48:28 ] null 开始任务中的当前按钮
23:48:28.615  
23:48:28.615  由于“保留日志”的原因，已阻止console.clear()
23:48:28.615  
23:48:28.615  由于“保留日志”的原因，已阻止console.clear()
23:48:28.615  (索引)toStringlastIndexdotAllflagsglobalhasIndicesignoreCasemultilinesourcestickyunicodeunicodeSets(索引)toStringlastIndexdotAllflagsglobalhasIndicesignoreCasemultilinesourcestickyunicodeunicodeSetsdepƒ0false''falsefalsefalsefalse' 'falsefalsefalseObject
23:48:28.616  由于“保留日志”的原因，已阻止console.clear()
23:48:28.616  Thu Mar 12 2026 23:47:49 GMT+0800 (中国标准时间)
23:48:28.616  由于“保留日志”的原因，已阻止console.clear()
23:48:28.616  {}
23:48:28.616  由于“保留日志”的原因，已阻止console.clear()
23:48:29.070  [debug 23:48:29 ] 课程任务执行完成 高效处理业务难题
23:48:29.071  [debug 23:48:29 ] null 开始任务中的当前按钮
23:48:29.118  
23:48:29.118  由于“保留日志”的原因，已阻止console.clear()
23:48:29.118  
23:48:29.118  由于“保留日志”的原因，已阻止console.clear()
23:48:29.118  (索引)toStringlastIndexdotAllflagsglobalhasIndicesignoreCasemultilinesourcestickyunicodeunicodeSets(索引)toStringlastIndexdotAllflagsglobalhasIndicesignoreCasemultilinesourcestickyunicodeunicodeSetsdepƒ0false''falsefalsefalsefalse' 'falsefalsefalseObject
23:48:29.119  由于“保留日志”的原因，已阻止console.clear()
23:48:29.119  Thu Mar 12 2026 23:47:49 GMT+0800 (中国标准时间)
23:48:29.119  由于“保留日志”的原因，已阻止console.clear()
23:48:29.119  {}
23:48:29.120  由于“保留日志”的原因，已阻止console.clear()
23:48:29.575  [debug 23:48:29 ] 课程任务执行完成 高效处理业务难题
23:48:29.575  [debug 23:48:29 ] null 开始任务中的当前按钮
23:48:29.622  
23:48:29.622  由于“保留日志”的原因，已阻止console.clear()
23:48:29.622  
23:48:29.622  由于“保留日志”的原因，已阻止console.clear()
23:48:29.622  (索引)toStringlastIndexdotAllflagsglobalhasIndicesignoreCasemultilinesourcestickyunicodeunicodeSets(索引)toStringlastIndexdotAllflagsglobalhasIndicesignoreCasemultilinesourcestickyunicodeunicodeSetsdepƒ0false''falsefalsefalsefalse' 'falsefalsefalseObject
23:48:29.623  由于“保留日志”的原因，已阻止console.clear()
23:48:29.623  Thu Mar 12 2026 23:47:49 GMT+0800 (中国标准时间)
23:48:29.623  由于“保留日志”的原因，已阻止console.clear()
23:48:29.623  {}
23:48:29.623  由于“保留日志”的原因，已阻止console.clear()
23:48:30.075  [debug 23:48:30 ] 课程任务执行完成 高效处理业务难题
23:48:30.076  [debug 23:48:30 ] null 开始任务中的当前按钮
23:48:30.138  
23:48:30.138  由于“保留日志”的原因，已阻止console.clear()
23:48:30.138  
23:48:30.139  由于“保留日志”的原因，已阻止console.clear()
23:48:30.139  (索引)toStringlastIndexdotAllflagsglobalhasIndicesignoreCasemultilinesourcestickyunicodeunicodeSets(索引)toStringlastIndexdotAllflagsglobalhasIndicesignoreCasemultilinesourcestickyunicodeunicodeSetsdepƒ0false''falsefalsefalsefalse' 'falsefalsefalseObject
23:48:30.139  由于“保留日志”的原因，已阻止console.clear()
23:48:30.139  Thu Mar 12 2026 23:47:49 GMT+0800 (中国标准时间)
23:48:30.139  由于“保留日志”的原因，已阻止console.clear()
23:48:30.139  {}
23:48:30.139  由于“保留日志”的原因，已阻止console.clear()
23:48:30.576  [debug 23:48:30 ] 课程任务执行完成 高效处理业务难题
23:48:30.577  [debug 23:48:30 ] null 开始任务中的当前按钮
23:48:30.653  
23:48:30.653  由于“保留日志”的原因，已阻止console.clear()
23:48:30.654  
23:48:30.654  由于“保留日志”的原因，已阻止console.clear()
23:48:30.654  (索引)toStringlastIndexdotAllflagsglobalhasIndicesignoreCasemultilinesourcestickyunicodeunicodeSets(索引)toStringlastIndexdotAllflagsglobalhasIndicesignoreCasemultilinesourcestickyunicodeunicodeSetsdepƒ0false''falsefalsefalsefalse' 'falsefalsefalseObject
23:48:30.654  由于“保留日志”的原因，已阻止console.clear()
23:48:30.654  Thu Mar 12 2026 23:47:49 GMT+0800 (中国标准时间)
23:48:30.654  由于“保留日志”的原因，已阻止console.clear()
23:48:30.654  {}
23:48:30.654  由于“保留日志”的原因，已阻止console.clear()
23:48:31.076  [debug 23:48:31 ] 课程任务执行完成 高效处理业务难题
23:48:31.076  [debug 23:48:31 ] null 开始任务中的当前按钮
23:48:31.170  
23:48:31.170  由于“保留日志”的原因，已阻止console.clear()
23:48:31.170  
23:48:31.170  由于“保留日志”的原因，已阻止console.clear()
23:48:31.170  (索引)toStringlastIndexdotAllflagsglobalhasIndicesignoreCasemultilinesourcestickyunicodeunicodeSets(索引)toStringlastIndexdotAllflagsglobalhasIndicesignoreCasemultilinesourcestickyunicodeunicodeSetsdepƒ0false''falsefalsefalsefalse' 'falsefalsefalseObject
23:48:31.170  由于“保留日志”的原因，已阻止console.clear()
23:48:31.170  Thu Mar 12 2026 23:47:49 GMT+0800 (中国标准时间)
23:48:31.170  由于“保留日志”的原因，已阻止console.clear()
23:48:31.170  {}
23:48:31.170  由于“保留日志”的原因，已阻止console.clear()
23:48:31.575  [debug 23:48:31 ] 课程任务执行完成 高效处理业务难题
23:48:31.576  [debug 23:48:31 ] null 开始任务中的当前按钮
23:48:31.684  
23:48:31.684  由于“保留日志”的原因，已阻止console.clear()
23:48:31.684  
23:48:31.684  由于“保留日志”的原因，已阻止console.clear()
23:48:31.685  (索引)toStringlastIndexdotAllflagsglobalhasIndicesignoreCasemultilinesourcestickyunicodeunicodeSets(索引)toStringlastIndexdotAllflagsglobalhasIndicesignoreCasemultilinesourcestickyunicodeunicodeSetsdepƒ0false''falsefalsefalsefalse' 'falsefalsefalseObject
23:48:31.685  由于“保留日志”的原因，已阻止console.clear()
23:48:31.685  Thu Mar 12 2026 23:47:49 GMT+0800 (中国标准时间)
23:48:31.685  由于“保留日志”的原因，已阻止console.clear()
23:48:31.685  {}
23:48:31.685  由于“保留日志”的原因，已阻止console.clear()
23:48:32.075  [debug 23:48:32 ] 课程任务执行完成 高效处理业务难题
23:48:32.075  [debug 23:48:32 ] null 开始任务中的当前按钮
23:48:32.185  
23:48:32.185  由于“保留日志”的原因，已阻止console.clear()
23:48:32.186  
23:48:32.186  由于“保留日志”的原因，已阻止console.clear()
23:48:32.186  (索引)toStringlastIndexdotAllflagsglobalhasIndicesignoreCasemultilinesourcestickyunicodeunicodeSets(索引)toStringlastIndexdotAllflagsglobalhasIndicesignoreCasemultilinesourcestickyunicodeunicodeSetsdepƒ0false''falsefalsefalsefalse' 'falsefalsefalseObject
23:48:32.186  由于“保留日志”的原因，已阻止console.clear()
23:48:32.186  Thu Mar 12 2026 23:47:49 GMT+0800 (中国标准时间)
23:48:32.186  由于“保留日志”的原因，已阻止console.clear()
23:48:32.186  {}
23:48:32.186  由于“保留日志”的原因，已阻止console.clear()
23:48:32.579  [debug 23:48:32 ] 课程任务执行完成 高效处理业务难题
23:48:32.579  [debug 23:48:32 ] null 开始任务中的当前按钮
23:48:32.689  
23:48:32.690  由于“保留日志”的原因，已阻止console.clear()
23:48:32.690  
23:48:32.690  由于“保留日志”的原因，已阻止console.clear()
23:48:32.690  (索引)toStringlastIndexdotAllflagsglobalhasIndicesignoreCasemultilinesourcestickyunicodeunicodeSets(索引)toStringlastIndexdotAllflagsglobalhasIndicesignoreCasemultilinesourcestickyunicodeunicodeSetsdepƒ0false''falsefalsefalsefalse' 'falsefalsefalseObject
23:48:32.691  由于“保留日志”的原因，已阻止console.clear()
23:48:32.691  Thu Mar 12 2026 23:47:49 GMT+0800 (中国标准时间)
23:48:32.691  由于“保留日志”的原因，已阻止console.clear()
23:48:32.692  {}
23:48:32.692  由于“保留日志”的原因，已阻止console.clear()
23:48:33.080  [debug 23:48:33 ] 课程任务执行完成 高效处理业务难题
23:48:33.081  [debug 23:48:33 ] null 开始任务中的当前按钮
23:48:33.208  
23:48:33.208  由于“保留日志”的原因，已阻止console.clear()
23:48:33.208  
23:48:33.209  由于“保留日志”的原因，已阻止console.clear()
23:48:33.209  (索引)toStringlastIndexdotAllflagsglobalhasIndicesignoreCasemultilinesourcestickyunicodeunicodeSets(索引)toStringlastIndexdotAllflagsglobalhasIndicesignoreCasemultilinesourcestickyunicodeunicodeSetsdepƒ0false''falsefalsefalsefalse' 'falsefalsefalseObject
23:48:33.209  由于“保留日志”的原因，已阻止console.clear()
23:48:33.210  Thu Mar 12 2026 23:47:49 GMT+0800 (中国标准时间)
23:48:33.210  由于“保留日志”的原因，已阻止console.clear()
23:48:33.210  {}
23:48:33.210  由于“保留日志”的原因，已阻止console.clear()
23:48:33.570  [debug 23:48:33 ] 课程任务执行完成 高效处理业务难题
23:48:33.570  [debug 23:48:33 ] null 开始任务中的当前按钮
23:48:33.712  
23:48:33.713  由于“保留日志”的原因，已阻止console.clear()
23:48:33.713  
23:48:33.714  由于“保留日志”的原因，已阻止console.clear()
23:48:33.714  (索引)toStringlastIndexdotAllflagsglobalhasIndicesignoreCasemultilinesourcestickyunicodeunicodeSets(索引)toStringlastIndexdotAllflagsglobalhasIndicesignoreCasemultilinesourcestickyunicodeunicodeSetsdepƒ0false''falsefalsefalsefalse' 'falsefalsefalseObject
23:48:33.714  由于“保留日志”的原因，已阻止console.clear()
23:48:33.715  Thu Mar 12 2026 23:47:49 GMT+0800 (中国标准时间)
23:48:33.715  由于“保留日志”的原因，已阻止console.clear()
23:48:33.715  {}
23:48:33.716  由于“保留日志”的原因，已阻止console.clear()
23:48:34.073  [debug 23:48:34 ] 课程任务执行完成 高效处理业务难题
23:48:34.073  [debug 23:48:34 ] null 开始任务中的当前按钮
23:48:34.231  
23:48:34.231  由于“保留日志”的原因，已阻止console.clear()
23:48:34.231  
23:48:34.232  由于“保留日志”的原因，已阻止console.clear()
23:48:34.232  (索引)toStringlastIndexdotAllflagsglobalhasIndicesignoreCasemultilinesourcestickyunicodeunicodeSets(索引)toStringlastIndexdotAllflagsglobalhasIndicesignoreCasemultilinesourcestickyunicodeunicodeSetsdepƒ0false''falsefalsefalsefalse' 'falsefalsefalseObject
23:48:34.232  由于“保留日志”的原因，已阻止console.clear()
23:48:34.232  Thu Mar 12 2026 23:47:49 GMT+0800 (中国标准时间)
23:48:34.233  由于“保留日志”的原因，已阻止console.clear()
23:48:34.233  {}
23:48:34.233  由于“保留日志”的原因，已阻止console.clear()
23:48:34.574  [debug 23:48:34 ] 课程任务执行完成 高效处理业务难题
23:48:34.575  [debug 23:48:34 ] null 开始任务中的当前按钮
23:48:34.750  
23:48:34.750  由于“保留日志”的原因，已阻止console.clear()
23:48:34.751  
23:48:34.751  由于“保留日志”的原因，已阻止console.clear()
23:48:34.751  (索引)toStringlastIndexdotAllflagsglobalhasIndicesignoreCasemultilinesourcestickyunicodeunicodeSets(索引)toStringlastIndexdotAllflagsglobalhasIndicesignoreCasemultilinesourcestickyunicodeunicodeSetsdepƒ0false''falsefalsefalsefalse' 'falsefalsefalseObject
23:48:34.752  由于“保留日志”的原因，已阻止console.clear()
23:48:34.752  Thu Mar 12 2026 23:47:49 GMT+0800 (中国标准时间)
23:48:34.753  由于“保留日志”的原因，已阻止console.clear()
23:48:34.754  {}
23:48:34.754  由于“保留日志”的原因，已阻止console.clear()
23:48:35.076  [debug 23:48:35 ] 课程任务执行完成 高效处理业务难题
23:48:35.076  [debug 23:48:35 ] null 开始任务中的当前按钮
23:48:35.264  
23:48:35.264  由于“保留日志”的原因，已阻止console.clear()
23:48:35.265  
23:48:35.265  由于“保留日志”的原因，已阻止console.clear()
23:48:35.265  (索引)toStringlastIndexdotAllflagsglobalhasIndicesignoreCasemultilinesourcestickyunicodeunicodeSets(索引)toStringlastIndexdotAllflagsglobalhasIndicesignoreCasemultilinesourcestickyunicodeunicodeSetsdepƒ0false''falsefalsefalsefalse' 'falsefalsefalseObject
23:48:35.265  由于“保留日志”的原因，已阻止console.clear()
23:48:35.266  Thu Mar 12 2026 23:47:49 GMT+0800 (中国标准时间)
23:48:35.266  由于“保留日志”的原因，已阻止console.clear()
23:48:35.266  {}
23:48:35.266  由于“保留日志”的原因，已阻止console.clear()
23:48:35.566  [debug 23:48:35 ] 课程任务执行完成 高效处理业务难题
23:48:35.566  [debug 23:48:35 ] null 开始任务中的当前按钮
23:48:35.771  
23:48:35.771  由于“保留日志”的原因，已阻止console.clear()
23:48:35.771  
23:48:35.772  由于“保留日志”的原因，已阻止console.clear()
23:48:35.772  (索引)toStringlastIndexdotAllflagsglobalhasIndicesignoreCasemultilinesourcestickyunicodeunicodeSets(索引)toStringlastIndexdotAllflagsglobalhasIndicesignoreCasemultilinesourcestickyunicodeunicodeSetsdepƒ0false''falsefalsefalsefalse' 'falsefalsefalseObject
23:48:35.772  由于“保留日志”的原因，已阻止console.clear()
23:48:35.772  Thu Mar 12 2026 23:47:49 GMT+0800 (中国标准时间)
23:48:35.773  由于“保留日志”的原因，已阻止console.clear()
23:48:35.773  {}
23:48:35.774  由于“保留日志”的原因，已阻止console.clear()
23:48:36.071  [debug 23:48:36 ] 课程任务执行完成 高效处理业务难题
23:48:36.071  [debug 23:48:36 ] null 开始任务中的当前按钮
23:48:36.277  
23:48:36.278  由于“保留日志”的原因，已阻止console.clear()
23:48:36.278  
23:48:36.278  由于“保留日志”的原因，已阻止console.clear()
23:48:36.279  (索引)toStringlastIndexdotAllflagsglobalhasIndicesignoreCasemultilinesourcestickyunicodeunicodeSets(索引)toStringlastIndexdotAllflagsglobalhasIndicesignoreCasemultilinesourcestickyunicodeunicodeSetsdepƒ0false''falsefalsefalsefalse' 'falsefalsefalseObject
23:48:36.279  由于“保留日志”的原因，已阻止console.clear()
23:48:36.280  Thu Mar 12 2026 23:47:49 GMT+0800 (中国标准时间)
23:48:36.280  由于“保留日志”的原因，已阻止console.clear()
23:48:36.280  {}
23:48:36.280  由于“保留日志”的原因，已阻止console.clear()
23:48:36.578  [debug 23:48:36 ] 课程任务执行完成 高效处理业务难题
23:48:36.578  [debug 23:48:36 ] null 开始任务中的当前按钮
23:48:36.784  
23:48:36.784  由于“保留日志”的原因，已阻止console.clear()
23:48:36.784  
23:48:36.784  由于“保留日志”的原因，已阻止console.clear()
23:48:36.785  (索引)toStringlastIndexdotAllflagsglobalhasIndicesignoreCasemultilinesourcestickyunicodeunicodeSets(索引)toStringlastIndexdotAllflagsglobalhasIndicesignoreCasemultilinesourcestickyunicodeunicodeSetsdepƒ0false''falsefalsefalsefalse' 'falsefalsefalseObject
23:48:36.785  由于“保留日志”的原因，已阻止console.clear()
23:48:36.785  Thu Mar 12 2026 23:47:49 GMT+0800 (中国标准时间)
23:48:36.786  由于“保留日志”的原因，已阻止console.clear()
23:48:36.786  {}
23:48:36.786  由于“保留日志”的原因，已阻止console.clear()
23:48:37.068  [debug 23:48:37 ] 课程任务执行完成 高效处理业务难题
23:48:37.069  [debug 23:48:37 ] null 开始任务中的当前按钮
23:48:37.288  
23:48:37.289  由于“保留日志”的原因，已阻止console.clear()
23:48:37.289  
23:48:37.289  由于“保留日志”的原因，已阻止console.clear()
23:48:37.290  (索引)toStringlastIndexdotAllflagsglobalhasIndicesignoreCasemultilinesourcestickyunicodeunicodeSets(索引)toStringlastIndexdotAllflagsglobalhasIndicesignoreCasemultilinesourcestickyunicodeunicodeSetsdepƒ0false''falsefalsefalsefalse' 'falsefalsefalseObject
23:48:37.290  由于“保留日志”的原因，已阻止console.clear()
23:48:37.290  Thu Mar 12 2026 23:47:49 GMT+0800 (中国标准时间)
23:48:37.290  由于“保留日志”的原因，已阻止console.clear()
23:48:37.290  {}
23:48:37.290  由于“保留日志”的原因，已阻止console.clear()
23:48:37.569  [debug 23:48:37 ] 课程任务执行完成 高效处理业务难题
23:48:37.570  [debug 23:48:37 ] null 开始任务中的当前按钮
23:48:37.792  
23:48:37.793  由于“保留日志”的原因，已阻止console.clear()
23:48:37.793  
23:48:37.794  由于“保留日志”的原因，已阻止console.clear()
23:48:37.794  (索引)toStringlastIndexdotAllflagsglobalhasIndicesignoreCasemultilinesourcestickyunicodeunicodeSets(索引)toStringlastIndexdotAllflagsglobalhasIndicesignoreCasemultilinesourcestickyunicodeunicodeSetsdepƒ0false''falsefalsefalsefalse' 'falsefalsefalseObject
23:48:37.795  由于“保留日志”的原因，已阻止console.clear()
23:48:37.795  Thu Mar 12 2026 23:47:49 GMT+0800 (中国标准时间)
23:48:37.796  由于“保留日志”的原因，已阻止console.clear()
23:48:37.796  {}
23:48:37.796  由于“保留日志”的原因，已阻止console.clear()
23:48:38.073  [debug 23:48:38 ] 课程任务执行完成 高效处理业务难题
23:48:38.073  [debug 23:48:38 ] null 开始任务中的当前按钮
23:48:38.309  
23:48:38.309  由于“保留日志”的原因，已阻止console.clear()
23:48:38.309  
23:48:38.309  由于“保留日志”的原因，已阻止console.clear()
23:48:38.309  (索引)toStringlastIndexdotAllflagsglobalhasIndicesignoreCasemultilinesourcestickyunicodeunicodeSets(索引)toStringlastIndexdotAllflagsglobalhasIndicesignoreCasemultilinesourcestickyunicodeunicodeSetsdepƒ0false''falsefalsefalsefalse' 'falsefalsefalseObject
23:48:38.310  由于“保留日志”的原因，已阻止console.clear()
23:48:38.310  Thu Mar 12 2026 23:47:49 GMT+0800 (中国标准时间)
23:48:38.310  由于“保留日志”的原因，已阻止console.clear()
23:48:38.310  {}
23:48:38.310  由于“保留日志”的原因，已阻止console.clear()
23:48:38.574  [debug 23:48:38 ] 课程任务执行完成 高效处理业务难题
23:48:38.574  [debug 23:48:38 ] null 开始任务中的当前按钮
23:48:38.810  
23:48:38.811  由于“保留日志”的原因，已阻止console.clear()
23:48:38.811  
23:48:38.811  由于“保留日志”的原因，已阻止console.clear()
23:48:38.811  (索引)toStringlastIndexdotAllflagsglobalhasIndicesignoreCasemultilinesourcestickyunicodeunicodeSets(索引)toStringlastIndexdotAllflagsglobalhasIndicesignoreCasemultilinesourcestickyunicodeunicodeSetsdepƒ0false''falsefalsefalsefalse' 'falsefalsefalseObject
23:48:38.811  由于“保留日志”的原因，已阻止console.clear()
23:48:38.812  Thu Mar 12 2026 23:47:49 GMT+0800 (中国标准时间)
23:48:38.812  由于“保留日志”的原因，已阻止console.clear()
23:48:38.812  {}
23:48:38.812  由于“保留日志”的原因，已阻止console.clear()
23:48:39.075  [debug 23:48:39 ] 课程任务执行完成 高效处理业务难题
23:48:39.076  [debug 23:48:39 ] null 开始任务中的当前按钮
23:48:39.326  
23:48:39.326  由于“保留日志”的原因，已阻止console.clear()
23:48:39.326  
23:48:39.326  由于“保留日志”的原因，已阻止console.clear()
23:48:39.326  (索引)toStringlastIndexdotAllflagsglobalhasIndicesignoreCasemultilinesourcestickyunicodeunicodeSets(索引)toStringlastIndexdotAllflagsglobalhasIndicesignoreCasemultilinesourcestickyunicodeunicodeSetsdepƒ0false''falsefalsefalsefalse' 'falsefalsefalseObject
23:48:39.327  由于“保留日志”的原因，已阻止console.clear()
23:48:39.327  Thu Mar 12 2026 23:47:49 GMT+0800 (中国标准时间)
23:48:39.327  由于“保留日志”的原因，已阻止console.clear()
23:48:39.327  {}
23:48:39.327  由于“保留日志”的原因，已阻止console.clear()
23:48:39.575  [debug 23:48:39 ] 课程任务执行完成 高效处理业务难题
23:48:39.575  [debug 23:48:39 ] null 开始任务中的当前按钮
23:48:39.840  
23:48:39.841  由于“保留日志”的原因，已阻止console.clear()
23:48:39.841  
23:48:39.841  由于“保留日志”的原因，已阻止console.clear()
23:48:39.841  (索引)toStringlastIndexdotAllflagsglobalhasIndicesignoreCasemultilinesourcestickyunicodeunicodeSets(索引)toStringlastIndexdotAllflagsglobalhasIndicesignoreCasemultilinesourcestickyunicodeunicodeSetsdepƒ0false''falsefalsefalsefalse' 'falsefalsefalseObject
23:48:39.841  由于“保留日志”的原因，已阻止console.clear()
23:48:39.841  Thu Mar 12 2026 23:47:49 GMT+0800 (中国标准时间)
23:48:39.841  由于“保留日志”的原因，已阻止console.clear()
23:48:39.841  {}
23:48:39.842  由于“保留日志”的原因，已阻止console.clear()
23:48:40.077  [debug 23:48:40 ] 课程任务执行完成 高效处理业务难题
23:48:40.077  [debug 23:48:40 ] null 开始任务中的当前按钮
23:48:40.343  
23:48:40.343  由于“保留日志”的原因，已阻止console.clear()
23:48:40.344  
23:48:40.344  由于“保留日志”的原因，已阻止console.clear()
23:48:40.344  (索引)toStringlastIndexdotAllflagsglobalhasIndicesignoreCasemultilinesourcestickyunicodeunicodeSets(索引)toStringlastIndexdotAllflagsglobalhasIndicesignoreCasemultilinesourcestickyunicodeunicodeSetsdepƒ0false''falsefalsefalsefalse' 'falsefalsefalseObject
23:48:40.344  由于“保留日志”的原因，已阻止console.clear()
23:48:40.344  Thu Mar 12 2026 23:47:49 GMT+0800 (中国标准时间)
23:48:40.344  由于“保留日志”的原因，已阻止console.clear()
23:48:40.344  {}
23:48:40.344  由于“保留日志”的原因，已阻止console.clear()
23:48:40.575  [debug 23:48:40 ] 课程任务执行完成 高效处理业务难题
23:48:40.576  [debug 23:48:40 ] null 开始任务中的当前按钮
23:48:40.847  
23:48:40.847  由于“保留日志”的原因，已阻止console.clear()
23:48:40.848  
23:48:40.848  由于“保留日志”的原因，已阻止console.clear()
23:48:40.848  (索引)toStringlastIndexdotAllflagsglobalhasIndicesignoreCasemultilinesourcestickyunicodeunicodeSets(索引)toStringlastIndexdotAllflagsglobalhasIndicesignoreCasemultilinesourcestickyunicodeunicodeSetsdepƒ0false''falsefalsefalsefalse' 'falsefalsefalseObject
23:48:40.848  由于“保留日志”的原因，已阻止console.clear()
23:48:40.849  Thu Mar 12 2026 23:47:49 GMT+0800 (中国标准时间)
23:48:40.849  由于“保留日志”的原因，已阻止console.clear()
23:48:40.849  {}
23:48:40.849  由于“保留日志”的原因，已阻止console.clear()
23:48:41.066  [debug 23:48:41 ] 课程任务执行完成 高效处理业务难题
23:48:41.067  [debug 23:48:41 ] null 开始任务中的当前按钮
23:48:41.351  
23:48:41.352  由于“保留日志”的原因，已阻止console.clear()
23:48:41.352  
23:48:41.352  由于“保留日志”的原因，已阻止console.clear()
23:48:41.353  (索引)toStringlastIndexdotAllflagsglobalhasIndicesignoreCasemultilinesourcestickyunicodeunicodeSets(索引)toStringlastIndexdotAllflagsglobalhasIndicesignoreCasemultilinesourcestickyunicodeunicodeSetsdepƒ0false''falsefalsefalsefalse' 'falsefalsefalseObject
23:48:41.353  由于“保留日志”的原因，已阻止console.clear()
23:48:41.353  Thu Mar 12 2026 23:47:49 GMT+0800 (中国标准时间)
23:48:41.354  由于“保留日志”的原因，已阻止console.clear()
23:48:41.354  {}
23:48:41.355  由于“保留日志”的原因，已阻止console.clear()
23:48:41.569  [debug 23:48:41 ] 课程任务执行完成 高效处理业务难题
23:48:41.569  [debug 23:48:41 ] null 开始任务中的当前按钮
23:48:41.869  
23:48:41.869  由于“保留日志”的原因，已阻止console.clear()
23:48:41.869  
23:48:41.869  由于“保留日志”的原因，已阻止console.clear()
23:48:41.869  (索引)toStringlastIndexdotAllflagsglobalhasIndicesignoreCasemultilinesourcestickyunicodeunicodeSets(索引)toStringlastIndexdotAllflagsglobalhasIndicesignoreCasemultilinesourcestickyunicodeunicodeSetsdepƒ0false''falsefalsefalsefalse' 'falsefalsefalseObject
23:48:41.870  由于“保留日志”的原因，已阻止console.clear()
23:48:41.870  Thu Mar 12 2026 23:47:49 GMT+0800 (中国标准时间)
23:48:41.870  由于“保留日志”的原因，已阻止console.clear()
23:48:41.870  {}
23:48:41.870  由于“保留日志”的原因，已阻止console.clear()
23:48:42.071  [debug 23:48:42 ] 课程任务执行完成 高效处理业务难题
23:48:42.072  [debug 23:48:42 ] null 开始任务中的当前按钮
23:48:42.373  
23:48:42.373  由于“保留日志”的原因，已阻止console.clear()
23:48:42.373  
23:48:42.373  由于“保留日志”的原因，已阻止console.clear()
23:48:42.374  (索引)toStringlastIndexdotAllflagsglobalhasIndicesignoreCasemultilinesourcestickyunicodeunicodeSets(索引)toStringlastIndexdotAllflagsglobalhasIndicesignoreCasemultilinesourcestickyunicodeunicodeSetsdepƒ0false''falsefalsefalsefalse' 'falsefalsefalseObject
23:48:42.374  由于“保留日志”的原因，已阻止console.clear()
23:48:42.375  Thu Mar 12 2026 23:47:49 GMT+0800 (中国标准时间)
23:48:42.375  由于“保留日志”的原因，已阻止console.clear()
23:48:42.375  {}
23:48:42.376  由于“保留日志”的原因，已阻止console.clear()
23:48:42.578  [debug 23:48:42 ] 课程任务执行完成 高效处理业务难题
23:48:42.578  [debug 23:48:42 ] null 开始任务中的当前按钮
23:48:42.892  
23:48:42.892  由于“保留日志”的原因，已阻止console.clear()
23:48:42.893  
23:48:42.893  由于“保留日志”的原因，已阻止console.clear()
23:48:42.893  (索引)toStringlastIndexdotAllflagsglobalhasIndicesignoreCasemultilinesourcestickyunicodeunicodeSets(索引)toStringlastIndexdotAllflagsglobalhasIndicesignoreCasemultilinesourcestickyunicodeunicodeSetsdepƒ0false''falsefalsefalsefalse' 'falsefalsefalseObject
23:48:42.893  由于“保留日志”的原因，已阻止console.clear()
23:48:42.894  Thu Mar 12 2026 23:47:49 GMT+0800 (中国标准时间)
23:48:42.894  由于“保留日志”的原因，已阻止console.clear()
23:48:42.894  {}
23:48:42.894  由于“保留日志”的原因，已阻止console.clear()
23:48:43.080  [debug 23:48:43 ] 课程任务执行完成 高效处理业务难题
23:48:43.081  [debug 23:48:43 ] null 开始任务中的当前按钮
23:48:43.396  
23:48:43.396  由于“保留日志”的原因，已阻止console.clear()
23:48:43.396  
23:48:43.396  由于“保留日志”的原因，已阻止console.clear()
23:48:43.396  (索引)toStringlastIndexdotAllflagsglobalhasIndicesignoreCasemultilinesourcestickyunicodeunicodeSets(索引)toStringlastIndexdotAllflagsglobalhasIndicesignoreCasemultilinesourcestickyunicodeunicodeSetsdepƒ0false''falsefalsefalsefalse' 'falsefalsefalseObject
23:48:43.396  由于“保留日志”的原因，已阻止console.clear()
23:48:43.396  Thu Mar 12 2026 23:47:49 GMT+0800 (中国标准时间)
23:48:43.396  由于“保留日志”的原因，已阻止console.clear()
23:48:43.396  {}
23:48:43.396  由于“保留日志”的原因，已阻止console.clear()
23:48:43.569  [debug 23:48:43 ] 课程任务执行完成 高效处理业务难题
23:48:43.569  [debug 23:48:43 ] null 开始任务中的当前按钮
23:48:43.899  
23:48:43.900  由于“保留日志”的原因，已阻止console.clear()
23:48:43.900  
23:48:43.900  由于“保留日志”的原因，已阻止console.clear()
23:48:43.901  (索引)toStringlastIndexdotAllflagsglobalhasIndicesignoreCasemultilinesourcestickyunicodeunicodeSets(索引)toStringlastIndexdotAllflagsglobalhasIndicesignoreCasemultilinesourcestickyunicodeunicodeSetsdepƒ0false''falsefalsefalsefalse' 'falsefalsefalseObject
23:48:43.901  由于“保留日志”的原因，已阻止console.clear()
23:48:43.902  Thu Mar 12 2026 23:47:49 GMT+0800 (中国标准时间)
23:48:43.902  由于“保留日志”的原因，已阻止console.clear()
23:48:43.902  {}
23:48:43.902  由于“保留日志”的原因，已阻止console.clear()
23:48:44.074  [debug 23:48:44 ] 课程任务执行完成 高效处理业务难题
23:48:44.074  [debug 23:48:44 ] null 开始任务中的当前按钮
23:48:44.403  
23:48:44.404  由于“保留日志”的原因，已阻止console.clear()
23:48:44.404  
23:48:44.404  由于“保留日志”的原因，已阻止console.clear()
23:48:44.404  (索引)toStringlastIndexdotAllflagsglobalhasIndicesignoreCasemultilinesourcestickyunicodeunicodeSets(索引)toStringlastIndexdotAllflagsglobalhasIndicesignoreCasemultilinesourcestickyunicodeunicodeSetsdepƒ0false''falsefalsefalsefalse' 'falsefalsefalseObject
23:48:44.404  由于“保留日志”的原因，已阻止console.clear()
23:48:44.404  Thu Mar 12 2026 23:47:49 GMT+0800 (中国标准时间)
23:48:44.404  由于“保留日志”的原因，已阻止console.clear()
23:48:44.404  {}
23:48:44.404  由于“保留日志”的原因，已阻止console.clear()
23:48:44.571  [debug 23:48:44 ] 课程任务执行完成 高效处理业务难题
23:48:44.571  [debug 23:48:44 ] null 开始任务中的当前按钮
23:48:44.905  
23:48:44.905  由于“保留日志”的原因，已阻止console.clear()
23:48:44.905  
23:48:44.905  由于“保留日志”的原因，已阻止console.clear()
23:48:44.905  (索引)toStringlastIndexdotAllflagsglobalhasIndicesignoreCasemultilinesourcestickyunicodeunicodeSets(索引)toStringlastIndexdotAllflagsglobalhasIndicesignoreCasemultilinesourcestickyunicodeunicodeSetsdepƒ0false''falsefalsefalsefalse' 'falsefalsefalseObject
23:48:44.905  由于“保留日志”的原因，已阻止console.clear()
23:48:44.905  Thu Mar 12 2026 23:47:49 GMT+0800 (中国标准时间)
23:48:44.906  由于“保留日志”的原因，已阻止console.clear()
23:48:44.906  {}
23:48:44.906  由于“保留日志”的原因，已阻止console.clear()
