01:05:12.025 9561.4bf2dc71.js:2 div
01:05:12.026 9561.4bf2dc71.js:2 由于“保留日志”的原因，已阻止console.clear()
01:05:12.026 9561.4bf2dc71.js:2 ƒ l(){}
01:05:12.026 9561.4bf2dc71.js:2 由于“保留日志”的原因，已阻止console.clear()
01:05:12.026 9561.4bf2dc71.js:2 (索引)toStringlastIndexdotAllflagsglobalhasIndicesignoreCasemultilinesourcestickyunicodeunicodeSets(索引)toStringlastIndexdotAllflagsglobalhasIndicesignoreCasemultilinesourcestickyunicodeunicodeSetsdepƒ0false''falsefalsefalsefalse' 'falsefalsefalseObject
01:05:12.027 9561.4bf2dc71.js:2 由于“保留日志”的原因，已阻止console.clear()
01:05:12.027 9561.4bf2dc71.js:2 Fri Mar 13 2026 00:58:15 GMT+0800 (中国标准时间)
01:05:12.028 9561.4bf2dc71.js:2 由于“保留日志”的原因，已阻止console.clear()
01:05:12.028 9561.4bf2dc71.js:2 {}
01:05:12.029 9561.4bf2dc71.js:2 由于“保留日志”的原因，已阻止console.clear()
01:05:12.037 log.ts:179 [debug 1:5:12 ] 课程任务执行完成 高效处理业务难题
01:05:12.037 log.ts:179 [debug 1:5:12 ] null 开始任务中的当前按钮
01:05:12.540 9561.4bf2dc71.js:2 div
01:05:12.540 9561.4bf2dc71.js:2 由于“保留日志”的原因，已阻止console.clear()
01:05:12.540 9561.4bf2dc71.js:2 ƒ l(){}
01:05:12.540 9561.4bf2dc71.js:2 由于“保留日志”的原因，已阻止console.clear()
01:05:12.540 9561.4bf2dc71.js:2 (索引)toStringlastIndexdotAllflagsglobalhasIndicesignoreCasemultilinesourcestickyunicodeunicodeSets(索引)toStringlastIndexdotAllflagsglobalhasIndicesignoreCasemultilinesourcestickyunicodeunicodeSetsdepƒ0false''falsefalsefalsefalse' 'falsefalsefalseObject
01:05:12.540 9561.4bf2dc71.js:2 由于“保留日志”的原因，已阻止console.clear()
01:05:12.540 9561.4bf2dc71.js:2 Fri Mar 13 2026 00:58:15 GMT+0800 (中国标准时间)
01:05:12.541 9561.4bf2dc71.js:2 由于“保留日志”的原因，已阻止console.clear()
01:05:12.541 9561.4bf2dc71.js:2 {}
01:05:12.541 9561.4bf2dc71.js:2 由于“保留日志”的原因，已阻止console.clear()
01:05:12.541 log.ts:179 [debug 1:5:12 ] 课程任务执行完成 高效处理业务难题
01:05:12.541 log.ts:179 [debug 1:5:12 ] null 开始任务中的当前按钮
01:05:13.041 log.ts:179 [debug 1:5:13 ] 课程任务执行完成 高效处理业务难题
01:05:13.041 log.ts:179 [debug 1:5:13 ] null 开始任务中的当前按钮
01:05:13.041 9561.4bf2dc71.js:2 div
01:05:13.042 9561.4bf2dc71.js:2 由于“保留日志”的原因，已阻止console.clear()
01:05:13.042 9561.4bf2dc71.js:2 ƒ l(){}
01:05:13.042 9561.4bf2dc71.js:2 由于“保留日志”的原因，已阻止console.clear()
01:05:13.042 9561.4bf2dc71.js:2 (索引)toStringlastIndexdotAllflagsglobalhasIndicesignoreCasemultilinesourcestickyunicodeunicodeSets(索引)toStringlastIndexdotAllflagsglobalhasIndicesignoreCasemultilinesourcestickyunicodeunicodeSetsdepƒ0false''falsefalsefalsefalse' 'falsefalsefalseObject
01:05:13.043 9561.4bf2dc71.js:2 由于“保留日志”的原因，已阻止console.clear()
01:05:13.043 9561.4bf2dc71.js:2 Fri Mar 13 2026 00:58:15 GMT+0800 (中国标准时间)
01:05:13.043 9561.4bf2dc71.js:2 由于“保留日志”的原因，已阻止console.clear()
01:05:13.043 9561.4bf2dc71.js:2 {}
01:05:13.044 9561.4bf2dc71.js:2 由于“保留日志”的原因，已阻止console.clear()
01:05:13.544 log.ts:179 [debug 1:5:13 ] 课程任务执行完成 高效处理业务难题
01:05:13.544 log.ts:179 [debug 1:5:13 ] null 开始任务中的当前按钮
01:05:13.560 9561.4bf2dc71.js:2 div
01:05:13.560 9561.4bf2dc71.js:2 由于“保留日志”的原因，已阻止console.clear()
01:05:13.560 9561.4bf2dc71.js:2 ƒ l(){}
01:05:13.560 9561.4bf2dc71.js:2 由于“保留日志”的原因，已阻止console.clear()
01:05:13.560 9561.4bf2dc71.js:2 (索引)toStringlastIndexdotAllflagsglobalhasIndicesignoreCasemultilinesourcestickyunicodeunicodeSets(索引)toStringlastIndexdotAllflagsglobalhasIndicesignoreCasemultilinesourcestickyunicodeunicodeSetsdepƒ0false''falsefalsefalsefalse' 'falsefalsefalseObject
01:05:13.560 9561.4bf2dc71.js:2 由于“保留日志”的原因，已阻止console.clear()
01:05:13.560 9561.4bf2dc71.js:2 Fri Mar 13 2026 00:58:15 GMT+0800 (中国标准时间)
01:05:13.561 9561.4bf2dc71.js:2 由于“保留日志”的原因，已阻止console.clear()
01:05:13.561 9561.4bf2dc71.js:2 {}
01:05:13.561 9561.4bf2dc71.js:2 由于“保留日志”的原因，已阻止console.clear()
01:05:14.045 log.ts:179 [debug 1:5:14 ] 课程任务执行完成 高效处理业务难题
01:05:14.046 log.ts:179 [debug 1:5:14 ] null 开始任务中的当前按钮
01:05:14.062 9561.4bf2dc71.js:2 div
01:05:14.063 9561.4bf2dc71.js:2 由于“保留日志”的原因，已阻止console.clear()
01:05:14.063 9561.4bf2dc71.js:2 ƒ l(){}
01:05:14.063 9561.4bf2dc71.js:2 由于“保留日志”的原因，已阻止console.clear()
01:05:14.063 9561.4bf2dc71.js:2 (索引)toStringlastIndexdotAllflagsglobalhasIndicesignoreCasemultilinesourcestickyunicodeunicodeSets(索引)toStringlastIndexdotAllflagsglobalhasIndicesignoreCasemultilinesourcestickyunicodeunicodeSetsdepƒ0false''falsefalsefalsefalse' 'falsefalsefalseObject
01:05:14.063 9561.4bf2dc71.js:2 由于“保留日志”的原因，已阻止console.clear()
01:05:14.064 9561.4bf2dc71.js:2 Fri Mar 13 2026 00:58:15 GMT+0800 (中国标准时间)
01:05:14.064 9561.4bf2dc71.js:2 由于“保留日志”的原因，已阻止console.clear()
01:05:14.064 9561.4bf2dc71.js:2 {}
01:05:14.064 9561.4bf2dc71.js:2 由于“保留日志”的原因，已阻止console.clear()
01:05:14.548 log.ts:179 [debug 1:5:14 ] 课程任务执行完成 高效处理业务难题
01:05:14.549 log.ts:179 [debug 1:5:14 ] null 开始任务中的当前按钮
01:05:14.581 9561.4bf2dc71.js:2 div
01:05:14.581 9561.4bf2dc71.js:2 由于“保留日志”的原因，已阻止console.clear()
01:05:14.581 9561.4bf2dc71.js:2 ƒ l(){}
01:05:14.581 9561.4bf2dc71.js:2 由于“保留日志”的原因，已阻止console.clear()
01:05:14.581 9561.4bf2dc71.js:2 (索引)toStringlastIndexdotAllflagsglobalhasIndicesignoreCasemultilinesourcestickyunicodeunicodeSets(索引)toStringlastIndexdotAllflagsglobalhasIndicesignoreCasemultilinesourcestickyunicodeunicodeSetsdepƒ0false''falsefalsefalsefalse' 'falsefalsefalseObject
01:05:14.582 9561.4bf2dc71.js:2 由于“保留日志”的原因，已阻止console.clear()
01:05:14.582 9561.4bf2dc71.js:2 Fri Mar 13 2026 00:58:15 GMT+0800 (中国标准时间)
01:05:14.582 9561.4bf2dc71.js:2 由于“保留日志”的原因，已阻止console.clear()
01:05:14.582 9561.4bf2dc71.js:2 {}
01:05:14.582 9561.4bf2dc71.js:2 由于“保留日志”的原因，已阻止console.clear()
01:05:15.035 log.ts:179 [debug 1:5:15 ] 课程任务执行完成 高效处理业务难题
01:05:15.036 log.ts:179 [debug 1:5:15 ] null 开始任务中的当前按钮
01:05:15.098 9561.4bf2dc71.js:2 div
01:05:15.098 9561.4bf2dc71.js:2 由于“保留日志”的原因，已阻止console.clear()
01:05:15.098 9561.4bf2dc71.js:2 ƒ l(){}
01:05:15.099 9561.4bf2dc71.js:2 由于“保留日志”的原因，已阻止console.clear()
01:05:15.099 9561.4bf2dc71.js:2 (索引)toStringlastIndexdotAllflagsglobalhasIndicesignoreCasemultilinesourcestickyunicodeunicodeSets(索引)toStringlastIndexdotAllflagsglobalhasIndicesignoreCasemultilinesourcestickyunicodeunicodeSetsdepƒ0false''falsefalsefalsefalse' 'falsefalsefalseObject
01:05:15.099 9561.4bf2dc71.js:2 由于“保留日志”的原因，已阻止console.clear()
01:05:15.099 9561.4bf2dc71.js:2 Fri Mar 13 2026 00:58:15 GMT+0800 (中国标准时间)
01:05:15.099 9561.4bf2dc71.js:2 由于“保留日志”的原因，已阻止console.clear()
01:05:15.099 9561.4bf2dc71.js:2 {}
01:05:15.099 9561.4bf2dc71.js:2 由于“保留日志”的原因，已阻止console.clear()
01:05:15.462 已导航到https://zsgl.lzlj.com/znWeb/znPortal/
01:05:15.621 dailyPointsPanel.ts:16 [每日积分] panel: 构造函数被调用
01:05:15.621 dailyPointsPanel.ts:20 [每日积分] panel: init方法被调用
01:05:15.621 log.ts:179 [debug 1:5:15 ] Start document state: loading
01:05:15.621 mooc.ts:8 create mooc
01:05:15.622 log.ts:188 [info 1:5:15 ] 当前平台：zsgl-studyDetail
01:05:15.622 mooc.ts:27 mooc start ZsglStudyMap {event: {…}, timerManager: TimerManager}
01:05:15.622 log.ts:179 [debug 1:5:15 ] 注册HTTP钩子: queryStudymapGate.do
01:05:15.736 webim.min.js:1 navigator.userAgent=mozilla/5.0 (windows nt 10.0; win64; x64) applewebkit/537.36 (khtml, like gecko) chrome/145.0.0.0 safari/537.36 edg/145.0.0.0
01:05:15.736 webim.min.js:1 BROWSER_INFO: type=chrome, ver=145.0.0.0
01:05:16.344 log.ts:179 [debug 1:5:16 ] 拦截到HTTP请求: /znWeb/znPortal/lang/zh.json
01:05:16.346 9561.4bf2dc71.js:2 div
01:05:16.346 9561.4bf2dc71.js:2 由于“保留日志”的原因，已阻止console.clear()
01:05:16.347 9561.4bf2dc71.js:2 ƒ l(){}
01:05:16.347 9561.4bf2dc71.js:2 由于“保留日志”的原因，已阻止console.clear()
01:05:16.347 main.2faaeed8.js:1 0530-1
01:05:16.347 9561.4bf2dc71.js:2 (索引)toStringlastIndexdotAllflagsglobalhasIndicesignoreCasemultilinesourcestickyunicodeunicodeSets(索引)toStringlastIndexdotAllflagsglobalhasIndicesignoreCasemultilinesourcestickyunicodeunicodeSetsdepƒ0false''falsefalsefalsefalse' 'falsefalsefalseObject
01:05:16.347 9561.4bf2dc71.js:2 由于“保留日志”的原因，已阻止console.clear()
01:05:16.359 main.2faaeed8.js:1 showSearch true
01:05:16.376 9561.4bf2dc71.js:2 Fri Mar 13 2026 01:05:16 GMT+0800 (中国标准时间)
01:05:16.376 9561.4bf2dc71.js:2 由于“保留日志”的原因，已阻止console.clear()
01:05:16.377 log.ts:179 [debug 1:5:16 ] 拦截到HTTP请求: /learn/app/clientapi/home/pc/queryHomeChannelModule.do?pageId=SY0010092&sid=1FFBBB58581141538A860616A0C7F3CD&os=99
01:05:16.378 log.ts:179 [debug 1:5:16 ] 拦截到HTTP请求: /learn/app/clientapi/home/getPcGlobalManagement.do?pageId=SY0010092&sid=1FFBBB58581141538A860616A0C7F3CD&os=99
01:05:16.378 log.ts:179 [debug 1:5:16 ] 拦截到HTTP请求: /learn/app/getGlobalTimestamp.do?os=99&sid=1FFBBB58581141538A860616A0C7F3CD
01:05:16.379 9561.4bf2dc71.js:2 {}
01:05:16.379 9561.4bf2dc71.js:2 由于“保留日志”的原因，已阻止console.clear()
01:05:16.421 main.2faaeed8.js:1 showSearch true
01:05:16.423 log.ts:179 [debug 1:5:16 ] 拦截到HTTP请求: /learn/app/clientapi/home/pc/userPermissions.do?os=99&sid=1FFBBB58581141538A860616A0C7F3CD
01:05:16.424 log.ts:179 [debug 1:5:16 ] 拦截到HTTP请求: /learn/app/clientapi/home/pc/queryHomeGlobalInfo.do?pageId=SY0010092&sid=1FFBBB58581141538A860616A0C7F3CD&os=99
01:05:16.425 log.ts:179 [debug 1:5:16 ] 拦截到HTTP请求: /learn/app/clientapi/message/getMessageListType.do?sid=1FFBBB58581141538A860616A0C7F3CD&os=99
01:05:16.465 dailyPointsPanel.ts:22 [每日积分] panel: window.onload 触发
01:05:16.466 dailyPointsPanel.ts:318 [每日积分] panel: 初始化消息监听
01:05:16.466 log.ts:179 [debug 1:5:16 ] 每日积分模式初始化完成 {learning: {…}, contribution: {…}, interaction: {…}, lastUpdate: 1773333411302, isRunning: false}
01:05:16.629 main.2faaeed8.js:1 --------------- Fri Mar 13 2026 01:05:16 GMT+0800 (中国标准时间)
01:05:16.630 log.ts:179 [debug 1:5:16 ] 拦截到HTTP请求: /learn/app/clientapi/home/pc/queryUserHomeList.do?time=1773335116630&sid=1FFBBB58581141538A860616A0C7F3CD&os=99
01:05:16.700 log.ts:179 [debug 1:5:16 ] 拦截到HTTP请求: /learn/app/clientapi/misc/queryVasOperation2NativeList.do?sid=1FFBBB58581141538A860616A0C7F3CD&os=99
01:05:16.795 main.2faaeed8.js:1 showSearch true
01:05:16.800 main.2faaeed8.js:1 com.mlearning.paznluzhoulaojiao appId-------
01:05:16.801 log.ts:179 [debug 1:5:16 ] 拦截到HTTP请求: /learn/app/newPersonDetail.do?sid=1FFBBB58581141538A860616A0C7F3CD&os=99
01:05:16.801 log.ts:179 [debug 1:5:16 ] 拦截到HTTP请求: /learn-login/queryUserInfoBound.do?os=99&sid=1FFBBB58581141538A860616A0C7F3CD
01:05:16.802 log.ts:179 [debug 1:5:16 ] 拦截到HTTP请求: /learn/app/clientapi/knowledgecloud/home/getPermissionStatus.do?sid=1FFBBB58581141538A860616A0C7F3CD&os=99
01:05:16.883 9561.4bf2dc71.js:2 div
01:05:16.883 9561.4bf2dc71.js:2 由于“保留日志”的原因，已阻止console.clear()
01:05:16.883 9561.4bf2dc71.js:2 ƒ l(){}
01:05:16.884 9561.4bf2dc71.js:2 由于“保留日志”的原因，已阻止console.clear()
01:05:16.884 9561.4bf2dc71.js:2 (索引)toStringlastIndexdotAllflagsglobalhasIndicesignoreCasemultilinesourcestickyunicodeunicodeSets(索引)toStringlastIndexdotAllflagsglobalhasIndicesignoreCasemultilinesourcestickyunicodeunicodeSetsdepƒ0false''falsefalsefalsefalse' 'falsefalsefalseObject
01:05:16.884 9561.4bf2dc71.js:2 由于“保留日志”的原因，已阻止console.clear()
01:05:16.885 9561.4bf2dc71.js:2 Fri Mar 13 2026 01:05:16 GMT+0800 (中国标准时间)
01:05:16.885 9561.4bf2dc71.js:2 由于“保留日志”的原因，已阻止console.clear()
01:05:16.885 9561.4bf2dc71.js:2 {}
01:05:16.885 9561.4bf2dc71.js:2 由于“保留日志”的原因，已阻止console.clear()
01:05:16.916 main.2faaeed8.js:1 showSearch true
01:05:16.953 9561.4bf2dc71.js:2  react-intl-universal key "5a0afc9d" not defined in zh
warningHandler @ 9561.4bf2dc71.js:2
value @ 9561.4bf2dc71.js:2
p @ 9561.4bf2dc71.js:2
(匿名) @ 5392.a94416b9.chunk.js:1
7945 @ 5392.a94416b9.chunk.js:1
n @ main.2faaeed8.js:1
35392 @ 5392.a94416b9.chunk.js:1
n @ main.2faaeed8.js:1
Promise.then
(匿名) @ main.2faaeed8.js:1
(匿名) @ 9561.4bf2dc71.js:2
Cs @ 9561.4bf2dc71.js:2
wc @ 9561.4bf2dc71.js:2
_c @ 9561.4bf2dc71.js:2
dc @ 9561.4bf2dc71.js:2
(匿名) @ 9561.4bf2dc71.js:2
t.unstable_runWithPriority @ 9561.4bf2dc71.js:2
qo @ 9561.4bf2dc71.js:2
Xo @ 9561.4bf2dc71.js:2
$o @ 9561.4bf2dc71.js:2
ic @ 9561.4bf2dc71.js:2
enqueueSetState @ 9561.4bf2dc71.js:2
b.setState @ 9561.4bf2dc71.js:2
(匿名) @ main.2faaeed8.js:1
u @ 9561.4bf2dc71.js:2
(匿名) @ 9561.4bf2dc71.js:2
(匿名) @ 9561.4bf2dc71.js:2
r @ 9561.4bf2dc71.js:2
s @ 9561.4bf2dc71.js:2
Promise.then
r @ 9561.4bf2dc71.js:2
s @ 9561.4bf2dc71.js:2
(匿名) @ 9561.4bf2dc71.js:2
(匿名) @ 9561.4bf2dc71.js:2
(匿名) @ main.2faaeed8.js:1
za @ 9561.4bf2dc71.js:2
$i @ 9561.4bf2dc71.js:2
Cs @ 9561.4bf2dc71.js:2
wc @ 9561.4bf2dc71.js:2
_c @ 9561.4bf2dc71.js:2
dc @ 9561.4bf2dc71.js:2
ic @ 9561.4bf2dc71.js:2
Gc @ 9561.4bf2dc71.js:2
(匿名) @ 9561.4bf2dc71.js:2
pc @ 9561.4bf2dc71.js:2
el @ 9561.4bf2dc71.js:2
render @ 9561.4bf2dc71.js:2
(匿名) @ main.2faaeed8.js:1
u @ 9561.4bf2dc71.js:2
(匿名) @ 9561.4bf2dc71.js:2
(匿名) @ 9561.4bf2dc71.js:2
r @ 9561.4bf2dc71.js:2
s @ 9561.4bf2dc71.js:2
Promise.then
r @ 9561.4bf2dc71.js:2
s @ 9561.4bf2dc71.js:2
(匿名) @ 9561.4bf2dc71.js:2
(匿名) @ 9561.4bf2dc71.js:2
(匿名) @ main.2faaeed8.js:1
(匿名) @ main.2faaeed8.js:1
u @ 9561.4bf2dc71.js:2
(匿名) @ 9561.4bf2dc71.js:2
(匿名) @ 9561.4bf2dc71.js:2
r @ 9561.4bf2dc71.js:2
s @ 9561.4bf2dc71.js:2
Promise.then
r @ 9561.4bf2dc71.js:2
s @ 9561.4bf2dc71.js:2
Promise.then
r @ 9561.4bf2dc71.js:2
s @ 9561.4bf2dc71.js:2
(匿名) @ 9561.4bf2dc71.js:2
(匿名) @ 9561.4bf2dc71.js:2
49209 @ main.2faaeed8.js:1
n @ main.2faaeed8.js:1
(匿名) @ main.2faaeed8.js:1
n.O @ main.2faaeed8.js:1
(匿名) @ main.2faaeed8.js:1
(匿名) @ main.2faaeed8.js:1
(匿名) @ main.2faaeed8.js:1
(匿名) @ main.2faaeed8.js:1
01:05:16.953 9561.4bf2dc71.js:2  react-intl-universal key "5a0afc9d" not defined in zh
warningHandler @ 9561.4bf2dc71.js:2
value @ 9561.4bf2dc71.js:2
p @ 9561.4bf2dc71.js:2
(匿名) @ 5392.a94416b9.chunk.js:1
7945 @ 5392.a94416b9.chunk.js:1
n @ main.2faaeed8.js:1
35392 @ 5392.a94416b9.chunk.js:1
n @ main.2faaeed8.js:1
Promise.then
(匿名) @ main.2faaeed8.js:1
(匿名) @ 9561.4bf2dc71.js:2
Cs @ 9561.4bf2dc71.js:2
wc @ 9561.4bf2dc71.js:2
_c @ 9561.4bf2dc71.js:2
dc @ 9561.4bf2dc71.js:2
(匿名) @ 9561.4bf2dc71.js:2
t.unstable_runWithPriority @ 9561.4bf2dc71.js:2
qo @ 9561.4bf2dc71.js:2
Xo @ 9561.4bf2dc71.js:2
$o @ 9561.4bf2dc71.js:2
ic @ 9561.4bf2dc71.js:2
enqueueSetState @ 9561.4bf2dc71.js:2
b.setState @ 9561.4bf2dc71.js:2
(匿名) @ main.2faaeed8.js:1
u @ 9561.4bf2dc71.js:2
(匿名) @ 9561.4bf2dc71.js:2
(匿名) @ 9561.4bf2dc71.js:2
r @ 9561.4bf2dc71.js:2
s @ 9561.4bf2dc71.js:2
Promise.then
r @ 9561.4bf2dc71.js:2
s @ 9561.4bf2dc71.js:2
(匿名) @ 9561.4bf2dc71.js:2
(匿名) @ 9561.4bf2dc71.js:2
(匿名) @ main.2faaeed8.js:1
za @ 9561.4bf2dc71.js:2
$i @ 9561.4bf2dc71.js:2
Cs @ 9561.4bf2dc71.js:2
wc @ 9561.4bf2dc71.js:2
_c @ 9561.4bf2dc71.js:2
dc @ 9561.4bf2dc71.js:2
ic @ 9561.4bf2dc71.js:2
Gc @ 9561.4bf2dc71.js:2
(匿名) @ 9561.4bf2dc71.js:2
pc @ 9561.4bf2dc71.js:2
el @ 9561.4bf2dc71.js:2
render @ 9561.4bf2dc71.js:2
(匿名) @ main.2faaeed8.js:1
u @ 9561.4bf2dc71.js:2
(匿名) @ 9561.4bf2dc71.js:2
(匿名) @ 9561.4bf2dc71.js:2
r @ 9561.4bf2dc71.js:2
s @ 9561.4bf2dc71.js:2
Promise.then
r @ 9561.4bf2dc71.js:2
s @ 9561.4bf2dc71.js:2
(匿名) @ 9561.4bf2dc71.js:2
(匿名) @ 9561.4bf2dc71.js:2
(匿名) @ main.2faaeed8.js:1
(匿名) @ main.2faaeed8.js:1
u @ 9561.4bf2dc71.js:2
(匿名) @ 9561.4bf2dc71.js:2
(匿名) @ 9561.4bf2dc71.js:2
r @ 9561.4bf2dc71.js:2
s @ 9561.4bf2dc71.js:2
Promise.then
r @ 9561.4bf2dc71.js:2
s @ 9561.4bf2dc71.js:2
Promise.then
r @ 9561.4bf2dc71.js:2
s @ 9561.4bf2dc71.js:2
(匿名) @ 9561.4bf2dc71.js:2
(匿名) @ 9561.4bf2dc71.js:2
49209 @ main.2faaeed8.js:1
n @ main.2faaeed8.js:1
(匿名) @ main.2faaeed8.js:1
n.O @ main.2faaeed8.js:1
(匿名) @ main.2faaeed8.js:1
(匿名) @ main.2faaeed8.js:1
(匿名) @ main.2faaeed8.js:1
(匿名) @ main.2faaeed8.js:1
01:05:16.953 9561.4bf2dc71.js:2  react-intl-universal key "58983b0d" not defined in zh
warningHandler @ 9561.4bf2dc71.js:2
value @ 9561.4bf2dc71.js:2
p @ 9561.4bf2dc71.js:2
(匿名) @ 5392.a94416b9.chunk.js:1
7945 @ 5392.a94416b9.chunk.js:1
n @ main.2faaeed8.js:1
35392 @ 5392.a94416b9.chunk.js:1
n @ main.2faaeed8.js:1
Promise.then
(匿名) @ main.2faaeed8.js:1
(匿名) @ 9561.4bf2dc71.js:2
Cs @ 9561.4bf2dc71.js:2
wc @ 9561.4bf2dc71.js:2
_c @ 9561.4bf2dc71.js:2
dc @ 9561.4bf2dc71.js:2
(匿名) @ 9561.4bf2dc71.js:2
t.unstable_runWithPriority @ 9561.4bf2dc71.js:2
qo @ 9561.4bf2dc71.js:2
Xo @ 9561.4bf2dc71.js:2
$o @ 9561.4bf2dc71.js:2
ic @ 9561.4bf2dc71.js:2
enqueueSetState @ 9561.4bf2dc71.js:2
b.setState @ 9561.4bf2dc71.js:2
(匿名) @ main.2faaeed8.js:1
u @ 9561.4bf2dc71.js:2
(匿名) @ 9561.4bf2dc71.js:2
(匿名) @ 9561.4bf2dc71.js:2
r @ 9561.4bf2dc71.js:2
s @ 9561.4bf2dc71.js:2
Promise.then
r @ 9561.4bf2dc71.js:2
s @ 9561.4bf2dc71.js:2
(匿名) @ 9561.4bf2dc71.js:2
(匿名) @ 9561.4bf2dc71.js:2
(匿名) @ main.2faaeed8.js:1
za @ 9561.4bf2dc71.js:2
$i @ 9561.4bf2dc71.js:2
Cs @ 9561.4bf2dc71.js:2
wc @ 9561.4bf2dc71.js:2
_c @ 9561.4bf2dc71.js:2
dc @ 9561.4bf2dc71.js:2
ic @ 9561.4bf2dc71.js:2
Gc @ 9561.4bf2dc71.js:2
(匿名) @ 9561.4bf2dc71.js:2
pc @ 9561.4bf2dc71.js:2
el @ 9561.4bf2dc71.js:2
render @ 9561.4bf2dc71.js:2
(匿名) @ main.2faaeed8.js:1
u @ 9561.4bf2dc71.js:2
(匿名) @ 9561.4bf2dc71.js:2
(匿名) @ 9561.4bf2dc71.js:2
r @ 9561.4bf2dc71.js:2
s @ 9561.4bf2dc71.js:2
Promise.then
r @ 9561.4bf2dc71.js:2
s @ 9561.4bf2dc71.js:2
(匿名) @ 9561.4bf2dc71.js:2
(匿名) @ 9561.4bf2dc71.js:2
(匿名) @ main.2faaeed8.js:1
(匿名) @ main.2faaeed8.js:1
u @ 9561.4bf2dc71.js:2
(匿名) @ 9561.4bf2dc71.js:2
(匿名) @ 9561.4bf2dc71.js:2
r @ 9561.4bf2dc71.js:2
s @ 9561.4bf2dc71.js:2
Promise.then
r @ 9561.4bf2dc71.js:2
s @ 9561.4bf2dc71.js:2
Promise.then
r @ 9561.4bf2dc71.js:2
s @ 9561.4bf2dc71.js:2
(匿名) @ 9561.4bf2dc71.js:2
(匿名) @ 9561.4bf2dc71.js:2
49209 @ main.2faaeed8.js:1
n @ main.2faaeed8.js:1
(匿名) @ main.2faaeed8.js:1
n.O @ main.2faaeed8.js:1
(匿名) @ main.2faaeed8.js:1
(匿名) @ main.2faaeed8.js:1
(匿名) @ main.2faaeed8.js:1
(匿名) @ main.2faaeed8.js:1
01:05:16.953 9561.4bf2dc71.js:2  react-intl-universal key "58983b0d" not defined in zh
warningHandler @ 9561.4bf2dc71.js:2
value @ 9561.4bf2dc71.js:2
p @ 9561.4bf2dc71.js:2
(匿名) @ 5392.a94416b9.chunk.js:1
7945 @ 5392.a94416b9.chunk.js:1
n @ main.2faaeed8.js:1
35392 @ 5392.a94416b9.chunk.js:1
n @ main.2faaeed8.js:1
Promise.then
(匿名) @ main.2faaeed8.js:1
(匿名) @ 9561.4bf2dc71.js:2
Cs @ 9561.4bf2dc71.js:2
wc @ 9561.4bf2dc71.js:2
_c @ 9561.4bf2dc71.js:2
dc @ 9561.4bf2dc71.js:2
(匿名) @ 9561.4bf2dc71.js:2
t.unstable_runWithPriority @ 9561.4bf2dc71.js:2
qo @ 9561.4bf2dc71.js:2
Xo @ 9561.4bf2dc71.js:2
$o @ 9561.4bf2dc71.js:2
ic @ 9561.4bf2dc71.js:2
enqueueSetState @ 9561.4bf2dc71.js:2
b.setState @ 9561.4bf2dc71.js:2
(匿名) @ main.2faaeed8.js:1
u @ 9561.4bf2dc71.js:2
(匿名) @ 9561.4bf2dc71.js:2
(匿名) @ 9561.4bf2dc71.js:2
r @ 9561.4bf2dc71.js:2
s @ 9561.4bf2dc71.js:2
Promise.then
r @ 9561.4bf2dc71.js:2
s @ 9561.4bf2dc71.js:2
(匿名) @ 9561.4bf2dc71.js:2
(匿名) @ 9561.4bf2dc71.js:2
(匿名) @ main.2faaeed8.js:1
za @ 9561.4bf2dc71.js:2
$i @ 9561.4bf2dc71.js:2
Cs @ 9561.4bf2dc71.js:2
wc @ 9561.4bf2dc71.js:2
_c @ 9561.4bf2dc71.js:2
dc @ 9561.4bf2dc71.js:2
ic @ 9561.4bf2dc71.js:2
Gc @ 9561.4bf2dc71.js:2
(匿名) @ 9561.4bf2dc71.js:2
pc @ 9561.4bf2dc71.js:2
el @ 9561.4bf2dc71.js:2
render @ 9561.4bf2dc71.js:2
(匿名) @ main.2faaeed8.js:1
u @ 9561.4bf2dc71.js:2
(匿名) @ 9561.4bf2dc71.js:2
(匿名) @ 9561.4bf2dc71.js:2
r @ 9561.4bf2dc71.js:2
s @ 9561.4bf2dc71.js:2
Promise.then
r @ 9561.4bf2dc71.js:2
s @ 9561.4bf2dc71.js:2
(匿名) @ 9561.4bf2dc71.js:2
(匿名) @ 9561.4bf2dc71.js:2
(匿名) @ main.2faaeed8.js:1
(匿名) @ main.2faaeed8.js:1
u @ 9561.4bf2dc71.js:2
(匿名) @ 9561.4bf2dc71.js:2
(匿名) @ 9561.4bf2dc71.js:2
r @ 9561.4bf2dc71.js:2
s @ 9561.4bf2dc71.js:2
Promise.then
r @ 9561.4bf2dc71.js:2
s @ 9561.4bf2dc71.js:2
Promise.then
r @ 9561.4bf2dc71.js:2
s @ 9561.4bf2dc71.js:2
(匿名) @ 9561.4bf2dc71.js:2
(匿名) @ 9561.4bf2dc71.js:2
49209 @ main.2faaeed8.js:1
n @ main.2faaeed8.js:1
(匿名) @ main.2faaeed8.js:1
n.O @ main.2faaeed8.js:1
(匿名) @ main.2faaeed8.js:1
(匿名) @ main.2faaeed8.js:1
(匿名) @ main.2faaeed8.js:1
(匿名) @ main.2faaeed8.js:1
01:05:16.953 9561.4bf2dc71.js:2  react-intl-universal key "7746fb87" not defined in zh
warningHandler @ 9561.4bf2dc71.js:2
value @ 9561.4bf2dc71.js:2
p @ 9561.4bf2dc71.js:2
(匿名) @ 5392.a94416b9.chunk.js:1
7945 @ 5392.a94416b9.chunk.js:1
n @ main.2faaeed8.js:1
35392 @ 5392.a94416b9.chunk.js:1
n @ main.2faaeed8.js:1
Promise.then
(匿名) @ main.2faaeed8.js:1
(匿名) @ 9561.4bf2dc71.js:2
Cs @ 9561.4bf2dc71.js:2
wc @ 9561.4bf2dc71.js:2
_c @ 9561.4bf2dc71.js:2
dc @ 9561.4bf2dc71.js:2
(匿名) @ 9561.4bf2dc71.js:2
t.unstable_runWithPriority @ 9561.4bf2dc71.js:2
qo @ 9561.4bf2dc71.js:2
Xo @ 9561.4bf2dc71.js:2
$o @ 9561.4bf2dc71.js:2
ic @ 9561.4bf2dc71.js:2
enqueueSetState @ 9561.4bf2dc71.js:2
b.setState @ 9561.4bf2dc71.js:2
(匿名) @ main.2faaeed8.js:1
u @ 9561.4bf2dc71.js:2
(匿名) @ 9561.4bf2dc71.js:2
(匿名) @ 9561.4bf2dc71.js:2
r @ 9561.4bf2dc71.js:2
s @ 9561.4bf2dc71.js:2
Promise.then
r @ 9561.4bf2dc71.js:2
s @ 9561.4bf2dc71.js:2
(匿名) @ 9561.4bf2dc71.js:2
(匿名) @ 9561.4bf2dc71.js:2
(匿名) @ main.2faaeed8.js:1
za @ 9561.4bf2dc71.js:2
$i @ 9561.4bf2dc71.js:2
Cs @ 9561.4bf2dc71.js:2
wc @ 9561.4bf2dc71.js:2
_c @ 9561.4bf2dc71.js:2
dc @ 9561.4bf2dc71.js:2
ic @ 9561.4bf2dc71.js:2
Gc @ 9561.4bf2dc71.js:2
(匿名) @ 9561.4bf2dc71.js:2
pc @ 9561.4bf2dc71.js:2
el @ 9561.4bf2dc71.js:2
render @ 9561.4bf2dc71.js:2
(匿名) @ main.2faaeed8.js:1
u @ 9561.4bf2dc71.js:2
(匿名) @ 9561.4bf2dc71.js:2
(匿名) @ 9561.4bf2dc71.js:2
r @ 9561.4bf2dc71.js:2
s @ 9561.4bf2dc71.js:2
Promise.then
r @ 9561.4bf2dc71.js:2
s @ 9561.4bf2dc71.js:2
(匿名) @ 9561.4bf2dc71.js:2
(匿名) @ 9561.4bf2dc71.js:2
(匿名) @ main.2faaeed8.js:1
(匿名) @ main.2faaeed8.js:1
u @ 9561.4bf2dc71.js:2
(匿名) @ 9561.4bf2dc71.js:2
(匿名) @ 9561.4bf2dc71.js:2
r @ 9561.4bf2dc71.js:2
s @ 9561.4bf2dc71.js:2
Promise.then
r @ 9561.4bf2dc71.js:2
s @ 9561.4bf2dc71.js:2
Promise.then
r @ 9561.4bf2dc71.js:2
s @ 9561.4bf2dc71.js:2
(匿名) @ 9561.4bf2dc71.js:2
(匿名) @ 9561.4bf2dc71.js:2
49209 @ main.2faaeed8.js:1
n @ main.2faaeed8.js:1
(匿名) @ main.2faaeed8.js:1
n.O @ main.2faaeed8.js:1
(匿名) @ main.2faaeed8.js:1
(匿名) @ main.2faaeed8.js:1
(匿名) @ main.2faaeed8.js:1
(匿名) @ main.2faaeed8.js:1
01:05:16.953 9561.4bf2dc71.js:2  react-intl-universal key "7746fb87" not defined in zh
warningHandler @ 9561.4bf2dc71.js:2
value @ 9561.4bf2dc71.js:2
p @ 9561.4bf2dc71.js:2
(匿名) @ 5392.a94416b9.chunk.js:1
7945 @ 5392.a94416b9.chunk.js:1
n @ main.2faaeed8.js:1
35392 @ 5392.a94416b9.chunk.js:1
n @ main.2faaeed8.js:1
Promise.then
(匿名) @ main.2faaeed8.js:1
(匿名) @ 9561.4bf2dc71.js:2
Cs @ 9561.4bf2dc71.js:2
wc @ 9561.4bf2dc71.js:2
_c @ 9561.4bf2dc71.js:2
dc @ 9561.4bf2dc71.js:2
(匿名) @ 9561.4bf2dc71.js:2
t.unstable_runWithPriority @ 9561.4bf2dc71.js:2
qo @ 9561.4bf2dc71.js:2
Xo @ 9561.4bf2dc71.js:2
$o @ 9561.4bf2dc71.js:2
ic @ 9561.4bf2dc71.js:2
enqueueSetState @ 9561.4bf2dc71.js:2
b.setState @ 9561.4bf2dc71.js:2
(匿名) @ main.2faaeed8.js:1
u @ 9561.4bf2dc71.js:2
(匿名) @ 9561.4bf2dc71.js:2
(匿名) @ 9561.4bf2dc71.js:2
r @ 9561.4bf2dc71.js:2
s @ 9561.4bf2dc71.js:2
Promise.then
r @ 9561.4bf2dc71.js:2
s @ 9561.4bf2dc71.js:2
(匿名) @ 9561.4bf2dc71.js:2
(匿名) @ 9561.4bf2dc71.js:2
(匿名) @ main.2faaeed8.js:1
za @ 9561.4bf2dc71.js:2
$i @ 9561.4bf2dc71.js:2
Cs @ 9561.4bf2dc71.js:2
wc @ 9561.4bf2dc71.js:2
_c @ 9561.4bf2dc71.js:2
dc @ 9561.4bf2dc71.js:2
ic @ 9561.4bf2dc71.js:2
Gc @ 9561.4bf2dc71.js:2
(匿名) @ 9561.4bf2dc71.js:2
pc @ 9561.4bf2dc71.js:2
el @ 9561.4bf2dc71.js:2
render @ 9561.4bf2dc71.js:2
(匿名) @ main.2faaeed8.js:1
u @ 9561.4bf2dc71.js:2
(匿名) @ 9561.4bf2dc71.js:2
(匿名) @ 9561.4bf2dc71.js:2
r @ 9561.4bf2dc71.js:2
s @ 9561.4bf2dc71.js:2
Promise.then
r @ 9561.4bf2dc71.js:2
s @ 9561.4bf2dc71.js:2
(匿名) @ 9561.4bf2dc71.js:2
(匿名) @ 9561.4bf2dc71.js:2
(匿名) @ main.2faaeed8.js:1
(匿名) @ main.2faaeed8.js:1
u @ 9561.4bf2dc71.js:2
(匿名) @ 9561.4bf2dc71.js:2
(匿名) @ 9561.4bf2dc71.js:2
r @ 9561.4bf2dc71.js:2
s @ 9561.4bf2dc71.js:2
Promise.then
r @ 9561.4bf2dc71.js:2
s @ 9561.4bf2dc71.js:2
Promise.then
r @ 9561.4bf2dc71.js:2
s @ 9561.4bf2dc71.js:2
(匿名) @ 9561.4bf2dc71.js:2
(匿名) @ 9561.4bf2dc71.js:2
49209 @ main.2faaeed8.js:1
n @ main.2faaeed8.js:1
(匿名) @ main.2faaeed8.js:1
n.O @ main.2faaeed8.js:1
(匿名) @ main.2faaeed8.js:1
(匿名) @ main.2faaeed8.js:1
(匿名) @ main.2faaeed8.js:1
(匿名) @ main.2faaeed8.js:1
01:05:16.953 9561.4bf2dc71.js:2  react-intl-universal key "7bbe8e2f" not defined in zh
warningHandler @ 9561.4bf2dc71.js:2
value @ 9561.4bf2dc71.js:2
p @ 9561.4bf2dc71.js:2
(匿名) @ 5392.a94416b9.chunk.js:1
7945 @ 5392.a94416b9.chunk.js:1
n @ main.2faaeed8.js:1
35392 @ 5392.a94416b9.chunk.js:1
n @ main.2faaeed8.js:1
Promise.then
(匿名) @ main.2faaeed8.js:1
(匿名) @ 9561.4bf2dc71.js:2
Cs @ 9561.4bf2dc71.js:2
wc @ 9561.4bf2dc71.js:2
_c @ 9561.4bf2dc71.js:2
dc @ 9561.4bf2dc71.js:2
(匿名) @ 9561.4bf2dc71.js:2
t.unstable_runWithPriority @ 9561.4bf2dc71.js:2
qo @ 9561.4bf2dc71.js:2
Xo @ 9561.4bf2dc71.js:2
$o @ 9561.4bf2dc71.js:2
ic @ 9561.4bf2dc71.js:2
enqueueSetState @ 9561.4bf2dc71.js:2
b.setState @ 9561.4bf2dc71.js:2
(匿名) @ main.2faaeed8.js:1
u @ 9561.4bf2dc71.js:2
(匿名) @ 9561.4bf2dc71.js:2
(匿名) @ 9561.4bf2dc71.js:2
r @ 9561.4bf2dc71.js:2
s @ 9561.4bf2dc71.js:2
Promise.then
r @ 9561.4bf2dc71.js:2
s @ 9561.4bf2dc71.js:2
(匿名) @ 9561.4bf2dc71.js:2
(匿名) @ 9561.4bf2dc71.js:2
(匿名) @ main.2faaeed8.js:1
za @ 9561.4bf2dc71.js:2
$i @ 9561.4bf2dc71.js:2
Cs @ 9561.4bf2dc71.js:2
wc @ 9561.4bf2dc71.js:2
_c @ 9561.4bf2dc71.js:2
dc @ 9561.4bf2dc71.js:2
ic @ 9561.4bf2dc71.js:2
Gc @ 9561.4bf2dc71.js:2
(匿名) @ 9561.4bf2dc71.js:2
pc @ 9561.4bf2dc71.js:2
el @ 9561.4bf2dc71.js:2
render @ 9561.4bf2dc71.js:2
(匿名) @ main.2faaeed8.js:1
u @ 9561.4bf2dc71.js:2
(匿名) @ 9561.4bf2dc71.js:2
(匿名) @ 9561.4bf2dc71.js:2
r @ 9561.4bf2dc71.js:2
s @ 9561.4bf2dc71.js:2
Promise.then
r @ 9561.4bf2dc71.js:2
s @ 9561.4bf2dc71.js:2
(匿名) @ 9561.4bf2dc71.js:2
(匿名) @ 9561.4bf2dc71.js:2
(匿名) @ main.2faaeed8.js:1
(匿名) @ main.2faaeed8.js:1
u @ 9561.4bf2dc71.js:2
(匿名) @ 9561.4bf2dc71.js:2
(匿名) @ 9561.4bf2dc71.js:2
r @ 9561.4bf2dc71.js:2
s @ 9561.4bf2dc71.js:2
Promise.then
r @ 9561.4bf2dc71.js:2
s @ 9561.4bf2dc71.js:2
Promise.then
r @ 9561.4bf2dc71.js:2
s @ 9561.4bf2dc71.js:2
(匿名) @ 9561.4bf2dc71.js:2
(匿名) @ 9561.4bf2dc71.js:2
49209 @ main.2faaeed8.js:1
n @ main.2faaeed8.js:1
(匿名) @ main.2faaeed8.js:1
n.O @ main.2faaeed8.js:1
(匿名) @ main.2faaeed8.js:1
(匿名) @ main.2faaeed8.js:1
(匿名) @ main.2faaeed8.js:1
(匿名) @ main.2faaeed8.js:1
01:05:16.953 9561.4bf2dc71.js:2  react-intl-universal key "7bbe8e2f" not defined in zh
warningHandler @ 9561.4bf2dc71.js:2
value @ 9561.4bf2dc71.js:2
p @ 9561.4bf2dc71.js:2
(匿名) @ 5392.a94416b9.chunk.js:1
7945 @ 5392.a94416b9.chunk.js:1
n @ main.2faaeed8.js:1
35392 @ 5392.a94416b9.chunk.js:1
n @ main.2faaeed8.js:1
Promise.then
(匿名) @ main.2faaeed8.js:1
(匿名) @ 9561.4bf2dc71.js:2
Cs @ 9561.4bf2dc71.js:2
wc @ 9561.4bf2dc71.js:2
_c @ 9561.4bf2dc71.js:2
dc @ 9561.4bf2dc71.js:2
(匿名) @ 9561.4bf2dc71.js:2
t.unstable_runWithPriority @ 9561.4bf2dc71.js:2
qo @ 9561.4bf2dc71.js:2
Xo @ 9561.4bf2dc71.js:2
$o @ 9561.4bf2dc71.js:2
ic @ 9561.4bf2dc71.js:2
enqueueSetState @ 9561.4bf2dc71.js:2
b.setState @ 9561.4bf2dc71.js:2
(匿名) @ main.2faaeed8.js:1
u @ 9561.4bf2dc71.js:2
(匿名) @ 9561.4bf2dc71.js:2
(匿名) @ 9561.4bf2dc71.js:2
r @ 9561.4bf2dc71.js:2
s @ 9561.4bf2dc71.js:2
Promise.then
r @ 9561.4bf2dc71.js:2
s @ 9561.4bf2dc71.js:2
(匿名) @ 9561.4bf2dc71.js:2
(匿名) @ 9561.4bf2dc71.js:2
(匿名) @ main.2faaeed8.js:1
za @ 9561.4bf2dc71.js:2
$i @ 9561.4bf2dc71.js:2
Cs @ 9561.4bf2dc71.js:2
wc @ 9561.4bf2dc71.js:2
_c @ 9561.4bf2dc71.js:2
dc @ 9561.4bf2dc71.js:2
ic @ 9561.4bf2dc71.js:2
Gc @ 9561.4bf2dc71.js:2
(匿名) @ 9561.4bf2dc71.js:2
pc @ 9561.4bf2dc71.js:2
el @ 9561.4bf2dc71.js:2
render @ 9561.4bf2dc71.js:2
(匿名) @ main.2faaeed8.js:1
u @ 9561.4bf2dc71.js:2
(匿名) @ 9561.4bf2dc71.js:2
(匿名) @ 9561.4bf2dc71.js:2
r @ 9561.4bf2dc71.js:2
s @ 9561.4bf2dc71.js:2
Promise.then
r @ 9561.4bf2dc71.js:2
s @ 9561.4bf2dc71.js:2
(匿名) @ 9561.4bf2dc71.js:2
(匿名) @ 9561.4bf2dc71.js:2
(匿名) @ main.2faaeed8.js:1
(匿名) @ main.2faaeed8.js:1
u @ 9561.4bf2dc71.js:2
(匿名) @ 9561.4bf2dc71.js:2
(匿名) @ 9561.4bf2dc71.js:2
r @ 9561.4bf2dc71.js:2
s @ 9561.4bf2dc71.js:2
Promise.then
r @ 9561.4bf2dc71.js:2
s @ 9561.4bf2dc71.js:2
Promise.then
r @ 9561.4bf2dc71.js:2
s @ 9561.4bf2dc71.js:2
(匿名) @ 9561.4bf2dc71.js:2
(匿名) @ 9561.4bf2dc71.js:2
49209 @ main.2faaeed8.js:1
n @ main.2faaeed8.js:1
(匿名) @ main.2faaeed8.js:1
n.O @ main.2faaeed8.js:1
(匿名) @ main.2faaeed8.js:1
(匿名) @ main.2faaeed8.js:1
(匿名) @ main.2faaeed8.js:1
(匿名) @ main.2faaeed8.js:1
01:05:16.954 9561.4bf2dc71.js:2  react-intl-universal key "33f52504" not defined in zh
warningHandler @ 9561.4bf2dc71.js:2
value @ 9561.4bf2dc71.js:2
p @ 9561.4bf2dc71.js:2
(匿名) @ 5392.a94416b9.chunk.js:1
7945 @ 5392.a94416b9.chunk.js:1
n @ main.2faaeed8.js:1
35392 @ 5392.a94416b9.chunk.js:1
n @ main.2faaeed8.js:1
Promise.then
(匿名) @ main.2faaeed8.js:1
(匿名) @ 9561.4bf2dc71.js:2
Cs @ 9561.4bf2dc71.js:2
wc @ 9561.4bf2dc71.js:2
_c @ 9561.4bf2dc71.js:2
dc @ 9561.4bf2dc71.js:2
(匿名) @ 9561.4bf2dc71.js:2
t.unstable_runWithPriority @ 9561.4bf2dc71.js:2
qo @ 9561.4bf2dc71.js:2
Xo @ 9561.4bf2dc71.js:2
$o @ 9561.4bf2dc71.js:2
ic @ 9561.4bf2dc71.js:2
enqueueSetState @ 9561.4bf2dc71.js:2
b.setState @ 9561.4bf2dc71.js:2
(匿名) @ main.2faaeed8.js:1
u @ 9561.4bf2dc71.js:2
(匿名) @ 9561.4bf2dc71.js:2
(匿名) @ 9561.4bf2dc71.js:2
r @ 9561.4bf2dc71.js:2
s @ 9561.4bf2dc71.js:2
Promise.then
r @ 9561.4bf2dc71.js:2
s @ 9561.4bf2dc71.js:2
(匿名) @ 9561.4bf2dc71.js:2
(匿名) @ 9561.4bf2dc71.js:2
(匿名) @ main.2faaeed8.js:1
za @ 9561.4bf2dc71.js:2
$i @ 9561.4bf2dc71.js:2
Cs @ 9561.4bf2dc71.js:2
wc @ 9561.4bf2dc71.js:2
_c @ 9561.4bf2dc71.js:2
dc @ 9561.4bf2dc71.js:2
ic @ 9561.4bf2dc71.js:2
Gc @ 9561.4bf2dc71.js:2
(匿名) @ 9561.4bf2dc71.js:2
pc @ 9561.4bf2dc71.js:2
el @ 9561.4bf2dc71.js:2
render @ 9561.4bf2dc71.js:2
(匿名) @ main.2faaeed8.js:1
u @ 9561.4bf2dc71.js:2
(匿名) @ 9561.4bf2dc71.js:2
(匿名) @ 9561.4bf2dc71.js:2
r @ 9561.4bf2dc71.js:2
s @ 9561.4bf2dc71.js:2
Promise.then
r @ 9561.4bf2dc71.js:2
s @ 9561.4bf2dc71.js:2
(匿名) @ 9561.4bf2dc71.js:2
(匿名) @ 9561.4bf2dc71.js:2
(匿名) @ main.2faaeed8.js:1
(匿名) @ main.2faaeed8.js:1
u @ 9561.4bf2dc71.js:2
(匿名) @ 9561.4bf2dc71.js:2
(匿名) @ 9561.4bf2dc71.js:2
r @ 9561.4bf2dc71.js:2
s @ 9561.4bf2dc71.js:2
Promise.then
r @ 9561.4bf2dc71.js:2
s @ 9561.4bf2dc71.js:2
Promise.then
r @ 9561.4bf2dc71.js:2
s @ 9561.4bf2dc71.js:2
(匿名) @ 9561.4bf2dc71.js:2
(匿名) @ 9561.4bf2dc71.js:2
49209 @ main.2faaeed8.js:1
n @ main.2faaeed8.js:1
(匿名) @ main.2faaeed8.js:1
n.O @ main.2faaeed8.js:1
(匿名) @ main.2faaeed8.js:1
(匿名) @ main.2faaeed8.js:1
(匿名) @ main.2faaeed8.js:1
(匿名) @ main.2faaeed8.js:1
01:05:16.954 9561.4bf2dc71.js:2  react-intl-universal key "33f52504" not defined in zh
warningHandler @ 9561.4bf2dc71.js:2
value @ 9561.4bf2dc71.js:2
p @ 9561.4bf2dc71.js:2
(匿名) @ 5392.a94416b9.chunk.js:1
7945 @ 5392.a94416b9.chunk.js:1
n @ main.2faaeed8.js:1
35392 @ 5392.a94416b9.chunk.js:1
n @ main.2faaeed8.js:1
Promise.then
(匿名) @ main.2faaeed8.js:1
(匿名) @ 9561.4bf2dc71.js:2
Cs @ 9561.4bf2dc71.js:2
wc @ 9561.4bf2dc71.js:2
_c @ 9561.4bf2dc71.js:2
dc @ 9561.4bf2dc71.js:2
(匿名) @ 9561.4bf2dc71.js:2
t.unstable_runWithPriority @ 9561.4bf2dc71.js:2
qo @ 9561.4bf2dc71.js:2
Xo @ 9561.4bf2dc71.js:2
$o @ 9561.4bf2dc71.js:2
ic @ 9561.4bf2dc71.js:2
enqueueSetState @ 9561.4bf2dc71.js:2
b.setState @ 9561.4bf2dc71.js:2
(匿名) @ main.2faaeed8.js:1
u @ 9561.4bf2dc71.js:2
(匿名) @ 9561.4bf2dc71.js:2
(匿名) @ 9561.4bf2dc71.js:2
r @ 9561.4bf2dc71.js:2
s @ 9561.4bf2dc71.js:2
Promise.then
r @ 9561.4bf2dc71.js:2
s @ 9561.4bf2dc71.js:2
(匿名) @ 9561.4bf2dc71.js:2
(匿名) @ 9561.4bf2dc71.js:2
(匿名) @ main.2faaeed8.js:1
za @ 9561.4bf2dc71.js:2
$i @ 9561.4bf2dc71.js:2
Cs @ 9561.4bf2dc71.js:2
wc @ 9561.4bf2dc71.js:2
_c @ 9561.4bf2dc71.js:2
dc @ 9561.4bf2dc71.js:2
ic @ 9561.4bf2dc71.js:2
Gc @ 9561.4bf2dc71.js:2
(匿名) @ 9561.4bf2dc71.js:2
pc @ 9561.4bf2dc71.js:2
el @ 9561.4bf2dc71.js:2
render @ 9561.4bf2dc71.js:2
(匿名) @ main.2faaeed8.js:1
u @ 9561.4bf2dc71.js:2
(匿名) @ 9561.4bf2dc71.js:2
(匿名) @ 9561.4bf2dc71.js:2
r @ 9561.4bf2dc71.js:2
s @ 9561.4bf2dc71.js:2
Promise.then
r @ 9561.4bf2dc71.js:2
s @ 9561.4bf2dc71.js:2
(匿名) @ 9561.4bf2dc71.js:2
(匿名) @ 9561.4bf2dc71.js:2
(匿名) @ main.2faaeed8.js:1
(匿名) @ main.2faaeed8.js:1
u @ 9561.4bf2dc71.js:2
(匿名) @ 9561.4bf2dc71.js:2
(匿名) @ 9561.4bf2dc71.js:2
r @ 9561.4bf2dc71.js:2
s @ 9561.4bf2dc71.js:2
Promise.then
r @ 9561.4bf2dc71.js:2
s @ 9561.4bf2dc71.js:2
Promise.then
r @ 9561.4bf2dc71.js:2
s @ 9561.4bf2dc71.js:2
(匿名) @ 9561.4bf2dc71.js:2
(匿名) @ 9561.4bf2dc71.js:2
49209 @ main.2faaeed8.js:1
n @ main.2faaeed8.js:1
(匿名) @ main.2faaeed8.js:1
n.O @ main.2faaeed8.js:1
(匿名) @ main.2faaeed8.js:1
(匿名) @ main.2faaeed8.js:1
(匿名) @ main.2faaeed8.js:1
(匿名) @ main.2faaeed8.js:1
01:05:16.954 9561.4bf2dc71.js:2  react-intl-universal key "e009903f" not defined in zh
warningHandler @ 9561.4bf2dc71.js:2
value @ 9561.4bf2dc71.js:2
p @ 9561.4bf2dc71.js:2
(匿名) @ 5392.a94416b9.chunk.js:1
7945 @ 5392.a94416b9.chunk.js:1
n @ main.2faaeed8.js:1
35392 @ 5392.a94416b9.chunk.js:1
n @ main.2faaeed8.js:1
Promise.then
(匿名) @ main.2faaeed8.js:1
(匿名) @ 9561.4bf2dc71.js:2
Cs @ 9561.4bf2dc71.js:2
wc @ 9561.4bf2dc71.js:2
_c @ 9561.4bf2dc71.js:2
dc @ 9561.4bf2dc71.js:2
(匿名) @ 9561.4bf2dc71.js:2
t.unstable_runWithPriority @ 9561.4bf2dc71.js:2
qo @ 9561.4bf2dc71.js:2
Xo @ 9561.4bf2dc71.js:2
$o @ 9561.4bf2dc71.js:2
ic @ 9561.4bf2dc71.js:2
enqueueSetState @ 9561.4bf2dc71.js:2
b.setState @ 9561.4bf2dc71.js:2
(匿名) @ main.2faaeed8.js:1
u @ 9561.4bf2dc71.js:2
(匿名) @ 9561.4bf2dc71.js:2
(匿名) @ 9561.4bf2dc71.js:2
r @ 9561.4bf2dc71.js:2
s @ 9561.4bf2dc71.js:2
Promise.then
r @ 9561.4bf2dc71.js:2
s @ 9561.4bf2dc71.js:2
(匿名) @ 9561.4bf2dc71.js:2
(匿名) @ 9561.4bf2dc71.js:2
(匿名) @ main.2faaeed8.js:1
za @ 9561.4bf2dc71.js:2
$i @ 9561.4bf2dc71.js:2
Cs @ 9561.4bf2dc71.js:2
wc @ 9561.4bf2dc71.js:2
_c @ 9561.4bf2dc71.js:2
dc @ 9561.4bf2dc71.js:2
ic @ 9561.4bf2dc71.js:2
Gc @ 9561.4bf2dc71.js:2
(匿名) @ 9561.4bf2dc71.js:2
pc @ 9561.4bf2dc71.js:2
el @ 9561.4bf2dc71.js:2
render @ 9561.4bf2dc71.js:2
(匿名) @ main.2faaeed8.js:1
u @ 9561.4bf2dc71.js:2
(匿名) @ 9561.4bf2dc71.js:2
(匿名) @ 9561.4bf2dc71.js:2
r @ 9561.4bf2dc71.js:2
s @ 9561.4bf2dc71.js:2
Promise.then
r @ 9561.4bf2dc71.js:2
s @ 9561.4bf2dc71.js:2
(匿名) @ 9561.4bf2dc71.js:2
(匿名) @ 9561.4bf2dc71.js:2
(匿名) @ main.2faaeed8.js:1
(匿名) @ main.2faaeed8.js:1
u @ 9561.4bf2dc71.js:2
(匿名) @ 9561.4bf2dc71.js:2
(匿名) @ 9561.4bf2dc71.js:2
r @ 9561.4bf2dc71.js:2
s @ 9561.4bf2dc71.js:2
Promise.then
r @ 9561.4bf2dc71.js:2
s @ 9561.4bf2dc71.js:2
Promise.then
r @ 9561.4bf2dc71.js:2
s @ 9561.4bf2dc71.js:2
(匿名) @ 9561.4bf2dc71.js:2
(匿名) @ 9561.4bf2dc71.js:2
49209 @ main.2faaeed8.js:1
n @ main.2faaeed8.js:1
(匿名) @ main.2faaeed8.js:1
n.O @ main.2faaeed8.js:1
(匿名) @ main.2faaeed8.js:1
(匿名) @ main.2faaeed8.js:1
(匿名) @ main.2faaeed8.js:1
(匿名) @ main.2faaeed8.js:1
01:05:16.954 9561.4bf2dc71.js:2  react-intl-universal key "e009903f" not defined in zh
warningHandler @ 9561.4bf2dc71.js:2
value @ 9561.4bf2dc71.js:2
p @ 9561.4bf2dc71.js:2
(匿名) @ 5392.a94416b9.chunk.js:1
7945 @ 5392.a94416b9.chunk.js:1
n @ main.2faaeed8.js:1
35392 @ 5392.a94416b9.chunk.js:1
n @ main.2faaeed8.js:1
Promise.then
(匿名) @ main.2faaeed8.js:1
(匿名) @ 9561.4bf2dc71.js:2
Cs @ 9561.4bf2dc71.js:2
wc @ 9561.4bf2dc71.js:2
_c @ 9561.4bf2dc71.js:2
dc @ 9561.4bf2dc71.js:2
(匿名) @ 9561.4bf2dc71.js:2
t.unstable_runWithPriority @ 9561.4bf2dc71.js:2
qo @ 9561.4bf2dc71.js:2
Xo @ 9561.4bf2dc71.js:2
$o @ 9561.4bf2dc71.js:2
ic @ 9561.4bf2dc71.js:2
enqueueSetState @ 9561.4bf2dc71.js:2
b.setState @ 9561.4bf2dc71.js:2
(匿名) @ main.2faaeed8.js:1
u @ 9561.4bf2dc71.js:2
(匿名) @ 9561.4bf2dc71.js:2
(匿名) @ 9561.4bf2dc71.js:2
r @ 9561.4bf2dc71.js:2
s @ 9561.4bf2dc71.js:2
Promise.then
r @ 9561.4bf2dc71.js:2
s @ 9561.4bf2dc71.js:2
(匿名) @ 9561.4bf2dc71.js:2
(匿名) @ 9561.4bf2dc71.js:2
(匿名) @ main.2faaeed8.js:1
za @ 9561.4bf2dc71.js:2
$i @ 9561.4bf2dc71.js:2
Cs @ 9561.4bf2dc71.js:2
wc @ 9561.4bf2dc71.js:2
_c @ 9561.4bf2dc71.js:2
dc @ 9561.4bf2dc71.js:2
ic @ 9561.4bf2dc71.js:2
Gc @ 9561.4bf2dc71.js:2
(匿名) @ 9561.4bf2dc71.js:2
pc @ 9561.4bf2dc71.js:2
el @ 9561.4bf2dc71.js:2
render @ 9561.4bf2dc71.js:2
(匿名) @ main.2faaeed8.js:1
u @ 9561.4bf2dc71.js:2
(匿名) @ 9561.4bf2dc71.js:2
(匿名) @ 9561.4bf2dc71.js:2
r @ 9561.4bf2dc71.js:2
s @ 9561.4bf2dc71.js:2
Promise.then
r @ 9561.4bf2dc71.js:2
s @ 9561.4bf2dc71.js:2
(匿名) @ 9561.4bf2dc71.js:2
(匿名) @ 9561.4bf2dc71.js:2
(匿名) @ main.2faaeed8.js:1
(匿名) @ main.2faaeed8.js:1
u @ 9561.4bf2dc71.js:2
(匿名) @ 9561.4bf2dc71.js:2
(匿名) @ 9561.4bf2dc71.js:2
r @ 9561.4bf2dc71.js:2
s @ 9561.4bf2dc71.js:2
Promise.then
r @ 9561.4bf2dc71.js:2
s @ 9561.4bf2dc71.js:2
Promise.then
r @ 9561.4bf2dc71.js:2
s @ 9561.4bf2dc71.js:2
(匿名) @ 9561.4bf2dc71.js:2
(匿名) @ 9561.4bf2dc71.js:2
49209 @ main.2faaeed8.js:1
n @ main.2faaeed8.js:1
(匿名) @ main.2faaeed8.js:1
n.O @ main.2faaeed8.js:1
(匿名) @ main.2faaeed8.js:1
(匿名) @ main.2faaeed8.js:1
(匿名) @ main.2faaeed8.js:1
(匿名) @ main.2faaeed8.js:1
01:05:16.954 9561.4bf2dc71.js:2  react-intl-universal key "70b938cf" not defined in zh
warningHandler @ 9561.4bf2dc71.js:2
value @ 9561.4bf2dc71.js:2
p @ 9561.4bf2dc71.js:2
(匿名) @ 5392.a94416b9.chunk.js:1
7945 @ 5392.a94416b9.chunk.js:1
n @ main.2faaeed8.js:1
35392 @ 5392.a94416b9.chunk.js:1
n @ main.2faaeed8.js:1
Promise.then
(匿名) @ main.2faaeed8.js:1
(匿名) @ 9561.4bf2dc71.js:2
Cs @ 9561.4bf2dc71.js:2
wc @ 9561.4bf2dc71.js:2
_c @ 9561.4bf2dc71.js:2
dc @ 9561.4bf2dc71.js:2
(匿名) @ 9561.4bf2dc71.js:2
t.unstable_runWithPriority @ 9561.4bf2dc71.js:2
qo @ 9561.4bf2dc71.js:2
Xo @ 9561.4bf2dc71.js:2
$o @ 9561.4bf2dc71.js:2
ic @ 9561.4bf2dc71.js:2
enqueueSetState @ 9561.4bf2dc71.js:2
b.setState @ 9561.4bf2dc71.js:2
(匿名) @ main.2faaeed8.js:1
u @ 9561.4bf2dc71.js:2
(匿名) @ 9561.4bf2dc71.js:2
(匿名) @ 9561.4bf2dc71.js:2
r @ 9561.4bf2dc71.js:2
s @ 9561.4bf2dc71.js:2
Promise.then
r @ 9561.4bf2dc71.js:2
s @ 9561.4bf2dc71.js:2
(匿名) @ 9561.4bf2dc71.js:2
(匿名) @ 9561.4bf2dc71.js:2
(匿名) @ main.2faaeed8.js:1
za @ 9561.4bf2dc71.js:2
$i @ 9561.4bf2dc71.js:2
Cs @ 9561.4bf2dc71.js:2
wc @ 9561.4bf2dc71.js:2
_c @ 9561.4bf2dc71.js:2
dc @ 9561.4bf2dc71.js:2
ic @ 9561.4bf2dc71.js:2
Gc @ 9561.4bf2dc71.js:2
(匿名) @ 9561.4bf2dc71.js:2
pc @ 9561.4bf2dc71.js:2
el @ 9561.4bf2dc71.js:2
render @ 9561.4bf2dc71.js:2
(匿名) @ main.2faaeed8.js:1
u @ 9561.4bf2dc71.js:2
(匿名) @ 9561.4bf2dc71.js:2
(匿名) @ 9561.4bf2dc71.js:2
r @ 9561.4bf2dc71.js:2
s @ 9561.4bf2dc71.js:2
Promise.then
r @ 9561.4bf2dc71.js:2
s @ 9561.4bf2dc71.js:2
(匿名) @ 9561.4bf2dc71.js:2
(匿名) @ 9561.4bf2dc71.js:2
(匿名) @ main.2faaeed8.js:1
(匿名) @ main.2faaeed8.js:1
u @ 9561.4bf2dc71.js:2
(匿名) @ 9561.4bf2dc71.js:2
(匿名) @ 9561.4bf2dc71.js:2
r @ 9561.4bf2dc71.js:2
s @ 9561.4bf2dc71.js:2
Promise.then
r @ 9561.4bf2dc71.js:2
s @ 9561.4bf2dc71.js:2
Promise.then
r @ 9561.4bf2dc71.js:2
s @ 9561.4bf2dc71.js:2
(匿名) @ 9561.4bf2dc71.js:2
(匿名) @ 9561.4bf2dc71.js:2
49209 @ main.2faaeed8.js:1
n @ main.2faaeed8.js:1
(匿名) @ main.2faaeed8.js:1
n.O @ main.2faaeed8.js:1
(匿名) @ main.2faaeed8.js:1
(匿名) @ main.2faaeed8.js:1
(匿名) @ main.2faaeed8.js:1
(匿名) @ main.2faaeed8.js:1
01:05:16.954 9561.4bf2dc71.js:2  react-intl-universal key "70b938cf" not defined in zh
warningHandler @ 9561.4bf2dc71.js:2
value @ 9561.4bf2dc71.js:2
p @ 9561.4bf2dc71.js:2
(匿名) @ 5392.a94416b9.chunk.js:1
7945 @ 5392.a94416b9.chunk.js:1
n @ main.2faaeed8.js:1
35392 @ 5392.a94416b9.chunk.js:1
n @ main.2faaeed8.js:1
Promise.then
(匿名) @ main.2faaeed8.js:1
(匿名) @ 9561.4bf2dc71.js:2
Cs @ 9561.4bf2dc71.js:2
wc @ 9561.4bf2dc71.js:2
_c @ 9561.4bf2dc71.js:2
dc @ 9561.4bf2dc71.js:2
(匿名) @ 9561.4bf2dc71.js:2
t.unstable_runWithPriority @ 9561.4bf2dc71.js:2
qo @ 9561.4bf2dc71.js:2
Xo @ 9561.4bf2dc71.js:2
$o @ 9561.4bf2dc71.js:2
ic @ 9561.4bf2dc71.js:2
enqueueSetState @ 9561.4bf2dc71.js:2
b.setState @ 9561.4bf2dc71.js:2
(匿名) @ main.2faaeed8.js:1
u @ 9561.4bf2dc71.js:2
(匿名) @ 9561.4bf2dc71.js:2
(匿名) @ 9561.4bf2dc71.js:2
r @ 9561.4bf2dc71.js:2
s @ 9561.4bf2dc71.js:2
Promise.then
r @ 9561.4bf2dc71.js:2
s @ 9561.4bf2dc71.js:2
(匿名) @ 9561.4bf2dc71.js:2
(匿名) @ 9561.4bf2dc71.js:2
(匿名) @ main.2faaeed8.js:1
za @ 9561.4bf2dc71.js:2
$i @ 9561.4bf2dc71.js:2
Cs @ 9561.4bf2dc71.js:2
wc @ 9561.4bf2dc71.js:2
_c @ 9561.4bf2dc71.js:2
dc @ 9561.4bf2dc71.js:2
ic @ 9561.4bf2dc71.js:2
Gc @ 9561.4bf2dc71.js:2
(匿名) @ 9561.4bf2dc71.js:2
pc @ 9561.4bf2dc71.js:2
el @ 9561.4bf2dc71.js:2
render @ 9561.4bf2dc71.js:2
(匿名) @ main.2faaeed8.js:1
u @ 9561.4bf2dc71.js:2
(匿名) @ 9561.4bf2dc71.js:2
(匿名) @ 9561.4bf2dc71.js:2
r @ 9561.4bf2dc71.js:2
s @ 9561.4bf2dc71.js:2
Promise.then
r @ 9561.4bf2dc71.js:2
s @ 9561.4bf2dc71.js:2
(匿名) @ 9561.4bf2dc71.js:2
(匿名) @ 9561.4bf2dc71.js:2
(匿名) @ main.2faaeed8.js:1
(匿名) @ main.2faaeed8.js:1
u @ 9561.4bf2dc71.js:2
(匿名) @ 9561.4bf2dc71.js:2
(匿名) @ 9561.4bf2dc71.js:2
r @ 9561.4bf2dc71.js:2
s @ 9561.4bf2dc71.js:2
Promise.then
r @ 9561.4bf2dc71.js:2
s @ 9561.4bf2dc71.js:2
Promise.then
r @ 9561.4bf2dc71.js:2
s @ 9561.4bf2dc71.js:2
(匿名) @ 9561.4bf2dc71.js:2
(匿名) @ 9561.4bf2dc71.js:2
49209 @ main.2faaeed8.js:1
n @ main.2faaeed8.js:1
(匿名) @ main.2faaeed8.js:1
n.O @ main.2faaeed8.js:1
(匿名) @ main.2faaeed8.js:1
(匿名) @ main.2faaeed8.js:1
(匿名) @ main.2faaeed8.js:1
(匿名) @ main.2faaeed8.js:1
01:05:16.954 9561.4bf2dc71.js:2  react-intl-universal key "10454e2f" not defined in zh
warningHandler @ 9561.4bf2dc71.js:2
value @ 9561.4bf2dc71.js:2
p @ 9561.4bf2dc71.js:2
(匿名) @ 5392.a94416b9.chunk.js:1
7945 @ 5392.a94416b9.chunk.js:1
n @ main.2faaeed8.js:1
35392 @ 5392.a94416b9.chunk.js:1
n @ main.2faaeed8.js:1
Promise.then
(匿名) @ main.2faaeed8.js:1
(匿名) @ 9561.4bf2dc71.js:2
Cs @ 9561.4bf2dc71.js:2
wc @ 9561.4bf2dc71.js:2
_c @ 9561.4bf2dc71.js:2
dc @ 9561.4bf2dc71.js:2
(匿名) @ 9561.4bf2dc71.js:2
t.unstable_runWithPriority @ 9561.4bf2dc71.js:2
qo @ 9561.4bf2dc71.js:2
Xo @ 9561.4bf2dc71.js:2
$o @ 9561.4bf2dc71.js:2
ic @ 9561.4bf2dc71.js:2
enqueueSetState @ 9561.4bf2dc71.js:2
b.setState @ 9561.4bf2dc71.js:2
(匿名) @ main.2faaeed8.js:1
u @ 9561.4bf2dc71.js:2
(匿名) @ 9561.4bf2dc71.js:2
(匿名) @ 9561.4bf2dc71.js:2
r @ 9561.4bf2dc71.js:2
s @ 9561.4bf2dc71.js:2
Promise.then
r @ 9561.4bf2dc71.js:2
s @ 9561.4bf2dc71.js:2
(匿名) @ 9561.4bf2dc71.js:2
(匿名) @ 9561.4bf2dc71.js:2
(匿名) @ main.2faaeed8.js:1
za @ 9561.4bf2dc71.js:2
$i @ 9561.4bf2dc71.js:2
Cs @ 9561.4bf2dc71.js:2
wc @ 9561.4bf2dc71.js:2
_c @ 9561.4bf2dc71.js:2
dc @ 9561.4bf2dc71.js:2
ic @ 9561.4bf2dc71.js:2
Gc @ 9561.4bf2dc71.js:2
(匿名) @ 9561.4bf2dc71.js:2
pc @ 9561.4bf2dc71.js:2
el @ 9561.4bf2dc71.js:2
render @ 9561.4bf2dc71.js:2
(匿名) @ main.2faaeed8.js:1
u @ 9561.4bf2dc71.js:2
(匿名) @ 9561.4bf2dc71.js:2
(匿名) @ 9561.4bf2dc71.js:2
r @ 9561.4bf2dc71.js:2
s @ 9561.4bf2dc71.js:2
Promise.then
r @ 9561.4bf2dc71.js:2
s @ 9561.4bf2dc71.js:2
(匿名) @ 9561.4bf2dc71.js:2
(匿名) @ 9561.4bf2dc71.js:2
(匿名) @ main.2faaeed8.js:1
(匿名) @ main.2faaeed8.js:1
u @ 9561.4bf2dc71.js:2
(匿名) @ 9561.4bf2dc71.js:2
(匿名) @ 9561.4bf2dc71.js:2
r @ 9561.4bf2dc71.js:2
s @ 9561.4bf2dc71.js:2
Promise.then
r @ 9561.4bf2dc71.js:2
s @ 9561.4bf2dc71.js:2
Promise.then
r @ 9561.4bf2dc71.js:2
s @ 9561.4bf2dc71.js:2
(匿名) @ 9561.4bf2dc71.js:2
(匿名) @ 9561.4bf2dc71.js:2
49209 @ main.2faaeed8.js:1
n @ main.2faaeed8.js:1
(匿名) @ main.2faaeed8.js:1
n.O @ main.2faaeed8.js:1
(匿名) @ main.2faaeed8.js:1
(匿名) @ main.2faaeed8.js:1
(匿名) @ main.2faaeed8.js:1
(匿名) @ main.2faaeed8.js:1
01:05:16.954 9561.4bf2dc71.js:2  react-intl-universal key "10454e2f" not defined in zh
warningHandler @ 9561.4bf2dc71.js:2
value @ 9561.4bf2dc71.js:2
p @ 9561.4bf2dc71.js:2
(匿名) @ 5392.a94416b9.chunk.js:1
7945 @ 5392.a94416b9.chunk.js:1
n @ main.2faaeed8.js:1
35392 @ 5392.a94416b9.chunk.js:1
n @ main.2faaeed8.js:1
Promise.then
(匿名) @ main.2faaeed8.js:1
(匿名) @ 9561.4bf2dc71.js:2
Cs @ 9561.4bf2dc71.js:2
wc @ 9561.4bf2dc71.js:2
_c @ 9561.4bf2dc71.js:2
dc @ 9561.4bf2dc71.js:2
(匿名) @ 9561.4bf2dc71.js:2
t.unstable_runWithPriority @ 9561.4bf2dc71.js:2
qo @ 9561.4bf2dc71.js:2
Xo @ 9561.4bf2dc71.js:2
$o @ 9561.4bf2dc71.js:2
ic @ 9561.4bf2dc71.js:2
enqueueSetState @ 9561.4bf2dc71.js:2
b.setState @ 9561.4bf2dc71.js:2
(匿名) @ main.2faaeed8.js:1
u @ 9561.4bf2dc71.js:2
(匿名) @ 9561.4bf2dc71.js:2
(匿名) @ 9561.4bf2dc71.js:2
r @ 9561.4bf2dc71.js:2
s @ 9561.4bf2dc71.js:2
Promise.then
r @ 9561.4bf2dc71.js:2
s @ 9561.4bf2dc71.js:2
(匿名) @ 9561.4bf2dc71.js:2
(匿名) @ 9561.4bf2dc71.js:2
(匿名) @ main.2faaeed8.js:1
za @ 9561.4bf2dc71.js:2
$i @ 9561.4bf2dc71.js:2
Cs @ 9561.4bf2dc71.js:2
wc @ 9561.4bf2dc71.js:2
_c @ 9561.4bf2dc71.js:2
dc @ 9561.4bf2dc71.js:2
ic @ 9561.4bf2dc71.js:2
Gc @ 9561.4bf2dc71.js:2
(匿名) @ 9561.4bf2dc71.js:2
pc @ 9561.4bf2dc71.js:2
el @ 9561.4bf2dc71.js:2
render @ 9561.4bf2dc71.js:2
(匿名) @ main.2faaeed8.js:1
u @ 9561.4bf2dc71.js:2
(匿名) @ 9561.4bf2dc71.js:2
(匿名) @ 9561.4bf2dc71.js:2
r @ 9561.4bf2dc71.js:2
s @ 9561.4bf2dc71.js:2
Promise.then
r @ 9561.4bf2dc71.js:2
s @ 9561.4bf2dc71.js:2
(匿名) @ 9561.4bf2dc71.js:2
(匿名) @ 9561.4bf2dc71.js:2
(匿名) @ main.2faaeed8.js:1
(匿名) @ main.2faaeed8.js:1
u @ 9561.4bf2dc71.js:2
(匿名) @ 9561.4bf2dc71.js:2
(匿名) @ 9561.4bf2dc71.js:2
r @ 9561.4bf2dc71.js:2
s @ 9561.4bf2dc71.js:2
Promise.then
r @ 9561.4bf2dc71.js:2
s @ 9561.4bf2dc71.js:2
Promise.then
r @ 9561.4bf2dc71.js:2
s @ 9561.4bf2dc71.js:2
(匿名) @ 9561.4bf2dc71.js:2
(匿名) @ 9561.4bf2dc71.js:2
49209 @ main.2faaeed8.js:1
n @ main.2faaeed8.js:1
(匿名) @ main.2faaeed8.js:1
n.O @ main.2faaeed8.js:1
(匿名) @ main.2faaeed8.js:1
(匿名) @ main.2faaeed8.js:1
(匿名) @ main.2faaeed8.js:1
(匿名) @ main.2faaeed8.js:1
01:05:16.955 9561.4bf2dc71.js:2  react-intl-universal key "86cb5448" not defined in zh
warningHandler @ 9561.4bf2dc71.js:2
value @ 9561.4bf2dc71.js:2
p @ 9561.4bf2dc71.js:2
(匿名) @ 5392.a94416b9.chunk.js:1
7945 @ 5392.a94416b9.chunk.js:1
n @ main.2faaeed8.js:1
35392 @ 5392.a94416b9.chunk.js:1
n @ main.2faaeed8.js:1
Promise.then
(匿名) @ main.2faaeed8.js:1
(匿名) @ 9561.4bf2dc71.js:2
Cs @ 9561.4bf2dc71.js:2
wc @ 9561.4bf2dc71.js:2
_c @ 9561.4bf2dc71.js:2
dc @ 9561.4bf2dc71.js:2
(匿名) @ 9561.4bf2dc71.js:2
t.unstable_runWithPriority @ 9561.4bf2dc71.js:2
qo @ 9561.4bf2dc71.js:2
Xo @ 9561.4bf2dc71.js:2
$o @ 9561.4bf2dc71.js:2
ic @ 9561.4bf2dc71.js:2
enqueueSetState @ 9561.4bf2dc71.js:2
b.setState @ 9561.4bf2dc71.js:2
(匿名) @ main.2faaeed8.js:1
u @ 9561.4bf2dc71.js:2
(匿名) @ 9561.4bf2dc71.js:2
(匿名) @ 9561.4bf2dc71.js:2
r @ 9561.4bf2dc71.js:2
s @ 9561.4bf2dc71.js:2
Promise.then
r @ 9561.4bf2dc71.js:2
s @ 9561.4bf2dc71.js:2
(匿名) @ 9561.4bf2dc71.js:2
(匿名) @ 9561.4bf2dc71.js:2
(匿名) @ main.2faaeed8.js:1
za @ 9561.4bf2dc71.js:2
$i @ 9561.4bf2dc71.js:2
Cs @ 9561.4bf2dc71.js:2
wc @ 9561.4bf2dc71.js:2
_c @ 9561.4bf2dc71.js:2
dc @ 9561.4bf2dc71.js:2
ic @ 9561.4bf2dc71.js:2
Gc @ 9561.4bf2dc71.js:2
(匿名) @ 9561.4bf2dc71.js:2
pc @ 9561.4bf2dc71.js:2
el @ 9561.4bf2dc71.js:2
render @ 9561.4bf2dc71.js:2
(匿名) @ main.2faaeed8.js:1
u @ 9561.4bf2dc71.js:2
(匿名) @ 9561.4bf2dc71.js:2
(匿名) @ 9561.4bf2dc71.js:2
r @ 9561.4bf2dc71.js:2
s @ 9561.4bf2dc71.js:2
Promise.then
r @ 9561.4bf2dc71.js:2
s @ 9561.4bf2dc71.js:2
(匿名) @ 9561.4bf2dc71.js:2
(匿名) @ 9561.4bf2dc71.js:2
(匿名) @ main.2faaeed8.js:1
(匿名) @ main.2faaeed8.js:1
u @ 9561.4bf2dc71.js:2
(匿名) @ 9561.4bf2dc71.js:2
(匿名) @ 9561.4bf2dc71.js:2
r @ 9561.4bf2dc71.js:2
s @ 9561.4bf2dc71.js:2
Promise.then
r @ 9561.4bf2dc71.js:2
s @ 9561.4bf2dc71.js:2
Promise.then
r @ 9561.4bf2dc71.js:2
s @ 9561.4bf2dc71.js:2
(匿名) @ 9561.4bf2dc71.js:2
(匿名) @ 9561.4bf2dc71.js:2
49209 @ main.2faaeed8.js:1
n @ main.2faaeed8.js:1
(匿名) @ main.2faaeed8.js:1
n.O @ main.2faaeed8.js:1
(匿名) @ main.2faaeed8.js:1
(匿名) @ main.2faaeed8.js:1
(匿名) @ main.2faaeed8.js:1
(匿名) @ main.2faaeed8.js:1
01:05:16.955 9561.4bf2dc71.js:2  react-intl-universal key "86cb5448" not defined in zh
warningHandler @ 9561.4bf2dc71.js:2
value @ 9561.4bf2dc71.js:2
p @ 9561.4bf2dc71.js:2
(匿名) @ 5392.a94416b9.chunk.js:1
7945 @ 5392.a94416b9.chunk.js:1
n @ main.2faaeed8.js:1
35392 @ 5392.a94416b9.chunk.js:1
n @ main.2faaeed8.js:1
Promise.then
(匿名) @ main.2faaeed8.js:1
(匿名) @ 9561.4bf2dc71.js:2
Cs @ 9561.4bf2dc71.js:2
wc @ 9561.4bf2dc71.js:2
_c @ 9561.4bf2dc71.js:2
dc @ 9561.4bf2dc71.js:2
(匿名) @ 9561.4bf2dc71.js:2
t.unstable_runWithPriority @ 9561.4bf2dc71.js:2
qo @ 9561.4bf2dc71.js:2
Xo @ 9561.4bf2dc71.js:2
$o @ 9561.4bf2dc71.js:2
ic @ 9561.4bf2dc71.js:2
enqueueSetState @ 9561.4bf2dc71.js:2
b.setState @ 9561.4bf2dc71.js:2
(匿名) @ main.2faaeed8.js:1
u @ 9561.4bf2dc71.js:2
(匿名) @ 9561.4bf2dc71.js:2
(匿名) @ 9561.4bf2dc71.js:2
r @ 9561.4bf2dc71.js:2
s @ 9561.4bf2dc71.js:2
Promise.then
r @ 9561.4bf2dc71.js:2
s @ 9561.4bf2dc71.js:2
(匿名) @ 9561.4bf2dc71.js:2
(匿名) @ 9561.4bf2dc71.js:2
(匿名) @ main.2faaeed8.js:1
za @ 9561.4bf2dc71.js:2
$i @ 9561.4bf2dc71.js:2
Cs @ 9561.4bf2dc71.js:2
wc @ 9561.4bf2dc71.js:2
_c @ 9561.4bf2dc71.js:2
dc @ 9561.4bf2dc71.js:2
ic @ 9561.4bf2dc71.js:2
Gc @ 9561.4bf2dc71.js:2
(匿名) @ 9561.4bf2dc71.js:2
pc @ 9561.4bf2dc71.js:2
el @ 9561.4bf2dc71.js:2
render @ 9561.4bf2dc71.js:2
(匿名) @ main.2faaeed8.js:1
u @ 9561.4bf2dc71.js:2
(匿名) @ 9561.4bf2dc71.js:2
(匿名) @ 9561.4bf2dc71.js:2
r @ 9561.4bf2dc71.js:2
s @ 9561.4bf2dc71.js:2
Promise.then
r @ 9561.4bf2dc71.js:2
s @ 9561.4bf2dc71.js:2
(匿名) @ 9561.4bf2dc71.js:2
(匿名) @ 9561.4bf2dc71.js:2
(匿名) @ main.2faaeed8.js:1
(匿名) @ main.2faaeed8.js:1
u @ 9561.4bf2dc71.js:2
(匿名) @ 9561.4bf2dc71.js:2
(匿名) @ 9561.4bf2dc71.js:2
r @ 9561.4bf2dc71.js:2
s @ 9561.4bf2dc71.js:2
Promise.then
r @ 9561.4bf2dc71.js:2
s @ 9561.4bf2dc71.js:2
Promise.then
r @ 9561.4bf2dc71.js:2
s @ 9561.4bf2dc71.js:2
(匿名) @ 9561.4bf2dc71.js:2
(匿名) @ 9561.4bf2dc71.js:2
49209 @ main.2faaeed8.js:1
n @ main.2faaeed8.js:1
(匿名) @ main.2faaeed8.js:1
n.O @ main.2faaeed8.js:1
(匿名) @ main.2faaeed8.js:1
(匿名) @ main.2faaeed8.js:1
(匿名) @ main.2faaeed8.js:1
(匿名) @ main.2faaeed8.js:1
01:05:16.955 9561.4bf2dc71.js:2  react-intl-universal key "38118d05" not defined in zh
warningHandler @ 9561.4bf2dc71.js:2
value @ 9561.4bf2dc71.js:2
p @ 9561.4bf2dc71.js:2
(匿名) @ 5392.a94416b9.chunk.js:1
7945 @ 5392.a94416b9.chunk.js:1
n @ main.2faaeed8.js:1
35392 @ 5392.a94416b9.chunk.js:1
n @ main.2faaeed8.js:1
Promise.then
(匿名) @ main.2faaeed8.js:1
(匿名) @ 9561.4bf2dc71.js:2
Cs @ 9561.4bf2dc71.js:2
wc @ 9561.4bf2dc71.js:2
_c @ 9561.4bf2dc71.js:2
dc @ 9561.4bf2dc71.js:2
(匿名) @ 9561.4bf2dc71.js:2
t.unstable_runWithPriority @ 9561.4bf2dc71.js:2
qo @ 9561.4bf2dc71.js:2
Xo @ 9561.4bf2dc71.js:2
$o @ 9561.4bf2dc71.js:2
ic @ 9561.4bf2dc71.js:2
enqueueSetState @ 9561.4bf2dc71.js:2
b.setState @ 9561.4bf2dc71.js:2
(匿名) @ main.2faaeed8.js:1
u @ 9561.4bf2dc71.js:2
(匿名) @ 9561.4bf2dc71.js:2
(匿名) @ 9561.4bf2dc71.js:2
r @ 9561.4bf2dc71.js:2
s @ 9561.4bf2dc71.js:2
Promise.then
r @ 9561.4bf2dc71.js:2
s @ 9561.4bf2dc71.js:2
(匿名) @ 9561.4bf2dc71.js:2
(匿名) @ 9561.4bf2dc71.js:2
(匿名) @ main.2faaeed8.js:1
za @ 9561.4bf2dc71.js:2
$i @ 9561.4bf2dc71.js:2
Cs @ 9561.4bf2dc71.js:2
wc @ 9561.4bf2dc71.js:2
_c @ 9561.4bf2dc71.js:2
dc @ 9561.4bf2dc71.js:2
ic @ 9561.4bf2dc71.js:2
Gc @ 9561.4bf2dc71.js:2
(匿名) @ 9561.4bf2dc71.js:2
pc @ 9561.4bf2dc71.js:2
el @ 9561.4bf2dc71.js:2
render @ 9561.4bf2dc71.js:2
(匿名) @ main.2faaeed8.js:1
u @ 9561.4bf2dc71.js:2
(匿名) @ 9561.4bf2dc71.js:2
(匿名) @ 9561.4bf2dc71.js:2
r @ 9561.4bf2dc71.js:2
s @ 9561.4bf2dc71.js:2
Promise.then
r @ 9561.4bf2dc71.js:2
s @ 9561.4bf2dc71.js:2
(匿名) @ 9561.4bf2dc71.js:2
(匿名) @ 9561.4bf2dc71.js:2
(匿名) @ main.2faaeed8.js:1
(匿名) @ main.2faaeed8.js:1
u @ 9561.4bf2dc71.js:2
(匿名) @ 9561.4bf2dc71.js:2
(匿名) @ 9561.4bf2dc71.js:2
r @ 9561.4bf2dc71.js:2
s @ 9561.4bf2dc71.js:2
Promise.then
r @ 9561.4bf2dc71.js:2
s @ 9561.4bf2dc71.js:2
Promise.then
r @ 9561.4bf2dc71.js:2
s @ 9561.4bf2dc71.js:2
(匿名) @ 9561.4bf2dc71.js:2
(匿名) @ 9561.4bf2dc71.js:2
49209 @ main.2faaeed8.js:1
n @ main.2faaeed8.js:1
(匿名) @ main.2faaeed8.js:1
n.O @ main.2faaeed8.js:1
(匿名) @ main.2faaeed8.js:1
(匿名) @ main.2faaeed8.js:1
(匿名) @ main.2faaeed8.js:1
(匿名) @ main.2faaeed8.js:1
01:05:16.955 9561.4bf2dc71.js:2  react-intl-universal key "38118d05" not defined in zh
warningHandler @ 9561.4bf2dc71.js:2
value @ 9561.4bf2dc71.js:2
p @ 9561.4bf2dc71.js:2
(匿名) @ 5392.a94416b9.chunk.js:1
7945 @ 5392.a94416b9.chunk.js:1
n @ main.2faaeed8.js:1
35392 @ 5392.a94416b9.chunk.js:1
n @ main.2faaeed8.js:1
Promise.then
(匿名) @ main.2faaeed8.js:1
(匿名) @ 9561.4bf2dc71.js:2
Cs @ 9561.4bf2dc71.js:2
wc @ 9561.4bf2dc71.js:2
_c @ 9561.4bf2dc71.js:2
dc @ 9561.4bf2dc71.js:2
(匿名) @ 9561.4bf2dc71.js:2
t.unstable_runWithPriority @ 9561.4bf2dc71.js:2
qo @ 9561.4bf2dc71.js:2
Xo @ 9561.4bf2dc71.js:2
$o @ 9561.4bf2dc71.js:2
ic @ 9561.4bf2dc71.js:2
enqueueSetState @ 9561.4bf2dc71.js:2
b.setState @ 9561.4bf2dc71.js:2
(匿名) @ main.2faaeed8.js:1
u @ 9561.4bf2dc71.js:2
(匿名) @ 9561.4bf2dc71.js:2
(匿名) @ 9561.4bf2dc71.js:2
r @ 9561.4bf2dc71.js:2
s @ 9561.4bf2dc71.js:2
Promise.then
r @ 9561.4bf2dc71.js:2
s @ 9561.4bf2dc71.js:2
(匿名) @ 9561.4bf2dc71.js:2
(匿名) @ 9561.4bf2dc71.js:2
(匿名) @ main.2faaeed8.js:1
za @ 9561.4bf2dc71.js:2
$i @ 9561.4bf2dc71.js:2
Cs @ 9561.4bf2dc71.js:2
wc @ 9561.4bf2dc71.js:2
_c @ 9561.4bf2dc71.js:2
dc @ 9561.4bf2dc71.js:2
ic @ 9561.4bf2dc71.js:2
Gc @ 9561.4bf2dc71.js:2
(匿名) @ 9561.4bf2dc71.js:2
pc @ 9561.4bf2dc71.js:2
el @ 9561.4bf2dc71.js:2
render @ 9561.4bf2dc71.js:2
(匿名) @ main.2faaeed8.js:1
u @ 9561.4bf2dc71.js:2
(匿名) @ 9561.4bf2dc71.js:2
(匿名) @ 9561.4bf2dc71.js:2
r @ 9561.4bf2dc71.js:2
s @ 9561.4bf2dc71.js:2
Promise.then
r @ 9561.4bf2dc71.js:2
s @ 9561.4bf2dc71.js:2
(匿名) @ 9561.4bf2dc71.js:2
(匿名) @ 9561.4bf2dc71.js:2
(匿名) @ main.2faaeed8.js:1
(匿名) @ main.2faaeed8.js:1
u @ 9561.4bf2dc71.js:2
(匿名) @ 9561.4bf2dc71.js:2
(匿名) @ 9561.4bf2dc71.js:2
r @ 9561.4bf2dc71.js:2
s @ 9561.4bf2dc71.js:2
Promise.then
r @ 9561.4bf2dc71.js:2
s @ 9561.4bf2dc71.js:2
Promise.then
r @ 9561.4bf2dc71.js:2
s @ 9561.4bf2dc71.js:2
(匿名) @ 9561.4bf2dc71.js:2
(匿名) @ 9561.4bf2dc71.js:2
49209 @ main.2faaeed8.js:1
n @ main.2faaeed8.js:1
(匿名) @ main.2faaeed8.js:1
n.O @ main.2faaeed8.js:1
(匿名) @ main.2faaeed8.js:1
(匿名) @ main.2faaeed8.js:1
(匿名) @ main.2faaeed8.js:1
(匿名) @ main.2faaeed8.js:1
01:05:16.955 9561.4bf2dc71.js:2  react-intl-universal key "116e0772" not defined in zh
warningHandler @ 9561.4bf2dc71.js:2
value @ 9561.4bf2dc71.js:2
p @ 9561.4bf2dc71.js:2
(匿名) @ 5392.a94416b9.chunk.js:1
7945 @ 5392.a94416b9.chunk.js:1
n @ main.2faaeed8.js:1
35392 @ 5392.a94416b9.chunk.js:1
n @ main.2faaeed8.js:1
Promise.then
(匿名) @ main.2faaeed8.js:1
(匿名) @ 9561.4bf2dc71.js:2
Cs @ 9561.4bf2dc71.js:2
wc @ 9561.4bf2dc71.js:2
_c @ 9561.4bf2dc71.js:2
dc @ 9561.4bf2dc71.js:2
(匿名) @ 9561.4bf2dc71.js:2
t.unstable_runWithPriority @ 9561.4bf2dc71.js:2
qo @ 9561.4bf2dc71.js:2
Xo @ 9561.4bf2dc71.js:2
$o @ 9561.4bf2dc71.js:2
ic @ 9561.4bf2dc71.js:2
enqueueSetState @ 9561.4bf2dc71.js:2
b.setState @ 9561.4bf2dc71.js:2
(匿名) @ main.2faaeed8.js:1
u @ 9561.4bf2dc71.js:2
(匿名) @ 9561.4bf2dc71.js:2
(匿名) @ 9561.4bf2dc71.js:2
r @ 9561.4bf2dc71.js:2
s @ 9561.4bf2dc71.js:2
Promise.then
r @ 9561.4bf2dc71.js:2
s @ 9561.4bf2dc71.js:2
(匿名) @ 9561.4bf2dc71.js:2
(匿名) @ 9561.4bf2dc71.js:2
(匿名) @ main.2faaeed8.js:1
za @ 9561.4bf2dc71.js:2
$i @ 9561.4bf2dc71.js:2
Cs @ 9561.4bf2dc71.js:2
wc @ 9561.4bf2dc71.js:2
_c @ 9561.4bf2dc71.js:2
dc @ 9561.4bf2dc71.js:2
ic @ 9561.4bf2dc71.js:2
Gc @ 9561.4bf2dc71.js:2
(匿名) @ 9561.4bf2dc71.js:2
pc @ 9561.4bf2dc71.js:2
el @ 9561.4bf2dc71.js:2
render @ 9561.4bf2dc71.js:2
(匿名) @ main.2faaeed8.js:1
u @ 9561.4bf2dc71.js:2
(匿名) @ 9561.4bf2dc71.js:2
(匿名) @ 9561.4bf2dc71.js:2
r @ 9561.4bf2dc71.js:2
s @ 9561.4bf2dc71.js:2
Promise.then
r @ 9561.4bf2dc71.js:2
s @ 9561.4bf2dc71.js:2
(匿名) @ 9561.4bf2dc71.js:2
(匿名) @ 9561.4bf2dc71.js:2
(匿名) @ main.2faaeed8.js:1
(匿名) @ main.2faaeed8.js:1
u @ 9561.4bf2dc71.js:2
(匿名) @ 9561.4bf2dc71.js:2
(匿名) @ 9561.4bf2dc71.js:2
r @ 9561.4bf2dc71.js:2
s @ 9561.4bf2dc71.js:2
Promise.then
r @ 9561.4bf2dc71.js:2
s @ 9561.4bf2dc71.js:2
Promise.then
r @ 9561.4bf2dc71.js:2
s @ 9561.4bf2dc71.js:2
(匿名) @ 9561.4bf2dc71.js:2
(匿名) @ 9561.4bf2dc71.js:2
49209 @ main.2faaeed8.js:1
n @ main.2faaeed8.js:1
(匿名) @ main.2faaeed8.js:1
n.O @ main.2faaeed8.js:1
(匿名) @ main.2faaeed8.js:1
(匿名) @ main.2faaeed8.js:1
(匿名) @ main.2faaeed8.js:1
(匿名) @ main.2faaeed8.js:1
01:05:16.956 9561.4bf2dc71.js:2  react-intl-universal key "116e0772" not defined in zh
warningHandler @ 9561.4bf2dc71.js:2
value @ 9561.4bf2dc71.js:2
p @ 9561.4bf2dc71.js:2
(匿名) @ 5392.a94416b9.chunk.js:1
7945 @ 5392.a94416b9.chunk.js:1
n @ main.2faaeed8.js:1
35392 @ 5392.a94416b9.chunk.js:1
n @ main.2faaeed8.js:1
Promise.then
(匿名) @ main.2faaeed8.js:1
(匿名) @ 9561.4bf2dc71.js:2
Cs @ 9561.4bf2dc71.js:2
wc @ 9561.4bf2dc71.js:2
_c @ 9561.4bf2dc71.js:2
dc @ 9561.4bf2dc71.js:2
(匿名) @ 9561.4bf2dc71.js:2
t.unstable_runWithPriority @ 9561.4bf2dc71.js:2
qo @ 9561.4bf2dc71.js:2
Xo @ 9561.4bf2dc71.js:2
$o @ 9561.4bf2dc71.js:2
ic @ 9561.4bf2dc71.js:2
enqueueSetState @ 9561.4bf2dc71.js:2
b.setState @ 9561.4bf2dc71.js:2
(匿名) @ main.2faaeed8.js:1
u @ 9561.4bf2dc71.js:2
(匿名) @ 9561.4bf2dc71.js:2
(匿名) @ 9561.4bf2dc71.js:2
r @ 9561.4bf2dc71.js:2
s @ 9561.4bf2dc71.js:2
Promise.then
r @ 9561.4bf2dc71.js:2
s @ 9561.4bf2dc71.js:2
(匿名) @ 9561.4bf2dc71.js:2
(匿名) @ 9561.4bf2dc71.js:2
(匿名) @ main.2faaeed8.js:1
za @ 9561.4bf2dc71.js:2
$i @ 9561.4bf2dc71.js:2
Cs @ 9561.4bf2dc71.js:2
wc @ 9561.4bf2dc71.js:2
_c @ 9561.4bf2dc71.js:2
dc @ 9561.4bf2dc71.js:2
ic @ 9561.4bf2dc71.js:2
Gc @ 9561.4bf2dc71.js:2
(匿名) @ 9561.4bf2dc71.js:2
pc @ 9561.4bf2dc71.js:2
el @ 9561.4bf2dc71.js:2
render @ 9561.4bf2dc71.js:2
(匿名) @ main.2faaeed8.js:1
u @ 9561.4bf2dc71.js:2
(匿名) @ 9561.4bf2dc71.js:2
(匿名) @ 9561.4bf2dc71.js:2
r @ 9561.4bf2dc71.js:2
s @ 9561.4bf2dc71.js:2
Promise.then
r @ 9561.4bf2dc71.js:2
s @ 9561.4bf2dc71.js:2
(匿名) @ 9561.4bf2dc71.js:2
(匿名) @ 9561.4bf2dc71.js:2
(匿名) @ main.2faaeed8.js:1
(匿名) @ main.2faaeed8.js:1
u @ 9561.4bf2dc71.js:2
(匿名) @ 9561.4bf2dc71.js:2
(匿名) @ 9561.4bf2dc71.js:2
r @ 9561.4bf2dc71.js:2
s @ 9561.4bf2dc71.js:2
Promise.then
r @ 9561.4bf2dc71.js:2
s @ 9561.4bf2dc71.js:2
Promise.then
r @ 9561.4bf2dc71.js:2
s @ 9561.4bf2dc71.js:2
(匿名) @ 9561.4bf2dc71.js:2
(匿名) @ 9561.4bf2dc71.js:2
49209 @ main.2faaeed8.js:1
n @ main.2faaeed8.js:1
(匿名) @ main.2faaeed8.js:1
n.O @ main.2faaeed8.js:1
(匿名) @ main.2faaeed8.js:1
(匿名) @ main.2faaeed8.js:1
(匿名) @ main.2faaeed8.js:1
(匿名) @ main.2faaeed8.js:1
01:05:16.956 9561.4bf2dc71.js:2  react-intl-universal key "9a16bdd1" not defined in zh
warningHandler @ 9561.4bf2dc71.js:2
value @ 9561.4bf2dc71.js:2
p @ 9561.4bf2dc71.js:2
(匿名) @ 5392.a94416b9.chunk.js:1
7945 @ 5392.a94416b9.chunk.js:1
n @ main.2faaeed8.js:1
35392 @ 5392.a94416b9.chunk.js:1
n @ main.2faaeed8.js:1
Promise.then
(匿名) @ main.2faaeed8.js:1
(匿名) @ 9561.4bf2dc71.js:2
Cs @ 9561.4bf2dc71.js:2
wc @ 9561.4bf2dc71.js:2
_c @ 9561.4bf2dc71.js:2
dc @ 9561.4bf2dc71.js:2
(匿名) @ 9561.4bf2dc71.js:2
t.unstable_runWithPriority @ 9561.4bf2dc71.js:2
qo @ 9561.4bf2dc71.js:2
Xo @ 9561.4bf2dc71.js:2
$o @ 9561.4bf2dc71.js:2
ic @ 9561.4bf2dc71.js:2
enqueueSetState @ 9561.4bf2dc71.js:2
b.setState @ 9561.4bf2dc71.js:2
(匿名) @ main.2faaeed8.js:1
u @ 9561.4bf2dc71.js:2
(匿名) @ 9561.4bf2dc71.js:2
(匿名) @ 9561.4bf2dc71.js:2
r @ 9561.4bf2dc71.js:2
s @ 9561.4bf2dc71.js:2
Promise.then
r @ 9561.4bf2dc71.js:2
s @ 9561.4bf2dc71.js:2
(匿名) @ 9561.4bf2dc71.js:2
(匿名) @ 9561.4bf2dc71.js:2
(匿名) @ main.2faaeed8.js:1
za @ 9561.4bf2dc71.js:2
$i @ 9561.4bf2dc71.js:2
Cs @ 9561.4bf2dc71.js:2
wc @ 9561.4bf2dc71.js:2
_c @ 9561.4bf2dc71.js:2
dc @ 9561.4bf2dc71.js:2
ic @ 9561.4bf2dc71.js:2
Gc @ 9561.4bf2dc71.js:2
(匿名) @ 9561.4bf2dc71.js:2
pc @ 9561.4bf2dc71.js:2
el @ 9561.4bf2dc71.js:2
render @ 9561.4bf2dc71.js:2
(匿名) @ main.2faaeed8.js:1
u @ 9561.4bf2dc71.js:2
(匿名) @ 9561.4bf2dc71.js:2
(匿名) @ 9561.4bf2dc71.js:2
r @ 9561.4bf2dc71.js:2
s @ 9561.4bf2dc71.js:2
Promise.then
r @ 9561.4bf2dc71.js:2
s @ 9561.4bf2dc71.js:2
(匿名) @ 9561.4bf2dc71.js:2
(匿名) @ 9561.4bf2dc71.js:2
(匿名) @ main.2faaeed8.js:1
(匿名) @ main.2faaeed8.js:1
u @ 9561.4bf2dc71.js:2
(匿名) @ 9561.4bf2dc71.js:2
(匿名) @ 9561.4bf2dc71.js:2
r @ 9561.4bf2dc71.js:2
s @ 9561.4bf2dc71.js:2
Promise.then
r @ 9561.4bf2dc71.js:2
s @ 9561.4bf2dc71.js:2
Promise.then
r @ 9561.4bf2dc71.js:2
s @ 9561.4bf2dc71.js:2
(匿名) @ 9561.4bf2dc71.js:2
(匿名) @ 9561.4bf2dc71.js:2
49209 @ main.2faaeed8.js:1
n @ main.2faaeed8.js:1
(匿名) @ main.2faaeed8.js:1
n.O @ main.2faaeed8.js:1
(匿名) @ main.2faaeed8.js:1
(匿名) @ main.2faaeed8.js:1
(匿名) @ main.2faaeed8.js:1
(匿名) @ main.2faaeed8.js:1
01:05:16.956 9561.4bf2dc71.js:2  react-intl-universal key "9a16bdd1" not defined in zh
warningHandler @ 9561.4bf2dc71.js:2
value @ 9561.4bf2dc71.js:2
p @ 9561.4bf2dc71.js:2
(匿名) @ 5392.a94416b9.chunk.js:1
7945 @ 5392.a94416b9.chunk.js:1
n @ main.2faaeed8.js:1
35392 @ 5392.a94416b9.chunk.js:1
n @ main.2faaeed8.js:1
Promise.then
(匿名) @ main.2faaeed8.js:1
(匿名) @ 9561.4bf2dc71.js:2
Cs @ 9561.4bf2dc71.js:2
wc @ 9561.4bf2dc71.js:2
_c @ 9561.4bf2dc71.js:2
dc @ 9561.4bf2dc71.js:2
(匿名) @ 9561.4bf2dc71.js:2
t.unstable_runWithPriority @ 9561.4bf2dc71.js:2
qo @ 9561.4bf2dc71.js:2
Xo @ 9561.4bf2dc71.js:2
$o @ 9561.4bf2dc71.js:2
ic @ 9561.4bf2dc71.js:2
enqueueSetState @ 9561.4bf2dc71.js:2
b.setState @ 9561.4bf2dc71.js:2
(匿名) @ main.2faaeed8.js:1
u @ 9561.4bf2dc71.js:2
(匿名) @ 9561.4bf2dc71.js:2
(匿名) @ 9561.4bf2dc71.js:2
r @ 9561.4bf2dc71.js:2
s @ 9561.4bf2dc71.js:2
Promise.then
r @ 9561.4bf2dc71.js:2
s @ 9561.4bf2dc71.js:2
(匿名) @ 9561.4bf2dc71.js:2
(匿名) @ 9561.4bf2dc71.js:2
(匿名) @ main.2faaeed8.js:1
za @ 9561.4bf2dc71.js:2
$i @ 9561.4bf2dc71.js:2
Cs @ 9561.4bf2dc71.js:2
wc @ 9561.4bf2dc71.js:2
_c @ 9561.4bf2dc71.js:2
dc @ 9561.4bf2dc71.js:2
ic @ 9561.4bf2dc71.js:2
Gc @ 9561.4bf2dc71.js:2
(匿名) @ 9561.4bf2dc71.js:2
pc @ 9561.4bf2dc71.js:2
el @ 9561.4bf2dc71.js:2
render @ 9561.4bf2dc71.js:2
(匿名) @ main.2faaeed8.js:1
u @ 9561.4bf2dc71.js:2
(匿名) @ 9561.4bf2dc71.js:2
(匿名) @ 9561.4bf2dc71.js:2
r @ 9561.4bf2dc71.js:2
s @ 9561.4bf2dc71.js:2
Promise.then
r @ 9561.4bf2dc71.js:2
s @ 9561.4bf2dc71.js:2
(匿名) @ 9561.4bf2dc71.js:2
(匿名) @ 9561.4bf2dc71.js:2
(匿名) @ main.2faaeed8.js:1
(匿名) @ main.2faaeed8.js:1
u @ 9561.4bf2dc71.js:2
(匿名) @ 9561.4bf2dc71.js:2
(匿名) @ 9561.4bf2dc71.js:2
r @ 9561.4bf2dc71.js:2
s @ 9561.4bf2dc71.js:2
Promise.then
r @ 9561.4bf2dc71.js:2
s @ 9561.4bf2dc71.js:2
Promise.then
r @ 9561.4bf2dc71.js:2
s @ 9561.4bf2dc71.js:2
(匿名) @ 9561.4bf2dc71.js:2
(匿名) @ 9561.4bf2dc71.js:2
49209 @ main.2faaeed8.js:1
n @ main.2faaeed8.js:1
(匿名) @ main.2faaeed8.js:1
n.O @ main.2faaeed8.js:1
(匿名) @ main.2faaeed8.js:1
(匿名) @ main.2faaeed8.js:1
(匿名) @ main.2faaeed8.js:1
(匿名) @ main.2faaeed8.js:1
01:05:16.956 9561.4bf2dc71.js:2  react-intl-universal key "9516572f" not defined in zh
warningHandler @ 9561.4bf2dc71.js:2
value @ 9561.4bf2dc71.js:2
p @ 9561.4bf2dc71.js:2
(匿名) @ 5392.a94416b9.chunk.js:1
7945 @ 5392.a94416b9.chunk.js:1
n @ main.2faaeed8.js:1
35392 @ 5392.a94416b9.chunk.js:1
n @ main.2faaeed8.js:1
Promise.then
(匿名) @ main.2faaeed8.js:1
(匿名) @ 9561.4bf2dc71.js:2
Cs @ 9561.4bf2dc71.js:2
wc @ 9561.4bf2dc71.js:2
_c @ 9561.4bf2dc71.js:2
dc @ 9561.4bf2dc71.js:2
(匿名) @ 9561.4bf2dc71.js:2
t.unstable_runWithPriority @ 9561.4bf2dc71.js:2
qo @ 9561.4bf2dc71.js:2
Xo @ 9561.4bf2dc71.js:2
$o @ 9561.4bf2dc71.js:2
ic @ 9561.4bf2dc71.js:2
enqueueSetState @ 9561.4bf2dc71.js:2
b.setState @ 9561.4bf2dc71.js:2
(匿名) @ main.2faaeed8.js:1
u @ 9561.4bf2dc71.js:2
(匿名) @ 9561.4bf2dc71.js:2
(匿名) @ 9561.4bf2dc71.js:2
r @ 9561.4bf2dc71.js:2
s @ 9561.4bf2dc71.js:2
Promise.then
r @ 9561.4bf2dc71.js:2
s @ 9561.4bf2dc71.js:2
(匿名) @ 9561.4bf2dc71.js:2
(匿名) @ 9561.4bf2dc71.js:2
(匿名) @ main.2faaeed8.js:1
za @ 9561.4bf2dc71.js:2
$i @ 9561.4bf2dc71.js:2
Cs @ 9561.4bf2dc71.js:2
wc @ 9561.4bf2dc71.js:2
_c @ 9561.4bf2dc71.js:2
dc @ 9561.4bf2dc71.js:2
ic @ 9561.4bf2dc71.js:2
Gc @ 9561.4bf2dc71.js:2
(匿名) @ 9561.4bf2dc71.js:2
pc @ 9561.4bf2dc71.js:2
el @ 9561.4bf2dc71.js:2
render @ 9561.4bf2dc71.js:2
(匿名) @ main.2faaeed8.js:1
u @ 9561.4bf2dc71.js:2
(匿名) @ 9561.4bf2dc71.js:2
(匿名) @ 9561.4bf2dc71.js:2
r @ 9561.4bf2dc71.js:2
s @ 9561.4bf2dc71.js:2
Promise.then
r @ 9561.4bf2dc71.js:2
s @ 9561.4bf2dc71.js:2
(匿名) @ 9561.4bf2dc71.js:2
(匿名) @ 9561.4bf2dc71.js:2
(匿名) @ main.2faaeed8.js:1
(匿名) @ main.2faaeed8.js:1
u @ 9561.4bf2dc71.js:2
(匿名) @ 9561.4bf2dc71.js:2
(匿名) @ 9561.4bf2dc71.js:2
r @ 9561.4bf2dc71.js:2
s @ 9561.4bf2dc71.js:2
Promise.then
r @ 9561.4bf2dc71.js:2
s @ 9561.4bf2dc71.js:2
Promise.then
r @ 9561.4bf2dc71.js:2
s @ 9561.4bf2dc71.js:2
(匿名) @ 9561.4bf2dc71.js:2
(匿名) @ 9561.4bf2dc71.js:2
49209 @ main.2faaeed8.js:1
n @ main.2faaeed8.js:1
(匿名) @ main.2faaeed8.js:1
n.O @ main.2faaeed8.js:1
(匿名) @ main.2faaeed8.js:1
(匿名) @ main.2faaeed8.js:1
(匿名) @ main.2faaeed8.js:1
(匿名) @ main.2faaeed8.js:1
01:05:16.956 9561.4bf2dc71.js:2  react-intl-universal key "9516572f" not defined in zh
warningHandler @ 9561.4bf2dc71.js:2
value @ 9561.4bf2dc71.js:2
p @ 9561.4bf2dc71.js:2
(匿名) @ 5392.a94416b9.chunk.js:1
7945 @ 5392.a94416b9.chunk.js:1
n @ main.2faaeed8.js:1
35392 @ 5392.a94416b9.chunk.js:1
n @ main.2faaeed8.js:1
Promise.then
(匿名) @ main.2faaeed8.js:1
(匿名) @ 9561.4bf2dc71.js:2
Cs @ 9561.4bf2dc71.js:2
wc @ 9561.4bf2dc71.js:2
_c @ 9561.4bf2dc71.js:2
dc @ 9561.4bf2dc71.js:2
(匿名) @ 9561.4bf2dc71.js:2
t.unstable_runWithPriority @ 9561.4bf2dc71.js:2
qo @ 9561.4bf2dc71.js:2
Xo @ 9561.4bf2dc71.js:2
$o @ 9561.4bf2dc71.js:2
ic @ 9561.4bf2dc71.js:2
enqueueSetState @ 9561.4bf2dc71.js:2
b.setState @ 9561.4bf2dc71.js:2
(匿名) @ main.2faaeed8.js:1
u @ 9561.4bf2dc71.js:2
(匿名) @ 9561.4bf2dc71.js:2
(匿名) @ 9561.4bf2dc71.js:2
r @ 9561.4bf2dc71.js:2
s @ 9561.4bf2dc71.js:2
Promise.then
r @ 9561.4bf2dc71.js:2
s @ 9561.4bf2dc71.js:2
(匿名) @ 9561.4bf2dc71.js:2
(匿名) @ 9561.4bf2dc71.js:2
(匿名) @ main.2faaeed8.js:1
za @ 9561.4bf2dc71.js:2
$i @ 9561.4bf2dc71.js:2
Cs @ 9561.4bf2dc71.js:2
wc @ 9561.4bf2dc71.js:2
_c @ 9561.4bf2dc71.js:2
dc @ 9561.4bf2dc71.js:2
ic @ 9561.4bf2dc71.js:2
Gc @ 9561.4bf2dc71.js:2
(匿名) @ 9561.4bf2dc71.js:2
pc @ 9561.4bf2dc71.js:2
el @ 9561.4bf2dc71.js:2
render @ 9561.4bf2dc71.js:2
(匿名) @ main.2faaeed8.js:1
u @ 9561.4bf2dc71.js:2
(匿名) @ 9561.4bf2dc71.js:2
(匿名) @ 9561.4bf2dc71.js:2
r @ 9561.4bf2dc71.js:2
s @ 9561.4bf2dc71.js:2
Promise.then
r @ 9561.4bf2dc71.js:2
s @ 9561.4bf2dc71.js:2
(匿名) @ 9561.4bf2dc71.js:2
(匿名) @ 9561.4bf2dc71.js:2
(匿名) @ main.2faaeed8.js:1
(匿名) @ main.2faaeed8.js:1
u @ 9561.4bf2dc71.js:2
(匿名) @ 9561.4bf2dc71.js:2
(匿名) @ 9561.4bf2dc71.js:2
r @ 9561.4bf2dc71.js:2
s @ 9561.4bf2dc71.js:2
Promise.then
r @ 9561.4bf2dc71.js:2
s @ 9561.4bf2dc71.js:2
Promise.then
r @ 9561.4bf2dc71.js:2
s @ 9561.4bf2dc71.js:2
(匿名) @ 9561.4bf2dc71.js:2
(匿名) @ 9561.4bf2dc71.js:2
49209 @ main.2faaeed8.js:1
n @ main.2faaeed8.js:1
(匿名) @ main.2faaeed8.js:1
n.O @ main.2faaeed8.js:1
(匿名) @ main.2faaeed8.js:1
(匿名) @ main.2faaeed8.js:1
(匿名) @ main.2faaeed8.js:1
(匿名) @ main.2faaeed8.js:1
01:05:16.957 9561.4bf2dc71.js:2  react-intl-universal key "f56ec717" not defined in zh
warningHandler @ 9561.4bf2dc71.js:2
value @ 9561.4bf2dc71.js:2
p @ 9561.4bf2dc71.js:2
(匿名) @ 5392.a94416b9.chunk.js:1
7945 @ 5392.a94416b9.chunk.js:1
n @ main.2faaeed8.js:1
35392 @ 5392.a94416b9.chunk.js:1
n @ main.2faaeed8.js:1
Promise.then
(匿名) @ main.2faaeed8.js:1
(匿名) @ 9561.4bf2dc71.js:2
Cs @ 9561.4bf2dc71.js:2
wc @ 9561.4bf2dc71.js:2
_c @ 9561.4bf2dc71.js:2
dc @ 9561.4bf2dc71.js:2
(匿名) @ 9561.4bf2dc71.js:2
t.unstable_runWithPriority @ 9561.4bf2dc71.js:2
qo @ 9561.4bf2dc71.js:2
Xo @ 9561.4bf2dc71.js:2
$o @ 9561.4bf2dc71.js:2
ic @ 9561.4bf2dc71.js:2
enqueueSetState @ 9561.4bf2dc71.js:2
b.setState @ 9561.4bf2dc71.js:2
(匿名) @ main.2faaeed8.js:1
u @ 9561.4bf2dc71.js:2
(匿名) @ 9561.4bf2dc71.js:2
(匿名) @ 9561.4bf2dc71.js:2
r @ 9561.4bf2dc71.js:2
s @ 9561.4bf2dc71.js:2
Promise.then
r @ 9561.4bf2dc71.js:2
s @ 9561.4bf2dc71.js:2
(匿名) @ 9561.4bf2dc71.js:2
(匿名) @ 9561.4bf2dc71.js:2
(匿名) @ main.2faaeed8.js:1
za @ 9561.4bf2dc71.js:2
$i @ 9561.4bf2dc71.js:2
Cs @ 9561.4bf2dc71.js:2
wc @ 9561.4bf2dc71.js:2
_c @ 9561.4bf2dc71.js:2
dc @ 9561.4bf2dc71.js:2
ic @ 9561.4bf2dc71.js:2
Gc @ 9561.4bf2dc71.js:2
(匿名) @ 9561.4bf2dc71.js:2
pc @ 9561.4bf2dc71.js:2
el @ 9561.4bf2dc71.js:2
render @ 9561.4bf2dc71.js:2
(匿名) @ main.2faaeed8.js:1
u @ 9561.4bf2dc71.js:2
(匿名) @ 9561.4bf2dc71.js:2
(匿名) @ 9561.4bf2dc71.js:2
r @ 9561.4bf2dc71.js:2
s @ 9561.4bf2dc71.js:2
Promise.then
r @ 9561.4bf2dc71.js:2
s @ 9561.4bf2dc71.js:2
(匿名) @ 9561.4bf2dc71.js:2
(匿名) @ 9561.4bf2dc71.js:2
(匿名) @ main.2faaeed8.js:1
(匿名) @ main.2faaeed8.js:1
u @ 9561.4bf2dc71.js:2
(匿名) @ 9561.4bf2dc71.js:2
(匿名) @ 9561.4bf2dc71.js:2
r @ 9561.4bf2dc71.js:2
s @ 9561.4bf2dc71.js:2
Promise.then
r @ 9561.4bf2dc71.js:2
s @ 9561.4bf2dc71.js:2
Promise.then
r @ 9561.4bf2dc71.js:2
s @ 9561.4bf2dc71.js:2
(匿名) @ 9561.4bf2dc71.js:2
(匿名) @ 9561.4bf2dc71.js:2
49209 @ main.2faaeed8.js:1
n @ main.2faaeed8.js:1
(匿名) @ main.2faaeed8.js:1
n.O @ main.2faaeed8.js:1
(匿名) @ main.2faaeed8.js:1
(匿名) @ main.2faaeed8.js:1
(匿名) @ main.2faaeed8.js:1
(匿名) @ main.2faaeed8.js:1
01:05:16.957 9561.4bf2dc71.js:2  react-intl-universal key "f56ec717" not defined in zh
warningHandler @ 9561.4bf2dc71.js:2
value @ 9561.4bf2dc71.js:2
p @ 9561.4bf2dc71.js:2
(匿名) @ 5392.a94416b9.chunk.js:1
7945 @ 5392.a94416b9.chunk.js:1
n @ main.2faaeed8.js:1
35392 @ 5392.a94416b9.chunk.js:1
n @ main.2faaeed8.js:1
Promise.then
(匿名) @ main.2faaeed8.js:1
(匿名) @ 9561.4bf2dc71.js:2
Cs @ 9561.4bf2dc71.js:2
wc @ 9561.4bf2dc71.js:2
_c @ 9561.4bf2dc71.js:2
dc @ 9561.4bf2dc71.js:2
(匿名) @ 9561.4bf2dc71.js:2
t.unstable_runWithPriority @ 9561.4bf2dc71.js:2
qo @ 9561.4bf2dc71.js:2
Xo @ 9561.4bf2dc71.js:2
$o @ 9561.4bf2dc71.js:2
ic @ 9561.4bf2dc71.js:2
enqueueSetState @ 9561.4bf2dc71.js:2
b.setState @ 9561.4bf2dc71.js:2
(匿名) @ main.2faaeed8.js:1
u @ 9561.4bf2dc71.js:2
(匿名) @ 9561.4bf2dc71.js:2
(匿名) @ 9561.4bf2dc71.js:2
r @ 9561.4bf2dc71.js:2
s @ 9561.4bf2dc71.js:2
Promise.then
r @ 9561.4bf2dc71.js:2
s @ 9561.4bf2dc71.js:2
(匿名) @ 9561.4bf2dc71.js:2
(匿名) @ 9561.4bf2dc71.js:2
(匿名) @ main.2faaeed8.js:1
za @ 9561.4bf2dc71.js:2
$i @ 9561.4bf2dc71.js:2
Cs @ 9561.4bf2dc71.js:2
wc @ 9561.4bf2dc71.js:2
_c @ 9561.4bf2dc71.js:2
dc @ 9561.4bf2dc71.js:2
ic @ 9561.4bf2dc71.js:2
Gc @ 9561.4bf2dc71.js:2
(匿名) @ 9561.4bf2dc71.js:2
pc @ 9561.4bf2dc71.js:2
el @ 9561.4bf2dc71.js:2
render @ 9561.4bf2dc71.js:2
(匿名) @ main.2faaeed8.js:1
u @ 9561.4bf2dc71.js:2
(匿名) @ 9561.4bf2dc71.js:2
(匿名) @ 9561.4bf2dc71.js:2
r @ 9561.4bf2dc71.js:2
s @ 9561.4bf2dc71.js:2
Promise.then
r @ 9561.4bf2dc71.js:2
s @ 9561.4bf2dc71.js:2
(匿名) @ 9561.4bf2dc71.js:2
(匿名) @ 9561.4bf2dc71.js:2
(匿名) @ main.2faaeed8.js:1
(匿名) @ main.2faaeed8.js:1
u @ 9561.4bf2dc71.js:2
(匿名) @ 9561.4bf2dc71.js:2
(匿名) @ 9561.4bf2dc71.js:2
r @ 9561.4bf2dc71.js:2
s @ 9561.4bf2dc71.js:2
Promise.then
r @ 9561.4bf2dc71.js:2
s @ 9561.4bf2dc71.js:2
Promise.then
r @ 9561.4bf2dc71.js:2
s @ 9561.4bf2dc71.js:2
(匿名) @ 9561.4bf2dc71.js:2
(匿名) @ 9561.4bf2dc71.js:2
49209 @ main.2faaeed8.js:1
n @ main.2faaeed8.js:1
(匿名) @ main.2faaeed8.js:1
n.O @ main.2faaeed8.js:1
(匿名) @ main.2faaeed8.js:1
(匿名) @ main.2faaeed8.js:1
(匿名) @ main.2faaeed8.js:1
(匿名) @ main.2faaeed8.js:1
01:05:16.957 9561.4bf2dc71.js:2  react-intl-universal key "7da531ec" not defined in zh
warningHandler @ 9561.4bf2dc71.js:2
value @ 9561.4bf2dc71.js:2
p @ 9561.4bf2dc71.js:2
(匿名) @ 5392.a94416b9.chunk.js:1
7945 @ 5392.a94416b9.chunk.js:1
n @ main.2faaeed8.js:1
35392 @ 5392.a94416b9.chunk.js:1
n @ main.2faaeed8.js:1
Promise.then
(匿名) @ main.2faaeed8.js:1
(匿名) @ 9561.4bf2dc71.js:2
Cs @ 9561.4bf2dc71.js:2
wc @ 9561.4bf2dc71.js:2
_c @ 9561.4bf2dc71.js:2
dc @ 9561.4bf2dc71.js:2
(匿名) @ 9561.4bf2dc71.js:2
t.unstable_runWithPriority @ 9561.4bf2dc71.js:2
qo @ 9561.4bf2dc71.js:2
Xo @ 9561.4bf2dc71.js:2
$o @ 9561.4bf2dc71.js:2
ic @ 9561.4bf2dc71.js:2
enqueueSetState @ 9561.4bf2dc71.js:2
b.setState @ 9561.4bf2dc71.js:2
(匿名) @ main.2faaeed8.js:1
u @ 9561.4bf2dc71.js:2
(匿名) @ 9561.4bf2dc71.js:2
(匿名) @ 9561.4bf2dc71.js:2
r @ 9561.4bf2dc71.js:2
s @ 9561.4bf2dc71.js:2
Promise.then
r @ 9561.4bf2dc71.js:2
s @ 9561.4bf2dc71.js:2
(匿名) @ 9561.4bf2dc71.js:2
(匿名) @ 9561.4bf2dc71.js:2
(匿名) @ main.2faaeed8.js:1
za @ 9561.4bf2dc71.js:2
$i @ 9561.4bf2dc71.js:2
Cs @ 9561.4bf2dc71.js:2
wc @ 9561.4bf2dc71.js:2
_c @ 9561.4bf2dc71.js:2
dc @ 9561.4bf2dc71.js:2
ic @ 9561.4bf2dc71.js:2
Gc @ 9561.4bf2dc71.js:2
(匿名) @ 9561.4bf2dc71.js:2
pc @ 9561.4bf2dc71.js:2
el @ 9561.4bf2dc71.js:2
render @ 9561.4bf2dc71.js:2
(匿名) @ main.2faaeed8.js:1
u @ 9561.4bf2dc71.js:2
(匿名) @ 9561.4bf2dc71.js:2
(匿名) @ 9561.4bf2dc71.js:2
r @ 9561.4bf2dc71.js:2
s @ 9561.4bf2dc71.js:2
Promise.then
r @ 9561.4bf2dc71.js:2
s @ 9561.4bf2dc71.js:2
(匿名) @ 9561.4bf2dc71.js:2
(匿名) @ 9561.4bf2dc71.js:2
(匿名) @ main.2faaeed8.js:1
(匿名) @ main.2faaeed8.js:1
u @ 9561.4bf2dc71.js:2
(匿名) @ 9561.4bf2dc71.js:2
(匿名) @ 9561.4bf2dc71.js:2
r @ 9561.4bf2dc71.js:2
s @ 9561.4bf2dc71.js:2
Promise.then
r @ 9561.4bf2dc71.js:2
s @ 9561.4bf2dc71.js:2
Promise.then
r @ 9561.4bf2dc71.js:2
s @ 9561.4bf2dc71.js:2
(匿名) @ 9561.4bf2dc71.js:2
(匿名) @ 9561.4bf2dc71.js:2
49209 @ main.2faaeed8.js:1
n @ main.2faaeed8.js:1
(匿名) @ main.2faaeed8.js:1
n.O @ main.2faaeed8.js:1
(匿名) @ main.2faaeed8.js:1
(匿名) @ main.2faaeed8.js:1
(匿名) @ main.2faaeed8.js:1
(匿名) @ main.2faaeed8.js:1
01:05:16.957 9561.4bf2dc71.js:2  react-intl-universal key "7da531ec" not defined in zh
warningHandler @ 9561.4bf2dc71.js:2
value @ 9561.4bf2dc71.js:2
p @ 9561.4bf2dc71.js:2
(匿名) @ 5392.a94416b9.chunk.js:1
7945 @ 5392.a94416b9.chunk.js:1
n @ main.2faaeed8.js:1
35392 @ 5392.a94416b9.chunk.js:1
n @ main.2faaeed8.js:1
Promise.then
(匿名) @ main.2faaeed8.js:1
(匿名) @ 9561.4bf2dc71.js:2
Cs @ 9561.4bf2dc71.js:2
wc @ 9561.4bf2dc71.js:2
_c @ 9561.4bf2dc71.js:2
dc @ 9561.4bf2dc71.js:2
(匿名) @ 9561.4bf2dc71.js:2
t.unstable_runWithPriority @ 9561.4bf2dc71.js:2
qo @ 9561.4bf2dc71.js:2
Xo @ 9561.4bf2dc71.js:2
$o @ 9561.4bf2dc71.js:2
ic @ 9561.4bf2dc71.js:2
enqueueSetState @ 9561.4bf2dc71.js:2
b.setState @ 9561.4bf2dc71.js:2
(匿名) @ main.2faaeed8.js:1
u @ 9561.4bf2dc71.js:2
(匿名) @ 9561.4bf2dc71.js:2
(匿名) @ 9561.4bf2dc71.js:2
r @ 9561.4bf2dc71.js:2
s @ 9561.4bf2dc71.js:2
Promise.then
r @ 9561.4bf2dc71.js:2
s @ 9561.4bf2dc71.js:2
(匿名) @ 9561.4bf2dc71.js:2
(匿名) @ 9561.4bf2dc71.js:2
(匿名) @ main.2faaeed8.js:1
za @ 9561.4bf2dc71.js:2
$i @ 9561.4bf2dc71.js:2
Cs @ 9561.4bf2dc71.js:2
wc @ 9561.4bf2dc71.js:2
_c @ 9561.4bf2dc71.js:2
dc @ 9561.4bf2dc71.js:2
ic @ 9561.4bf2dc71.js:2
Gc @ 9561.4bf2dc71.js:2
(匿名) @ 9561.4bf2dc71.js:2
pc @ 9561.4bf2dc71.js:2
el @ 9561.4bf2dc71.js:2
render @ 9561.4bf2dc71.js:2
(匿名) @ main.2faaeed8.js:1
u @ 9561.4bf2dc71.js:2
(匿名) @ 9561.4bf2dc71.js:2
(匿名) @ 9561.4bf2dc71.js:2
r @ 9561.4bf2dc71.js:2
s @ 9561.4bf2dc71.js:2
Promise.then
r @ 9561.4bf2dc71.js:2
s @ 9561.4bf2dc71.js:2
(匿名) @ 9561.4bf2dc71.js:2
(匿名) @ 9561.4bf2dc71.js:2
(匿名) @ main.2faaeed8.js:1
(匿名) @ main.2faaeed8.js:1
u @ 9561.4bf2dc71.js:2
(匿名) @ 9561.4bf2dc71.js:2
(匿名) @ 9561.4bf2dc71.js:2
r @ 9561.4bf2dc71.js:2
s @ 9561.4bf2dc71.js:2
Promise.then
r @ 9561.4bf2dc71.js:2
s @ 9561.4bf2dc71.js:2
Promise.then
r @ 9561.4bf2dc71.js:2
s @ 9561.4bf2dc71.js:2
(匿名) @ 9561.4bf2dc71.js:2
(匿名) @ 9561.4bf2dc71.js:2
49209 @ main.2faaeed8.js:1
n @ main.2faaeed8.js:1
(匿名) @ main.2faaeed8.js:1
n.O @ main.2faaeed8.js:1
(匿名) @ main.2faaeed8.js:1
(匿名) @ main.2faaeed8.js:1
(匿名) @ main.2faaeed8.js:1
(匿名) @ main.2faaeed8.js:1
01:05:16.957 9561.4bf2dc71.js:2  react-intl-universal key "c6dd8b8f" not defined in zh
warningHandler @ 9561.4bf2dc71.js:2
value @ 9561.4bf2dc71.js:2
p @ 9561.4bf2dc71.js:2
(匿名) @ 5392.a94416b9.chunk.js:1
7945 @ 5392.a94416b9.chunk.js:1
n @ main.2faaeed8.js:1
35392 @ 5392.a94416b9.chunk.js:1
n @ main.2faaeed8.js:1
Promise.then
(匿名) @ main.2faaeed8.js:1
(匿名) @ 9561.4bf2dc71.js:2
Cs @ 9561.4bf2dc71.js:2
wc @ 9561.4bf2dc71.js:2
_c @ 9561.4bf2dc71.js:2
dc @ 9561.4bf2dc71.js:2
(匿名) @ 9561.4bf2dc71.js:2
t.unstable_runWithPriority @ 9561.4bf2dc71.js:2
qo @ 9561.4bf2dc71.js:2
Xo @ 9561.4bf2dc71.js:2
$o @ 9561.4bf2dc71.js:2
ic @ 9561.4bf2dc71.js:2
enqueueSetState @ 9561.4bf2dc71.js:2
b.setState @ 9561.4bf2dc71.js:2
(匿名) @ main.2faaeed8.js:1
u @ 9561.4bf2dc71.js:2
(匿名) @ 9561.4bf2dc71.js:2
(匿名) @ 9561.4bf2dc71.js:2
r @ 9561.4bf2dc71.js:2
s @ 9561.4bf2dc71.js:2
Promise.then
r @ 9561.4bf2dc71.js:2
s @ 9561.4bf2dc71.js:2
(匿名) @ 9561.4bf2dc71.js:2
(匿名) @ 9561.4bf2dc71.js:2
(匿名) @ main.2faaeed8.js:1
za @ 9561.4bf2dc71.js:2
$i @ 9561.4bf2dc71.js:2
Cs @ 9561.4bf2dc71.js:2
wc @ 9561.4bf2dc71.js:2
_c @ 9561.4bf2dc71.js:2
dc @ 9561.4bf2dc71.js:2
ic @ 9561.4bf2dc71.js:2
Gc @ 9561.4bf2dc71.js:2
(匿名) @ 9561.4bf2dc71.js:2
pc @ 9561.4bf2dc71.js:2
el @ 9561.4bf2dc71.js:2
render @ 9561.4bf2dc71.js:2
(匿名) @ main.2faaeed8.js:1
u @ 9561.4bf2dc71.js:2
(匿名) @ 9561.4bf2dc71.js:2
(匿名) @ 9561.4bf2dc71.js:2
r @ 9561.4bf2dc71.js:2
s @ 9561.4bf2dc71.js:2
Promise.then
r @ 9561.4bf2dc71.js:2
s @ 9561.4bf2dc71.js:2
(匿名) @ 9561.4bf2dc71.js:2
(匿名) @ 9561.4bf2dc71.js:2
(匿名) @ main.2faaeed8.js:1
(匿名) @ main.2faaeed8.js:1
u @ 9561.4bf2dc71.js:2
(匿名) @ 9561.4bf2dc71.js:2
(匿名) @ 9561.4bf2dc71.js:2
r @ 9561.4bf2dc71.js:2
s @ 9561.4bf2dc71.js:2
Promise.then
r @ 9561.4bf2dc71.js:2
s @ 9561.4bf2dc71.js:2
Promise.then
r @ 9561.4bf2dc71.js:2
s @ 9561.4bf2dc71.js:2
(匿名) @ 9561.4bf2dc71.js:2
(匿名) @ 9561.4bf2dc71.js:2
49209 @ main.2faaeed8.js:1
n @ main.2faaeed8.js:1
(匿名) @ main.2faaeed8.js:1
n.O @ main.2faaeed8.js:1
(匿名) @ main.2faaeed8.js:1
(匿名) @ main.2faaeed8.js:1
(匿名) @ main.2faaeed8.js:1
(匿名) @ main.2faaeed8.js:1
01:05:16.957 9561.4bf2dc71.js:2  react-intl-universal key "c6dd8b8f" not defined in zh
warningHandler @ 9561.4bf2dc71.js:2
value @ 9561.4bf2dc71.js:2
p @ 9561.4bf2dc71.js:2
(匿名) @ 5392.a94416b9.chunk.js:1
7945 @ 5392.a94416b9.chunk.js:1
n @ main.2faaeed8.js:1
35392 @ 5392.a94416b9.chunk.js:1
n @ main.2faaeed8.js:1
Promise.then
(匿名) @ main.2faaeed8.js:1
(匿名) @ 9561.4bf2dc71.js:2
Cs @ 9561.4bf2dc71.js:2
wc @ 9561.4bf2dc71.js:2
_c @ 9561.4bf2dc71.js:2
dc @ 9561.4bf2dc71.js:2
(匿名) @ 9561.4bf2dc71.js:2
t.unstable_runWithPriority @ 9561.4bf2dc71.js:2
qo @ 9561.4bf2dc71.js:2
Xo @ 9561.4bf2dc71.js:2
$o @ 9561.4bf2dc71.js:2
ic @ 9561.4bf2dc71.js:2
enqueueSetState @ 9561.4bf2dc71.js:2
b.setState @ 9561.4bf2dc71.js:2
(匿名) @ main.2faaeed8.js:1
u @ 9561.4bf2dc71.js:2
(匿名) @ 9561.4bf2dc71.js:2
(匿名) @ 9561.4bf2dc71.js:2
r @ 9561.4bf2dc71.js:2
s @ 9561.4bf2dc71.js:2
Promise.then
r @ 9561.4bf2dc71.js:2
s @ 9561.4bf2dc71.js:2
(匿名) @ 9561.4bf2dc71.js:2
(匿名) @ 9561.4bf2dc71.js:2
(匿名) @ main.2faaeed8.js:1
za @ 9561.4bf2dc71.js:2
$i @ 9561.4bf2dc71.js:2
Cs @ 9561.4bf2dc71.js:2
wc @ 9561.4bf2dc71.js:2
_c @ 9561.4bf2dc71.js:2
dc @ 9561.4bf2dc71.js:2
ic @ 9561.4bf2dc71.js:2
Gc @ 9561.4bf2dc71.js:2
(匿名) @ 9561.4bf2dc71.js:2
pc @ 9561.4bf2dc71.js:2
el @ 9561.4bf2dc71.js:2
render @ 9561.4bf2dc71.js:2
(匿名) @ main.2faaeed8.js:1
u @ 9561.4bf2dc71.js:2
(匿名) @ 9561.4bf2dc71.js:2
(匿名) @ 9561.4bf2dc71.js:2
r @ 9561.4bf2dc71.js:2
s @ 9561.4bf2dc71.js:2
Promise.then
r @ 9561.4bf2dc71.js:2
s @ 9561.4bf2dc71.js:2
(匿名) @ 9561.4bf2dc71.js:2
(匿名) @ 9561.4bf2dc71.js:2
(匿名) @ main.2faaeed8.js:1
(匿名) @ main.2faaeed8.js:1
u @ 9561.4bf2dc71.js:2
(匿名) @ 9561.4bf2dc71.js:2
(匿名) @ 9561.4bf2dc71.js:2
r @ 9561.4bf2dc71.js:2
s @ 9561.4bf2dc71.js:2
Promise.then
r @ 9561.4bf2dc71.js:2
s @ 9561.4bf2dc71.js:2
Promise.then
r @ 9561.4bf2dc71.js:2
s @ 9561.4bf2dc71.js:2
(匿名) @ 9561.4bf2dc71.js:2
(匿名) @ 9561.4bf2dc71.js:2
49209 @ main.2faaeed8.js:1
n @ main.2faaeed8.js:1
(匿名) @ main.2faaeed8.js:1
n.O @ main.2faaeed8.js:1
(匿名) @ main.2faaeed8.js:1
(匿名) @ main.2faaeed8.js:1
(匿名) @ main.2faaeed8.js:1
(匿名) @ main.2faaeed8.js:1
01:05:16.957 9561.4bf2dc71.js:2  react-intl-universal key "df0d4285" not defined in zh
warningHandler @ 9561.4bf2dc71.js:2
value @ 9561.4bf2dc71.js:2
p @ 9561.4bf2dc71.js:2
(匿名) @ 5392.a94416b9.chunk.js:1
7945 @ 5392.a94416b9.chunk.js:1
n @ main.2faaeed8.js:1
35392 @ 5392.a94416b9.chunk.js:1
n @ main.2faaeed8.js:1
Promise.then
(匿名) @ main.2faaeed8.js:1
(匿名) @ 9561.4bf2dc71.js:2
Cs @ 9561.4bf2dc71.js:2
wc @ 9561.4bf2dc71.js:2
_c @ 9561.4bf2dc71.js:2
dc @ 9561.4bf2dc71.js:2
(匿名) @ 9561.4bf2dc71.js:2
t.unstable_runWithPriority @ 9561.4bf2dc71.js:2
qo @ 9561.4bf2dc71.js:2
Xo @ 9561.4bf2dc71.js:2
$o @ 9561.4bf2dc71.js:2
ic @ 9561.4bf2dc71.js:2
enqueueSetState @ 9561.4bf2dc71.js:2
b.setState @ 9561.4bf2dc71.js:2
(匿名) @ main.2faaeed8.js:1
u @ 9561.4bf2dc71.js:2
(匿名) @ 9561.4bf2dc71.js:2
(匿名) @ 9561.4bf2dc71.js:2
r @ 9561.4bf2dc71.js:2
s @ 9561.4bf2dc71.js:2
Promise.then
r @ 9561.4bf2dc71.js:2
s @ 9561.4bf2dc71.js:2
(匿名) @ 9561.4bf2dc71.js:2
(匿名) @ 9561.4bf2dc71.js:2
(匿名) @ main.2faaeed8.js:1
za @ 9561.4bf2dc71.js:2
$i @ 9561.4bf2dc71.js:2
Cs @ 9561.4bf2dc71.js:2
wc @ 9561.4bf2dc71.js:2
_c @ 9561.4bf2dc71.js:2
dc @ 9561.4bf2dc71.js:2
ic @ 9561.4bf2dc71.js:2
Gc @ 9561.4bf2dc71.js:2
(匿名) @ 9561.4bf2dc71.js:2
pc @ 9561.4bf2dc71.js:2
el @ 9561.4bf2dc71.js:2
render @ 9561.4bf2dc71.js:2
(匿名) @ main.2faaeed8.js:1
u @ 9561.4bf2dc71.js:2
(匿名) @ 9561.4bf2dc71.js:2
(匿名) @ 9561.4bf2dc71.js:2
r @ 9561.4bf2dc71.js:2
s @ 9561.4bf2dc71.js:2
Promise.then
r @ 9561.4bf2dc71.js:2
s @ 9561.4bf2dc71.js:2
(匿名) @ 9561.4bf2dc71.js:2
(匿名) @ 9561.4bf2dc71.js:2
(匿名) @ main.2faaeed8.js:1
(匿名) @ main.2faaeed8.js:1
u @ 9561.4bf2dc71.js:2
(匿名) @ 9561.4bf2dc71.js:2
(匿名) @ 9561.4bf2dc71.js:2
r @ 9561.4bf2dc71.js:2
s @ 9561.4bf2dc71.js:2
Promise.then
r @ 9561.4bf2dc71.js:2
s @ 9561.4bf2dc71.js:2
Promise.then
r @ 9561.4bf2dc71.js:2
s @ 9561.4bf2dc71.js:2
(匿名) @ 9561.4bf2dc71.js:2
(匿名) @ 9561.4bf2dc71.js:2
49209 @ main.2faaeed8.js:1
n @ main.2faaeed8.js:1
(匿名) @ main.2faaeed8.js:1
n.O @ main.2faaeed8.js:1
(匿名) @ main.2faaeed8.js:1
(匿名) @ main.2faaeed8.js:1
(匿名) @ main.2faaeed8.js:1
(匿名) @ main.2faaeed8.js:1
01:05:16.957 9561.4bf2dc71.js:2  react-intl-universal key "df0d4285" not defined in zh
warningHandler @ 9561.4bf2dc71.js:2
value @ 9561.4bf2dc71.js:2
p @ 9561.4bf2dc71.js:2
(匿名) @ 5392.a94416b9.chunk.js:1
7945 @ 5392.a94416b9.chunk.js:1
n @ main.2faaeed8.js:1
35392 @ 5392.a94416b9.chunk.js:1
n @ main.2faaeed8.js:1
Promise.then
(匿名) @ main.2faaeed8.js:1
(匿名) @ 9561.4bf2dc71.js:2
Cs @ 9561.4bf2dc71.js:2
wc @ 9561.4bf2dc71.js:2
_c @ 9561.4bf2dc71.js:2
dc @ 9561.4bf2dc71.js:2
(匿名) @ 9561.4bf2dc71.js:2
t.unstable_runWithPriority @ 9561.4bf2dc71.js:2
qo @ 9561.4bf2dc71.js:2
Xo @ 9561.4bf2dc71.js:2
$o @ 9561.4bf2dc71.js:2
ic @ 9561.4bf2dc71.js:2
enqueueSetState @ 9561.4bf2dc71.js:2
b.setState @ 9561.4bf2dc71.js:2
(匿名) @ main.2faaeed8.js:1
u @ 9561.4bf2dc71.js:2
(匿名) @ 9561.4bf2dc71.js:2
(匿名) @ 9561.4bf2dc71.js:2
r @ 9561.4bf2dc71.js:2
s @ 9561.4bf2dc71.js:2
Promise.then
r @ 9561.4bf2dc71.js:2
s @ 9561.4bf2dc71.js:2
(匿名) @ 9561.4bf2dc71.js:2
(匿名) @ 9561.4bf2dc71.js:2
(匿名) @ main.2faaeed8.js:1
za @ 9561.4bf2dc71.js:2
$i @ 9561.4bf2dc71.js:2
Cs @ 9561.4bf2dc71.js:2
wc @ 9561.4bf2dc71.js:2
_c @ 9561.4bf2dc71.js:2
dc @ 9561.4bf2dc71.js:2
ic @ 9561.4bf2dc71.js:2
Gc @ 9561.4bf2dc71.js:2
(匿名) @ 9561.4bf2dc71.js:2
pc @ 9561.4bf2dc71.js:2
el @ 9561.4bf2dc71.js:2
render @ 9561.4bf2dc71.js:2
(匿名) @ main.2faaeed8.js:1
u @ 9561.4bf2dc71.js:2
(匿名) @ 9561.4bf2dc71.js:2
(匿名) @ 9561.4bf2dc71.js:2
r @ 9561.4bf2dc71.js:2
s @ 9561.4bf2dc71.js:2
Promise.then
r @ 9561.4bf2dc71.js:2
s @ 9561.4bf2dc71.js:2
(匿名) @ 9561.4bf2dc71.js:2
(匿名) @ 9561.4bf2dc71.js:2
(匿名) @ main.2faaeed8.js:1
(匿名) @ main.2faaeed8.js:1
u @ 9561.4bf2dc71.js:2
(匿名) @ 9561.4bf2dc71.js:2
(匿名) @ 9561.4bf2dc71.js:2
r @ 9561.4bf2dc71.js:2
s @ 9561.4bf2dc71.js:2
Promise.then
r @ 9561.4bf2dc71.js:2
s @ 9561.4bf2dc71.js:2
Promise.then
r @ 9561.4bf2dc71.js:2
s @ 9561.4bf2dc71.js:2
(匿名) @ 9561.4bf2dc71.js:2
(匿名) @ 9561.4bf2dc71.js:2
49209 @ main.2faaeed8.js:1
n @ main.2faaeed8.js:1
(匿名) @ main.2faaeed8.js:1
n.O @ main.2faaeed8.js:1
(匿名) @ main.2faaeed8.js:1
(匿名) @ main.2faaeed8.js:1
(匿名) @ main.2faaeed8.js:1
(匿名) @ main.2faaeed8.js:1
01:05:16.957 9561.4bf2dc71.js:2  react-intl-universal key "bd875341" not defined in zh
warningHandler @ 9561.4bf2dc71.js:2
value @ 9561.4bf2dc71.js:2
p @ 9561.4bf2dc71.js:2
(匿名) @ 5392.a94416b9.chunk.js:1
7945 @ 5392.a94416b9.chunk.js:1
n @ main.2faaeed8.js:1
35392 @ 5392.a94416b9.chunk.js:1
n @ main.2faaeed8.js:1
Promise.then
(匿名) @ main.2faaeed8.js:1
(匿名) @ 9561.4bf2dc71.js:2
Cs @ 9561.4bf2dc71.js:2
wc @ 9561.4bf2dc71.js:2
_c @ 9561.4bf2dc71.js:2
dc @ 9561.4bf2dc71.js:2
(匿名) @ 9561.4bf2dc71.js:2
t.unstable_runWithPriority @ 9561.4bf2dc71.js:2
qo @ 9561.4bf2dc71.js:2
Xo @ 9561.4bf2dc71.js:2
$o @ 9561.4bf2dc71.js:2
ic @ 9561.4bf2dc71.js:2
enqueueSetState @ 9561.4bf2dc71.js:2
b.setState @ 9561.4bf2dc71.js:2
(匿名) @ main.2faaeed8.js:1
u @ 9561.4bf2dc71.js:2
(匿名) @ 9561.4bf2dc71.js:2
(匿名) @ 9561.4bf2dc71.js:2
r @ 9561.4bf2dc71.js:2
s @ 9561.4bf2dc71.js:2
Promise.then
r @ 9561.4bf2dc71.js:2
s @ 9561.4bf2dc71.js:2
(匿名) @ 9561.4bf2dc71.js:2
(匿名) @ 9561.4bf2dc71.js:2
(匿名) @ main.2faaeed8.js:1
za @ 9561.4bf2dc71.js:2
$i @ 9561.4bf2dc71.js:2
Cs @ 9561.4bf2dc71.js:2
wc @ 9561.4bf2dc71.js:2
_c @ 9561.4bf2dc71.js:2
dc @ 9561.4bf2dc71.js:2
ic @ 9561.4bf2dc71.js:2
Gc @ 9561.4bf2dc71.js:2
(匿名) @ 9561.4bf2dc71.js:2
pc @ 9561.4bf2dc71.js:2
el @ 9561.4bf2dc71.js:2
render @ 9561.4bf2dc71.js:2
(匿名) @ main.2faaeed8.js:1
u @ 9561.4bf2dc71.js:2
(匿名) @ 9561.4bf2dc71.js:2
(匿名) @ 9561.4bf2dc71.js:2
r @ 9561.4bf2dc71.js:2
s @ 9561.4bf2dc71.js:2
Promise.then
r @ 9561.4bf2dc71.js:2
s @ 9561.4bf2dc71.js:2
(匿名) @ 9561.4bf2dc71.js:2
(匿名) @ 9561.4bf2dc71.js:2
(匿名) @ main.2faaeed8.js:1
(匿名) @ main.2faaeed8.js:1
u @ 9561.4bf2dc71.js:2
(匿名) @ 9561.4bf2dc71.js:2
(匿名) @ 9561.4bf2dc71.js:2
r @ 9561.4bf2dc71.js:2
s @ 9561.4bf2dc71.js:2
Promise.then
r @ 9561.4bf2dc71.js:2
s @ 9561.4bf2dc71.js:2
Promise.then
r @ 9561.4bf2dc71.js:2
s @ 9561.4bf2dc71.js:2
(匿名) @ 9561.4bf2dc71.js:2
(匿名) @ 9561.4bf2dc71.js:2
49209 @ main.2faaeed8.js:1
n @ main.2faaeed8.js:1
(匿名) @ main.2faaeed8.js:1
n.O @ main.2faaeed8.js:1
(匿名) @ main.2faaeed8.js:1
(匿名) @ main.2faaeed8.js:1
(匿名) @ main.2faaeed8.js:1
(匿名) @ main.2faaeed8.js:1
01:05:16.958 9561.4bf2dc71.js:2  react-intl-universal key "bd875341" not defined in zh
warningHandler @ 9561.4bf2dc71.js:2
value @ 9561.4bf2dc71.js:2
p @ 9561.4bf2dc71.js:2
(匿名) @ 5392.a94416b9.chunk.js:1
7945 @ 5392.a94416b9.chunk.js:1
n @ main.2faaeed8.js:1
35392 @ 5392.a94416b9.chunk.js:1
n @ main.2faaeed8.js:1
Promise.then
(匿名) @ main.2faaeed8.js:1
(匿名) @ 9561.4bf2dc71.js:2
Cs @ 9561.4bf2dc71.js:2
wc @ 9561.4bf2dc71.js:2
_c @ 9561.4bf2dc71.js:2
dc @ 9561.4bf2dc71.js:2
(匿名) @ 9561.4bf2dc71.js:2
t.unstable_runWithPriority @ 9561.4bf2dc71.js:2
qo @ 9561.4bf2dc71.js:2
Xo @ 9561.4bf2dc71.js:2
$o @ 9561.4bf2dc71.js:2
ic @ 9561.4bf2dc71.js:2
enqueueSetState @ 9561.4bf2dc71.js:2
b.setState @ 9561.4bf2dc71.js:2
(匿名) @ main.2faaeed8.js:1
u @ 9561.4bf2dc71.js:2
(匿名) @ 9561.4bf2dc71.js:2
(匿名) @ 9561.4bf2dc71.js:2
r @ 9561.4bf2dc71.js:2
s @ 9561.4bf2dc71.js:2
Promise.then
r @ 9561.4bf2dc71.js:2
s @ 9561.4bf2dc71.js:2
(匿名) @ 9561.4bf2dc71.js:2
(匿名) @ 9561.4bf2dc71.js:2
(匿名) @ main.2faaeed8.js:1
za @ 9561.4bf2dc71.js:2
$i @ 9561.4bf2dc71.js:2
Cs @ 9561.4bf2dc71.js:2
wc @ 9561.4bf2dc71.js:2
_c @ 9561.4bf2dc71.js:2
dc @ 9561.4bf2dc71.js:2
ic @ 9561.4bf2dc71.js:2
Gc @ 9561.4bf2dc71.js:2
(匿名) @ 9561.4bf2dc71.js:2
pc @ 9561.4bf2dc71.js:2
el @ 9561.4bf2dc71.js:2
render @ 9561.4bf2dc71.js:2
(匿名) @ main.2faaeed8.js:1
u @ 9561.4bf2dc71.js:2
(匿名) @ 9561.4bf2dc71.js:2
(匿名) @ 9561.4bf2dc71.js:2
r @ 9561.4bf2dc71.js:2
s @ 9561.4bf2dc71.js:2
Promise.then
r @ 9561.4bf2dc71.js:2
s @ 9561.4bf2dc71.js:2
(匿名) @ 9561.4bf2dc71.js:2
(匿名) @ 9561.4bf2dc71.js:2
(匿名) @ main.2faaeed8.js:1
(匿名) @ main.2faaeed8.js:1
u @ 9561.4bf2dc71.js:2
(匿名) @ 9561.4bf2dc71.js:2
(匿名) @ 9561.4bf2dc71.js:2
r @ 9561.4bf2dc71.js:2
s @ 9561.4bf2dc71.js:2
Promise.then
r @ 9561.4bf2dc71.js:2
s @ 9561.4bf2dc71.js:2
Promise.then
r @ 9561.4bf2dc71.js:2
s @ 9561.4bf2dc71.js:2
(匿名) @ 9561.4bf2dc71.js:2
(匿名) @ 9561.4bf2dc71.js:2
49209 @ main.2faaeed8.js:1
n @ main.2faaeed8.js:1
(匿名) @ main.2faaeed8.js:1
n.O @ main.2faaeed8.js:1
(匿名) @ main.2faaeed8.js:1
(匿名) @ main.2faaeed8.js:1
(匿名) @ main.2faaeed8.js:1
(匿名) @ main.2faaeed8.js:1
01:05:16.961 5392.a94416b9.chunk.js:1 {id: 'D53266CD26494BF298F2DF1BC25BF0BC'} 'paramsparamsparamsparams'
01:05:16.967 main.2faaeed8.js:1 showSearch true
01:05:16.970 log.ts:179 [debug 1:5:16 ] 拦截到HTTP请求: /learn/app/clientapi/studymap/queryStudymapGate.do?studymapId=D53266CD26494BF298F2DF1BC25BF0BC&os=99&sid=1FFBBB58581141538A860616A0C7F3CD
01:05:16.970 log.ts:179 [debug 1:5:16 ] 匹配到钩子: queryStudymapGate.do
01:05:17.017 main.2faaeed8.js:1 showSearch true
01:05:17.388 9561.4bf2dc71.js:2 div
01:05:17.388 9561.4bf2dc71.js:2 由于“保留日志”的原因，已阻止console.clear()
01:05:17.388 9561.4bf2dc71.js:2 ƒ l(){}
01:05:17.388 9561.4bf2dc71.js:2 由于“保留日志”的原因，已阻止console.clear()
01:05:17.389 9561.4bf2dc71.js:2 (索引)toStringlastIndexdotAllflagsglobalhasIndicesignoreCasemultilinesourcestickyunicodeunicodeSets(索引)toStringlastIndexdotAllflagsglobalhasIndicesignoreCasemultilinesourcestickyunicodeunicodeSetsdepƒ0false''falsefalsefalsefalse' 'falsefalsefalseObject
01:05:17.389 9561.4bf2dc71.js:2 由于“保留日志”的原因，已阻止console.clear()
01:05:17.389 9561.4bf2dc71.js:2 Fri Mar 13 2026 01:05:16 GMT+0800 (中国标准时间)
01:05:17.389 9561.4bf2dc71.js:2 由于“保留日志”的原因，已阻止console.clear()
01:05:17.389 9561.4bf2dc71.js:2 {}
01:05:17.389 9561.4bf2dc71.js:2 由于“保留日志”的原因，已阻止console.clear()
01:05:17.894 9561.4bf2dc71.js:2 div
01:05:17.894 9561.4bf2dc71.js:2 由于“保留日志”的原因，已阻止console.clear()
01:05:17.894 9561.4bf2dc71.js:2 ƒ l(){}
01:05:17.894 9561.4bf2dc71.js:2 由于“保留日志”的原因，已阻止console.clear()
01:05:17.894 9561.4bf2dc71.js:2 (索引)toStringlastIndexdotAllflagsglobalhasIndicesignoreCasemultilinesourcestickyunicodeunicodeSets(索引)toStringlastIndexdotAllflagsglobalhasIndicesignoreCasemultilinesourcestickyunicodeunicodeSetsdepƒ0false''falsefalsefalsefalse' 'falsefalsefalseObject
01:05:17.895 9561.4bf2dc71.js:2 由于“保留日志”的原因，已阻止console.clear()
01:05:17.895 9561.4bf2dc71.js:2 Fri Mar 13 2026 01:05:16 GMT+0800 (中国标准时间)
01:05:17.895 9561.4bf2dc71.js:2 由于“保留日志”的原因，已阻止console.clear()
01:05:17.896 9561.4bf2dc71.js:2 {}
01:05:17.896 9561.4bf2dc71.js:2 由于“保留日志”的原因，已阻止console.clear()
01:05:17.938 log.ts:179 [debug 1:5:17 ] 原始响应数据 {code: 0, body: Array(3), message: '成功'}
01:05:17.939 log.ts:179 [debug 1:5:17 ] 是否跳过选修课程 false
01:05:17.939 log.ts:179 [debug 1:5:17 ] 自我管理 0 当前关卡
01:05:17.939 log.ts:179 [debug 1:5:17 ] 专业管理 1 当前关卡
01:05:17.939 log.ts:179 [debug 1:5:17 ] 人际管理 2 当前关卡
01:05:17.939 log.ts:179 [debug 1:5:17 ] 成功拦截课程数据 {courseCount: 0, gateName: '自我管理', studymapGateId: '6B5BBB02E4DA4A159FA5DAECCEBCC32A'}
01:05:17.939 log.ts:179 [debug 1:5:17 ] 筛选的结果数据 {gateName: '自我管理', gateNameIndex: 0, status: 3, finishTaskNum: 1, taskNum: 3, …}
01:05:17.939 log.ts:179 [debug 1:5:17 ] 注册HTTP钩子: queryStudymapGateTask.do
01:05:17.940 main.2faaeed8.js:1 showSearch true
01:05:17.942 main.2faaeed8.js:1 showSearch true
01:05:17.945 log.ts:179 [debug 1:5:17 ] 拦截到HTTP请求: /learn/app/clientapi/studymap/queryStudymapGateTask.do?studymapId=D53266CD26494BF298F2DF1BC25BF0BC&studymapGateId=9877233CAA5F4283A173D64E23EFCD6E&os=99&sid=1FFBBB58581141538A860616A0C7F3CD
01:05:17.945 log.ts:179 [debug 1:5:17 ] 匹配到钩子: queryStudymapGateTask.do
01:05:18.204 log.ts:179 [debug 1:5:18 ] 原始响应数据queryStudymapGateTask {code: 0, body: {…}, message: '成功'}
01:05:18.204 log.ts:179 [debug 1:5:18 ] 请求的studymapGateId: 9877233CAA5F4283A173D64E23EFCD6E 期望的studymapGateId: 6B5BBB02E4DA4A159FA5DAECCEBCC32A
01:05:18.204 log.ts:179 [debug 1:5:18 ] studymapGateId不匹配，跳过此请求
01:05:18.207 main.2faaeed8.js:1 showSearch true
01:05:18.212 9561.4bf2dc71.js:2  react-intl-universal key "012fdd99" not defined in zh
warningHandler @ 9561.4bf2dc71.js:2
value @ 9561.4bf2dc71.js:2
p @ 9561.4bf2dc71.js:2
l.newItem @ 5392.a94416b9.chunk.js:1
value @ 5392.a94416b9.chunk.js:1
Xi @ 9561.4bf2dc71.js:2
$i @ 9561.4bf2dc71.js:2
Cs @ 9561.4bf2dc71.js:2
wc @ 9561.4bf2dc71.js:2
_c @ 9561.4bf2dc71.js:2
dc @ 9561.4bf2dc71.js:2
(匿名) @ 9561.4bf2dc71.js:2
t.unstable_runWithPriority @ 9561.4bf2dc71.js:2
qo @ 9561.4bf2dc71.js:2
Xo @ 9561.4bf2dc71.js:2
$o @ 9561.4bf2dc71.js:2
ic @ 9561.4bf2dc71.js:2
enqueueSetState @ 9561.4bf2dc71.js:2
b.setState @ 9561.4bf2dc71.js:2
(匿名) @ 5392.a94416b9.chunk.js:1
u @ 9561.4bf2dc71.js:2
(匿名) @ 9561.4bf2dc71.js:2
(匿名) @ 9561.4bf2dc71.js:2
r @ 9561.4bf2dc71.js:2
s @ 9561.4bf2dc71.js:2
Promise.then
r @ 9561.4bf2dc71.js:2
s @ 9561.4bf2dc71.js:2
Promise.then
r @ 9561.4bf2dc71.js:2
s @ 9561.4bf2dc71.js:2
(匿名) @ 9561.4bf2dc71.js:2
(匿名) @ 9561.4bf2dc71.js:2
value @ 5392.a94416b9.chunk.js:1
Ec @ 9561.4bf2dc71.js:2
t.unstable_runWithPriority @ 9561.4bf2dc71.js:2
qo @ 9561.4bf2dc71.js:2
kc @ 9561.4bf2dc71.js:2
dc @ 9561.4bf2dc71.js:2
(匿名) @ 9561.4bf2dc71.js:2
t.unstable_runWithPriority @ 9561.4bf2dc71.js:2
qo @ 9561.4bf2dc71.js:2
Xo @ 9561.4bf2dc71.js:2
j @ 9561.4bf2dc71.js:2
M.port1.onmessage @ 9561.4bf2dc71.js:2
01:05:18.212 9561.4bf2dc71.js:2  react-intl-universal key "012fdd99" not defined in zh
warningHandler @ 9561.4bf2dc71.js:2
value @ 9561.4bf2dc71.js:2
p @ 9561.4bf2dc71.js:2
l.newItem @ 5392.a94416b9.chunk.js:1
value @ 5392.a94416b9.chunk.js:1
Xi @ 9561.4bf2dc71.js:2
$i @ 9561.4bf2dc71.js:2
Cs @ 9561.4bf2dc71.js:2
wc @ 9561.4bf2dc71.js:2
_c @ 9561.4bf2dc71.js:2
dc @ 9561.4bf2dc71.js:2
(匿名) @ 9561.4bf2dc71.js:2
t.unstable_runWithPriority @ 9561.4bf2dc71.js:2
qo @ 9561.4bf2dc71.js:2
Xo @ 9561.4bf2dc71.js:2
$o @ 9561.4bf2dc71.js:2
ic @ 9561.4bf2dc71.js:2
enqueueSetState @ 9561.4bf2dc71.js:2
b.setState @ 9561.4bf2dc71.js:2
(匿名) @ 5392.a94416b9.chunk.js:1
u @ 9561.4bf2dc71.js:2
(匿名) @ 9561.4bf2dc71.js:2
(匿名) @ 9561.4bf2dc71.js:2
r @ 9561.4bf2dc71.js:2
s @ 9561.4bf2dc71.js:2
Promise.then
r @ 9561.4bf2dc71.js:2
s @ 9561.4bf2dc71.js:2
Promise.then
r @ 9561.4bf2dc71.js:2
s @ 9561.4bf2dc71.js:2
(匿名) @ 9561.4bf2dc71.js:2
(匿名) @ 9561.4bf2dc71.js:2
value @ 5392.a94416b9.chunk.js:1
Ec @ 9561.4bf2dc71.js:2
t.unstable_runWithPriority @ 9561.4bf2dc71.js:2
qo @ 9561.4bf2dc71.js:2
kc @ 9561.4bf2dc71.js:2
dc @ 9561.4bf2dc71.js:2
(匿名) @ 9561.4bf2dc71.js:2
t.unstable_runWithPriority @ 9561.4bf2dc71.js:2
qo @ 9561.4bf2dc71.js:2
Xo @ 9561.4bf2dc71.js:2
j @ 9561.4bf2dc71.js:2
M.port1.onmessage @ 9561.4bf2dc71.js:2
01:05:18.212 9561.4bf2dc71.js:2  react-intl-universal key "012fdd99" not defined in zh
warningHandler @ 9561.4bf2dc71.js:2
value @ 9561.4bf2dc71.js:2
p @ 9561.4bf2dc71.js:2
l.newItem @ 5392.a94416b9.chunk.js:1
value @ 5392.a94416b9.chunk.js:1
Xi @ 9561.4bf2dc71.js:2
$i @ 9561.4bf2dc71.js:2
Cs @ 9561.4bf2dc71.js:2
wc @ 9561.4bf2dc71.js:2
_c @ 9561.4bf2dc71.js:2
dc @ 9561.4bf2dc71.js:2
(匿名) @ 9561.4bf2dc71.js:2
t.unstable_runWithPriority @ 9561.4bf2dc71.js:2
qo @ 9561.4bf2dc71.js:2
Xo @ 9561.4bf2dc71.js:2
$o @ 9561.4bf2dc71.js:2
ic @ 9561.4bf2dc71.js:2
enqueueSetState @ 9561.4bf2dc71.js:2
b.setState @ 9561.4bf2dc71.js:2
(匿名) @ 5392.a94416b9.chunk.js:1
u @ 9561.4bf2dc71.js:2
(匿名) @ 9561.4bf2dc71.js:2
(匿名) @ 9561.4bf2dc71.js:2
r @ 9561.4bf2dc71.js:2
s @ 9561.4bf2dc71.js:2
Promise.then
r @ 9561.4bf2dc71.js:2
s @ 9561.4bf2dc71.js:2
Promise.then
r @ 9561.4bf2dc71.js:2
s @ 9561.4bf2dc71.js:2
(匿名) @ 9561.4bf2dc71.js:2
(匿名) @ 9561.4bf2dc71.js:2
value @ 5392.a94416b9.chunk.js:1
Ec @ 9561.4bf2dc71.js:2
t.unstable_runWithPriority @ 9561.4bf2dc71.js:2
qo @ 9561.4bf2dc71.js:2
kc @ 9561.4bf2dc71.js:2
dc @ 9561.4bf2dc71.js:2
(匿名) @ 9561.4bf2dc71.js:2
t.unstable_runWithPriority @ 9561.4bf2dc71.js:2
qo @ 9561.4bf2dc71.js:2
Xo @ 9561.4bf2dc71.js:2
j @ 9561.4bf2dc71.js:2
M.port1.onmessage @ 9561.4bf2dc71.js:2
01:05:18.402 9561.4bf2dc71.js:2 div
01:05:18.402 9561.4bf2dc71.js:2 由于“保留日志”的原因，已阻止console.clear()
01:05:18.402 9561.4bf2dc71.js:2 ƒ l(){}
01:05:18.403 9561.4bf2dc71.js:2 由于“保留日志”的原因，已阻止console.clear()
01:05:18.403 9561.4bf2dc71.js:2 (索引)toStringlastIndexdotAllflagsglobalhasIndicesignoreCasemultilinesourcestickyunicodeunicodeSets(索引)toStringlastIndexdotAllflagsglobalhasIndicesignoreCasemultilinesourcestickyunicodeunicodeSetsdepƒ0false''falsefalsefalsefalse' 'falsefalsefalseObject
01:05:18.403 9561.4bf2dc71.js:2 由于“保留日志”的原因，已阻止console.clear()
01:05:18.403 9561.4bf2dc71.js:2 Fri Mar 13 2026 01:05:16 GMT+0800 (中国标准时间)
01:05:18.404 9561.4bf2dc71.js:2 由于“保留日志”的原因，已阻止console.clear()
01:05:18.404 9561.4bf2dc71.js:2 {}
01:05:18.404 9561.4bf2dc71.js:2 由于“保留日志”的原因，已阻止console.clear()
01:05:18.906 9561.4bf2dc71.js:2 div
01:05:18.907 9561.4bf2dc71.js:2 由于“保留日志”的原因，已阻止console.clear()
01:05:18.907 9561.4bf2dc71.js:2 ƒ l(){}
01:05:18.907 9561.4bf2dc71.js:2 由于“保留日志”的原因，已阻止console.clear()
01:05:18.907 9561.4bf2dc71.js:2 (索引)toStringlastIndexdotAllflagsglobalhasIndicesignoreCasemultilinesourcestickyunicodeunicodeSets(索引)toStringlastIndexdotAllflagsglobalhasIndicesignoreCasemultilinesourcestickyunicodeunicodeSetsdepƒ0false''falsefalsefalsefalse' 'falsefalsefalseObject
01:05:18.908 9561.4bf2dc71.js:2 由于“保留日志”的原因，已阻止console.clear()
01:05:18.908 9561.4bf2dc71.js:2 Fri Mar 13 2026 01:05:16 GMT+0800 (中国标准时间)
01:05:18.908 9561.4bf2dc71.js:2 由于“保留日志”的原因，已阻止console.clear()
01:05:18.909 9561.4bf2dc71.js:2 {}
01:05:18.909 9561.4bf2dc71.js:2 由于“保留日志”的原因，已阻止console.clear()
01:05:19.410 9561.4bf2dc71.js:2 div
01:05:19.410 9561.4bf2dc71.js:2 由于“保留日志”的原因，已阻止console.clear()
01:05:19.411 9561.4bf2dc71.js:2 ƒ l(){}
01:05:19.411 9561.4bf2dc71.js:2 由于“保留日志”的原因，已阻止console.clear()
01:05:19.411 9561.4bf2dc71.js:2 (索引)toStringlastIndexdotAllflagsglobalhasIndicesignoreCasemultilinesourcestickyunicodeunicodeSets(索引)toStringlastIndexdotAllflagsglobalhasIndicesignoreCasemultilinesourcestickyunicodeunicodeSetsdepƒ0false''falsefalsefalsefalse' 'falsefalsefalseObject
01:05:19.412 9561.4bf2dc71.js:2 由于“保留日志”的原因，已阻止console.clear()
01:05:19.412 9561.4bf2dc71.js:2 Fri Mar 13 2026 01:05:16 GMT+0800 (中国标准时间)
01:05:19.412 9561.4bf2dc71.js:2 由于“保留日志”的原因，已阻止console.clear()
01:05:19.412 9561.4bf2dc71.js:2 {}
01:05:19.413 9561.4bf2dc71.js:2 由于“保留日志”的原因，已阻止console.clear()
01:05:19.915 9561.4bf2dc71.js:2 div
01:05:19.916 9561.4bf2dc71.js:2 由于“保留日志”的原因，已阻止console.clear()
01:05:19.916 9561.4bf2dc71.js:2 ƒ l(){}
01:05:19.917 9561.4bf2dc71.js:2 由于“保留日志”的原因，已阻止console.clear()
01:05:19.917 9561.4bf2dc71.js:2 (索引)toStringlastIndexdotAllflagsglobalhasIndicesignoreCasemultilinesourcestickyunicodeunicodeSets(索引)toStringlastIndexdotAllflagsglobalhasIndicesignoreCasemultilinesourcestickyunicodeunicodeSetsdepƒ0false''falsefalsefalsefalse' 'falsefalsefalseObject
01:05:19.918 9561.4bf2dc71.js:2 由于“保留日志”的原因，已阻止console.clear()
01:05:19.918 9561.4bf2dc71.js:2 Fri Mar 13 2026 01:05:16 GMT+0800 (中国标准时间)
01:05:19.918 9561.4bf2dc71.js:2 由于“保留日志”的原因，已阻止console.clear()
01:05:19.919 9561.4bf2dc71.js:2 {}
01:05:19.919 9561.4bf2dc71.js:2 由于“保留日志”的原因，已阻止console.clear()
01:05:20.421 9561.4bf2dc71.js:2 div
01:05:20.422 9561.4bf2dc71.js:2 由于“保留日志”的原因，已阻止console.clear()
01:05:20.422 9561.4bf2dc71.js:2 ƒ l(){}
01:05:20.422 9561.4bf2dc71.js:2 由于“保留日志”的原因，已阻止console.clear()
01:05:20.422 9561.4bf2dc71.js:2 (索引)toStringlastIndexdotAllflagsglobalhasIndicesignoreCasemultilinesourcestickyunicodeunicodeSets(索引)toStringlastIndexdotAllflagsglobalhasIndicesignoreCasemultilinesourcestickyunicodeunicodeSetsdepƒ0false''falsefalsefalsefalse' 'falsefalsefalseObject
01:05:20.422 9561.4bf2dc71.js:2 由于“保留日志”的原因，已阻止console.clear()
01:05:20.422 9561.4bf2dc71.js:2 Fri Mar 13 2026 01:05:16 GMT+0800 (中国标准时间)
01:05:20.422 9561.4bf2dc71.js:2 由于“保留日志”的原因，已阻止console.clear()
01:05:20.422 9561.4bf2dc71.js:2 {}
01:05:20.422 9561.4bf2dc71.js:2 由于“保留日志”的原因，已阻止console.clear()
01:05:20.925 9561.4bf2dc71.js:2 div
01:05:20.925 9561.4bf2dc71.js:2 由于“保留日志”的原因，已阻止console.clear()
01:05:20.925 9561.4bf2dc71.js:2 ƒ l(){}
01:05:20.925 9561.4bf2dc71.js:2 由于“保留日志”的原因，已阻止console.clear()
01:05:20.926 9561.4bf2dc71.js:2 (索引)toStringlastIndexdotAllflagsglobalhasIndicesignoreCasemultilinesourcestickyunicodeunicodeSets(索引)toStringlastIndexdotAllflagsglobalhasIndicesignoreCasemultilinesourcestickyunicodeunicodeSetsdepƒ0false''falsefalsefalsefalse' 'falsefalsefalseObject
01:05:20.926 9561.4bf2dc71.js:2 由于“保留日志”的原因，已阻止console.clear()
01:05:20.926 9561.4bf2dc71.js:2 Fri Mar 13 2026 01:05:16 GMT+0800 (中国标准时间)
01:05:20.926 9561.4bf2dc71.js:2 由于“保留日志”的原因，已阻止console.clear()
01:05:20.926 9561.4bf2dc71.js:2 {}
01:05:20.926 9561.4bf2dc71.js:2 由于“保留日志”的原因，已阻止console.clear()
01:05:21.441 9561.4bf2dc71.js:2 div
01:05:21.441 9561.4bf2dc71.js:2 由于“保留日志”的原因，已阻止console.clear()
01:05:21.441 9561.4bf2dc71.js:2 ƒ l(){}
01:05:21.441 9561.4bf2dc71.js:2 由于“保留日志”的原因，已阻止console.clear()
01:05:21.441 9561.4bf2dc71.js:2 (索引)toStringlastIndexdotAllflagsglobalhasIndicesignoreCasemultilinesourcestickyunicodeunicodeSets(索引)toStringlastIndexdotAllflagsglobalhasIndicesignoreCasemultilinesourcestickyunicodeunicodeSetsdepƒ0false''falsefalsefalsefalse' 'falsefalsefalseObject
01:05:21.441 9561.4bf2dc71.js:2 由于“保留日志”的原因，已阻止console.clear()
01:05:21.441 9561.4bf2dc71.js:2 Fri Mar 13 2026 01:05:16 GMT+0800 (中国标准时间)
01:05:21.441 9561.4bf2dc71.js:2 由于“保留日志”的原因，已阻止console.clear()
01:05:21.441 9561.4bf2dc71.js:2 {}
01:05:21.441 9561.4bf2dc71.js:2 由于“保留日志”的原因，已阻止console.clear()
01:05:21.954 9561.4bf2dc71.js:2 div
01:05:21.954 9561.4bf2dc71.js:2 由于“保留日志”的原因，已阻止console.clear()
01:05:21.955 9561.4bf2dc71.js:2 ƒ l(){}
01:05:21.955 9561.4bf2dc71.js:2 由于“保留日志”的原因，已阻止console.clear()
01:05:21.955 9561.4bf2dc71.js:2 (索引)toStringlastIndexdotAllflagsglobalhasIndicesignoreCasemultilinesourcestickyunicodeunicodeSets(索引)toStringlastIndexdotAllflagsglobalhasIndicesignoreCasemultilinesourcestickyunicodeunicodeSetsdepƒ0false''falsefalsefalsefalse' 'falsefalsefalseObject
01:05:21.955 9561.4bf2dc71.js:2 由于“保留日志”的原因，已阻止console.clear()
01:05:21.956 9561.4bf2dc71.js:2 Fri Mar 13 2026 01:05:16 GMT+0800 (中国标准时间)
01:05:21.956 9561.4bf2dc71.js:2 由于“保留日志”的原因，已阻止console.clear()
01:05:21.956 9561.4bf2dc71.js:2 {}
01:05:21.956 9561.4bf2dc71.js:2 由于“保留日志”的原因，已阻止console.clear()
01:05:22.471 9561.4bf2dc71.js:2 div
01:05:22.471 9561.4bf2dc71.js:2 由于“保留日志”的原因，已阻止console.clear()
01:05:22.471 9561.4bf2dc71.js:2 ƒ l(){}
01:05:22.472 9561.4bf2dc71.js:2 由于“保留日志”的原因，已阻止console.clear()
01:05:22.472 9561.4bf2dc71.js:2 (索引)toStringlastIndexdotAllflagsglobalhasIndicesignoreCasemultilinesourcestickyunicodeunicodeSets(索引)toStringlastIndexdotAllflagsglobalhasIndicesignoreCasemultilinesourcestickyunicodeunicodeSetsdepƒ0false''falsefalsefalsefalse' 'falsefalsefalseObject
01:05:22.472 9561.4bf2dc71.js:2 由于“保留日志”的原因，已阻止console.clear()
01:05:22.472 9561.4bf2dc71.js:2 Fri Mar 13 2026 01:05:16 GMT+0800 (中国标准时间)
01:05:22.473 9561.4bf2dc71.js:2 由于“保留日志”的原因，已阻止console.clear()
01:05:22.473 9561.4bf2dc71.js:2 {}
01:05:22.473 9561.4bf2dc71.js:2 由于“保留日志”的原因，已阻止console.clear()
01:05:22.955 log.ts:197  [warn 1:5:22 ] 关卡任务请求拦截超时，继续执行
Warn @ log.ts:197
eval @ studyMap.ts:185
setTimeout
eval @ studyMap.ts:183
hookStudymapGateTaskRequests @ studyMap.ts:181
eval @ studyMap.ts:44
fulfilled @ studyMap.ts:5
Promise.then
step @ studyMap.ts:7
eval @ studyMap.ts:8
__awaiter @ studyMap.ts:4
eval @ studyMap.ts:39
Init @ studyMap.ts:39
eval @ mooc.ts:29
eval @ mooc.ts:8
__awaiter @ mooc.ts:4
start @ mooc.ts:22
run @ application.ts:44
eval @ mooc.ts:31
./src/mooc.ts @ VM6072:490
__webpack_require__ @ VM6072:694
(匿名) @ VM6072:718
(匿名) @ VM6072:720
Injected @ utils.ts:173
eval @ start.ts:23
xmlhttp.onreadystatechange @ utils.ts:239
PendingScript
Injected @ utils.ts:173
eval @ start.ts:23
xmlhttp.onreadystatechange @ utils.ts:239
XMLHttpRequest.send
get @ utils.ts:246
eval @ start.ts:22
fulfilled @ start.ts:5
Promise.then
step @ start.ts:7
eval @ start.ts:8
__awaiter @ start.ts:4
start @ start.ts:19
run @ application.ts:44
eval @ start.ts:80
fulfilled @ start.ts:5
Promise.then
step @ start.ts:7
eval @ start.ts:8
__awaiter @ start.ts:4
init @ start.ts:75
eval @ start.ts:83
./src/start.ts @ start.js:85
__webpack_require__ @ start.js:125
(匿名) @ start.js:136
(匿名) @ start.js:138
01:05:22.983 9561.4bf2dc71.js:2 div
01:05:22.983 9561.4bf2dc71.js:2 由于“保留日志”的原因，已阻止console.clear()
01:05:22.983 9561.4bf2dc71.js:2 ƒ l(){}
01:05:22.983 9561.4bf2dc71.js:2 由于“保留日志”的原因，已阻止console.clear()
01:05:22.983 9561.4bf2dc71.js:2 (索引)toStringlastIndexdotAllflagsglobalhasIndicesignoreCasemultilinesourcestickyunicodeunicodeSets(索引)toStringlastIndexdotAllflagsglobalhasIndicesignoreCasemultilinesourcestickyunicodeunicodeSetsdepƒ0false''falsefalsefalsefalse' 'falsefalsefalseObject
01:05:22.983 9561.4bf2dc71.js:2 由于“保留日志”的原因，已阻止console.clear()
01:05:22.983 9561.4bf2dc71.js:2 Fri Mar 13 2026 01:05:16 GMT+0800 (中国标准时间)
01:05:22.983 9561.4bf2dc71.js:2 由于“保留日志”的原因，已阻止console.clear()
01:05:22.983 9561.4bf2dc71.js:2 {}
01:05:22.983 9561.4bf2dc71.js:2 由于“保留日志”的原因，已阻止console.clear()
01:05:23.471 main.2faaeed8.js:1 showSearch true
01:05:23.474 9561.4bf2dc71.js:2  react-intl-universal key "012fdd99" not defined in zh
warningHandler @ 9561.4bf2dc71.js:2
value @ 9561.4bf2dc71.js:2
p @ 9561.4bf2dc71.js:2
l.newItem @ 5392.a94416b9.chunk.js:1
value @ 5392.a94416b9.chunk.js:1
Xi @ 9561.4bf2dc71.js:2
$i @ 9561.4bf2dc71.js:2
Cs @ 9561.4bf2dc71.js:2
wc @ 9561.4bf2dc71.js:2
_c @ 9561.4bf2dc71.js:2
dc @ 9561.4bf2dc71.js:2
(匿名) @ 9561.4bf2dc71.js:2
t.unstable_runWithPriority @ 9561.4bf2dc71.js:2
qo @ 9561.4bf2dc71.js:2
Xo @ 9561.4bf2dc71.js:2
$o @ 9561.4bf2dc71.js:2
se @ 9561.4bf2dc71.js:2
Tn @ 9561.4bf2dc71.js:2
eval @ studyMap.ts:88
eval @ studyMap.ts:8
__awaiter @ studyMap.ts:4
eval @ studyMap.ts:74
setInterval
setInterval @ utils.ts:187
eval @ studyMap.ts:74
eval @ studyMap.ts:73
eval @ studyMap.ts:8
__awaiter @ studyMap.ts:4
setupCurrentLevelButton @ studyMap.ts:72
eval @ studyMap.ts:47
fulfilled @ studyMap.ts:5
Promise.then
step @ studyMap.ts:7
fulfilled @ studyMap.ts:5
Promise.then
step @ studyMap.ts:7
eval @ studyMap.ts:8
__awaiter @ studyMap.ts:4
eval @ studyMap.ts:39
Init @ studyMap.ts:39
eval @ mooc.ts:29
eval @ mooc.ts:8
__awaiter @ mooc.ts:4
start @ mooc.ts:22
run @ application.ts:44
eval @ mooc.ts:31
./src/mooc.ts @ VM6072:490
__webpack_require__ @ VM6072:694
(匿名) @ VM6072:718
(匿名) @ VM6072:720
Injected @ utils.ts:173
eval @ start.ts:23
xmlhttp.onreadystatechange @ utils.ts:239
PendingScript
Injected @ utils.ts:173
eval @ start.ts:23
xmlhttp.onreadystatechange @ utils.ts:239
XMLHttpRequest.send
get @ utils.ts:246
eval @ start.ts:22
fulfilled @ start.ts:5
Promise.then
step @ start.ts:7
eval @ start.ts:8
__awaiter @ start.ts:4
start @ start.ts:19
run @ application.ts:44
eval @ start.ts:80
fulfilled @ start.ts:5
Promise.then
step @ start.ts:7
eval @ start.ts:8
__awaiter @ start.ts:4
init @ start.ts:75
eval @ start.ts:83
./src/start.ts @ start.js:85
__webpack_require__ @ start.js:125
(匿名) @ start.js:136
(匿名) @ start.js:138
01:05:23.474 9561.4bf2dc71.js:2  react-intl-universal key "012fdd99" not defined in zh
warningHandler @ 9561.4bf2dc71.js:2
value @ 9561.4bf2dc71.js:2
p @ 9561.4bf2dc71.js:2
l.newItem @ 5392.a94416b9.chunk.js:1
value @ 5392.a94416b9.chunk.js:1
Xi @ 9561.4bf2dc71.js:2
$i @ 9561.4bf2dc71.js:2
Cs @ 9561.4bf2dc71.js:2
wc @ 9561.4bf2dc71.js:2
_c @ 9561.4bf2dc71.js:2
dc @ 9561.4bf2dc71.js:2
(匿名) @ 9561.4bf2dc71.js:2
t.unstable_runWithPriority @ 9561.4bf2dc71.js:2
qo @ 9561.4bf2dc71.js:2
Xo @ 9561.4bf2dc71.js:2
$o @ 9561.4bf2dc71.js:2
se @ 9561.4bf2dc71.js:2
Tn @ 9561.4bf2dc71.js:2
eval @ studyMap.ts:88
eval @ studyMap.ts:8
__awaiter @ studyMap.ts:4
eval @ studyMap.ts:74
setInterval
setInterval @ utils.ts:187
eval @ studyMap.ts:74
eval @ studyMap.ts:73
eval @ studyMap.ts:8
__awaiter @ studyMap.ts:4
setupCurrentLevelButton @ studyMap.ts:72
eval @ studyMap.ts:47
fulfilled @ studyMap.ts:5
Promise.then
step @ studyMap.ts:7
fulfilled @ studyMap.ts:5
Promise.then
step @ studyMap.ts:7
eval @ studyMap.ts:8
__awaiter @ studyMap.ts:4
eval @ studyMap.ts:39
Init @ studyMap.ts:39
eval @ mooc.ts:29
eval @ mooc.ts:8
__awaiter @ mooc.ts:4
start @ mooc.ts:22
run @ application.ts:44
eval @ mooc.ts:31
./src/mooc.ts @ VM6072:490
__webpack_require__ @ VM6072:694
(匿名) @ VM6072:718
(匿名) @ VM6072:720
Injected @ utils.ts:173
eval @ start.ts:23
xmlhttp.onreadystatechange @ utils.ts:239
PendingScript
Injected @ utils.ts:173
eval @ start.ts:23
xmlhttp.onreadystatechange @ utils.ts:239
XMLHttpRequest.send
get @ utils.ts:246
eval @ start.ts:22
fulfilled @ start.ts:5
Promise.then
step @ start.ts:7
eval @ start.ts:8
__awaiter @ start.ts:4
start @ start.ts:19
run @ application.ts:44
eval @ start.ts:80
fulfilled @ start.ts:5
Promise.then
step @ start.ts:7
eval @ start.ts:8
__awaiter @ start.ts:4
init @ start.ts:75
eval @ start.ts:83
./src/start.ts @ start.js:85
__webpack_require__ @ start.js:125
(匿名) @ start.js:136
(匿名) @ start.js:138
01:05:23.474 9561.4bf2dc71.js:2  react-intl-universal key "012fdd99" not defined in zh
warningHandler @ 9561.4bf2dc71.js:2
value @ 9561.4bf2dc71.js:2
p @ 9561.4bf2dc71.js:2
l.newItem @ 5392.a94416b9.chunk.js:1
value @ 5392.a94416b9.chunk.js:1
Xi @ 9561.4bf2dc71.js:2
$i @ 9561.4bf2dc71.js:2
Cs @ 9561.4bf2dc71.js:2
wc @ 9561.4bf2dc71.js:2
_c @ 9561.4bf2dc71.js:2
dc @ 9561.4bf2dc71.js:2
(匿名) @ 9561.4bf2dc71.js:2
t.unstable_runWithPriority @ 9561.4bf2dc71.js:2
qo @ 9561.4bf2dc71.js:2
Xo @ 9561.4bf2dc71.js:2
$o @ 9561.4bf2dc71.js:2
se @ 9561.4bf2dc71.js:2
Tn @ 9561.4bf2dc71.js:2
eval @ studyMap.ts:88
eval @ studyMap.ts:8
__awaiter @ studyMap.ts:4
eval @ studyMap.ts:74
setInterval
setInterval @ utils.ts:187
eval @ studyMap.ts:74
eval @ studyMap.ts:73
eval @ studyMap.ts:8
__awaiter @ studyMap.ts:4
setupCurrentLevelButton @ studyMap.ts:72
eval @ studyMap.ts:47
fulfilled @ studyMap.ts:5
Promise.then
step @ studyMap.ts:7
fulfilled @ studyMap.ts:5
Promise.then
step @ studyMap.ts:7
eval @ studyMap.ts:8
__awaiter @ studyMap.ts:4
eval @ studyMap.ts:39
Init @ studyMap.ts:39
eval @ mooc.ts:29
eval @ mooc.ts:8
__awaiter @ mooc.ts:4
start @ mooc.ts:22
run @ application.ts:44
eval @ mooc.ts:31
./src/mooc.ts @ VM6072:490
__webpack_require__ @ VM6072:694
(匿名) @ VM6072:718
(匿名) @ VM6072:720
Injected @ utils.ts:173
eval @ start.ts:23
xmlhttp.onreadystatechange @ utils.ts:239
PendingScript
Injected @ utils.ts:173
eval @ start.ts:23
xmlhttp.onreadystatechange @ utils.ts:239
XMLHttpRequest.send
get @ utils.ts:246
eval @ start.ts:22
fulfilled @ start.ts:5
Promise.then
step @ start.ts:7
eval @ start.ts:8
__awaiter @ start.ts:4
start @ start.ts:19
run @ application.ts:44
eval @ start.ts:80
fulfilled @ start.ts:5
Promise.then
step @ start.ts:7
eval @ start.ts:8
__awaiter @ start.ts:4
init @ start.ts:75
eval @ start.ts:83
./src/start.ts @ start.js:85
__webpack_require__ @ start.js:125
(匿名) @ start.js:136
(匿名) @ start.js:138
01:05:23.477 log.ts:179 [debug 1:5:23 ] li.MuiListItem-root.jss122.jss123.MuiListItem-gutters.MuiListItem-alignItemsFlexStart init当前按钮 第 1 关
01:05:23.478 log.ts:179 [debug 1:5:23 ] 拦截到HTTP请求: /learn/app/clientapi/studymap/queryStudymapGateTask.do?studymapId=D53266CD26494BF298F2DF1BC25BF0BC&studymapGateId=6B5BBB02E4DA4A159FA5DAECCEBCC32A&os=99&sid=1FFBBB58581141538A860616A0C7F3CD
01:05:23.478 log.ts:179 [debug 1:5:23 ] 匹配到钩子: queryStudymapGateTask.do
01:05:23.479 log.ts:179 [debug 1:5:23 ] zsglStudyMap开始初始化任务 zsgl_task_undefined
01:05:23.479 log.ts:179 [debug 1:5:23 ] 拦截请求完成hookStudymapGateTaskRequests undefined
01:05:23.479 log.ts:179 [debug 1:5:23 ] Application.App.config.auto true
01:05:23.479 mooc.ts:30 mooc初始化完成 ZsglStudyMap {event: {…}, timerManager: TimerManager, studyMapData: {…}}
01:05:23.480 mooc.ts:31 undefined 'mooc.Next'
01:05:23.493 9561.4bf2dc71.js:2 div
01:05:23.493 9561.4bf2dc71.js:2 由于“保留日志”的原因，已阻止console.clear()
01:05:23.493 9561.4bf2dc71.js:2 ƒ l(){}
01:05:23.493 9561.4bf2dc71.js:2 由于“保留日志”的原因，已阻止console.clear()
01:05:23.493 9561.4bf2dc71.js:2 (索引)toStringlastIndexdotAllflagsglobalhasIndicesignoreCasemultilinesourcestickyunicodeunicodeSets(索引)toStringlastIndexdotAllflagsglobalhasIndicesignoreCasemultilinesourcestickyunicodeunicodeSetsdepƒ0false''falsefalsefalsefalse' 'falsefalsefalseObject
01:05:23.494 9561.4bf2dc71.js:2 由于“保留日志”的原因，已阻止console.clear()
01:05:23.494 9561.4bf2dc71.js:2 Fri Mar 13 2026 01:05:16 GMT+0800 (中国标准时间)
01:05:23.494 9561.4bf2dc71.js:2 由于“保留日志”的原因，已阻止console.clear()
01:05:23.494 9561.4bf2dc71.js:2 {}
01:05:23.494 9561.4bf2dc71.js:2 由于“保留日志”的原因，已阻止console.clear()
01:05:23.750 main.2faaeed8.js:1 showSearch true
01:05:23.756 9561.4bf2dc71.js:2  react-intl-universal key "012fdd99" not defined in zh
warningHandler @ 9561.4bf2dc71.js:2
value @ 9561.4bf2dc71.js:2
p @ 9561.4bf2dc71.js:2
l.newItem @ 5392.a94416b9.chunk.js:1
value @ 5392.a94416b9.chunk.js:1
Xi @ 9561.4bf2dc71.js:2
$i @ 9561.4bf2dc71.js:2
Cs @ 9561.4bf2dc71.js:2
wc @ 9561.4bf2dc71.js:2
_c @ 9561.4bf2dc71.js:2
dc @ 9561.4bf2dc71.js:2
(匿名) @ 9561.4bf2dc71.js:2
t.unstable_runWithPriority @ 9561.4bf2dc71.js:2
qo @ 9561.4bf2dc71.js:2
Xo @ 9561.4bf2dc71.js:2
$o @ 9561.4bf2dc71.js:2
ic @ 9561.4bf2dc71.js:2
enqueueSetState @ 9561.4bf2dc71.js:2
b.setState @ 9561.4bf2dc71.js:2
n.g.$showLoading @ main.2faaeed8.js:1
(匿名) @ 5392.a94416b9.chunk.js:1
u @ 9561.4bf2dc71.js:2
(匿名) @ 9561.4bf2dc71.js:2
(匿名) @ 9561.4bf2dc71.js:2
r @ 9561.4bf2dc71.js:2
s @ 9561.4bf2dc71.js:2
Promise.then
r @ 9561.4bf2dc71.js:2
s @ 9561.4bf2dc71.js:2
(匿名) @ 9561.4bf2dc71.js:2
(匿名) @ 9561.4bf2dc71.js:2
(匿名) @ 5392.a94416b9.chunk.js:1
setGate @ 5392.a94416b9.chunk.js:1
onClick @ 5392.a94416b9.chunk.js:1
m @ 9561.4bf2dc71.js:2
w @ 9561.4bf2dc71.js:2
(匿名) @ 9561.4bf2dc71.js:2
E @ 9561.4bf2dc71.js:2
C @ 9561.4bf2dc71.js:2
S @ 9561.4bf2dc71.js:2
D @ 9561.4bf2dc71.js:2
kn @ 9561.4bf2dc71.js:2
le @ 9561.4bf2dc71.js:2
Dn @ 9561.4bf2dc71.js:2
zn @ 9561.4bf2dc71.js:2
An @ 9561.4bf2dc71.js:2
t.unstable_runWithPriority @ 9561.4bf2dc71.js:2
qo @ 9561.4bf2dc71.js:2
se @ 9561.4bf2dc71.js:2
Tn @ 9561.4bf2dc71.js:2
eval @ studyMap.ts:88
eval @ studyMap.ts:8
__awaiter @ studyMap.ts:4
eval @ studyMap.ts:74
setInterval
setInterval @ utils.ts:187
eval @ studyMap.ts:74
eval @ studyMap.ts:73
eval @ studyMap.ts:8
__awaiter @ studyMap.ts:4
setupCurrentLevelButton @ studyMap.ts:72
eval @ studyMap.ts:47
fulfilled @ studyMap.ts:5
Promise.then
step @ studyMap.ts:7
fulfilled @ studyMap.ts:5
Promise.then
step @ studyMap.ts:7
eval @ studyMap.ts:8
__awaiter @ studyMap.ts:4
eval @ studyMap.ts:39
Init @ studyMap.ts:39
eval @ mooc.ts:29
eval @ mooc.ts:8
__awaiter @ mooc.ts:4
start @ mooc.ts:22
run @ application.ts:44
eval @ mooc.ts:31
./src/mooc.ts @ VM6072:490
__webpack_require__ @ VM6072:694
(匿名) @ VM6072:718
(匿名) @ VM6072:720
Injected @ utils.ts:173
eval @ start.ts:23
xmlhttp.onreadystatechange @ utils.ts:239
PendingScript
Injected @ utils.ts:173
eval @ start.ts:23
xmlhttp.onreadystatechange @ utils.ts:239
XMLHttpRequest.send
get @ utils.ts:246
eval @ start.ts:22
fulfilled @ start.ts:5
Promise.then
step @ start.ts:7
eval @ start.ts:8
__awaiter @ start.ts:4
start @ start.ts:19
run @ application.ts:44
eval @ start.ts:80
fulfilled @ start.ts:5
Promise.then
step @ start.ts:7
eval @ start.ts:8
__awaiter @ start.ts:4
init @ start.ts:75
eval @ start.ts:83
./src/start.ts @ start.js:85
__webpack_require__ @ start.js:125
(匿名) @ start.js:136
(匿名) @ start.js:138
01:05:23.757 9561.4bf2dc71.js:2  react-intl-universal key "012fdd99" not defined in zh
warningHandler @ 9561.4bf2dc71.js:2
value @ 9561.4bf2dc71.js:2
p @ 9561.4bf2dc71.js:2
l.newItem @ 5392.a94416b9.chunk.js:1
value @ 5392.a94416b9.chunk.js:1
Xi @ 9561.4bf2dc71.js:2
$i @ 9561.4bf2dc71.js:2
Cs @ 9561.4bf2dc71.js:2
wc @ 9561.4bf2dc71.js:2
_c @ 9561.4bf2dc71.js:2
dc @ 9561.4bf2dc71.js:2
(匿名) @ 9561.4bf2dc71.js:2
t.unstable_runWithPriority @ 9561.4bf2dc71.js:2
qo @ 9561.4bf2dc71.js:2
Xo @ 9561.4bf2dc71.js:2
$o @ 9561.4bf2dc71.js:2
ic @ 9561.4bf2dc71.js:2
enqueueSetState @ 9561.4bf2dc71.js:2
b.setState @ 9561.4bf2dc71.js:2
n.g.$showLoading @ main.2faaeed8.js:1
(匿名) @ 5392.a94416b9.chunk.js:1
u @ 9561.4bf2dc71.js:2
(匿名) @ 9561.4bf2dc71.js:2
(匿名) @ 9561.4bf2dc71.js:2
r @ 9561.4bf2dc71.js:2
s @ 9561.4bf2dc71.js:2
Promise.then
r @ 9561.4bf2dc71.js:2
s @ 9561.4bf2dc71.js:2
(匿名) @ 9561.4bf2dc71.js:2
(匿名) @ 9561.4bf2dc71.js:2
(匿名) @ 5392.a94416b9.chunk.js:1
setGate @ 5392.a94416b9.chunk.js:1
onClick @ 5392.a94416b9.chunk.js:1
m @ 9561.4bf2dc71.js:2
w @ 9561.4bf2dc71.js:2
(匿名) @ 9561.4bf2dc71.js:2
E @ 9561.4bf2dc71.js:2
C @ 9561.4bf2dc71.js:2
S @ 9561.4bf2dc71.js:2
D @ 9561.4bf2dc71.js:2
kn @ 9561.4bf2dc71.js:2
le @ 9561.4bf2dc71.js:2
Dn @ 9561.4bf2dc71.js:2
zn @ 9561.4bf2dc71.js:2
An @ 9561.4bf2dc71.js:2
t.unstable_runWithPriority @ 9561.4bf2dc71.js:2
qo @ 9561.4bf2dc71.js:2
se @ 9561.4bf2dc71.js:2
Tn @ 9561.4bf2dc71.js:2
eval @ studyMap.ts:88
eval @ studyMap.ts:8
__awaiter @ studyMap.ts:4
eval @ studyMap.ts:74
setInterval
setInterval @ utils.ts:187
eval @ studyMap.ts:74
eval @ studyMap.ts:73
eval @ studyMap.ts:8
__awaiter @ studyMap.ts:4
setupCurrentLevelButton @ studyMap.ts:72
eval @ studyMap.ts:47
fulfilled @ studyMap.ts:5
Promise.then
step @ studyMap.ts:7
fulfilled @ studyMap.ts:5
Promise.then
step @ studyMap.ts:7
eval @ studyMap.ts:8
__awaiter @ studyMap.ts:4
eval @ studyMap.ts:39
Init @ studyMap.ts:39
eval @ mooc.ts:29
eval @ mooc.ts:8
__awaiter @ mooc.ts:4
start @ mooc.ts:22
run @ application.ts:44
eval @ mooc.ts:31
./src/mooc.ts @ VM6072:490
__webpack_require__ @ VM6072:694
(匿名) @ VM6072:718
(匿名) @ VM6072:720
Injected @ utils.ts:173
eval @ start.ts:23
xmlhttp.onreadystatechange @ utils.ts:239
PendingScript
Injected @ utils.ts:173
eval @ start.ts:23
xmlhttp.onreadystatechange @ utils.ts:239
XMLHttpRequest.send
get @ utils.ts:246
eval @ start.ts:22
fulfilled @ start.ts:5
Promise.then
step @ start.ts:7
eval @ start.ts:8
__awaiter @ start.ts:4
start @ start.ts:19
run @ application.ts:44
eval @ start.ts:80
fulfilled @ start.ts:5
Promise.then
step @ start.ts:7
eval @ start.ts:8
__awaiter @ start.ts:4
init @ start.ts:75
eval @ start.ts:83
./src/start.ts @ start.js:85
__webpack_require__ @ start.js:125
(匿名) @ start.js:136
(匿名) @ start.js:138
01:05:23.758 9561.4bf2dc71.js:2  react-intl-universal key "012fdd99" not defined in zh
warningHandler @ 9561.4bf2dc71.js:2
value @ 9561.4bf2dc71.js:2
p @ 9561.4bf2dc71.js:2
l.newItem @ 5392.a94416b9.chunk.js:1
value @ 5392.a94416b9.chunk.js:1
Xi @ 9561.4bf2dc71.js:2
$i @ 9561.4bf2dc71.js:2
Cs @ 9561.4bf2dc71.js:2
wc @ 9561.4bf2dc71.js:2
_c @ 9561.4bf2dc71.js:2
dc @ 9561.4bf2dc71.js:2
(匿名) @ 9561.4bf2dc71.js:2
t.unstable_runWithPriority @ 9561.4bf2dc71.js:2
qo @ 9561.4bf2dc71.js:2
Xo @ 9561.4bf2dc71.js:2
$o @ 9561.4bf2dc71.js:2
ic @ 9561.4bf2dc71.js:2
enqueueSetState @ 9561.4bf2dc71.js:2
b.setState @ 9561.4bf2dc71.js:2
n.g.$showLoading @ main.2faaeed8.js:1
(匿名) @ 5392.a94416b9.chunk.js:1
u @ 9561.4bf2dc71.js:2
(匿名) @ 9561.4bf2dc71.js:2
(匿名) @ 9561.4bf2dc71.js:2
r @ 9561.4bf2dc71.js:2
s @ 9561.4bf2dc71.js:2
Promise.then
r @ 9561.4bf2dc71.js:2
s @ 9561.4bf2dc71.js:2
(匿名) @ 9561.4bf2dc71.js:2
(匿名) @ 9561.4bf2dc71.js:2
(匿名) @ 5392.a94416b9.chunk.js:1
setGate @ 5392.a94416b9.chunk.js:1
onClick @ 5392.a94416b9.chunk.js:1
m @ 9561.4bf2dc71.js:2
w @ 9561.4bf2dc71.js:2
(匿名) @ 9561.4bf2dc71.js:2
E @ 9561.4bf2dc71.js:2
C @ 9561.4bf2dc71.js:2
S @ 9561.4bf2dc71.js:2
D @ 9561.4bf2dc71.js:2
kn @ 9561.4bf2dc71.js:2
le @ 9561.4bf2dc71.js:2
Dn @ 9561.4bf2dc71.js:2
zn @ 9561.4bf2dc71.js:2
An @ 9561.4bf2dc71.js:2
t.unstable_runWithPriority @ 9561.4bf2dc71.js:2
qo @ 9561.4bf2dc71.js:2
se @ 9561.4bf2dc71.js:2
Tn @ 9561.4bf2dc71.js:2
eval @ studyMap.ts:88
eval @ studyMap.ts:8
__awaiter @ studyMap.ts:4
eval @ studyMap.ts:74
setInterval
setInterval @ utils.ts:187
eval @ studyMap.ts:74
eval @ studyMap.ts:73
eval @ studyMap.ts:8
__awaiter @ studyMap.ts:4
setupCurrentLevelButton @ studyMap.ts:72
eval @ studyMap.ts:47
fulfilled @ studyMap.ts:5
Promise.then
step @ studyMap.ts:7
fulfilled @ studyMap.ts:5
Promise.then
step @ studyMap.ts:7
eval @ studyMap.ts:8
__awaiter @ studyMap.ts:4
eval @ studyMap.ts:39
Init @ studyMap.ts:39
eval @ mooc.ts:29
eval @ mooc.ts:8
__awaiter @ mooc.ts:4
start @ mooc.ts:22
run @ application.ts:44
eval @ mooc.ts:31
./src/mooc.ts @ VM6072:490
__webpack_require__ @ VM6072:694
(匿名) @ VM6072:718
(匿名) @ VM6072:720
Injected @ utils.ts:173
eval @ start.ts:23
xmlhttp.onreadystatechange @ utils.ts:239
PendingScript
Injected @ utils.ts:173
eval @ start.ts:23
xmlhttp.onreadystatechange @ utils.ts:239
XMLHttpRequest.send
get @ utils.ts:246
eval @ start.ts:22
fulfilled @ start.ts:5
Promise.then
step @ start.ts:7
eval @ start.ts:8
__awaiter @ start.ts:4
start @ start.ts:19
run @ application.ts:44
eval @ start.ts:80
fulfilled @ start.ts:5
Promise.then
step @ start.ts:7
eval @ start.ts:8
__awaiter @ start.ts:4
init @ start.ts:75
eval @ start.ts:83
./src/start.ts @ start.js:85
__webpack_require__ @ start.js:125
(匿名) @ start.js:136
(匿名) @ start.js:138
01:05:23.764 9561.4bf2dc71.js:2  react-intl-universal key "012fdd99" not defined in zh
warningHandler @ 9561.4bf2dc71.js:2
value @ 9561.4bf2dc71.js:2
p @ 9561.4bf2dc71.js:2
l.newItem @ 5392.a94416b9.chunk.js:1
value @ 5392.a94416b9.chunk.js:1
Xi @ 9561.4bf2dc71.js:2
$i @ 9561.4bf2dc71.js:2
Cs @ 9561.4bf2dc71.js:2
wc @ 9561.4bf2dc71.js:2
_c @ 9561.4bf2dc71.js:2
dc @ 9561.4bf2dc71.js:2
(匿名) @ 9561.4bf2dc71.js:2
t.unstable_runWithPriority @ 9561.4bf2dc71.js:2
qo @ 9561.4bf2dc71.js:2
Xo @ 9561.4bf2dc71.js:2
$o @ 9561.4bf2dc71.js:2
ic @ 9561.4bf2dc71.js:2
enqueueSetState @ 9561.4bf2dc71.js:2
b.setState @ 9561.4bf2dc71.js:2
(匿名) @ 5392.a94416b9.chunk.js:1
u @ 9561.4bf2dc71.js:2
(匿名) @ 9561.4bf2dc71.js:2
(匿名) @ 9561.4bf2dc71.js:2
r @ 9561.4bf2dc71.js:2
s @ 9561.4bf2dc71.js:2
Promise.then
r @ 9561.4bf2dc71.js:2
s @ 9561.4bf2dc71.js:2
(匿名) @ 9561.4bf2dc71.js:2
(匿名) @ 9561.4bf2dc71.js:2
(匿名) @ 5392.a94416b9.chunk.js:1
setGate @ 5392.a94416b9.chunk.js:1
onClick @ 5392.a94416b9.chunk.js:1
m @ 9561.4bf2dc71.js:2
w @ 9561.4bf2dc71.js:2
(匿名) @ 9561.4bf2dc71.js:2
E @ 9561.4bf2dc71.js:2
C @ 9561.4bf2dc71.js:2
S @ 9561.4bf2dc71.js:2
D @ 9561.4bf2dc71.js:2
kn @ 9561.4bf2dc71.js:2
le @ 9561.4bf2dc71.js:2
Dn @ 9561.4bf2dc71.js:2
zn @ 9561.4bf2dc71.js:2
An @ 9561.4bf2dc71.js:2
t.unstable_runWithPriority @ 9561.4bf2dc71.js:2
qo @ 9561.4bf2dc71.js:2
se @ 9561.4bf2dc71.js:2
Tn @ 9561.4bf2dc71.js:2
eval @ studyMap.ts:88
eval @ studyMap.ts:8
__awaiter @ studyMap.ts:4
eval @ studyMap.ts:74
setInterval
setInterval @ utils.ts:187
eval @ studyMap.ts:74
eval @ studyMap.ts:73
eval @ studyMap.ts:8
__awaiter @ studyMap.ts:4
setupCurrentLevelButton @ studyMap.ts:72
eval @ studyMap.ts:47
fulfilled @ studyMap.ts:5
Promise.then
step @ studyMap.ts:7
fulfilled @ studyMap.ts:5
Promise.then
step @ studyMap.ts:7
eval @ studyMap.ts:8
__awaiter @ studyMap.ts:4
eval @ studyMap.ts:39
Init @ studyMap.ts:39
eval @ mooc.ts:29
eval @ mooc.ts:8
__awaiter @ mooc.ts:4
start @ mooc.ts:22
run @ application.ts:44
eval @ mooc.ts:31
./src/mooc.ts @ VM6072:490
__webpack_require__ @ VM6072:694
(匿名) @ VM6072:718
(匿名) @ VM6072:720
Injected @ utils.ts:173
eval @ start.ts:23
xmlhttp.onreadystatechange @ utils.ts:239
PendingScript
Injected @ utils.ts:173
eval @ start.ts:23
xmlhttp.onreadystatechange @ utils.ts:239
XMLHttpRequest.send
get @ utils.ts:246
eval @ start.ts:22
fulfilled @ start.ts:5
Promise.then
step @ start.ts:7
eval @ start.ts:8
__awaiter @ start.ts:4
start @ start.ts:19
run @ application.ts:44
eval @ start.ts:80
fulfilled @ start.ts:5
Promise.then
step @ start.ts:7
eval @ start.ts:8
__awaiter @ start.ts:4
init @ start.ts:75
eval @ start.ts:83
./src/start.ts @ start.js:85
__webpack_require__ @ start.js:125
(匿名) @ start.js:136
(匿名) @ start.js:138
01:05:23.764 9561.4bf2dc71.js:2  react-intl-universal key "012fdd99" not defined in zh
warningHandler @ 9561.4bf2dc71.js:2
value @ 9561.4bf2dc71.js:2
p @ 9561.4bf2dc71.js:2
l.newItem @ 5392.a94416b9.chunk.js:1
value @ 5392.a94416b9.chunk.js:1
Xi @ 9561.4bf2dc71.js:2
$i @ 9561.4bf2dc71.js:2
Cs @ 9561.4bf2dc71.js:2
wc @ 9561.4bf2dc71.js:2
_c @ 9561.4bf2dc71.js:2
dc @ 9561.4bf2dc71.js:2
(匿名) @ 9561.4bf2dc71.js:2
t.unstable_runWithPriority @ 9561.4bf2dc71.js:2
qo @ 9561.4bf2dc71.js:2
Xo @ 9561.4bf2dc71.js:2
$o @ 9561.4bf2dc71.js:2
ic @ 9561.4bf2dc71.js:2
enqueueSetState @ 9561.4bf2dc71.js:2
b.setState @ 9561.4bf2dc71.js:2
(匿名) @ 5392.a94416b9.chunk.js:1
u @ 9561.4bf2dc71.js:2
(匿名) @ 9561.4bf2dc71.js:2
(匿名) @ 9561.4bf2dc71.js:2
r @ 9561.4bf2dc71.js:2
s @ 9561.4bf2dc71.js:2
Promise.then
r @ 9561.4bf2dc71.js:2
s @ 9561.4bf2dc71.js:2
(匿名) @ 9561.4bf2dc71.js:2
(匿名) @ 9561.4bf2dc71.js:2
(匿名) @ 5392.a94416b9.chunk.js:1
setGate @ 5392.a94416b9.chunk.js:1
onClick @ 5392.a94416b9.chunk.js:1
m @ 9561.4bf2dc71.js:2
w @ 9561.4bf2dc71.js:2
(匿名) @ 9561.4bf2dc71.js:2
E @ 9561.4bf2dc71.js:2
C @ 9561.4bf2dc71.js:2
S @ 9561.4bf2dc71.js:2
D @ 9561.4bf2dc71.js:2
kn @ 9561.4bf2dc71.js:2
le @ 9561.4bf2dc71.js:2
Dn @ 9561.4bf2dc71.js:2
zn @ 9561.4bf2dc71.js:2
An @ 9561.4bf2dc71.js:2
t.unstable_runWithPriority @ 9561.4bf2dc71.js:2
qo @ 9561.4bf2dc71.js:2
se @ 9561.4bf2dc71.js:2
Tn @ 9561.4bf2dc71.js:2
eval @ studyMap.ts:88
eval @ studyMap.ts:8
__awaiter @ studyMap.ts:4
eval @ studyMap.ts:74
setInterval
setInterval @ utils.ts:187
eval @ studyMap.ts:74
eval @ studyMap.ts:73
eval @ studyMap.ts:8
__awaiter @ studyMap.ts:4
setupCurrentLevelButton @ studyMap.ts:72
eval @ studyMap.ts:47
fulfilled @ studyMap.ts:5
Promise.then
step @ studyMap.ts:7
fulfilled @ studyMap.ts:5
Promise.then
step @ studyMap.ts:7
eval @ studyMap.ts:8
__awaiter @ studyMap.ts:4
eval @ studyMap.ts:39
Init @ studyMap.ts:39
eval @ mooc.ts:29
eval @ mooc.ts:8
__awaiter @ mooc.ts:4
start @ mooc.ts:22
run @ application.ts:44
eval @ mooc.ts:31
./src/mooc.ts @ VM6072:490
__webpack_require__ @ VM6072:694
(匿名) @ VM6072:718
(匿名) @ VM6072:720
Injected @ utils.ts:173
eval @ start.ts:23
xmlhttp.onreadystatechange @ utils.ts:239
PendingScript
Injected @ utils.ts:173
eval @ start.ts:23
xmlhttp.onreadystatechange @ utils.ts:239
XMLHttpRequest.send
get @ utils.ts:246
eval @ start.ts:22
fulfilled @ start.ts:5
Promise.then
step @ start.ts:7
eval @ start.ts:8
__awaiter @ start.ts:4
start @ start.ts:19
run @ application.ts:44
eval @ start.ts:80
fulfilled @ start.ts:5
Promise.then
step @ start.ts:7
eval @ start.ts:8
__awaiter @ start.ts:4
init @ start.ts:75
eval @ start.ts:83
./src/start.ts @ start.js:85
__webpack_require__ @ start.js:125
(匿名) @ start.js:136
(匿名) @ start.js:138
01:05:23.765 9561.4bf2dc71.js:2  react-intl-universal key "012fdd99" not defined in zh
warningHandler @ 9561.4bf2dc71.js:2
value @ 9561.4bf2dc71.js:2
p @ 9561.4bf2dc71.js:2
l.newItem @ 5392.a94416b9.chunk.js:1
value @ 5392.a94416b9.chunk.js:1
Xi @ 9561.4bf2dc71.js:2
$i @ 9561.4bf2dc71.js:2
Cs @ 9561.4bf2dc71.js:2
wc @ 9561.4bf2dc71.js:2
_c @ 9561.4bf2dc71.js:2
dc @ 9561.4bf2dc71.js:2
(匿名) @ 9561.4bf2dc71.js:2
t.unstable_runWithPriority @ 9561.4bf2dc71.js:2
qo @ 9561.4bf2dc71.js:2
Xo @ 9561.4bf2dc71.js:2
$o @ 9561.4bf2dc71.js:2
ic @ 9561.4bf2dc71.js:2
enqueueSetState @ 9561.4bf2dc71.js:2
b.setState @ 9561.4bf2dc71.js:2
(匿名) @ 5392.a94416b9.chunk.js:1
u @ 9561.4bf2dc71.js:2
(匿名) @ 9561.4bf2dc71.js:2
(匿名) @ 9561.4bf2dc71.js:2
r @ 9561.4bf2dc71.js:2
s @ 9561.4bf2dc71.js:2
Promise.then
r @ 9561.4bf2dc71.js:2
s @ 9561.4bf2dc71.js:2
(匿名) @ 9561.4bf2dc71.js:2
(匿名) @ 9561.4bf2dc71.js:2
(匿名) @ 5392.a94416b9.chunk.js:1
setGate @ 5392.a94416b9.chunk.js:1
onClick @ 5392.a94416b9.chunk.js:1
m @ 9561.4bf2dc71.js:2
w @ 9561.4bf2dc71.js:2
(匿名) @ 9561.4bf2dc71.js:2
E @ 9561.4bf2dc71.js:2
C @ 9561.4bf2dc71.js:2
S @ 9561.4bf2dc71.js:2
D @ 9561.4bf2dc71.js:2
kn @ 9561.4bf2dc71.js:2
le @ 9561.4bf2dc71.js:2
Dn @ 9561.4bf2dc71.js:2
zn @ 9561.4bf2dc71.js:2
An @ 9561.4bf2dc71.js:2
t.unstable_runWithPriority @ 9561.4bf2dc71.js:2
qo @ 9561.4bf2dc71.js:2
se @ 9561.4bf2dc71.js:2
Tn @ 9561.4bf2dc71.js:2
eval @ studyMap.ts:88
eval @ studyMap.ts:8
__awaiter @ studyMap.ts:4
eval @ studyMap.ts:74
setInterval
setInterval @ utils.ts:187
eval @ studyMap.ts:74
eval @ studyMap.ts:73
eval @ studyMap.ts:8
__awaiter @ studyMap.ts:4
setupCurrentLevelButton @ studyMap.ts:72
eval @ studyMap.ts:47
fulfilled @ studyMap.ts:5
Promise.then
step @ studyMap.ts:7
fulfilled @ studyMap.ts:5
Promise.then
step @ studyMap.ts:7
eval @ studyMap.ts:8
__awaiter @ studyMap.ts:4
eval @ studyMap.ts:39
Init @ studyMap.ts:39
eval @ mooc.ts:29
eval @ mooc.ts:8
__awaiter @ mooc.ts:4
start @ mooc.ts:22
run @ application.ts:44
eval @ mooc.ts:31
./src/mooc.ts @ VM6072:490
__webpack_require__ @ VM6072:694
(匿名) @ VM6072:718
(匿名) @ VM6072:720
Injected @ utils.ts:173
eval @ start.ts:23
xmlhttp.onreadystatechange @ utils.ts:239
PendingScript
Injected @ utils.ts:173
eval @ start.ts:23
xmlhttp.onreadystatechange @ utils.ts:239
XMLHttpRequest.send
get @ utils.ts:246
eval @ start.ts:22
fulfilled @ start.ts:5
Promise.then
step @ start.ts:7
eval @ start.ts:8
__awaiter @ start.ts:4
start @ start.ts:19
run @ application.ts:44
eval @ start.ts:80
fulfilled @ start.ts:5
Promise.then
step @ start.ts:7
eval @ start.ts:8
__awaiter @ start.ts:4
init @ start.ts:75
eval @ start.ts:83
./src/start.ts @ start.js:85
__webpack_require__ @ start.js:125
(匿名) @ start.js:136
(匿名) @ start.js:138
01:05:23.767 9561.4bf2dc71.js:2  react-intl-universal key "fad5222c" not defined in zh
warningHandler @ 9561.4bf2dc71.js:2
value @ 9561.4bf2dc71.js:2
p @ 9561.4bf2dc71.js:2
W @ 5392.a94416b9.chunk.js:1
hi @ 9561.4bf2dc71.js:2
Qi @ 9561.4bf2dc71.js:2
Cs @ 9561.4bf2dc71.js:2
wc @ 9561.4bf2dc71.js:2
_c @ 9561.4bf2dc71.js:2
dc @ 9561.4bf2dc71.js:2
(匿名) @ 9561.4bf2dc71.js:2
t.unstable_runWithPriority @ 9561.4bf2dc71.js:2
qo @ 9561.4bf2dc71.js:2
Xo @ 9561.4bf2dc71.js:2
$o @ 9561.4bf2dc71.js:2
ic @ 9561.4bf2dc71.js:2
enqueueSetState @ 9561.4bf2dc71.js:2
b.setState @ 9561.4bf2dc71.js:2
(匿名) @ 5392.a94416b9.chunk.js:1
u @ 9561.4bf2dc71.js:2
(匿名) @ 9561.4bf2dc71.js:2
(匿名) @ 9561.4bf2dc71.js:2
r @ 9561.4bf2dc71.js:2
s @ 9561.4bf2dc71.js:2
Promise.then
r @ 9561.4bf2dc71.js:2
s @ 9561.4bf2dc71.js:2
(匿名) @ 9561.4bf2dc71.js:2
(匿名) @ 9561.4bf2dc71.js:2
(匿名) @ 5392.a94416b9.chunk.js:1
setGate @ 5392.a94416b9.chunk.js:1
onClick @ 5392.a94416b9.chunk.js:1
m @ 9561.4bf2dc71.js:2
w @ 9561.4bf2dc71.js:2
(匿名) @ 9561.4bf2dc71.js:2
E @ 9561.4bf2dc71.js:2
C @ 9561.4bf2dc71.js:2
S @ 9561.4bf2dc71.js:2
D @ 9561.4bf2dc71.js:2
kn @ 9561.4bf2dc71.js:2
le @ 9561.4bf2dc71.js:2
Dn @ 9561.4bf2dc71.js:2
zn @ 9561.4bf2dc71.js:2
An @ 9561.4bf2dc71.js:2
t.unstable_runWithPriority @ 9561.4bf2dc71.js:2
qo @ 9561.4bf2dc71.js:2
se @ 9561.4bf2dc71.js:2
Tn @ 9561.4bf2dc71.js:2
eval @ studyMap.ts:88
eval @ studyMap.ts:8
__awaiter @ studyMap.ts:4
eval @ studyMap.ts:74
setInterval
setInterval @ utils.ts:187
eval @ studyMap.ts:74
eval @ studyMap.ts:73
eval @ studyMap.ts:8
__awaiter @ studyMap.ts:4
setupCurrentLevelButton @ studyMap.ts:72
eval @ studyMap.ts:47
fulfilled @ studyMap.ts:5
Promise.then
step @ studyMap.ts:7
fulfilled @ studyMap.ts:5
Promise.then
step @ studyMap.ts:7
eval @ studyMap.ts:8
__awaiter @ studyMap.ts:4
eval @ studyMap.ts:39
Init @ studyMap.ts:39
eval @ mooc.ts:29
eval @ mooc.ts:8
__awaiter @ mooc.ts:4
start @ mooc.ts:22
run @ application.ts:44
eval @ mooc.ts:31
./src/mooc.ts @ VM6072:490
__webpack_require__ @ VM6072:694
(匿名) @ VM6072:718
(匿名) @ VM6072:720
Injected @ utils.ts:173
eval @ start.ts:23
xmlhttp.onreadystatechange @ utils.ts:239
PendingScript
Injected @ utils.ts:173
eval @ start.ts:23
xmlhttp.onreadystatechange @ utils.ts:239
XMLHttpRequest.send
get @ utils.ts:246
eval @ start.ts:22
fulfilled @ start.ts:5
Promise.then
step @ start.ts:7
eval @ start.ts:8
__awaiter @ start.ts:4
start @ start.ts:19
run @ application.ts:44
eval @ start.ts:80
fulfilled @ start.ts:5
Promise.then
step @ start.ts:7
eval @ start.ts:8
__awaiter @ start.ts:4
init @ start.ts:75
eval @ start.ts:83
./src/start.ts @ start.js:85
__webpack_require__ @ start.js:125
(匿名) @ start.js:136
(匿名) @ start.js:138
01:05:23.984 log.ts:179 [debug 1:5:23 ] 开始创建开始按钮
01:05:24.000 9561.4bf2dc71.js:2 div
01:05:24.001 9561.4bf2dc71.js:2 由于“保留日志”的原因，已阻止console.clear()
01:05:24.001 9561.4bf2dc71.js:2 ƒ l(){}
01:05:24.001 9561.4bf2dc71.js:2 由于“保留日志”的原因，已阻止console.clear()
01:05:24.001 9561.4bf2dc71.js:2 (索引)toStringlastIndexdotAllflagsglobalhasIndicesignoreCasemultilinesourcestickyunicodeunicodeSets(索引)toStringlastIndexdotAllflagsglobalhasIndicesignoreCasemultilinesourcestickyunicodeunicodeSetsdepƒ0false''falsefalsefalsefalse' 'falsefalsefalseObject
01:05:24.001 9561.4bf2dc71.js:2 由于“保留日志”的原因，已阻止console.clear()
01:05:24.001 9561.4bf2dc71.js:2 Fri Mar 13 2026 01:05:16 GMT+0800 (中国标准时间)
01:05:24.002 9561.4bf2dc71.js:2 由于“保留日志”的原因，已阻止console.clear()
01:05:24.002 9561.4bf2dc71.js:2 {}
01:05:24.002 9561.4bf2dc71.js:2 由于“保留日志”的原因，已阻止console.clear()
01:05:24.506 9561.4bf2dc71.js:2 div
01:05:24.506 9561.4bf2dc71.js:2 由于“保留日志”的原因，已阻止console.clear()
01:05:24.506 9561.4bf2dc71.js:2 ƒ l(){}
01:05:24.506 9561.4bf2dc71.js:2 由于“保留日志”的原因，已阻止console.clear()
01:05:24.506 9561.4bf2dc71.js:2 (索引)toStringlastIndexdotAllflagsglobalhasIndicesignoreCasemultilinesourcestickyunicodeunicodeSets(索引)toStringlastIndexdotAllflagsglobalhasIndicesignoreCasemultilinesourcestickyunicodeunicodeSetsdepƒ0false''falsefalsefalsefalse' 'falsefalsefalseObject
01:05:24.506 9561.4bf2dc71.js:2 由于“保留日志”的原因，已阻止console.clear()
01:05:24.506 9561.4bf2dc71.js:2 Fri Mar 13 2026 01:05:16 GMT+0800 (中国标准时间)
01:05:24.507 9561.4bf2dc71.js:2 由于“保留日志”的原因，已阻止console.clear()
01:05:24.507 9561.4bf2dc71.js:2 {}
01:05:24.507 9561.4bf2dc71.js:2 由于“保留日志”的原因，已阻止console.clear()
01:05:25.013 9561.4bf2dc71.js:2 div
01:05:25.013 9561.4bf2dc71.js:2 由于“保留日志”的原因，已阻止console.clear()
01:05:25.014 9561.4bf2dc71.js:2 ƒ l(){}
01:05:25.014 9561.4bf2dc71.js:2 由于“保留日志”的原因，已阻止console.clear()
01:05:25.014 9561.4bf2dc71.js:2 (索引)toStringlastIndexdotAllflagsglobalhasIndicesignoreCasemultilinesourcestickyunicodeunicodeSets(索引)toStringlastIndexdotAllflagsglobalhasIndicesignoreCasemultilinesourcestickyunicodeunicodeSetsdepƒ0false''falsefalsefalsefalse' 'falsefalsefalseObject
01:05:25.015 9561.4bf2dc71.js:2 由于“保留日志”的原因，已阻止console.clear()
01:05:25.015 9561.4bf2dc71.js:2 Fri Mar 13 2026 01:05:16 GMT+0800 (中国标准时间)
01:05:25.015 9561.4bf2dc71.js:2 由于“保留日志”的原因，已阻止console.clear()
01:05:25.016 9561.4bf2dc71.js:2 {}
01:05:25.016 9561.4bf2dc71.js:2 由于“保留日志”的原因，已阻止console.clear()
01:05:25.528 9561.4bf2dc71.js:2 div
01:05:25.529 9561.4bf2dc71.js:2 由于“保留日志”的原因，已阻止console.clear()
01:05:25.529 9561.4bf2dc71.js:2 ƒ l(){}
01:05:25.529 9561.4bf2dc71.js:2 由于“保留日志”的原因，已阻止console.clear()
01:05:25.529 9561.4bf2dc71.js:2 (索引)toStringlastIndexdotAllflagsglobalhasIndicesignoreCasemultilinesourcestickyunicodeunicodeSets(索引)toStringlastIndexdotAllflagsglobalhasIndicesignoreCasemultilinesourcestickyunicodeunicodeSetsdepƒ0false''falsefalsefalsefalse' 'falsefalsefalseObject
01:05:25.530 9561.4bf2dc71.js:2 由于“保留日志”的原因，已阻止console.clear()
01:05:25.530 9561.4bf2dc71.js:2 Fri Mar 13 2026 01:05:16 GMT+0800 (中国标准时间)
01:05:25.530 9561.4bf2dc71.js:2 由于“保留日志”的原因，已阻止console.clear()
01:05:25.531 9561.4bf2dc71.js:2 {}
01:05:25.531 9561.4bf2dc71.js:2 由于“保留日志”的原因，已阻止console.clear()
01:05:26.044 9561.4bf2dc71.js:2 div
01:05:26.045 9561.4bf2dc71.js:2 由于“保留日志”的原因，已阻止console.clear()
01:05:26.045 9561.4bf2dc71.js:2 ƒ l(){}
01:05:26.045 9561.4bf2dc71.js:2 由于“保留日志”的原因，已阻止console.clear()
01:05:26.045 9561.4bf2dc71.js:2 (索引)toStringlastIndexdotAllflagsglobalhasIndicesignoreCasemultilinesourcestickyunicodeunicodeSets(索引)toStringlastIndexdotAllflagsglobalhasIndicesignoreCasemultilinesourcestickyunicodeunicodeSetsdepƒ0false''falsefalsefalsefalse' 'falsefalsefalseObject
01:05:26.046 9561.4bf2dc71.js:2 由于“保留日志”的原因，已阻止console.clear()
01:05:26.046 9561.4bf2dc71.js:2 Fri Mar 13 2026 01:05:16 GMT+0800 (中国标准时间)
01:05:26.046 9561.4bf2dc71.js:2 由于“保留日志”的原因，已阻止console.clear()
01:05:26.046 9561.4bf2dc71.js:2 {}
01:05:26.047 9561.4bf2dc71.js:2 由于“保留日志”的原因，已阻止console.clear()
01:05:26.561 9561.4bf2dc71.js:2 div
01:05:26.561 9561.4bf2dc71.js:2 由于“保留日志”的原因，已阻止console.clear()
01:05:26.561 9561.4bf2dc71.js:2 ƒ l(){}
01:05:26.562 9561.4bf2dc71.js:2 由于“保留日志”的原因，已阻止console.clear()
01:05:26.562 9561.4bf2dc71.js:2 (索引)toStringlastIndexdotAllflagsglobalhasIndicesignoreCasemultilinesourcestickyunicodeunicodeSets(索引)toStringlastIndexdotAllflagsglobalhasIndicesignoreCasemultilinesourcestickyunicodeunicodeSetsdepƒ0false''falsefalsefalsefalse' 'falsefalsefalseObject
01:05:26.562 9561.4bf2dc71.js:2 由于“保留日志”的原因，已阻止console.clear()
01:05:26.562 9561.4bf2dc71.js:2 Fri Mar 13 2026 01:05:16 GMT+0800 (中国标准时间)
01:05:26.563 9561.4bf2dc71.js:2 由于“保留日志”的原因，已阻止console.clear()
01:05:26.563 9561.4bf2dc71.js:2 {}
01:05:26.563 9561.4bf2dc71.js:2 由于“保留日志”的原因，已阻止console.clear()
01:05:27.068 9561.4bf2dc71.js:2 div
01:05:27.069 9561.4bf2dc71.js:2 由于“保留日志”的原因，已阻止console.clear()
01:05:27.069 9561.4bf2dc71.js:2 ƒ l(){}
01:05:27.069 9561.4bf2dc71.js:2 由于“保留日志”的原因，已阻止console.clear()
01:05:27.069 9561.4bf2dc71.js:2 (索引)toStringlastIndexdotAllflagsglobalhasIndicesignoreCasemultilinesourcestickyunicodeunicodeSets(索引)toStringlastIndexdotAllflagsglobalhasIndicesignoreCasemultilinesourcestickyunicodeunicodeSetsdepƒ0false''falsefalsefalsefalse' 'falsefalsefalseObject
01:05:27.070 9561.4bf2dc71.js:2 由于“保留日志”的原因，已阻止console.clear()
01:05:27.070 9561.4bf2dc71.js:2 Fri Mar 13 2026 01:05:16 GMT+0800 (中国标准时间)
01:05:27.070 9561.4bf2dc71.js:2 由于“保留日志”的原因，已阻止console.clear()
01:05:27.070 9561.4bf2dc71.js:2 {}
01:05:27.071 9561.4bf2dc71.js:2 由于“保留日志”的原因，已阻止console.clear()
01:05:27.586 9561.4bf2dc71.js:2 div
01:05:27.587 9561.4bf2dc71.js:2 由于“保留日志”的原因，已阻止console.clear()
01:05:27.587 9561.4bf2dc71.js:2 ƒ l(){}
01:05:27.587 9561.4bf2dc71.js:2 由于“保留日志”的原因，已阻止console.clear()
01:05:27.587 9561.4bf2dc71.js:2 (索引)toStringlastIndexdotAllflagsglobalhasIndicesignoreCasemultilinesourcestickyunicodeunicodeSets(索引)toStringlastIndexdotAllflagsglobalhasIndicesignoreCasemultilinesourcestickyunicodeunicodeSetsdepƒ0false''falsefalsefalsefalse' 'falsefalsefalseObject
01:05:27.587 9561.4bf2dc71.js:2 由于“保留日志”的原因，已阻止console.clear()
01:05:27.587 9561.4bf2dc71.js:2 Fri Mar 13 2026 01:05:16 GMT+0800 (中国标准时间)
01:05:27.588 9561.4bf2dc71.js:2 由于“保留日志”的原因，已阻止console.clear()
01:05:27.588 9561.4bf2dc71.js:2 {}
01:05:27.588 9561.4bf2dc71.js:2 由于“保留日志”的原因，已阻止console.clear()
01:05:28.090 9561.4bf2dc71.js:2 div
01:05:28.090 9561.4bf2dc71.js:2 由于“保留日志”的原因，已阻止console.clear()
01:05:28.090 9561.4bf2dc71.js:2 ƒ l(){}
01:05:28.090 9561.4bf2dc71.js:2 由于“保留日志”的原因，已阻止console.clear()
01:05:28.090 9561.4bf2dc71.js:2 (索引)toStringlastIndexdotAllflagsglobalhasIndicesignoreCasemultilinesourcestickyunicodeunicodeSets(索引)toStringlastIndexdotAllflagsglobalhasIndicesignoreCasemultilinesourcestickyunicodeunicodeSetsdepƒ0false''falsefalsefalsefalse' 'falsefalsefalseObject
01:05:28.090 9561.4bf2dc71.js:2 由于“保留日志”的原因，已阻止console.clear()
01:05:28.091 9561.4bf2dc71.js:2 Fri Mar 13 2026 01:05:16 GMT+0800 (中国标准时间)
01:05:28.091 9561.4bf2dc71.js:2 由于“保留日志”的原因，已阻止console.clear()
01:05:28.091 9561.4bf2dc71.js:2 {}
01:05:28.091 9561.4bf2dc71.js:2 由于“保留日志”的原因，已阻止console.clear()
01:05:28.593 9561.4bf2dc71.js:2 div
01:05:28.593 9561.4bf2dc71.js:2 由于“保留日志”的原因，已阻止console.clear()
01:05:28.593 9561.4bf2dc71.js:2 ƒ l(){}
01:05:28.593 9561.4bf2dc71.js:2 由于“保留日志”的原因，已阻止console.clear()
01:05:28.593 9561.4bf2dc71.js:2 (索引)toStringlastIndexdotAllflagsglobalhasIndicesignoreCasemultilinesourcestickyunicodeunicodeSets(索引)toStringlastIndexdotAllflagsglobalhasIndicesignoreCasemultilinesourcestickyunicodeunicodeSetsdepƒ0false''falsefalsefalsefalse' 'falsefalsefalseObject
01:05:28.593 9561.4bf2dc71.js:2 由于“保留日志”的原因，已阻止console.clear()
01:05:28.593 9561.4bf2dc71.js:2 Fri Mar 13 2026 01:05:16 GMT+0800 (中国标准时间)
01:05:28.593 9561.4bf2dc71.js:2 由于“保留日志”的原因，已阻止console.clear()
01:05:28.594 9561.4bf2dc71.js:2 {}
01:05:28.594 9561.4bf2dc71.js:2 由于“保留日志”的原因，已阻止console.clear()
01:05:29.097 9561.4bf2dc71.js:2 div
01:05:29.097 9561.4bf2dc71.js:2 由于“保留日志”的原因，已阻止console.clear()
01:05:29.097 9561.4bf2dc71.js:2 ƒ l(){}
01:05:29.097 9561.4bf2dc71.js:2 由于“保留日志”的原因，已阻止console.clear()
01:05:29.097 9561.4bf2dc71.js:2 (索引)toStringlastIndexdotAllflagsglobalhasIndicesignoreCasemultilinesourcestickyunicodeunicodeSets(索引)toStringlastIndexdotAllflagsglobalhasIndicesignoreCasemultilinesourcestickyunicodeunicodeSetsdepƒ0false''falsefalsefalsefalse' 'falsefalsefalseObject
01:05:29.098 9561.4bf2dc71.js:2 由于“保留日志”的原因，已阻止console.clear()
01:05:29.098 9561.4bf2dc71.js:2 Fri Mar 13 2026 01:05:16 GMT+0800 (中国标准时间)
01:05:29.098 9561.4bf2dc71.js:2 由于“保留日志”的原因，已阻止console.clear()
01:05:29.098 9561.4bf2dc71.js:2 {}
01:05:29.098 9561.4bf2dc71.js:2 由于“保留日志”的原因，已阻止console.clear()
01:05:29.605 9561.4bf2dc71.js:2 div
01:05:29.605 9561.4bf2dc71.js:2 由于“保留日志”的原因，已阻止console.clear()
01:05:29.605 9561.4bf2dc71.js:2 ƒ l(){}
01:05:29.606 9561.4bf2dc71.js:2 由于“保留日志”的原因，已阻止console.clear()
01:05:29.606 9561.4bf2dc71.js:2 (索引)toStringlastIndexdotAllflagsglobalhasIndicesignoreCasemultilinesourcestickyunicodeunicodeSets(索引)toStringlastIndexdotAllflagsglobalhasIndicesignoreCasemultilinesourcestickyunicodeunicodeSetsdepƒ0false''falsefalsefalsefalse' 'falsefalsefalseObject
01:05:29.606 9561.4bf2dc71.js:2 由于“保留日志”的原因，已阻止console.clear()
01:05:29.606 9561.4bf2dc71.js:2 Fri Mar 13 2026 01:05:16 GMT+0800 (中国标准时间)
01:05:29.607 9561.4bf2dc71.js:2 由于“保留日志”的原因，已阻止console.clear()
01:05:29.607 9561.4bf2dc71.js:2 {}
01:05:29.607 9561.4bf2dc71.js:2 由于“保留日志”的原因，已阻止console.clear()
01:05:30.108 9561.4bf2dc71.js:2 div
01:05:30.109 9561.4bf2dc71.js:2 由于“保留日志”的原因，已阻止console.clear()
01:05:30.109 9561.4bf2dc71.js:2 ƒ l(){}
01:05:30.109 9561.4bf2dc71.js:2 由于“保留日志”的原因，已阻止console.clear()
01:05:30.109 9561.4bf2dc71.js:2 (索引)toStringlastIndexdotAllflagsglobalhasIndicesignoreCasemultilinesourcestickyunicodeunicodeSets(索引)toStringlastIndexdotAllflagsglobalhasIndicesignoreCasemultilinesourcestickyunicodeunicodeSetsdepƒ0false''falsefalsefalsefalse' 'falsefalsefalseObject
01:05:30.109 9561.4bf2dc71.js:2 由于“保留日志”的原因，已阻止console.clear()
01:05:30.109 9561.4bf2dc71.js:2 Fri Mar 13 2026 01:05:16 GMT+0800 (中国标准时间)
01:05:30.110 9561.4bf2dc71.js:2 由于“保留日志”的原因，已阻止console.clear()
01:05:30.110 9561.4bf2dc71.js:2 {}
01:05:30.110 9561.4bf2dc71.js:2 由于“保留日志”的原因，已阻止console.clear()
01:05:30.611 9561.4bf2dc71.js:2 div
01:05:30.611 9561.4bf2dc71.js:2 由于“保留日志”的原因，已阻止console.clear()
01:05:30.612 9561.4bf2dc71.js:2 ƒ l(){}
01:05:30.612 9561.4bf2dc71.js:2 由于“保留日志”的原因，已阻止console.clear()
01:05:30.612 9561.4bf2dc71.js:2 (索引)toStringlastIndexdotAllflagsglobalhasIndicesignoreCasemultilinesourcestickyunicodeunicodeSets(索引)toStringlastIndexdotAllflagsglobalhasIndicesignoreCasemultilinesourcestickyunicodeunicodeSetsdepƒ0false''falsefalsefalsefalse' 'falsefalsefalseObject
01:05:30.612 9561.4bf2dc71.js:2 由于“保留日志”的原因，已阻止console.clear()
01:05:30.612 9561.4bf2dc71.js:2 Fri Mar 13 2026 01:05:16 GMT+0800 (中国标准时间)
01:05:30.613 9561.4bf2dc71.js:2 由于“保留日志”的原因，已阻止console.clear()
01:05:30.613 9561.4bf2dc71.js:2 {}
01:05:30.613 9561.4bf2dc71.js:2 由于“保留日志”的原因，已阻止console.clear()
01:05:31.129 9561.4bf2dc71.js:2 div
01:05:31.130 9561.4bf2dc71.js:2 由于“保留日志”的原因，已阻止console.clear()
01:05:31.130 9561.4bf2dc71.js:2 ƒ l(){}
01:05:31.130 9561.4bf2dc71.js:2 由于“保留日志”的原因，已阻止console.clear()
01:05:31.131 9561.4bf2dc71.js:2 (索引)toStringlastIndexdotAllflagsglobalhasIndicesignoreCasemultilinesourcestickyunicodeunicodeSets(索引)toStringlastIndexdotAllflagsglobalhasIndicesignoreCasemultilinesourcestickyunicodeunicodeSetsdepƒ0false''falsefalsefalsefalse' 'falsefalsefalseObject
01:05:31.131 9561.4bf2dc71.js:2 由于“保留日志”的原因，已阻止console.clear()
01:05:31.131 9561.4bf2dc71.js:2 Fri Mar 13 2026 01:05:16 GMT+0800 (中国标准时间)
01:05:31.132 9561.4bf2dc71.js:2 由于“保留日志”的原因，已阻止console.clear()
01:05:31.132 9561.4bf2dc71.js:2 {}
01:05:31.132 9561.4bf2dc71.js:2 由于“保留日志”的原因，已阻止console.clear()
01:05:31.645 9561.4bf2dc71.js:2 div
01:05:31.645 9561.4bf2dc71.js:2 由于“保留日志”的原因，已阻止console.clear()
01:05:31.645 9561.4bf2dc71.js:2 ƒ l(){}
01:05:31.645 9561.4bf2dc71.js:2 由于“保留日志”的原因，已阻止console.clear()
01:05:31.646 9561.4bf2dc71.js:2 (索引)toStringlastIndexdotAllflagsglobalhasIndicesignoreCasemultilinesourcestickyunicodeunicodeSets(索引)toStringlastIndexdotAllflagsglobalhasIndicesignoreCasemultilinesourcestickyunicodeunicodeSetsdepƒ0false''falsefalsefalsefalse' 'falsefalsefalseObject
01:05:31.646 9561.4bf2dc71.js:2 由于“保留日志”的原因，已阻止console.clear()
01:05:31.646 9561.4bf2dc71.js:2 Fri Mar 13 2026 01:05:16 GMT+0800 (中国标准时间)
01:05:31.646 9561.4bf2dc71.js:2 由于“保留日志”的原因，已阻止console.clear()
01:05:31.646 9561.4bf2dc71.js:2 {}
01:05:31.647 9561.4bf2dc71.js:2 由于“保留日志”的原因，已阻止console.clear()
01:05:32.150 9561.4bf2dc71.js:2 div
01:05:32.150 9561.4bf2dc71.js:2 由于“保留日志”的原因，已阻止console.clear()
01:05:32.151 9561.4bf2dc71.js:2 ƒ l(){}
01:05:32.151 9561.4bf2dc71.js:2 由于“保留日志”的原因，已阻止console.clear()
01:05:32.151 9561.4bf2dc71.js:2 (索引)toStringlastIndexdotAllflagsglobalhasIndicesignoreCasemultilinesourcestickyunicodeunicodeSets(索引)toStringlastIndexdotAllflagsglobalhasIndicesignoreCasemultilinesourcestickyunicodeunicodeSetsdepƒ0false''falsefalsefalsefalse' 'falsefalsefalseObject
01:05:32.151 9561.4bf2dc71.js:2 由于“保留日志”的原因，已阻止console.clear()
01:05:32.152 9561.4bf2dc71.js:2 Fri Mar 13 2026 01:05:16 GMT+0800 (中国标准时间)
01:05:32.152 9561.4bf2dc71.js:2 由于“保留日志”的原因，已阻止console.clear()
01:05:32.152 9561.4bf2dc71.js:2 {}
01:05:32.152 9561.4bf2dc71.js:2 由于“保留日志”的原因，已阻止console.clear()
01:05:32.654 9561.4bf2dc71.js:2 div
01:05:32.654 9561.4bf2dc71.js:2 由于“保留日志”的原因，已阻止console.clear()
01:05:32.654 9561.4bf2dc71.js:2 ƒ l(){}
01:05:32.654 9561.4bf2dc71.js:2 由于“保留日志”的原因，已阻止console.clear()
01:05:32.654 9561.4bf2dc71.js:2 (索引)toStringlastIndexdotAllflagsglobalhasIndicesignoreCasemultilinesourcestickyunicodeunicodeSets(索引)toStringlastIndexdotAllflagsglobalhasIndicesignoreCasemultilinesourcestickyunicodeunicodeSetsdepƒ0false''falsefalsefalsefalse' 'falsefalsefalseObject
01:05:32.655 9561.4bf2dc71.js:2 由于“保留日志”的原因，已阻止console.clear()
01:05:32.655 9561.4bf2dc71.js:2 Fri Mar 13 2026 01:05:16 GMT+0800 (中国标准时间)
01:05:32.655 9561.4bf2dc71.js:2 由于“保留日志”的原因，已阻止console.clear()
01:05:32.655 9561.4bf2dc71.js:2 {}
01:05:32.655 9561.4bf2dc71.js:2 由于“保留日志”的原因，已阻止console.clear()
01:05:33.171 9561.4bf2dc71.js:2 div
01:05:33.172 9561.4bf2dc71.js:2 由于“保留日志”的原因，已阻止console.clear()
01:05:33.172 9561.4bf2dc71.js:2 ƒ l(){}
01:05:33.172 9561.4bf2dc71.js:2 由于“保留日志”的原因，已阻止console.clear()
01:05:33.172 9561.4bf2dc71.js:2 (索引)toStringlastIndexdotAllflagsglobalhasIndicesignoreCasemultilinesourcestickyunicodeunicodeSets(索引)toStringlastIndexdotAllflagsglobalhasIndicesignoreCasemultilinesourcestickyunicodeunicodeSetsdepƒ0false''falsefalsefalsefalse' 'falsefalsefalseObject
01:05:33.173 9561.4bf2dc71.js:2 由于“保留日志”的原因，已阻止console.clear()
01:05:33.173 9561.4bf2dc71.js:2 Fri Mar 13 2026 01:05:16 GMT+0800 (中国标准时间)
01:05:33.173 9561.4bf2dc71.js:2 由于“保留日志”的原因，已阻止console.clear()
01:05:33.174 9561.4bf2dc71.js:2 {}
01:05:33.174 9561.4bf2dc71.js:2 由于“保留日志”的原因，已阻止console.clear()
01:05:33.687 9561.4bf2dc71.js:2 div
01:05:33.687 9561.4bf2dc71.js:2 由于“保留日志”的原因，已阻止console.clear()
01:05:33.688 9561.4bf2dc71.js:2 ƒ l(){}
01:05:33.688 9561.4bf2dc71.js:2 由于“保留日志”的原因，已阻止console.clear()
01:05:33.688 9561.4bf2dc71.js:2 (索引)toStringlastIndexdotAllflagsglobalhasIndicesignoreCasemultilinesourcestickyunicodeunicodeSets(索引)toStringlastIndexdotAllflagsglobalhasIndicesignoreCasemultilinesourcestickyunicodeunicodeSetsdepƒ0false''falsefalsefalsefalse' 'falsefalsefalseObject
01:05:33.689 9561.4bf2dc71.js:2 由于“保留日志”的原因，已阻止console.clear()
01:05:33.689 9561.4bf2dc71.js:2 Fri Mar 13 2026 01:05:16 GMT+0800 (中国标准时间)
01:05:33.689 9561.4bf2dc71.js:2 由于“保留日志”的原因，已阻止console.clear()
01:05:33.690 9561.4bf2dc71.js:2 {}
01:05:33.690 9561.4bf2dc71.js:2 由于“保留日志”的原因，已阻止console.clear()
01:05:34.205 9561.4bf2dc71.js:2 div
01:05:34.205 9561.4bf2dc71.js:2 由于“保留日志”的原因，已阻止console.clear()
01:05:34.205 9561.4bf2dc71.js:2 ƒ l(){}
01:05:34.206 9561.4bf2dc71.js:2 由于“保留日志”的原因，已阻止console.clear()
01:05:34.206 9561.4bf2dc71.js:2 (索引)toStringlastIndexdotAllflagsglobalhasIndicesignoreCasemultilinesourcestickyunicodeunicodeSets(索引)toStringlastIndexdotAllflagsglobalhasIndicesignoreCasemultilinesourcestickyunicodeunicodeSetsdepƒ0false''falsefalsefalsefalse' 'falsefalsefalseObject
01:05:34.206 9561.4bf2dc71.js:2 由于“保留日志”的原因，已阻止console.clear()
01:05:34.207 9561.4bf2dc71.js:2 Fri Mar 13 2026 01:05:16 GMT+0800 (中国标准时间)
01:05:34.207 9561.4bf2dc71.js:2 由于“保留日志”的原因，已阻止console.clear()
01:05:34.207 9561.4bf2dc71.js:2 {}
01:05:34.207 9561.4bf2dc71.js:2 由于“保留日志”的原因，已阻止console.clear()
01:05:34.710 9561.4bf2dc71.js:2 div
01:05:34.710 9561.4bf2dc71.js:2 由于“保留日志”的原因，已阻止console.clear()
01:05:34.710 9561.4bf2dc71.js:2 ƒ l(){}
01:05:34.710 9561.4bf2dc71.js:2 由于“保留日志”的原因，已阻止console.clear()
01:05:34.711 9561.4bf2dc71.js:2 (索引)toStringlastIndexdotAllflagsglobalhasIndicesignoreCasemultilinesourcestickyunicodeunicodeSets(索引)toStringlastIndexdotAllflagsglobalhasIndicesignoreCasemultilinesourcestickyunicodeunicodeSetsdepƒ0false''falsefalsefalsefalse' 'falsefalsefalseObject
01:05:34.711 9561.4bf2dc71.js:2 由于“保留日志”的原因，已阻止console.clear()
01:05:34.711 9561.4bf2dc71.js:2 Fri Mar 13 2026 01:05:16 GMT+0800 (中国标准时间)
01:05:34.712 9561.4bf2dc71.js:2 由于“保留日志”的原因，已阻止console.clear()
01:05:34.712 9561.4bf2dc71.js:2 {}
01:05:34.712 9561.4bf2dc71.js:2 由于“保留日志”的原因，已阻止console.clear()
01:05:35.226 9561.4bf2dc71.js:2 div
01:05:35.227 9561.4bf2dc71.js:2 由于“保留日志”的原因，已阻止console.clear()
01:05:35.227 9561.4bf2dc71.js:2 ƒ l(){}
01:05:35.227 9561.4bf2dc71.js:2 由于“保留日志”的原因，已阻止console.clear()
01:05:35.227 9561.4bf2dc71.js:2 (索引)toStringlastIndexdotAllflagsglobalhasIndicesignoreCasemultilinesourcestickyunicodeunicodeSets(索引)toStringlastIndexdotAllflagsglobalhasIndicesignoreCasemultilinesourcestickyunicodeunicodeSetsdepƒ0false''falsefalsefalsefalse' 'falsefalsefalseObject
01:05:35.228 9561.4bf2dc71.js:2 由于“保留日志”的原因，已阻止console.clear()
01:05:35.228 9561.4bf2dc71.js:2 Fri Mar 13 2026 01:05:16 GMT+0800 (中国标准时间)
01:05:35.228 9561.4bf2dc71.js:2 由于“保留日志”的原因，已阻止console.clear()
01:05:35.229 9561.4bf2dc71.js:2 {}
01:05:35.229 9561.4bf2dc71.js:2 由于“保留日志”的原因，已阻止console.clear()
01:05:35.732 9561.4bf2dc71.js:2 div
01:05:35.733 9561.4bf2dc71.js:2 由于“保留日志”的原因，已阻止console.clear()
01:05:35.733 9561.4bf2dc71.js:2 ƒ l(){}
01:05:35.733 9561.4bf2dc71.js:2 由于“保留日志”的原因，已阻止console.clear()
01:05:35.733 9561.4bf2dc71.js:2 (索引)toStringlastIndexdotAllflagsglobalhasIndicesignoreCasemultilinesourcestickyunicodeunicodeSets(索引)toStringlastIndexdotAllflagsglobalhasIndicesignoreCasemultilinesourcestickyunicodeunicodeSetsdepƒ0false''falsefalsefalsefalse' 'falsefalsefalseObject
01:05:35.733 9561.4bf2dc71.js:2 由于“保留日志”的原因，已阻止console.clear()
01:05:35.733 9561.4bf2dc71.js:2 Fri Mar 13 2026 01:05:16 GMT+0800 (中国标准时间)
01:05:35.733 9561.4bf2dc71.js:2 由于“保留日志”的原因，已阻止console.clear()
01:05:35.733 9561.4bf2dc71.js:2 {}
01:05:35.733 9561.4bf2dc71.js:2 由于“保留日志”的原因，已阻止console.clear()
01:05:36.235 9561.4bf2dc71.js:2 div
01:05:36.236 9561.4bf2dc71.js:2 由于“保留日志”的原因，已阻止console.clear()
01:05:36.236 9561.4bf2dc71.js:2 ƒ l(){}
01:05:36.236 9561.4bf2dc71.js:2 由于“保留日志”的原因，已阻止console.clear()
01:05:36.236 9561.4bf2dc71.js:2 (索引)toStringlastIndexdotAllflagsglobalhasIndicesignoreCasemultilinesourcestickyunicodeunicodeSets(索引)toStringlastIndexdotAllflagsglobalhasIndicesignoreCasemultilinesourcestickyunicodeunicodeSetsdepƒ0false''falsefalsefalsefalse' 'falsefalsefalseObject
01:05:36.237 9561.4bf2dc71.js:2 由于“保留日志”的原因，已阻止console.clear()
01:05:36.237 9561.4bf2dc71.js:2 Fri Mar 13 2026 01:05:16 GMT+0800 (中国标准时间)
01:05:36.237 9561.4bf2dc71.js:2 由于“保留日志”的原因，已阻止console.clear()
01:05:36.238 9561.4bf2dc71.js:2 {}
01:05:36.238 9561.4bf2dc71.js:2 由于“保留日志”的原因，已阻止console.clear()
01:05:36.753 9561.4bf2dc71.js:2 div
01:05:36.754 9561.4bf2dc71.js:2 由于“保留日志”的原因，已阻止console.clear()
01:05:36.754 9561.4bf2dc71.js:2 ƒ l(){}
01:05:36.754 9561.4bf2dc71.js:2 由于“保留日志”的原因，已阻止console.clear()
01:05:36.755 9561.4bf2dc71.js:2 (索引)toStringlastIndexdotAllflagsglobalhasIndicesignoreCasemultilinesourcestickyunicodeunicodeSets(索引)toStringlastIndexdotAllflagsglobalhasIndicesignoreCasemultilinesourcestickyunicodeunicodeSetsdepƒ0false''falsefalsefalsefalse' 'falsefalsefalseObject
01:05:36.755 9561.4bf2dc71.js:2 由于“保留日志”的原因，已阻止console.clear()
01:05:36.755 9561.4bf2dc71.js:2 Fri Mar 13 2026 01:05:16 GMT+0800 (中国标准时间)
01:05:36.756 9561.4bf2dc71.js:2 由于“保留日志”的原因，已阻止console.clear()
01:05:36.756 9561.4bf2dc71.js:2 {}
01:05:36.756 9561.4bf2dc71.js:2 由于“保留日志”的原因，已阻止console.clear()
01:05:37.272 9561.4bf2dc71.js:2 div
01:05:37.272 9561.4bf2dc71.js:2 由于“保留日志”的原因，已阻止console.clear()
01:05:37.273 9561.4bf2dc71.js:2 ƒ l(){}
01:05:37.273 9561.4bf2dc71.js:2 由于“保留日志”的原因，已阻止console.clear()
01:05:37.273 9561.4bf2dc71.js:2 (索引)toStringlastIndexdotAllflagsglobalhasIndicesignoreCasemultilinesourcestickyunicodeunicodeSets(索引)toStringlastIndexdotAllflagsglobalhasIndicesignoreCasemultilinesourcestickyunicodeunicodeSetsdepƒ0false''falsefalsefalsefalse' 'falsefalsefalseObject
01:05:37.273 9561.4bf2dc71.js:2 由于“保留日志”的原因，已阻止console.clear()
01:05:37.274 9561.4bf2dc71.js:2 Fri Mar 13 2026 01:05:16 GMT+0800 (中国标准时间)
01:05:37.274 9561.4bf2dc71.js:2 由于“保留日志”的原因，已阻止console.clear()
01:05:37.274 9561.4bf2dc71.js:2 {}
01:05:37.274 9561.4bf2dc71.js:2 由于“保留日志”的原因，已阻止console.clear()
01:05:37.783 9561.4bf2dc71.js:2 div
01:05:37.784 9561.4bf2dc71.js:2 由于“保留日志”的原因，已阻止console.clear()
01:05:37.784 9561.4bf2dc71.js:2 ƒ l(){}
01:05:37.784 9561.4bf2dc71.js:2 由于“保留日志”的原因，已阻止console.clear()
01:05:37.784 9561.4bf2dc71.js:2 (索引)toStringlastIndexdotAllflagsglobalhasIndicesignoreCasemultilinesourcestickyunicodeunicodeSets(索引)toStringlastIndexdotAllflagsglobalhasIndicesignoreCasemultilinesourcestickyunicodeunicodeSetsdepƒ0false''falsefalsefalsefalse' 'falsefalsefalseObject
01:05:37.784 9561.4bf2dc71.js:2 由于“保留日志”的原因，已阻止console.clear()
01:05:37.784 9561.4bf2dc71.js:2 Fri Mar 13 2026 01:05:16 GMT+0800 (中国标准时间)
01:05:37.784 9561.4bf2dc71.js:2 由于“保留日志”的原因，已阻止console.clear()
01:05:37.784 9561.4bf2dc71.js:2 {}
01:05:37.784 9561.4bf2dc71.js:2 由于“保留日志”的原因，已阻止console.clear()
01:05:38.285 9561.4bf2dc71.js:2 div
01:05:38.286 9561.4bf2dc71.js:2 由于“保留日志”的原因，已阻止console.clear()
01:05:38.286 9561.4bf2dc71.js:2 ƒ l(){}
01:05:38.286 9561.4bf2dc71.js:2 由于“保留日志”的原因，已阻止console.clear()
01:05:38.286 9561.4bf2dc71.js:2 (索引)toStringlastIndexdotAllflagsglobalhasIndicesignoreCasemultilinesourcestickyunicodeunicodeSets(索引)toStringlastIndexdotAllflagsglobalhasIndicesignoreCasemultilinesourcestickyunicodeunicodeSetsdepƒ0false''falsefalsefalsefalse' 'falsefalsefalseObject
01:05:38.287 9561.4bf2dc71.js:2 由于“保留日志”的原因，已阻止console.clear()
01:05:38.288 9561.4bf2dc71.js:2 Fri Mar 13 2026 01:05:16 GMT+0800 (中国标准时间)
01:05:38.288 9561.4bf2dc71.js:2 由于“保留日志”的原因，已阻止console.clear()
01:05:38.288 9561.4bf2dc71.js:2 {}
01:05:38.289 9561.4bf2dc71.js:2 由于“保留日志”的原因，已阻止console.clear()
01:05:38.801 9561.4bf2dc71.js:2 div
01:05:38.802 9561.4bf2dc71.js:2 由于“保留日志”的原因，已阻止console.clear()
01:05:38.802 9561.4bf2dc71.js:2 ƒ l(){}
01:05:38.802 9561.4bf2dc71.js:2 由于“保留日志”的原因，已阻止console.clear()
01:05:38.802 9561.4bf2dc71.js:2 (索引)toStringlastIndexdotAllflagsglobalhasIndicesignoreCasemultilinesourcestickyunicodeunicodeSets(索引)toStringlastIndexdotAllflagsglobalhasIndicesignoreCasemultilinesourcestickyunicodeunicodeSetsdepƒ0false''falsefalsefalsefalse' 'falsefalsefalseObject
01:05:38.803 9561.4bf2dc71.js:2 由于“保留日志”的原因，已阻止console.clear()
01:05:38.803 9561.4bf2dc71.js:2 Fri Mar 13 2026 01:05:16 GMT+0800 (中国标准时间)
01:05:38.803 9561.4bf2dc71.js:2 由于“保留日志”的原因，已阻止console.clear()
01:05:38.803 9561.4bf2dc71.js:2 {}
01:05:38.803 9561.4bf2dc71.js:2 由于“保留日志”的原因，已阻止console.clear()
01:05:39.304 9561.4bf2dc71.js:2 div
01:05:39.304 9561.4bf2dc71.js:2 由于“保留日志”的原因，已阻止console.clear()
01:05:39.305 9561.4bf2dc71.js:2 ƒ l(){}
01:05:39.305 9561.4bf2dc71.js:2 由于“保留日志”的原因，已阻止console.clear()
01:05:39.305 9561.4bf2dc71.js:2 (索引)toStringlastIndexdotAllflagsglobalhasIndicesignoreCasemultilinesourcestickyunicodeunicodeSets(索引)toStringlastIndexdotAllflagsglobalhasIndicesignoreCasemultilinesourcestickyunicodeunicodeSetsdepƒ0false''falsefalsefalsefalse' 'falsefalsefalseObject
01:05:39.305 9561.4bf2dc71.js:2 由于“保留日志”的原因，已阻止console.clear()
01:05:39.305 9561.4bf2dc71.js:2 Fri Mar 13 2026 01:05:16 GMT+0800 (中国标准时间)
01:05:39.305 9561.4bf2dc71.js:2 由于“保留日志”的原因，已阻止console.clear()
01:05:39.305 9561.4bf2dc71.js:2 {}
01:05:39.305 9561.4bf2dc71.js:2 由于“保留日志”的原因，已阻止console.clear()
01:05:39.819 9561.4bf2dc71.js:2 div
01:05:39.820 9561.4bf2dc71.js:2 由于“保留日志”的原因，已阻止console.clear()
01:05:39.820 9561.4bf2dc71.js:2 ƒ l(){}
01:05:39.821 9561.4bf2dc71.js:2 由于“保留日志”的原因，已阻止console.clear()
01:05:39.821 9561.4bf2dc71.js:2 (索引)toStringlastIndexdotAllflagsglobalhasIndicesignoreCasemultilinesourcestickyunicodeunicodeSets(索引)toStringlastIndexdotAllflagsglobalhasIndicesignoreCasemultilinesourcestickyunicodeunicodeSetsdepƒ0false''falsefalsefalsefalse' 'falsefalsefalseObject
01:05:39.822 9561.4bf2dc71.js:2 由于“保留日志”的原因，已阻止console.clear()
01:05:39.822 9561.4bf2dc71.js:2 Fri Mar 13 2026 01:05:16 GMT+0800 (中国标准时间)
01:05:39.822 9561.4bf2dc71.js:2 由于“保留日志”的原因，已阻止console.clear()
01:05:39.823 9561.4bf2dc71.js:2 {}
01:05:39.823 9561.4bf2dc71.js:2 由于“保留日志”的原因，已阻止console.clear()
01:05:40.333 9561.4bf2dc71.js:2 div
01:05:40.333 9561.4bf2dc71.js:2 由于“保留日志”的原因，已阻止console.clear()
01:05:40.333 9561.4bf2dc71.js:2 ƒ l(){}
01:05:40.334 9561.4bf2dc71.js:2 由于“保留日志”的原因，已阻止console.clear()
01:05:40.334 9561.4bf2dc71.js:2 (索引)toStringlastIndexdotAllflagsglobalhasIndicesignoreCasemultilinesourcestickyunicodeunicodeSets(索引)toStringlastIndexdotAllflagsglobalhasIndicesignoreCasemultilinesourcestickyunicodeunicodeSetsdepƒ0false''falsefalsefalsefalse' 'falsefalsefalseObject
01:05:40.334 9561.4bf2dc71.js:2 由于“保留日志”的原因，已阻止console.clear()
01:05:40.334 9561.4bf2dc71.js:2 Fri Mar 13 2026 01:05:16 GMT+0800 (中国标准时间)
01:05:40.335 9561.4bf2dc71.js:2 由于“保留日志”的原因，已阻止console.clear()
01:05:40.335 9561.4bf2dc71.js:2 {}
01:05:40.335 9561.4bf2dc71.js:2 由于“保留日志”的原因，已阻止console.clear()
01:05:40.852 9561.4bf2dc71.js:2 div
01:05:40.852 9561.4bf2dc71.js:2 由于“保留日志”的原因，已阻止console.clear()
01:05:40.852 9561.4bf2dc71.js:2 ƒ l(){}
01:05:40.852 9561.4bf2dc71.js:2 由于“保留日志”的原因，已阻止console.clear()
01:05:40.852 9561.4bf2dc71.js:2 (索引)toStringlastIndexdotAllflagsglobalhasIndicesignoreCasemultilinesourcestickyunicodeunicodeSets(索引)toStringlastIndexdotAllflagsglobalhasIndicesignoreCasemultilinesourcestickyunicodeunicodeSetsdepƒ0false''falsefalsefalsefalse' 'falsefalsefalseObject
01:05:40.852 9561.4bf2dc71.js:2 由于“保留日志”的原因，已阻止console.clear()
01:05:40.852 9561.4bf2dc71.js:2 Fri Mar 13 2026 01:05:16 GMT+0800 (中国标准时间)
01:05:40.852 9561.4bf2dc71.js:2 由于“保留日志”的原因，已阻止console.clear()
01:05:40.852 9561.4bf2dc71.js:2 {}
01:05:40.852 9561.4bf2dc71.js:2 由于“保留日志”的原因，已阻止console.clear()
01:05:41.368 9561.4bf2dc71.js:2 div
01:05:41.369 9561.4bf2dc71.js:2 由于“保留日志”的原因，已阻止console.clear()
01:05:41.369 9561.4bf2dc71.js:2 ƒ l(){}
01:05:41.369 9561.4bf2dc71.js:2 由于“保留日志”的原因，已阻止console.clear()
01:05:41.369 9561.4bf2dc71.js:2 (索引)toStringlastIndexdotAllflagsglobalhasIndicesignoreCasemultilinesourcestickyunicodeunicodeSets(索引)toStringlastIndexdotAllflagsglobalhasIndicesignoreCasemultilinesourcestickyunicodeunicodeSetsdepƒ0false''falsefalsefalsefalse' 'falsefalsefalseObject
01:05:41.369 9561.4bf2dc71.js:2 由于“保留日志”的原因，已阻止console.clear()
01:05:41.369 9561.4bf2dc71.js:2 Fri Mar 13 2026 01:05:16 GMT+0800 (中国标准时间)
01:05:41.370 9561.4bf2dc71.js:2 由于“保留日志”的原因，已阻止console.clear()
01:05:41.370 9561.4bf2dc71.js:2 {}
01:05:41.370 9561.4bf2dc71.js:2 由于“保留日志”的原因，已阻止console.clear()
01:05:41.872 9561.4bf2dc71.js:2 div
01:05:41.873 9561.4bf2dc71.js:2 由于“保留日志”的原因，已阻止console.clear()
01:05:41.873 9561.4bf2dc71.js:2 ƒ l(){}
01:05:41.873 9561.4bf2dc71.js:2 由于“保留日志”的原因，已阻止console.clear()
01:05:41.873 9561.4bf2dc71.js:2 (索引)toStringlastIndexdotAllflagsglobalhasIndicesignoreCasemultilinesourcestickyunicodeunicodeSets(索引)toStringlastIndexdotAllflagsglobalhasIndicesignoreCasemultilinesourcestickyunicodeunicodeSetsdepƒ0false''falsefalsefalsefalse' 'falsefalsefalseObject
01:05:41.874 9561.4bf2dc71.js:2 由于“保留日志”的原因，已阻止console.clear()
01:05:41.874 9561.4bf2dc71.js:2 Fri Mar 13 2026 01:05:16 GMT+0800 (中国标准时间)
01:05:41.875 9561.4bf2dc71.js:2 由于“保留日志”的原因，已阻止console.clear()
01:05:41.875 9561.4bf2dc71.js:2 {}
01:05:41.875 9561.4bf2dc71.js:2 由于“保留日志”的原因，已阻止console.clear()
01:05:42.388 9561.4bf2dc71.js:2 div
01:05:42.388 9561.4bf2dc71.js:2 由于“保留日志”的原因，已阻止console.clear()
01:05:42.388 9561.4bf2dc71.js:2 ƒ l(){}
01:05:42.388 9561.4bf2dc71.js:2 由于“保留日志”的原因，已阻止console.clear()
01:05:42.389 9561.4bf2dc71.js:2 (索引)toStringlastIndexdotAllflagsglobalhasIndicesignoreCasemultilinesourcestickyunicodeunicodeSets(索引)toStringlastIndexdotAllflagsglobalhasIndicesignoreCasemultilinesourcestickyunicodeunicodeSetsdepƒ0false''falsefalsefalsefalse' 'falsefalsefalseObject
01:05:42.389 9561.4bf2dc71.js:2 由于“保留日志”的原因，已阻止console.clear()
01:05:42.389 9561.4bf2dc71.js:2 Fri Mar 13 2026 01:05:16 GMT+0800 (中国标准时间)
01:05:42.390 9561.4bf2dc71.js:2 由于“保留日志”的原因，已阻止console.clear()
01:05:42.390 9561.4bf2dc71.js:2 {}
01:05:42.390 9561.4bf2dc71.js:2 由于“保留日志”的原因，已阻止console.clear()
01:05:42.906 9561.4bf2dc71.js:2 div
01:05:42.906 9561.4bf2dc71.js:2 由于“保留日志”的原因，已阻止console.clear()
01:05:42.906 9561.4bf2dc71.js:2 ƒ l(){}
01:05:42.906 9561.4bf2dc71.js:2 由于“保留日志”的原因，已阻止console.clear()
01:05:42.906 9561.4bf2dc71.js:2 (索引)toStringlastIndexdotAllflagsglobalhasIndicesignoreCasemultilinesourcestickyunicodeunicodeSets(索引)toStringlastIndexdotAllflagsglobalhasIndicesignoreCasemultilinesourcestickyunicodeunicodeSetsdepƒ0false''falsefalsefalsefalse' 'falsefalsefalseObject
01:05:42.907 9561.4bf2dc71.js:2 由于“保留日志”的原因，已阻止console.clear()
01:05:42.907 9561.4bf2dc71.js:2 Fri Mar 13 2026 01:05:16 GMT+0800 (中国标准时间)
01:05:42.907 9561.4bf2dc71.js:2 由于“保留日志”的原因，已阻止console.clear()
01:05:42.907 9561.4bf2dc71.js:2 {}
01:05:42.907 9561.4bf2dc71.js:2 由于“保留日志”的原因，已阻止console.clear()
01:05:43.410 9561.4bf2dc71.js:2 div
01:05:43.411 9561.4bf2dc71.js:2 由于“保留日志”的原因，已阻止console.clear()
01:05:43.411 9561.4bf2dc71.js:2 ƒ l(){}
01:05:43.411 9561.4bf2dc71.js:2 由于“保留日志”的原因，已阻止console.clear()
01:05:43.412 9561.4bf2dc71.js:2 (索引)toStringlastIndexdotAllflagsglobalhasIndicesignoreCasemultilinesourcestickyunicodeunicodeSets(索引)toStringlastIndexdotAllflagsglobalhasIndicesignoreCasemultilinesourcestickyunicodeunicodeSetsdepƒ0false''falsefalsefalsefalse' 'falsefalsefalseObject
01:05:43.413 9561.4bf2dc71.js:2 由于“保留日志”的原因，已阻止console.clear()
01:05:43.413 9561.4bf2dc71.js:2 Fri Mar 13 2026 01:05:16 GMT+0800 (中国标准时间)
01:05:43.414 9561.4bf2dc71.js:2 由于“保留日志”的原因，已阻止console.clear()
01:05:43.414 9561.4bf2dc71.js:2 {}
01:05:43.414 9561.4bf2dc71.js:2 由于“保留日志”的原因，已阻止console.clear()
01:05:43.928 9561.4bf2dc71.js:2 div
01:05:43.928 9561.4bf2dc71.js:2 由于“保留日志”的原因，已阻止console.clear()
01:05:43.928 9561.4bf2dc71.js:2 ƒ l(){}
01:05:43.929 9561.4bf2dc71.js:2 由于“保留日志”的原因，已阻止console.clear()
01:05:43.929 9561.4bf2dc71.js:2 (索引)toStringlastIndexdotAllflagsglobalhasIndicesignoreCasemultilinesourcestickyunicodeunicodeSets(索引)toStringlastIndexdotAllflagsglobalhasIndicesignoreCasemultilinesourcestickyunicodeunicodeSetsdepƒ0false''falsefalsefalsefalse' 'falsefalsefalseObject
01:05:43.930 9561.4bf2dc71.js:2 由于“保留日志”的原因，已阻止console.clear()
01:05:43.930 9561.4bf2dc71.js:2 Fri Mar 13 2026 01:05:16 GMT+0800 (中国标准时间)
01:05:43.930 9561.4bf2dc71.js:2 由于“保留日志”的原因，已阻止console.clear()
01:05:43.930 9561.4bf2dc71.js:2 {}
01:05:43.931 9561.4bf2dc71.js:2 由于“保留日志”的原因，已阻止console.clear()
01:05:44.444 9561.4bf2dc71.js:2 div
01:05:44.444 9561.4bf2dc71.js:2 由于“保留日志”的原因，已阻止console.clear()
01:05:44.444 9561.4bf2dc71.js:2 ƒ l(){}
01:05:44.444 9561.4bf2dc71.js:2 由于“保留日志”的原因，已阻止console.clear()
01:05:44.444 9561.4bf2dc71.js:2 (索引)toStringlastIndexdotAllflagsglobalhasIndicesignoreCasemultilinesourcestickyunicodeunicodeSets(索引)toStringlastIndexdotAllflagsglobalhasIndicesignoreCasemultilinesourcestickyunicodeunicodeSetsdepƒ0false''falsefalsefalsefalse' 'falsefalsefalseObject
01:05:44.444 9561.4bf2dc71.js:2 由于“保留日志”的原因，已阻止console.clear()
01:05:44.444 9561.4bf2dc71.js:2 Fri Mar 13 2026 01:05:16 GMT+0800 (中国标准时间)
01:05:44.444 9561.4bf2dc71.js:2 由于“保留日志”的原因，已阻止console.clear()
01:05:44.444 9561.4bf2dc71.js:2 {}
01:05:44.444 9561.4bf2dc71.js:2 由于“保留日志”的原因，已阻止console.clear()
01:05:44.948 9561.4bf2dc71.js:2 div
01:05:44.948 9561.4bf2dc71.js:2 由于“保留日志”的原因，已阻止console.clear()
01:05:44.948 9561.4bf2dc71.js:2 ƒ l(){}
01:05:44.948 9561.4bf2dc71.js:2 由于“保留日志”的原因，已阻止console.clear()
01:05:44.949 9561.4bf2dc71.js:2 (索引)toStringlastIndexdotAllflagsglobalhasIndicesignoreCasemultilinesourcestickyunicodeunicodeSets(索引)toStringlastIndexdotAllflagsglobalhasIndicesignoreCasemultilinesourcestickyunicodeunicodeSetsdepƒ0false''falsefalsefalsefalse' 'falsefalsefalseObject
01:05:44.949 9561.4bf2dc71.js:2 由于“保留日志”的原因，已阻止console.clear()
01:05:44.950 9561.4bf2dc71.js:2 Fri Mar 13 2026 01:05:16 GMT+0800 (中国标准时间)
01:05:44.950 9561.4bf2dc71.js:2 由于“保留日志”的原因，已阻止console.clear()
01:05:44.950 9561.4bf2dc71.js:2 {}
01:05:44.950 9561.4bf2dc71.js:2 由于“保留日志”的原因，已阻止console.clear()
01:05:45.463 9561.4bf2dc71.js:2 div
01:05:45.463 9561.4bf2dc71.js:2 由于“保留日志”的原因，已阻止console.clear()
01:05:45.463 9561.4bf2dc71.js:2 ƒ l(){}
01:05:45.464 9561.4bf2dc71.js:2 由于“保留日志”的原因，已阻止console.clear()
01:05:45.464 9561.4bf2dc71.js:2 (索引)toStringlastIndexdotAllflagsglobalhasIndicesignoreCasemultilinesourcestickyunicodeunicodeSets(索引)toStringlastIndexdotAllflagsglobalhasIndicesignoreCasemultilinesourcestickyunicodeunicodeSetsdepƒ0false''falsefalsefalsefalse' 'falsefalsefalseObject
01:05:45.464 9561.4bf2dc71.js:2 由于“保留日志”的原因，已阻止console.clear()
01:05:45.464 9561.4bf2dc71.js:2 Fri Mar 13 2026 01:05:16 GMT+0800 (中国标准时间)
01:05:45.465 9561.4bf2dc71.js:2 由于“保留日志”的原因，已阻止console.clear()
01:05:45.465 9561.4bf2dc71.js:2 {}
01:05:45.465 9561.4bf2dc71.js:2 由于“保留日志”的原因，已阻止console.clear()
01:05:45.976 9561.4bf2dc71.js:2 div
01:05:45.977 9561.4bf2dc71.js:2 由于“保留日志”的原因，已阻止console.clear()
01:05:45.977 9561.4bf2dc71.js:2 ƒ l(){}
01:05:45.977 9561.4bf2dc71.js:2 由于“保留日志”的原因，已阻止console.clear()
01:05:45.978 9561.4bf2dc71.js:2 (索引)toStringlastIndexdotAllflagsglobalhasIndicesignoreCasemultilinesourcestickyunicodeunicodeSets(索引)toStringlastIndexdotAllflagsglobalhasIndicesignoreCasemultilinesourcestickyunicodeunicodeSetsdepƒ0false''falsefalsefalsefalse' 'falsefalsefalseObject
01:05:45.978 9561.4bf2dc71.js:2 由于“保留日志”的原因，已阻止console.clear()
01:05:45.979 9561.4bf2dc71.js:2 Fri Mar 13 2026 01:05:16 GMT+0800 (中国标准时间)
01:05:45.979 9561.4bf2dc71.js:2 由于“保留日志”的原因，已阻止console.clear()
01:05:45.979 9561.4bf2dc71.js:2 {}
01:05:45.979 9561.4bf2dc71.js:2 由于“保留日志”的原因，已阻止console.clear()
01:05:46.495 9561.4bf2dc71.js:2 div
01:05:46.496 9561.4bf2dc71.js:2 由于“保留日志”的原因，已阻止console.clear()
01:05:46.496 9561.4bf2dc71.js:2 ƒ l(){}
01:05:46.496 9561.4bf2dc71.js:2 由于“保留日志”的原因，已阻止console.clear()
01:05:46.497 9561.4bf2dc71.js:2 (索引)toStringlastIndexdotAllflagsglobalhasIndicesignoreCasemultilinesourcestickyunicodeunicodeSets(索引)toStringlastIndexdotAllflagsglobalhasIndicesignoreCasemultilinesourcestickyunicodeunicodeSetsdepƒ0false''falsefalsefalsefalse' 'falsefalsefalseObject
01:05:46.497 9561.4bf2dc71.js:2 由于“保留日志”的原因，已阻止console.clear()
01:05:46.498 9561.4bf2dc71.js:2 Fri Mar 13 2026 01:05:16 GMT+0800 (中国标准时间)
01:05:46.499 9561.4bf2dc71.js:2 由于“保留日志”的原因，已阻止console.clear()
01:05:46.499 9561.4bf2dc71.js:2 {}
01:05:46.500 9561.4bf2dc71.js:2 由于“保留日志”的原因，已阻止console.clear()
01:05:47.013 9561.4bf2dc71.js:2 div
01:05:47.014 9561.4bf2dc71.js:2 由于“保留日志”的原因，已阻止console.clear()
01:05:47.014 9561.4bf2dc71.js:2 ƒ l(){}
01:05:47.014 9561.4bf2dc71.js:2 由于“保留日志”的原因，已阻止console.clear()
01:05:47.015 9561.4bf2dc71.js:2 (索引)toStringlastIndexdotAllflagsglobalhasIndicesignoreCasemultilinesourcestickyunicodeunicodeSets(索引)toStringlastIndexdotAllflagsglobalhasIndicesignoreCasemultilinesourcestickyunicodeunicodeSetsdepƒ0false''falsefalsefalsefalse' 'falsefalsefalseObject
01:05:47.015 9561.4bf2dc71.js:2 由于“保留日志”的原因，已阻止console.clear()
01:05:47.015 9561.4bf2dc71.js:2 Fri Mar 13 2026 01:05:16 GMT+0800 (中国标准时间)
01:05:47.016 9561.4bf2dc71.js:2 由于“保留日志”的原因，已阻止console.clear()
01:05:47.016 9561.4bf2dc71.js:2 {}
01:05:47.016 9561.4bf2dc71.js:2 由于“保留日志”的原因，已阻止console.clear()
01:05:47.520 9561.4bf2dc71.js:2 div
01:05:47.520 9561.4bf2dc71.js:2 由于“保留日志”的原因，已阻止console.clear()
01:05:47.520 9561.4bf2dc71.js:2 ƒ l(){}
01:05:47.521 9561.4bf2dc71.js:2 由于“保留日志”的原因，已阻止console.clear()
01:05:47.521 9561.4bf2dc71.js:2 (索引)toStringlastIndexdotAllflagsglobalhasIndicesignoreCasemultilinesourcestickyunicodeunicodeSets(索引)toStringlastIndexdotAllflagsglobalhasIndicesignoreCasemultilinesourcestickyunicodeunicodeSetsdepƒ0false''falsefalsefalsefalse' 'falsefalsefalseObject
01:05:47.521 9561.4bf2dc71.js:2 由于“保留日志”的原因，已阻止console.clear()
01:05:47.522 9561.4bf2dc71.js:2 Fri Mar 13 2026 01:05:16 GMT+0800 (中国标准时间)
01:05:47.522 9561.4bf2dc71.js:2 由于“保留日志”的原因，已阻止console.clear()
01:05:47.522 9561.4bf2dc71.js:2 {}
01:05:47.523 9561.4bf2dc71.js:2 由于“保留日志”的原因，已阻止console.clear()
01:05:48.037 9561.4bf2dc71.js:2 div
01:05:48.038 9561.4bf2dc71.js:2 由于“保留日志”的原因，已阻止console.clear()
01:05:48.038 9561.4bf2dc71.js:2 ƒ l(){}
01:05:48.038 9561.4bf2dc71.js:2 由于“保留日志”的原因，已阻止console.clear()
01:05:48.038 9561.4bf2dc71.js:2 (索引)toStringlastIndexdotAllflagsglobalhasIndicesignoreCasemultilinesourcestickyunicodeunicodeSets(索引)toStringlastIndexdotAllflagsglobalhasIndicesignoreCasemultilinesourcestickyunicodeunicodeSetsdepƒ0false''falsefalsefalsefalse' 'falsefalsefalseObject
01:05:48.039 9561.4bf2dc71.js:2 由于“保留日志”的原因，已阻止console.clear()
01:05:48.039 9561.4bf2dc71.js:2 Fri Mar 13 2026 01:05:16 GMT+0800 (中国标准时间)
01:05:48.039 9561.4bf2dc71.js:2 由于“保留日志”的原因，已阻止console.clear()
01:05:48.040 9561.4bf2dc71.js:2 {}
01:05:48.040 9561.4bf2dc71.js:2 由于“保留日志”的原因，已阻止console.clear()
01:05:48.553 9561.4bf2dc71.js:2 div
01:05:48.553 9561.4bf2dc71.js:2 由于“保留日志”的原因，已阻止console.clear()
01:05:48.553 9561.4bf2dc71.js:2 ƒ l(){}
01:05:48.554 9561.4bf2dc71.js:2 由于“保留日志”的原因，已阻止console.clear()
01:05:48.554 9561.4bf2dc71.js:2 (索引)toStringlastIndexdotAllflagsglobalhasIndicesignoreCasemultilinesourcestickyunicodeunicodeSets(索引)toStringlastIndexdotAllflagsglobalhasIndicesignoreCasemultilinesourcestickyunicodeunicodeSetsdepƒ0false''falsefalsefalsefalse' 'falsefalsefalseObject
01:05:48.554 9561.4bf2dc71.js:2 由于“保留日志”的原因，已阻止console.clear()
01:05:48.554 9561.4bf2dc71.js:2 Fri Mar 13 2026 01:05:16 GMT+0800 (中国标准时间)
01:05:48.555 9561.4bf2dc71.js:2 由于“保留日志”的原因，已阻止console.clear()
01:05:48.555 9561.4bf2dc71.js:2 {}
01:05:48.555 9561.4bf2dc71.js:2 由于“保留日志”的原因，已阻止console.clear()
01:05:49.057 9561.4bf2dc71.js:2 div
01:05:49.057 9561.4bf2dc71.js:2 由于“保留日志”的原因，已阻止console.clear()
01:05:49.058 9561.4bf2dc71.js:2 ƒ l(){}
01:05:49.058 9561.4bf2dc71.js:2 由于“保留日志”的原因，已阻止console.clear()
01:05:49.058 9561.4bf2dc71.js:2 (索引)toStringlastIndexdotAllflagsglobalhasIndicesignoreCasemultilinesourcestickyunicodeunicodeSets(索引)toStringlastIndexdotAllflagsglobalhasIndicesignoreCasemultilinesourcestickyunicodeunicodeSetsdepƒ0false''falsefalsefalsefalse' 'falsefalsefalseObject
01:05:49.058 9561.4bf2dc71.js:2 由于“保留日志”的原因，已阻止console.clear()
01:05:49.059 9561.4bf2dc71.js:2 Fri Mar 13 2026 01:05:16 GMT+0800 (中国标准时间)
01:05:49.059 9561.4bf2dc71.js:2 由于“保留日志”的原因，已阻止console.clear()
01:05:49.059 9561.4bf2dc71.js:2 {}
01:05:49.060 9561.4bf2dc71.js:2 由于“保留日志”的原因，已阻止console.clear()
01:05:49.575 9561.4bf2dc71.js:2 div
01:05:49.575 9561.4bf2dc71.js:2 由于“保留日志”的原因，已阻止console.clear()
01:05:49.576 9561.4bf2dc71.js:2 ƒ l(){}
01:05:49.576 9561.4bf2dc71.js:2 由于“保留日志”的原因，已阻止console.clear()
01:05:49.576 9561.4bf2dc71.js:2 (索引)toStringlastIndexdotAllflagsglobalhasIndicesignoreCasemultilinesourcestickyunicodeunicodeSets(索引)toStringlastIndexdotAllflagsglobalhasIndicesignoreCasemultilinesourcestickyunicodeunicodeSetsdepƒ0false''falsefalsefalsefalse' 'falsefalsefalseObject
01:05:49.576 9561.4bf2dc71.js:2 由于“保留日志”的原因，已阻止console.clear()
01:05:49.576 9561.4bf2dc71.js:2 Fri Mar 13 2026 01:05:16 GMT+0800 (中国标准时间)
01:05:49.577 9561.4bf2dc71.js:2 由于“保留日志”的原因，已阻止console.clear()
01:05:49.577 9561.4bf2dc71.js:2 {}
01:05:49.577 9561.4bf2dc71.js:2 由于“保留日志”的原因，已阻止console.clear()
01:05:50.092 9561.4bf2dc71.js:2 div
01:05:50.093 9561.4bf2dc71.js:2 由于“保留日志”的原因，已阻止console.clear()
01:05:50.093 9561.4bf2dc71.js:2 ƒ l(){}
01:05:50.093 9561.4bf2dc71.js:2 由于“保留日志”的原因，已阻止console.clear()
01:05:50.093 9561.4bf2dc71.js:2 (索引)toStringlastIndexdotAllflagsglobalhasIndicesignoreCasemultilinesourcestickyunicodeunicodeSets(索引)toStringlastIndexdotAllflagsglobalhasIndicesignoreCasemultilinesourcestickyunicodeunicodeSetsdepƒ0false''falsefalsefalsefalse' 'falsefalsefalseObject
01:05:50.093 9561.4bf2dc71.js:2 由于“保留日志”的原因，已阻止console.clear()
01:05:50.093 9561.4bf2dc71.js:2 Fri Mar 13 2026 01:05:16 GMT+0800 (中国标准时间)
01:05:50.093 9561.4bf2dc71.js:2 由于“保留日志”的原因，已阻止console.clear()
01:05:50.093 9561.4bf2dc71.js:2 {}
01:05:50.093 9561.4bf2dc71.js:2 由于“保留日志”的原因，已阻止console.clear()
01:05:50.594 9561.4bf2dc71.js:2 div
01:05:50.594 9561.4bf2dc71.js:2 由于“保留日志”的原因，已阻止console.clear()
01:05:50.595 9561.4bf2dc71.js:2 ƒ l(){}
01:05:50.595 9561.4bf2dc71.js:2 由于“保留日志”的原因，已阻止console.clear()
01:05:50.595 9561.4bf2dc71.js:2 (索引)toStringlastIndexdotAllflagsglobalhasIndicesignoreCasemultilinesourcestickyunicodeunicodeSets(索引)toStringlastIndexdotAllflagsglobalhasIndicesignoreCasemultilinesourcestickyunicodeunicodeSetsdepƒ0false''falsefalsefalsefalse' 'falsefalsefalseObject
01:05:50.595 9561.4bf2dc71.js:2 由于“保留日志”的原因，已阻止console.clear()
01:05:50.596 9561.4bf2dc71.js:2 Fri Mar 13 2026 01:05:16 GMT+0800 (中国标准时间)
01:05:50.596 9561.4bf2dc71.js:2 由于“保留日志”的原因，已阻止console.clear()
01:05:50.596 9561.4bf2dc71.js:2 {}
01:05:50.596 9561.4bf2dc71.js:2 由于“保留日志”的原因，已阻止console.clear()
01:05:51.099 9561.4bf2dc71.js:2 div
01:05:51.099 9561.4bf2dc71.js:2 由于“保留日志”的原因，已阻止console.clear()
01:05:51.099 9561.4bf2dc71.js:2 ƒ l(){}
01:05:51.099 9561.4bf2dc71.js:2 由于“保留日志”的原因，已阻止console.clear()
01:05:51.099 9561.4bf2dc71.js:2 (索引)toStringlastIndexdotAllflagsglobalhasIndicesignoreCasemultilinesourcestickyunicodeunicodeSets(索引)toStringlastIndexdotAllflagsglobalhasIndicesignoreCasemultilinesourcestickyunicodeunicodeSetsdepƒ0false''falsefalsefalsefalse' 'falsefalsefalseObject
01:05:51.099 9561.4bf2dc71.js:2 由于“保留日志”的原因，已阻止console.clear()
01:05:51.100 9561.4bf2dc71.js:2 Fri Mar 13 2026 01:05:16 GMT+0800 (中国标准时间)
01:05:51.100 9561.4bf2dc71.js:2 由于“保留日志”的原因，已阻止console.clear()
01:05:51.100 9561.4bf2dc71.js:2 {}
01:05:51.100 9561.4bf2dc71.js:2 由于“保留日志”的原因，已阻止console.clear()
01:05:51.603 9561.4bf2dc71.js:2 div
01:05:51.604 9561.4bf2dc71.js:2 由于“保留日志”的原因，已阻止console.clear()
01:05:51.604 9561.4bf2dc71.js:2 ƒ l(){}
01:05:51.604 9561.4bf2dc71.js:2 由于“保留日志”的原因，已阻止console.clear()
01:05:51.604 9561.4bf2dc71.js:2 (索引)toStringlastIndexdotAllflagsglobalhasIndicesignoreCasemultilinesourcestickyunicodeunicodeSets(索引)toStringlastIndexdotAllflagsglobalhasIndicesignoreCasemultilinesourcestickyunicodeunicodeSetsdepƒ0false''falsefalsefalsefalse' 'falsefalsefalseObject
01:05:51.605 9561.4bf2dc71.js:2 由于“保留日志”的原因，已阻止console.clear()
01:05:51.605 9561.4bf2dc71.js:2 Fri Mar 13 2026 01:05:16 GMT+0800 (中国标准时间)
01:05:51.605 9561.4bf2dc71.js:2 由于“保留日志”的原因，已阻止console.clear()
01:05:51.605 9561.4bf2dc71.js:2 {}
01:05:51.606 9561.4bf2dc71.js:2 由于“保留日志”的原因，已阻止console.clear()
01:05:52.121 9561.4bf2dc71.js:2 div
01:05:52.122 9561.4bf2dc71.js:2 由于“保留日志”的原因，已阻止console.clear()
01:05:52.122 9561.4bf2dc71.js:2 ƒ l(){}
01:05:52.122 9561.4bf2dc71.js:2 由于“保留日志”的原因，已阻止console.clear()
01:05:52.122 9561.4bf2dc71.js:2 (索引)toStringlastIndexdotAllflagsglobalhasIndicesignoreCasemultilinesourcestickyunicodeunicodeSets(索引)toStringlastIndexdotAllflagsglobalhasIndicesignoreCasemultilinesourcestickyunicodeunicodeSetsdepƒ0false''falsefalsefalsefalse' 'falsefalsefalseObject
01:05:52.122 9561.4bf2dc71.js:2 由于“保留日志”的原因，已阻止console.clear()
01:05:52.122 9561.4bf2dc71.js:2 Fri Mar 13 2026 01:05:16 GMT+0800 (中国标准时间)
01:05:52.123 9561.4bf2dc71.js:2 由于“保留日志”的原因，已阻止console.clear()
01:05:52.123 9561.4bf2dc71.js:2 {}
01:05:52.123 9561.4bf2dc71.js:2 由于“保留日志”的原因，已阻止console.clear()
01:05:52.625 9561.4bf2dc71.js:2 div
01:05:52.625 9561.4bf2dc71.js:2 由于“保留日志”的原因，已阻止console.clear()
01:05:52.626 9561.4bf2dc71.js:2 ƒ l(){}
01:05:52.626 9561.4bf2dc71.js:2 由于“保留日志”的原因，已阻止console.clear()
01:05:52.626 9561.4bf2dc71.js:2 (索引)toStringlastIndexdotAllflagsglobalhasIndicesignoreCasemultilinesourcestickyunicodeunicodeSets(索引)toStringlastIndexdotAllflagsglobalhasIndicesignoreCasemultilinesourcestickyunicodeunicodeSetsdepƒ0false''falsefalsefalsefalse' 'falsefalsefalseObject
01:05:52.627 9561.4bf2dc71.js:2 由于“保留日志”的原因，已阻止console.clear()
01:05:52.627 9561.4bf2dc71.js:2 Fri Mar 13 2026 01:05:16 GMT+0800 (中国标准时间)
01:05:52.627 9561.4bf2dc71.js:2 由于“保留日志”的原因，已阻止console.clear()
01:05:52.628 9561.4bf2dc71.js:2 {}
01:05:52.628 9561.4bf2dc71.js:2 由于“保留日志”的原因，已阻止console.clear()
01:05:53.143 9561.4bf2dc71.js:2 div
01:05:53.143 9561.4bf2dc71.js:2 由于“保留日志”的原因，已阻止console.clear()
01:05:53.143 9561.4bf2dc71.js:2 ƒ l(){}
01:05:53.143 9561.4bf2dc71.js:2 由于“保留日志”的原因，已阻止console.clear()
01:05:53.143 9561.4bf2dc71.js:2 (索引)toStringlastIndexdotAllflagsglobalhasIndicesignoreCasemultilinesourcestickyunicodeunicodeSets(索引)toStringlastIndexdotAllflagsglobalhasIndicesignoreCasemultilinesourcestickyunicodeunicodeSetsdepƒ0false''falsefalsefalsefalse' 'falsefalsefalseObject
01:05:53.143 9561.4bf2dc71.js:2 由于“保留日志”的原因，已阻止console.clear()
01:05:53.144 9561.4bf2dc71.js:2 Fri Mar 13 2026 01:05:16 GMT+0800 (中国标准时间)
01:05:53.144 9561.4bf2dc71.js:2 由于“保留日志”的原因，已阻止console.clear()
01:05:53.144 9561.4bf2dc71.js:2 {}
01:05:53.144 9561.4bf2dc71.js:2 由于“保留日志”的原因，已阻止console.clear()
01:05:53.648 9561.4bf2dc71.js:2 div
01:05:53.648 9561.4bf2dc71.js:2 由于“保留日志”的原因，已阻止console.clear()
01:05:53.648 9561.4bf2dc71.js:2 ƒ l(){}
01:05:53.648 9561.4bf2dc71.js:2 由于“保留日志”的原因，已阻止console.clear()
01:05:53.648 9561.4bf2dc71.js:2 (索引)toStringlastIndexdotAllflagsglobalhasIndicesignoreCasemultilinesourcestickyunicodeunicodeSets(索引)toStringlastIndexdotAllflagsglobalhasIndicesignoreCasemultilinesourcestickyunicodeunicodeSetsdepƒ0false''falsefalsefalsefalse' 'falsefalsefalseObject
01:05:53.649 9561.4bf2dc71.js:2 由于“保留日志”的原因，已阻止console.clear()
01:05:53.649 9561.4bf2dc71.js:2 Fri Mar 13 2026 01:05:16 GMT+0800 (中国标准时间)
01:05:53.649 9561.4bf2dc71.js:2 由于“保留日志”的原因，已阻止console.clear()
01:05:53.649 9561.4bf2dc71.js:2 {}
01:05:53.650 9561.4bf2dc71.js:2 由于“保留日志”的原因，已阻止console.clear()
01:05:54.158 9561.4bf2dc71.js:2 div
01:05:54.159 9561.4bf2dc71.js:2 由于“保留日志”的原因，已阻止console.clear()
01:05:54.159 9561.4bf2dc71.js:2 ƒ l(){}
01:05:54.159 9561.4bf2dc71.js:2 由于“保留日志”的原因，已阻止console.clear()
01:05:54.159 9561.4bf2dc71.js:2 (索引)toStringlastIndexdotAllflagsglobalhasIndicesignoreCasemultilinesourcestickyunicodeunicodeSets(索引)toStringlastIndexdotAllflagsglobalhasIndicesignoreCasemultilinesourcestickyunicodeunicodeSetsdepƒ0false''falsefalsefalsefalse' 'falsefalsefalseObject
01:05:54.160 9561.4bf2dc71.js:2 由于“保留日志”的原因，已阻止console.clear()
01:05:54.160 9561.4bf2dc71.js:2 Fri Mar 13 2026 01:05:16 GMT+0800 (中国标准时间)
01:05:54.160 9561.4bf2dc71.js:2 由于“保留日志”的原因，已阻止console.clear()
01:05:54.161 9561.4bf2dc71.js:2 {}
01:05:54.161 9561.4bf2dc71.js:2 由于“保留日志”的原因，已阻止console.clear()
01:05:54.663 9561.4bf2dc71.js:2 div
01:05:54.664 9561.4bf2dc71.js:2 由于“保留日志”的原因，已阻止console.clear()
01:05:54.664 9561.4bf2dc71.js:2 ƒ l(){}
01:05:54.664 9561.4bf2dc71.js:2 由于“保留日志”的原因，已阻止console.clear()
01:05:54.664 9561.4bf2dc71.js:2 (索引)toStringlastIndexdotAllflagsglobalhasIndicesignoreCasemultilinesourcestickyunicodeunicodeSets(索引)toStringlastIndexdotAllflagsglobalhasIndicesignoreCasemultilinesourcestickyunicodeunicodeSetsdepƒ0false''falsefalsefalsefalse' 'falsefalsefalseObject
01:05:54.665 9561.4bf2dc71.js:2 由于“保留日志”的原因，已阻止console.clear()
01:05:54.665 9561.4bf2dc71.js:2 Fri Mar 13 2026 01:05:16 GMT+0800 (中国标准时间)
01:05:54.666 9561.4bf2dc71.js:2 由于“保留日志”的原因，已阻止console.clear()
01:05:54.666 9561.4bf2dc71.js:2 {}
01:05:54.666 9561.4bf2dc71.js:2 由于“保留日志”的原因，已阻止console.clear()
01:05:55.180 9561.4bf2dc71.js:2 div
01:05:55.180 9561.4bf2dc71.js:2 由于“保留日志”的原因，已阻止console.clear()
01:05:55.181 9561.4bf2dc71.js:2 ƒ l(){}
01:05:55.181 9561.4bf2dc71.js:2 由于“保留日志”的原因，已阻止console.clear()
01:05:55.181 9561.4bf2dc71.js:2 (索引)toStringlastIndexdotAllflagsglobalhasIndicesignoreCasemultilinesourcestickyunicodeunicodeSets(索引)toStringlastIndexdotAllflagsglobalhasIndicesignoreCasemultilinesourcestickyunicodeunicodeSetsdepƒ0false''falsefalsefalsefalse' 'falsefalsefalseObject
01:05:55.181 9561.4bf2dc71.js:2 由于“保留日志”的原因，已阻止console.clear()
01:05:55.182 9561.4bf2dc71.js:2 Fri Mar 13 2026 01:05:16 GMT+0800 (中国标准时间)
01:05:55.182 9561.4bf2dc71.js:2 由于“保留日志”的原因，已阻止console.clear()
01:05:55.182 9561.4bf2dc71.js:2 {}
01:05:55.182 9561.4bf2dc71.js:2 由于“保留日志”的原因，已阻止console.clear()
01:05:55.695 9561.4bf2dc71.js:2 div
01:05:55.695 9561.4bf2dc71.js:2 由于“保留日志”的原因，已阻止console.clear()
01:05:55.695 9561.4bf2dc71.js:2 ƒ l(){}
01:05:55.696 9561.4bf2dc71.js:2 由于“保留日志”的原因，已阻止console.clear()
01:05:55.696 9561.4bf2dc71.js:2 (索引)toStringlastIndexdotAllflagsglobalhasIndicesignoreCasemultilinesourcestickyunicodeunicodeSets(索引)toStringlastIndexdotAllflagsglobalhasIndicesignoreCasemultilinesourcestickyunicodeunicodeSetsdepƒ0false''falsefalsefalsefalse' 'falsefalsefalseObject
01:05:55.696 9561.4bf2dc71.js:2 由于“保留日志”的原因，已阻止console.clear()
01:05:55.696 9561.4bf2dc71.js:2 Fri Mar 13 2026 01:05:16 GMT+0800 (中国标准时间)
01:05:55.696 9561.4bf2dc71.js:2 由于“保留日志”的原因，已阻止console.clear()
01:05:55.697 9561.4bf2dc71.js:2 {}
01:05:55.697 9561.4bf2dc71.js:2 由于“保留日志”的原因，已阻止console.clear()
01:05:56.199 9561.4bf2dc71.js:2 div
01:05:56.200 9561.4bf2dc71.js:2 由于“保留日志”的原因，已阻止console.clear()
01:05:56.200 9561.4bf2dc71.js:2 ƒ l(){}
01:05:56.200 9561.4bf2dc71.js:2 由于“保留日志”的原因，已阻止console.clear()
01:05:56.200 9561.4bf2dc71.js:2 (索引)toStringlastIndexdotAllflagsglobalhasIndicesignoreCasemultilinesourcestickyunicodeunicodeSets(索引)toStringlastIndexdotAllflagsglobalhasIndicesignoreCasemultilinesourcestickyunicodeunicodeSetsdepƒ0false''falsefalsefalsefalse' 'falsefalsefalseObject
01:05:56.201 9561.4bf2dc71.js:2 由于“保留日志”的原因，已阻止console.clear()
01:05:56.201 9561.4bf2dc71.js:2 Fri Mar 13 2026 01:05:16 GMT+0800 (中国标准时间)
01:05:56.201 9561.4bf2dc71.js:2 由于“保留日志”的原因，已阻止console.clear()
01:05:56.201 9561.4bf2dc71.js:2 {}
01:05:56.202 9561.4bf2dc71.js:2 由于“保留日志”的原因，已阻止console.clear()
01:05:56.716 9561.4bf2dc71.js:2 div
01:05:56.717 9561.4bf2dc71.js:2 由于“保留日志”的原因，已阻止console.clear()
01:05:56.717 9561.4bf2dc71.js:2 ƒ l(){}
01:05:56.717 9561.4bf2dc71.js:2 由于“保留日志”的原因，已阻止console.clear()
01:05:56.717 9561.4bf2dc71.js:2 (索引)toStringlastIndexdotAllflagsglobalhasIndicesignoreCasemultilinesourcestickyunicodeunicodeSets(索引)toStringlastIndexdotAllflagsglobalhasIndicesignoreCasemultilinesourcestickyunicodeunicodeSetsdepƒ0false''falsefalsefalsefalse' 'falsefalsefalseObject
01:05:56.717 9561.4bf2dc71.js:2 由于“保留日志”的原因，已阻止console.clear()
01:05:56.717 9561.4bf2dc71.js:2 Fri Mar 13 2026 01:05:16 GMT+0800 (中国标准时间)
01:05:56.718 9561.4bf2dc71.js:2 由于“保留日志”的原因，已阻止console.clear()
01:05:56.718 9561.4bf2dc71.js:2 {}
01:05:56.718 9561.4bf2dc71.js:2 由于“保留日志”的原因，已阻止console.clear()
01:05:57.221 9561.4bf2dc71.js:2 div
01:05:57.221 9561.4bf2dc71.js:2 由于“保留日志”的原因，已阻止console.clear()
01:05:57.221 9561.4bf2dc71.js:2 ƒ l(){}
01:05:57.222 9561.4bf2dc71.js:2 由于“保留日志”的原因，已阻止console.clear()
01:05:57.222 9561.4bf2dc71.js:2 (索引)toStringlastIndexdotAllflagsglobalhasIndicesignoreCasemultilinesourcestickyunicodeunicodeSets(索引)toStringlastIndexdotAllflagsglobalhasIndicesignoreCasemultilinesourcestickyunicodeunicodeSetsdepƒ0false''falsefalsefalsefalse' 'falsefalsefalseObject
01:05:57.222 9561.4bf2dc71.js:2 由于“保留日志”的原因，已阻止console.clear()
01:05:57.222 9561.4bf2dc71.js:2 Fri Mar 13 2026 01:05:16 GMT+0800 (中国标准时间)
01:05:57.223 9561.4bf2dc71.js:2 由于“保留日志”的原因，已阻止console.clear()
01:05:57.223 9561.4bf2dc71.js:2 {}
01:05:57.223 9561.4bf2dc71.js:2 由于“保留日志”的原因，已阻止console.clear()
01:05:57.738 9561.4bf2dc71.js:2 div
01:05:57.738 9561.4bf2dc71.js:2 由于“保留日志”的原因，已阻止console.clear()
01:05:57.738 9561.4bf2dc71.js:2 ƒ l(){}
01:05:57.738 9561.4bf2dc71.js:2 由于“保留日志”的原因，已阻止console.clear()
01:05:57.738 9561.4bf2dc71.js:2 (索引)toStringlastIndexdotAllflagsglobalhasIndicesignoreCasemultilinesourcestickyunicodeunicodeSets(索引)toStringlastIndexdotAllflagsglobalhasIndicesignoreCasemultilinesourcestickyunicodeunicodeSetsdepƒ0false''falsefalsefalsefalse' 'falsefalsefalseObject
01:05:57.739 9561.4bf2dc71.js:2 由于“保留日志”的原因，已阻止console.clear()
01:05:57.739 9561.4bf2dc71.js:2 Fri Mar 13 2026 01:05:16 GMT+0800 (中国标准时间)
01:05:57.739 9561.4bf2dc71.js:2 由于“保留日志”的原因，已阻止console.clear()
01:05:57.739 9561.4bf2dc71.js:2 {}
01:05:57.739 9561.4bf2dc71.js:2 由于“保留日志”的原因，已阻止console.clear()
01:05:58.255 9561.4bf2dc71.js:2 div
01:05:58.255 9561.4bf2dc71.js:2 由于“保留日志”的原因，已阻止console.clear()
01:05:58.255 9561.4bf2dc71.js:2 ƒ l(){}
01:05:58.255 9561.4bf2dc71.js:2 由于“保留日志”的原因，已阻止console.clear()
01:05:58.255 9561.4bf2dc71.js:2 (索引)toStringlastIndexdotAllflagsglobalhasIndicesignoreCasemultilinesourcestickyunicodeunicodeSets(索引)toStringlastIndexdotAllflagsglobalhasIndicesignoreCasemultilinesourcestickyunicodeunicodeSetsdepƒ0false''falsefalsefalsefalse' 'falsefalsefalseObject
01:05:58.255 9561.4bf2dc71.js:2 由于“保留日志”的原因，已阻止console.clear()
01:05:58.255 9561.4bf2dc71.js:2 Fri Mar 13 2026 01:05:16 GMT+0800 (中国标准时间)
01:05:58.255 9561.4bf2dc71.js:2 由于“保留日志”的原因，已阻止console.clear()
01:05:58.255 9561.4bf2dc71.js:2 {}
01:05:58.256 9561.4bf2dc71.js:2 由于“保留日志”的原因，已阻止console.clear()
01:05:58.760 9561.4bf2dc71.js:2 div
01:05:58.760 9561.4bf2dc71.js:2 由于“保留日志”的原因，已阻止console.clear()
01:05:58.760 9561.4bf2dc71.js:2 ƒ l(){}
01:05:58.760 9561.4bf2dc71.js:2 由于“保留日志”的原因，已阻止console.clear()
01:05:58.760 9561.4bf2dc71.js:2 (索引)toStringlastIndexdotAllflagsglobalhasIndicesignoreCasemultilinesourcestickyunicodeunicodeSets(索引)toStringlastIndexdotAllflagsglobalhasIndicesignoreCasemultilinesourcestickyunicodeunicodeSetsdepƒ0false''falsefalsefalsefalse' 'falsefalsefalseObject
01:05:58.760 9561.4bf2dc71.js:2 由于“保留日志”的原因，已阻止console.clear()
01:05:58.760 9561.4bf2dc71.js:2 Fri Mar 13 2026 01:05:16 GMT+0800 (中国标准时间)
01:05:58.760 9561.4bf2dc71.js:2 由于“保留日志”的原因，已阻止console.clear()
01:05:58.760 9561.4bf2dc71.js:2 {}
01:05:58.760 9561.4bf2dc71.js:2 由于“保留日志”的原因，已阻止console.clear()
01:05:59.262 9561.4bf2dc71.js:2 div
01:05:59.263 9561.4bf2dc71.js:2 由于“保留日志”的原因，已阻止console.clear()
01:05:59.263 9561.4bf2dc71.js:2 ƒ l(){}
01:05:59.263 9561.4bf2dc71.js:2 由于“保留日志”的原因，已阻止console.clear()
01:05:59.264 9561.4bf2dc71.js:2 (索引)toStringlastIndexdotAllflagsglobalhasIndicesignoreCasemultilinesourcestickyunicodeunicodeSets(索引)toStringlastIndexdotAllflagsglobalhasIndicesignoreCasemultilinesourcestickyunicodeunicodeSetsdepƒ0false''falsefalsefalsefalse' 'falsefalsefalseObject
01:05:59.264 9561.4bf2dc71.js:2 由于“保留日志”的原因，已阻止console.clear()
01:05:59.264 9561.4bf2dc71.js:2 Fri Mar 13 2026 01:05:16 GMT+0800 (中国标准时间)
01:05:59.265 9561.4bf2dc71.js:2 由于“保留日志”的原因，已阻止console.clear()
01:05:59.265 9561.4bf2dc71.js:2 {}
01:05:59.265 9561.4bf2dc71.js:2 由于“保留日志”的原因，已阻止console.clear()
01:05:59.779 9561.4bf2dc71.js:2 div
01:05:59.779 9561.4bf2dc71.js:2 由于“保留日志”的原因，已阻止console.clear()
01:05:59.779 9561.4bf2dc71.js:2 ƒ l(){}
01:05:59.779 9561.4bf2dc71.js:2 由于“保留日志”的原因，已阻止console.clear()
01:05:59.779 9561.4bf2dc71.js:2 (索引)toStringlastIndexdotAllflagsglobalhasIndicesignoreCasemultilinesourcestickyunicodeunicodeSets(索引)toStringlastIndexdotAllflagsglobalhasIndicesignoreCasemultilinesourcestickyunicodeunicodeSetsdepƒ0false''falsefalsefalsefalse' 'falsefalsefalseObject
01:05:59.780 9561.4bf2dc71.js:2 由于“保留日志”的原因，已阻止console.clear()
01:05:59.780 9561.4bf2dc71.js:2 Fri Mar 13 2026 01:05:16 GMT+0800 (中国标准时间)
01:05:59.780 9561.4bf2dc71.js:2 由于“保留日志”的原因，已阻止console.clear()
01:05:59.780 9561.4bf2dc71.js:2 {}
01:05:59.780 9561.4bf2dc71.js:2 由于“保留日志”的原因，已阻止console.clear()
01:06:00.288 9561.4bf2dc71.js:2 div
01:06:00.288 9561.4bf2dc71.js:2 由于“保留日志”的原因，已阻止console.clear()
01:06:00.288 9561.4bf2dc71.js:2 ƒ l(){}
01:06:00.288 9561.4bf2dc71.js:2 由于“保留日志”的原因，已阻止console.clear()
01:06:00.288 9561.4bf2dc71.js:2 (索引)toStringlastIndexdotAllflagsglobalhasIndicesignoreCasemultilinesourcestickyunicodeunicodeSets(索引)toStringlastIndexdotAllflagsglobalhasIndicesignoreCasemultilinesourcestickyunicodeunicodeSetsdepƒ0false''falsefalsefalsefalse' 'falsefalsefalseObject
01:06:00.288 9561.4bf2dc71.js:2 由于“保留日志”的原因，已阻止console.clear()
01:06:00.288 9561.4bf2dc71.js:2 Fri Mar 13 2026 01:05:16 GMT+0800 (中国标准时间)
01:06:00.288 9561.4bf2dc71.js:2 由于“保留日志”的原因，已阻止console.clear()
01:06:00.288 9561.4bf2dc71.js:2 {}
01:06:00.288 9561.4bf2dc71.js:2 由于“保留日志”的原因，已阻止console.clear()
01:06:00.801 9561.4bf2dc71.js:2 div
01:06:00.801 9561.4bf2dc71.js:2 由于“保留日志”的原因，已阻止console.clear()
01:06:00.801 9561.4bf2dc71.js:2 ƒ l(){}
01:06:00.801 9561.4bf2dc71.js:2 由于“保留日志”的原因，已阻止console.clear()
01:06:00.801 9561.4bf2dc71.js:2 (索引)toStringlastIndexdotAllflagsglobalhasIndicesignoreCasemultilinesourcestickyunicodeunicodeSets(索引)toStringlastIndexdotAllflagsglobalhasIndicesignoreCasemultilinesourcestickyunicodeunicodeSetsdepƒ0false''falsefalsefalsefalse' 'falsefalsefalseObject
01:06:00.801 9561.4bf2dc71.js:2 由于“保留日志”的原因，已阻止console.clear()
01:06:00.802 9561.4bf2dc71.js:2 Fri Mar 13 2026 01:05:16 GMT+0800 (中国标准时间)
01:06:00.802 9561.4bf2dc71.js:2 由于“保留日志”的原因，已阻止console.clear()
01:06:00.802 9561.4bf2dc71.js:2 {}
01:06:00.802 9561.4bf2dc71.js:2 由于“保留日志”的原因，已阻止console.clear()
01:06:01.303 9561.4bf2dc71.js:2 div
01:06:01.303 9561.4bf2dc71.js:2 由于“保留日志”的原因，已阻止console.clear()
01:06:01.303 9561.4bf2dc71.js:2 ƒ l(){}
01:06:01.303 9561.4bf2dc71.js:2 由于“保留日志”的原因，已阻止console.clear()
01:06:01.303 9561.4bf2dc71.js:2 (索引)toStringlastIndexdotAllflagsglobalhasIndicesignoreCasemultilinesourcestickyunicodeunicodeSets(索引)toStringlastIndexdotAllflagsglobalhasIndicesignoreCasemultilinesourcestickyunicodeunicodeSetsdepƒ0false''falsefalsefalsefalse' 'falsefalsefalseObject
01:06:01.303 9561.4bf2dc71.js:2 由于“保留日志”的原因，已阻止console.clear()
01:06:01.303 9561.4bf2dc71.js:2 Fri Mar 13 2026 01:05:16 GMT+0800 (中国标准时间)
01:06:01.304 9561.4bf2dc71.js:2 由于“保留日志”的原因，已阻止console.clear()
01:06:01.304 9561.4bf2dc71.js:2 {}
01:06:01.304 9561.4bf2dc71.js:2 由于“保留日志”的原因，已阻止console.clear()
01:06:01.820 9561.4bf2dc71.js:2 div
01:06:01.820 9561.4bf2dc71.js:2 由于“保留日志”的原因，已阻止console.clear()
01:06:01.821 9561.4bf2dc71.js:2 ƒ l(){}
01:06:01.821 9561.4bf2dc71.js:2 由于“保留日志”的原因，已阻止console.clear()
01:06:01.821 9561.4bf2dc71.js:2 (索引)toStringlastIndexdotAllflagsglobalhasIndicesignoreCasemultilinesourcestickyunicodeunicodeSets(索引)toStringlastIndexdotAllflagsglobalhasIndicesignoreCasemultilinesourcestickyunicodeunicodeSetsdepƒ0false''falsefalsefalsefalse' 'falsefalsefalseObject
01:06:01.822 9561.4bf2dc71.js:2 由于“保留日志”的原因，已阻止console.clear()
01:06:01.823 9561.4bf2dc71.js:2 Fri Mar 13 2026 01:05:16 GMT+0800 (中国标准时间)
01:06:01.823 9561.4bf2dc71.js:2 由于“保留日志”的原因，已阻止console.clear()
01:06:01.824 9561.4bf2dc71.js:2 {}
01:06:01.824 9561.4bf2dc71.js:2 由于“保留日志”的原因，已阻止console.clear()
01:06:02.337 9561.4bf2dc71.js:2 div
01:06:02.337 9561.4bf2dc71.js:2 由于“保留日志”的原因，已阻止console.clear()
01:06:02.337 9561.4bf2dc71.js:2 ƒ l(){}
01:06:02.337 9561.4bf2dc71.js:2 由于“保留日志”的原因，已阻止console.clear()
01:06:02.337 9561.4bf2dc71.js:2 (索引)toStringlastIndexdotAllflagsglobalhasIndicesignoreCasemultilinesourcestickyunicodeunicodeSets(索引)toStringlastIndexdotAllflagsglobalhasIndicesignoreCasemultilinesourcestickyunicodeunicodeSetsdepƒ0false''falsefalsefalsefalse' 'falsefalsefalseObject
01:06:02.337 9561.4bf2dc71.js:2 由于“保留日志”的原因，已阻止console.clear()
01:06:02.337 9561.4bf2dc71.js:2 Fri Mar 13 2026 01:05:16 GMT+0800 (中国标准时间)
01:06:02.337 9561.4bf2dc71.js:2 由于“保留日志”的原因，已阻止console.clear()
01:06:02.337 9561.4bf2dc71.js:2 {}
01:06:02.337 9561.4bf2dc71.js:2 由于“保留日志”的原因，已阻止console.clear()
01:06:02.854 9561.4bf2dc71.js:2 div
01:06:02.854 9561.4bf2dc71.js:2 由于“保留日志”的原因，已阻止console.clear()
01:06:02.854 9561.4bf2dc71.js:2 ƒ l(){}
01:06:02.854 9561.4bf2dc71.js:2 由于“保留日志”的原因，已阻止console.clear()
01:06:02.855 9561.4bf2dc71.js:2 (索引)toStringlastIndexdotAllflagsglobalhasIndicesignoreCasemultilinesourcestickyunicodeunicodeSets(索引)toStringlastIndexdotAllflagsglobalhasIndicesignoreCasemultilinesourcestickyunicodeunicodeSetsdepƒ0false''falsefalsefalsefalse' 'falsefalsefalseObject
01:06:02.855 9561.4bf2dc71.js:2 由于“保留日志”的原因，已阻止console.clear()
01:06:02.855 9561.4bf2dc71.js:2 Fri Mar 13 2026 01:05:16 GMT+0800 (中国标准时间)
01:06:02.855 9561.4bf2dc71.js:2 由于“保留日志”的原因，已阻止console.clear()
01:06:02.855 9561.4bf2dc71.js:2 {}
01:06:02.855 9561.4bf2dc71.js:2 由于“保留日志”的原因，已阻止console.clear()
01:06:03.364 9561.4bf2dc71.js:2 div
01:06:03.364 9561.4bf2dc71.js:2 由于“保留日志”的原因，已阻止console.clear()
01:06:03.364 9561.4bf2dc71.js:2 ƒ l(){}
01:06:03.364 9561.4bf2dc71.js:2 由于“保留日志”的原因，已阻止console.clear()
01:06:03.364 9561.4bf2dc71.js:2 (索引)toStringlastIndexdotAllflagsglobalhasIndicesignoreCasemultilinesourcestickyunicodeunicodeSets(索引)toStringlastIndexdotAllflagsglobalhasIndicesignoreCasemultilinesourcestickyunicodeunicodeSetsdepƒ0false''falsefalsefalsefalse' 'falsefalsefalseObject
01:06:03.364 9561.4bf2dc71.js:2 由于“保留日志”的原因，已阻止console.clear()
01:06:03.364 9561.4bf2dc71.js:2 Fri Mar 13 2026 01:05:16 GMT+0800 (中国标准时间)
01:06:03.365 9561.4bf2dc71.js:2 由于“保留日志”的原因，已阻止console.clear()
01:06:03.365 9561.4bf2dc71.js:2 {}
01:06:03.365 9561.4bf2dc71.js:2 由于“保留日志”的原因，已阻止console.clear()
01:06:03.867 9561.4bf2dc71.js:2 div
01:06:03.868 9561.4bf2dc71.js:2 由于“保留日志”的原因，已阻止console.clear()
01:06:03.869 9561.4bf2dc71.js:2 ƒ l(){}
01:06:03.869 9561.4bf2dc71.js:2 由于“保留日志”的原因，已阻止console.clear()
01:06:03.869 9561.4bf2dc71.js:2 (索引)toStringlastIndexdotAllflagsglobalhasIndicesignoreCasemultilinesourcestickyunicodeunicodeSets(索引)toStringlastIndexdotAllflagsglobalhasIndicesignoreCasemultilinesourcestickyunicodeunicodeSetsdepƒ0false''falsefalsefalsefalse' 'falsefalsefalseObject
01:06:03.870 9561.4bf2dc71.js:2 由于“保留日志”的原因，已阻止console.clear()
01:06:03.870 9561.4bf2dc71.js:2 Fri Mar 13 2026 01:05:16 GMT+0800 (中国标准时间)
01:06:03.871 9561.4bf2dc71.js:2 由于“保留日志”的原因，已阻止console.clear()
01:06:03.871 9561.4bf2dc71.js:2 {}
01:06:03.871 9561.4bf2dc71.js:2 由于“保留日志”的原因，已阻止console.clear()
01:06:04.385 9561.4bf2dc71.js:2 div
01:06:04.385 9561.4bf2dc71.js:2 由于“保留日志”的原因，已阻止console.clear()
01:06:04.385 9561.4bf2dc71.js:2 ƒ l(){}
01:06:04.385 9561.4bf2dc71.js:2 由于“保留日志”的原因，已阻止console.clear()
01:06:04.385 9561.4bf2dc71.js:2 (索引)toStringlastIndexdotAllflagsglobalhasIndicesignoreCasemultilinesourcestickyunicodeunicodeSets(索引)toStringlastIndexdotAllflagsglobalhasIndicesignoreCasemultilinesourcestickyunicodeunicodeSetsdepƒ0false''falsefalsefalsefalse' 'falsefalsefalseObject
01:06:04.385 9561.4bf2dc71.js:2 由于“保留日志”的原因，已阻止console.clear()
01:06:04.386 9561.4bf2dc71.js:2 Fri Mar 13 2026 01:05:16 GMT+0800 (中国标准时间)
01:06:04.386 9561.4bf2dc71.js:2 由于“保留日志”的原因，已阻止console.clear()
01:06:04.386 9561.4bf2dc71.js:2 {}
01:06:04.386 9561.4bf2dc71.js:2 由于“保留日志”的原因，已阻止console.clear()
01:06:04.897 9561.4bf2dc71.js:2 div
01:06:04.897 9561.4bf2dc71.js:2 由于“保留日志”的原因，已阻止console.clear()
01:06:04.898 9561.4bf2dc71.js:2 ƒ l(){}
01:06:04.898 9561.4bf2dc71.js:2 由于“保留日志”的原因，已阻止console.clear()
01:06:04.898 9561.4bf2dc71.js:2 (索引)toStringlastIndexdotAllflagsglobalhasIndicesignoreCasemultilinesourcestickyunicodeunicodeSets(索引)toStringlastIndexdotAllflagsglobalhasIndicesignoreCasemultilinesourcestickyunicodeunicodeSetsdepƒ0false''falsefalsefalsefalse' 'falsefalsefalseObject
01:06:04.898 9561.4bf2dc71.js:2 由于“保留日志”的原因，已阻止console.clear()
01:06:04.898 9561.4bf2dc71.js:2 Fri Mar 13 2026 01:05:16 GMT+0800 (中国标准时间)
01:06:04.898 9561.4bf2dc71.js:2 由于“保留日志”的原因，已阻止console.clear()
01:06:04.898 9561.4bf2dc71.js:2 {}
01:06:04.898 9561.4bf2dc71.js:2 由于“保留日志”的原因，已阻止console.clear()
01:06:05.414 9561.4bf2dc71.js:2 div
01:06:05.414 9561.4bf2dc71.js:2 由于“保留日志”的原因，已阻止console.clear()
01:06:05.415 9561.4bf2dc71.js:2 ƒ l(){}
01:06:05.415 9561.4bf2dc71.js:2 由于“保留日志”的原因，已阻止console.clear()
01:06:05.415 9561.4bf2dc71.js:2 (索引)toStringlastIndexdotAllflagsglobalhasIndicesignoreCasemultilinesourcestickyunicodeunicodeSets(索引)toStringlastIndexdotAllflagsglobalhasIndicesignoreCasemultilinesourcestickyunicodeunicodeSetsdepƒ0false''falsefalsefalsefalse' 'falsefalsefalseObject
01:06:05.416 9561.4bf2dc71.js:2 由于“保留日志”的原因，已阻止console.clear()
01:06:05.416 9561.4bf2dc71.js:2 Fri Mar 13 2026 01:05:16 GMT+0800 (中国标准时间)
01:06:05.416 9561.4bf2dc71.js:2 由于“保留日志”的原因，已阻止console.clear()
01:06:05.416 9561.4bf2dc71.js:2 {}
01:06:05.417 9561.4bf2dc71.js:2 由于“保留日志”的原因，已阻止console.clear()
01:06:05.935 9561.4bf2dc71.js:2 div
01:06:05.935 9561.4bf2dc71.js:2 由于“保留日志”的原因，已阻止console.clear()
01:06:05.936 9561.4bf2dc71.js:2 ƒ l(){}
01:06:05.936 9561.4bf2dc71.js:2 由于“保留日志”的原因，已阻止console.clear()
01:06:05.936 9561.4bf2dc71.js:2 (索引)toStringlastIndexdotAllflagsglobalhasIndicesignoreCasemultilinesourcestickyunicodeunicodeSets(索引)toStringlastIndexdotAllflagsglobalhasIndicesignoreCasemultilinesourcestickyunicodeunicodeSetsdepƒ0false''falsefalsefalsefalse' 'falsefalsefalseObject
01:06:05.936 9561.4bf2dc71.js:2 由于“保留日志”的原因，已阻止console.clear()
01:06:05.936 9561.4bf2dc71.js:2 Fri Mar 13 2026 01:05:16 GMT+0800 (中国标准时间)
01:06:05.937 9561.4bf2dc71.js:2 由于“保留日志”的原因，已阻止console.clear()
01:06:05.937 9561.4bf2dc71.js:2 {}
01:06:05.937 9561.4bf2dc71.js:2 由于“保留日志”的原因，已阻止console.clear()
01:06:06.442 9561.4bf2dc71.js:2 div
01:06:06.443 9561.4bf2dc71.js:2 由于“保留日志”的原因，已阻止console.clear()
01:06:06.443 9561.4bf2dc71.js:2 ƒ l(){}
01:06:06.443 9561.4bf2dc71.js:2 由于“保留日志”的原因，已阻止console.clear()
01:06:06.443 9561.4bf2dc71.js:2 (索引)toStringlastIndexdotAllflagsglobalhasIndicesignoreCasemultilinesourcestickyunicodeunicodeSets(索引)toStringlastIndexdotAllflagsglobalhasIndicesignoreCasemultilinesourcestickyunicodeunicodeSetsdepƒ0false''falsefalsefalsefalse' 'falsefalsefalseObject
01:06:06.444 9561.4bf2dc71.js:2 由于“保留日志”的原因，已阻止console.clear()
01:06:06.444 9561.4bf2dc71.js:2 Fri Mar 13 2026 01:05:16 GMT+0800 (中国标准时间)
01:06:06.444 9561.4bf2dc71.js:2 由于“保留日志”的原因，已阻止console.clear()
01:06:06.445 9561.4bf2dc71.js:2 {}
01:06:06.445 9561.4bf2dc71.js:2 由于“保留日志”的原因，已阻止console.clear()
01:06:06.960 9561.4bf2dc71.js:2 div
01:06:06.960 9561.4bf2dc71.js:2 由于“保留日志”的原因，已阻止console.clear()
01:06:06.960 9561.4bf2dc71.js:2 ƒ l(){}
01:06:06.960 9561.4bf2dc71.js:2 由于“保留日志”的原因，已阻止console.clear()
01:06:06.960 9561.4bf2dc71.js:2 (索引)toStringlastIndexdotAllflagsglobalhasIndicesignoreCasemultilinesourcestickyunicodeunicodeSets(索引)toStringlastIndexdotAllflagsglobalhasIndicesignoreCasemultilinesourcestickyunicodeunicodeSetsdepƒ0false''falsefalsefalsefalse' 'falsefalsefalseObject
01:06:06.960 9561.4bf2dc71.js:2 由于“保留日志”的原因，已阻止console.clear()
01:06:06.960 9561.4bf2dc71.js:2 Fri Mar 13 2026 01:05:16 GMT+0800 (中国标准时间)
01:06:06.961 9561.4bf2dc71.js:2 由于“保留日志”的原因，已阻止console.clear()
01:06:06.961 9561.4bf2dc71.js:2 {}
01:06:06.961 9561.4bf2dc71.js:2 由于“保留日志”的原因，已阻止console.clear()
01:06:07.463 9561.4bf2dc71.js:2 div
01:06:07.463 9561.4bf2dc71.js:2 由于“保留日志”的原因，已阻止console.clear()
01:06:07.464 9561.4bf2dc71.js:2 ƒ l(){}
01:06:07.464 9561.4bf2dc71.js:2 由于“保留日志”的原因，已阻止console.clear()
01:06:07.464 9561.4bf2dc71.js:2 (索引)toStringlastIndexdotAllflagsglobalhasIndicesignoreCasemultilinesourcestickyunicodeunicodeSets(索引)toStringlastIndexdotAllflagsglobalhasIndicesignoreCasemultilinesourcestickyunicodeunicodeSetsdepƒ0false''falsefalsefalsefalse' 'falsefalsefalseObject
01:06:07.464 9561.4bf2dc71.js:2 由于“保留日志”的原因，已阻止console.clear()
01:06:07.464 9561.4bf2dc71.js:2 Fri Mar 13 2026 01:05:16 GMT+0800 (中国标准时间)
01:06:07.464 9561.4bf2dc71.js:2 由于“保留日志”的原因，已阻止console.clear()
01:06:07.465 9561.4bf2dc71.js:2 {}
01:06:07.465 9561.4bf2dc71.js:2 由于“保留日志”的原因，已阻止console.clear()
01:06:07.981 9561.4bf2dc71.js:2 div
01:06:07.981 9561.4bf2dc71.js:2 由于“保留日志”的原因，已阻止console.clear()
01:06:07.981 9561.4bf2dc71.js:2 ƒ l(){}
01:06:07.981 9561.4bf2dc71.js:2 由于“保留日志”的原因，已阻止console.clear()
01:06:07.981 9561.4bf2dc71.js:2 (索引)toStringlastIndexdotAllflagsglobalhasIndicesignoreCasemultilinesourcestickyunicodeunicodeSets(索引)toStringlastIndexdotAllflagsglobalhasIndicesignoreCasemultilinesourcestickyunicodeunicodeSetsdepƒ0false''falsefalsefalsefalse' 'falsefalsefalseObject
01:06:07.981 9561.4bf2dc71.js:2 由于“保留日志”的原因，已阻止console.clear()
01:06:07.981 9561.4bf2dc71.js:2 Fri Mar 13 2026 01:05:16 GMT+0800 (中国标准时间)
01:06:07.981 9561.4bf2dc71.js:2 由于“保留日志”的原因，已阻止console.clear()
01:06:07.981 9561.4bf2dc71.js:2 {}
01:06:07.982 9561.4bf2dc71.js:2 由于“保留日志”的原因，已阻止console.clear()
01:06:08.484 9561.4bf2dc71.js:2 div
01:06:08.484 9561.4bf2dc71.js:2 由于“保留日志”的原因，已阻止console.clear()
01:06:08.484 9561.4bf2dc71.js:2 ƒ l(){}
01:06:08.485 9561.4bf2dc71.js:2 由于“保留日志”的原因，已阻止console.clear()
01:06:08.485 9561.4bf2dc71.js:2 (索引)toStringlastIndexdotAllflagsglobalhasIndicesignoreCasemultilinesourcestickyunicodeunicodeSets(索引)toStringlastIndexdotAllflagsglobalhasIndicesignoreCasemultilinesourcestickyunicodeunicodeSetsdepƒ0false''falsefalsefalsefalse' 'falsefalsefalseObject
01:06:08.486 9561.4bf2dc71.js:2 由于“保留日志”的原因，已阻止console.clear()
01:06:08.486 9561.4bf2dc71.js:2 Fri Mar 13 2026 01:05:16 GMT+0800 (中国标准时间)
01:06:08.487 9561.4bf2dc71.js:2 由于“保留日志”的原因，已阻止console.clear()
01:06:08.487 9561.4bf2dc71.js:2 {}
01:06:08.487 9561.4bf2dc71.js:2 由于“保留日志”的原因，已阻止console.clear()
01:06:08.996 9561.4bf2dc71.js:2 div
01:06:08.996 9561.4bf2dc71.js:2 由于“保留日志”的原因，已阻止console.clear()
01:06:08.996 9561.4bf2dc71.js:2 ƒ l(){}
01:06:08.996 9561.4bf2dc71.js:2 由于“保留日志”的原因，已阻止console.clear()
01:06:08.996 9561.4bf2dc71.js:2 (索引)toStringlastIndexdotAllflagsglobalhasIndicesignoreCasemultilinesourcestickyunicodeunicodeSets(索引)toStringlastIndexdotAllflagsglobalhasIndicesignoreCasemultilinesourcestickyunicodeunicodeSetsdepƒ0false''falsefalsefalsefalse' 'falsefalsefalseObject
01:06:08.996 9561.4bf2dc71.js:2 由于“保留日志”的原因，已阻止console.clear()
01:06:08.996 9561.4bf2dc71.js:2 Fri Mar 13 2026 01:05:16 GMT+0800 (中国标准时间)
01:06:08.997 9561.4bf2dc71.js:2 由于“保留日志”的原因，已阻止console.clear()
01:06:08.997 9561.4bf2dc71.js:2 {}
01:06:08.997 9561.4bf2dc71.js:2 由于“保留日志”的原因，已阻止console.clear()
01:06:09.498 9561.4bf2dc71.js:2 div
01:06:09.498 9561.4bf2dc71.js:2 由于“保留日志”的原因，已阻止console.clear()
01:06:09.499 9561.4bf2dc71.js:2 ƒ l(){}
01:06:09.499 9561.4bf2dc71.js:2 由于“保留日志”的原因，已阻止console.clear()
01:06:09.499 9561.4bf2dc71.js:2 (索引)toStringlastIndexdotAllflagsglobalhasIndicesignoreCasemultilinesourcestickyunicodeunicodeSets(索引)toStringlastIndexdotAllflagsglobalhasIndicesignoreCasemultilinesourcestickyunicodeunicodeSetsdepƒ0false''falsefalsefalsefalse' 'falsefalsefalseObject
01:06:09.499 9561.4bf2dc71.js:2 由于“保留日志”的原因，已阻止console.clear()
01:06:09.499 9561.4bf2dc71.js:2 Fri Mar 13 2026 01:05:16 GMT+0800 (中国标准时间)
01:06:09.500 9561.4bf2dc71.js:2 由于“保留日志”的原因，已阻止console.clear()
01:06:09.500 9561.4bf2dc71.js:2 {}
01:06:09.500 9561.4bf2dc71.js:2 由于“保留日志”的原因，已阻止console.clear()
01:06:09.747 log.ts:197  [warn 1:6:9 ] 请注意!最小化可能导致视频无法正常播放!允许切换窗口.
Warn @ log.ts:197
eval @ mooc.ts:47
01:06:11.005 9561.4bf2dc71.js:2 div
01:06:11.005 9561.4bf2dc71.js:2 由于“保留日志”的原因，已阻止console.clear()
01:06:11.006 9561.4bf2dc71.js:2 ƒ l(){}
01:06:11.006 9561.4bf2dc71.js:2 由于“保留日志”的原因，已阻止console.clear()
01:06:11.006 9561.4bf2dc71.js:2 (索引)toStringlastIndexdotAllflagsglobalhasIndicesignoreCasemultilinesourcestickyunicodeunicodeSets(索引)toStringlastIndexdotAllflagsglobalhasIndicesignoreCasemultilinesourcestickyunicodeunicodeSetsdepƒ0false''falsefalsefalsefalse' 'falsefalsefalseObject
01:06:11.006 9561.4bf2dc71.js:2 由于“保留日志”的原因，已阻止console.clear()
01:06:11.006 9561.4bf2dc71.js:2 Fri Mar 13 2026 01:05:16 GMT+0800 (中国标准时间)
01:06:11.006 9561.4bf2dc71.js:2 由于“保留日志”的原因，已阻止console.clear()
01:06:11.006 9561.4bf2dc71.js:2 {}
01:06:11.006 9561.4bf2dc71.js:2 由于“保留日志”的原因，已阻止console.clear()
01:06:12.001 9561.4bf2dc71.js:2 div
01:06:12.001 9561.4bf2dc71.js:2 由于“保留日志”的原因，已阻止console.clear()
01:06:12.001 9561.4bf2dc71.js:2 ƒ l(){}
01:06:12.002 9561.4bf2dc71.js:2 由于“保留日志”的原因，已阻止console.clear()
01:06:12.003 9561.4bf2dc71.js:2 (索引)toStringlastIndexdotAllflagsglobalhasIndicesignoreCasemultilinesourcestickyunicodeunicodeSets(索引)toStringlastIndexdotAllflagsglobalhasIndicesignoreCasemultilinesourcestickyunicodeunicodeSetsdepƒ0false''falsefalsefalsefalse' 'falsefalsefalseObject
01:06:12.005 9561.4bf2dc71.js:2 由于“保留日志”的原因，已阻止console.clear()
01:06:12.006 9561.4bf2dc71.js:2 Fri Mar 13 2026 01:05:16 GMT+0800 (中国标准时间)
01:06:12.007 9561.4bf2dc71.js:2 由于“保留日志”的原因，已阻止console.clear()
01:06:12.008 9561.4bf2dc71.js:2 {}
01:06:12.009 9561.4bf2dc71.js:2 由于“保留日志”的原因，已阻止console.clear()
01:06:13.004 9561.4bf2dc71.js:2 div
01:06:13.005 9561.4bf2dc71.js:2 由于“保留日志”的原因，已阻止console.clear()
01:06:13.006 9561.4bf2dc71.js:2 ƒ l(){}
01:06:13.006 9561.4bf2dc71.js:2 由于“保留日志”的原因，已阻止console.clear()
01:06:13.008 9561.4bf2dc71.js:2 (索引)toStringlastIndexdotAllflagsglobalhasIndicesignoreCasemultilinesourcestickyunicodeunicodeSets(索引)toStringlastIndexdotAllflagsglobalhasIndicesignoreCasemultilinesourcestickyunicodeunicodeSetsdepƒ0false''falsefalsefalsefalse' 'falsefalsefalseObject
01:06:13.009 9561.4bf2dc71.js:2 由于“保留日志”的原因，已阻止console.clear()
01:06:13.009 9561.4bf2dc71.js:2 Fri Mar 13 2026 01:05:16 GMT+0800 (中国标准时间)
01:06:13.010 9561.4bf2dc71.js:2 由于“保留日志”的原因，已阻止console.clear()
01:06:13.011 9561.4bf2dc71.js:2 {}
01:06:13.012 9561.4bf2dc71.js:2 由于“保留日志”的原因，已阻止console.clear()
01:06:13.999 9561.4bf2dc71.js:2 div
01:06:14.000 9561.4bf2dc71.js:2 由于“保留日志”的原因，已阻止console.clear()
01:06:14.000 9561.4bf2dc71.js:2 ƒ l(){}
01:06:14.001 9561.4bf2dc71.js:2 由于“保留日志”的原因，已阻止console.clear()
01:06:14.001 9561.4bf2dc71.js:2 (索引)toStringlastIndexdotAllflagsglobalhasIndicesignoreCasemultilinesourcestickyunicodeunicodeSets(索引)toStringlastIndexdotAllflagsglobalhasIndicesignoreCasemultilinesourcestickyunicodeunicodeSetsdepƒ0false''falsefalsefalsefalse' 'falsefalsefalseObject
01:06:14.002 9561.4bf2dc71.js:2 由于“保留日志”的原因，已阻止console.clear()
01:06:14.002 9561.4bf2dc71.js:2 Fri Mar 13 2026 01:05:16 GMT+0800 (中国标准时间)
01:06:14.003 9561.4bf2dc71.js:2 由于“保留日志”的原因，已阻止console.clear()
01:06:14.004 9561.4bf2dc71.js:2 {}
01:06:14.004 9561.4bf2dc71.js:2 由于“保留日志”的原因，已阻止console.clear()
01:06:15.008 9561.4bf2dc71.js:2 div
01:06:15.009 9561.4bf2dc71.js:2 由于“保留日志”的原因，已阻止console.clear()
01:06:15.009 9561.4bf2dc71.js:2 ƒ l(){}
01:06:15.010 9561.4bf2dc71.js:2 由于“保留日志”的原因，已阻止console.clear()
01:06:15.010 9561.4bf2dc71.js:2 (索引)toStringlastIndexdotAllflagsglobalhasIndicesignoreCasemultilinesourcestickyunicodeunicodeSets(索引)toStringlastIndexdotAllflagsglobalhasIndicesignoreCasemultilinesourcestickyunicodeunicodeSetsdepƒ0false''falsefalsefalsefalse' 'falsefalsefalseObject
01:06:15.011 9561.4bf2dc71.js:2 由于“保留日志”的原因，已阻止console.clear()
01:06:15.011 9561.4bf2dc71.js:2 Fri Mar 13 2026 01:05:16 GMT+0800 (中国标准时间)
01:06:15.012 9561.4bf2dc71.js:2 由于“保留日志”的原因，已阻止console.clear()
01:06:15.012 9561.4bf2dc71.js:2 {}
01:06:15.013 9561.4bf2dc71.js:2 由于“保留日志”的原因，已阻止console.clear()
01:06:16.005 9561.4bf2dc71.js:2 div
01:06:16.006 9561.4bf2dc71.js:2 由于“保留日志”的原因，已阻止console.clear()
01:06:16.006 9561.4bf2dc71.js:2 ƒ l(){}
01:06:16.006 9561.4bf2dc71.js:2 由于“保留日志”的原因，已阻止console.clear()
01:06:16.007 9561.4bf2dc71.js:2 (索引)toStringlastIndexdotAllflagsglobalhasIndicesignoreCasemultilinesourcestickyunicodeunicodeSets(索引)toStringlastIndexdotAllflagsglobalhasIndicesignoreCasemultilinesourcestickyunicodeunicodeSetsdepƒ0false''falsefalsefalsefalse' 'falsefalsefalseObject
01:06:16.008 9561.4bf2dc71.js:2 由于“保留日志”的原因，已阻止console.clear()
01:06:16.008 9561.4bf2dc71.js:2 Fri Mar 13 2026 01:05:16 GMT+0800 (中国标准时间)
01:06:16.009 9561.4bf2dc71.js:2 由于“保留日志”的原因，已阻止console.clear()
01:06:16.009 9561.4bf2dc71.js:2 {}
01:06:16.010 9561.4bf2dc71.js:2 由于“保留日志”的原因，已阻止console.clear()
01:06:17.002 9561.4bf2dc71.js:2 div
01:06:17.003 9561.4bf2dc71.js:2 由于“保留日志”的原因，已阻止console.clear()
01:06:17.003 9561.4bf2dc71.js:2 ƒ l(){}
01:06:17.003 9561.4bf2dc71.js:2 由于“保留日志”的原因，已阻止console.clear()
01:06:17.004 9561.4bf2dc71.js:2 (索引)toStringlastIndexdotAllflagsglobalhasIndicesignoreCasemultilinesourcestickyunicodeunicodeSets(索引)toStringlastIndexdotAllflagsglobalhasIndicesignoreCasemultilinesourcestickyunicodeunicodeSetsdepƒ0false''falsefalsefalsefalse' 'falsefalsefalseObject
01:06:17.004 9561.4bf2dc71.js:2 由于“保留日志”的原因，已阻止console.clear()
01:06:17.004 9561.4bf2dc71.js:2 Fri Mar 13 2026 01:05:16 GMT+0800 (中国标准时间)
01:06:17.004 9561.4bf2dc71.js:2 由于“保留日志”的原因，已阻止console.clear()
01:06:17.005 9561.4bf2dc71.js:2 {}
01:06:17.005 9561.4bf2dc71.js:2 由于“保留日志”的原因，已阻止console.clear()
01:06:18.006 9561.4bf2dc71.js:2 div
01:06:18.007 9561.4bf2dc71.js:2 由于“保留日志”的原因，已阻止console.clear()
01:06:18.007 9561.4bf2dc71.js:2 ƒ l(){}
01:06:18.007 9561.4bf2dc71.js:2 由于“保留日志”的原因，已阻止console.clear()
01:06:18.008 9561.4bf2dc71.js:2 (索引)toStringlastIndexdotAllflagsglobalhasIndicesignoreCasemultilinesourcestickyunicodeunicodeSets(索引)toStringlastIndexdotAllflagsglobalhasIndicesignoreCasemultilinesourcestickyunicodeunicodeSetsdepƒ0false''falsefalsefalsefalse' 'falsefalsefalseObject
01:06:18.009 9561.4bf2dc71.js:2 由于“保留日志”的原因，已阻止console.clear()
01:06:18.010 9561.4bf2dc71.js:2 Fri Mar 13 2026 01:05:16 GMT+0800 (中国标准时间)
01:06:18.011 9561.4bf2dc71.js:2 由于“保留日志”的原因，已阻止console.clear()
01:06:18.012 9561.4bf2dc71.js:2 {}
01:06:18.012 9561.4bf2dc71.js:2 由于“保留日志”的原因，已阻止console.clear()
01:06:19.001 9561.4bf2dc71.js:2 div
01:06:19.002 9561.4bf2dc71.js:2 由于“保留日志”的原因，已阻止console.clear()
01:06:19.003 9561.4bf2dc71.js:2 ƒ l(){}
01:06:19.004 9561.4bf2dc71.js:2 由于“保留日志”的原因，已阻止console.clear()
01:06:19.005 9561.4bf2dc71.js:2 (索引)toStringlastIndexdotAllflagsglobalhasIndicesignoreCasemultilinesourcestickyunicodeunicodeSets(索引)toStringlastIndexdotAllflagsglobalhasIndicesignoreCasemultilinesourcestickyunicodeunicodeSetsdepƒ0false''falsefalsefalsefalse' 'falsefalsefalseObject
01:06:19.006 9561.4bf2dc71.js:2 由于“保留日志”的原因，已阻止console.clear()
01:06:19.006 9561.4bf2dc71.js:2 Fri Mar 13 2026 01:05:16 GMT+0800 (中国标准时间)
01:06:19.008 9561.4bf2dc71.js:2 由于“保留日志”的原因，已阻止console.clear()
01:06:19.009 9561.4bf2dc71.js:2 {}
01:06:19.010 9561.4bf2dc71.js:2 由于“保留日志”的原因，已阻止console.clear()
01:06:20.011 9561.4bf2dc71.js:2 div
01:06:20.011 9561.4bf2dc71.js:2 由于“保留日志”的原因，已阻止console.clear()
01:06:20.012 9561.4bf2dc71.js:2 ƒ l(){}
01:06:20.013 9561.4bf2dc71.js:2 由于“保留日志”的原因，已阻止console.clear()
01:06:20.014 9561.4bf2dc71.js:2 (索引)toStringlastIndexdotAllflagsglobalhasIndicesignoreCasemultilinesourcestickyunicodeunicodeSets(索引)toStringlastIndexdotAllflagsglobalhasIndicesignoreCasemultilinesourcestickyunicodeunicodeSetsdepƒ0false''falsefalsefalsefalse' 'falsefalsefalseObject
01:06:20.015 9561.4bf2dc71.js:2 由于“保留日志”的原因，已阻止console.clear()
01:06:20.015 9561.4bf2dc71.js:2 Fri Mar 13 2026 01:05:16 GMT+0800 (中国标准时间)
01:06:20.016 9561.4bf2dc71.js:2 由于“保留日志”的原因，已阻止console.clear()
01:06:20.017 9561.4bf2dc71.js:2 {}
01:06:20.017 9561.4bf2dc71.js:2 由于“保留日志”的原因，已阻止console.clear()
01:06:21.004 9561.4bf2dc71.js:2 div
01:06:21.004 9561.4bf2dc71.js:2 由于“保留日志”的原因，已阻止console.clear()
01:06:21.004 9561.4bf2dc71.js:2 ƒ l(){}
01:06:21.004 9561.4bf2dc71.js:2 由于“保留日志”的原因，已阻止console.clear()
01:06:21.004 9561.4bf2dc71.js:2 (索引)toStringlastIndexdotAllflagsglobalhasIndicesignoreCasemultilinesourcestickyunicodeunicodeSets(索引)toStringlastIndexdotAllflagsglobalhasIndicesignoreCasemultilinesourcestickyunicodeunicodeSetsdepƒ0false''falsefalsefalsefalse' 'falsefalsefalseObject
01:06:21.005 9561.4bf2dc71.js:2 由于“保留日志”的原因，已阻止console.clear()
01:06:21.005 9561.4bf2dc71.js:2 Fri Mar 13 2026 01:05:16 GMT+0800 (中国标准时间)
01:06:21.005 9561.4bf2dc71.js:2 由于“保留日志”的原因，已阻止console.clear()
01:06:21.005 9561.4bf2dc71.js:2 {}
01:06:21.005 9561.4bf2dc71.js:2 由于“保留日志”的原因，已阻止console.clear()
01:06:22.014 9561.4bf2dc71.js:2 div
01:06:22.016 9561.4bf2dc71.js:2 由于“保留日志”的原因，已阻止console.clear()
01:06:22.017 9561.4bf2dc71.js:2 ƒ l(){}
01:06:22.017 9561.4bf2dc71.js:2 由于“保留日志”的原因，已阻止console.clear()
01:06:22.018 9561.4bf2dc71.js:2 (索引)toStringlastIndexdotAllflagsglobalhasIndicesignoreCasemultilinesourcestickyunicodeunicodeSets(索引)toStringlastIndexdotAllflagsglobalhasIndicesignoreCasemultilinesourcestickyunicodeunicodeSetsdepƒ0false''falsefalsefalsefalse' 'falsefalsefalseObject
01:06:22.020 9561.4bf2dc71.js:2 由于“保留日志”的原因，已阻止console.clear()
01:06:22.021 9561.4bf2dc71.js:2 Fri Mar 13 2026 01:05:16 GMT+0800 (中国标准时间)
01:06:22.022 9561.4bf2dc71.js:2 由于“保留日志”的原因，已阻止console.clear()
01:06:22.022 9561.4bf2dc71.js:2 {}
01:06:22.023 9561.4bf2dc71.js:2 由于“保留日志”的原因，已阻止console.clear()
01:06:23.000 9561.4bf2dc71.js:2 div
01:06:23.000 9561.4bf2dc71.js:2 由于“保留日志”的原因，已阻止console.clear()
01:06:23.001 9561.4bf2dc71.js:2 ƒ l(){}
01:06:23.001 9561.4bf2dc71.js:2 由于“保留日志”的原因，已阻止console.clear()
01:06:23.001 9561.4bf2dc71.js:2 (索引)toStringlastIndexdotAllflagsglobalhasIndicesignoreCasemultilinesourcestickyunicodeunicodeSets(索引)toStringlastIndexdotAllflagsglobalhasIndicesignoreCasemultilinesourcestickyunicodeunicodeSetsdepƒ0false''falsefalsefalsefalse' 'falsefalsefalseObject
01:06:23.001 9561.4bf2dc71.js:2 由于“保留日志”的原因，已阻止console.clear()
01:06:23.001 9561.4bf2dc71.js:2 Fri Mar 13 2026 01:05:16 GMT+0800 (中国标准时间)
01:06:23.001 9561.4bf2dc71.js:2 由于“保留日志”的原因，已阻止console.clear()
01:06:23.001 9561.4bf2dc71.js:2 {}
01:06:23.001 9561.4bf2dc71.js:2 由于“保留日志”的原因，已阻止console.clear()
01:06:24.013 9561.4bf2dc71.js:2 div
01:06:24.013 9561.4bf2dc71.js:2 由于“保留日志”的原因，已阻止console.clear()
01:06:24.013 9561.4bf2dc71.js:2 ƒ l(){}
01:06:24.013 9561.4bf2dc71.js:2 由于“保留日志”的原因，已阻止console.clear()
01:06:24.013 9561.4bf2dc71.js:2 (索引)toStringlastIndexdotAllflagsglobalhasIndicesignoreCasemultilinesourcestickyunicodeunicodeSets(索引)toStringlastIndexdotAllflagsglobalhasIndicesignoreCasemultilinesourcestickyunicodeunicodeSetsdepƒ0false''falsefalsefalsefalse' 'falsefalsefalseObject
01:06:24.013 9561.4bf2dc71.js:2 由于“保留日志”的原因，已阻止console.clear()
01:06:24.014 9561.4bf2dc71.js:2 Fri Mar 13 2026 01:05:16 GMT+0800 (中国标准时间)
01:06:24.014 9561.4bf2dc71.js:2 由于“保留日志”的原因，已阻止console.clear()
01:06:24.015 9561.4bf2dc71.js:2 {}
01:06:24.016 9561.4bf2dc71.js:2 由于“保留日志”的原因，已阻止console.clear()
01:06:25.010 9561.4bf2dc71.js:2 div
01:06:25.010 9561.4bf2dc71.js:2 由于“保留日志”的原因，已阻止console.clear()
01:06:25.010 9561.4bf2dc71.js:2 ƒ l(){}
01:06:25.011 9561.4bf2dc71.js:2 由于“保留日志”的原因，已阻止console.clear()
01:06:25.011 9561.4bf2dc71.js:2 (索引)toStringlastIndexdotAllflagsglobalhasIndicesignoreCasemultilinesourcestickyunicodeunicodeSets(索引)toStringlastIndexdotAllflagsglobalhasIndicesignoreCasemultilinesourcestickyunicodeunicodeSetsdepƒ0false''falsefalsefalsefalse' 'falsefalsefalseObject
01:06:25.011 9561.4bf2dc71.js:2 由于“保留日志”的原因，已阻止console.clear()
01:06:25.011 9561.4bf2dc71.js:2 Fri Mar 13 2026 01:05:16 GMT+0800 (中国标准时间)
01:06:25.011 9561.4bf2dc71.js:2 由于“保留日志”的原因，已阻止console.clear()
01:06:25.011 9561.4bf2dc71.js:2 {}
01:06:25.011 9561.4bf2dc71.js:2 由于“保留日志”的原因，已阻止console.clear()
01:06:26.004 9561.4bf2dc71.js:2 div
01:06:26.004 9561.4bf2dc71.js:2 由于“保留日志”的原因，已阻止console.clear()
01:06:26.004 9561.4bf2dc71.js:2 ƒ l(){}
01:06:26.004 9561.4bf2dc71.js:2 由于“保留日志”的原因，已阻止console.clear()
01:06:26.004 9561.4bf2dc71.js:2 (索引)toStringlastIndexdotAllflagsglobalhasIndicesignoreCasemultilinesourcestickyunicodeunicodeSets(索引)toStringlastIndexdotAllflagsglobalhasIndicesignoreCasemultilinesourcestickyunicodeunicodeSetsdepƒ0false''falsefalsefalsefalse' 'falsefalsefalseObject
01:06:26.004 9561.4bf2dc71.js:2 由于“保留日志”的原因，已阻止console.clear()
01:06:26.004 9561.4bf2dc71.js:2 Fri Mar 13 2026 01:05:16 GMT+0800 (中国标准时间)
01:06:26.004 9561.4bf2dc71.js:2 由于“保留日志”的原因，已阻止console.clear()
01:06:26.004 9561.4bf2dc71.js:2 {}
01:06:26.005 9561.4bf2dc71.js:2 由于“保留日志”的原因，已阻止console.clear()
01:06:27.012 9561.4bf2dc71.js:2 div
01:06:27.013 9561.4bf2dc71.js:2 由于“保留日志”的原因，已阻止console.clear()
01:06:27.014 9561.4bf2dc71.js:2 ƒ l(){}
01:06:27.014 9561.4bf2dc71.js:2 由于“保留日志”的原因，已阻止console.clear()
01:06:27.014 9561.4bf2dc71.js:2 (索引)toStringlastIndexdotAllflagsglobalhasIndicesignoreCasemultilinesourcestickyunicodeunicodeSets(索引)toStringlastIndexdotAllflagsglobalhasIndicesignoreCasemultilinesourcestickyunicodeunicodeSetsdepƒ0false''falsefalsefalsefalse' 'falsefalsefalseObject
01:06:27.014 9561.4bf2dc71.js:2 由于“保留日志”的原因，已阻止console.clear()
01:06:27.015 9561.4bf2dc71.js:2 Fri Mar 13 2026 01:05:16 GMT+0800 (中国标准时间)
01:06:27.015 9561.4bf2dc71.js:2 由于“保留日志”的原因，已阻止console.clear()
01:06:27.015 9561.4bf2dc71.js:2 {}
01:06:27.015 9561.4bf2dc71.js:2 由于“保留日志”的原因，已阻止console.clear()
01:06:28.004 9561.4bf2dc71.js:2 div
01:06:28.006 9561.4bf2dc71.js:2 由于“保留日志”的原因，已阻止console.clear()
01:06:28.007 9561.4bf2dc71.js:2 ƒ l(){}
01:06:28.008 9561.4bf2dc71.js:2 由于“保留日志”的原因，已阻止console.clear()
01:06:28.009 9561.4bf2dc71.js:2 (索引)toStringlastIndexdotAllflagsglobalhasIndicesignoreCasemultilinesourcestickyunicodeunicodeSets(索引)toStringlastIndexdotAllflagsglobalhasIndicesignoreCasemultilinesourcestickyunicodeunicodeSetsdepƒ0false''falsefalsefalsefalse' 'falsefalsefalseObject
01:06:28.010 9561.4bf2dc71.js:2 由于“保留日志”的原因，已阻止console.clear()
01:06:28.011 9561.4bf2dc71.js:2 Fri Mar 13 2026 01:05:16 GMT+0800 (中国标准时间)
01:06:28.012 9561.4bf2dc71.js:2 由于“保留日志”的原因，已阻止console.clear()
01:06:28.013 9561.4bf2dc71.js:2 {}
01:06:28.014 9561.4bf2dc71.js:2 由于“保留日志”的原因，已阻止console.clear()
01:06:29.001 9561.4bf2dc71.js:2 div
01:06:29.002 9561.4bf2dc71.js:2 由于“保留日志”的原因，已阻止console.clear()
01:06:29.003 9561.4bf2dc71.js:2 ƒ l(){}
01:06:29.004 9561.4bf2dc71.js:2 由于“保留日志”的原因，已阻止console.clear()
01:06:29.005 9561.4bf2dc71.js:2 (索引)toStringlastIndexdotAllflagsglobalhasIndicesignoreCasemultilinesourcestickyunicodeunicodeSets(索引)toStringlastIndexdotAllflagsglobalhasIndicesignoreCasemultilinesourcestickyunicodeunicodeSetsdepƒ0false''falsefalsefalsefalse' 'falsefalsefalseObject
01:06:29.006 9561.4bf2dc71.js:2 由于“保留日志”的原因，已阻止console.clear()
01:06:29.007 9561.4bf2dc71.js:2 Fri Mar 13 2026 01:05:16 GMT+0800 (中国标准时间)
01:06:29.008 9561.4bf2dc71.js:2 由于“保留日志”的原因，已阻止console.clear()
01:06:29.009 9561.4bf2dc71.js:2 {}
01:06:29.010 9561.4bf2dc71.js:2 由于“保留日志”的原因，已阻止console.clear()
01:06:30.010 9561.4bf2dc71.js:2 div
01:06:30.010 9561.4bf2dc71.js:2 由于“保留日志”的原因，已阻止console.clear()
01:06:30.010 9561.4bf2dc71.js:2 ƒ l(){}
01:06:30.010 9561.4bf2dc71.js:2 由于“保留日志”的原因，已阻止console.clear()
01:06:30.010 9561.4bf2dc71.js:2 (索引)toStringlastIndexdotAllflagsglobalhasIndicesignoreCasemultilinesourcestickyunicodeunicodeSets(索引)toStringlastIndexdotAllflagsglobalhasIndicesignoreCasemultilinesourcestickyunicodeunicodeSetsdepƒ0false''falsefalsefalsefalse' 'falsefalsefalseObject
01:06:30.010 9561.4bf2dc71.js:2 由于“保留日志”的原因，已阻止console.clear()
01:06:30.010 9561.4bf2dc71.js:2 Fri Mar 13 2026 01:05:16 GMT+0800 (中国标准时间)
01:06:30.011 9561.4bf2dc71.js:2 由于“保留日志”的原因，已阻止console.clear()
01:06:30.011 9561.4bf2dc71.js:2 {}
01:06:30.011 9561.4bf2dc71.js:2 由于“保留日志”的原因，已阻止console.clear()
01:06:30.522 9561.4bf2dc71.js:2 div
01:06:30.522 9561.4bf2dc71.js:2 由于“保留日志”的原因，已阻止console.clear()
01:06:30.522 9561.4bf2dc71.js:2 ƒ l(){}
01:06:30.522 9561.4bf2dc71.js:2 由于“保留日志”的原因，已阻止console.clear()
01:06:30.523 9561.4bf2dc71.js:2 (索引)toStringlastIndexdotAllflagsglobalhasIndicesignoreCasemultilinesourcestickyunicodeunicodeSets(索引)toStringlastIndexdotAllflagsglobalhasIndicesignoreCasemultilinesourcestickyunicodeunicodeSetsdepƒ0false''falsefalsefalsefalse' 'falsefalsefalseObject
01:06:30.523 9561.4bf2dc71.js:2 由于“保留日志”的原因，已阻止console.clear()
01:06:30.523 9561.4bf2dc71.js:2 Fri Mar 13 2026 01:05:16 GMT+0800 (中国标准时间)
01:06:30.523 9561.4bf2dc71.js:2 由于“保留日志”的原因，已阻止console.clear()
01:06:30.523 9561.4bf2dc71.js:2 {}
01:06:30.523 9561.4bf2dc71.js:2 由于“保留日志”的原因，已阻止console.clear()
01:06:31.039 9561.4bf2dc71.js:2 div
01:06:31.039 9561.4bf2dc71.js:2 由于“保留日志”的原因，已阻止console.clear()
01:06:31.039 9561.4bf2dc71.js:2 ƒ l(){}
01:06:31.040 9561.4bf2dc71.js:2 由于“保留日志”的原因，已阻止console.clear()
01:06:31.040 9561.4bf2dc71.js:2 (索引)toStringlastIndexdotAllflagsglobalhasIndicesignoreCasemultilinesourcestickyunicodeunicodeSets(索引)toStringlastIndexdotAllflagsglobalhasIndicesignoreCasemultilinesourcestickyunicodeunicodeSetsdepƒ0false''falsefalsefalsefalse' 'falsefalsefalseObject
01:06:31.040 9561.4bf2dc71.js:2 由于“保留日志”的原因，已阻止console.clear()
01:06:31.040 9561.4bf2dc71.js:2 Fri Mar 13 2026 01:05:16 GMT+0800 (中国标准时间)
01:06:31.041 9561.4bf2dc71.js:2 由于“保留日志”的原因，已阻止console.clear()
01:06:31.041 9561.4bf2dc71.js:2 {}
01:06:31.041 9561.4bf2dc71.js:2 由于“保留日志”的原因，已阻止console.clear()
01:06:31.542 9561.4bf2dc71.js:2 div
01:06:31.542 9561.4bf2dc71.js:2 由于“保留日志”的原因，已阻止console.clear()
01:06:31.542 9561.4bf2dc71.js:2 ƒ l(){}
01:06:31.542 9561.4bf2dc71.js:2 由于“保留日志”的原因，已阻止console.clear()
01:06:31.542 9561.4bf2dc71.js:2 (索引)toStringlastIndexdotAllflagsglobalhasIndicesignoreCasemultilinesourcestickyunicodeunicodeSets(索引)toStringlastIndexdotAllflagsglobalhasIndicesignoreCasemultilinesourcestickyunicodeunicodeSetsdepƒ0false''falsefalsefalsefalse' 'falsefalsefalseObject
01:06:31.542 9561.4bf2dc71.js:2 由于“保留日志”的原因，已阻止console.clear()
01:06:31.543 9561.4bf2dc71.js:2 Fri Mar 13 2026 01:05:16 GMT+0800 (中国标准时间)
01:06:31.543 9561.4bf2dc71.js:2 由于“保留日志”的原因，已阻止console.clear()
01:06:31.543 9561.4bf2dc71.js:2 {}
01:06:31.543 9561.4bf2dc71.js:2 由于“保留日志”的原因，已阻止console.clear()
01:06:32.058 9561.4bf2dc71.js:2 div
01:06:32.059 9561.4bf2dc71.js:2 由于“保留日志”的原因，已阻止console.clear()
01:06:32.059 9561.4bf2dc71.js:2 ƒ l(){}
01:06:32.059 9561.4bf2dc71.js:2 由于“保留日志”的原因，已阻止console.clear()
01:06:32.059 9561.4bf2dc71.js:2 (索引)toStringlastIndexdotAllflagsglobalhasIndicesignoreCasemultilinesourcestickyunicodeunicodeSets(索引)toStringlastIndexdotAllflagsglobalhasIndicesignoreCasemultilinesourcestickyunicodeunicodeSetsdepƒ0false''falsefalsefalsefalse' 'falsefalsefalseObject
01:06:32.059 9561.4bf2dc71.js:2 由于“保留日志”的原因，已阻止console.clear()
01:06:32.059 9561.4bf2dc71.js:2 Fri Mar 13 2026 01:05:16 GMT+0800 (中国标准时间)
01:06:32.059 9561.4bf2dc71.js:2 由于“保留日志”的原因，已阻止console.clear()
01:06:32.059 9561.4bf2dc71.js:2 {}
01:06:32.059 9561.4bf2dc71.js:2 由于“保留日志”的原因，已阻止console.clear()
01:06:32.561 9561.4bf2dc71.js:2 div
01:06:32.561 9561.4bf2dc71.js:2 由于“保留日志”的原因，已阻止console.clear()
01:06:32.562 9561.4bf2dc71.js:2 ƒ l(){}
01:06:32.562 9561.4bf2dc71.js:2 由于“保留日志”的原因，已阻止console.clear()
01:06:32.562 9561.4bf2dc71.js:2 (索引)toStringlastIndexdotAllflagsglobalhasIndicesignoreCasemultilinesourcestickyunicodeunicodeSets(索引)toStringlastIndexdotAllflagsglobalhasIndicesignoreCasemultilinesourcestickyunicodeunicodeSetsdepƒ0false''falsefalsefalsefalse' 'falsefalsefalseObject
01:06:32.562 9561.4bf2dc71.js:2 由于“保留日志”的原因，已阻止console.clear()
01:06:32.562 9561.4bf2dc71.js:2 Fri Mar 13 2026 01:05:16 GMT+0800 (中国标准时间)
01:06:32.563 9561.4bf2dc71.js:2 由于“保留日志”的原因，已阻止console.clear()
01:06:32.563 9561.4bf2dc71.js:2 {}
01:06:32.563 9561.4bf2dc71.js:2 由于“保留日志”的原因，已阻止console.clear()
01:06:33.065 9561.4bf2dc71.js:2 div
01:06:33.065 9561.4bf2dc71.js:2 由于“保留日志”的原因，已阻止console.clear()
01:06:33.065 9561.4bf2dc71.js:2 ƒ l(){}
01:06:33.065 9561.4bf2dc71.js:2 由于“保留日志”的原因，已阻止console.clear()
01:06:33.066 9561.4bf2dc71.js:2 (索引)toStringlastIndexdotAllflagsglobalhasIndicesignoreCasemultilinesourcestickyunicodeunicodeSets(索引)toStringlastIndexdotAllflagsglobalhasIndicesignoreCasemultilinesourcestickyunicodeunicodeSetsdepƒ0false''falsefalsefalsefalse' 'falsefalsefalseObject
01:06:33.066 9561.4bf2dc71.js:2 由于“保留日志”的原因，已阻止console.clear()
01:06:33.066 9561.4bf2dc71.js:2 Fri Mar 13 2026 01:05:16 GMT+0800 (中国标准时间)
01:06:33.067 9561.4bf2dc71.js:2 由于“保留日志”的原因，已阻止console.clear()
01:06:33.067 9561.4bf2dc71.js:2 {}
01:06:33.067 9561.4bf2dc71.js:2 由于“保留日志”的原因，已阻止console.clear()
01:06:33.582 9561.4bf2dc71.js:2 div
01:06:33.582 9561.4bf2dc71.js:2 由于“保留日志”的原因，已阻止console.clear()
01:06:33.583 9561.4bf2dc71.js:2 ƒ l(){}
01:06:33.583 9561.4bf2dc71.js:2 由于“保留日志”的原因，已阻止console.clear()
01:06:33.583 9561.4bf2dc71.js:2 (索引)toStringlastIndexdotAllflagsglobalhasIndicesignoreCasemultilinesourcestickyunicodeunicodeSets(索引)toStringlastIndexdotAllflagsglobalhasIndicesignoreCasemultilinesourcestickyunicodeunicodeSetsdepƒ0false''falsefalsefalsefalse' 'falsefalsefalseObject
01:06:33.584 9561.4bf2dc71.js:2 由于“保留日志”的原因，已阻止console.clear()
01:06:33.584 9561.4bf2dc71.js:2 Fri Mar 13 2026 01:05:16 GMT+0800 (中国标准时间)
01:06:33.584 9561.4bf2dc71.js:2 由于“保留日志”的原因，已阻止console.clear()
01:06:33.584 9561.4bf2dc71.js:2 {}
01:06:33.585 9561.4bf2dc71.js:2 由于“保留日志”的原因，已阻止console.clear()
01:06:34.100 9561.4bf2dc71.js:2 div
01:06:34.100 9561.4bf2dc71.js:2 由于“保留日志”的原因，已阻止console.clear()
01:06:34.100 9561.4bf2dc71.js:2 ƒ l(){}
01:06:34.100 9561.4bf2dc71.js:2 由于“保留日志”的原因，已阻止console.clear()
01:06:34.100 9561.4bf2dc71.js:2 (索引)toStringlastIndexdotAllflagsglobalhasIndicesignoreCasemultilinesourcestickyunicodeunicodeSets(索引)toStringlastIndexdotAllflagsglobalhasIndicesignoreCasemultilinesourcestickyunicodeunicodeSetsdepƒ0false''falsefalsefalsefalse' 'falsefalsefalseObject
01:06:34.100 9561.4bf2dc71.js:2 由于“保留日志”的原因，已阻止console.clear()
01:06:34.100 9561.4bf2dc71.js:2 Fri Mar 13 2026 01:05:16 GMT+0800 (中国标准时间)
01:06:34.101 9561.4bf2dc71.js:2 由于“保留日志”的原因，已阻止console.clear()
01:06:34.101 9561.4bf2dc71.js:2 {}
01:06:34.101 9561.4bf2dc71.js:2 由于“保留日志”的原因，已阻止console.clear()
01:06:34.604 9561.4bf2dc71.js:2 div
01:06:34.604 9561.4bf2dc71.js:2 由于“保留日志”的原因，已阻止console.clear()
01:06:34.604 9561.4bf2dc71.js:2 ƒ l(){}
01:06:34.604 9561.4bf2dc71.js:2 由于“保留日志”的原因，已阻止console.clear()
01:06:34.604 9561.4bf2dc71.js:2 (索引)toStringlastIndexdotAllflagsglobalhasIndicesignoreCasemultilinesourcestickyunicodeunicodeSets(索引)toStringlastIndexdotAllflagsglobalhasIndicesignoreCasemultilinesourcestickyunicodeunicodeSetsdepƒ0false''falsefalsefalsefalse' 'falsefalsefalseObject
01:06:34.604 9561.4bf2dc71.js:2 由于“保留日志”的原因，已阻止console.clear()
01:06:34.604 9561.4bf2dc71.js:2 Fri Mar 13 2026 01:05:16 GMT+0800 (中国标准时间)
01:06:34.604 9561.4bf2dc71.js:2 由于“保留日志”的原因，已阻止console.clear()
01:06:34.604 9561.4bf2dc71.js:2 {}
01:06:34.604 9561.4bf2dc71.js:2 由于“保留日志”的原因，已阻止console.clear()
01:06:35.120 9561.4bf2dc71.js:2 div
01:06:35.120 9561.4bf2dc71.js:2 由于“保留日志”的原因，已阻止console.clear()
01:06:35.120 9561.4bf2dc71.js:2 ƒ l(){}
01:06:35.120 9561.4bf2dc71.js:2 由于“保留日志”的原因，已阻止console.clear()
01:06:35.120 9561.4bf2dc71.js:2 (索引)toStringlastIndexdotAllflagsglobalhasIndicesignoreCasemultilinesourcestickyunicodeunicodeSets(索引)toStringlastIndexdotAllflagsglobalhasIndicesignoreCasemultilinesourcestickyunicodeunicodeSetsdepƒ0false''falsefalsefalsefalse' 'falsefalsefalseObject
01:06:35.121 9561.4bf2dc71.js:2 由于“保留日志”的原因，已阻止console.clear()
01:06:35.121 9561.4bf2dc71.js:2 Fri Mar 13 2026 01:05:16 GMT+0800 (中国标准时间)
01:06:35.121 9561.4bf2dc71.js:2 由于“保留日志”的原因，已阻止console.clear()
01:06:35.121 9561.4bf2dc71.js:2 {}
01:06:35.121 9561.4bf2dc71.js:2 由于“保留日志”的原因，已阻止console.clear()
01:06:35.627 9561.4bf2dc71.js:2 div
01:06:35.627 9561.4bf2dc71.js:2 由于“保留日志”的原因，已阻止console.clear()
01:06:35.627 9561.4bf2dc71.js:2 ƒ l(){}
01:06:35.627 9561.4bf2dc71.js:2 由于“保留日志”的原因，已阻止console.clear()
01:06:35.627 9561.4bf2dc71.js:2 (索引)toStringlastIndexdotAllflagsglobalhasIndicesignoreCasemultilinesourcestickyunicodeunicodeSets(索引)toStringlastIndexdotAllflagsglobalhasIndicesignoreCasemultilinesourcestickyunicodeunicodeSetsdepƒ0false''falsefalsefalsefalse' 'falsefalsefalseObject
01:06:35.627 9561.4bf2dc71.js:2 由于“保留日志”的原因，已阻止console.clear()
01:06:35.627 9561.4bf2dc71.js:2 Fri Mar 13 2026 01:05:16 GMT+0800 (中国标准时间)
01:06:35.627 9561.4bf2dc71.js:2 由于“保留日志”的原因，已阻止console.clear()
01:06:35.627 9561.4bf2dc71.js:2 {}
01:06:35.628 9561.4bf2dc71.js:2 由于“保留日志”的原因，已阻止console.clear()
01:06:36.129 9561.4bf2dc71.js:2 div
01:06:36.130 9561.4bf2dc71.js:2 由于“保留日志”的原因，已阻止console.clear()
01:06:36.130 9561.4bf2dc71.js:2 ƒ l(){}
01:06:36.130 9561.4bf2dc71.js:2 由于“保留日志”的原因，已阻止console.clear()
01:06:36.130 9561.4bf2dc71.js:2 (索引)toStringlastIndexdotAllflagsglobalhasIndicesignoreCasemultilinesourcestickyunicodeunicodeSets(索引)toStringlastIndexdotAllflagsglobalhasIndicesignoreCasemultilinesourcestickyunicodeunicodeSetsdepƒ0false''falsefalsefalsefalse' 'falsefalsefalseObject
01:06:36.131 9561.4bf2dc71.js:2 由于“保留日志”的原因，已阻止console.clear()
01:06:36.131 9561.4bf2dc71.js:2 Fri Mar 13 2026 01:05:16 GMT+0800 (中国标准时间)
01:06:36.132 9561.4bf2dc71.js:2 由于“保留日志”的原因，已阻止console.clear()
01:06:36.132 9561.4bf2dc71.js:2 {}
01:06:36.132 9561.4bf2dc71.js:2 由于“保留日志”的原因，已阻止console.clear()
01:06:36.647 9561.4bf2dc71.js:2 div
01:06:36.647 9561.4bf2dc71.js:2 由于“保留日志”的原因，已阻止console.clear()
01:06:36.648 9561.4bf2dc71.js:2 ƒ l(){}
01:06:36.648 9561.4bf2dc71.js:2 由于“保留日志”的原因，已阻止console.clear()
01:06:36.648 9561.4bf2dc71.js:2 (索引)toStringlastIndexdotAllflagsglobalhasIndicesignoreCasemultilinesourcestickyunicodeunicodeSets(索引)toStringlastIndexdotAllflagsglobalhasIndicesignoreCasemultilinesourcestickyunicodeunicodeSetsdepƒ0false''falsefalsefalsefalse' 'falsefalsefalseObject
01:06:36.648 9561.4bf2dc71.js:2 由于“保留日志”的原因，已阻止console.clear()
01:06:36.648 9561.4bf2dc71.js:2 Fri Mar 13 2026 01:05:16 GMT+0800 (中国标准时间)
01:06:36.648 9561.4bf2dc71.js:2 由于“保留日志”的原因，已阻止console.clear()
01:06:36.648 9561.4bf2dc71.js:2 {}
01:06:36.648 9561.4bf2dc71.js:2 由于“保留日志”的原因，已阻止console.clear()
01:06:37.163 9561.4bf2dc71.js:2 div
01:06:37.163 9561.4bf2dc71.js:2 由于“保留日志”的原因，已阻止console.clear()
01:06:37.163 9561.4bf2dc71.js:2 ƒ l(){}
01:06:37.163 9561.4bf2dc71.js:2 由于“保留日志”的原因，已阻止console.clear()
01:06:37.163 9561.4bf2dc71.js:2 (索引)toStringlastIndexdotAllflagsglobalhasIndicesignoreCasemultilinesourcestickyunicodeunicodeSets(索引)toStringlastIndexdotAllflagsglobalhasIndicesignoreCasemultilinesourcestickyunicodeunicodeSetsdepƒ0false''falsefalsefalsefalse' 'falsefalsefalseObject
01:06:37.163 9561.4bf2dc71.js:2 由于“保留日志”的原因，已阻止console.clear()
01:06:37.163 9561.4bf2dc71.js:2 Fri Mar 13 2026 01:05:16 GMT+0800 (中国标准时间)
01:06:37.163 9561.4bf2dc71.js:2 由于“保留日志”的原因，已阻止console.clear()
01:06:37.163 9561.4bf2dc71.js:2 {}
01:06:37.163 9561.4bf2dc71.js:2 由于“保留日志”的原因，已阻止console.clear()
01:06:37.680 9561.4bf2dc71.js:2 div
01:06:37.680 9561.4bf2dc71.js:2 由于“保留日志”的原因，已阻止console.clear()
01:06:37.680 9561.4bf2dc71.js:2 ƒ l(){}
01:06:37.681 9561.4bf2dc71.js:2 由于“保留日志”的原因，已阻止console.clear()
01:06:37.681 9561.4bf2dc71.js:2 (索引)toStringlastIndexdotAllflagsglobalhasIndicesignoreCasemultilinesourcestickyunicodeunicodeSets(索引)toStringlastIndexdotAllflagsglobalhasIndicesignoreCasemultilinesourcestickyunicodeunicodeSetsdepƒ0false''falsefalsefalsefalse' 'falsefalsefalseObject
01:06:37.681 9561.4bf2dc71.js:2 由于“保留日志”的原因，已阻止console.clear()
01:06:37.681 9561.4bf2dc71.js:2 Fri Mar 13 2026 01:05:16 GMT+0800 (中国标准时间)
01:06:37.681 9561.4bf2dc71.js:2 由于“保留日志”的原因，已阻止console.clear()
01:06:37.682 9561.4bf2dc71.js:2 {}
01:06:37.682 9561.4bf2dc71.js:2 由于“保留日志”的原因，已阻止console.clear()
01:06:38.195 9561.4bf2dc71.js:2 div
01:06:38.195 9561.4bf2dc71.js:2 由于“保留日志”的原因，已阻止console.clear()
01:06:38.195 9561.4bf2dc71.js:2 ƒ l(){}
01:06:38.195 9561.4bf2dc71.js:2 由于“保留日志”的原因，已阻止console.clear()
01:06:38.195 9561.4bf2dc71.js:2 (索引)toStringlastIndexdotAllflagsglobalhasIndicesignoreCasemultilinesourcestickyunicodeunicodeSets(索引)toStringlastIndexdotAllflagsglobalhasIndicesignoreCasemultilinesourcestickyunicodeunicodeSetsdepƒ0false''falsefalsefalsefalse' 'falsefalsefalseObject
01:06:38.196 9561.4bf2dc71.js:2 由于“保留日志”的原因，已阻止console.clear()
01:06:38.196 9561.4bf2dc71.js:2 Fri Mar 13 2026 01:05:16 GMT+0800 (中国标准时间)
01:06:38.196 9561.4bf2dc71.js:2 由于“保留日志”的原因，已阻止console.clear()
01:06:38.196 9561.4bf2dc71.js:2 {}
01:06:38.196 9561.4bf2dc71.js:2 由于“保留日志”的原因，已阻止console.clear()
01:06:38.710 9561.4bf2dc71.js:2 div
01:06:38.710 9561.4bf2dc71.js:2 由于“保留日志”的原因，已阻止console.clear()
01:06:38.710 9561.4bf2dc71.js:2 ƒ l(){}
01:06:38.710 9561.4bf2dc71.js:2 由于“保留日志”的原因，已阻止console.clear()
01:06:38.711 9561.4bf2dc71.js:2 (索引)toStringlastIndexdotAllflagsglobalhasIndicesignoreCasemultilinesourcestickyunicodeunicodeSets(索引)toStringlastIndexdotAllflagsglobalhasIndicesignoreCasemultilinesourcestickyunicodeunicodeSetsdepƒ0false''falsefalsefalsefalse' 'falsefalsefalseObject
01:06:38.711 9561.4bf2dc71.js:2 由于“保留日志”的原因，已阻止console.clear()
01:06:38.712 9561.4bf2dc71.js:2 Fri Mar 13 2026 01:05:16 GMT+0800 (中国标准时间)
01:06:38.712 9561.4bf2dc71.js:2 由于“保留日志”的原因，已阻止console.clear()
01:06:38.712 9561.4bf2dc71.js:2 {}
01:06:38.713 9561.4bf2dc71.js:2 由于“保留日志”的原因，已阻止console.clear()
01:06:39.228 9561.4bf2dc71.js:2 div
01:06:39.228 9561.4bf2dc71.js:2 由于“保留日志”的原因，已阻止console.clear()
01:06:39.229 9561.4bf2dc71.js:2 ƒ l(){}
01:06:39.229 9561.4bf2dc71.js:2 由于“保留日志”的原因，已阻止console.clear()
01:06:39.229 9561.4bf2dc71.js:2 (索引)toStringlastIndexdotAllflagsglobalhasIndicesignoreCasemultilinesourcestickyunicodeunicodeSets(索引)toStringlastIndexdotAllflagsglobalhasIndicesignoreCasemultilinesourcestickyunicodeunicodeSetsdepƒ0false''falsefalsefalsefalse' 'falsefalsefalseObject
01:06:39.230 9561.4bf2dc71.js:2 由于“保留日志”的原因，已阻止console.clear()
01:06:39.230 9561.4bf2dc71.js:2 Fri Mar 13 2026 01:05:16 GMT+0800 (中国标准时间)
01:06:39.230 9561.4bf2dc71.js:2 由于“保留日志”的原因，已阻止console.clear()
01:06:39.230 9561.4bf2dc71.js:2 {}
01:06:39.231 9561.4bf2dc71.js:2 由于“保留日志”的原因，已阻止console.clear()
01:06:39.743 9561.4bf2dc71.js:2 div
01:06:39.743 9561.4bf2dc71.js:2 由于“保留日志”的原因，已阻止console.clear()
01:06:39.743 9561.4bf2dc71.js:2 ƒ l(){}
01:06:39.744 9561.4bf2dc71.js:2 由于“保留日志”的原因，已阻止console.clear()
01:06:39.744 9561.4bf2dc71.js:2 (索引)toStringlastIndexdotAllflagsglobalhasIndicesignoreCasemultilinesourcestickyunicodeunicodeSets(索引)toStringlastIndexdotAllflagsglobalhasIndicesignoreCasemultilinesourcestickyunicodeunicodeSetsdepƒ0false''falsefalsefalsefalse' 'falsefalsefalseObject
01:06:39.744 9561.4bf2dc71.js:2 由于“保留日志”的原因，已阻止console.clear()
01:06:39.744 9561.4bf2dc71.js:2 Fri Mar 13 2026 01:05:16 GMT+0800 (中国标准时间)
01:06:39.744 9561.4bf2dc71.js:2 由于“保留日志”的原因，已阻止console.clear()
01:06:39.744 9561.4bf2dc71.js:2 {}
01:06:39.744 9561.4bf2dc71.js:2 由于“保留日志”的原因，已阻止console.clear()
01:06:40.247 9561.4bf2dc71.js:2 div
01:06:40.247 9561.4bf2dc71.js:2 由于“保留日志”的原因，已阻止console.clear()
01:06:40.248 9561.4bf2dc71.js:2 ƒ l(){}
01:06:40.248 9561.4bf2dc71.js:2 由于“保留日志”的原因，已阻止console.clear()
01:06:40.248 9561.4bf2dc71.js:2 (索引)toStringlastIndexdotAllflagsglobalhasIndicesignoreCasemultilinesourcestickyunicodeunicodeSets(索引)toStringlastIndexdotAllflagsglobalhasIndicesignoreCasemultilinesourcestickyunicodeunicodeSetsdepƒ0false''falsefalsefalsefalse' 'falsefalsefalseObject
01:06:40.248 9561.4bf2dc71.js:2 由于“保留日志”的原因，已阻止console.clear()
01:06:40.249 9561.4bf2dc71.js:2 Fri Mar 13 2026 01:05:16 GMT+0800 (中国标准时间)
01:06:40.249 9561.4bf2dc71.js:2 由于“保留日志”的原因，已阻止console.clear()
01:06:40.249 9561.4bf2dc71.js:2 {}
01:06:40.249 9561.4bf2dc71.js:2 由于“保留日志”的原因，已阻止console.clear()
01:06:40.751 9561.4bf2dc71.js:2 div
01:06:40.752 9561.4bf2dc71.js:2 由于“保留日志”的原因，已阻止console.clear()
01:06:40.752 9561.4bf2dc71.js:2 ƒ l(){}
01:06:40.752 9561.4bf2dc71.js:2 由于“保留日志”的原因，已阻止console.clear()
01:06:40.752 9561.4bf2dc71.js:2 (索引)toStringlastIndexdotAllflagsglobalhasIndicesignoreCasemultilinesourcestickyunicodeunicodeSets(索引)toStringlastIndexdotAllflagsglobalhasIndicesignoreCasemultilinesourcestickyunicodeunicodeSetsdepƒ0false''falsefalsefalsefalse' 'falsefalsefalseObject
01:06:40.753 9561.4bf2dc71.js:2 由于“保留日志”的原因，已阻止console.clear()
01:06:40.753 9561.4bf2dc71.js:2 Fri Mar 13 2026 01:05:16 GMT+0800 (中国标准时间)
01:06:40.754 9561.4bf2dc71.js:2 由于“保留日志”的原因，已阻止console.clear()
01:06:40.754 9561.4bf2dc71.js:2 {}
01:06:40.755 9561.4bf2dc71.js:2 由于“保留日志”的原因，已阻止console.clear()
01:06:41.268 9561.4bf2dc71.js:2 div
01:06:41.268 9561.4bf2dc71.js:2 由于“保留日志”的原因，已阻止console.clear()
01:06:41.269 9561.4bf2dc71.js:2 ƒ l(){}
01:06:41.269 9561.4bf2dc71.js:2 由于“保留日志”的原因，已阻止console.clear()
01:06:41.269 9561.4bf2dc71.js:2 (索引)toStringlastIndexdotAllflagsglobalhasIndicesignoreCasemultilinesourcestickyunicodeunicodeSets(索引)toStringlastIndexdotAllflagsglobalhasIndicesignoreCasemultilinesourcestickyunicodeunicodeSetsdepƒ0false''falsefalsefalsefalse' 'falsefalsefalseObject
01:06:41.269 9561.4bf2dc71.js:2 由于“保留日志”的原因，已阻止console.clear()
01:06:41.270 9561.4bf2dc71.js:2 Fri Mar 13 2026 01:05:16 GMT+0800 (中国标准时间)
01:06:41.270 9561.4bf2dc71.js:2 由于“保留日志”的原因，已阻止console.clear()
01:06:41.270 9561.4bf2dc71.js:2 {}
01:06:41.270 9561.4bf2dc71.js:2 由于“保留日志”的原因，已阻止console.clear()
01:06:41.774 9561.4bf2dc71.js:2 div
01:06:41.774 9561.4bf2dc71.js:2 由于“保留日志”的原因，已阻止console.clear()
01:06:41.774 9561.4bf2dc71.js:2 ƒ l(){}
01:06:41.775 9561.4bf2dc71.js:2 由于“保留日志”的原因，已阻止console.clear()
01:06:41.775 9561.4bf2dc71.js:2 (索引)toStringlastIndexdotAllflagsglobalhasIndicesignoreCasemultilinesourcestickyunicodeunicodeSets(索引)toStringlastIndexdotAllflagsglobalhasIndicesignoreCasemultilinesourcestickyunicodeunicodeSetsdepƒ0false''falsefalsefalsefalse' 'falsefalsefalseObject
01:06:41.775 9561.4bf2dc71.js:2 由于“保留日志”的原因，已阻止console.clear()
01:06:41.775 9561.4bf2dc71.js:2 Fri Mar 13 2026 01:05:16 GMT+0800 (中国标准时间)
01:06:41.776 9561.4bf2dc71.js:2 由于“保留日志”的原因，已阻止console.clear()
01:06:41.776 9561.4bf2dc71.js:2 {}
01:06:41.776 9561.4bf2dc71.js:2 由于“保留日志”的原因，已阻止console.clear()
