23:27:45.881 9561.4bf2dc71.js:2 div
23:27:45.881 9561.4bf2dc71.js:2 由于“保留日志”的原因，已阻止console.clear()
23:27:45.881 9561.4bf2dc71.js:2 ƒ l(){}
23:27:45.881 9561.4bf2dc71.js:2 由于“保留日志”的原因，已阻止console.clear()
23:27:45.881 9561.4bf2dc71.js:2 (索引)toStringlastIndexdotAllflagsglobalhasIndicesignoreCasemultilinesourcestickyunicodeunicodeSets(索引)toStringlastIndexdotAllflagsglobalhasIndicesignoreCasemultilinesourcestickyunicodeunicodeSetsdepƒ0false''falsefalsefalsefalse' 'falsefalsefalseObject
23:27:45.881 9561.4bf2dc71.js:2 由于“保留日志”的原因，已阻止console.clear()
23:27:45.881 9561.4bf2dc71.js:2 Wed Mar 11 2026 23:27:31 GMT+0800 (中国标准时间)
23:27:45.881 9561.4bf2dc71.js:2 由于“保留日志”的原因，已阻止console.clear()
23:27:45.881 9561.4bf2dc71.js:2 {}
23:27:45.881 9561.4bf2dc71.js:2 由于“保留日志”的原因，已阻止console.clear()
23:27:46.395 9561.4bf2dc71.js:2 div
23:27:46.396 9561.4bf2dc71.js:2 由于“保留日志”的原因，已阻止console.clear()
23:27:46.396 9561.4bf2dc71.js:2 ƒ l(){}
23:27:46.396 9561.4bf2dc71.js:2 由于“保留日志”的原因，已阻止console.clear()
23:27:46.396 9561.4bf2dc71.js:2 (索引)toStringlastIndexdotAllflagsglobalhasIndicesignoreCasemultilinesourcestickyunicodeunicodeSets(索引)toStringlastIndexdotAllflagsglobalhasIndicesignoreCasemultilinesourcestickyunicodeunicodeSetsdepƒ0false''falsefalsefalsefalse' 'falsefalsefalseObject
23:27:46.397 9561.4bf2dc71.js:2 由于“保留日志”的原因，已阻止console.clear()
23:27:46.397 9561.4bf2dc71.js:2 Wed Mar 11 2026 23:27:31 GMT+0800 (中国标准时间)
23:27:46.397 9561.4bf2dc71.js:2 由于“保留日志”的原因，已阻止console.clear()
23:27:46.397 9561.4bf2dc71.js:2 {}
23:27:46.398 9561.4bf2dc71.js:2 由于“保留日志”的原因，已阻止console.clear()
23:27:46.596 log.ts:179 [debug 23:27:46 ] 等待课程数据... 15
23:27:46.837 log.ts:197  [warn 23:27:46 ] 请注意!最小化可能导致视频无法正常播放!允许切换窗口.
Warn @ log.ts:197
eval @ mooc.ts:52
23:27:46.837 8222.6209a852.chunk.js:1 document.visibilityState:  hidden
23:27:46.837   react-intl-universal key "b698998e" not defined in zh
warningHandler @ 9561.4bf2dc71.js:2
value @ 9561.4bf2dc71.js:2
p @ 9561.4bf2dc71.js:2
value @ 8222.6209a852.chunk.js:1
Le @ 9561.4bf2dc71.js:2
(匿名) @ 9561.4bf2dc71.js:2
pe @ 9561.4bf2dc71.js:2
e.track @ 9561.4bf2dc71.js:2
n @ 9561.4bf2dc71.js:2
Xi @ 9561.4bf2dc71.js:2
$i @ 9561.4bf2dc71.js:2
Cs @ 9561.4bf2dc71.js:2
wc @ 9561.4bf2dc71.js:2
_c @ 9561.4bf2dc71.js:2
dc @ 9561.4bf2dc71.js:2
(匿名) @ 9561.4bf2dc71.js:2
t.unstable_runWithPriority @ 9561.4bf2dc71.js:2
qo @ 9561.4bf2dc71.js:2
Xo @ 9561.4bf2dc71.js:2
$o @ 9561.4bf2dc71.js:2
ic @ 9561.4bf2dc71.js:2
enqueueSetState @ 9561.4bf2dc71.js:2
b.setState @ 9561.4bf2dc71.js:2
e.stopTimer @ 8222.6209a852.chunk.js:1
e.handlePageVisible @ 8222.6209a852.chunk.js:1
23:27:46.838   react-intl-universal key "7c1b3891" not defined in zh
warningHandler @ 9561.4bf2dc71.js:2
value @ 9561.4bf2dc71.js:2
p @ 9561.4bf2dc71.js:2
value @ 8222.6209a852.chunk.js:1
Le @ 9561.4bf2dc71.js:2
(匿名) @ 9561.4bf2dc71.js:2
pe @ 9561.4bf2dc71.js:2
e.track @ 9561.4bf2dc71.js:2
n @ 9561.4bf2dc71.js:2
Xi @ 9561.4bf2dc71.js:2
$i @ 9561.4bf2dc71.js:2
Cs @ 9561.4bf2dc71.js:2
wc @ 9561.4bf2dc71.js:2
_c @ 9561.4bf2dc71.js:2
dc @ 9561.4bf2dc71.js:2
(匿名) @ 9561.4bf2dc71.js:2
t.unstable_runWithPriority @ 9561.4bf2dc71.js:2
qo @ 9561.4bf2dc71.js:2
Xo @ 9561.4bf2dc71.js:2
$o @ 9561.4bf2dc71.js:2
ic @ 9561.4bf2dc71.js:2
enqueueSetState @ 9561.4bf2dc71.js:2
b.setState @ 9561.4bf2dc71.js:2
e.stopTimer @ 8222.6209a852.chunk.js:1
e.handlePageVisible @ 8222.6209a852.chunk.js:1
23:27:46.838   react-intl-universal key "625fb26b" not defined in zh
warningHandler @ 9561.4bf2dc71.js:2
value @ 9561.4bf2dc71.js:2
p @ 9561.4bf2dc71.js:2
value @ 8222.6209a852.chunk.js:1
Le @ 9561.4bf2dc71.js:2
(匿名) @ 9561.4bf2dc71.js:2
pe @ 9561.4bf2dc71.js:2
e.track @ 9561.4bf2dc71.js:2
n @ 9561.4bf2dc71.js:2
Xi @ 9561.4bf2dc71.js:2
$i @ 9561.4bf2dc71.js:2
Cs @ 9561.4bf2dc71.js:2
wc @ 9561.4bf2dc71.js:2
_c @ 9561.4bf2dc71.js:2
dc @ 9561.4bf2dc71.js:2
(匿名) @ 9561.4bf2dc71.js:2
t.unstable_runWithPriority @ 9561.4bf2dc71.js:2
qo @ 9561.4bf2dc71.js:2
Xo @ 9561.4bf2dc71.js:2
$o @ 9561.4bf2dc71.js:2
ic @ 9561.4bf2dc71.js:2
enqueueSetState @ 9561.4bf2dc71.js:2
b.setState @ 9561.4bf2dc71.js:2
e.stopTimer @ 8222.6209a852.chunk.js:1
e.handlePageVisible @ 8222.6209a852.chunk.js:1
23:27:46.838   react-intl-universal key "aa98ad92" not defined in zh
warningHandler @ 9561.4bf2dc71.js:2
value @ 9561.4bf2dc71.js:2
p @ 9561.4bf2dc71.js:2
value @ 8222.6209a852.chunk.js:1
Le @ 9561.4bf2dc71.js:2
(匿名) @ 9561.4bf2dc71.js:2
pe @ 9561.4bf2dc71.js:2
e.track @ 9561.4bf2dc71.js:2
n @ 9561.4bf2dc71.js:2
Xi @ 9561.4bf2dc71.js:2
$i @ 9561.4bf2dc71.js:2
Cs @ 9561.4bf2dc71.js:2
wc @ 9561.4bf2dc71.js:2
_c @ 9561.4bf2dc71.js:2
dc @ 9561.4bf2dc71.js:2
(匿名) @ 9561.4bf2dc71.js:2
t.unstable_runWithPriority @ 9561.4bf2dc71.js:2
qo @ 9561.4bf2dc71.js:2
Xo @ 9561.4bf2dc71.js:2
$o @ 9561.4bf2dc71.js:2
ic @ 9561.4bf2dc71.js:2
enqueueSetState @ 9561.4bf2dc71.js:2
b.setState @ 9561.4bf2dc71.js:2
e.stopTimer @ 8222.6209a852.chunk.js:1
e.handlePageVisible @ 8222.6209a852.chunk.js:1
23:27:46.838   react-intl-universal key "fe033787" not defined in zh
warningHandler @ 9561.4bf2dc71.js:2
value @ 9561.4bf2dc71.js:2
p @ 9561.4bf2dc71.js:2
value @ 8222.6209a852.chunk.js:1
Le @ 9561.4bf2dc71.js:2
(匿名) @ 9561.4bf2dc71.js:2
pe @ 9561.4bf2dc71.js:2
e.track @ 9561.4bf2dc71.js:2
n @ 9561.4bf2dc71.js:2
Xi @ 9561.4bf2dc71.js:2
$i @ 9561.4bf2dc71.js:2
Cs @ 9561.4bf2dc71.js:2
wc @ 9561.4bf2dc71.js:2
_c @ 9561.4bf2dc71.js:2
dc @ 9561.4bf2dc71.js:2
(匿名) @ 9561.4bf2dc71.js:2
t.unstable_runWithPriority @ 9561.4bf2dc71.js:2
qo @ 9561.4bf2dc71.js:2
Xo @ 9561.4bf2dc71.js:2
$o @ 9561.4bf2dc71.js:2
ic @ 9561.4bf2dc71.js:2
enqueueSetState @ 9561.4bf2dc71.js:2
b.setState @ 9561.4bf2dc71.js:2
e.stopTimer @ 8222.6209a852.chunk.js:1
e.handlePageVisible @ 8222.6209a852.chunk.js:1
23:27:46.838   react-intl-universal key "40e20dd4" not defined in zh
warningHandler @ 9561.4bf2dc71.js:2
value @ 9561.4bf2dc71.js:2
p @ 9561.4bf2dc71.js:2
value @ 8222.6209a852.chunk.js:1
Le @ 9561.4bf2dc71.js:2
(匿名) @ 9561.4bf2dc71.js:2
pe @ 9561.4bf2dc71.js:2
e.track @ 9561.4bf2dc71.js:2
n @ 9561.4bf2dc71.js:2
Xi @ 9561.4bf2dc71.js:2
$i @ 9561.4bf2dc71.js:2
Cs @ 9561.4bf2dc71.js:2
wc @ 9561.4bf2dc71.js:2
_c @ 9561.4bf2dc71.js:2
dc @ 9561.4bf2dc71.js:2
(匿名) @ 9561.4bf2dc71.js:2
t.unstable_runWithPriority @ 9561.4bf2dc71.js:2
qo @ 9561.4bf2dc71.js:2
Xo @ 9561.4bf2dc71.js:2
$o @ 9561.4bf2dc71.js:2
ic @ 9561.4bf2dc71.js:2
enqueueSetState @ 9561.4bf2dc71.js:2
b.setState @ 9561.4bf2dc71.js:2
e.stopTimer @ 8222.6209a852.chunk.js:1
e.handlePageVisible @ 8222.6209a852.chunk.js:1
23:27:46.873 已导航到https://zsgl.lzlj.com/
23:27:47.049 log.ts:179 [debug 23:27:47 ] Start document state: loading
23:27:47.049 mooc.ts:8 create mooc
23:27:47.049 log.ts:188 [info 23:27:47 ] 当前平台：zsgl
23:27:47.049 mooc.ts:30 mooc start ZsglCourse {event: {…}, taskList: Array(0), courseDetailData: Array(0), timerManager: TimerManager, taskIndex: 0}
23:27:47.050 log.ts:179 [debug 23:27:47 ] 初始化course课程任务
23:27:47.050 log.ts:179 [debug 23:27:47 ] 当前页面URL: https://zsgl.lzlj.com/#/home/courseDetail/N006221
23:27:47.050 log.ts:179 [debug 23:27:47 ] 当前页面hash: #/home/courseDetail/N006221
23:27:47.050 log.ts:179 [debug 23:27:47 ] 设置HTTP钩子，监听: queryCourseDetail.do
23:27:47.063 webim.min.js:1 navigator.userAgent=mozilla/5.0 (windows nt 10.0; win64; x64) applewebkit/537.36 (khtml, like gecko) chrome/145.0.0.0 safari/537.36 edg/145.0.0.0
23:27:47.063 webim.min.js:1 BROWSER_INFO: type=chrome, ver=145.0.0.0
23:27:47.547 log.ts:179 [debug 23:27:47 ] 拦截到HTTP请求: /znWeb/znPortal/lang/zh.json
23:27:47.548 9561.4bf2dc71.js:2 div
23:27:47.548 9561.4bf2dc71.js:2 由于“保留日志”的原因，已阻止console.clear()
23:27:47.549 9561.4bf2dc71.js:2 ƒ l(){}
23:27:47.549 9561.4bf2dc71.js:2 由于“保留日志”的原因，已阻止console.clear()
23:27:47.549 main.2faaeed8.js:1 0530-1
23:27:47.549 9561.4bf2dc71.js:2 (索引)toStringlastIndexdotAllflagsglobalhasIndicesignoreCasemultilinesourcestickyunicodeunicodeSets(索引)toStringlastIndexdotAllflagsglobalhasIndicesignoreCasemultilinesourcestickyunicodeunicodeSetsdepƒ0false''falsefalsefalsefalse' 'falsefalsefalseObject
23:27:47.549 9561.4bf2dc71.js:2 由于“保留日志”的原因，已阻止console.clear()
23:27:47.566 main.2faaeed8.js:1 showSearch true
23:27:47.580 9561.4bf2dc71.js:2 Wed Mar 11 2026 23:27:47 GMT+0800 (中国标准时间)
23:27:47.581 9561.4bf2dc71.js:2 由于“保留日志”的原因，已阻止console.clear()
23:27:47.581 log.ts:179 [debug 23:27:47 ] 拦截到HTTP请求: /learn/app/clientapi/home/pc/queryHomeChannelModule.do?pageId=SY0010092&sid=5A670D84669445FC9794E23620100D76&os=99
23:27:47.582 log.ts:179 [debug 23:27:47 ] 拦截到HTTP请求: /learn/app/clientapi/home/getPcGlobalManagement.do?pageId=SY0010092&sid=5A670D84669445FC9794E23620100D76&os=99
23:27:47.582 log.ts:179 [debug 23:27:47 ] 拦截到HTTP请求: /learn/app/getGlobalTimestamp.do?os=99&sid=5A670D84669445FC9794E23620100D76
23:27:47.583 9561.4bf2dc71.js:2 {}
23:27:47.583 9561.4bf2dc71.js:2 由于“保留日志”的原因，已阻止console.clear()
23:27:47.612 main.2faaeed8.js:1 showSearch true
23:27:47.615 log.ts:179 [debug 23:27:47 ] 拦截到HTTP请求: /learn/app/clientapi/home/pc/userPermissions.do?os=99&sid=5A670D84669445FC9794E23620100D76
23:27:47.615 log.ts:179 [debug 23:27:47 ] 拦截到HTTP请求: /learn/app/clientapi/home/pc/queryHomeGlobalInfo.do?pageId=SY0010092&sid=5A670D84669445FC9794E23620100D76&os=99
23:27:47.616 log.ts:179 [debug 23:27:47 ] 拦截到HTTP请求: /learn/app/clientapi/message/getMessageListType.do?sid=5A670D84669445FC9794E23620100D76&os=99
23:27:47.628 log.ts:179 [debug 23:27:47 ] document.addEventListener(load)
23:27:47.629 log.ts:179 [debug 23:27:47 ] OperateCard 课程详情数据长度: 0
23:27:47.629 log.ts:197  [warn 23:27:47 ] 课程详情数据为空，等待数据...
Warn @ log.ts:197
eval @ course.ts:181
eval @ course.ts:8
__awaiter @ course.ts:4
OperateCard @ course.ts:178
eval @ course.ts:64
eval @ course.ts:8
__awaiter @ course.ts:4
eval @ course.ts:57
23:27:47.629 mooc.ts:33 mooc初始化完成 ZsglCourse {event: {…}, taskList: Array(0), courseDetailData: Array(0), timerManager: TimerManager, taskIndex: 0}
23:27:47.629 mooc.ts:34 Next() {
        return new Promise((resolve) => {
            if (this.taskList.length > this.taskIndex) {
                resolve(this.taskList[this.taskIndex]);
                return this.taskInd… 'mooc.Next'
23:27:47.629 log.ts:179 [debug 23:27:47 ] runMoocTask 开始执行任务:
23:27:47.831 main.2faaeed8.js:1 --------------- Wed Mar 11 2026 23:27:47 GMT+0800 (中国标准时间)
23:27:47.832 log.ts:179 [debug 23:27:47 ] 拦截到HTTP请求: /learn/app/clientapi/home/pc/queryUserHomeList.do?time=1773242867831&sid=5A670D84669445FC9794E23620100D76&os=99
23:27:47.853 log.ts:179 [debug 23:27:47 ] 拦截到HTTP请求: /learn/app/clientapi/misc/queryVasOperation2NativeList.do?sid=5A670D84669445FC9794E23620100D76&os=99
23:27:48.060 main.2faaeed8.js:1 showSearch true
23:27:48.075 main.2faaeed8.js:1 com.mlearning.paznluzhoulaojiao appId-------
23:27:48.078 log.ts:179 [debug 23:27:48 ] 拦截到HTTP请求: /learn/app/newPersonDetail.do?sid=5A670D84669445FC9794E23620100D76&os=99
23:27:48.079 log.ts:179 [debug 23:27:48 ] 拦截到HTTP请求: /learn-login/queryUserInfoBound.do?os=99&sid=5A670D84669445FC9794E23620100D76
23:27:48.081 log.ts:179 [debug 23:27:48 ] 拦截到HTTP请求: /learn/app/clientapi/knowledgecloud/home/getPermissionStatus.do?sid=5A670D84669445FC9794E23620100D76&os=99
23:27:48.088 9561.4bf2dc71.js:2 div
23:27:48.088 9561.4bf2dc71.js:2 由于“保留日志”的原因，已阻止console.clear()
23:27:48.088 9561.4bf2dc71.js:2 ƒ l(){}
23:27:48.088 9561.4bf2dc71.js:2 由于“保留日志”的原因，已阻止console.clear()
23:27:48.089 9561.4bf2dc71.js:2 (索引)toStringlastIndexdotAllflagsglobalhasIndicesignoreCasemultilinesourcestickyunicodeunicodeSets(索引)toStringlastIndexdotAllflagsglobalhasIndicesignoreCasemultilinesourcestickyunicodeunicodeSetsdepƒ0false''falsefalsefalsefalse' 'falsefalsefalseObject
23:27:48.089 9561.4bf2dc71.js:2 由于“保留日志”的原因，已阻止console.clear()
23:27:48.089 9561.4bf2dc71.js:2 Wed Mar 11 2026 23:27:47 GMT+0800 (中国标准时间)
23:27:48.089 9561.4bf2dc71.js:2 由于“保留日志”的原因，已阻止console.clear()
23:27:48.089 9561.4bf2dc71.js:2 {}
23:27:48.089 9561.4bf2dc71.js:2 由于“保留日志”的原因，已阻止console.clear()
23:27:48.099 main.2faaeed8.js:1 showSearch true
23:27:48.307 main.2faaeed8.js:1 showSearch true
23:27:48.320 9561.4bf2dc71.js:2  react-intl-universal key "7da531ec" not defined in zh
warningHandler @ 9561.4bf2dc71.js:2
value @ 9561.4bf2dc71.js:2
p @ 9561.4bf2dc71.js:2
16504 @ 2269.5c46b420.chunk.js:1
n @ main.2faaeed8.js:1
79181 @ 8222.6209a852.chunk.js:1
n @ main.2faaeed8.js:1
12491 @ 808.d56623c9.chunk.js:1
n @ main.2faaeed8.js:1
Promise.then
(匿名) @ main.2faaeed8.js:1
(匿名) @ 9561.4bf2dc71.js:2
Cs @ 9561.4bf2dc71.js:2
wc @ 9561.4bf2dc71.js:2
_c @ 9561.4bf2dc71.js:2
dc @ 9561.4bf2dc71.js:2
(匿名) @ 9561.4bf2dc71.js:2
t.unstable_runWithPriority @ 9561.4bf2dc71.js:2
qo @ 9561.4bf2dc71.js:2
Xo @ 9561.4bf2dc71.js:2
$o @ 9561.4bf2dc71.js:2
ic @ 9561.4bf2dc71.js:2
enqueueSetState @ 9561.4bf2dc71.js:2
b.setState @ 9561.4bf2dc71.js:2
(匿名) @ main.2faaeed8.js:1
u @ 9561.4bf2dc71.js:2
(匿名) @ 9561.4bf2dc71.js:2
(匿名) @ 9561.4bf2dc71.js:2
r @ 9561.4bf2dc71.js:2
s @ 9561.4bf2dc71.js:2
Promise.then
r @ 9561.4bf2dc71.js:2
s @ 9561.4bf2dc71.js:2
(匿名) @ 9561.4bf2dc71.js:2
(匿名) @ 9561.4bf2dc71.js:2
(匿名) @ main.2faaeed8.js:1
za @ 9561.4bf2dc71.js:2
$i @ 9561.4bf2dc71.js:2
Cs @ 9561.4bf2dc71.js:2
wc @ 9561.4bf2dc71.js:2
_c @ 9561.4bf2dc71.js:2
dc @ 9561.4bf2dc71.js:2
ic @ 9561.4bf2dc71.js:2
Gc @ 9561.4bf2dc71.js:2
(匿名) @ 9561.4bf2dc71.js:2
pc @ 9561.4bf2dc71.js:2
el @ 9561.4bf2dc71.js:2
render @ 9561.4bf2dc71.js:2
(匿名) @ main.2faaeed8.js:1
u @ 9561.4bf2dc71.js:2
(匿名) @ 9561.4bf2dc71.js:2
(匿名) @ 9561.4bf2dc71.js:2
r @ 9561.4bf2dc71.js:2
s @ 9561.4bf2dc71.js:2
Promise.then
r @ 9561.4bf2dc71.js:2
s @ 9561.4bf2dc71.js:2
(匿名) @ 9561.4bf2dc71.js:2
(匿名) @ 9561.4bf2dc71.js:2
(匿名) @ main.2faaeed8.js:1
(匿名) @ main.2faaeed8.js:1
u @ 9561.4bf2dc71.js:2
(匿名) @ 9561.4bf2dc71.js:2
(匿名) @ 9561.4bf2dc71.js:2
r @ 9561.4bf2dc71.js:2
s @ 9561.4bf2dc71.js:2
Promise.then
r @ 9561.4bf2dc71.js:2
s @ 9561.4bf2dc71.js:2
Promise.then
r @ 9561.4bf2dc71.js:2
s @ 9561.4bf2dc71.js:2
(匿名) @ 9561.4bf2dc71.js:2
(匿名) @ 9561.4bf2dc71.js:2
49209 @ main.2faaeed8.js:1
n @ main.2faaeed8.js:1
(匿名) @ main.2faaeed8.js:1
n.O @ main.2faaeed8.js:1
(匿名) @ main.2faaeed8.js:1
(匿名) @ main.2faaeed8.js:1
(匿名) @ main.2faaeed8.js:1
(匿名) @ main.2faaeed8.js:1
23:27:48.320 9561.4bf2dc71.js:2  react-intl-universal key "9516572f" not defined in zh
warningHandler @ 9561.4bf2dc71.js:2
value @ 9561.4bf2dc71.js:2
p @ 9561.4bf2dc71.js:2
16504 @ 2269.5c46b420.chunk.js:1
n @ main.2faaeed8.js:1
79181 @ 8222.6209a852.chunk.js:1
n @ main.2faaeed8.js:1
12491 @ 808.d56623c9.chunk.js:1
n @ main.2faaeed8.js:1
Promise.then
(匿名) @ main.2faaeed8.js:1
(匿名) @ 9561.4bf2dc71.js:2
Cs @ 9561.4bf2dc71.js:2
wc @ 9561.4bf2dc71.js:2
_c @ 9561.4bf2dc71.js:2
dc @ 9561.4bf2dc71.js:2
(匿名) @ 9561.4bf2dc71.js:2
t.unstable_runWithPriority @ 9561.4bf2dc71.js:2
qo @ 9561.4bf2dc71.js:2
Xo @ 9561.4bf2dc71.js:2
$o @ 9561.4bf2dc71.js:2
ic @ 9561.4bf2dc71.js:2
enqueueSetState @ 9561.4bf2dc71.js:2
b.setState @ 9561.4bf2dc71.js:2
(匿名) @ main.2faaeed8.js:1
u @ 9561.4bf2dc71.js:2
(匿名) @ 9561.4bf2dc71.js:2
(匿名) @ 9561.4bf2dc71.js:2
r @ 9561.4bf2dc71.js:2
s @ 9561.4bf2dc71.js:2
Promise.then
r @ 9561.4bf2dc71.js:2
s @ 9561.4bf2dc71.js:2
(匿名) @ 9561.4bf2dc71.js:2
(匿名) @ 9561.4bf2dc71.js:2
(匿名) @ main.2faaeed8.js:1
za @ 9561.4bf2dc71.js:2
$i @ 9561.4bf2dc71.js:2
Cs @ 9561.4bf2dc71.js:2
wc @ 9561.4bf2dc71.js:2
_c @ 9561.4bf2dc71.js:2
dc @ 9561.4bf2dc71.js:2
ic @ 9561.4bf2dc71.js:2
Gc @ 9561.4bf2dc71.js:2
(匿名) @ 9561.4bf2dc71.js:2
pc @ 9561.4bf2dc71.js:2
el @ 9561.4bf2dc71.js:2
render @ 9561.4bf2dc71.js:2
(匿名) @ main.2faaeed8.js:1
u @ 9561.4bf2dc71.js:2
(匿名) @ 9561.4bf2dc71.js:2
(匿名) @ 9561.4bf2dc71.js:2
r @ 9561.4bf2dc71.js:2
s @ 9561.4bf2dc71.js:2
Promise.then
r @ 9561.4bf2dc71.js:2
s @ 9561.4bf2dc71.js:2
(匿名) @ 9561.4bf2dc71.js:2
(匿名) @ 9561.4bf2dc71.js:2
(匿名) @ main.2faaeed8.js:1
(匿名) @ main.2faaeed8.js:1
u @ 9561.4bf2dc71.js:2
(匿名) @ 9561.4bf2dc71.js:2
(匿名) @ 9561.4bf2dc71.js:2
r @ 9561.4bf2dc71.js:2
s @ 9561.4bf2dc71.js:2
Promise.then
r @ 9561.4bf2dc71.js:2
s @ 9561.4bf2dc71.js:2
Promise.then
r @ 9561.4bf2dc71.js:2
s @ 9561.4bf2dc71.js:2
(匿名) @ 9561.4bf2dc71.js:2
(匿名) @ 9561.4bf2dc71.js:2
49209 @ main.2faaeed8.js:1
n @ main.2faaeed8.js:1
(匿名) @ main.2faaeed8.js:1
n.O @ main.2faaeed8.js:1
(匿名) @ main.2faaeed8.js:1
(匿名) @ main.2faaeed8.js:1
(匿名) @ main.2faaeed8.js:1
(匿名) @ main.2faaeed8.js:1
23:27:48.320 9561.4bf2dc71.js:2  react-intl-universal key "c6dd8b8f" not defined in zh
warningHandler @ 9561.4bf2dc71.js:2
value @ 9561.4bf2dc71.js:2
p @ 9561.4bf2dc71.js:2
16504 @ 2269.5c46b420.chunk.js:1
n @ main.2faaeed8.js:1
79181 @ 8222.6209a852.chunk.js:1
n @ main.2faaeed8.js:1
12491 @ 808.d56623c9.chunk.js:1
n @ main.2faaeed8.js:1
Promise.then
(匿名) @ main.2faaeed8.js:1
(匿名) @ 9561.4bf2dc71.js:2
Cs @ 9561.4bf2dc71.js:2
wc @ 9561.4bf2dc71.js:2
_c @ 9561.4bf2dc71.js:2
dc @ 9561.4bf2dc71.js:2
(匿名) @ 9561.4bf2dc71.js:2
t.unstable_runWithPriority @ 9561.4bf2dc71.js:2
qo @ 9561.4bf2dc71.js:2
Xo @ 9561.4bf2dc71.js:2
$o @ 9561.4bf2dc71.js:2
ic @ 9561.4bf2dc71.js:2
enqueueSetState @ 9561.4bf2dc71.js:2
b.setState @ 9561.4bf2dc71.js:2
(匿名) @ main.2faaeed8.js:1
u @ 9561.4bf2dc71.js:2
(匿名) @ 9561.4bf2dc71.js:2
(匿名) @ 9561.4bf2dc71.js:2
r @ 9561.4bf2dc71.js:2
s @ 9561.4bf2dc71.js:2
Promise.then
r @ 9561.4bf2dc71.js:2
s @ 9561.4bf2dc71.js:2
(匿名) @ 9561.4bf2dc71.js:2
(匿名) @ 9561.4bf2dc71.js:2
(匿名) @ main.2faaeed8.js:1
za @ 9561.4bf2dc71.js:2
$i @ 9561.4bf2dc71.js:2
Cs @ 9561.4bf2dc71.js:2
wc @ 9561.4bf2dc71.js:2
_c @ 9561.4bf2dc71.js:2
dc @ 9561.4bf2dc71.js:2
ic @ 9561.4bf2dc71.js:2
Gc @ 9561.4bf2dc71.js:2
(匿名) @ 9561.4bf2dc71.js:2
pc @ 9561.4bf2dc71.js:2
el @ 9561.4bf2dc71.js:2
render @ 9561.4bf2dc71.js:2
(匿名) @ main.2faaeed8.js:1
u @ 9561.4bf2dc71.js:2
(匿名) @ 9561.4bf2dc71.js:2
(匿名) @ 9561.4bf2dc71.js:2
r @ 9561.4bf2dc71.js:2
s @ 9561.4bf2dc71.js:2
Promise.then
r @ 9561.4bf2dc71.js:2
s @ 9561.4bf2dc71.js:2
(匿名) @ 9561.4bf2dc71.js:2
(匿名) @ 9561.4bf2dc71.js:2
(匿名) @ main.2faaeed8.js:1
(匿名) @ main.2faaeed8.js:1
u @ 9561.4bf2dc71.js:2
(匿名) @ 9561.4bf2dc71.js:2
(匿名) @ 9561.4bf2dc71.js:2
r @ 9561.4bf2dc71.js:2
s @ 9561.4bf2dc71.js:2
Promise.then
r @ 9561.4bf2dc71.js:2
s @ 9561.4bf2dc71.js:2
Promise.then
r @ 9561.4bf2dc71.js:2
s @ 9561.4bf2dc71.js:2
(匿名) @ 9561.4bf2dc71.js:2
(匿名) @ 9561.4bf2dc71.js:2
49209 @ main.2faaeed8.js:1
n @ main.2faaeed8.js:1
(匿名) @ main.2faaeed8.js:1
n.O @ main.2faaeed8.js:1
(匿名) @ main.2faaeed8.js:1
(匿名) @ main.2faaeed8.js:1
(匿名) @ main.2faaeed8.js:1
(匿名) @ main.2faaeed8.js:1
23:27:48.320 9561.4bf2dc71.js:2  react-intl-universal key "f56ec717" not defined in zh
warningHandler @ 9561.4bf2dc71.js:2
value @ 9561.4bf2dc71.js:2
p @ 9561.4bf2dc71.js:2
16504 @ 2269.5c46b420.chunk.js:1
n @ main.2faaeed8.js:1
79181 @ 8222.6209a852.chunk.js:1
n @ main.2faaeed8.js:1
12491 @ 808.d56623c9.chunk.js:1
n @ main.2faaeed8.js:1
Promise.then
(匿名) @ main.2faaeed8.js:1
(匿名) @ 9561.4bf2dc71.js:2
Cs @ 9561.4bf2dc71.js:2
wc @ 9561.4bf2dc71.js:2
_c @ 9561.4bf2dc71.js:2
dc @ 9561.4bf2dc71.js:2
(匿名) @ 9561.4bf2dc71.js:2
t.unstable_runWithPriority @ 9561.4bf2dc71.js:2
qo @ 9561.4bf2dc71.js:2
Xo @ 9561.4bf2dc71.js:2
$o @ 9561.4bf2dc71.js:2
ic @ 9561.4bf2dc71.js:2
enqueueSetState @ 9561.4bf2dc71.js:2
b.setState @ 9561.4bf2dc71.js:2
(匿名) @ main.2faaeed8.js:1
u @ 9561.4bf2dc71.js:2
(匿名) @ 9561.4bf2dc71.js:2
(匿名) @ 9561.4bf2dc71.js:2
r @ 9561.4bf2dc71.js:2
s @ 9561.4bf2dc71.js:2
Promise.then
r @ 9561.4bf2dc71.js:2
s @ 9561.4bf2dc71.js:2
(匿名) @ 9561.4bf2dc71.js:2
(匿名) @ 9561.4bf2dc71.js:2
(匿名) @ main.2faaeed8.js:1
za @ 9561.4bf2dc71.js:2
$i @ 9561.4bf2dc71.js:2
Cs @ 9561.4bf2dc71.js:2
wc @ 9561.4bf2dc71.js:2
_c @ 9561.4bf2dc71.js:2
dc @ 9561.4bf2dc71.js:2
ic @ 9561.4bf2dc71.js:2
Gc @ 9561.4bf2dc71.js:2
(匿名) @ 9561.4bf2dc71.js:2
pc @ 9561.4bf2dc71.js:2
el @ 9561.4bf2dc71.js:2
render @ 9561.4bf2dc71.js:2
(匿名) @ main.2faaeed8.js:1
u @ 9561.4bf2dc71.js:2
(匿名) @ 9561.4bf2dc71.js:2
(匿名) @ 9561.4bf2dc71.js:2
r @ 9561.4bf2dc71.js:2
s @ 9561.4bf2dc71.js:2
Promise.then
r @ 9561.4bf2dc71.js:2
s @ 9561.4bf2dc71.js:2
(匿名) @ 9561.4bf2dc71.js:2
(匿名) @ 9561.4bf2dc71.js:2
(匿名) @ main.2faaeed8.js:1
(匿名) @ main.2faaeed8.js:1
u @ 9561.4bf2dc71.js:2
(匿名) @ 9561.4bf2dc71.js:2
(匿名) @ 9561.4bf2dc71.js:2
r @ 9561.4bf2dc71.js:2
s @ 9561.4bf2dc71.js:2
Promise.then
r @ 9561.4bf2dc71.js:2
s @ 9561.4bf2dc71.js:2
Promise.then
r @ 9561.4bf2dc71.js:2
s @ 9561.4bf2dc71.js:2
(匿名) @ 9561.4bf2dc71.js:2
(匿名) @ 9561.4bf2dc71.js:2
49209 @ main.2faaeed8.js:1
n @ main.2faaeed8.js:1
(匿名) @ main.2faaeed8.js:1
n.O @ main.2faaeed8.js:1
(匿名) @ main.2faaeed8.js:1
(匿名) @ main.2faaeed8.js:1
(匿名) @ main.2faaeed8.js:1
(匿名) @ main.2faaeed8.js:1
23:27:48.320 9561.4bf2dc71.js:2  react-intl-universal key "bd875341" not defined in zh
warningHandler @ 9561.4bf2dc71.js:2
value @ 9561.4bf2dc71.js:2
p @ 9561.4bf2dc71.js:2
16504 @ 2269.5c46b420.chunk.js:1
n @ main.2faaeed8.js:1
79181 @ 8222.6209a852.chunk.js:1
n @ main.2faaeed8.js:1
12491 @ 808.d56623c9.chunk.js:1
n @ main.2faaeed8.js:1
Promise.then
(匿名) @ main.2faaeed8.js:1
(匿名) @ 9561.4bf2dc71.js:2
Cs @ 9561.4bf2dc71.js:2
wc @ 9561.4bf2dc71.js:2
_c @ 9561.4bf2dc71.js:2
dc @ 9561.4bf2dc71.js:2
(匿名) @ 9561.4bf2dc71.js:2
t.unstable_runWithPriority @ 9561.4bf2dc71.js:2
qo @ 9561.4bf2dc71.js:2
Xo @ 9561.4bf2dc71.js:2
$o @ 9561.4bf2dc71.js:2
ic @ 9561.4bf2dc71.js:2
enqueueSetState @ 9561.4bf2dc71.js:2
b.setState @ 9561.4bf2dc71.js:2
(匿名) @ main.2faaeed8.js:1
u @ 9561.4bf2dc71.js:2
(匿名) @ 9561.4bf2dc71.js:2
(匿名) @ 9561.4bf2dc71.js:2
r @ 9561.4bf2dc71.js:2
s @ 9561.4bf2dc71.js:2
Promise.then
r @ 9561.4bf2dc71.js:2
s @ 9561.4bf2dc71.js:2
(匿名) @ 9561.4bf2dc71.js:2
(匿名) @ 9561.4bf2dc71.js:2
(匿名) @ main.2faaeed8.js:1
za @ 9561.4bf2dc71.js:2
$i @ 9561.4bf2dc71.js:2
Cs @ 9561.4bf2dc71.js:2
wc @ 9561.4bf2dc71.js:2
_c @ 9561.4bf2dc71.js:2
dc @ 9561.4bf2dc71.js:2
ic @ 9561.4bf2dc71.js:2
Gc @ 9561.4bf2dc71.js:2
(匿名) @ 9561.4bf2dc71.js:2
pc @ 9561.4bf2dc71.js:2
el @ 9561.4bf2dc71.js:2
render @ 9561.4bf2dc71.js:2
(匿名) @ main.2faaeed8.js:1
u @ 9561.4bf2dc71.js:2
(匿名) @ 9561.4bf2dc71.js:2
(匿名) @ 9561.4bf2dc71.js:2
r @ 9561.4bf2dc71.js:2
s @ 9561.4bf2dc71.js:2
Promise.then
r @ 9561.4bf2dc71.js:2
s @ 9561.4bf2dc71.js:2
(匿名) @ 9561.4bf2dc71.js:2
(匿名) @ 9561.4bf2dc71.js:2
(匿名) @ main.2faaeed8.js:1
(匿名) @ main.2faaeed8.js:1
u @ 9561.4bf2dc71.js:2
(匿名) @ 9561.4bf2dc71.js:2
(匿名) @ 9561.4bf2dc71.js:2
r @ 9561.4bf2dc71.js:2
s @ 9561.4bf2dc71.js:2
Promise.then
r @ 9561.4bf2dc71.js:2
s @ 9561.4bf2dc71.js:2
Promise.then
r @ 9561.4bf2dc71.js:2
s @ 9561.4bf2dc71.js:2
(匿名) @ 9561.4bf2dc71.js:2
(匿名) @ 9561.4bf2dc71.js:2
49209 @ main.2faaeed8.js:1
n @ main.2faaeed8.js:1
(匿名) @ main.2faaeed8.js:1
n.O @ main.2faaeed8.js:1
(匿名) @ main.2faaeed8.js:1
(匿名) @ main.2faaeed8.js:1
(匿名) @ main.2faaeed8.js:1
(匿名) @ main.2faaeed8.js:1
23:27:48.338 9561.4bf2dc71.js:2  react-intl-universal key "e2d15efb" not defined in zh
warningHandler @ 9561.4bf2dc71.js:2
value @ 9561.4bf2dc71.js:2
p @ 9561.4bf2dc71.js:2
value @ 808.d56623c9.chunk.js:1
Xi @ 9561.4bf2dc71.js:2
$i @ 9561.4bf2dc71.js:2
Cs @ 9561.4bf2dc71.js:2
wc @ 9561.4bf2dc71.js:2
_c @ 9561.4bf2dc71.js:2
dc @ 9561.4bf2dc71.js:2
(匿名) @ 9561.4bf2dc71.js:2
t.unstable_runWithPriority @ 9561.4bf2dc71.js:2
qo @ 9561.4bf2dc71.js:2
Xo @ 9561.4bf2dc71.js:2
j @ 9561.4bf2dc71.js:2
M.port1.onmessage @ 9561.4bf2dc71.js:2
23:27:48.338 9561.4bf2dc71.js:2  react-intl-universal key "f5444d4a" not defined in zh
warningHandler @ 9561.4bf2dc71.js:2
value @ 9561.4bf2dc71.js:2
p @ 9561.4bf2dc71.js:2
value @ 808.d56623c9.chunk.js:1
Xi @ 9561.4bf2dc71.js:2
$i @ 9561.4bf2dc71.js:2
Cs @ 9561.4bf2dc71.js:2
wc @ 9561.4bf2dc71.js:2
_c @ 9561.4bf2dc71.js:2
dc @ 9561.4bf2dc71.js:2
(匿名) @ 9561.4bf2dc71.js:2
t.unstable_runWithPriority @ 9561.4bf2dc71.js:2
qo @ 9561.4bf2dc71.js:2
Xo @ 9561.4bf2dc71.js:2
j @ 9561.4bf2dc71.js:2
M.port1.onmessage @ 9561.4bf2dc71.js:2
23:27:48.338 9561.4bf2dc71.js:2  react-intl-universal key "1655dd5f" not defined in zh
warningHandler @ 9561.4bf2dc71.js:2
value @ 9561.4bf2dc71.js:2
p @ 9561.4bf2dc71.js:2
value @ 808.d56623c9.chunk.js:1
Xi @ 9561.4bf2dc71.js:2
$i @ 9561.4bf2dc71.js:2
Cs @ 9561.4bf2dc71.js:2
wc @ 9561.4bf2dc71.js:2
_c @ 9561.4bf2dc71.js:2
dc @ 9561.4bf2dc71.js:2
(匿名) @ 9561.4bf2dc71.js:2
t.unstable_runWithPriority @ 9561.4bf2dc71.js:2
qo @ 9561.4bf2dc71.js:2
Xo @ 9561.4bf2dc71.js:2
j @ 9561.4bf2dc71.js:2
M.port1.onmessage @ 9561.4bf2dc71.js:2
23:27:48.338 9561.4bf2dc71.js:2  react-intl-universal key "e7d2e85a" not defined in zh
warningHandler @ 9561.4bf2dc71.js:2
value @ 9561.4bf2dc71.js:2
p @ 9561.4bf2dc71.js:2
value @ 808.d56623c9.chunk.js:1
Xi @ 9561.4bf2dc71.js:2
$i @ 9561.4bf2dc71.js:2
Cs @ 9561.4bf2dc71.js:2
wc @ 9561.4bf2dc71.js:2
_c @ 9561.4bf2dc71.js:2
dc @ 9561.4bf2dc71.js:2
(匿名) @ 9561.4bf2dc71.js:2
t.unstable_runWithPriority @ 9561.4bf2dc71.js:2
qo @ 9561.4bf2dc71.js:2
Xo @ 9561.4bf2dc71.js:2
j @ 9561.4bf2dc71.js:2
M.port1.onmessage @ 9561.4bf2dc71.js:2
23:27:48.343 9561.4bf2dc71.js:2  react-intl-universal key "447595d5" not defined in zh
warningHandler @ 9561.4bf2dc71.js:2
value @ 9561.4bf2dc71.js:2
p @ 9561.4bf2dc71.js:2
(匿名) @ 8222.6209a852.chunk.js:1
hi @ 9561.4bf2dc71.js:2
Cs @ 9561.4bf2dc71.js:2
wc @ 9561.4bf2dc71.js:2
_c @ 9561.4bf2dc71.js:2
dc @ 9561.4bf2dc71.js:2
(匿名) @ 9561.4bf2dc71.js:2
t.unstable_runWithPriority @ 9561.4bf2dc71.js:2
qo @ 9561.4bf2dc71.js:2
Xo @ 9561.4bf2dc71.js:2
j @ 9561.4bf2dc71.js:2
M.port1.onmessage @ 9561.4bf2dc71.js:2
23:27:48.350 main.2faaeed8.js:1 showSearch true
23:27:48.352 9561.4bf2dc71.js:2  react-intl-universal key "e2d15efb" not defined in zh
warningHandler @ 9561.4bf2dc71.js:2
value @ 9561.4bf2dc71.js:2
p @ 9561.4bf2dc71.js:2
value @ 808.d56623c9.chunk.js:1
Xi @ 9561.4bf2dc71.js:2
$i @ 9561.4bf2dc71.js:2
Cs @ 9561.4bf2dc71.js:2
wc @ 9561.4bf2dc71.js:2
_c @ 9561.4bf2dc71.js:2
dc @ 9561.4bf2dc71.js:2
(匿名) @ 9561.4bf2dc71.js:2
t.unstable_runWithPriority @ 9561.4bf2dc71.js:2
qo @ 9561.4bf2dc71.js:2
Xo @ 9561.4bf2dc71.js:2
j @ 9561.4bf2dc71.js:2
M.port1.onmessage @ 9561.4bf2dc71.js:2
23:27:48.352 9561.4bf2dc71.js:2  react-intl-universal key "f5444d4a" not defined in zh
warningHandler @ 9561.4bf2dc71.js:2
value @ 9561.4bf2dc71.js:2
p @ 9561.4bf2dc71.js:2
value @ 808.d56623c9.chunk.js:1
Xi @ 9561.4bf2dc71.js:2
$i @ 9561.4bf2dc71.js:2
Cs @ 9561.4bf2dc71.js:2
wc @ 9561.4bf2dc71.js:2
_c @ 9561.4bf2dc71.js:2
dc @ 9561.4bf2dc71.js:2
(匿名) @ 9561.4bf2dc71.js:2
t.unstable_runWithPriority @ 9561.4bf2dc71.js:2
qo @ 9561.4bf2dc71.js:2
Xo @ 9561.4bf2dc71.js:2
j @ 9561.4bf2dc71.js:2
M.port1.onmessage @ 9561.4bf2dc71.js:2
23:27:48.352 9561.4bf2dc71.js:2  react-intl-universal key "1655dd5f" not defined in zh
warningHandler @ 9561.4bf2dc71.js:2
value @ 9561.4bf2dc71.js:2
p @ 9561.4bf2dc71.js:2
value @ 808.d56623c9.chunk.js:1
Xi @ 9561.4bf2dc71.js:2
$i @ 9561.4bf2dc71.js:2
Cs @ 9561.4bf2dc71.js:2
wc @ 9561.4bf2dc71.js:2
_c @ 9561.4bf2dc71.js:2
dc @ 9561.4bf2dc71.js:2
(匿名) @ 9561.4bf2dc71.js:2
t.unstable_runWithPriority @ 9561.4bf2dc71.js:2
qo @ 9561.4bf2dc71.js:2
Xo @ 9561.4bf2dc71.js:2
j @ 9561.4bf2dc71.js:2
M.port1.onmessage @ 9561.4bf2dc71.js:2
23:27:48.352 9561.4bf2dc71.js:2  react-intl-universal key "e7d2e85a" not defined in zh
warningHandler @ 9561.4bf2dc71.js:2
value @ 9561.4bf2dc71.js:2
p @ 9561.4bf2dc71.js:2
value @ 808.d56623c9.chunk.js:1
Xi @ 9561.4bf2dc71.js:2
$i @ 9561.4bf2dc71.js:2
Cs @ 9561.4bf2dc71.js:2
wc @ 9561.4bf2dc71.js:2
_c @ 9561.4bf2dc71.js:2
dc @ 9561.4bf2dc71.js:2
(匿名) @ 9561.4bf2dc71.js:2
t.unstable_runWithPriority @ 9561.4bf2dc71.js:2
qo @ 9561.4bf2dc71.js:2
Xo @ 9561.4bf2dc71.js:2
j @ 9561.4bf2dc71.js:2
M.port1.onmessage @ 9561.4bf2dc71.js:2
23:27:48.352 9561.4bf2dc71.js:2  react-intl-universal key "447595d5" not defined in zh
warningHandler @ 9561.4bf2dc71.js:2
value @ 9561.4bf2dc71.js:2
p @ 9561.4bf2dc71.js:2
(匿名) @ 8222.6209a852.chunk.js:1
hi @ 9561.4bf2dc71.js:2
Qi @ 9561.4bf2dc71.js:2
Cs @ 9561.4bf2dc71.js:2
wc @ 9561.4bf2dc71.js:2
_c @ 9561.4bf2dc71.js:2
dc @ 9561.4bf2dc71.js:2
(匿名) @ 9561.4bf2dc71.js:2
t.unstable_runWithPriority @ 9561.4bf2dc71.js:2
qo @ 9561.4bf2dc71.js:2
Xo @ 9561.4bf2dc71.js:2
j @ 9561.4bf2dc71.js:2
M.port1.onmessage @ 9561.4bf2dc71.js:2
23:27:48.355 log.ts:179 [debug 23:27:48 ] 拦截到HTTP请求: /learn/app/clientapi/course/queryCourseDetail.do?os=99&sid=5A670D84669445FC9794E23620100D76
23:27:48.356 log.ts:179 [debug 23:27:48 ] 拦截到HTTP请求: /learn/app/clientapi/course/relatedResources.do?courseId=N006221&type=2&sid=5A670D84669445FC9794E23620100D76&os=99
23:27:48.357 log.ts:179 [debug 23:27:48 ] 拦截到HTTP请求: /learn/app/clientapi/course/queryCourseBaseInfo.do?courseId=N006221&sid=5A670D84669445FC9794E23620100D76&os=99
23:27:48.357 log.ts:179 [debug 23:27:48 ] 拦截到HTTP请求: /learn/app/clientapi/user/personDetail.do?searchedUserId=51A0C28038F643F59B89D714776508D3&sid=5A670D84669445FC9794E23620100D76&os=99
23:27:48.594 9561.4bf2dc71.js:2 div
23:27:48.595 9561.4bf2dc71.js:2 由于“保留日志”的原因，已阻止console.clear()
23:27:48.595 9561.4bf2dc71.js:2 ƒ l(){}
23:27:48.595 9561.4bf2dc71.js:2 由于“保留日志”的原因，已阻止console.clear()
23:27:48.596 9561.4bf2dc71.js:2 (索引)toStringlastIndexdotAllflagsglobalhasIndicesignoreCasemultilinesourcestickyunicodeunicodeSets(索引)toStringlastIndexdotAllflagsglobalhasIndicesignoreCasemultilinesourcestickyunicodeunicodeSetsdepƒ0false''falsefalsefalsefalse' 'falsefalsefalseObject
23:27:48.596 9561.4bf2dc71.js:2 由于“保留日志”的原因，已阻止console.clear()
23:27:48.596 9561.4bf2dc71.js:2 Wed Mar 11 2026 23:27:47 GMT+0800 (中国标准时间)
23:27:48.597 9561.4bf2dc71.js:2 由于“保留日志”的原因，已阻止console.clear()
23:27:48.597 9561.4bf2dc71.js:2 {}
23:27:48.597 9561.4bf2dc71.js:2 由于“保留日志”的原因，已阻止console.clear()
23:27:48.601 9561.4bf2dc71.js:2  react-intl-universal key "e2d15efb" not defined in zh
warningHandler @ 9561.4bf2dc71.js:2
value @ 9561.4bf2dc71.js:2
p @ 9561.4bf2dc71.js:2
value @ 808.d56623c9.chunk.js:1
Xi @ 9561.4bf2dc71.js:2
$i @ 9561.4bf2dc71.js:2
Cs @ 9561.4bf2dc71.js:2
wc @ 9561.4bf2dc71.js:2
_c @ 9561.4bf2dc71.js:2
dc @ 9561.4bf2dc71.js:2
(匿名) @ 9561.4bf2dc71.js:2
t.unstable_runWithPriority @ 9561.4bf2dc71.js:2
qo @ 9561.4bf2dc71.js:2
Xo @ 9561.4bf2dc71.js:2
$o @ 9561.4bf2dc71.js:2
ic @ 9561.4bf2dc71.js:2
enqueueSetState @ 9561.4bf2dc71.js:2
b.setState @ 9561.4bf2dc71.js:2
(匿名) @ 808.d56623c9.chunk.js:1
u @ 9561.4bf2dc71.js:2
(匿名) @ 9561.4bf2dc71.js:2
(匿名) @ 9561.4bf2dc71.js:2
r @ 9561.4bf2dc71.js:2
s @ 9561.4bf2dc71.js:2
Promise.then
r @ 9561.4bf2dc71.js:2
s @ 9561.4bf2dc71.js:2
(匿名) @ 9561.4bf2dc71.js:2
(匿名) @ 9561.4bf2dc71.js:2
value @ 808.d56623c9.chunk.js:1
F @ 9561.4bf2dc71.js:2
(匿名) @ 9561.4bf2dc71.js:2
Ec @ 9561.4bf2dc71.js:2
t.unstable_runWithPriority @ 9561.4bf2dc71.js:2
qo @ 9561.4bf2dc71.js:2
kc @ 9561.4bf2dc71.js:2
dc @ 9561.4bf2dc71.js:2
(匿名) @ 9561.4bf2dc71.js:2
t.unstable_runWithPriority @ 9561.4bf2dc71.js:2
qo @ 9561.4bf2dc71.js:2
Xo @ 9561.4bf2dc71.js:2
j @ 9561.4bf2dc71.js:2
M.port1.onmessage @ 9561.4bf2dc71.js:2
23:27:48.602 9561.4bf2dc71.js:2  react-intl-universal key "f5444d4a" not defined in zh
warningHandler @ 9561.4bf2dc71.js:2
value @ 9561.4bf2dc71.js:2
p @ 9561.4bf2dc71.js:2
value @ 808.d56623c9.chunk.js:1
Xi @ 9561.4bf2dc71.js:2
$i @ 9561.4bf2dc71.js:2
Cs @ 9561.4bf2dc71.js:2
wc @ 9561.4bf2dc71.js:2
_c @ 9561.4bf2dc71.js:2
dc @ 9561.4bf2dc71.js:2
(匿名) @ 9561.4bf2dc71.js:2
t.unstable_runWithPriority @ 9561.4bf2dc71.js:2
qo @ 9561.4bf2dc71.js:2
Xo @ 9561.4bf2dc71.js:2
$o @ 9561.4bf2dc71.js:2
ic @ 9561.4bf2dc71.js:2
enqueueSetState @ 9561.4bf2dc71.js:2
b.setState @ 9561.4bf2dc71.js:2
(匿名) @ 808.d56623c9.chunk.js:1
u @ 9561.4bf2dc71.js:2
(匿名) @ 9561.4bf2dc71.js:2
(匿名) @ 9561.4bf2dc71.js:2
r @ 9561.4bf2dc71.js:2
s @ 9561.4bf2dc71.js:2
Promise.then
r @ 9561.4bf2dc71.js:2
s @ 9561.4bf2dc71.js:2
(匿名) @ 9561.4bf2dc71.js:2
(匿名) @ 9561.4bf2dc71.js:2
value @ 808.d56623c9.chunk.js:1
F @ 9561.4bf2dc71.js:2
(匿名) @ 9561.4bf2dc71.js:2
Ec @ 9561.4bf2dc71.js:2
t.unstable_runWithPriority @ 9561.4bf2dc71.js:2
qo @ 9561.4bf2dc71.js:2
kc @ 9561.4bf2dc71.js:2
dc @ 9561.4bf2dc71.js:2
(匿名) @ 9561.4bf2dc71.js:2
t.unstable_runWithPriority @ 9561.4bf2dc71.js:2
qo @ 9561.4bf2dc71.js:2
Xo @ 9561.4bf2dc71.js:2
j @ 9561.4bf2dc71.js:2
M.port1.onmessage @ 9561.4bf2dc71.js:2
23:27:48.603 9561.4bf2dc71.js:2  react-intl-universal key "1655dd5f" not defined in zh
warningHandler @ 9561.4bf2dc71.js:2
value @ 9561.4bf2dc71.js:2
p @ 9561.4bf2dc71.js:2
value @ 808.d56623c9.chunk.js:1
Xi @ 9561.4bf2dc71.js:2
$i @ 9561.4bf2dc71.js:2
Cs @ 9561.4bf2dc71.js:2
wc @ 9561.4bf2dc71.js:2
_c @ 9561.4bf2dc71.js:2
dc @ 9561.4bf2dc71.js:2
(匿名) @ 9561.4bf2dc71.js:2
t.unstable_runWithPriority @ 9561.4bf2dc71.js:2
qo @ 9561.4bf2dc71.js:2
Xo @ 9561.4bf2dc71.js:2
$o @ 9561.4bf2dc71.js:2
ic @ 9561.4bf2dc71.js:2
enqueueSetState @ 9561.4bf2dc71.js:2
b.setState @ 9561.4bf2dc71.js:2
(匿名) @ 808.d56623c9.chunk.js:1
u @ 9561.4bf2dc71.js:2
(匿名) @ 9561.4bf2dc71.js:2
(匿名) @ 9561.4bf2dc71.js:2
r @ 9561.4bf2dc71.js:2
s @ 9561.4bf2dc71.js:2
Promise.then
r @ 9561.4bf2dc71.js:2
s @ 9561.4bf2dc71.js:2
(匿名) @ 9561.4bf2dc71.js:2
(匿名) @ 9561.4bf2dc71.js:2
value @ 808.d56623c9.chunk.js:1
F @ 9561.4bf2dc71.js:2
(匿名) @ 9561.4bf2dc71.js:2
Ec @ 9561.4bf2dc71.js:2
t.unstable_runWithPriority @ 9561.4bf2dc71.js:2
qo @ 9561.4bf2dc71.js:2
kc @ 9561.4bf2dc71.js:2
dc @ 9561.4bf2dc71.js:2
(匿名) @ 9561.4bf2dc71.js:2
t.unstable_runWithPriority @ 9561.4bf2dc71.js:2
qo @ 9561.4bf2dc71.js:2
Xo @ 9561.4bf2dc71.js:2
j @ 9561.4bf2dc71.js:2
M.port1.onmessage @ 9561.4bf2dc71.js:2
23:27:48.603 9561.4bf2dc71.js:2  react-intl-universal key "e7d2e85a" not defined in zh
warningHandler @ 9561.4bf2dc71.js:2
value @ 9561.4bf2dc71.js:2
p @ 9561.4bf2dc71.js:2
value @ 808.d56623c9.chunk.js:1
Xi @ 9561.4bf2dc71.js:2
$i @ 9561.4bf2dc71.js:2
Cs @ 9561.4bf2dc71.js:2
wc @ 9561.4bf2dc71.js:2
_c @ 9561.4bf2dc71.js:2
dc @ 9561.4bf2dc71.js:2
(匿名) @ 9561.4bf2dc71.js:2
t.unstable_runWithPriority @ 9561.4bf2dc71.js:2
qo @ 9561.4bf2dc71.js:2
Xo @ 9561.4bf2dc71.js:2
$o @ 9561.4bf2dc71.js:2
ic @ 9561.4bf2dc71.js:2
enqueueSetState @ 9561.4bf2dc71.js:2
b.setState @ 9561.4bf2dc71.js:2
(匿名) @ 808.d56623c9.chunk.js:1
u @ 9561.4bf2dc71.js:2
(匿名) @ 9561.4bf2dc71.js:2
(匿名) @ 9561.4bf2dc71.js:2
r @ 9561.4bf2dc71.js:2
s @ 9561.4bf2dc71.js:2
Promise.then
r @ 9561.4bf2dc71.js:2
s @ 9561.4bf2dc71.js:2
(匿名) @ 9561.4bf2dc71.js:2
(匿名) @ 9561.4bf2dc71.js:2
value @ 808.d56623c9.chunk.js:1
F @ 9561.4bf2dc71.js:2
(匿名) @ 9561.4bf2dc71.js:2
Ec @ 9561.4bf2dc71.js:2
t.unstable_runWithPriority @ 9561.4bf2dc71.js:2
qo @ 9561.4bf2dc71.js:2
kc @ 9561.4bf2dc71.js:2
dc @ 9561.4bf2dc71.js:2
(匿名) @ 9561.4bf2dc71.js:2
t.unstable_runWithPriority @ 9561.4bf2dc71.js:2
qo @ 9561.4bf2dc71.js:2
Xo @ 9561.4bf2dc71.js:2
j @ 9561.4bf2dc71.js:2
M.port1.onmessage @ 9561.4bf2dc71.js:2
23:27:48.605 9561.4bf2dc71.js:2  react-intl-universal key "447595d5" not defined in zh
warningHandler @ 9561.4bf2dc71.js:2
value @ 9561.4bf2dc71.js:2
p @ 9561.4bf2dc71.js:2
(匿名) @ 8222.6209a852.chunk.js:1
hi @ 9561.4bf2dc71.js:2
Qi @ 9561.4bf2dc71.js:2
Cs @ 9561.4bf2dc71.js:2
wc @ 9561.4bf2dc71.js:2
_c @ 9561.4bf2dc71.js:2
dc @ 9561.4bf2dc71.js:2
(匿名) @ 9561.4bf2dc71.js:2
t.unstable_runWithPriority @ 9561.4bf2dc71.js:2
qo @ 9561.4bf2dc71.js:2
Xo @ 9561.4bf2dc71.js:2
$o @ 9561.4bf2dc71.js:2
ic @ 9561.4bf2dc71.js:2
enqueueSetState @ 9561.4bf2dc71.js:2
b.setState @ 9561.4bf2dc71.js:2
(匿名) @ 808.d56623c9.chunk.js:1
u @ 9561.4bf2dc71.js:2
(匿名) @ 9561.4bf2dc71.js:2
(匿名) @ 9561.4bf2dc71.js:2
r @ 9561.4bf2dc71.js:2
s @ 9561.4bf2dc71.js:2
Promise.then
r @ 9561.4bf2dc71.js:2
s @ 9561.4bf2dc71.js:2
(匿名) @ 9561.4bf2dc71.js:2
(匿名) @ 9561.4bf2dc71.js:2
value @ 808.d56623c9.chunk.js:1
F @ 9561.4bf2dc71.js:2
(匿名) @ 9561.4bf2dc71.js:2
Ec @ 9561.4bf2dc71.js:2
t.unstable_runWithPriority @ 9561.4bf2dc71.js:2
qo @ 9561.4bf2dc71.js:2
kc @ 9561.4bf2dc71.js:2
dc @ 9561.4bf2dc71.js:2
(匿名) @ 9561.4bf2dc71.js:2
t.unstable_runWithPriority @ 9561.4bf2dc71.js:2
qo @ 9561.4bf2dc71.js:2
Xo @ 9561.4bf2dc71.js:2
j @ 9561.4bf2dc71.js:2
M.port1.onmessage @ 9561.4bf2dc71.js:2
23:27:48.615 9561.4bf2dc71.js:2  react-intl-universal key "e2d15efb" not defined in zh
warningHandler @ 9561.4bf2dc71.js:2
value @ 9561.4bf2dc71.js:2
p @ 9561.4bf2dc71.js:2
value @ 808.d56623c9.chunk.js:1
Xi @ 9561.4bf2dc71.js:2
$i @ 9561.4bf2dc71.js:2
Cs @ 9561.4bf2dc71.js:2
wc @ 9561.4bf2dc71.js:2
_c @ 9561.4bf2dc71.js:2
dc @ 9561.4bf2dc71.js:2
(匿名) @ 9561.4bf2dc71.js:2
t.unstable_runWithPriority @ 9561.4bf2dc71.js:2
qo @ 9561.4bf2dc71.js:2
Xo @ 9561.4bf2dc71.js:2
$o @ 9561.4bf2dc71.js:2
ic @ 9561.4bf2dc71.js:2
enqueueSetState @ 9561.4bf2dc71.js:2
b.setState @ 9561.4bf2dc71.js:2
(匿名) @ 808.d56623c9.chunk.js:1
u @ 9561.4bf2dc71.js:2
(匿名) @ 9561.4bf2dc71.js:2
(匿名) @ 9561.4bf2dc71.js:2
r @ 9561.4bf2dc71.js:2
s @ 9561.4bf2dc71.js:2
Promise.then
r @ 9561.4bf2dc71.js:2
s @ 9561.4bf2dc71.js:2
(匿名) @ 9561.4bf2dc71.js:2
(匿名) @ 9561.4bf2dc71.js:2
value @ 808.d56623c9.chunk.js:1
F @ 9561.4bf2dc71.js:2
(匿名) @ 9561.4bf2dc71.js:2
Ec @ 9561.4bf2dc71.js:2
t.unstable_runWithPriority @ 9561.4bf2dc71.js:2
qo @ 9561.4bf2dc71.js:2
kc @ 9561.4bf2dc71.js:2
dc @ 9561.4bf2dc71.js:2
(匿名) @ 9561.4bf2dc71.js:2
t.unstable_runWithPriority @ 9561.4bf2dc71.js:2
qo @ 9561.4bf2dc71.js:2
Xo @ 9561.4bf2dc71.js:2
j @ 9561.4bf2dc71.js:2
M.port1.onmessage @ 9561.4bf2dc71.js:2
23:27:48.615 9561.4bf2dc71.js:2  react-intl-universal key "f5444d4a" not defined in zh
warningHandler @ 9561.4bf2dc71.js:2
value @ 9561.4bf2dc71.js:2
p @ 9561.4bf2dc71.js:2
value @ 808.d56623c9.chunk.js:1
Xi @ 9561.4bf2dc71.js:2
$i @ 9561.4bf2dc71.js:2
Cs @ 9561.4bf2dc71.js:2
wc @ 9561.4bf2dc71.js:2
_c @ 9561.4bf2dc71.js:2
dc @ 9561.4bf2dc71.js:2
(匿名) @ 9561.4bf2dc71.js:2
t.unstable_runWithPriority @ 9561.4bf2dc71.js:2
qo @ 9561.4bf2dc71.js:2
Xo @ 9561.4bf2dc71.js:2
$o @ 9561.4bf2dc71.js:2
ic @ 9561.4bf2dc71.js:2
enqueueSetState @ 9561.4bf2dc71.js:2
b.setState @ 9561.4bf2dc71.js:2
(匿名) @ 808.d56623c9.chunk.js:1
u @ 9561.4bf2dc71.js:2
(匿名) @ 9561.4bf2dc71.js:2
(匿名) @ 9561.4bf2dc71.js:2
r @ 9561.4bf2dc71.js:2
s @ 9561.4bf2dc71.js:2
Promise.then
r @ 9561.4bf2dc71.js:2
s @ 9561.4bf2dc71.js:2
(匿名) @ 9561.4bf2dc71.js:2
(匿名) @ 9561.4bf2dc71.js:2
value @ 808.d56623c9.chunk.js:1
F @ 9561.4bf2dc71.js:2
(匿名) @ 9561.4bf2dc71.js:2
Ec @ 9561.4bf2dc71.js:2
t.unstable_runWithPriority @ 9561.4bf2dc71.js:2
qo @ 9561.4bf2dc71.js:2
kc @ 9561.4bf2dc71.js:2
dc @ 9561.4bf2dc71.js:2
(匿名) @ 9561.4bf2dc71.js:2
t.unstable_runWithPriority @ 9561.4bf2dc71.js:2
qo @ 9561.4bf2dc71.js:2
Xo @ 9561.4bf2dc71.js:2
j @ 9561.4bf2dc71.js:2
M.port1.onmessage @ 9561.4bf2dc71.js:2
23:27:48.616 9561.4bf2dc71.js:2  react-intl-universal key "1655dd5f" not defined in zh
warningHandler @ 9561.4bf2dc71.js:2
value @ 9561.4bf2dc71.js:2
p @ 9561.4bf2dc71.js:2
value @ 808.d56623c9.chunk.js:1
Xi @ 9561.4bf2dc71.js:2
$i @ 9561.4bf2dc71.js:2
Cs @ 9561.4bf2dc71.js:2
wc @ 9561.4bf2dc71.js:2
_c @ 9561.4bf2dc71.js:2
dc @ 9561.4bf2dc71.js:2
(匿名) @ 9561.4bf2dc71.js:2
t.unstable_runWithPriority @ 9561.4bf2dc71.js:2
qo @ 9561.4bf2dc71.js:2
Xo @ 9561.4bf2dc71.js:2
$o @ 9561.4bf2dc71.js:2
ic @ 9561.4bf2dc71.js:2
enqueueSetState @ 9561.4bf2dc71.js:2
b.setState @ 9561.4bf2dc71.js:2
(匿名) @ 808.d56623c9.chunk.js:1
u @ 9561.4bf2dc71.js:2
(匿名) @ 9561.4bf2dc71.js:2
(匿名) @ 9561.4bf2dc71.js:2
r @ 9561.4bf2dc71.js:2
s @ 9561.4bf2dc71.js:2
Promise.then
r @ 9561.4bf2dc71.js:2
s @ 9561.4bf2dc71.js:2
(匿名) @ 9561.4bf2dc71.js:2
(匿名) @ 9561.4bf2dc71.js:2
value @ 808.d56623c9.chunk.js:1
F @ 9561.4bf2dc71.js:2
(匿名) @ 9561.4bf2dc71.js:2
Ec @ 9561.4bf2dc71.js:2
t.unstable_runWithPriority @ 9561.4bf2dc71.js:2
qo @ 9561.4bf2dc71.js:2
kc @ 9561.4bf2dc71.js:2
dc @ 9561.4bf2dc71.js:2
(匿名) @ 9561.4bf2dc71.js:2
t.unstable_runWithPriority @ 9561.4bf2dc71.js:2
qo @ 9561.4bf2dc71.js:2
Xo @ 9561.4bf2dc71.js:2
j @ 9561.4bf2dc71.js:2
M.port1.onmessage @ 9561.4bf2dc71.js:2
23:27:48.616 9561.4bf2dc71.js:2  react-intl-universal key "e7d2e85a" not defined in zh
warningHandler @ 9561.4bf2dc71.js:2
value @ 9561.4bf2dc71.js:2
p @ 9561.4bf2dc71.js:2
value @ 808.d56623c9.chunk.js:1
Xi @ 9561.4bf2dc71.js:2
$i @ 9561.4bf2dc71.js:2
Cs @ 9561.4bf2dc71.js:2
wc @ 9561.4bf2dc71.js:2
_c @ 9561.4bf2dc71.js:2
dc @ 9561.4bf2dc71.js:2
(匿名) @ 9561.4bf2dc71.js:2
t.unstable_runWithPriority @ 9561.4bf2dc71.js:2
qo @ 9561.4bf2dc71.js:2
Xo @ 9561.4bf2dc71.js:2
$o @ 9561.4bf2dc71.js:2
ic @ 9561.4bf2dc71.js:2
enqueueSetState @ 9561.4bf2dc71.js:2
b.setState @ 9561.4bf2dc71.js:2
(匿名) @ 808.d56623c9.chunk.js:1
u @ 9561.4bf2dc71.js:2
(匿名) @ 9561.4bf2dc71.js:2
(匿名) @ 9561.4bf2dc71.js:2
r @ 9561.4bf2dc71.js:2
s @ 9561.4bf2dc71.js:2
Promise.then
r @ 9561.4bf2dc71.js:2
s @ 9561.4bf2dc71.js:2
(匿名) @ 9561.4bf2dc71.js:2
(匿名) @ 9561.4bf2dc71.js:2
value @ 808.d56623c9.chunk.js:1
F @ 9561.4bf2dc71.js:2
(匿名) @ 9561.4bf2dc71.js:2
Ec @ 9561.4bf2dc71.js:2
t.unstable_runWithPriority @ 9561.4bf2dc71.js:2
qo @ 9561.4bf2dc71.js:2
kc @ 9561.4bf2dc71.js:2
dc @ 9561.4bf2dc71.js:2
(匿名) @ 9561.4bf2dc71.js:2
t.unstable_runWithPriority @ 9561.4bf2dc71.js:2
qo @ 9561.4bf2dc71.js:2
Xo @ 9561.4bf2dc71.js:2
j @ 9561.4bf2dc71.js:2
M.port1.onmessage @ 9561.4bf2dc71.js:2
23:27:48.616 9561.4bf2dc71.js:2  react-intl-universal key "447595d5" not defined in zh
warningHandler @ 9561.4bf2dc71.js:2
value @ 9561.4bf2dc71.js:2
p @ 9561.4bf2dc71.js:2
(匿名) @ 8222.6209a852.chunk.js:1
hi @ 9561.4bf2dc71.js:2
Qi @ 9561.4bf2dc71.js:2
Cs @ 9561.4bf2dc71.js:2
wc @ 9561.4bf2dc71.js:2
_c @ 9561.4bf2dc71.js:2
dc @ 9561.4bf2dc71.js:2
(匿名) @ 9561.4bf2dc71.js:2
t.unstable_runWithPriority @ 9561.4bf2dc71.js:2
qo @ 9561.4bf2dc71.js:2
Xo @ 9561.4bf2dc71.js:2
$o @ 9561.4bf2dc71.js:2
ic @ 9561.4bf2dc71.js:2
enqueueSetState @ 9561.4bf2dc71.js:2
b.setState @ 9561.4bf2dc71.js:2
(匿名) @ 808.d56623c9.chunk.js:1
u @ 9561.4bf2dc71.js:2
(匿名) @ 9561.4bf2dc71.js:2
(匿名) @ 9561.4bf2dc71.js:2
r @ 9561.4bf2dc71.js:2
s @ 9561.4bf2dc71.js:2
Promise.then
r @ 9561.4bf2dc71.js:2
s @ 9561.4bf2dc71.js:2
(匿名) @ 9561.4bf2dc71.js:2
(匿名) @ 9561.4bf2dc71.js:2
value @ 808.d56623c9.chunk.js:1
F @ 9561.4bf2dc71.js:2
(匿名) @ 9561.4bf2dc71.js:2
Ec @ 9561.4bf2dc71.js:2
t.unstable_runWithPriority @ 9561.4bf2dc71.js:2
qo @ 9561.4bf2dc71.js:2
kc @ 9561.4bf2dc71.js:2
dc @ 9561.4bf2dc71.js:2
(匿名) @ 9561.4bf2dc71.js:2
t.unstable_runWithPriority @ 9561.4bf2dc71.js:2
qo @ 9561.4bf2dc71.js:2
Xo @ 9561.4bf2dc71.js:2
j @ 9561.4bf2dc71.js:2
M.port1.onmessage @ 9561.4bf2dc71.js:2
23:27:48.620 9561.4bf2dc71.js:2  react-intl-universal key "e2d15efb" not defined in zh
warningHandler @ 9561.4bf2dc71.js:2
value @ 9561.4bf2dc71.js:2
p @ 9561.4bf2dc71.js:2
value @ 808.d56623c9.chunk.js:1
Xi @ 9561.4bf2dc71.js:2
$i @ 9561.4bf2dc71.js:2
Cs @ 9561.4bf2dc71.js:2
wc @ 9561.4bf2dc71.js:2
_c @ 9561.4bf2dc71.js:2
dc @ 9561.4bf2dc71.js:2
(匿名) @ 9561.4bf2dc71.js:2
t.unstable_runWithPriority @ 9561.4bf2dc71.js:2
qo @ 9561.4bf2dc71.js:2
Xo @ 9561.4bf2dc71.js:2
$o @ 9561.4bf2dc71.js:2
ic @ 9561.4bf2dc71.js:2
enqueueSetState @ 9561.4bf2dc71.js:2
b.setState @ 9561.4bf2dc71.js:2
(匿名) @ 808.d56623c9.chunk.js:1
u @ 9561.4bf2dc71.js:2
(匿名) @ 9561.4bf2dc71.js:2
(匿名) @ 9561.4bf2dc71.js:2
r @ 9561.4bf2dc71.js:2
s @ 9561.4bf2dc71.js:2
Promise.then
r @ 9561.4bf2dc71.js:2
s @ 9561.4bf2dc71.js:2
(匿名) @ 9561.4bf2dc71.js:2
(匿名) @ 9561.4bf2dc71.js:2
value @ 808.d56623c9.chunk.js:1
F @ 9561.4bf2dc71.js:2
(匿名) @ 9561.4bf2dc71.js:2
Ec @ 9561.4bf2dc71.js:2
t.unstable_runWithPriority @ 9561.4bf2dc71.js:2
qo @ 9561.4bf2dc71.js:2
kc @ 9561.4bf2dc71.js:2
dc @ 9561.4bf2dc71.js:2
(匿名) @ 9561.4bf2dc71.js:2
t.unstable_runWithPriority @ 9561.4bf2dc71.js:2
qo @ 9561.4bf2dc71.js:2
Xo @ 9561.4bf2dc71.js:2
j @ 9561.4bf2dc71.js:2
M.port1.onmessage @ 9561.4bf2dc71.js:2
23:27:48.620 9561.4bf2dc71.js:2  react-intl-universal key "f5444d4a" not defined in zh
warningHandler @ 9561.4bf2dc71.js:2
value @ 9561.4bf2dc71.js:2
p @ 9561.4bf2dc71.js:2
value @ 808.d56623c9.chunk.js:1
Xi @ 9561.4bf2dc71.js:2
$i @ 9561.4bf2dc71.js:2
Cs @ 9561.4bf2dc71.js:2
wc @ 9561.4bf2dc71.js:2
_c @ 9561.4bf2dc71.js:2
dc @ 9561.4bf2dc71.js:2
(匿名) @ 9561.4bf2dc71.js:2
t.unstable_runWithPriority @ 9561.4bf2dc71.js:2
qo @ 9561.4bf2dc71.js:2
Xo @ 9561.4bf2dc71.js:2
$o @ 9561.4bf2dc71.js:2
ic @ 9561.4bf2dc71.js:2
enqueueSetState @ 9561.4bf2dc71.js:2
b.setState @ 9561.4bf2dc71.js:2
(匿名) @ 808.d56623c9.chunk.js:1
u @ 9561.4bf2dc71.js:2
(匿名) @ 9561.4bf2dc71.js:2
(匿名) @ 9561.4bf2dc71.js:2
r @ 9561.4bf2dc71.js:2
s @ 9561.4bf2dc71.js:2
Promise.then
r @ 9561.4bf2dc71.js:2
s @ 9561.4bf2dc71.js:2
(匿名) @ 9561.4bf2dc71.js:2
(匿名) @ 9561.4bf2dc71.js:2
value @ 808.d56623c9.chunk.js:1
F @ 9561.4bf2dc71.js:2
(匿名) @ 9561.4bf2dc71.js:2
Ec @ 9561.4bf2dc71.js:2
t.unstable_runWithPriority @ 9561.4bf2dc71.js:2
qo @ 9561.4bf2dc71.js:2
kc @ 9561.4bf2dc71.js:2
dc @ 9561.4bf2dc71.js:2
(匿名) @ 9561.4bf2dc71.js:2
t.unstable_runWithPriority @ 9561.4bf2dc71.js:2
qo @ 9561.4bf2dc71.js:2
Xo @ 9561.4bf2dc71.js:2
j @ 9561.4bf2dc71.js:2
M.port1.onmessage @ 9561.4bf2dc71.js:2
23:27:48.620 9561.4bf2dc71.js:2  react-intl-universal key "1655dd5f" not defined in zh
warningHandler @ 9561.4bf2dc71.js:2
value @ 9561.4bf2dc71.js:2
p @ 9561.4bf2dc71.js:2
value @ 808.d56623c9.chunk.js:1
Xi @ 9561.4bf2dc71.js:2
$i @ 9561.4bf2dc71.js:2
Cs @ 9561.4bf2dc71.js:2
wc @ 9561.4bf2dc71.js:2
_c @ 9561.4bf2dc71.js:2
dc @ 9561.4bf2dc71.js:2
(匿名) @ 9561.4bf2dc71.js:2
t.unstable_runWithPriority @ 9561.4bf2dc71.js:2
qo @ 9561.4bf2dc71.js:2
Xo @ 9561.4bf2dc71.js:2
$o @ 9561.4bf2dc71.js:2
ic @ 9561.4bf2dc71.js:2
enqueueSetState @ 9561.4bf2dc71.js:2
b.setState @ 9561.4bf2dc71.js:2
(匿名) @ 808.d56623c9.chunk.js:1
u @ 9561.4bf2dc71.js:2
(匿名) @ 9561.4bf2dc71.js:2
(匿名) @ 9561.4bf2dc71.js:2
r @ 9561.4bf2dc71.js:2
s @ 9561.4bf2dc71.js:2
Promise.then
r @ 9561.4bf2dc71.js:2
s @ 9561.4bf2dc71.js:2
(匿名) @ 9561.4bf2dc71.js:2
(匿名) @ 9561.4bf2dc71.js:2
value @ 808.d56623c9.chunk.js:1
F @ 9561.4bf2dc71.js:2
(匿名) @ 9561.4bf2dc71.js:2
Ec @ 9561.4bf2dc71.js:2
t.unstable_runWithPriority @ 9561.4bf2dc71.js:2
qo @ 9561.4bf2dc71.js:2
kc @ 9561.4bf2dc71.js:2
dc @ 9561.4bf2dc71.js:2
(匿名) @ 9561.4bf2dc71.js:2
t.unstable_runWithPriority @ 9561.4bf2dc71.js:2
qo @ 9561.4bf2dc71.js:2
Xo @ 9561.4bf2dc71.js:2
j @ 9561.4bf2dc71.js:2
M.port1.onmessage @ 9561.4bf2dc71.js:2
23:27:48.620 9561.4bf2dc71.js:2  react-intl-universal key "e7d2e85a" not defined in zh
warningHandler @ 9561.4bf2dc71.js:2
value @ 9561.4bf2dc71.js:2
p @ 9561.4bf2dc71.js:2
value @ 808.d56623c9.chunk.js:1
Xi @ 9561.4bf2dc71.js:2
$i @ 9561.4bf2dc71.js:2
Cs @ 9561.4bf2dc71.js:2
wc @ 9561.4bf2dc71.js:2
_c @ 9561.4bf2dc71.js:2
dc @ 9561.4bf2dc71.js:2
(匿名) @ 9561.4bf2dc71.js:2
t.unstable_runWithPriority @ 9561.4bf2dc71.js:2
qo @ 9561.4bf2dc71.js:2
Xo @ 9561.4bf2dc71.js:2
$o @ 9561.4bf2dc71.js:2
ic @ 9561.4bf2dc71.js:2
enqueueSetState @ 9561.4bf2dc71.js:2
b.setState @ 9561.4bf2dc71.js:2
(匿名) @ 808.d56623c9.chunk.js:1
u @ 9561.4bf2dc71.js:2
(匿名) @ 9561.4bf2dc71.js:2
(匿名) @ 9561.4bf2dc71.js:2
r @ 9561.4bf2dc71.js:2
s @ 9561.4bf2dc71.js:2
Promise.then
r @ 9561.4bf2dc71.js:2
s @ 9561.4bf2dc71.js:2
(匿名) @ 9561.4bf2dc71.js:2
(匿名) @ 9561.4bf2dc71.js:2
value @ 808.d56623c9.chunk.js:1
F @ 9561.4bf2dc71.js:2
(匿名) @ 9561.4bf2dc71.js:2
Ec @ 9561.4bf2dc71.js:2
t.unstable_runWithPriority @ 9561.4bf2dc71.js:2
qo @ 9561.4bf2dc71.js:2
kc @ 9561.4bf2dc71.js:2
dc @ 9561.4bf2dc71.js:2
(匿名) @ 9561.4bf2dc71.js:2
t.unstable_runWithPriority @ 9561.4bf2dc71.js:2
qo @ 9561.4bf2dc71.js:2
Xo @ 9561.4bf2dc71.js:2
j @ 9561.4bf2dc71.js:2
M.port1.onmessage @ 9561.4bf2dc71.js:2
23:27:48.621 9561.4bf2dc71.js:2  react-intl-universal key "447595d5" not defined in zh
warningHandler @ 9561.4bf2dc71.js:2
value @ 9561.4bf2dc71.js:2
p @ 9561.4bf2dc71.js:2
(匿名) @ 8222.6209a852.chunk.js:1
hi @ 9561.4bf2dc71.js:2
Qi @ 9561.4bf2dc71.js:2
Cs @ 9561.4bf2dc71.js:2
wc @ 9561.4bf2dc71.js:2
_c @ 9561.4bf2dc71.js:2
dc @ 9561.4bf2dc71.js:2
(匿名) @ 9561.4bf2dc71.js:2
t.unstable_runWithPriority @ 9561.4bf2dc71.js:2
qo @ 9561.4bf2dc71.js:2
Xo @ 9561.4bf2dc71.js:2
$o @ 9561.4bf2dc71.js:2
ic @ 9561.4bf2dc71.js:2
enqueueSetState @ 9561.4bf2dc71.js:2
b.setState @ 9561.4bf2dc71.js:2
(匿名) @ 808.d56623c9.chunk.js:1
u @ 9561.4bf2dc71.js:2
(匿名) @ 9561.4bf2dc71.js:2
(匿名) @ 9561.4bf2dc71.js:2
r @ 9561.4bf2dc71.js:2
s @ 9561.4bf2dc71.js:2
Promise.then
r @ 9561.4bf2dc71.js:2
s @ 9561.4bf2dc71.js:2
(匿名) @ 9561.4bf2dc71.js:2
(匿名) @ 9561.4bf2dc71.js:2
value @ 808.d56623c9.chunk.js:1
F @ 9561.4bf2dc71.js:2
(匿名) @ 9561.4bf2dc71.js:2
Ec @ 9561.4bf2dc71.js:2
t.unstable_runWithPriority @ 9561.4bf2dc71.js:2
qo @ 9561.4bf2dc71.js:2
kc @ 9561.4bf2dc71.js:2
dc @ 9561.4bf2dc71.js:2
(匿名) @ 9561.4bf2dc71.js:2
t.unstable_runWithPriority @ 9561.4bf2dc71.js:2
qo @ 9561.4bf2dc71.js:2
Xo @ 9561.4bf2dc71.js:2
j @ 9561.4bf2dc71.js:2
M.port1.onmessage @ 9561.4bf2dc71.js:2
23:27:48.626 808.d56623c9.chunk.js:1  Uncaught (in promise) TypeError: Failed to execute 'removeChild' on 'Node': parameter 1 is not of type 'Node'.
    at 808.d56623c9.chunk.js:1:10947
    at u (9561.4bf2dc71.js:2:4080981)
    at Generator._invoke (9561.4bf2dc71.js:2:4080769)
    at Generator.next (9561.4bf2dc71.js:2:4081410)
    at r (9561.4bf2dc71.js:2:5831066)
    at s (9561.4bf2dc71.js:2:5831269)
    at 9561.4bf2dc71.js:2:5831328
    at new Promise (<anonymous>)
    at a.getIsWatermark (9561.4bf2dc71.js:2:5831209)
    at 808.d56623c9.chunk.js:1:11517
(匿名) @ 808.d56623c9.chunk.js:1
u @ 9561.4bf2dc71.js:2
(匿名) @ 9561.4bf2dc71.js:2
(匿名) @ 9561.4bf2dc71.js:2
r @ 9561.4bf2dc71.js:2
s @ 9561.4bf2dc71.js:2
(匿名) @ 9561.4bf2dc71.js:2
(匿名) @ 9561.4bf2dc71.js:2
(匿名) @ 808.d56623c9.chunk.js:1
u @ 9561.4bf2dc71.js:2
(匿名) @ 9561.4bf2dc71.js:2
(匿名) @ 9561.4bf2dc71.js:2
r @ 9561.4bf2dc71.js:2
s @ 9561.4bf2dc71.js:2
Promise.then
r @ 9561.4bf2dc71.js:2
s @ 9561.4bf2dc71.js:2
(匿名) @ 9561.4bf2dc71.js:2
(匿名) @ 9561.4bf2dc71.js:2
value @ 808.d56623c9.chunk.js:1
F @ 9561.4bf2dc71.js:2
(匿名) @ 9561.4bf2dc71.js:2
Ec @ 9561.4bf2dc71.js:2
t.unstable_runWithPriority @ 9561.4bf2dc71.js:2
qo @ 9561.4bf2dc71.js:2
kc @ 9561.4bf2dc71.js:2
dc @ 9561.4bf2dc71.js:2
(匿名) @ 9561.4bf2dc71.js:2
t.unstable_runWithPriority @ 9561.4bf2dc71.js:2
qo @ 9561.4bf2dc71.js:2
Xo @ 9561.4bf2dc71.js:2
j @ 9561.4bf2dc71.js:2
M.port1.onmessage @ 9561.4bf2dc71.js:2
23:27:48.630 log.ts:179 [debug 23:27:48 ] 等待课程数据... 1
23:27:48.725 log.ts:179 [debug 23:27:48 ] 课程详情请求响应: {
    "code": 0,
    "body": {
        "activtiyPrice": 0,
        "advertArr": [],
        "author": "",
        "averageScore": "4.9",
        "bowseNumber": "10311",
        "canComment": "1",
        "canDownload": "0",
        "canFF": "0",
        "canRate": "1",
        "chapters": [],
        "classifyList": [
            {
                "courseId": "",
                "fullName": "企业管理>安全环保",
                "fullPath": "7|6|5|||7|7|6",
                "id": "776",
                "na
23:27:48.726 log.ts:197  [warn 23:27:48 ] 未找到对应的课程状态 key
Warn @ log.ts:197
notifyStudyMapCourseComplete @ course.ts:160
eval @ course.ts:54
eval @ event.ts:30
callEvent @ event.ts:29
eval @ course.ts:120
XMLHttpRequest.send
(匿名) @ agent.min.js:1
(匿名) @ 9561.4bf2dc71.js:2
e.exports @ 9561.4bf2dc71.js:2
e.exports @ 9561.4bf2dc71.js:2
Promise.then
s.request @ 9561.4bf2dc71.js:2
o.forEach.s.<computed> @ 9561.4bf2dc71.js:2
(匿名) @ 9561.4bf2dc71.js:2
queryCourseDetail @ 2698.cd9ad1b2.chunk.js:1
(匿名) @ 808.d56623c9.chunk.js:1
u @ 9561.4bf2dc71.js:2
(匿名) @ 9561.4bf2dc71.js:2
(匿名) @ 9561.4bf2dc71.js:2
r @ 9561.4bf2dc71.js:2
s @ 9561.4bf2dc71.js:2
(匿名) @ 9561.4bf2dc71.js:2
(匿名) @ 9561.4bf2dc71.js:2
value @ 808.d56623c9.chunk.js:1
F @ 9561.4bf2dc71.js:2
(匿名) @ 9561.4bf2dc71.js:2
Ec @ 9561.4bf2dc71.js:2
t.unstable_runWithPriority @ 9561.4bf2dc71.js:2
qo @ 9561.4bf2dc71.js:2
kc @ 9561.4bf2dc71.js:2
dc @ 9561.4bf2dc71.js:2
(匿名) @ 9561.4bf2dc71.js:2
t.unstable_runWithPriority @ 9561.4bf2dc71.js:2
qo @ 9561.4bf2dc71.js:2
Xo @ 9561.4bf2dc71.js:2
j @ 9561.4bf2dc71.js:2
M.port1.onmessage @ 9561.4bf2dc71.js:2
23:27:48.726 log.ts:179 [debug 23:27:48 ] courseTaskComplete 当前课程任务完成了
23:27:48.727 log.ts:179 [debug 23:27:48 ] 拦截到HTTP请求: /learn/app/clientapi/user/isOpenHumanSocietyVas.do?sid=5A670D84669445FC9794E23620100D76&os=99
23:27:49.107 9561.4bf2dc71.js:2 div
23:27:49.107 9561.4bf2dc71.js:2 由于“保留日志”的原因，已阻止console.clear()
23:27:49.107 9561.4bf2dc71.js:2 ƒ l(){}
23:27:49.107 9561.4bf2dc71.js:2 由于“保留日志”的原因，已阻止console.clear()
23:27:49.107 9561.4bf2dc71.js:2 (索引)toStringlastIndexdotAllflagsglobalhasIndicesignoreCasemultilinesourcestickyunicodeunicodeSets(索引)toStringlastIndexdotAllflagsglobalhasIndicesignoreCasemultilinesourcestickyunicodeunicodeSetsdepƒ0false''falsefalsefalsefalse' 'falsefalsefalseObject
23:27:49.107 9561.4bf2dc71.js:2 由于“保留日志”的原因，已阻止console.clear()
23:27:49.107 9561.4bf2dc71.js:2 Wed Mar 11 2026 23:27:47 GMT+0800 (中国标准时间)
23:27:49.108 9561.4bf2dc71.js:2 由于“保留日志”的原因，已阻止console.clear()
23:27:49.108 9561.4bf2dc71.js:2 {}
23:27:49.108 9561.4bf2dc71.js:2 由于“保留日志”的原因，已阻止console.clear()
23:27:49.154 main.2faaeed8.js:1  The provided value 'Middle' is not a valid enum value of type CanvasTextBaseline.
ye @ main.2faaeed8.js:1
e.showWatermark @ 808.d56623c9.chunk.js:1
(匿名) @ 808.d56623c9.chunk.js:1
setTimeout
(匿名) @ 808.d56623c9.chunk.js:1
u @ 9561.4bf2dc71.js:2
(匿名) @ 9561.4bf2dc71.js:2
(匿名) @ 9561.4bf2dc71.js:2
r @ 9561.4bf2dc71.js:2
s @ 9561.4bf2dc71.js:2
(匿名) @ 9561.4bf2dc71.js:2
(匿名) @ 9561.4bf2dc71.js:2
value @ 808.d56623c9.chunk.js:1
F @ 9561.4bf2dc71.js:2
(匿名) @ 9561.4bf2dc71.js:2
Ec @ 9561.4bf2dc71.js:2
t.unstable_runWithPriority @ 9561.4bf2dc71.js:2
qo @ 9561.4bf2dc71.js:2
kc @ 9561.4bf2dc71.js:2
dc @ 9561.4bf2dc71.js:2
(匿名) @ 9561.4bf2dc71.js:2
t.unstable_runWithPriority @ 9561.4bf2dc71.js:2
qo @ 9561.4bf2dc71.js:2
Xo @ 9561.4bf2dc71.js:2
j @ 9561.4bf2dc71.js:2
M.port1.onmessage @ 9561.4bf2dc71.js:2
23:27:49.290 log.ts:179 [debug 23:27:49 ] 拦截到HTTP请求: /learn/app/clientapi/trainingclass/training/item/selectResourceRule.do?resourceId=N006221&resourceType=0&sid=5A670D84669445FC9794E23620100D76&os=99
23:27:49.557 9561.4bf2dc71.js:2  react-intl-universal key "e2d15efb" not defined in zh
warningHandler @ 9561.4bf2dc71.js:2
value @ 9561.4bf2dc71.js:2
p @ 9561.4bf2dc71.js:2
value @ 808.d56623c9.chunk.js:1
Xi @ 9561.4bf2dc71.js:2
$i @ 9561.4bf2dc71.js:2
Cs @ 9561.4bf2dc71.js:2
wc @ 9561.4bf2dc71.js:2
_c @ 9561.4bf2dc71.js:2
dc @ 9561.4bf2dc71.js:2
(匿名) @ 9561.4bf2dc71.js:2
t.unstable_runWithPriority @ 9561.4bf2dc71.js:2
qo @ 9561.4bf2dc71.js:2
Xo @ 9561.4bf2dc71.js:2
$o @ 9561.4bf2dc71.js:2
ic @ 9561.4bf2dc71.js:2
enqueueSetState @ 9561.4bf2dc71.js:2
b.setState @ 9561.4bf2dc71.js:2
(匿名) @ 808.d56623c9.chunk.js:1
u @ 9561.4bf2dc71.js:2
(匿名) @ 9561.4bf2dc71.js:2
(匿名) @ 9561.4bf2dc71.js:2
r @ 9561.4bf2dc71.js:2
s @ 9561.4bf2dc71.js:2
Promise.then
r @ 9561.4bf2dc71.js:2
s @ 9561.4bf2dc71.js:2
Promise.then
r @ 9561.4bf2dc71.js:2
s @ 9561.4bf2dc71.js:2
Promise.then
r @ 9561.4bf2dc71.js:2
s @ 9561.4bf2dc71.js:2
(匿名) @ 9561.4bf2dc71.js:2
(匿名) @ 9561.4bf2dc71.js:2
value @ 808.d56623c9.chunk.js:1
F @ 9561.4bf2dc71.js:2
(匿名) @ 9561.4bf2dc71.js:2
Ec @ 9561.4bf2dc71.js:2
t.unstable_runWithPriority @ 9561.4bf2dc71.js:2
qo @ 9561.4bf2dc71.js:2
kc @ 9561.4bf2dc71.js:2
dc @ 9561.4bf2dc71.js:2
(匿名) @ 9561.4bf2dc71.js:2
t.unstable_runWithPriority @ 9561.4bf2dc71.js:2
qo @ 9561.4bf2dc71.js:2
Xo @ 9561.4bf2dc71.js:2
j @ 9561.4bf2dc71.js:2
M.port1.onmessage @ 9561.4bf2dc71.js:2
23:27:49.558 9561.4bf2dc71.js:2  react-intl-universal key "cb38f75d" not defined in zh
warningHandler @ 9561.4bf2dc71.js:2
value @ 9561.4bf2dc71.js:2
p @ 9561.4bf2dc71.js:2
value @ 808.d56623c9.chunk.js:1
Xi @ 9561.4bf2dc71.js:2
$i @ 9561.4bf2dc71.js:2
Cs @ 9561.4bf2dc71.js:2
wc @ 9561.4bf2dc71.js:2
_c @ 9561.4bf2dc71.js:2
dc @ 9561.4bf2dc71.js:2
(匿名) @ 9561.4bf2dc71.js:2
t.unstable_runWithPriority @ 9561.4bf2dc71.js:2
qo @ 9561.4bf2dc71.js:2
Xo @ 9561.4bf2dc71.js:2
$o @ 9561.4bf2dc71.js:2
ic @ 9561.4bf2dc71.js:2
enqueueSetState @ 9561.4bf2dc71.js:2
b.setState @ 9561.4bf2dc71.js:2
(匿名) @ 808.d56623c9.chunk.js:1
u @ 9561.4bf2dc71.js:2
(匿名) @ 9561.4bf2dc71.js:2
(匿名) @ 9561.4bf2dc71.js:2
r @ 9561.4bf2dc71.js:2
s @ 9561.4bf2dc71.js:2
Promise.then
r @ 9561.4bf2dc71.js:2
s @ 9561.4bf2dc71.js:2
Promise.then
r @ 9561.4bf2dc71.js:2
s @ 9561.4bf2dc71.js:2
Promise.then
r @ 9561.4bf2dc71.js:2
s @ 9561.4bf2dc71.js:2
(匿名) @ 9561.4bf2dc71.js:2
(匿名) @ 9561.4bf2dc71.js:2
value @ 808.d56623c9.chunk.js:1
F @ 9561.4bf2dc71.js:2
(匿名) @ 9561.4bf2dc71.js:2
Ec @ 9561.4bf2dc71.js:2
t.unstable_runWithPriority @ 9561.4bf2dc71.js:2
qo @ 9561.4bf2dc71.js:2
kc @ 9561.4bf2dc71.js:2
dc @ 9561.4bf2dc71.js:2
(匿名) @ 9561.4bf2dc71.js:2
t.unstable_runWithPriority @ 9561.4bf2dc71.js:2
qo @ 9561.4bf2dc71.js:2
Xo @ 9561.4bf2dc71.js:2
j @ 9561.4bf2dc71.js:2
M.port1.onmessage @ 9561.4bf2dc71.js:2
23:27:49.558 9561.4bf2dc71.js:2  react-intl-universal key "f5444d4a" not defined in zh
warningHandler @ 9561.4bf2dc71.js:2
value @ 9561.4bf2dc71.js:2
p @ 9561.4bf2dc71.js:2
value @ 808.d56623c9.chunk.js:1
Xi @ 9561.4bf2dc71.js:2
$i @ 9561.4bf2dc71.js:2
Cs @ 9561.4bf2dc71.js:2
wc @ 9561.4bf2dc71.js:2
_c @ 9561.4bf2dc71.js:2
dc @ 9561.4bf2dc71.js:2
(匿名) @ 9561.4bf2dc71.js:2
t.unstable_runWithPriority @ 9561.4bf2dc71.js:2
qo @ 9561.4bf2dc71.js:2
Xo @ 9561.4bf2dc71.js:2
$o @ 9561.4bf2dc71.js:2
ic @ 9561.4bf2dc71.js:2
enqueueSetState @ 9561.4bf2dc71.js:2
b.setState @ 9561.4bf2dc71.js:2
(匿名) @ 808.d56623c9.chunk.js:1
u @ 9561.4bf2dc71.js:2
(匿名) @ 9561.4bf2dc71.js:2
(匿名) @ 9561.4bf2dc71.js:2
r @ 9561.4bf2dc71.js:2
s @ 9561.4bf2dc71.js:2
Promise.then
r @ 9561.4bf2dc71.js:2
s @ 9561.4bf2dc71.js:2
Promise.then
r @ 9561.4bf2dc71.js:2
s @ 9561.4bf2dc71.js:2
Promise.then
r @ 9561.4bf2dc71.js:2
s @ 9561.4bf2dc71.js:2
(匿名) @ 9561.4bf2dc71.js:2
(匿名) @ 9561.4bf2dc71.js:2
value @ 808.d56623c9.chunk.js:1
F @ 9561.4bf2dc71.js:2
(匿名) @ 9561.4bf2dc71.js:2
Ec @ 9561.4bf2dc71.js:2
t.unstable_runWithPriority @ 9561.4bf2dc71.js:2
qo @ 9561.4bf2dc71.js:2
kc @ 9561.4bf2dc71.js:2
dc @ 9561.4bf2dc71.js:2
(匿名) @ 9561.4bf2dc71.js:2
t.unstable_runWithPriority @ 9561.4bf2dc71.js:2
qo @ 9561.4bf2dc71.js:2
Xo @ 9561.4bf2dc71.js:2
j @ 9561.4bf2dc71.js:2
M.port1.onmessage @ 9561.4bf2dc71.js:2
23:27:49.559 9561.4bf2dc71.js:2  react-intl-universal key "1655dd5f" not defined in zh
warningHandler @ 9561.4bf2dc71.js:2
value @ 9561.4bf2dc71.js:2
p @ 9561.4bf2dc71.js:2
value @ 808.d56623c9.chunk.js:1
Xi @ 9561.4bf2dc71.js:2
$i @ 9561.4bf2dc71.js:2
Cs @ 9561.4bf2dc71.js:2
wc @ 9561.4bf2dc71.js:2
_c @ 9561.4bf2dc71.js:2
dc @ 9561.4bf2dc71.js:2
(匿名) @ 9561.4bf2dc71.js:2
t.unstable_runWithPriority @ 9561.4bf2dc71.js:2
qo @ 9561.4bf2dc71.js:2
Xo @ 9561.4bf2dc71.js:2
$o @ 9561.4bf2dc71.js:2
ic @ 9561.4bf2dc71.js:2
enqueueSetState @ 9561.4bf2dc71.js:2
b.setState @ 9561.4bf2dc71.js:2
(匿名) @ 808.d56623c9.chunk.js:1
u @ 9561.4bf2dc71.js:2
(匿名) @ 9561.4bf2dc71.js:2
(匿名) @ 9561.4bf2dc71.js:2
r @ 9561.4bf2dc71.js:2
s @ 9561.4bf2dc71.js:2
Promise.then
r @ 9561.4bf2dc71.js:2
s @ 9561.4bf2dc71.js:2
Promise.then
r @ 9561.4bf2dc71.js:2
s @ 9561.4bf2dc71.js:2
Promise.then
r @ 9561.4bf2dc71.js:2
s @ 9561.4bf2dc71.js:2
(匿名) @ 9561.4bf2dc71.js:2
(匿名) @ 9561.4bf2dc71.js:2
value @ 808.d56623c9.chunk.js:1
F @ 9561.4bf2dc71.js:2
(匿名) @ 9561.4bf2dc71.js:2
Ec @ 9561.4bf2dc71.js:2
t.unstable_runWithPriority @ 9561.4bf2dc71.js:2
qo @ 9561.4bf2dc71.js:2
kc @ 9561.4bf2dc71.js:2
dc @ 9561.4bf2dc71.js:2
(匿名) @ 9561.4bf2dc71.js:2
t.unstable_runWithPriority @ 9561.4bf2dc71.js:2
qo @ 9561.4bf2dc71.js:2
Xo @ 9561.4bf2dc71.js:2
j @ 9561.4bf2dc71.js:2
M.port1.onmessage @ 9561.4bf2dc71.js:2
23:27:49.559 9561.4bf2dc71.js:2  react-intl-universal key "e7d2e85a" not defined in zh
warningHandler @ 9561.4bf2dc71.js:2
value @ 9561.4bf2dc71.js:2
p @ 9561.4bf2dc71.js:2
value @ 808.d56623c9.chunk.js:1
Xi @ 9561.4bf2dc71.js:2
$i @ 9561.4bf2dc71.js:2
Cs @ 9561.4bf2dc71.js:2
wc @ 9561.4bf2dc71.js:2
_c @ 9561.4bf2dc71.js:2
dc @ 9561.4bf2dc71.js:2
(匿名) @ 9561.4bf2dc71.js:2
t.unstable_runWithPriority @ 9561.4bf2dc71.js:2
qo @ 9561.4bf2dc71.js:2
Xo @ 9561.4bf2dc71.js:2
$o @ 9561.4bf2dc71.js:2
ic @ 9561.4bf2dc71.js:2
enqueueSetState @ 9561.4bf2dc71.js:2
b.setState @ 9561.4bf2dc71.js:2
(匿名) @ 808.d56623c9.chunk.js:1
u @ 9561.4bf2dc71.js:2
(匿名) @ 9561.4bf2dc71.js:2
(匿名) @ 9561.4bf2dc71.js:2
r @ 9561.4bf2dc71.js:2
s @ 9561.4bf2dc71.js:2
Promise.then
r @ 9561.4bf2dc71.js:2
s @ 9561.4bf2dc71.js:2
Promise.then
r @ 9561.4bf2dc71.js:2
s @ 9561.4bf2dc71.js:2
Promise.then
r @ 9561.4bf2dc71.js:2
s @ 9561.4bf2dc71.js:2
(匿名) @ 9561.4bf2dc71.js:2
(匿名) @ 9561.4bf2dc71.js:2
value @ 808.d56623c9.chunk.js:1
F @ 9561.4bf2dc71.js:2
(匿名) @ 9561.4bf2dc71.js:2
Ec @ 9561.4bf2dc71.js:2
t.unstable_runWithPriority @ 9561.4bf2dc71.js:2
qo @ 9561.4bf2dc71.js:2
kc @ 9561.4bf2dc71.js:2
dc @ 9561.4bf2dc71.js:2
(匿名) @ 9561.4bf2dc71.js:2
t.unstable_runWithPriority @ 9561.4bf2dc71.js:2
qo @ 9561.4bf2dc71.js:2
Xo @ 9561.4bf2dc71.js:2
j @ 9561.4bf2dc71.js:2
M.port1.onmessage @ 9561.4bf2dc71.js:2
23:27:49.568 9561.4bf2dc71.js:2  react-intl-universal key "b698998e" not defined in zh
warningHandler @ 9561.4bf2dc71.js:2
value @ 9561.4bf2dc71.js:2
p @ 9561.4bf2dc71.js:2
value @ 8222.6209a852.chunk.js:1
Le @ 9561.4bf2dc71.js:2
(匿名) @ 9561.4bf2dc71.js:2
pe @ 9561.4bf2dc71.js:2
e.track @ 9561.4bf2dc71.js:2
n @ 9561.4bf2dc71.js:2
pe @ 9561.4bf2dc71.js:2
d.render @ 9561.4bf2dc71.js:2
Xi @ 9561.4bf2dc71.js:2
$i @ 9561.4bf2dc71.js:2
Cs @ 9561.4bf2dc71.js:2
wc @ 9561.4bf2dc71.js:2
_c @ 9561.4bf2dc71.js:2
dc @ 9561.4bf2dc71.js:2
(匿名) @ 9561.4bf2dc71.js:2
t.unstable_runWithPriority @ 9561.4bf2dc71.js:2
qo @ 9561.4bf2dc71.js:2
Xo @ 9561.4bf2dc71.js:2
$o @ 9561.4bf2dc71.js:2
ic @ 9561.4bf2dc71.js:2
enqueueSetState @ 9561.4bf2dc71.js:2
b.setState @ 9561.4bf2dc71.js:2
(匿名) @ 808.d56623c9.chunk.js:1
u @ 9561.4bf2dc71.js:2
(匿名) @ 9561.4bf2dc71.js:2
(匿名) @ 9561.4bf2dc71.js:2
r @ 9561.4bf2dc71.js:2
s @ 9561.4bf2dc71.js:2
Promise.then
r @ 9561.4bf2dc71.js:2
s @ 9561.4bf2dc71.js:2
Promise.then
r @ 9561.4bf2dc71.js:2
s @ 9561.4bf2dc71.js:2
Promise.then
r @ 9561.4bf2dc71.js:2
s @ 9561.4bf2dc71.js:2
(匿名) @ 9561.4bf2dc71.js:2
(匿名) @ 9561.4bf2dc71.js:2
value @ 808.d56623c9.chunk.js:1
F @ 9561.4bf2dc71.js:2
(匿名) @ 9561.4bf2dc71.js:2
Ec @ 9561.4bf2dc71.js:2
t.unstable_runWithPriority @ 9561.4bf2dc71.js:2
qo @ 9561.4bf2dc71.js:2
kc @ 9561.4bf2dc71.js:2
dc @ 9561.4bf2dc71.js:2
(匿名) @ 9561.4bf2dc71.js:2
t.unstable_runWithPriority @ 9561.4bf2dc71.js:2
qo @ 9561.4bf2dc71.js:2
Xo @ 9561.4bf2dc71.js:2
j @ 9561.4bf2dc71.js:2
M.port1.onmessage @ 9561.4bf2dc71.js:2
23:27:49.569 9561.4bf2dc71.js:2  react-intl-universal key "7c1b3891" not defined in zh
warningHandler @ 9561.4bf2dc71.js:2
value @ 9561.4bf2dc71.js:2
p @ 9561.4bf2dc71.js:2
value @ 8222.6209a852.chunk.js:1
Le @ 9561.4bf2dc71.js:2
(匿名) @ 9561.4bf2dc71.js:2
pe @ 9561.4bf2dc71.js:2
e.track @ 9561.4bf2dc71.js:2
n @ 9561.4bf2dc71.js:2
pe @ 9561.4bf2dc71.js:2
d.render @ 9561.4bf2dc71.js:2
Xi @ 9561.4bf2dc71.js:2
$i @ 9561.4bf2dc71.js:2
Cs @ 9561.4bf2dc71.js:2
wc @ 9561.4bf2dc71.js:2
_c @ 9561.4bf2dc71.js:2
dc @ 9561.4bf2dc71.js:2
(匿名) @ 9561.4bf2dc71.js:2
t.unstable_runWithPriority @ 9561.4bf2dc71.js:2
qo @ 9561.4bf2dc71.js:2
Xo @ 9561.4bf2dc71.js:2
$o @ 9561.4bf2dc71.js:2
ic @ 9561.4bf2dc71.js:2
enqueueSetState @ 9561.4bf2dc71.js:2
b.setState @ 9561.4bf2dc71.js:2
(匿名) @ 808.d56623c9.chunk.js:1
u @ 9561.4bf2dc71.js:2
(匿名) @ 9561.4bf2dc71.js:2
(匿名) @ 9561.4bf2dc71.js:2
r @ 9561.4bf2dc71.js:2
s @ 9561.4bf2dc71.js:2
Promise.then
r @ 9561.4bf2dc71.js:2
s @ 9561.4bf2dc71.js:2
Promise.then
r @ 9561.4bf2dc71.js:2
s @ 9561.4bf2dc71.js:2
Promise.then
r @ 9561.4bf2dc71.js:2
s @ 9561.4bf2dc71.js:2
(匿名) @ 9561.4bf2dc71.js:2
(匿名) @ 9561.4bf2dc71.js:2
value @ 808.d56623c9.chunk.js:1
F @ 9561.4bf2dc71.js:2
(匿名) @ 9561.4bf2dc71.js:2
Ec @ 9561.4bf2dc71.js:2
t.unstable_runWithPriority @ 9561.4bf2dc71.js:2
qo @ 9561.4bf2dc71.js:2
kc @ 9561.4bf2dc71.js:2
dc @ 9561.4bf2dc71.js:2
(匿名) @ 9561.4bf2dc71.js:2
t.unstable_runWithPriority @ 9561.4bf2dc71.js:2
qo @ 9561.4bf2dc71.js:2
Xo @ 9561.4bf2dc71.js:2
j @ 9561.4bf2dc71.js:2
M.port1.onmessage @ 9561.4bf2dc71.js:2
23:27:49.569 9561.4bf2dc71.js:2  react-intl-universal key "625fb26b" not defined in zh
warningHandler @ 9561.4bf2dc71.js:2
value @ 9561.4bf2dc71.js:2
p @ 9561.4bf2dc71.js:2
value @ 8222.6209a852.chunk.js:1
Le @ 9561.4bf2dc71.js:2
(匿名) @ 9561.4bf2dc71.js:2
pe @ 9561.4bf2dc71.js:2
e.track @ 9561.4bf2dc71.js:2
n @ 9561.4bf2dc71.js:2
pe @ 9561.4bf2dc71.js:2
d.render @ 9561.4bf2dc71.js:2
Xi @ 9561.4bf2dc71.js:2
$i @ 9561.4bf2dc71.js:2
Cs @ 9561.4bf2dc71.js:2
wc @ 9561.4bf2dc71.js:2
_c @ 9561.4bf2dc71.js:2
dc @ 9561.4bf2dc71.js:2
(匿名) @ 9561.4bf2dc71.js:2
t.unstable_runWithPriority @ 9561.4bf2dc71.js:2
qo @ 9561.4bf2dc71.js:2
Xo @ 9561.4bf2dc71.js:2
$o @ 9561.4bf2dc71.js:2
ic @ 9561.4bf2dc71.js:2
enqueueSetState @ 9561.4bf2dc71.js:2
b.setState @ 9561.4bf2dc71.js:2
(匿名) @ 808.d56623c9.chunk.js:1
u @ 9561.4bf2dc71.js:2
(匿名) @ 9561.4bf2dc71.js:2
(匿名) @ 9561.4bf2dc71.js:2
r @ 9561.4bf2dc71.js:2
s @ 9561.4bf2dc71.js:2
Promise.then
r @ 9561.4bf2dc71.js:2
s @ 9561.4bf2dc71.js:2
Promise.then
r @ 9561.4bf2dc71.js:2
s @ 9561.4bf2dc71.js:2
Promise.then
r @ 9561.4bf2dc71.js:2
s @ 9561.4bf2dc71.js:2
(匿名) @ 9561.4bf2dc71.js:2
(匿名) @ 9561.4bf2dc71.js:2
value @ 808.d56623c9.chunk.js:1
F @ 9561.4bf2dc71.js:2
(匿名) @ 9561.4bf2dc71.js:2
Ec @ 9561.4bf2dc71.js:2
t.unstable_runWithPriority @ 9561.4bf2dc71.js:2
qo @ 9561.4bf2dc71.js:2
kc @ 9561.4bf2dc71.js:2
dc @ 9561.4bf2dc71.js:2
(匿名) @ 9561.4bf2dc71.js:2
t.unstable_runWithPriority @ 9561.4bf2dc71.js:2
qo @ 9561.4bf2dc71.js:2
Xo @ 9561.4bf2dc71.js:2
j @ 9561.4bf2dc71.js:2
M.port1.onmessage @ 9561.4bf2dc71.js:2
23:27:49.569 9561.4bf2dc71.js:2  react-intl-universal key "aa98ad92" not defined in zh
warningHandler @ 9561.4bf2dc71.js:2
value @ 9561.4bf2dc71.js:2
p @ 9561.4bf2dc71.js:2
value @ 8222.6209a852.chunk.js:1
Le @ 9561.4bf2dc71.js:2
(匿名) @ 9561.4bf2dc71.js:2
pe @ 9561.4bf2dc71.js:2
e.track @ 9561.4bf2dc71.js:2
n @ 9561.4bf2dc71.js:2
pe @ 9561.4bf2dc71.js:2
d.render @ 9561.4bf2dc71.js:2
Xi @ 9561.4bf2dc71.js:2
$i @ 9561.4bf2dc71.js:2
Cs @ 9561.4bf2dc71.js:2
wc @ 9561.4bf2dc71.js:2
_c @ 9561.4bf2dc71.js:2
dc @ 9561.4bf2dc71.js:2
(匿名) @ 9561.4bf2dc71.js:2
t.unstable_runWithPriority @ 9561.4bf2dc71.js:2
qo @ 9561.4bf2dc71.js:2
Xo @ 9561.4bf2dc71.js:2
$o @ 9561.4bf2dc71.js:2
ic @ 9561.4bf2dc71.js:2
enqueueSetState @ 9561.4bf2dc71.js:2
b.setState @ 9561.4bf2dc71.js:2
(匿名) @ 808.d56623c9.chunk.js:1
u @ 9561.4bf2dc71.js:2
(匿名) @ 9561.4bf2dc71.js:2
(匿名) @ 9561.4bf2dc71.js:2
r @ 9561.4bf2dc71.js:2
s @ 9561.4bf2dc71.js:2
Promise.then
r @ 9561.4bf2dc71.js:2
s @ 9561.4bf2dc71.js:2
Promise.then
r @ 9561.4bf2dc71.js:2
s @ 9561.4bf2dc71.js:2
Promise.then
r @ 9561.4bf2dc71.js:2
s @ 9561.4bf2dc71.js:2
(匿名) @ 9561.4bf2dc71.js:2
(匿名) @ 9561.4bf2dc71.js:2
value @ 808.d56623c9.chunk.js:1
F @ 9561.4bf2dc71.js:2
(匿名) @ 9561.4bf2dc71.js:2
Ec @ 9561.4bf2dc71.js:2
t.unstable_runWithPriority @ 9561.4bf2dc71.js:2
qo @ 9561.4bf2dc71.js:2
kc @ 9561.4bf2dc71.js:2
dc @ 9561.4bf2dc71.js:2
(匿名) @ 9561.4bf2dc71.js:2
t.unstable_runWithPriority @ 9561.4bf2dc71.js:2
qo @ 9561.4bf2dc71.js:2
Xo @ 9561.4bf2dc71.js:2
j @ 9561.4bf2dc71.js:2
M.port1.onmessage @ 9561.4bf2dc71.js:2
23:27:49.570 9561.4bf2dc71.js:2  react-intl-universal key "fe033787" not defined in zh
warningHandler @ 9561.4bf2dc71.js:2
value @ 9561.4bf2dc71.js:2
p @ 9561.4bf2dc71.js:2
value @ 8222.6209a852.chunk.js:1
Le @ 9561.4bf2dc71.js:2
(匿名) @ 9561.4bf2dc71.js:2
pe @ 9561.4bf2dc71.js:2
e.track @ 9561.4bf2dc71.js:2
n @ 9561.4bf2dc71.js:2
pe @ 9561.4bf2dc71.js:2
d.render @ 9561.4bf2dc71.js:2
Xi @ 9561.4bf2dc71.js:2
$i @ 9561.4bf2dc71.js:2
Cs @ 9561.4bf2dc71.js:2
wc @ 9561.4bf2dc71.js:2
_c @ 9561.4bf2dc71.js:2
dc @ 9561.4bf2dc71.js:2
(匿名) @ 9561.4bf2dc71.js:2
t.unstable_runWithPriority @ 9561.4bf2dc71.js:2
qo @ 9561.4bf2dc71.js:2
Xo @ 9561.4bf2dc71.js:2
$o @ 9561.4bf2dc71.js:2
ic @ 9561.4bf2dc71.js:2
enqueueSetState @ 9561.4bf2dc71.js:2
b.setState @ 9561.4bf2dc71.js:2
(匿名) @ 808.d56623c9.chunk.js:1
u @ 9561.4bf2dc71.js:2
(匿名) @ 9561.4bf2dc71.js:2
(匿名) @ 9561.4bf2dc71.js:2
r @ 9561.4bf2dc71.js:2
s @ 9561.4bf2dc71.js:2
Promise.then
r @ 9561.4bf2dc71.js:2
s @ 9561.4bf2dc71.js:2
Promise.then
r @ 9561.4bf2dc71.js:2
s @ 9561.4bf2dc71.js:2
Promise.then
r @ 9561.4bf2dc71.js:2
s @ 9561.4bf2dc71.js:2
(匿名) @ 9561.4bf2dc71.js:2
(匿名) @ 9561.4bf2dc71.js:2
value @ 808.d56623c9.chunk.js:1
F @ 9561.4bf2dc71.js:2
(匿名) @ 9561.4bf2dc71.js:2
Ec @ 9561.4bf2dc71.js:2
t.unstable_runWithPriority @ 9561.4bf2dc71.js:2
qo @ 9561.4bf2dc71.js:2
kc @ 9561.4bf2dc71.js:2
dc @ 9561.4bf2dc71.js:2
(匿名) @ 9561.4bf2dc71.js:2
t.unstable_runWithPriority @ 9561.4bf2dc71.js:2
qo @ 9561.4bf2dc71.js:2
Xo @ 9561.4bf2dc71.js:2
j @ 9561.4bf2dc71.js:2
M.port1.onmessage @ 9561.4bf2dc71.js:2
23:27:49.570 9561.4bf2dc71.js:2  react-intl-universal key "40e20dd4" not defined in zh
warningHandler @ 9561.4bf2dc71.js:2
value @ 9561.4bf2dc71.js:2
p @ 9561.4bf2dc71.js:2
value @ 8222.6209a852.chunk.js:1
Le @ 9561.4bf2dc71.js:2
(匿名) @ 9561.4bf2dc71.js:2
pe @ 9561.4bf2dc71.js:2
e.track @ 9561.4bf2dc71.js:2
n @ 9561.4bf2dc71.js:2
pe @ 9561.4bf2dc71.js:2
d.render @ 9561.4bf2dc71.js:2
Xi @ 9561.4bf2dc71.js:2
$i @ 9561.4bf2dc71.js:2
Cs @ 9561.4bf2dc71.js:2
wc @ 9561.4bf2dc71.js:2
_c @ 9561.4bf2dc71.js:2
dc @ 9561.4bf2dc71.js:2
(匿名) @ 9561.4bf2dc71.js:2
t.unstable_runWithPriority @ 9561.4bf2dc71.js:2
qo @ 9561.4bf2dc71.js:2
Xo @ 9561.4bf2dc71.js:2
$o @ 9561.4bf2dc71.js:2
ic @ 9561.4bf2dc71.js:2
enqueueSetState @ 9561.4bf2dc71.js:2
b.setState @ 9561.4bf2dc71.js:2
(匿名) @ 808.d56623c9.chunk.js:1
u @ 9561.4bf2dc71.js:2
(匿名) @ 9561.4bf2dc71.js:2
(匿名) @ 9561.4bf2dc71.js:2
r @ 9561.4bf2dc71.js:2
s @ 9561.4bf2dc71.js:2
Promise.then
r @ 9561.4bf2dc71.js:2
s @ 9561.4bf2dc71.js:2
Promise.then
r @ 9561.4bf2dc71.js:2
s @ 9561.4bf2dc71.js:2
Promise.then
r @ 9561.4bf2dc71.js:2
s @ 9561.4bf2dc71.js:2
(匿名) @ 9561.4bf2dc71.js:2
(匿名) @ 9561.4bf2dc71.js:2
value @ 808.d56623c9.chunk.js:1
F @ 9561.4bf2dc71.js:2
(匿名) @ 9561.4bf2dc71.js:2
Ec @ 9561.4bf2dc71.js:2
t.unstable_runWithPriority @ 9561.4bf2dc71.js:2
qo @ 9561.4bf2dc71.js:2
kc @ 9561.4bf2dc71.js:2
dc @ 9561.4bf2dc71.js:2
(匿名) @ 9561.4bf2dc71.js:2
t.unstable_runWithPriority @ 9561.4bf2dc71.js:2
qo @ 9561.4bf2dc71.js:2
Xo @ 9561.4bf2dc71.js:2
j @ 9561.4bf2dc71.js:2
M.port1.onmessage @ 9561.4bf2dc71.js:2
23:27:49.580   react-intl-universal key "447595d5" not defined in zh
warningHandler @ 9561.4bf2dc71.js:2
value @ 9561.4bf2dc71.js:2
p @ 9561.4bf2dc71.js:2
(匿名) @ 8222.6209a852.chunk.js:1
hi @ 9561.4bf2dc71.js:2
Qi @ 9561.4bf2dc71.js:2
Cs @ 9561.4bf2dc71.js:2
wc @ 9561.4bf2dc71.js:2
_c @ 9561.4bf2dc71.js:2
dc @ 9561.4bf2dc71.js:2
(匿名) @ 9561.4bf2dc71.js:2
t.unstable_runWithPriority @ 9561.4bf2dc71.js:2
qo @ 9561.4bf2dc71.js:2
Xo @ 9561.4bf2dc71.js:2
$o @ 9561.4bf2dc71.js:2
ic @ 9561.4bf2dc71.js:2
enqueueSetState @ 9561.4bf2dc71.js:2
b.setState @ 9561.4bf2dc71.js:2
(匿名) @ 808.d56623c9.chunk.js:1
u @ 9561.4bf2dc71.js:2
(匿名) @ 9561.4bf2dc71.js:2
(匿名) @ 9561.4bf2dc71.js:2
r @ 9561.4bf2dc71.js:2
s @ 9561.4bf2dc71.js:2
Promise.then
r @ 9561.4bf2dc71.js:2
s @ 9561.4bf2dc71.js:2
Promise.then
r @ 9561.4bf2dc71.js:2
s @ 9561.4bf2dc71.js:2
Promise.then
r @ 9561.4bf2dc71.js:2
s @ 9561.4bf2dc71.js:2
(匿名) @ 9561.4bf2dc71.js:2
(匿名) @ 9561.4bf2dc71.js:2
value @ 808.d56623c9.chunk.js:1
F @ 9561.4bf2dc71.js:2
(匿名) @ 9561.4bf2dc71.js:2
Ec @ 9561.4bf2dc71.js:2
t.unstable_runWithPriority @ 9561.4bf2dc71.js:2
qo @ 9561.4bf2dc71.js:2
kc @ 9561.4bf2dc71.js:2
dc @ 9561.4bf2dc71.js:2
(匿名) @ 9561.4bf2dc71.js:2
t.unstable_runWithPriority @ 9561.4bf2dc71.js:2
qo @ 9561.4bf2dc71.js:2
Xo @ 9561.4bf2dc71.js:2
j @ 9561.4bf2dc71.js:2
M.port1.onmessage @ 9561.4bf2dc71.js:2
23:27:49.590   react-intl-universal key "b698998e" not defined in zh
warningHandler @ 9561.4bf2dc71.js:2
value @ 9561.4bf2dc71.js:2
p @ 9561.4bf2dc71.js:2
value @ 8222.6209a852.chunk.js:1
Le @ 9561.4bf2dc71.js:2
(匿名) @ 9561.4bf2dc71.js:2
pe @ 9561.4bf2dc71.js:2
e.track @ 9561.4bf2dc71.js:2
n @ 9561.4bf2dc71.js:2
Xi @ 9561.4bf2dc71.js:2
$i @ 9561.4bf2dc71.js:2
Cs @ 9561.4bf2dc71.js:2
wc @ 9561.4bf2dc71.js:2
_c @ 9561.4bf2dc71.js:2
dc @ 9561.4bf2dc71.js:2
(匿名) @ 9561.4bf2dc71.js:2
t.unstable_runWithPriority @ 9561.4bf2dc71.js:2
qo @ 9561.4bf2dc71.js:2
Xo @ 9561.4bf2dc71.js:2
$o @ 9561.4bf2dc71.js:2
ic @ 9561.4bf2dc71.js:2
enqueueSetState @ 9561.4bf2dc71.js:2
b.setState @ 9561.4bf2dc71.js:2
(匿名) @ 808.d56623c9.chunk.js:1
u @ 9561.4bf2dc71.js:2
(匿名) @ 9561.4bf2dc71.js:2
(匿名) @ 9561.4bf2dc71.js:2
r @ 9561.4bf2dc71.js:2
s @ 9561.4bf2dc71.js:2
Promise.then
r @ 9561.4bf2dc71.js:2
s @ 9561.4bf2dc71.js:2
Promise.then
r @ 9561.4bf2dc71.js:2
s @ 9561.4bf2dc71.js:2
Promise.then
r @ 9561.4bf2dc71.js:2
s @ 9561.4bf2dc71.js:2
(匿名) @ 9561.4bf2dc71.js:2
(匿名) @ 9561.4bf2dc71.js:2
value @ 808.d56623c9.chunk.js:1
F @ 9561.4bf2dc71.js:2
(匿名) @ 9561.4bf2dc71.js:2
Ec @ 9561.4bf2dc71.js:2
t.unstable_runWithPriority @ 9561.4bf2dc71.js:2
qo @ 9561.4bf2dc71.js:2
kc @ 9561.4bf2dc71.js:2
dc @ 9561.4bf2dc71.js:2
(匿名) @ 9561.4bf2dc71.js:2
t.unstable_runWithPriority @ 9561.4bf2dc71.js:2
qo @ 9561.4bf2dc71.js:2
Xo @ 9561.4bf2dc71.js:2
j @ 9561.4bf2dc71.js:2
M.port1.onmessage @ 9561.4bf2dc71.js:2
23:27:49.591   react-intl-universal key "7c1b3891" not defined in zh
warningHandler @ 9561.4bf2dc71.js:2
value @ 9561.4bf2dc71.js:2
p @ 9561.4bf2dc71.js:2
value @ 8222.6209a852.chunk.js:1
Le @ 9561.4bf2dc71.js:2
(匿名) @ 9561.4bf2dc71.js:2
pe @ 9561.4bf2dc71.js:2
e.track @ 9561.4bf2dc71.js:2
n @ 9561.4bf2dc71.js:2
Xi @ 9561.4bf2dc71.js:2
$i @ 9561.4bf2dc71.js:2
Cs @ 9561.4bf2dc71.js:2
wc @ 9561.4bf2dc71.js:2
_c @ 9561.4bf2dc71.js:2
dc @ 9561.4bf2dc71.js:2
(匿名) @ 9561.4bf2dc71.js:2
t.unstable_runWithPriority @ 9561.4bf2dc71.js:2
qo @ 9561.4bf2dc71.js:2
Xo @ 9561.4bf2dc71.js:2
$o @ 9561.4bf2dc71.js:2
ic @ 9561.4bf2dc71.js:2
enqueueSetState @ 9561.4bf2dc71.js:2
b.setState @ 9561.4bf2dc71.js:2
(匿名) @ 808.d56623c9.chunk.js:1
u @ 9561.4bf2dc71.js:2
(匿名) @ 9561.4bf2dc71.js:2
(匿名) @ 9561.4bf2dc71.js:2
r @ 9561.4bf2dc71.js:2
s @ 9561.4bf2dc71.js:2
Promise.then
r @ 9561.4bf2dc71.js:2
s @ 9561.4bf2dc71.js:2
Promise.then
r @ 9561.4bf2dc71.js:2
s @ 9561.4bf2dc71.js:2
Promise.then
r @ 9561.4bf2dc71.js:2
s @ 9561.4bf2dc71.js:2
(匿名) @ 9561.4bf2dc71.js:2
(匿名) @ 9561.4bf2dc71.js:2
value @ 808.d56623c9.chunk.js:1
F @ 9561.4bf2dc71.js:2
(匿名) @ 9561.4bf2dc71.js:2
Ec @ 9561.4bf2dc71.js:2
t.unstable_runWithPriority @ 9561.4bf2dc71.js:2
qo @ 9561.4bf2dc71.js:2
kc @ 9561.4bf2dc71.js:2
dc @ 9561.4bf2dc71.js:2
(匿名) @ 9561.4bf2dc71.js:2
t.unstable_runWithPriority @ 9561.4bf2dc71.js:2
qo @ 9561.4bf2dc71.js:2
Xo @ 9561.4bf2dc71.js:2
j @ 9561.4bf2dc71.js:2
M.port1.onmessage @ 9561.4bf2dc71.js:2
23:27:49.591   react-intl-universal key "625fb26b" not defined in zh
warningHandler @ 9561.4bf2dc71.js:2
value @ 9561.4bf2dc71.js:2
p @ 9561.4bf2dc71.js:2
value @ 8222.6209a852.chunk.js:1
Le @ 9561.4bf2dc71.js:2
(匿名) @ 9561.4bf2dc71.js:2
pe @ 9561.4bf2dc71.js:2
e.track @ 9561.4bf2dc71.js:2
n @ 9561.4bf2dc71.js:2
Xi @ 9561.4bf2dc71.js:2
$i @ 9561.4bf2dc71.js:2
Cs @ 9561.4bf2dc71.js:2
wc @ 9561.4bf2dc71.js:2
_c @ 9561.4bf2dc71.js:2
dc @ 9561.4bf2dc71.js:2
(匿名) @ 9561.4bf2dc71.js:2
t.unstable_runWithPriority @ 9561.4bf2dc71.js:2
qo @ 9561.4bf2dc71.js:2
Xo @ 9561.4bf2dc71.js:2
$o @ 9561.4bf2dc71.js:2
ic @ 9561.4bf2dc71.js:2
enqueueSetState @ 9561.4bf2dc71.js:2
b.setState @ 9561.4bf2dc71.js:2
(匿名) @ 808.d56623c9.chunk.js:1
u @ 9561.4bf2dc71.js:2
(匿名) @ 9561.4bf2dc71.js:2
(匿名) @ 9561.4bf2dc71.js:2
r @ 9561.4bf2dc71.js:2
s @ 9561.4bf2dc71.js:2
Promise.then
r @ 9561.4bf2dc71.js:2
s @ 9561.4bf2dc71.js:2
Promise.then
r @ 9561.4bf2dc71.js:2
s @ 9561.4bf2dc71.js:2
Promise.then
r @ 9561.4bf2dc71.js:2
s @ 9561.4bf2dc71.js:2
(匿名) @ 9561.4bf2dc71.js:2
(匿名) @ 9561.4bf2dc71.js:2
value @ 808.d56623c9.chunk.js:1
F @ 9561.4bf2dc71.js:2
(匿名) @ 9561.4bf2dc71.js:2
Ec @ 9561.4bf2dc71.js:2
t.unstable_runWithPriority @ 9561.4bf2dc71.js:2
qo @ 9561.4bf2dc71.js:2
kc @ 9561.4bf2dc71.js:2
dc @ 9561.4bf2dc71.js:2
(匿名) @ 9561.4bf2dc71.js:2
t.unstable_runWithPriority @ 9561.4bf2dc71.js:2
qo @ 9561.4bf2dc71.js:2
Xo @ 9561.4bf2dc71.js:2
j @ 9561.4bf2dc71.js:2
M.port1.onmessage @ 9561.4bf2dc71.js:2
23:27:49.591   react-intl-universal key "aa98ad92" not defined in zh
warningHandler @ 9561.4bf2dc71.js:2
value @ 9561.4bf2dc71.js:2
p @ 9561.4bf2dc71.js:2
value @ 8222.6209a852.chunk.js:1
Le @ 9561.4bf2dc71.js:2
(匿名) @ 9561.4bf2dc71.js:2
pe @ 9561.4bf2dc71.js:2
e.track @ 9561.4bf2dc71.js:2
n @ 9561.4bf2dc71.js:2
Xi @ 9561.4bf2dc71.js:2
$i @ 9561.4bf2dc71.js:2
Cs @ 9561.4bf2dc71.js:2
wc @ 9561.4bf2dc71.js:2
_c @ 9561.4bf2dc71.js:2
dc @ 9561.4bf2dc71.js:2
(匿名) @ 9561.4bf2dc71.js:2
t.unstable_runWithPriority @ 9561.4bf2dc71.js:2
qo @ 9561.4bf2dc71.js:2
Xo @ 9561.4bf2dc71.js:2
$o @ 9561.4bf2dc71.js:2
ic @ 9561.4bf2dc71.js:2
enqueueSetState @ 9561.4bf2dc71.js:2
b.setState @ 9561.4bf2dc71.js:2
(匿名) @ 808.d56623c9.chunk.js:1
u @ 9561.4bf2dc71.js:2
(匿名) @ 9561.4bf2dc71.js:2
(匿名) @ 9561.4bf2dc71.js:2
r @ 9561.4bf2dc71.js:2
s @ 9561.4bf2dc71.js:2
Promise.then
r @ 9561.4bf2dc71.js:2
s @ 9561.4bf2dc71.js:2
Promise.then
r @ 9561.4bf2dc71.js:2
s @ 9561.4bf2dc71.js:2
Promise.then
r @ 9561.4bf2dc71.js:2
s @ 9561.4bf2dc71.js:2
(匿名) @ 9561.4bf2dc71.js:2
(匿名) @ 9561.4bf2dc71.js:2
value @ 808.d56623c9.chunk.js:1
F @ 9561.4bf2dc71.js:2
(匿名) @ 9561.4bf2dc71.js:2
Ec @ 9561.4bf2dc71.js:2
t.unstable_runWithPriority @ 9561.4bf2dc71.js:2
qo @ 9561.4bf2dc71.js:2
kc @ 9561.4bf2dc71.js:2
dc @ 9561.4bf2dc71.js:2
(匿名) @ 9561.4bf2dc71.js:2
t.unstable_runWithPriority @ 9561.4bf2dc71.js:2
qo @ 9561.4bf2dc71.js:2
Xo @ 9561.4bf2dc71.js:2
j @ 9561.4bf2dc71.js:2
M.port1.onmessage @ 9561.4bf2dc71.js:2
23:27:49.592   react-intl-universal key "fe033787" not defined in zh
warningHandler @ 9561.4bf2dc71.js:2
value @ 9561.4bf2dc71.js:2
p @ 9561.4bf2dc71.js:2
value @ 8222.6209a852.chunk.js:1
Le @ 9561.4bf2dc71.js:2
(匿名) @ 9561.4bf2dc71.js:2
pe @ 9561.4bf2dc71.js:2
e.track @ 9561.4bf2dc71.js:2
n @ 9561.4bf2dc71.js:2
Xi @ 9561.4bf2dc71.js:2
$i @ 9561.4bf2dc71.js:2
Cs @ 9561.4bf2dc71.js:2
wc @ 9561.4bf2dc71.js:2
_c @ 9561.4bf2dc71.js:2
dc @ 9561.4bf2dc71.js:2
(匿名) @ 9561.4bf2dc71.js:2
t.unstable_runWithPriority @ 9561.4bf2dc71.js:2
qo @ 9561.4bf2dc71.js:2
Xo @ 9561.4bf2dc71.js:2
$o @ 9561.4bf2dc71.js:2
ic @ 9561.4bf2dc71.js:2
enqueueSetState @ 9561.4bf2dc71.js:2
b.setState @ 9561.4bf2dc71.js:2
(匿名) @ 808.d56623c9.chunk.js:1
u @ 9561.4bf2dc71.js:2
(匿名) @ 9561.4bf2dc71.js:2
(匿名) @ 9561.4bf2dc71.js:2
r @ 9561.4bf2dc71.js:2
s @ 9561.4bf2dc71.js:2
Promise.then
r @ 9561.4bf2dc71.js:2
s @ 9561.4bf2dc71.js:2
Promise.then
r @ 9561.4bf2dc71.js:2
s @ 9561.4bf2dc71.js:2
Promise.then
r @ 9561.4bf2dc71.js:2
s @ 9561.4bf2dc71.js:2
(匿名) @ 9561.4bf2dc71.js:2
(匿名) @ 9561.4bf2dc71.js:2
value @ 808.d56623c9.chunk.js:1
F @ 9561.4bf2dc71.js:2
(匿名) @ 9561.4bf2dc71.js:2
Ec @ 9561.4bf2dc71.js:2
t.unstable_runWithPriority @ 9561.4bf2dc71.js:2
qo @ 9561.4bf2dc71.js:2
kc @ 9561.4bf2dc71.js:2
dc @ 9561.4bf2dc71.js:2
(匿名) @ 9561.4bf2dc71.js:2
t.unstable_runWithPriority @ 9561.4bf2dc71.js:2
qo @ 9561.4bf2dc71.js:2
Xo @ 9561.4bf2dc71.js:2
j @ 9561.4bf2dc71.js:2
M.port1.onmessage @ 9561.4bf2dc71.js:2
23:27:49.592   react-intl-universal key "40e20dd4" not defined in zh
warningHandler @ 9561.4bf2dc71.js:2
value @ 9561.4bf2dc71.js:2
p @ 9561.4bf2dc71.js:2
value @ 8222.6209a852.chunk.js:1
Le @ 9561.4bf2dc71.js:2
(匿名) @ 9561.4bf2dc71.js:2
pe @ 9561.4bf2dc71.js:2
e.track @ 9561.4bf2dc71.js:2
n @ 9561.4bf2dc71.js:2
Xi @ 9561.4bf2dc71.js:2
$i @ 9561.4bf2dc71.js:2
Cs @ 9561.4bf2dc71.js:2
wc @ 9561.4bf2dc71.js:2
_c @ 9561.4bf2dc71.js:2
dc @ 9561.4bf2dc71.js:2
(匿名) @ 9561.4bf2dc71.js:2
t.unstable_runWithPriority @ 9561.4bf2dc71.js:2
qo @ 9561.4bf2dc71.js:2
Xo @ 9561.4bf2dc71.js:2
$o @ 9561.4bf2dc71.js:2
ic @ 9561.4bf2dc71.js:2
enqueueSetState @ 9561.4bf2dc71.js:2
b.setState @ 9561.4bf2dc71.js:2
(匿名) @ 808.d56623c9.chunk.js:1
u @ 9561.4bf2dc71.js:2
(匿名) @ 9561.4bf2dc71.js:2
(匿名) @ 9561.4bf2dc71.js:2
r @ 9561.4bf2dc71.js:2
s @ 9561.4bf2dc71.js:2
Promise.then
r @ 9561.4bf2dc71.js:2
s @ 9561.4bf2dc71.js:2
Promise.then
r @ 9561.4bf2dc71.js:2
s @ 9561.4bf2dc71.js:2
Promise.then
r @ 9561.4bf2dc71.js:2
s @ 9561.4bf2dc71.js:2
(匿名) @ 9561.4bf2dc71.js:2
(匿名) @ 9561.4bf2dc71.js:2
value @ 808.d56623c9.chunk.js:1
F @ 9561.4bf2dc71.js:2
(匿名) @ 9561.4bf2dc71.js:2
Ec @ 9561.4bf2dc71.js:2
t.unstable_runWithPriority @ 9561.4bf2dc71.js:2
qo @ 9561.4bf2dc71.js:2
kc @ 9561.4bf2dc71.js:2
dc @ 9561.4bf2dc71.js:2
(匿名) @ 9561.4bf2dc71.js:2
t.unstable_runWithPriority @ 9561.4bf2dc71.js:2
qo @ 9561.4bf2dc71.js:2
Xo @ 9561.4bf2dc71.js:2
j @ 9561.4bf2dc71.js:2
M.port1.onmessage @ 9561.4bf2dc71.js:2
23:27:49.596   react-intl-universal key "b698998e" not defined in zh
warningHandler @ 9561.4bf2dc71.js:2
value @ 9561.4bf2dc71.js:2
p @ 9561.4bf2dc71.js:2
value @ 8222.6209a852.chunk.js:1
Le @ 9561.4bf2dc71.js:2
(匿名) @ 9561.4bf2dc71.js:2
pe @ 9561.4bf2dc71.js:2
e.track @ 9561.4bf2dc71.js:2
n @ 9561.4bf2dc71.js:2
Xi @ 9561.4bf2dc71.js:2
$i @ 9561.4bf2dc71.js:2
Cs @ 9561.4bf2dc71.js:2
wc @ 9561.4bf2dc71.js:2
_c @ 9561.4bf2dc71.js:2
dc @ 9561.4bf2dc71.js:2
(匿名) @ 9561.4bf2dc71.js:2
t.unstable_runWithPriority @ 9561.4bf2dc71.js:2
qo @ 9561.4bf2dc71.js:2
Xo @ 9561.4bf2dc71.js:2
$o @ 9561.4bf2dc71.js:2
ic @ 9561.4bf2dc71.js:2
enqueueSetState @ 9561.4bf2dc71.js:2
b.setState @ 9561.4bf2dc71.js:2
(匿名) @ 808.d56623c9.chunk.js:1
u @ 9561.4bf2dc71.js:2
(匿名) @ 9561.4bf2dc71.js:2
(匿名) @ 9561.4bf2dc71.js:2
r @ 9561.4bf2dc71.js:2
s @ 9561.4bf2dc71.js:2
Promise.then
r @ 9561.4bf2dc71.js:2
s @ 9561.4bf2dc71.js:2
Promise.then
r @ 9561.4bf2dc71.js:2
s @ 9561.4bf2dc71.js:2
Promise.then
r @ 9561.4bf2dc71.js:2
s @ 9561.4bf2dc71.js:2
(匿名) @ 9561.4bf2dc71.js:2
(匿名) @ 9561.4bf2dc71.js:2
value @ 808.d56623c9.chunk.js:1
F @ 9561.4bf2dc71.js:2
(匿名) @ 9561.4bf2dc71.js:2
Ec @ 9561.4bf2dc71.js:2
t.unstable_runWithPriority @ 9561.4bf2dc71.js:2
qo @ 9561.4bf2dc71.js:2
kc @ 9561.4bf2dc71.js:2
dc @ 9561.4bf2dc71.js:2
(匿名) @ 9561.4bf2dc71.js:2
t.unstable_runWithPriority @ 9561.4bf2dc71.js:2
qo @ 9561.4bf2dc71.js:2
Xo @ 9561.4bf2dc71.js:2
j @ 9561.4bf2dc71.js:2
M.port1.onmessage @ 9561.4bf2dc71.js:2
23:27:49.596   react-intl-universal key "7c1b3891" not defined in zh
warningHandler @ 9561.4bf2dc71.js:2
value @ 9561.4bf2dc71.js:2
p @ 9561.4bf2dc71.js:2
value @ 8222.6209a852.chunk.js:1
Le @ 9561.4bf2dc71.js:2
(匿名) @ 9561.4bf2dc71.js:2
pe @ 9561.4bf2dc71.js:2
e.track @ 9561.4bf2dc71.js:2
n @ 9561.4bf2dc71.js:2
Xi @ 9561.4bf2dc71.js:2
$i @ 9561.4bf2dc71.js:2
Cs @ 9561.4bf2dc71.js:2
wc @ 9561.4bf2dc71.js:2
_c @ 9561.4bf2dc71.js:2
dc @ 9561.4bf2dc71.js:2
(匿名) @ 9561.4bf2dc71.js:2
t.unstable_runWithPriority @ 9561.4bf2dc71.js:2
qo @ 9561.4bf2dc71.js:2
Xo @ 9561.4bf2dc71.js:2
$o @ 9561.4bf2dc71.js:2
ic @ 9561.4bf2dc71.js:2
enqueueSetState @ 9561.4bf2dc71.js:2
b.setState @ 9561.4bf2dc71.js:2
(匿名) @ 808.d56623c9.chunk.js:1
u @ 9561.4bf2dc71.js:2
(匿名) @ 9561.4bf2dc71.js:2
(匿名) @ 9561.4bf2dc71.js:2
r @ 9561.4bf2dc71.js:2
s @ 9561.4bf2dc71.js:2
Promise.then
r @ 9561.4bf2dc71.js:2
s @ 9561.4bf2dc71.js:2
Promise.then
r @ 9561.4bf2dc71.js:2
s @ 9561.4bf2dc71.js:2
Promise.then
r @ 9561.4bf2dc71.js:2
s @ 9561.4bf2dc71.js:2
(匿名) @ 9561.4bf2dc71.js:2
(匿名) @ 9561.4bf2dc71.js:2
value @ 808.d56623c9.chunk.js:1
F @ 9561.4bf2dc71.js:2
(匿名) @ 9561.4bf2dc71.js:2
Ec @ 9561.4bf2dc71.js:2
t.unstable_runWithPriority @ 9561.4bf2dc71.js:2
qo @ 9561.4bf2dc71.js:2
kc @ 9561.4bf2dc71.js:2
dc @ 9561.4bf2dc71.js:2
(匿名) @ 9561.4bf2dc71.js:2
t.unstable_runWithPriority @ 9561.4bf2dc71.js:2
qo @ 9561.4bf2dc71.js:2
Xo @ 9561.4bf2dc71.js:2
j @ 9561.4bf2dc71.js:2
M.port1.onmessage @ 9561.4bf2dc71.js:2
23:27:49.597   react-intl-universal key "625fb26b" not defined in zh
warningHandler @ 9561.4bf2dc71.js:2
value @ 9561.4bf2dc71.js:2
p @ 9561.4bf2dc71.js:2
value @ 8222.6209a852.chunk.js:1
Le @ 9561.4bf2dc71.js:2
(匿名) @ 9561.4bf2dc71.js:2
pe @ 9561.4bf2dc71.js:2
e.track @ 9561.4bf2dc71.js:2
n @ 9561.4bf2dc71.js:2
Xi @ 9561.4bf2dc71.js:2
$i @ 9561.4bf2dc71.js:2
Cs @ 9561.4bf2dc71.js:2
wc @ 9561.4bf2dc71.js:2
_c @ 9561.4bf2dc71.js:2
dc @ 9561.4bf2dc71.js:2
(匿名) @ 9561.4bf2dc71.js:2
t.unstable_runWithPriority @ 9561.4bf2dc71.js:2
qo @ 9561.4bf2dc71.js:2
Xo @ 9561.4bf2dc71.js:2
$o @ 9561.4bf2dc71.js:2
ic @ 9561.4bf2dc71.js:2
enqueueSetState @ 9561.4bf2dc71.js:2
b.setState @ 9561.4bf2dc71.js:2
(匿名) @ 808.d56623c9.chunk.js:1
u @ 9561.4bf2dc71.js:2
(匿名) @ 9561.4bf2dc71.js:2
(匿名) @ 9561.4bf2dc71.js:2
r @ 9561.4bf2dc71.js:2
s @ 9561.4bf2dc71.js:2
Promise.then
r @ 9561.4bf2dc71.js:2
s @ 9561.4bf2dc71.js:2
Promise.then
r @ 9561.4bf2dc71.js:2
s @ 9561.4bf2dc71.js:2
Promise.then
r @ 9561.4bf2dc71.js:2
s @ 9561.4bf2dc71.js:2
(匿名) @ 9561.4bf2dc71.js:2
(匿名) @ 9561.4bf2dc71.js:2
value @ 808.d56623c9.chunk.js:1
F @ 9561.4bf2dc71.js:2
(匿名) @ 9561.4bf2dc71.js:2
Ec @ 9561.4bf2dc71.js:2
t.unstable_runWithPriority @ 9561.4bf2dc71.js:2
qo @ 9561.4bf2dc71.js:2
kc @ 9561.4bf2dc71.js:2
dc @ 9561.4bf2dc71.js:2
(匿名) @ 9561.4bf2dc71.js:2
t.unstable_runWithPriority @ 9561.4bf2dc71.js:2
qo @ 9561.4bf2dc71.js:2
Xo @ 9561.4bf2dc71.js:2
j @ 9561.4bf2dc71.js:2
M.port1.onmessage @ 9561.4bf2dc71.js:2
23:27:49.597   react-intl-universal key "aa98ad92" not defined in zh
warningHandler @ 9561.4bf2dc71.js:2
value @ 9561.4bf2dc71.js:2
p @ 9561.4bf2dc71.js:2
value @ 8222.6209a852.chunk.js:1
Le @ 9561.4bf2dc71.js:2
(匿名) @ 9561.4bf2dc71.js:2
pe @ 9561.4bf2dc71.js:2
e.track @ 9561.4bf2dc71.js:2
n @ 9561.4bf2dc71.js:2
Xi @ 9561.4bf2dc71.js:2
$i @ 9561.4bf2dc71.js:2
Cs @ 9561.4bf2dc71.js:2
wc @ 9561.4bf2dc71.js:2
_c @ 9561.4bf2dc71.js:2
dc @ 9561.4bf2dc71.js:2
(匿名) @ 9561.4bf2dc71.js:2
t.unstable_runWithPriority @ 9561.4bf2dc71.js:2
qo @ 9561.4bf2dc71.js:2
Xo @ 9561.4bf2dc71.js:2
$o @ 9561.4bf2dc71.js:2
ic @ 9561.4bf2dc71.js:2
enqueueSetState @ 9561.4bf2dc71.js:2
b.setState @ 9561.4bf2dc71.js:2
(匿名) @ 808.d56623c9.chunk.js:1
u @ 9561.4bf2dc71.js:2
(匿名) @ 9561.4bf2dc71.js:2
(匿名) @ 9561.4bf2dc71.js:2
r @ 9561.4bf2dc71.js:2
s @ 9561.4bf2dc71.js:2
Promise.then
r @ 9561.4bf2dc71.js:2
s @ 9561.4bf2dc71.js:2
Promise.then
r @ 9561.4bf2dc71.js:2
s @ 9561.4bf2dc71.js:2
Promise.then
r @ 9561.4bf2dc71.js:2
s @ 9561.4bf2dc71.js:2
(匿名) @ 9561.4bf2dc71.js:2
(匿名) @ 9561.4bf2dc71.js:2
value @ 808.d56623c9.chunk.js:1
F @ 9561.4bf2dc71.js:2
(匿名) @ 9561.4bf2dc71.js:2
Ec @ 9561.4bf2dc71.js:2
t.unstable_runWithPriority @ 9561.4bf2dc71.js:2
qo @ 9561.4bf2dc71.js:2
kc @ 9561.4bf2dc71.js:2
dc @ 9561.4bf2dc71.js:2
(匿名) @ 9561.4bf2dc71.js:2
t.unstable_runWithPriority @ 9561.4bf2dc71.js:2
qo @ 9561.4bf2dc71.js:2
Xo @ 9561.4bf2dc71.js:2
j @ 9561.4bf2dc71.js:2
M.port1.onmessage @ 9561.4bf2dc71.js:2
23:27:49.597   react-intl-universal key "fe033787" not defined in zh
warningHandler @ 9561.4bf2dc71.js:2
value @ 9561.4bf2dc71.js:2
p @ 9561.4bf2dc71.js:2
value @ 8222.6209a852.chunk.js:1
Le @ 9561.4bf2dc71.js:2
(匿名) @ 9561.4bf2dc71.js:2
pe @ 9561.4bf2dc71.js:2
e.track @ 9561.4bf2dc71.js:2
n @ 9561.4bf2dc71.js:2
Xi @ 9561.4bf2dc71.js:2
$i @ 9561.4bf2dc71.js:2
Cs @ 9561.4bf2dc71.js:2
wc @ 9561.4bf2dc71.js:2
_c @ 9561.4bf2dc71.js:2
dc @ 9561.4bf2dc71.js:2
(匿名) @ 9561.4bf2dc71.js:2
t.unstable_runWithPriority @ 9561.4bf2dc71.js:2
qo @ 9561.4bf2dc71.js:2
Xo @ 9561.4bf2dc71.js:2
$o @ 9561.4bf2dc71.js:2
ic @ 9561.4bf2dc71.js:2
enqueueSetState @ 9561.4bf2dc71.js:2
b.setState @ 9561.4bf2dc71.js:2
(匿名) @ 808.d56623c9.chunk.js:1
u @ 9561.4bf2dc71.js:2
(匿名) @ 9561.4bf2dc71.js:2
(匿名) @ 9561.4bf2dc71.js:2
r @ 9561.4bf2dc71.js:2
s @ 9561.4bf2dc71.js:2
Promise.then
r @ 9561.4bf2dc71.js:2
s @ 9561.4bf2dc71.js:2
Promise.then
r @ 9561.4bf2dc71.js:2
s @ 9561.4bf2dc71.js:2
Promise.then
r @ 9561.4bf2dc71.js:2
s @ 9561.4bf2dc71.js:2
(匿名) @ 9561.4bf2dc71.js:2
(匿名) @ 9561.4bf2dc71.js:2
value @ 808.d56623c9.chunk.js:1
F @ 9561.4bf2dc71.js:2
(匿名) @ 9561.4bf2dc71.js:2
Ec @ 9561.4bf2dc71.js:2
t.unstable_runWithPriority @ 9561.4bf2dc71.js:2
qo @ 9561.4bf2dc71.js:2
kc @ 9561.4bf2dc71.js:2
dc @ 9561.4bf2dc71.js:2
(匿名) @ 9561.4bf2dc71.js:2
t.unstable_runWithPriority @ 9561.4bf2dc71.js:2
qo @ 9561.4bf2dc71.js:2
Xo @ 9561.4bf2dc71.js:2
j @ 9561.4bf2dc71.js:2
M.port1.onmessage @ 9561.4bf2dc71.js:2
23:27:49.597   react-intl-universal key "40e20dd4" not defined in zh
warningHandler @ 9561.4bf2dc71.js:2
value @ 9561.4bf2dc71.js:2
p @ 9561.4bf2dc71.js:2
value @ 8222.6209a852.chunk.js:1
Le @ 9561.4bf2dc71.js:2
(匿名) @ 9561.4bf2dc71.js:2
pe @ 9561.4bf2dc71.js:2
e.track @ 9561.4bf2dc71.js:2
n @ 9561.4bf2dc71.js:2
Xi @ 9561.4bf2dc71.js:2
$i @ 9561.4bf2dc71.js:2
Cs @ 9561.4bf2dc71.js:2
wc @ 9561.4bf2dc71.js:2
_c @ 9561.4bf2dc71.js:2
dc @ 9561.4bf2dc71.js:2
(匿名) @ 9561.4bf2dc71.js:2
t.unstable_runWithPriority @ 9561.4bf2dc71.js:2
qo @ 9561.4bf2dc71.js:2
Xo @ 9561.4bf2dc71.js:2
$o @ 9561.4bf2dc71.js:2
ic @ 9561.4bf2dc71.js:2
enqueueSetState @ 9561.4bf2dc71.js:2
b.setState @ 9561.4bf2dc71.js:2
(匿名) @ 808.d56623c9.chunk.js:1
u @ 9561.4bf2dc71.js:2
(匿名) @ 9561.4bf2dc71.js:2
(匿名) @ 9561.4bf2dc71.js:2
r @ 9561.4bf2dc71.js:2
s @ 9561.4bf2dc71.js:2
Promise.then
r @ 9561.4bf2dc71.js:2
s @ 9561.4bf2dc71.js:2
Promise.then
r @ 9561.4bf2dc71.js:2
s @ 9561.4bf2dc71.js:2
Promise.then
r @ 9561.4bf2dc71.js:2
s @ 9561.4bf2dc71.js:2
(匿名) @ 9561.4bf2dc71.js:2
(匿名) @ 9561.4bf2dc71.js:2
value @ 808.d56623c9.chunk.js:1
F @ 9561.4bf2dc71.js:2
(匿名) @ 9561.4bf2dc71.js:2
Ec @ 9561.4bf2dc71.js:2
t.unstable_runWithPriority @ 9561.4bf2dc71.js:2
qo @ 9561.4bf2dc71.js:2
kc @ 9561.4bf2dc71.js:2
dc @ 9561.4bf2dc71.js:2
(匿名) @ 9561.4bf2dc71.js:2
t.unstable_runWithPriority @ 9561.4bf2dc71.js:2
qo @ 9561.4bf2dc71.js:2
Xo @ 9561.4bf2dc71.js:2
j @ 9561.4bf2dc71.js:2
M.port1.onmessage @ 9561.4bf2dc71.js:2
23:27:49.600  [debug 23:27:49 ] 拦截到HTTP请求: /learn/app/clientapi/course/commenthead.do?os=99&sid=5A670D84669445FC9794E23620100D76
23:27:49.602  [debug 23:27:49 ] 拦截到HTTP请求: /learn/app/clientapi/course/comment.do?os=99&sid=5A670D84669445FC9794E23620100D76
23:27:49.603  [debug 23:27:49 ] 拦截到HTTP请求: /learn/app/clientapi/course/play/queryStatus.do?courseWareId=AC44D49E8C3041EA9D9676E50025E380&courseId=N006221&bizType=0&bizId=&sid=5A670D84669445FC9794E23620100D76&os=99
23:27:49.603  [debug 23:27:49 ] 拦截到HTTP请求: /learn/app/clientapi/course/uploadCourseLearnStatus.do?os=99&sid=5A670D84669445FC9794E23620100D76
23:27:49.604  [debug 23:27:49 ] 拦截到HTTP请求: /learn/app/getGlobalTimestamp.do?os=99&sid=5A670D84669445FC9794E23620100D76
23:27:49.604  [debug 23:27:49 ] 拦截到HTTP请求: /learn/app/clientapi/misc/queryVasOperation2NativeList.do?os=99&sid=5A670D84669445FC9794E23620100D76
23:27:49.611  
23:27:49.611  由于“保留日志”的原因，已阻止console.clear()
23:27:49.611  
23:27:49.611  由于“保留日志”的原因，已阻止console.clear()
23:27:49.612  (索引)toStringlastIndexdotAllflagsglobalhasIndicesignoreCasemultilinesourcestickyunicodeunicodeSets(索引)toStringlastIndexdotAllflagsglobalhasIndicesignoreCasemultilinesourcestickyunicodeunicodeSetsdepƒ0false''falsefalsefalsefalse' 'falsefalsefalseObject
23:27:49.612  由于“保留日志”的原因，已阻止console.clear()
23:27:49.612  Wed Mar 11 2026 23:27:47 GMT+0800 (中国标准时间)
23:27:49.612  由于“保留日志”的原因，已阻止console.clear()
23:27:49.612  {}
23:27:49.612  由于“保留日志”的原因，已阻止console.clear()
23:27:49.630  [debug 23:27:49 ] 等待课程数据... 2
23:27:49.833   react-intl-universal key "b698998e" not defined in zh
warningHandler @ 9561.4bf2dc71.js:2
value @ 9561.4bf2dc71.js:2
p @ 9561.4bf2dc71.js:2
value @ 8222.6209a852.chunk.js:1
Le @ 9561.4bf2dc71.js:2
(匿名) @ 9561.4bf2dc71.js:2
pe @ 9561.4bf2dc71.js:2
e.track @ 9561.4bf2dc71.js:2
n @ 9561.4bf2dc71.js:2
Xi @ 9561.4bf2dc71.js:2
$i @ 9561.4bf2dc71.js:2
Cs @ 9561.4bf2dc71.js:2
wc @ 9561.4bf2dc71.js:2
_c @ 9561.4bf2dc71.js:2
dc @ 9561.4bf2dc71.js:2
(匿名) @ 9561.4bf2dc71.js:2
t.unstable_runWithPriority @ 9561.4bf2dc71.js:2
qo @ 9561.4bf2dc71.js:2
Xo @ 9561.4bf2dc71.js:2
$o @ 9561.4bf2dc71.js:2
ic @ 9561.4bf2dc71.js:2
enqueueSetState @ 9561.4bf2dc71.js:2
b.setState @ 9561.4bf2dc71.js:2
(匿名) @ 8222.6209a852.chunk.js:1
u @ 9561.4bf2dc71.js:2
(匿名) @ 9561.4bf2dc71.js:2
(匿名) @ 9561.4bf2dc71.js:2
r @ 9561.4bf2dc71.js:2
s @ 9561.4bf2dc71.js:2
Promise.then
r @ 9561.4bf2dc71.js:2
s @ 9561.4bf2dc71.js:2
(匿名) @ 9561.4bf2dc71.js:2
(匿名) @ 9561.4bf2dc71.js:2
e.initCourse @ 8222.6209a852.chunk.js:1
(匿名) @ 8222.6209a852.chunk.js:1
ka @ 9561.4bf2dc71.js:2
xa @ 9561.4bf2dc71.js:2
Ec @ 9561.4bf2dc71.js:2
t.unstable_runWithPriority @ 9561.4bf2dc71.js:2
qo @ 9561.4bf2dc71.js:2
kc @ 9561.4bf2dc71.js:2
dc @ 9561.4bf2dc71.js:2
(匿名) @ 9561.4bf2dc71.js:2
t.unstable_runWithPriority @ 9561.4bf2dc71.js:2
qo @ 9561.4bf2dc71.js:2
Xo @ 9561.4bf2dc71.js:2
$o @ 9561.4bf2dc71.js:2
ic @ 9561.4bf2dc71.js:2
enqueueSetState @ 9561.4bf2dc71.js:2
b.setState @ 9561.4bf2dc71.js:2
(匿名) @ 808.d56623c9.chunk.js:1
u @ 9561.4bf2dc71.js:2
(匿名) @ 9561.4bf2dc71.js:2
(匿名) @ 9561.4bf2dc71.js:2
r @ 9561.4bf2dc71.js:2
s @ 9561.4bf2dc71.js:2
Promise.then
r @ 9561.4bf2dc71.js:2
s @ 9561.4bf2dc71.js:2
Promise.then
r @ 9561.4bf2dc71.js:2
s @ 9561.4bf2dc71.js:2
Promise.then
r @ 9561.4bf2dc71.js:2
s @ 9561.4bf2dc71.js:2
(匿名) @ 9561.4bf2dc71.js:2
(匿名) @ 9561.4bf2dc71.js:2
value @ 808.d56623c9.chunk.js:1
F @ 9561.4bf2dc71.js:2
(匿名) @ 9561.4bf2dc71.js:2
Ec @ 9561.4bf2dc71.js:2
t.unstable_runWithPriority @ 9561.4bf2dc71.js:2
qo @ 9561.4bf2dc71.js:2
kc @ 9561.4bf2dc71.js:2
dc @ 9561.4bf2dc71.js:2
(匿名) @ 9561.4bf2dc71.js:2
t.unstable_runWithPriority @ 9561.4bf2dc71.js:2
qo @ 9561.4bf2dc71.js:2
Xo @ 9561.4bf2dc71.js:2
j @ 9561.4bf2dc71.js:2
M.port1.onmessage @ 9561.4bf2dc71.js:2
23:27:49.833   react-intl-universal key "7c1b3891" not defined in zh
warningHandler @ 9561.4bf2dc71.js:2
value @ 9561.4bf2dc71.js:2
p @ 9561.4bf2dc71.js:2
value @ 8222.6209a852.chunk.js:1
Le @ 9561.4bf2dc71.js:2
(匿名) @ 9561.4bf2dc71.js:2
pe @ 9561.4bf2dc71.js:2
e.track @ 9561.4bf2dc71.js:2
n @ 9561.4bf2dc71.js:2
Xi @ 9561.4bf2dc71.js:2
$i @ 9561.4bf2dc71.js:2
Cs @ 9561.4bf2dc71.js:2
wc @ 9561.4bf2dc71.js:2
_c @ 9561.4bf2dc71.js:2
dc @ 9561.4bf2dc71.js:2
(匿名) @ 9561.4bf2dc71.js:2
t.unstable_runWithPriority @ 9561.4bf2dc71.js:2
qo @ 9561.4bf2dc71.js:2
Xo @ 9561.4bf2dc71.js:2
$o @ 9561.4bf2dc71.js:2
ic @ 9561.4bf2dc71.js:2
enqueueSetState @ 9561.4bf2dc71.js:2
b.setState @ 9561.4bf2dc71.js:2
(匿名) @ 8222.6209a852.chunk.js:1
u @ 9561.4bf2dc71.js:2
(匿名) @ 9561.4bf2dc71.js:2
(匿名) @ 9561.4bf2dc71.js:2
r @ 9561.4bf2dc71.js:2
s @ 9561.4bf2dc71.js:2
Promise.then
r @ 9561.4bf2dc71.js:2
s @ 9561.4bf2dc71.js:2
(匿名) @ 9561.4bf2dc71.js:2
(匿名) @ 9561.4bf2dc71.js:2
e.initCourse @ 8222.6209a852.chunk.js:1
(匿名) @ 8222.6209a852.chunk.js:1
ka @ 9561.4bf2dc71.js:2
xa @ 9561.4bf2dc71.js:2
Ec @ 9561.4bf2dc71.js:2
t.unstable_runWithPriority @ 9561.4bf2dc71.js:2
qo @ 9561.4bf2dc71.js:2
kc @ 9561.4bf2dc71.js:2
dc @ 9561.4bf2dc71.js:2
(匿名) @ 9561.4bf2dc71.js:2
t.unstable_runWithPriority @ 9561.4bf2dc71.js:2
qo @ 9561.4bf2dc71.js:2
Xo @ 9561.4bf2dc71.js:2
$o @ 9561.4bf2dc71.js:2
ic @ 9561.4bf2dc71.js:2
enqueueSetState @ 9561.4bf2dc71.js:2
b.setState @ 9561.4bf2dc71.js:2
(匿名) @ 808.d56623c9.chunk.js:1
u @ 9561.4bf2dc71.js:2
(匿名) @ 9561.4bf2dc71.js:2
(匿名) @ 9561.4bf2dc71.js:2
r @ 9561.4bf2dc71.js:2
s @ 9561.4bf2dc71.js:2
Promise.then
r @ 9561.4bf2dc71.js:2
s @ 9561.4bf2dc71.js:2
Promise.then
r @ 9561.4bf2dc71.js:2
s @ 9561.4bf2dc71.js:2
Promise.then
r @ 9561.4bf2dc71.js:2
s @ 9561.4bf2dc71.js:2
(匿名) @ 9561.4bf2dc71.js:2
(匿名) @ 9561.4bf2dc71.js:2
value @ 808.d56623c9.chunk.js:1
F @ 9561.4bf2dc71.js:2
(匿名) @ 9561.4bf2dc71.js:2
Ec @ 9561.4bf2dc71.js:2
t.unstable_runWithPriority @ 9561.4bf2dc71.js:2
qo @ 9561.4bf2dc71.js:2
kc @ 9561.4bf2dc71.js:2
dc @ 9561.4bf2dc71.js:2
(匿名) @ 9561.4bf2dc71.js:2
t.unstable_runWithPriority @ 9561.4bf2dc71.js:2
qo @ 9561.4bf2dc71.js:2
Xo @ 9561.4bf2dc71.js:2
j @ 9561.4bf2dc71.js:2
M.port1.onmessage @ 9561.4bf2dc71.js:2
23:27:49.833   react-intl-universal key "625fb26b" not defined in zh
warningHandler @ 9561.4bf2dc71.js:2
value @ 9561.4bf2dc71.js:2
p @ 9561.4bf2dc71.js:2
value @ 8222.6209a852.chunk.js:1
Le @ 9561.4bf2dc71.js:2
(匿名) @ 9561.4bf2dc71.js:2
pe @ 9561.4bf2dc71.js:2
e.track @ 9561.4bf2dc71.js:2
n @ 9561.4bf2dc71.js:2
Xi @ 9561.4bf2dc71.js:2
$i @ 9561.4bf2dc71.js:2
Cs @ 9561.4bf2dc71.js:2
wc @ 9561.4bf2dc71.js:2
_c @ 9561.4bf2dc71.js:2
dc @ 9561.4bf2dc71.js:2
(匿名) @ 9561.4bf2dc71.js:2
t.unstable_runWithPriority @ 9561.4bf2dc71.js:2
qo @ 9561.4bf2dc71.js:2
Xo @ 9561.4bf2dc71.js:2
$o @ 9561.4bf2dc71.js:2
ic @ 9561.4bf2dc71.js:2
enqueueSetState @ 9561.4bf2dc71.js:2
b.setState @ 9561.4bf2dc71.js:2
(匿名) @ 8222.6209a852.chunk.js:1
u @ 9561.4bf2dc71.js:2
(匿名) @ 9561.4bf2dc71.js:2
(匿名) @ 9561.4bf2dc71.js:2
r @ 9561.4bf2dc71.js:2
s @ 9561.4bf2dc71.js:2
Promise.then
r @ 9561.4bf2dc71.js:2
s @ 9561.4bf2dc71.js:2
(匿名) @ 9561.4bf2dc71.js:2
(匿名) @ 9561.4bf2dc71.js:2
e.initCourse @ 8222.6209a852.chunk.js:1
(匿名) @ 8222.6209a852.chunk.js:1
ka @ 9561.4bf2dc71.js:2
xa @ 9561.4bf2dc71.js:2
Ec @ 9561.4bf2dc71.js:2
t.unstable_runWithPriority @ 9561.4bf2dc71.js:2
qo @ 9561.4bf2dc71.js:2
kc @ 9561.4bf2dc71.js:2
dc @ 9561.4bf2dc71.js:2
(匿名) @ 9561.4bf2dc71.js:2
t.unstable_runWithPriority @ 9561.4bf2dc71.js:2
qo @ 9561.4bf2dc71.js:2
Xo @ 9561.4bf2dc71.js:2
$o @ 9561.4bf2dc71.js:2
ic @ 9561.4bf2dc71.js:2
enqueueSetState @ 9561.4bf2dc71.js:2
b.setState @ 9561.4bf2dc71.js:2
(匿名) @ 808.d56623c9.chunk.js:1
u @ 9561.4bf2dc71.js:2
(匿名) @ 9561.4bf2dc71.js:2
(匿名) @ 9561.4bf2dc71.js:2
r @ 9561.4bf2dc71.js:2
s @ 9561.4bf2dc71.js:2
Promise.then
r @ 9561.4bf2dc71.js:2
s @ 9561.4bf2dc71.js:2
Promise.then
r @ 9561.4bf2dc71.js:2
s @ 9561.4bf2dc71.js:2
Promise.then
r @ 9561.4bf2dc71.js:2
s @ 9561.4bf2dc71.js:2
(匿名) @ 9561.4bf2dc71.js:2
(匿名) @ 9561.4bf2dc71.js:2
value @ 808.d56623c9.chunk.js:1
F @ 9561.4bf2dc71.js:2
(匿名) @ 9561.4bf2dc71.js:2
Ec @ 9561.4bf2dc71.js:2
t.unstable_runWithPriority @ 9561.4bf2dc71.js:2
qo @ 9561.4bf2dc71.js:2
kc @ 9561.4bf2dc71.js:2
dc @ 9561.4bf2dc71.js:2
(匿名) @ 9561.4bf2dc71.js:2
t.unstable_runWithPriority @ 9561.4bf2dc71.js:2
qo @ 9561.4bf2dc71.js:2
Xo @ 9561.4bf2dc71.js:2
j @ 9561.4bf2dc71.js:2
M.port1.onmessage @ 9561.4bf2dc71.js:2
23:27:49.833   react-intl-universal key "aa98ad92" not defined in zh
warningHandler @ 9561.4bf2dc71.js:2
value @ 9561.4bf2dc71.js:2
p @ 9561.4bf2dc71.js:2
value @ 8222.6209a852.chunk.js:1
Le @ 9561.4bf2dc71.js:2
(匿名) @ 9561.4bf2dc71.js:2
pe @ 9561.4bf2dc71.js:2
e.track @ 9561.4bf2dc71.js:2
n @ 9561.4bf2dc71.js:2
Xi @ 9561.4bf2dc71.js:2
$i @ 9561.4bf2dc71.js:2
Cs @ 9561.4bf2dc71.js:2
wc @ 9561.4bf2dc71.js:2
_c @ 9561.4bf2dc71.js:2
dc @ 9561.4bf2dc71.js:2
(匿名) @ 9561.4bf2dc71.js:2
t.unstable_runWithPriority @ 9561.4bf2dc71.js:2
qo @ 9561.4bf2dc71.js:2
Xo @ 9561.4bf2dc71.js:2
$o @ 9561.4bf2dc71.js:2
ic @ 9561.4bf2dc71.js:2
enqueueSetState @ 9561.4bf2dc71.js:2
b.setState @ 9561.4bf2dc71.js:2
(匿名) @ 8222.6209a852.chunk.js:1
u @ 9561.4bf2dc71.js:2
(匿名) @ 9561.4bf2dc71.js:2
(匿名) @ 9561.4bf2dc71.js:2
r @ 9561.4bf2dc71.js:2
s @ 9561.4bf2dc71.js:2
Promise.then
r @ 9561.4bf2dc71.js:2
s @ 9561.4bf2dc71.js:2
(匿名) @ 9561.4bf2dc71.js:2
(匿名) @ 9561.4bf2dc71.js:2
e.initCourse @ 8222.6209a852.chunk.js:1
(匿名) @ 8222.6209a852.chunk.js:1
ka @ 9561.4bf2dc71.js:2
xa @ 9561.4bf2dc71.js:2
Ec @ 9561.4bf2dc71.js:2
t.unstable_runWithPriority @ 9561.4bf2dc71.js:2
qo @ 9561.4bf2dc71.js:2
kc @ 9561.4bf2dc71.js:2
dc @ 9561.4bf2dc71.js:2
(匿名) @ 9561.4bf2dc71.js:2
t.unstable_runWithPriority @ 9561.4bf2dc71.js:2
qo @ 9561.4bf2dc71.js:2
Xo @ 9561.4bf2dc71.js:2
$o @ 9561.4bf2dc71.js:2
ic @ 9561.4bf2dc71.js:2
enqueueSetState @ 9561.4bf2dc71.js:2
b.setState @ 9561.4bf2dc71.js:2
(匿名) @ 808.d56623c9.chunk.js:1
u @ 9561.4bf2dc71.js:2
(匿名) @ 9561.4bf2dc71.js:2
(匿名) @ 9561.4bf2dc71.js:2
r @ 9561.4bf2dc71.js:2
s @ 9561.4bf2dc71.js:2
Promise.then
r @ 9561.4bf2dc71.js:2
s @ 9561.4bf2dc71.js:2
Promise.then
r @ 9561.4bf2dc71.js:2
s @ 9561.4bf2dc71.js:2
Promise.then
r @ 9561.4bf2dc71.js:2
s @ 9561.4bf2dc71.js:2
(匿名) @ 9561.4bf2dc71.js:2
(匿名) @ 9561.4bf2dc71.js:2
value @ 808.d56623c9.chunk.js:1
F @ 9561.4bf2dc71.js:2
(匿名) @ 9561.4bf2dc71.js:2
Ec @ 9561.4bf2dc71.js:2
t.unstable_runWithPriority @ 9561.4bf2dc71.js:2
qo @ 9561.4bf2dc71.js:2
kc @ 9561.4bf2dc71.js:2
dc @ 9561.4bf2dc71.js:2
(匿名) @ 9561.4bf2dc71.js:2
t.unstable_runWithPriority @ 9561.4bf2dc71.js:2
qo @ 9561.4bf2dc71.js:2
Xo @ 9561.4bf2dc71.js:2
j @ 9561.4bf2dc71.js:2
M.port1.onmessage @ 9561.4bf2dc71.js:2
23:27:49.833   react-intl-universal key "fe033787" not defined in zh
warningHandler @ 9561.4bf2dc71.js:2
value @ 9561.4bf2dc71.js:2
p @ 9561.4bf2dc71.js:2
value @ 8222.6209a852.chunk.js:1
Le @ 9561.4bf2dc71.js:2
(匿名) @ 9561.4bf2dc71.js:2
pe @ 9561.4bf2dc71.js:2
e.track @ 9561.4bf2dc71.js:2
n @ 9561.4bf2dc71.js:2
Xi @ 9561.4bf2dc71.js:2
$i @ 9561.4bf2dc71.js:2
Cs @ 9561.4bf2dc71.js:2
wc @ 9561.4bf2dc71.js:2
_c @ 9561.4bf2dc71.js:2
dc @ 9561.4bf2dc71.js:2
(匿名) @ 9561.4bf2dc71.js:2
t.unstable_runWithPriority @ 9561.4bf2dc71.js:2
qo @ 9561.4bf2dc71.js:2
Xo @ 9561.4bf2dc71.js:2
$o @ 9561.4bf2dc71.js:2
ic @ 9561.4bf2dc71.js:2
enqueueSetState @ 9561.4bf2dc71.js:2
b.setState @ 9561.4bf2dc71.js:2
(匿名) @ 8222.6209a852.chunk.js:1
u @ 9561.4bf2dc71.js:2
(匿名) @ 9561.4bf2dc71.js:2
(匿名) @ 9561.4bf2dc71.js:2
r @ 9561.4bf2dc71.js:2
s @ 9561.4bf2dc71.js:2
Promise.then
r @ 9561.4bf2dc71.js:2
s @ 9561.4bf2dc71.js:2
(匿名) @ 9561.4bf2dc71.js:2
(匿名) @ 9561.4bf2dc71.js:2
e.initCourse @ 8222.6209a852.chunk.js:1
(匿名) @ 8222.6209a852.chunk.js:1
ka @ 9561.4bf2dc71.js:2
xa @ 9561.4bf2dc71.js:2
Ec @ 9561.4bf2dc71.js:2
t.unstable_runWithPriority @ 9561.4bf2dc71.js:2
qo @ 9561.4bf2dc71.js:2
kc @ 9561.4bf2dc71.js:2
dc @ 9561.4bf2dc71.js:2
(匿名) @ 9561.4bf2dc71.js:2
t.unstable_runWithPriority @ 9561.4bf2dc71.js:2
qo @ 9561.4bf2dc71.js:2
Xo @ 9561.4bf2dc71.js:2
$o @ 9561.4bf2dc71.js:2
ic @ 9561.4bf2dc71.js:2
enqueueSetState @ 9561.4bf2dc71.js:2
b.setState @ 9561.4bf2dc71.js:2
(匿名) @ 808.d56623c9.chunk.js:1
u @ 9561.4bf2dc71.js:2
(匿名) @ 9561.4bf2dc71.js:2
(匿名) @ 9561.4bf2dc71.js:2
r @ 9561.4bf2dc71.js:2
s @ 9561.4bf2dc71.js:2
Promise.then
r @ 9561.4bf2dc71.js:2
s @ 9561.4bf2dc71.js:2
Promise.then
r @ 9561.4bf2dc71.js:2
s @ 9561.4bf2dc71.js:2
Promise.then
r @ 9561.4bf2dc71.js:2
s @ 9561.4bf2dc71.js:2
(匿名) @ 9561.4bf2dc71.js:2
(匿名) @ 9561.4bf2dc71.js:2
value @ 808.d56623c9.chunk.js:1
F @ 9561.4bf2dc71.js:2
(匿名) @ 9561.4bf2dc71.js:2
Ec @ 9561.4bf2dc71.js:2
t.unstable_runWithPriority @ 9561.4bf2dc71.js:2
qo @ 9561.4bf2dc71.js:2
kc @ 9561.4bf2dc71.js:2
dc @ 9561.4bf2dc71.js:2
(匿名) @ 9561.4bf2dc71.js:2
t.unstable_runWithPriority @ 9561.4bf2dc71.js:2
qo @ 9561.4bf2dc71.js:2
Xo @ 9561.4bf2dc71.js:2
j @ 9561.4bf2dc71.js:2
M.port1.onmessage @ 9561.4bf2dc71.js:2
23:27:49.834   react-intl-universal key "40e20dd4" not defined in zh
warningHandler @ 9561.4bf2dc71.js:2
value @ 9561.4bf2dc71.js:2
p @ 9561.4bf2dc71.js:2
value @ 8222.6209a852.chunk.js:1
Le @ 9561.4bf2dc71.js:2
(匿名) @ 9561.4bf2dc71.js:2
pe @ 9561.4bf2dc71.js:2
e.track @ 9561.4bf2dc71.js:2
n @ 9561.4bf2dc71.js:2
Xi @ 9561.4bf2dc71.js:2
$i @ 9561.4bf2dc71.js:2
Cs @ 9561.4bf2dc71.js:2
wc @ 9561.4bf2dc71.js:2
_c @ 9561.4bf2dc71.js:2
dc @ 9561.4bf2dc71.js:2
(匿名) @ 9561.4bf2dc71.js:2
t.unstable_runWithPriority @ 9561.4bf2dc71.js:2
qo @ 9561.4bf2dc71.js:2
Xo @ 9561.4bf2dc71.js:2
$o @ 9561.4bf2dc71.js:2
ic @ 9561.4bf2dc71.js:2
enqueueSetState @ 9561.4bf2dc71.js:2
b.setState @ 9561.4bf2dc71.js:2
(匿名) @ 8222.6209a852.chunk.js:1
u @ 9561.4bf2dc71.js:2
(匿名) @ 9561.4bf2dc71.js:2
(匿名) @ 9561.4bf2dc71.js:2
r @ 9561.4bf2dc71.js:2
s @ 9561.4bf2dc71.js:2
Promise.then
r @ 9561.4bf2dc71.js:2
s @ 9561.4bf2dc71.js:2
(匿名) @ 9561.4bf2dc71.js:2
(匿名) @ 9561.4bf2dc71.js:2
e.initCourse @ 8222.6209a852.chunk.js:1
(匿名) @ 8222.6209a852.chunk.js:1
ka @ 9561.4bf2dc71.js:2
xa @ 9561.4bf2dc71.js:2
Ec @ 9561.4bf2dc71.js:2
t.unstable_runWithPriority @ 9561.4bf2dc71.js:2
qo @ 9561.4bf2dc71.js:2
kc @ 9561.4bf2dc71.js:2
dc @ 9561.4bf2dc71.js:2
(匿名) @ 9561.4bf2dc71.js:2
t.unstable_runWithPriority @ 9561.4bf2dc71.js:2
qo @ 9561.4bf2dc71.js:2
Xo @ 9561.4bf2dc71.js:2
$o @ 9561.4bf2dc71.js:2
ic @ 9561.4bf2dc71.js:2
enqueueSetState @ 9561.4bf2dc71.js:2
b.setState @ 9561.4bf2dc71.js:2
(匿名) @ 808.d56623c9.chunk.js:1
u @ 9561.4bf2dc71.js:2
(匿名) @ 9561.4bf2dc71.js:2
(匿名) @ 9561.4bf2dc71.js:2
r @ 9561.4bf2dc71.js:2
s @ 9561.4bf2dc71.js:2
Promise.then
r @ 9561.4bf2dc71.js:2
s @ 9561.4bf2dc71.js:2
Promise.then
r @ 9561.4bf2dc71.js:2
s @ 9561.4bf2dc71.js:2
Promise.then
r @ 9561.4bf2dc71.js:2
s @ 9561.4bf2dc71.js:2
(匿名) @ 9561.4bf2dc71.js:2
(匿名) @ 9561.4bf2dc71.js:2
value @ 808.d56623c9.chunk.js:1
F @ 9561.4bf2dc71.js:2
(匿名) @ 9561.4bf2dc71.js:2
Ec @ 9561.4bf2dc71.js:2
t.unstable_runWithPriority @ 9561.4bf2dc71.js:2
qo @ 9561.4bf2dc71.js:2
kc @ 9561.4bf2dc71.js:2
dc @ 9561.4bf2dc71.js:2
(匿名) @ 9561.4bf2dc71.js:2
t.unstable_runWithPriority @ 9561.4bf2dc71.js:2
qo @ 9561.4bf2dc71.js:2
Xo @ 9561.4bf2dc71.js:2
j @ 9561.4bf2dc71.js:2
M.port1.onmessage @ 9561.4bf2dc71.js:2
23:27:49.852   react-intl-universal key "b698998e" not defined in zh
warningHandler @ 9561.4bf2dc71.js:2
value @ 9561.4bf2dc71.js:2
p @ 9561.4bf2dc71.js:2
value @ 8222.6209a852.chunk.js:1
Le @ 9561.4bf2dc71.js:2
(匿名) @ 9561.4bf2dc71.js:2
pe @ 9561.4bf2dc71.js:2
e.track @ 9561.4bf2dc71.js:2
n @ 9561.4bf2dc71.js:2
Xi @ 9561.4bf2dc71.js:2
$i @ 9561.4bf2dc71.js:2
Cs @ 9561.4bf2dc71.js:2
wc @ 9561.4bf2dc71.js:2
_c @ 9561.4bf2dc71.js:2
dc @ 9561.4bf2dc71.js:2
(匿名) @ 9561.4bf2dc71.js:2
t.unstable_runWithPriority @ 9561.4bf2dc71.js:2
qo @ 9561.4bf2dc71.js:2
Xo @ 9561.4bf2dc71.js:2
$o @ 9561.4bf2dc71.js:2
ic @ 9561.4bf2dc71.js:2
enqueueSetState @ 9561.4bf2dc71.js:2
b.setState @ 9561.4bf2dc71.js:2
(匿名) @ 8222.6209a852.chunk.js:1
u @ 9561.4bf2dc71.js:2
(匿名) @ 9561.4bf2dc71.js:2
(匿名) @ 9561.4bf2dc71.js:2
r @ 9561.4bf2dc71.js:2
s @ 9561.4bf2dc71.js:2
Promise.then
r @ 9561.4bf2dc71.js:2
s @ 9561.4bf2dc71.js:2
(匿名) @ 9561.4bf2dc71.js:2
(匿名) @ 9561.4bf2dc71.js:2
(匿名) @ 8222.6209a852.chunk.js:1
e.initCourse @ 8222.6209a852.chunk.js:1
(匿名) @ 8222.6209a852.chunk.js:1
ka @ 9561.4bf2dc71.js:2
xa @ 9561.4bf2dc71.js:2
Ec @ 9561.4bf2dc71.js:2
t.unstable_runWithPriority @ 9561.4bf2dc71.js:2
qo @ 9561.4bf2dc71.js:2
kc @ 9561.4bf2dc71.js:2
dc @ 9561.4bf2dc71.js:2
(匿名) @ 9561.4bf2dc71.js:2
t.unstable_runWithPriority @ 9561.4bf2dc71.js:2
qo @ 9561.4bf2dc71.js:2
Xo @ 9561.4bf2dc71.js:2
$o @ 9561.4bf2dc71.js:2
ic @ 9561.4bf2dc71.js:2
enqueueSetState @ 9561.4bf2dc71.js:2
b.setState @ 9561.4bf2dc71.js:2
(匿名) @ 808.d56623c9.chunk.js:1
u @ 9561.4bf2dc71.js:2
(匿名) @ 9561.4bf2dc71.js:2
(匿名) @ 9561.4bf2dc71.js:2
r @ 9561.4bf2dc71.js:2
s @ 9561.4bf2dc71.js:2
Promise.then
r @ 9561.4bf2dc71.js:2
s @ 9561.4bf2dc71.js:2
Promise.then
r @ 9561.4bf2dc71.js:2
s @ 9561.4bf2dc71.js:2
Promise.then
r @ 9561.4bf2dc71.js:2
s @ 9561.4bf2dc71.js:2
(匿名) @ 9561.4bf2dc71.js:2
(匿名) @ 9561.4bf2dc71.js:2
value @ 808.d56623c9.chunk.js:1
F @ 9561.4bf2dc71.js:2
(匿名) @ 9561.4bf2dc71.js:2
Ec @ 9561.4bf2dc71.js:2
t.unstable_runWithPriority @ 9561.4bf2dc71.js:2
qo @ 9561.4bf2dc71.js:2
kc @ 9561.4bf2dc71.js:2
dc @ 9561.4bf2dc71.js:2
(匿名) @ 9561.4bf2dc71.js:2
t.unstable_runWithPriority @ 9561.4bf2dc71.js:2
qo @ 9561.4bf2dc71.js:2
Xo @ 9561.4bf2dc71.js:2
j @ 9561.4bf2dc71.js:2
M.port1.onmessage @ 9561.4bf2dc71.js:2
23:27:49.853   react-intl-universal key "7c1b3891" not defined in zh
warningHandler @ 9561.4bf2dc71.js:2
value @ 9561.4bf2dc71.js:2
p @ 9561.4bf2dc71.js:2
value @ 8222.6209a852.chunk.js:1
Le @ 9561.4bf2dc71.js:2
(匿名) @ 9561.4bf2dc71.js:2
pe @ 9561.4bf2dc71.js:2
e.track @ 9561.4bf2dc71.js:2
n @ 9561.4bf2dc71.js:2
Xi @ 9561.4bf2dc71.js:2
$i @ 9561.4bf2dc71.js:2
Cs @ 9561.4bf2dc71.js:2
wc @ 9561.4bf2dc71.js:2
_c @ 9561.4bf2dc71.js:2
dc @ 9561.4bf2dc71.js:2
(匿名) @ 9561.4bf2dc71.js:2
t.unstable_runWithPriority @ 9561.4bf2dc71.js:2
qo @ 9561.4bf2dc71.js:2
Xo @ 9561.4bf2dc71.js:2
$o @ 9561.4bf2dc71.js:2
ic @ 9561.4bf2dc71.js:2
enqueueSetState @ 9561.4bf2dc71.js:2
b.setState @ 9561.4bf2dc71.js:2
(匿名) @ 8222.6209a852.chunk.js:1
u @ 9561.4bf2dc71.js:2
(匿名) @ 9561.4bf2dc71.js:2
(匿名) @ 9561.4bf2dc71.js:2
r @ 9561.4bf2dc71.js:2
s @ 9561.4bf2dc71.js:2
Promise.then
r @ 9561.4bf2dc71.js:2
s @ 9561.4bf2dc71.js:2
(匿名) @ 9561.4bf2dc71.js:2
(匿名) @ 9561.4bf2dc71.js:2
(匿名) @ 8222.6209a852.chunk.js:1
e.initCourse @ 8222.6209a852.chunk.js:1
(匿名) @ 8222.6209a852.chunk.js:1
ka @ 9561.4bf2dc71.js:2
xa @ 9561.4bf2dc71.js:2
Ec @ 9561.4bf2dc71.js:2
t.unstable_runWithPriority @ 9561.4bf2dc71.js:2
qo @ 9561.4bf2dc71.js:2
kc @ 9561.4bf2dc71.js:2
dc @ 9561.4bf2dc71.js:2
(匿名) @ 9561.4bf2dc71.js:2
t.unstable_runWithPriority @ 9561.4bf2dc71.js:2
qo @ 9561.4bf2dc71.js:2
Xo @ 9561.4bf2dc71.js:2
$o @ 9561.4bf2dc71.js:2
ic @ 9561.4bf2dc71.js:2
enqueueSetState @ 9561.4bf2dc71.js:2
b.setState @ 9561.4bf2dc71.js:2
(匿名) @ 808.d56623c9.chunk.js:1
u @ 9561.4bf2dc71.js:2
(匿名) @ 9561.4bf2dc71.js:2
(匿名) @ 9561.4bf2dc71.js:2
r @ 9561.4bf2dc71.js:2
s @ 9561.4bf2dc71.js:2
Promise.then
r @ 9561.4bf2dc71.js:2
s @ 9561.4bf2dc71.js:2
Promise.then
r @ 9561.4bf2dc71.js:2
s @ 9561.4bf2dc71.js:2
Promise.then
r @ 9561.4bf2dc71.js:2
s @ 9561.4bf2dc71.js:2
(匿名) @ 9561.4bf2dc71.js:2
(匿名) @ 9561.4bf2dc71.js:2
value @ 808.d56623c9.chunk.js:1
F @ 9561.4bf2dc71.js:2
(匿名) @ 9561.4bf2dc71.js:2
Ec @ 9561.4bf2dc71.js:2
t.unstable_runWithPriority @ 9561.4bf2dc71.js:2
qo @ 9561.4bf2dc71.js:2
kc @ 9561.4bf2dc71.js:2
dc @ 9561.4bf2dc71.js:2
(匿名) @ 9561.4bf2dc71.js:2
t.unstable_runWithPriority @ 9561.4bf2dc71.js:2
qo @ 9561.4bf2dc71.js:2
Xo @ 9561.4bf2dc71.js:2
j @ 9561.4bf2dc71.js:2
M.port1.onmessage @ 9561.4bf2dc71.js:2
23:27:49.853   react-intl-universal key "625fb26b" not defined in zh
warningHandler @ 9561.4bf2dc71.js:2
value @ 9561.4bf2dc71.js:2
p @ 9561.4bf2dc71.js:2
value @ 8222.6209a852.chunk.js:1
Le @ 9561.4bf2dc71.js:2
(匿名) @ 9561.4bf2dc71.js:2
pe @ 9561.4bf2dc71.js:2
e.track @ 9561.4bf2dc71.js:2
n @ 9561.4bf2dc71.js:2
Xi @ 9561.4bf2dc71.js:2
$i @ 9561.4bf2dc71.js:2
Cs @ 9561.4bf2dc71.js:2
wc @ 9561.4bf2dc71.js:2
_c @ 9561.4bf2dc71.js:2
dc @ 9561.4bf2dc71.js:2
(匿名) @ 9561.4bf2dc71.js:2
t.unstable_runWithPriority @ 9561.4bf2dc71.js:2
qo @ 9561.4bf2dc71.js:2
Xo @ 9561.4bf2dc71.js:2
$o @ 9561.4bf2dc71.js:2
ic @ 9561.4bf2dc71.js:2
enqueueSetState @ 9561.4bf2dc71.js:2
b.setState @ 9561.4bf2dc71.js:2
(匿名) @ 8222.6209a852.chunk.js:1
u @ 9561.4bf2dc71.js:2
(匿名) @ 9561.4bf2dc71.js:2
(匿名) @ 9561.4bf2dc71.js:2
r @ 9561.4bf2dc71.js:2
s @ 9561.4bf2dc71.js:2
Promise.then
r @ 9561.4bf2dc71.js:2
s @ 9561.4bf2dc71.js:2
(匿名) @ 9561.4bf2dc71.js:2
(匿名) @ 9561.4bf2dc71.js:2
(匿名) @ 8222.6209a852.chunk.js:1
e.initCourse @ 8222.6209a852.chunk.js:1
(匿名) @ 8222.6209a852.chunk.js:1
ka @ 9561.4bf2dc71.js:2
xa @ 9561.4bf2dc71.js:2
Ec @ 9561.4bf2dc71.js:2
t.unstable_runWithPriority @ 9561.4bf2dc71.js:2
qo @ 9561.4bf2dc71.js:2
kc @ 9561.4bf2dc71.js:2
dc @ 9561.4bf2dc71.js:2
(匿名) @ 9561.4bf2dc71.js:2
t.unstable_runWithPriority @ 9561.4bf2dc71.js:2
qo @ 9561.4bf2dc71.js:2
Xo @ 9561.4bf2dc71.js:2
$o @ 9561.4bf2dc71.js:2
ic @ 9561.4bf2dc71.js:2
enqueueSetState @ 9561.4bf2dc71.js:2
b.setState @ 9561.4bf2dc71.js:2
(匿名) @ 808.d56623c9.chunk.js:1
u @ 9561.4bf2dc71.js:2
(匿名) @ 9561.4bf2dc71.js:2
(匿名) @ 9561.4bf2dc71.js:2
r @ 9561.4bf2dc71.js:2
s @ 9561.4bf2dc71.js:2
Promise.then
r @ 9561.4bf2dc71.js:2
s @ 9561.4bf2dc71.js:2
Promise.then
r @ 9561.4bf2dc71.js:2
s @ 9561.4bf2dc71.js:2
Promise.then
r @ 9561.4bf2dc71.js:2
s @ 9561.4bf2dc71.js:2
(匿名) @ 9561.4bf2dc71.js:2
(匿名) @ 9561.4bf2dc71.js:2
value @ 808.d56623c9.chunk.js:1
F @ 9561.4bf2dc71.js:2
(匿名) @ 9561.4bf2dc71.js:2
Ec @ 9561.4bf2dc71.js:2
t.unstable_runWithPriority @ 9561.4bf2dc71.js:2
qo @ 9561.4bf2dc71.js:2
kc @ 9561.4bf2dc71.js:2
dc @ 9561.4bf2dc71.js:2
(匿名) @ 9561.4bf2dc71.js:2
t.unstable_runWithPriority @ 9561.4bf2dc71.js:2
qo @ 9561.4bf2dc71.js:2
Xo @ 9561.4bf2dc71.js:2
j @ 9561.4bf2dc71.js:2
M.port1.onmessage @ 9561.4bf2dc71.js:2
23:27:49.853   react-intl-universal key "aa98ad92" not defined in zh
warningHandler @ 9561.4bf2dc71.js:2
value @ 9561.4bf2dc71.js:2
p @ 9561.4bf2dc71.js:2
value @ 8222.6209a852.chunk.js:1
Le @ 9561.4bf2dc71.js:2
(匿名) @ 9561.4bf2dc71.js:2
pe @ 9561.4bf2dc71.js:2
e.track @ 9561.4bf2dc71.js:2
n @ 9561.4bf2dc71.js:2
Xi @ 9561.4bf2dc71.js:2
$i @ 9561.4bf2dc71.js:2
Cs @ 9561.4bf2dc71.js:2
wc @ 9561.4bf2dc71.js:2
_c @ 9561.4bf2dc71.js:2
dc @ 9561.4bf2dc71.js:2
(匿名) @ 9561.4bf2dc71.js:2
t.unstable_runWithPriority @ 9561.4bf2dc71.js:2
qo @ 9561.4bf2dc71.js:2
Xo @ 9561.4bf2dc71.js:2
$o @ 9561.4bf2dc71.js:2
ic @ 9561.4bf2dc71.js:2
enqueueSetState @ 9561.4bf2dc71.js:2
b.setState @ 9561.4bf2dc71.js:2
(匿名) @ 8222.6209a852.chunk.js:1
u @ 9561.4bf2dc71.js:2
(匿名) @ 9561.4bf2dc71.js:2
(匿名) @ 9561.4bf2dc71.js:2
r @ 9561.4bf2dc71.js:2
s @ 9561.4bf2dc71.js:2
Promise.then
r @ 9561.4bf2dc71.js:2
s @ 9561.4bf2dc71.js:2
(匿名) @ 9561.4bf2dc71.js:2
(匿名) @ 9561.4bf2dc71.js:2
(匿名) @ 8222.6209a852.chunk.js:1
e.initCourse @ 8222.6209a852.chunk.js:1
(匿名) @ 8222.6209a852.chunk.js:1
ka @ 9561.4bf2dc71.js:2
xa @ 9561.4bf2dc71.js:2
Ec @ 9561.4bf2dc71.js:2
t.unstable_runWithPriority @ 9561.4bf2dc71.js:2
qo @ 9561.4bf2dc71.js:2
kc @ 9561.4bf2dc71.js:2
dc @ 9561.4bf2dc71.js:2
(匿名) @ 9561.4bf2dc71.js:2
t.unstable_runWithPriority @ 9561.4bf2dc71.js:2
qo @ 9561.4bf2dc71.js:2
Xo @ 9561.4bf2dc71.js:2
$o @ 9561.4bf2dc71.js:2
ic @ 9561.4bf2dc71.js:2
enqueueSetState @ 9561.4bf2dc71.js:2
b.setState @ 9561.4bf2dc71.js:2
(匿名) @ 808.d56623c9.chunk.js:1
u @ 9561.4bf2dc71.js:2
(匿名) @ 9561.4bf2dc71.js:2
(匿名) @ 9561.4bf2dc71.js:2
r @ 9561.4bf2dc71.js:2
s @ 9561.4bf2dc71.js:2
Promise.then
r @ 9561.4bf2dc71.js:2
s @ 9561.4bf2dc71.js:2
Promise.then
r @ 9561.4bf2dc71.js:2
s @ 9561.4bf2dc71.js:2
Promise.then
r @ 9561.4bf2dc71.js:2
s @ 9561.4bf2dc71.js:2
(匿名) @ 9561.4bf2dc71.js:2
(匿名) @ 9561.4bf2dc71.js:2
value @ 808.d56623c9.chunk.js:1
F @ 9561.4bf2dc71.js:2
(匿名) @ 9561.4bf2dc71.js:2
Ec @ 9561.4bf2dc71.js:2
t.unstable_runWithPriority @ 9561.4bf2dc71.js:2
qo @ 9561.4bf2dc71.js:2
kc @ 9561.4bf2dc71.js:2
dc @ 9561.4bf2dc71.js:2
(匿名) @ 9561.4bf2dc71.js:2
t.unstable_runWithPriority @ 9561.4bf2dc71.js:2
qo @ 9561.4bf2dc71.js:2
Xo @ 9561.4bf2dc71.js:2
j @ 9561.4bf2dc71.js:2
M.port1.onmessage @ 9561.4bf2dc71.js:2
23:27:49.853   react-intl-universal key "fe033787" not defined in zh
warningHandler @ 9561.4bf2dc71.js:2
value @ 9561.4bf2dc71.js:2
p @ 9561.4bf2dc71.js:2
value @ 8222.6209a852.chunk.js:1
Le @ 9561.4bf2dc71.js:2
(匿名) @ 9561.4bf2dc71.js:2
pe @ 9561.4bf2dc71.js:2
e.track @ 9561.4bf2dc71.js:2
n @ 9561.4bf2dc71.js:2
Xi @ 9561.4bf2dc71.js:2
$i @ 9561.4bf2dc71.js:2
Cs @ 9561.4bf2dc71.js:2
wc @ 9561.4bf2dc71.js:2
_c @ 9561.4bf2dc71.js:2
dc @ 9561.4bf2dc71.js:2
(匿名) @ 9561.4bf2dc71.js:2
t.unstable_runWithPriority @ 9561.4bf2dc71.js:2
qo @ 9561.4bf2dc71.js:2
Xo @ 9561.4bf2dc71.js:2
$o @ 9561.4bf2dc71.js:2
ic @ 9561.4bf2dc71.js:2
enqueueSetState @ 9561.4bf2dc71.js:2
b.setState @ 9561.4bf2dc71.js:2
(匿名) @ 8222.6209a852.chunk.js:1
u @ 9561.4bf2dc71.js:2
(匿名) @ 9561.4bf2dc71.js:2
(匿名) @ 9561.4bf2dc71.js:2
r @ 9561.4bf2dc71.js:2
s @ 9561.4bf2dc71.js:2
Promise.then
r @ 9561.4bf2dc71.js:2
s @ 9561.4bf2dc71.js:2
(匿名) @ 9561.4bf2dc71.js:2
(匿名) @ 9561.4bf2dc71.js:2
(匿名) @ 8222.6209a852.chunk.js:1
e.initCourse @ 8222.6209a852.chunk.js:1
(匿名) @ 8222.6209a852.chunk.js:1
ka @ 9561.4bf2dc71.js:2
xa @ 9561.4bf2dc71.js:2
Ec @ 9561.4bf2dc71.js:2
t.unstable_runWithPriority @ 9561.4bf2dc71.js:2
qo @ 9561.4bf2dc71.js:2
kc @ 9561.4bf2dc71.js:2
dc @ 9561.4bf2dc71.js:2
(匿名) @ 9561.4bf2dc71.js:2
t.unstable_runWithPriority @ 9561.4bf2dc71.js:2
qo @ 9561.4bf2dc71.js:2
Xo @ 9561.4bf2dc71.js:2
$o @ 9561.4bf2dc71.js:2
ic @ 9561.4bf2dc71.js:2
enqueueSetState @ 9561.4bf2dc71.js:2
b.setState @ 9561.4bf2dc71.js:2
(匿名) @ 808.d56623c9.chunk.js:1
u @ 9561.4bf2dc71.js:2
(匿名) @ 9561.4bf2dc71.js:2
(匿名) @ 9561.4bf2dc71.js:2
r @ 9561.4bf2dc71.js:2
s @ 9561.4bf2dc71.js:2
Promise.then
r @ 9561.4bf2dc71.js:2
s @ 9561.4bf2dc71.js:2
Promise.then
r @ 9561.4bf2dc71.js:2
s @ 9561.4bf2dc71.js:2
Promise.then
r @ 9561.4bf2dc71.js:2
s @ 9561.4bf2dc71.js:2
(匿名) @ 9561.4bf2dc71.js:2
(匿名) @ 9561.4bf2dc71.js:2
value @ 808.d56623c9.chunk.js:1
F @ 9561.4bf2dc71.js:2
(匿名) @ 9561.4bf2dc71.js:2
Ec @ 9561.4bf2dc71.js:2
t.unstable_runWithPriority @ 9561.4bf2dc71.js:2
qo @ 9561.4bf2dc71.js:2
kc @ 9561.4bf2dc71.js:2
dc @ 9561.4bf2dc71.js:2
(匿名) @ 9561.4bf2dc71.js:2
t.unstable_runWithPriority @ 9561.4bf2dc71.js:2
qo @ 9561.4bf2dc71.js:2
Xo @ 9561.4bf2dc71.js:2
j @ 9561.4bf2dc71.js:2
M.port1.onmessage @ 9561.4bf2dc71.js:2
23:27:49.853   react-intl-universal key "40e20dd4" not defined in zh
warningHandler @ 9561.4bf2dc71.js:2
value @ 9561.4bf2dc71.js:2
p @ 9561.4bf2dc71.js:2
value @ 8222.6209a852.chunk.js:1
Le @ 9561.4bf2dc71.js:2
(匿名) @ 9561.4bf2dc71.js:2
pe @ 9561.4bf2dc71.js:2
e.track @ 9561.4bf2dc71.js:2
n @ 9561.4bf2dc71.js:2
Xi @ 9561.4bf2dc71.js:2
$i @ 9561.4bf2dc71.js:2
Cs @ 9561.4bf2dc71.js:2
wc @ 9561.4bf2dc71.js:2
_c @ 9561.4bf2dc71.js:2
dc @ 9561.4bf2dc71.js:2
(匿名) @ 9561.4bf2dc71.js:2
t.unstable_runWithPriority @ 9561.4bf2dc71.js:2
qo @ 9561.4bf2dc71.js:2
Xo @ 9561.4bf2dc71.js:2
$o @ 9561.4bf2dc71.js:2
ic @ 9561.4bf2dc71.js:2
enqueueSetState @ 9561.4bf2dc71.js:2
b.setState @ 9561.4bf2dc71.js:2
(匿名) @ 8222.6209a852.chunk.js:1
u @ 9561.4bf2dc71.js:2
(匿名) @ 9561.4bf2dc71.js:2
(匿名) @ 9561.4bf2dc71.js:2
r @ 9561.4bf2dc71.js:2
s @ 9561.4bf2dc71.js:2
Promise.then
r @ 9561.4bf2dc71.js:2
s @ 9561.4bf2dc71.js:2
(匿名) @ 9561.4bf2dc71.js:2
(匿名) @ 9561.4bf2dc71.js:2
(匿名) @ 8222.6209a852.chunk.js:1
e.initCourse @ 8222.6209a852.chunk.js:1
(匿名) @ 8222.6209a852.chunk.js:1
ka @ 9561.4bf2dc71.js:2
xa @ 9561.4bf2dc71.js:2
Ec @ 9561.4bf2dc71.js:2
t.unstable_runWithPriority @ 9561.4bf2dc71.js:2
qo @ 9561.4bf2dc71.js:2
kc @ 9561.4bf2dc71.js:2
dc @ 9561.4bf2dc71.js:2
(匿名) @ 9561.4bf2dc71.js:2
t.unstable_runWithPriority @ 9561.4bf2dc71.js:2
qo @ 9561.4bf2dc71.js:2
Xo @ 9561.4bf2dc71.js:2
$o @ 9561.4bf2dc71.js:2
ic @ 9561.4bf2dc71.js:2
enqueueSetState @ 9561.4bf2dc71.js:2
b.setState @ 9561.4bf2dc71.js:2
(匿名) @ 808.d56623c9.chunk.js:1
u @ 9561.4bf2dc71.js:2
(匿名) @ 9561.4bf2dc71.js:2
(匿名) @ 9561.4bf2dc71.js:2
r @ 9561.4bf2dc71.js:2
s @ 9561.4bf2dc71.js:2
Promise.then
r @ 9561.4bf2dc71.js:2
s @ 9561.4bf2dc71.js:2
Promise.then
r @ 9561.4bf2dc71.js:2
s @ 9561.4bf2dc71.js:2
Promise.then
r @ 9561.4bf2dc71.js:2
s @ 9561.4bf2dc71.js:2
(匿名) @ 9561.4bf2dc71.js:2
(匿名) @ 9561.4bf2dc71.js:2
value @ 808.d56623c9.chunk.js:1
F @ 9561.4bf2dc71.js:2
(匿名) @ 9561.4bf2dc71.js:2
Ec @ 9561.4bf2dc71.js:2
t.unstable_runWithPriority @ 9561.4bf2dc71.js:2
qo @ 9561.4bf2dc71.js:2
kc @ 9561.4bf2dc71.js:2
dc @ 9561.4bf2dc71.js:2
(匿名) @ 9561.4bf2dc71.js:2
t.unstable_runWithPriority @ 9561.4bf2dc71.js:2
qo @ 9561.4bf2dc71.js:2
Xo @ 9561.4bf2dc71.js:2
j @ 9561.4bf2dc71.js:2
M.port1.onmessage @ 9561.4bf2dc71.js:2
23:27:50.128  
23:27:50.129  由于“保留日志”的原因，已阻止console.clear()
23:27:50.129  
23:27:50.129  由于“保留日志”的原因，已阻止console.clear()
23:27:50.129  (索引)toStringlastIndexdotAllflagsglobalhasIndicesignoreCasemultilinesourcestickyunicodeunicodeSets(索引)toStringlastIndexdotAllflagsglobalhasIndicesignoreCasemultilinesourcestickyunicodeunicodeSetsdepƒ0false''falsefalsefalsefalse' 'falsefalsefalseObject
23:27:50.130  由于“保留日志”的原因，已阻止console.clear()
23:27:50.130  Wed Mar 11 2026 23:27:47 GMT+0800 (中国标准时间)
23:27:50.130  由于“保留日志”的原因，已阻止console.clear()
23:27:50.130  {}
23:27:50.131  由于“保留日志”的原因，已阻止console.clear()
23:27:50.630  [debug 23:27:50 ] 等待课程数据... 3
23:27:50.645  
23:27:50.646  由于“保留日志”的原因，已阻止console.clear()
23:27:50.646  
23:27:50.646  由于“保留日志”的原因，已阻止console.clear()
23:27:50.646  (索引)toStringlastIndexdotAllflagsglobalhasIndicesignoreCasemultilinesourcestickyunicodeunicodeSets(索引)toStringlastIndexdotAllflagsglobalhasIndicesignoreCasemultilinesourcestickyunicodeunicodeSetsdepƒ0false''falsefalsefalsefalse' 'falsefalsefalseObject
23:27:50.647  由于“保留日志”的原因，已阻止console.clear()
23:27:50.647  Wed Mar 11 2026 23:27:47 GMT+0800 (中国标准时间)
23:27:50.647  由于“保留日志”的原因，已阻止console.clear()
23:27:50.647  {}
23:27:50.648  由于“保留日志”的原因，已阻止console.clear()
23:27:51.149  
23:27:51.150  由于“保留日志”的原因，已阻止console.clear()
23:27:51.150  
23:27:51.150  由于“保留日志”的原因，已阻止console.clear()
23:27:51.150  (索引)toStringlastIndexdotAllflagsglobalhasIndicesignoreCasemultilinesourcestickyunicodeunicodeSets(索引)toStringlastIndexdotAllflagsglobalhasIndicesignoreCasemultilinesourcestickyunicodeunicodeSetsdepƒ0false''falsefalsefalsefalse' 'falsefalsefalseObject
23:27:51.151  由于“保留日志”的原因，已阻止console.clear()
23:27:51.151  Wed Mar 11 2026 23:27:47 GMT+0800 (中国标准时间)
23:27:51.152  由于“保留日志”的原因，已阻止console.clear()
23:27:51.152  {}
23:27:51.152  由于“保留日志”的原因，已阻止console.clear()
23:27:51.351   react-intl-universal key "b698998e" not defined in zh
warningHandler @ 9561.4bf2dc71.js:2
value @ 9561.4bf2dc71.js:2
p @ 9561.4bf2dc71.js:2
value @ 8222.6209a852.chunk.js:1
Le @ 9561.4bf2dc71.js:2
(匿名) @ 9561.4bf2dc71.js:2
pe @ 9561.4bf2dc71.js:2
e.track @ 9561.4bf2dc71.js:2
n @ 9561.4bf2dc71.js:2
Xi @ 9561.4bf2dc71.js:2
$i @ 9561.4bf2dc71.js:2
Cs @ 9561.4bf2dc71.js:2
wc @ 9561.4bf2dc71.js:2
_c @ 9561.4bf2dc71.js:2
dc @ 9561.4bf2dc71.js:2
(匿名) @ 9561.4bf2dc71.js:2
t.unstable_runWithPriority @ 9561.4bf2dc71.js:2
qo @ 9561.4bf2dc71.js:2
Xo @ 9561.4bf2dc71.js:2
$o @ 9561.4bf2dc71.js:2
ic @ 9561.4bf2dc71.js:2
enqueueSetState @ 9561.4bf2dc71.js:2
b.setState @ 9561.4bf2dc71.js:2
e.playOrPause @ 8222.6209a852.chunk.js:1
(匿名) @ 8222.6209a852.chunk.js:1
setTimeout
e.listenCutScreen @ 8222.6209a852.chunk.js:1
(匿名) @ 8222.6209a852.chunk.js:1
u @ 9561.4bf2dc71.js:2
(匿名) @ 9561.4bf2dc71.js:2
(匿名) @ 9561.4bf2dc71.js:2
r @ 9561.4bf2dc71.js:2
s @ 9561.4bf2dc71.js:2
Promise.then
r @ 9561.4bf2dc71.js:2
s @ 9561.4bf2dc71.js:2
(匿名) @ 9561.4bf2dc71.js:2
(匿名) @ 9561.4bf2dc71.js:2
(匿名) @ 8222.6209a852.chunk.js:1
ka @ 9561.4bf2dc71.js:2
xa @ 9561.4bf2dc71.js:2
Ec @ 9561.4bf2dc71.js:2
t.unstable_runWithPriority @ 9561.4bf2dc71.js:2
qo @ 9561.4bf2dc71.js:2
kc @ 9561.4bf2dc71.js:2
dc @ 9561.4bf2dc71.js:2
(匿名) @ 9561.4bf2dc71.js:2
t.unstable_runWithPriority @ 9561.4bf2dc71.js:2
qo @ 9561.4bf2dc71.js:2
Xo @ 9561.4bf2dc71.js:2
$o @ 9561.4bf2dc71.js:2
ic @ 9561.4bf2dc71.js:2
enqueueSetState @ 9561.4bf2dc71.js:2
b.setState @ 9561.4bf2dc71.js:2
(匿名) @ 808.d56623c9.chunk.js:1
u @ 9561.4bf2dc71.js:2
(匿名) @ 9561.4bf2dc71.js:2
(匿名) @ 9561.4bf2dc71.js:2
r @ 9561.4bf2dc71.js:2
s @ 9561.4bf2dc71.js:2
Promise.then
r @ 9561.4bf2dc71.js:2
s @ 9561.4bf2dc71.js:2
Promise.then
r @ 9561.4bf2dc71.js:2
s @ 9561.4bf2dc71.js:2
Promise.then
r @ 9561.4bf2dc71.js:2
s @ 9561.4bf2dc71.js:2
(匿名) @ 9561.4bf2dc71.js:2
(匿名) @ 9561.4bf2dc71.js:2
value @ 808.d56623c9.chunk.js:1
F @ 9561.4bf2dc71.js:2
(匿名) @ 9561.4bf2dc71.js:2
Ec @ 9561.4bf2dc71.js:2
t.unstable_runWithPriority @ 9561.4bf2dc71.js:2
qo @ 9561.4bf2dc71.js:2
kc @ 9561.4bf2dc71.js:2
dc @ 9561.4bf2dc71.js:2
(匿名) @ 9561.4bf2dc71.js:2
t.unstable_runWithPriority @ 9561.4bf2dc71.js:2
qo @ 9561.4bf2dc71.js:2
Xo @ 9561.4bf2dc71.js:2
j @ 9561.4bf2dc71.js:2
M.port1.onmessage @ 9561.4bf2dc71.js:2
23:27:51.352   react-intl-universal key "7c1b3891" not defined in zh
warningHandler @ 9561.4bf2dc71.js:2
value @ 9561.4bf2dc71.js:2
p @ 9561.4bf2dc71.js:2
value @ 8222.6209a852.chunk.js:1
Le @ 9561.4bf2dc71.js:2
(匿名) @ 9561.4bf2dc71.js:2
pe @ 9561.4bf2dc71.js:2
e.track @ 9561.4bf2dc71.js:2
n @ 9561.4bf2dc71.js:2
Xi @ 9561.4bf2dc71.js:2
$i @ 9561.4bf2dc71.js:2
Cs @ 9561.4bf2dc71.js:2
wc @ 9561.4bf2dc71.js:2
_c @ 9561.4bf2dc71.js:2
dc @ 9561.4bf2dc71.js:2
(匿名) @ 9561.4bf2dc71.js:2
t.unstable_runWithPriority @ 9561.4bf2dc71.js:2
qo @ 9561.4bf2dc71.js:2
Xo @ 9561.4bf2dc71.js:2
$o @ 9561.4bf2dc71.js:2
ic @ 9561.4bf2dc71.js:2
enqueueSetState @ 9561.4bf2dc71.js:2
b.setState @ 9561.4bf2dc71.js:2
e.playOrPause @ 8222.6209a852.chunk.js:1
(匿名) @ 8222.6209a852.chunk.js:1
setTimeout
e.listenCutScreen @ 8222.6209a852.chunk.js:1
(匿名) @ 8222.6209a852.chunk.js:1
u @ 9561.4bf2dc71.js:2
(匿名) @ 9561.4bf2dc71.js:2
(匿名) @ 9561.4bf2dc71.js:2
r @ 9561.4bf2dc71.js:2
s @ 9561.4bf2dc71.js:2
Promise.then
r @ 9561.4bf2dc71.js:2
s @ 9561.4bf2dc71.js:2
(匿名) @ 9561.4bf2dc71.js:2
(匿名) @ 9561.4bf2dc71.js:2
(匿名) @ 8222.6209a852.chunk.js:1
ka @ 9561.4bf2dc71.js:2
xa @ 9561.4bf2dc71.js:2
Ec @ 9561.4bf2dc71.js:2
t.unstable_runWithPriority @ 9561.4bf2dc71.js:2
qo @ 9561.4bf2dc71.js:2
kc @ 9561.4bf2dc71.js:2
dc @ 9561.4bf2dc71.js:2
(匿名) @ 9561.4bf2dc71.js:2
t.unstable_runWithPriority @ 9561.4bf2dc71.js:2
qo @ 9561.4bf2dc71.js:2
Xo @ 9561.4bf2dc71.js:2
$o @ 9561.4bf2dc71.js:2
ic @ 9561.4bf2dc71.js:2
enqueueSetState @ 9561.4bf2dc71.js:2
b.setState @ 9561.4bf2dc71.js:2
(匿名) @ 808.d56623c9.chunk.js:1
u @ 9561.4bf2dc71.js:2
(匿名) @ 9561.4bf2dc71.js:2
(匿名) @ 9561.4bf2dc71.js:2
r @ 9561.4bf2dc71.js:2
s @ 9561.4bf2dc71.js:2
Promise.then
r @ 9561.4bf2dc71.js:2
s @ 9561.4bf2dc71.js:2
Promise.then
r @ 9561.4bf2dc71.js:2
s @ 9561.4bf2dc71.js:2
Promise.then
r @ 9561.4bf2dc71.js:2
s @ 9561.4bf2dc71.js:2
(匿名) @ 9561.4bf2dc71.js:2
(匿名) @ 9561.4bf2dc71.js:2
value @ 808.d56623c9.chunk.js:1
F @ 9561.4bf2dc71.js:2
(匿名) @ 9561.4bf2dc71.js:2
Ec @ 9561.4bf2dc71.js:2
t.unstable_runWithPriority @ 9561.4bf2dc71.js:2
qo @ 9561.4bf2dc71.js:2
kc @ 9561.4bf2dc71.js:2
dc @ 9561.4bf2dc71.js:2
(匿名) @ 9561.4bf2dc71.js:2
t.unstable_runWithPriority @ 9561.4bf2dc71.js:2
qo @ 9561.4bf2dc71.js:2
Xo @ 9561.4bf2dc71.js:2
j @ 9561.4bf2dc71.js:2
M.port1.onmessage @ 9561.4bf2dc71.js:2
23:27:51.352   react-intl-universal key "625fb26b" not defined in zh
warningHandler @ 9561.4bf2dc71.js:2
value @ 9561.4bf2dc71.js:2
p @ 9561.4bf2dc71.js:2
value @ 8222.6209a852.chunk.js:1
Le @ 9561.4bf2dc71.js:2
(匿名) @ 9561.4bf2dc71.js:2
pe @ 9561.4bf2dc71.js:2
e.track @ 9561.4bf2dc71.js:2
n @ 9561.4bf2dc71.js:2
Xi @ 9561.4bf2dc71.js:2
$i @ 9561.4bf2dc71.js:2
Cs @ 9561.4bf2dc71.js:2
wc @ 9561.4bf2dc71.js:2
_c @ 9561.4bf2dc71.js:2
dc @ 9561.4bf2dc71.js:2
(匿名) @ 9561.4bf2dc71.js:2
t.unstable_runWithPriority @ 9561.4bf2dc71.js:2
qo @ 9561.4bf2dc71.js:2
Xo @ 9561.4bf2dc71.js:2
$o @ 9561.4bf2dc71.js:2
ic @ 9561.4bf2dc71.js:2
enqueueSetState @ 9561.4bf2dc71.js:2
b.setState @ 9561.4bf2dc71.js:2
e.playOrPause @ 8222.6209a852.chunk.js:1
(匿名) @ 8222.6209a852.chunk.js:1
setTimeout
e.listenCutScreen @ 8222.6209a852.chunk.js:1
(匿名) @ 8222.6209a852.chunk.js:1
u @ 9561.4bf2dc71.js:2
(匿名) @ 9561.4bf2dc71.js:2
(匿名) @ 9561.4bf2dc71.js:2
r @ 9561.4bf2dc71.js:2
s @ 9561.4bf2dc71.js:2
Promise.then
r @ 9561.4bf2dc71.js:2
s @ 9561.4bf2dc71.js:2
(匿名) @ 9561.4bf2dc71.js:2
(匿名) @ 9561.4bf2dc71.js:2
(匿名) @ 8222.6209a852.chunk.js:1
ka @ 9561.4bf2dc71.js:2
xa @ 9561.4bf2dc71.js:2
Ec @ 9561.4bf2dc71.js:2
t.unstable_runWithPriority @ 9561.4bf2dc71.js:2
qo @ 9561.4bf2dc71.js:2
kc @ 9561.4bf2dc71.js:2
dc @ 9561.4bf2dc71.js:2
(匿名) @ 9561.4bf2dc71.js:2
t.unstable_runWithPriority @ 9561.4bf2dc71.js:2
qo @ 9561.4bf2dc71.js:2
Xo @ 9561.4bf2dc71.js:2
$o @ 9561.4bf2dc71.js:2
ic @ 9561.4bf2dc71.js:2
enqueueSetState @ 9561.4bf2dc71.js:2
b.setState @ 9561.4bf2dc71.js:2
(匿名) @ 808.d56623c9.chunk.js:1
u @ 9561.4bf2dc71.js:2
(匿名) @ 9561.4bf2dc71.js:2
(匿名) @ 9561.4bf2dc71.js:2
r @ 9561.4bf2dc71.js:2
s @ 9561.4bf2dc71.js:2
Promise.then
r @ 9561.4bf2dc71.js:2
s @ 9561.4bf2dc71.js:2
Promise.then
r @ 9561.4bf2dc71.js:2
s @ 9561.4bf2dc71.js:2
Promise.then
r @ 9561.4bf2dc71.js:2
s @ 9561.4bf2dc71.js:2
(匿名) @ 9561.4bf2dc71.js:2
(匿名) @ 9561.4bf2dc71.js:2
value @ 808.d56623c9.chunk.js:1
F @ 9561.4bf2dc71.js:2
(匿名) @ 9561.4bf2dc71.js:2
Ec @ 9561.4bf2dc71.js:2
t.unstable_runWithPriority @ 9561.4bf2dc71.js:2
qo @ 9561.4bf2dc71.js:2
kc @ 9561.4bf2dc71.js:2
dc @ 9561.4bf2dc71.js:2
(匿名) @ 9561.4bf2dc71.js:2
t.unstable_runWithPriority @ 9561.4bf2dc71.js:2
qo @ 9561.4bf2dc71.js:2
Xo @ 9561.4bf2dc71.js:2
j @ 9561.4bf2dc71.js:2
M.port1.onmessage @ 9561.4bf2dc71.js:2
23:27:51.352   react-intl-universal key "aa98ad92" not defined in zh
warningHandler @ 9561.4bf2dc71.js:2
value @ 9561.4bf2dc71.js:2
p @ 9561.4bf2dc71.js:2
value @ 8222.6209a852.chunk.js:1
Le @ 9561.4bf2dc71.js:2
(匿名) @ 9561.4bf2dc71.js:2
pe @ 9561.4bf2dc71.js:2
e.track @ 9561.4bf2dc71.js:2
n @ 9561.4bf2dc71.js:2
Xi @ 9561.4bf2dc71.js:2
$i @ 9561.4bf2dc71.js:2
Cs @ 9561.4bf2dc71.js:2
wc @ 9561.4bf2dc71.js:2
_c @ 9561.4bf2dc71.js:2
dc @ 9561.4bf2dc71.js:2
(匿名) @ 9561.4bf2dc71.js:2
t.unstable_runWithPriority @ 9561.4bf2dc71.js:2
qo @ 9561.4bf2dc71.js:2
Xo @ 9561.4bf2dc71.js:2
$o @ 9561.4bf2dc71.js:2
ic @ 9561.4bf2dc71.js:2
enqueueSetState @ 9561.4bf2dc71.js:2
b.setState @ 9561.4bf2dc71.js:2
e.playOrPause @ 8222.6209a852.chunk.js:1
(匿名) @ 8222.6209a852.chunk.js:1
setTimeout
e.listenCutScreen @ 8222.6209a852.chunk.js:1
(匿名) @ 8222.6209a852.chunk.js:1
u @ 9561.4bf2dc71.js:2
(匿名) @ 9561.4bf2dc71.js:2
(匿名) @ 9561.4bf2dc71.js:2
r @ 9561.4bf2dc71.js:2
s @ 9561.4bf2dc71.js:2
Promise.then
r @ 9561.4bf2dc71.js:2
s @ 9561.4bf2dc71.js:2
(匿名) @ 9561.4bf2dc71.js:2
(匿名) @ 9561.4bf2dc71.js:2
(匿名) @ 8222.6209a852.chunk.js:1
ka @ 9561.4bf2dc71.js:2
xa @ 9561.4bf2dc71.js:2
Ec @ 9561.4bf2dc71.js:2
t.unstable_runWithPriority @ 9561.4bf2dc71.js:2
qo @ 9561.4bf2dc71.js:2
kc @ 9561.4bf2dc71.js:2
dc @ 9561.4bf2dc71.js:2
(匿名) @ 9561.4bf2dc71.js:2
t.unstable_runWithPriority @ 9561.4bf2dc71.js:2
qo @ 9561.4bf2dc71.js:2
Xo @ 9561.4bf2dc71.js:2
$o @ 9561.4bf2dc71.js:2
ic @ 9561.4bf2dc71.js:2
enqueueSetState @ 9561.4bf2dc71.js:2
b.setState @ 9561.4bf2dc71.js:2
(匿名) @ 808.d56623c9.chunk.js:1
u @ 9561.4bf2dc71.js:2
(匿名) @ 9561.4bf2dc71.js:2
(匿名) @ 9561.4bf2dc71.js:2
r @ 9561.4bf2dc71.js:2
s @ 9561.4bf2dc71.js:2
Promise.then
r @ 9561.4bf2dc71.js:2
s @ 9561.4bf2dc71.js:2
Promise.then
r @ 9561.4bf2dc71.js:2
s @ 9561.4bf2dc71.js:2
Promise.then
r @ 9561.4bf2dc71.js:2
s @ 9561.4bf2dc71.js:2
(匿名) @ 9561.4bf2dc71.js:2
(匿名) @ 9561.4bf2dc71.js:2
value @ 808.d56623c9.chunk.js:1
F @ 9561.4bf2dc71.js:2
(匿名) @ 9561.4bf2dc71.js:2
Ec @ 9561.4bf2dc71.js:2
t.unstable_runWithPriority @ 9561.4bf2dc71.js:2
qo @ 9561.4bf2dc71.js:2
kc @ 9561.4bf2dc71.js:2
dc @ 9561.4bf2dc71.js:2
(匿名) @ 9561.4bf2dc71.js:2
t.unstable_runWithPriority @ 9561.4bf2dc71.js:2
qo @ 9561.4bf2dc71.js:2
Xo @ 9561.4bf2dc71.js:2
j @ 9561.4bf2dc71.js:2
M.port1.onmessage @ 9561.4bf2dc71.js:2
23:27:51.352   react-intl-universal key "fe033787" not defined in zh
warningHandler @ 9561.4bf2dc71.js:2
value @ 9561.4bf2dc71.js:2
p @ 9561.4bf2dc71.js:2
value @ 8222.6209a852.chunk.js:1
Le @ 9561.4bf2dc71.js:2
(匿名) @ 9561.4bf2dc71.js:2
pe @ 9561.4bf2dc71.js:2
e.track @ 9561.4bf2dc71.js:2
n @ 9561.4bf2dc71.js:2
Xi @ 9561.4bf2dc71.js:2
$i @ 9561.4bf2dc71.js:2
Cs @ 9561.4bf2dc71.js:2
wc @ 9561.4bf2dc71.js:2
_c @ 9561.4bf2dc71.js:2
dc @ 9561.4bf2dc71.js:2
(匿名) @ 9561.4bf2dc71.js:2
t.unstable_runWithPriority @ 9561.4bf2dc71.js:2
qo @ 9561.4bf2dc71.js:2
Xo @ 9561.4bf2dc71.js:2
$o @ 9561.4bf2dc71.js:2
ic @ 9561.4bf2dc71.js:2
enqueueSetState @ 9561.4bf2dc71.js:2
b.setState @ 9561.4bf2dc71.js:2
e.playOrPause @ 8222.6209a852.chunk.js:1
(匿名) @ 8222.6209a852.chunk.js:1
setTimeout
e.listenCutScreen @ 8222.6209a852.chunk.js:1
(匿名) @ 8222.6209a852.chunk.js:1
u @ 9561.4bf2dc71.js:2
(匿名) @ 9561.4bf2dc71.js:2
(匿名) @ 9561.4bf2dc71.js:2
r @ 9561.4bf2dc71.js:2
s @ 9561.4bf2dc71.js:2
Promise.then
r @ 9561.4bf2dc71.js:2
s @ 9561.4bf2dc71.js:2
(匿名) @ 9561.4bf2dc71.js:2
(匿名) @ 9561.4bf2dc71.js:2
(匿名) @ 8222.6209a852.chunk.js:1
ka @ 9561.4bf2dc71.js:2
xa @ 9561.4bf2dc71.js:2
Ec @ 9561.4bf2dc71.js:2
t.unstable_runWithPriority @ 9561.4bf2dc71.js:2
qo @ 9561.4bf2dc71.js:2
kc @ 9561.4bf2dc71.js:2
dc @ 9561.4bf2dc71.js:2
(匿名) @ 9561.4bf2dc71.js:2
t.unstable_runWithPriority @ 9561.4bf2dc71.js:2
qo @ 9561.4bf2dc71.js:2
Xo @ 9561.4bf2dc71.js:2
$o @ 9561.4bf2dc71.js:2
ic @ 9561.4bf2dc71.js:2
enqueueSetState @ 9561.4bf2dc71.js:2
b.setState @ 9561.4bf2dc71.js:2
(匿名) @ 808.d56623c9.chunk.js:1
u @ 9561.4bf2dc71.js:2
(匿名) @ 9561.4bf2dc71.js:2
(匿名) @ 9561.4bf2dc71.js:2
r @ 9561.4bf2dc71.js:2
s @ 9561.4bf2dc71.js:2
Promise.then
r @ 9561.4bf2dc71.js:2
s @ 9561.4bf2dc71.js:2
Promise.then
r @ 9561.4bf2dc71.js:2
s @ 9561.4bf2dc71.js:2
Promise.then
r @ 9561.4bf2dc71.js:2
s @ 9561.4bf2dc71.js:2
(匿名) @ 9561.4bf2dc71.js:2
(匿名) @ 9561.4bf2dc71.js:2
value @ 808.d56623c9.chunk.js:1
F @ 9561.4bf2dc71.js:2
(匿名) @ 9561.4bf2dc71.js:2
Ec @ 9561.4bf2dc71.js:2
t.unstable_runWithPriority @ 9561.4bf2dc71.js:2
qo @ 9561.4bf2dc71.js:2
kc @ 9561.4bf2dc71.js:2
dc @ 9561.4bf2dc71.js:2
(匿名) @ 9561.4bf2dc71.js:2
t.unstable_runWithPriority @ 9561.4bf2dc71.js:2
qo @ 9561.4bf2dc71.js:2
Xo @ 9561.4bf2dc71.js:2
j @ 9561.4bf2dc71.js:2
M.port1.onmessage @ 9561.4bf2dc71.js:2
23:27:51.352   react-intl-universal key "40e20dd4" not defined in zh
warningHandler @ 9561.4bf2dc71.js:2
value @ 9561.4bf2dc71.js:2
p @ 9561.4bf2dc71.js:2
value @ 8222.6209a852.chunk.js:1
Le @ 9561.4bf2dc71.js:2
(匿名) @ 9561.4bf2dc71.js:2
pe @ 9561.4bf2dc71.js:2
e.track @ 9561.4bf2dc71.js:2
n @ 9561.4bf2dc71.js:2
Xi @ 9561.4bf2dc71.js:2
$i @ 9561.4bf2dc71.js:2
Cs @ 9561.4bf2dc71.js:2
wc @ 9561.4bf2dc71.js:2
_c @ 9561.4bf2dc71.js:2
dc @ 9561.4bf2dc71.js:2
(匿名) @ 9561.4bf2dc71.js:2
t.unstable_runWithPriority @ 9561.4bf2dc71.js:2
qo @ 9561.4bf2dc71.js:2
Xo @ 9561.4bf2dc71.js:2
$o @ 9561.4bf2dc71.js:2
ic @ 9561.4bf2dc71.js:2
enqueueSetState @ 9561.4bf2dc71.js:2
b.setState @ 9561.4bf2dc71.js:2
e.playOrPause @ 8222.6209a852.chunk.js:1
(匿名) @ 8222.6209a852.chunk.js:1
setTimeout
e.listenCutScreen @ 8222.6209a852.chunk.js:1
(匿名) @ 8222.6209a852.chunk.js:1
u @ 9561.4bf2dc71.js:2
(匿名) @ 9561.4bf2dc71.js:2
(匿名) @ 9561.4bf2dc71.js:2
r @ 9561.4bf2dc71.js:2
s @ 9561.4bf2dc71.js:2
Promise.then
r @ 9561.4bf2dc71.js:2
s @ 9561.4bf2dc71.js:2
(匿名) @ 9561.4bf2dc71.js:2
(匿名) @ 9561.4bf2dc71.js:2
(匿名) @ 8222.6209a852.chunk.js:1
ka @ 9561.4bf2dc71.js:2
xa @ 9561.4bf2dc71.js:2
Ec @ 9561.4bf2dc71.js:2
t.unstable_runWithPriority @ 9561.4bf2dc71.js:2
qo @ 9561.4bf2dc71.js:2
kc @ 9561.4bf2dc71.js:2
dc @ 9561.4bf2dc71.js:2
(匿名) @ 9561.4bf2dc71.js:2
t.unstable_runWithPriority @ 9561.4bf2dc71.js:2
qo @ 9561.4bf2dc71.js:2
Xo @ 9561.4bf2dc71.js:2
$o @ 9561.4bf2dc71.js:2
ic @ 9561.4bf2dc71.js:2
enqueueSetState @ 9561.4bf2dc71.js:2
b.setState @ 9561.4bf2dc71.js:2
(匿名) @ 808.d56623c9.chunk.js:1
u @ 9561.4bf2dc71.js:2
(匿名) @ 9561.4bf2dc71.js:2
(匿名) @ 9561.4bf2dc71.js:2
r @ 9561.4bf2dc71.js:2
s @ 9561.4bf2dc71.js:2
Promise.then
r @ 9561.4bf2dc71.js:2
s @ 9561.4bf2dc71.js:2
Promise.then
r @ 9561.4bf2dc71.js:2
s @ 9561.4bf2dc71.js:2
Promise.then
r @ 9561.4bf2dc71.js:2
s @ 9561.4bf2dc71.js:2
(匿名) @ 9561.4bf2dc71.js:2
(匿名) @ 9561.4bf2dc71.js:2
value @ 808.d56623c9.chunk.js:1
F @ 9561.4bf2dc71.js:2
(匿名) @ 9561.4bf2dc71.js:2
Ec @ 9561.4bf2dc71.js:2
t.unstable_runWithPriority @ 9561.4bf2dc71.js:2
qo @ 9561.4bf2dc71.js:2
kc @ 9561.4bf2dc71.js:2
dc @ 9561.4bf2dc71.js:2
(匿名) @ 9561.4bf2dc71.js:2
t.unstable_runWithPriority @ 9561.4bf2dc71.js:2
qo @ 9561.4bf2dc71.js:2
Xo @ 9561.4bf2dc71.js:2
j @ 9561.4bf2dc71.js:2
M.port1.onmessage @ 9561.4bf2dc71.js:2
23:27:51.353  commonFull true
23:27:51.353  window.outerWidth 1920
23:27:51.353  screen.availWidth 1920
23:27:51.354  windowF11Full false
23:27:51.354  isFullScreen true
23:27:51.631  [debug 23:27:51 ] 等待课程数据... 4
23:27:51.662  
23:27:51.663  由于“保留日志”的原因，已阻止console.clear()
23:27:51.663  
23:27:51.663  由于“保留日志”的原因，已阻止console.clear()
23:27:51.663  (索引)toStringlastIndexdotAllflagsglobalhasIndicesignoreCasemultilinesourcestickyunicodeunicodeSets(索引)toStringlastIndexdotAllflagsglobalhasIndicesignoreCasemultilinesourcestickyunicodeunicodeSetsdepƒ0false''falsefalsefalsefalse' 'falsefalsefalseObject
23:27:51.663  由于“保留日志”的原因，已阻止console.clear()
23:27:51.663  Wed Mar 11 2026 23:27:47 GMT+0800 (中国标准时间)
23:27:51.664  由于“保留日志”的原因，已阻止console.clear()
23:27:51.664  {}
23:27:51.664  由于“保留日志”的原因，已阻止console.clear()
23:27:52.166  
23:27:52.166  由于“保留日志”的原因，已阻止console.clear()
23:27:52.167  
23:27:52.167  由于“保留日志”的原因，已阻止console.clear()
23:27:52.167  (索引)toStringlastIndexdotAllflagsglobalhasIndicesignoreCasemultilinesourcestickyunicodeunicodeSets(索引)toStringlastIndexdotAllflagsglobalhasIndicesignoreCasemultilinesourcestickyunicodeunicodeSetsdepƒ0false''falsefalsefalsefalse' 'falsefalsefalseObject
23:27:52.168  由于“保留日志”的原因，已阻止console.clear()
23:27:52.168  Wed Mar 11 2026 23:27:47 GMT+0800 (中国标准时间)
23:27:52.168  由于“保留日志”的原因，已阻止console.clear()
23:27:52.169  {}
23:27:52.169  由于“保留日志”的原因，已阻止console.clear()
23:27:52.632  [debug 23:27:52 ] 等待课程数据... 5
23:27:52.679  
23:27:52.680  由于“保留日志”的原因，已阻止console.clear()
23:27:52.680  
23:27:52.681  由于“保留日志”的原因，已阻止console.clear()
23:27:52.681  (索引)toStringlastIndexdotAllflagsglobalhasIndicesignoreCasemultilinesourcestickyunicodeunicodeSets(索引)toStringlastIndexdotAllflagsglobalhasIndicesignoreCasemultilinesourcestickyunicodeunicodeSetsdepƒ0false''falsefalsefalsefalse' 'falsefalsefalseObject
23:27:52.681  由于“保留日志”的原因，已阻止console.clear()
23:27:52.681  Wed Mar 11 2026 23:27:47 GMT+0800 (中国标准时间)
23:27:52.682  由于“保留日志”的原因，已阻止console.clear()
23:27:52.682  {}
23:27:52.682  由于“保留日志”的原因，已阻止console.clear()
23:27:53.185  
23:27:53.185  由于“保留日志”的原因，已阻止console.clear()
23:27:53.186  
23:27:53.186  由于“保留日志”的原因，已阻止console.clear()
23:27:53.186  (索引)toStringlastIndexdotAllflagsglobalhasIndicesignoreCasemultilinesourcestickyunicodeunicodeSets(索引)toStringlastIndexdotAllflagsglobalhasIndicesignoreCasemultilinesourcestickyunicodeunicodeSetsdepƒ0false''falsefalsefalsefalse' 'falsefalsefalseObject
23:27:53.186  由于“保留日志”的原因，已阻止console.clear()
23:27:53.187  Wed Mar 11 2026 23:27:47 GMT+0800 (中国标准时间)
23:27:53.187  由于“保留日志”的原因，已阻止console.clear()
23:27:53.187  {}
23:27:53.188  由于“保留日志”的原因，已阻止console.clear()
23:27:53.639  [debug 23:27:53 ] 等待课程数据... 6
23:27:53.701  
23:27:53.701  由于“保留日志”的原因，已阻止console.clear()
23:27:53.701  
23:27:53.701  由于“保留日志”的原因，已阻止console.clear()
23:27:53.702  (索引)toStringlastIndexdotAllflagsglobalhasIndicesignoreCasemultilinesourcestickyunicodeunicodeSets(索引)toStringlastIndexdotAllflagsglobalhasIndicesignoreCasemultilinesourcestickyunicodeunicodeSetsdepƒ0false''falsefalsefalsefalse' 'falsefalsefalseObject
23:27:53.702  由于“保留日志”的原因，已阻止console.clear()
23:27:53.702  Wed Mar 11 2026 23:27:47 GMT+0800 (中国标准时间)
23:27:53.702  由于“保留日志”的原因，已阻止console.clear()
23:27:53.702  {}
23:27:53.702  由于“保留日志”的原因，已阻止console.clear()
23:27:54.217  
23:27:54.218  由于“保留日志”的原因，已阻止console.clear()
23:27:54.218  
23:27:54.219  由于“保留日志”的原因，已阻止console.clear()
23:27:54.219  (索引)toStringlastIndexdotAllflagsglobalhasIndicesignoreCasemultilinesourcestickyunicodeunicodeSets(索引)toStringlastIndexdotAllflagsglobalhasIndicesignoreCasemultilinesourcestickyunicodeunicodeSetsdepƒ0false''falsefalsefalsefalse' 'falsefalsefalseObject
23:27:54.219  由于“保留日志”的原因，已阻止console.clear()
23:27:54.220  Wed Mar 11 2026 23:27:47 GMT+0800 (中国标准时间)
23:27:54.220  由于“保留日志”的原因，已阻止console.clear()
23:27:54.220  {}
23:27:54.220  由于“保留日志”的原因，已阻止console.clear()
23:27:54.640  [debug 23:27:54 ] 等待课程数据... 7
23:27:54.733  
23:27:54.733  由于“保留日志”的原因，已阻止console.clear()
23:27:54.733  
23:27:54.734  由于“保留日志”的原因，已阻止console.clear()
23:27:54.734  (索引)toStringlastIndexdotAllflagsglobalhasIndicesignoreCasemultilinesourcestickyunicodeunicodeSets(索引)toStringlastIndexdotAllflagsglobalhasIndicesignoreCasemultilinesourcestickyunicodeunicodeSetsdepƒ0false''falsefalsefalsefalse' 'falsefalsefalseObject
23:27:54.734  由于“保留日志”的原因，已阻止console.clear()
23:27:54.734  Wed Mar 11 2026 23:27:47 GMT+0800 (中国标准时间)
23:27:54.735  由于“保留日志”的原因，已阻止console.clear()
23:27:54.735  {}
23:27:54.735  由于“保留日志”的原因，已阻止console.clear()
23:27:55.248  
23:27:55.248  由于“保留日志”的原因，已阻止console.clear()
23:27:55.249  
23:27:55.249  由于“保留日志”的原因，已阻止console.clear()
23:27:55.249  (索引)toStringlastIndexdotAllflagsglobalhasIndicesignoreCasemultilinesourcestickyunicodeunicodeSets(索引)toStringlastIndexdotAllflagsglobalhasIndicesignoreCasemultilinesourcestickyunicodeunicodeSetsdepƒ0false''falsefalsefalsefalse' 'falsefalsefalseObject
23:27:55.249  由于“保留日志”的原因，已阻止console.clear()
23:27:55.250  Wed Mar 11 2026 23:27:47 GMT+0800 (中国标准时间)
23:27:55.250  由于“保留日志”的原因，已阻止console.clear()
23:27:55.250  {}
23:27:55.251  由于“保留日志”的原因，已阻止console.clear()
23:27:55.642  [debug 23:27:55 ] 等待课程数据... 8
23:27:55.767  
23:27:55.768  由于“保留日志”的原因，已阻止console.clear()
23:27:55.768  
23:27:55.768  由于“保留日志”的原因，已阻止console.clear()
23:27:55.768  (索引)toStringlastIndexdotAllflagsglobalhasIndicesignoreCasemultilinesourcestickyunicodeunicodeSets(索引)toStringlastIndexdotAllflagsglobalhasIndicesignoreCasemultilinesourcestickyunicodeunicodeSetsdepƒ0false''falsefalsefalsefalse' 'falsefalsefalseObject
23:27:55.769  由于“保留日志”的原因，已阻止console.clear()
23:27:55.769  Wed Mar 11 2026 23:27:47 GMT+0800 (中国标准时间)
23:27:55.770  由于“保留日志”的原因，已阻止console.clear()
23:27:55.770  {}
23:27:55.770  由于“保留日志”的原因，已阻止console.clear()
23:27:56.273  
23:27:56.273  由于“保留日志”的原因，已阻止console.clear()
23:27:56.273  
23:27:56.273  由于“保留日志”的原因，已阻止console.clear()
23:27:56.273  (索引)toStringlastIndexdotAllflagsglobalhasIndicesignoreCasemultilinesourcestickyunicodeunicodeSets(索引)toStringlastIndexdotAllflagsglobalhasIndicesignoreCasemultilinesourcestickyunicodeunicodeSetsdepƒ0false''falsefalsefalsefalse' 'falsefalsefalseObject
23:27:56.274  由于“保留日志”的原因，已阻止console.clear()
23:27:56.274  Wed Mar 11 2026 23:27:47 GMT+0800 (中国标准时间)
23:27:56.274  由于“保留日志”的原因，已阻止console.clear()
23:27:56.274  {}
23:27:56.274  由于“保留日志”的原因，已阻止console.clear()
23:27:56.630  [debug 23:27:56 ] 等待课程数据... 9
23:27:56.775  
23:27:56.775  由于“保留日志”的原因，已阻止console.clear()
23:27:56.776  
23:27:56.776  由于“保留日志”的原因，已阻止console.clear()
23:27:56.776  (索引)toStringlastIndexdotAllflagsglobalhasIndicesignoreCasemultilinesourcestickyunicodeunicodeSets(索引)toStringlastIndexdotAllflagsglobalhasIndicesignoreCasemultilinesourcestickyunicodeunicodeSetsdepƒ0false''falsefalsefalsefalse' 'falsefalsefalseObject
23:27:56.777  由于“保留日志”的原因，已阻止console.clear()
23:27:56.777  Wed Mar 11 2026 23:27:47 GMT+0800 (中国标准时间)
23:27:56.777  由于“保留日志”的原因，已阻止console.clear()
23:27:56.777  {}
23:27:56.778  由于“保留日志”的原因，已阻止console.clear()
23:27:57.293  
23:27:57.293  由于“保留日志”的原因，已阻止console.clear()
23:27:57.293  
23:27:57.293  由于“保留日志”的原因，已阻止console.clear()
23:27:57.294  (索引)toStringlastIndexdotAllflagsglobalhasIndicesignoreCasemultilinesourcestickyunicodeunicodeSets(索引)toStringlastIndexdotAllflagsglobalhasIndicesignoreCasemultilinesourcestickyunicodeunicodeSetsdepƒ0false''falsefalsefalsefalse' 'falsefalsefalseObject
23:27:57.294  由于“保留日志”的原因，已阻止console.clear()
23:27:57.294  Wed Mar 11 2026 23:27:47 GMT+0800 (中国标准时间)
23:27:57.295  由于“保留日志”的原因，已阻止console.clear()
23:27:57.295  {}
23:27:57.295  由于“保留日志”的原因，已阻止console.clear()
23:27:57.637  [debug 23:27:57 ] 等待课程数据... 10
23:27:57.810  
23:27:57.810  由于“保留日志”的原因，已阻止console.clear()
23:27:57.811  
23:27:57.811  由于“保留日志”的原因，已阻止console.clear()
23:27:57.811  (索引)toStringlastIndexdotAllflagsglobalhasIndicesignoreCasemultilinesourcestickyunicodeunicodeSets(索引)toStringlastIndexdotAllflagsglobalhasIndicesignoreCasemultilinesourcestickyunicodeunicodeSetsdepƒ0false''falsefalsefalsefalse' 'falsefalsefalseObject
23:27:57.811  由于“保留日志”的原因，已阻止console.clear()
23:27:57.812  Wed Mar 11 2026 23:27:47 GMT+0800 (中国标准时间)
23:27:57.812  由于“保留日志”的原因，已阻止console.clear()
23:27:57.812  {}
23:27:57.812  由于“保留日志”的原因，已阻止console.clear()
23:27:58.314  
23:27:58.314  由于“保留日志”的原因，已阻止console.clear()
23:27:58.314  
23:27:58.315  由于“保留日志”的原因，已阻止console.clear()
23:27:58.315  (索引)toStringlastIndexdotAllflagsglobalhasIndicesignoreCasemultilinesourcestickyunicodeunicodeSets(索引)toStringlastIndexdotAllflagsglobalhasIndicesignoreCasemultilinesourcestickyunicodeunicodeSetsdepƒ0false''falsefalsefalsefalse' 'falsefalsefalseObject
23:27:58.315  由于“保留日志”的原因，已阻止console.clear()
23:27:58.315  Wed Mar 11 2026 23:27:47 GMT+0800 (中国标准时间)
23:27:58.316  由于“保留日志”的原因，已阻止console.clear()
23:27:58.316  {}
23:27:58.316  由于“保留日志”的原因，已阻止console.clear()
23:27:58.630  [debug 23:27:58 ] 等待课程数据... 11
23:27:58.819  
23:27:58.819  由于“保留日志”的原因，已阻止console.clear()
23:27:58.819  
23:27:58.820  由于“保留日志”的原因，已阻止console.clear()
23:27:58.820  (索引)toStringlastIndexdotAllflagsglobalhasIndicesignoreCasemultilinesourcestickyunicodeunicodeSets(索引)toStringlastIndexdotAllflagsglobalhasIndicesignoreCasemultilinesourcestickyunicodeunicodeSetsdepƒ0false''falsefalsefalsefalse' 'falsefalsefalseObject
23:27:58.820  由于“保留日志”的原因，已阻止console.clear()
23:27:58.820  Wed Mar 11 2026 23:27:47 GMT+0800 (中国标准时间)
23:27:58.821  由于“保留日志”的原因，已阻止console.clear()
23:27:58.822  {}
23:27:58.822  由于“保留日志”的原因，已阻止console.clear()
23:27:59.338  
23:27:59.338  由于“保留日志”的原因，已阻止console.clear()
23:27:59.338  
23:27:59.338  由于“保留日志”的原因，已阻止console.clear()
23:27:59.338  (索引)toStringlastIndexdotAllflagsglobalhasIndicesignoreCasemultilinesourcestickyunicodeunicodeSets(索引)toStringlastIndexdotAllflagsglobalhasIndicesignoreCasemultilinesourcestickyunicodeunicodeSetsdepƒ0false''falsefalsefalsefalse' 'falsefalsefalseObject
23:27:59.338  由于“保留日志”的原因，已阻止console.clear()
23:27:59.338  Wed Mar 11 2026 23:27:47 GMT+0800 (中国标准时间)
23:27:59.339  由于“保留日志”的原因，已阻止console.clear()
23:27:59.339  {}
23:27:59.339  由于“保留日志”的原因，已阻止console.clear()
23:27:59.634  [debug 23:27:59 ] 等待课程数据... 12
23:27:59.854  
23:27:59.855  由于“保留日志”的原因，已阻止console.clear()
23:27:59.855  
23:27:59.855  由于“保留日志”的原因，已阻止console.clear()
23:27:59.855  (索引)toStringlastIndexdotAllflagsglobalhasIndicesignoreCasemultilinesourcestickyunicodeunicodeSets(索引)toStringlastIndexdotAllflagsglobalhasIndicesignoreCasemultilinesourcestickyunicodeunicodeSetsdepƒ0false''falsefalsefalsefalse' 'falsefalsefalseObject
23:27:59.855  由于“保留日志”的原因，已阻止console.clear()
23:27:59.855  Wed Mar 11 2026 23:27:47 GMT+0800 (中国标准时间)
23:27:59.855  由于“保留日志”的原因，已阻止console.clear()
23:27:59.855  {}
23:27:59.855  由于“保留日志”的原因，已阻止console.clear()
23:28:00.370  
23:28:00.370  由于“保留日志”的原因，已阻止console.clear()
23:28:00.370  
23:28:00.371  由于“保留日志”的原因，已阻止console.clear()
23:28:00.371  (索引)toStringlastIndexdotAllflagsglobalhasIndicesignoreCasemultilinesourcestickyunicodeunicodeSets(索引)toStringlastIndexdotAllflagsglobalhasIndicesignoreCasemultilinesourcestickyunicodeunicodeSetsdepƒ0false''falsefalsefalsefalse' 'falsefalsefalseObject
23:28:00.371  由于“保留日志”的原因，已阻止console.clear()
23:28:00.371  Wed Mar 11 2026 23:27:47 GMT+0800 (中国标准时间)
23:28:00.372  由于“保留日志”的原因，已阻止console.clear()
23:28:00.372  {}
23:28:00.372  由于“保留日志”的原因，已阻止console.clear()
23:28:00.634  [debug 23:28:0 ] 等待课程数据... 13
23:28:00.881  
23:28:00.881  由于“保留日志”的原因，已阻止console.clear()
23:28:00.881  
23:28:00.881  由于“保留日志”的原因，已阻止console.clear()
23:28:00.881  (索引)toStringlastIndexdotAllflagsglobalhasIndicesignoreCasemultilinesourcestickyunicodeunicodeSets(索引)toStringlastIndexdotAllflagsglobalhasIndicesignoreCasemultilinesourcestickyunicodeunicodeSetsdepƒ0false''falsefalsefalsefalse' 'falsefalsefalseObject
23:28:00.881  由于“保留日志”的原因，已阻止console.clear()
23:28:00.881  Wed Mar 11 2026 23:27:47 GMT+0800 (中国标准时间)
23:28:00.881  由于“保留日志”的原因，已阻止console.clear()
23:28:00.881  {}
23:28:00.881  由于“保留日志”的原因，已阻止console.clear()
23:28:01.389  
23:28:01.389  由于“保留日志”的原因，已阻止console.clear()
23:28:01.390  
23:28:01.390  由于“保留日志”的原因，已阻止console.clear()
23:28:01.390  (索引)toStringlastIndexdotAllflagsglobalhasIndicesignoreCasemultilinesourcestickyunicodeunicodeSets(索引)toStringlastIndexdotAllflagsglobalhasIndicesignoreCasemultilinesourcestickyunicodeunicodeSetsdepƒ0false''falsefalsefalsefalse' 'falsefalsefalseObject
23:28:01.390  由于“保留日志”的原因，已阻止console.clear()
23:28:01.390  Wed Mar 11 2026 23:27:47 GMT+0800 (中国标准时间)
23:28:01.391  由于“保留日志”的原因，已阻止console.clear()
23:28:01.391  {}
23:28:01.391  由于“保留日志”的原因，已阻止console.clear()
23:28:01.639  [debug 23:28:1 ] 等待课程数据... 14
23:28:01.738   react-intl-universal key "b698998e" not defined in zh
warningHandler @ 9561.4bf2dc71.js:2
value @ 9561.4bf2dc71.js:2
p @ 9561.4bf2dc71.js:2
value @ 8222.6209a852.chunk.js:1
Le @ 9561.4bf2dc71.js:2
(匿名) @ 9561.4bf2dc71.js:2
pe @ 9561.4bf2dc71.js:2
e.track @ 9561.4bf2dc71.js:2
n @ 9561.4bf2dc71.js:2
Xi @ 9561.4bf2dc71.js:2
$i @ 9561.4bf2dc71.js:2
Cs @ 9561.4bf2dc71.js:2
wc @ 9561.4bf2dc71.js:2
_c @ 9561.4bf2dc71.js:2
dc @ 9561.4bf2dc71.js:2
(匿名) @ 9561.4bf2dc71.js:2
t.unstable_runWithPriority @ 9561.4bf2dc71.js:2
qo @ 9561.4bf2dc71.js:2
Xo @ 9561.4bf2dc71.js:2
$o @ 9561.4bf2dc71.js:2
ic @ 9561.4bf2dc71.js:2
enqueueSetState @ 9561.4bf2dc71.js:2
b.setState @ 9561.4bf2dc71.js:2
e.playOrPause @ 8222.6209a852.chunk.js:1
window.onblur @ 8222.6209a852.chunk.js:1
23:28:01.739   react-intl-universal key "7c1b3891" not defined in zh
warningHandler @ 9561.4bf2dc71.js:2
value @ 9561.4bf2dc71.js:2
p @ 9561.4bf2dc71.js:2
value @ 8222.6209a852.chunk.js:1
Le @ 9561.4bf2dc71.js:2
(匿名) @ 9561.4bf2dc71.js:2
pe @ 9561.4bf2dc71.js:2
e.track @ 9561.4bf2dc71.js:2
n @ 9561.4bf2dc71.js:2
Xi @ 9561.4bf2dc71.js:2
$i @ 9561.4bf2dc71.js:2
Cs @ 9561.4bf2dc71.js:2
wc @ 9561.4bf2dc71.js:2
_c @ 9561.4bf2dc71.js:2
dc @ 9561.4bf2dc71.js:2
(匿名) @ 9561.4bf2dc71.js:2
t.unstable_runWithPriority @ 9561.4bf2dc71.js:2
qo @ 9561.4bf2dc71.js:2
Xo @ 9561.4bf2dc71.js:2
$o @ 9561.4bf2dc71.js:2
ic @ 9561.4bf2dc71.js:2
enqueueSetState @ 9561.4bf2dc71.js:2
b.setState @ 9561.4bf2dc71.js:2
e.playOrPause @ 8222.6209a852.chunk.js:1
window.onblur @ 8222.6209a852.chunk.js:1
23:28:01.739   react-intl-universal key "625fb26b" not defined in zh
warningHandler @ 9561.4bf2dc71.js:2
value @ 9561.4bf2dc71.js:2
p @ 9561.4bf2dc71.js:2
value @ 8222.6209a852.chunk.js:1
Le @ 9561.4bf2dc71.js:2
(匿名) @ 9561.4bf2dc71.js:2
pe @ 9561.4bf2dc71.js:2
e.track @ 9561.4bf2dc71.js:2
n @ 9561.4bf2dc71.js:2
Xi @ 9561.4bf2dc71.js:2
$i @ 9561.4bf2dc71.js:2
Cs @ 9561.4bf2dc71.js:2
wc @ 9561.4bf2dc71.js:2
_c @ 9561.4bf2dc71.js:2
dc @ 9561.4bf2dc71.js:2
(匿名) @ 9561.4bf2dc71.js:2
t.unstable_runWithPriority @ 9561.4bf2dc71.js:2
qo @ 9561.4bf2dc71.js:2
Xo @ 9561.4bf2dc71.js:2
$o @ 9561.4bf2dc71.js:2
ic @ 9561.4bf2dc71.js:2
enqueueSetState @ 9561.4bf2dc71.js:2
b.setState @ 9561.4bf2dc71.js:2
e.playOrPause @ 8222.6209a852.chunk.js:1
window.onblur @ 8222.6209a852.chunk.js:1
23:28:01.739   react-intl-universal key "aa98ad92" not defined in zh
warningHandler @ 9561.4bf2dc71.js:2
value @ 9561.4bf2dc71.js:2
p @ 9561.4bf2dc71.js:2
value @ 8222.6209a852.chunk.js:1
Le @ 9561.4bf2dc71.js:2
(匿名) @ 9561.4bf2dc71.js:2
pe @ 9561.4bf2dc71.js:2
e.track @ 9561.4bf2dc71.js:2
n @ 9561.4bf2dc71.js:2
Xi @ 9561.4bf2dc71.js:2
$i @ 9561.4bf2dc71.js:2
Cs @ 9561.4bf2dc71.js:2
wc @ 9561.4bf2dc71.js:2
_c @ 9561.4bf2dc71.js:2
dc @ 9561.4bf2dc71.js:2
(匿名) @ 9561.4bf2dc71.js:2
t.unstable_runWithPriority @ 9561.4bf2dc71.js:2
qo @ 9561.4bf2dc71.js:2
Xo @ 9561.4bf2dc71.js:2
$o @ 9561.4bf2dc71.js:2
ic @ 9561.4bf2dc71.js:2
enqueueSetState @ 9561.4bf2dc71.js:2
b.setState @ 9561.4bf2dc71.js:2
e.playOrPause @ 8222.6209a852.chunk.js:1
window.onblur @ 8222.6209a852.chunk.js:1
23:28:01.740   react-intl-universal key "fe033787" not defined in zh
warningHandler @ 9561.4bf2dc71.js:2
value @ 9561.4bf2dc71.js:2
p @ 9561.4bf2dc71.js:2
value @ 8222.6209a852.chunk.js:1
Le @ 9561.4bf2dc71.js:2
(匿名) @ 9561.4bf2dc71.js:2
pe @ 9561.4bf2dc71.js:2
e.track @ 9561.4bf2dc71.js:2
n @ 9561.4bf2dc71.js:2
Xi @ 9561.4bf2dc71.js:2
$i @ 9561.4bf2dc71.js:2
Cs @ 9561.4bf2dc71.js:2
wc @ 9561.4bf2dc71.js:2
_c @ 9561.4bf2dc71.js:2
dc @ 9561.4bf2dc71.js:2
(匿名) @ 9561.4bf2dc71.js:2
t.unstable_runWithPriority @ 9561.4bf2dc71.js:2
qo @ 9561.4bf2dc71.js:2
Xo @ 9561.4bf2dc71.js:2
$o @ 9561.4bf2dc71.js:2
ic @ 9561.4bf2dc71.js:2
enqueueSetState @ 9561.4bf2dc71.js:2
b.setState @ 9561.4bf2dc71.js:2
e.playOrPause @ 8222.6209a852.chunk.js:1
window.onblur @ 8222.6209a852.chunk.js:1
23:28:01.740   react-intl-universal key "40e20dd4" not defined in zh
warningHandler @ 9561.4bf2dc71.js:2
value @ 9561.4bf2dc71.js:2
p @ 9561.4bf2dc71.js:2
value @ 8222.6209a852.chunk.js:1
Le @ 9561.4bf2dc71.js:2
(匿名) @ 9561.4bf2dc71.js:2
pe @ 9561.4bf2dc71.js:2
e.track @ 9561.4bf2dc71.js:2
n @ 9561.4bf2dc71.js:2
Xi @ 9561.4bf2dc71.js:2
$i @ 9561.4bf2dc71.js:2
Cs @ 9561.4bf2dc71.js:2
wc @ 9561.4bf2dc71.js:2
_c @ 9561.4bf2dc71.js:2
dc @ 9561.4bf2dc71.js:2
(匿名) @ 9561.4bf2dc71.js:2
t.unstable_runWithPriority @ 9561.4bf2dc71.js:2
qo @ 9561.4bf2dc71.js:2
Xo @ 9561.4bf2dc71.js:2
$o @ 9561.4bf2dc71.js:2
ic @ 9561.4bf2dc71.js:2
enqueueSetState @ 9561.4bf2dc71.js:2
b.setState @ 9561.4bf2dc71.js:2
e.playOrPause @ 8222.6209a852.chunk.js:1
window.onblur @ 8222.6209a852.chunk.js:1
23:28:01.742  commonFull true
23:28:01.743  window.outerWidth 1920
23:28:01.743  screen.availWidth 1920
23:28:01.743  windowF11Full false
23:28:01.743  isFullScreen true
23:28:01.892  
23:28:01.892  由于“保留日志”的原因，已阻止console.clear()
23:28:01.892  
23:28:01.892  由于“保留日志”的原因，已阻止console.clear()
23:28:01.892  (索引)toStringlastIndexdotAllflagsglobalhasIndicesignoreCasemultilinesourcestickyunicodeunicodeSets(索引)toStringlastIndexdotAllflagsglobalhasIndicesignoreCasemultilinesourcestickyunicodeunicodeSetsdepƒ0false''falsefalsefalsefalse' 'falsefalsefalseObject
23:28:01.892  由于“保留日志”的原因，已阻止console.clear()
23:28:01.892  Wed Mar 11 2026 23:27:47 GMT+0800 (中国标准时间)
23:28:01.892  由于“保留日志”的原因，已阻止console.clear()
23:28:01.892  {}
23:28:01.892  由于“保留日志”的原因，已阻止console.clear()
23:28:02.409  
23:28:02.409  由于“保留日志”的原因，已阻止console.clear()
23:28:02.409  
23:28:02.410  由于“保留日志”的原因，已阻止console.clear()
23:28:02.410  (索引)toStringlastIndexdotAllflagsglobalhasIndicesignoreCasemultilinesourcestickyunicodeunicodeSets(索引)toStringlastIndexdotAllflagsglobalhasIndicesignoreCasemultilinesourcestickyunicodeunicodeSetsdepƒ0false''falsefalsefalsefalse' 'falsefalsefalseObject
23:28:02.411  由于“保留日志”的原因，已阻止console.clear()
23:28:02.411  Wed Mar 11 2026 23:27:47 GMT+0800 (中国标准时间)
23:28:02.411  由于“保留日志”的原因，已阻止console.clear()
23:28:02.411  {}
23:28:02.412  由于“保留日志”的原因，已阻止console.clear()
23:28:02.642  [debug 23:28:2 ] 等待课程数据... 15
23:28:02.926  
23:28:02.927  由于“保留日志”的原因，已阻止console.clear()
23:28:02.927  
23:28:02.927  由于“保留日志”的原因，已阻止console.clear()
23:28:02.927  (索引)toStringlastIndexdotAllflagsglobalhasIndicesignoreCasemultilinesourcestickyunicodeunicodeSets(索引)toStringlastIndexdotAllflagsglobalhasIndicesignoreCasemultilinesourcestickyunicodeunicodeSetsdepƒ0false''falsefalsefalsefalse' 'falsefalsefalseObject
23:28:02.928  由于“保留日志”的原因，已阻止console.clear()
23:28:02.928  Wed Mar 11 2026 23:27:47 GMT+0800 (中国标准时间)
23:28:02.928  由于“保留日志”的原因，已阻止console.clear()
23:28:02.929  {}
23:28:02.929  由于“保留日志”的原因，已阻止console.clear()
23:28:03.441  
23:28:03.441  由于“保留日志”的原因，已阻止console.clear()
23:28:03.442  
23:28:03.442  由于“保留日志”的原因，已阻止console.clear()
23:28:03.442  (索引)toStringlastIndexdotAllflagsglobalhasIndicesignoreCasemultilinesourcestickyunicodeunicodeSets(索引)toStringlastIndexdotAllflagsglobalhasIndicesignoreCasemultilinesourcestickyunicodeunicodeSetsdepƒ0false''falsefalsefalsefalse' 'falsefalsefalseObject
23:28:03.443  由于“保留日志”的原因，已阻止console.clear()
23:28:03.443  Wed Mar 11 2026 23:27:47 GMT+0800 (中国标准时间)
23:28:03.444  由于“保留日志”的原因，已阻止console.clear()
23:28:03.444  {}
23:28:03.444  由于“保留日志”的原因，已阻止console.clear()
23:28:03.643  [debug 23:28:3 ] 等待课程数据... 16
23:28:03.958  
23:28:03.958  由于“保留日志”的原因，已阻止console.clear()
23:28:03.958  
23:28:03.958  由于“保留日志”的原因，已阻止console.clear()
23:28:03.958  (索引)toStringlastIndexdotAllflagsglobalhasIndicesignoreCasemultilinesourcestickyunicodeunicodeSets(索引)toStringlastIndexdotAllflagsglobalhasIndicesignoreCasemultilinesourcestickyunicodeunicodeSetsdepƒ0false''falsefalsefalsefalse' 'falsefalsefalseObject
23:28:03.958  由于“保留日志”的原因，已阻止console.clear()
23:28:03.958  Wed Mar 11 2026 23:27:47 GMT+0800 (中国标准时间)
23:28:03.958  由于“保留日志”的原因，已阻止console.clear()
23:28:03.958  {}
23:28:03.959  由于“保留日志”的原因，已阻止console.clear()
23:28:04.472  
23:28:04.473  由于“保留日志”的原因，已阻止console.clear()
23:28:04.473  
23:28:04.473  由于“保留日志”的原因，已阻止console.clear()
23:28:04.473  (索引)toStringlastIndexdotAllflagsglobalhasIndicesignoreCasemultilinesourcestickyunicodeunicodeSets(索引)toStringlastIndexdotAllflagsglobalhasIndicesignoreCasemultilinesourcestickyunicodeunicodeSetsdepƒ0false''falsefalsefalsefalse' 'falsefalsefalseObject
23:28:04.473  由于“保留日志”的原因，已阻止console.clear()
23:28:04.473  Wed Mar 11 2026 23:27:47 GMT+0800 (中国标准时间)
23:28:04.473  由于“保留日志”的原因，已阻止console.clear()
23:28:04.473  {}
23:28:04.473  由于“保留日志”的原因，已阻止console.clear()
23:28:04.643  [debug 23:28:4 ] 等待课程数据... 17
23:28:04.988  
23:28:04.989  由于“保留日志”的原因，已阻止console.clear()
23:28:04.989  
23:28:04.989  由于“保留日志”的原因，已阻止console.clear()
23:28:04.989  (索引)toStringlastIndexdotAllflagsglobalhasIndicesignoreCasemultilinesourcestickyunicodeunicodeSets(索引)toStringlastIndexdotAllflagsglobalhasIndicesignoreCasemultilinesourcestickyunicodeunicodeSetsdepƒ0false''falsefalsefalsefalse' 'falsefalsefalseObject
23:28:04.990  由于“保留日志”的原因，已阻止console.clear()
23:28:04.990  Wed Mar 11 2026 23:27:47 GMT+0800 (中国标准时间)
23:28:04.990  由于“保留日志”的原因，已阻止console.clear()
23:28:04.990  {}
23:28:04.991  由于“保留日志”的原因，已阻止console.clear()
23:28:05.504  
23:28:05.505  由于“保留日志”的原因，已阻止console.clear()
23:28:05.505  
23:28:05.506  由于“保留日志”的原因，已阻止console.clear()
23:28:05.506  (索引)toStringlastIndexdotAllflagsglobalhasIndicesignoreCasemultilinesourcestickyunicodeunicodeSets(索引)toStringlastIndexdotAllflagsglobalhasIndicesignoreCasemultilinesourcestickyunicodeunicodeSetsdepƒ0false''falsefalsefalsefalse' 'falsefalsefalseObject
23:28:05.507  由于“保留日志”的原因，已阻止console.clear()
23:28:05.507  Wed Mar 11 2026 23:27:47 GMT+0800 (中国标准时间)
23:28:05.507  由于“保留日志”的原因，已阻止console.clear()
23:28:05.508  {}
23:28:05.508  由于“保留日志”的原因，已阻止console.clear()
23:28:05.644  [debug 23:28:5 ] 等待课程数据... 18
23:28:06.022  
23:28:06.022  由于“保留日志”的原因，已阻止console.clear()
23:28:06.023  
23:28:06.023  由于“保留日志”的原因，已阻止console.clear()
23:28:06.023  (索引)toStringlastIndexdotAllflagsglobalhasIndicesignoreCasemultilinesourcestickyunicodeunicodeSets(索引)toStringlastIndexdotAllflagsglobalhasIndicesignoreCasemultilinesourcestickyunicodeunicodeSetsdepƒ0false''falsefalsefalsefalse' 'falsefalsefalseObject
23:28:06.024  由于“保留日志”的原因，已阻止console.clear()
23:28:06.024  Wed Mar 11 2026 23:27:47 GMT+0800 (中国标准时间)
23:28:06.024  由于“保留日志”的原因，已阻止console.clear()
23:28:06.024  {}
23:28:06.025  由于“保留日志”的原因，已阻止console.clear()
23:28:06.539  
23:28:06.539  由于“保留日志”的原因，已阻止console.clear()
23:28:06.540  
23:28:06.540  由于“保留日志”的原因，已阻止console.clear()
23:28:06.540  (索引)toStringlastIndexdotAllflagsglobalhasIndicesignoreCasemultilinesourcestickyunicodeunicodeSets(索引)toStringlastIndexdotAllflagsglobalhasIndicesignoreCasemultilinesourcestickyunicodeunicodeSetsdepƒ0false''falsefalsefalsefalse' 'falsefalsefalseObject
23:28:06.541  由于“保留日志”的原因，已阻止console.clear()
23:28:06.541  Wed Mar 11 2026 23:27:47 GMT+0800 (中国标准时间)
23:28:06.541  由于“保留日志”的原因，已阻止console.clear()
23:28:06.542  {}
23:28:06.542  由于“保留日志”的原因，已阻止console.clear()
23:28:06.635  [debug 23:28:6 ] 等待课程数据... 19
23:28:07.043  
23:28:07.044  由于“保留日志”的原因，已阻止console.clear()
23:28:07.044  
23:28:07.044  由于“保留日志”的原因，已阻止console.clear()
23:28:07.045  (索引)toStringlastIndexdotAllflagsglobalhasIndicesignoreCasemultilinesourcestickyunicodeunicodeSets(索引)toStringlastIndexdotAllflagsglobalhasIndicesignoreCasemultilinesourcestickyunicodeunicodeSetsdepƒ0false''falsefalsefalsefalse' 'falsefalsefalseObject
23:28:07.045  由于“保留日志”的原因，已阻止console.clear()
23:28:07.045  Wed Mar 11 2026 23:27:47 GMT+0800 (中国标准时间)
23:28:07.046  由于“保留日志”的原因，已阻止console.clear()
23:28:07.046  {}
23:28:07.046  由于“保留日志”的原因，已阻止console.clear()
23:28:07.558  
23:28:07.559  由于“保留日志”的原因，已阻止console.clear()
23:28:07.559  
23:28:07.559  由于“保留日志”的原因，已阻止console.clear()
23:28:07.559  (索引)toStringlastIndexdotAllflagsglobalhasIndicesignoreCasemultilinesourcestickyunicodeunicodeSets(索引)toStringlastIndexdotAllflagsglobalhasIndicesignoreCasemultilinesourcestickyunicodeunicodeSetsdepƒ0false''falsefalsefalsefalse' 'falsefalsefalseObject
23:28:07.560  由于“保留日志”的原因，已阻止console.clear()
23:28:07.560  Wed Mar 11 2026 23:27:47 GMT+0800 (中国标准时间)
23:28:07.561  由于“保留日志”的原因，已阻止console.clear()
23:28:07.561  {}
23:28:07.561  由于“保留日志”的原因，已阻止console.clear()
23:28:07.636  [debug 23:28:7 ] 等待课程数据... 20
23:28:08.073  
23:28:08.073  由于“保留日志”的原因，已阻止console.clear()
23:28:08.073  
23:28:08.073  由于“保留日志”的原因，已阻止console.clear()
23:28:08.073  (索引)toStringlastIndexdotAllflagsglobalhasIndicesignoreCasemultilinesourcestickyunicodeunicodeSets(索引)toStringlastIndexdotAllflagsglobalhasIndicesignoreCasemultilinesourcestickyunicodeunicodeSetsdepƒ0false''falsefalsefalsefalse' 'falsefalsefalseObject
23:28:08.074  由于“保留日志”的原因，已阻止console.clear()
23:28:08.074  Wed Mar 11 2026 23:27:47 GMT+0800 (中国标准时间)
23:28:08.074  由于“保留日志”的原因，已阻止console.clear()
23:28:08.074  {}
23:28:08.074  由于“保留日志”的原因，已阻止console.clear()
23:28:08.589  
23:28:08.589  由于“保留日志”的原因，已阻止console.clear()
23:28:08.590  
23:28:08.590  由于“保留日志”的原因，已阻止console.clear()
23:28:08.590  (索引)toStringlastIndexdotAllflagsglobalhasIndicesignoreCasemultilinesourcestickyunicodeunicodeSets(索引)toStringlastIndexdotAllflagsglobalhasIndicesignoreCasemultilinesourcestickyunicodeunicodeSetsdepƒ0false''falsefalsefalsefalse' 'falsefalsefalseObject
23:28:08.590  由于“保留日志”的原因，已阻止console.clear()
23:28:08.590  Wed Mar 11 2026 23:27:47 GMT+0800 (中国标准时间)
23:28:08.590  由于“保留日志”的原因，已阻止console.clear()
23:28:08.590  {}
23:28:08.590  由于“保留日志”的原因，已阻止console.clear()
23:28:08.638  [debug 23:28:8 ] 等待课程数据... 21
23:28:08.638   [error 23:28:8 ] 等待课程数据超时
Error @ webpack://cxmooc-too…l/utils/log.ts?:212
eval @ webpack://cxmooc-too…zsgl/course.ts?:193
setInterval
setInterval @ webpack://cxmooc-too…utils/utils.ts?:182
eval @ webpack://cxmooc-too…zsgl/course.ts?:184
eval @ webpack://cxmooc-too…c/zsgl/course.ts?:8
__awaiter @ webpack://cxmooc-too…c/zsgl/course.ts?:4
OperateCard @ webpack://cxmooc-too…zsgl/course.ts?:178
eval @ webpack://cxmooc-too…/zsgl/course.ts?:64
eval @ webpack://cxmooc-too…c/zsgl/course.ts?:8
__awaiter @ webpack://cxmooc-too…c/zsgl/course.ts?:4
eval @ webpack://cxmooc-too…/zsgl/course.ts?:57
23:28:08.639   [warn 23:28:8 ] 未找到对应的课程状态 key
Warn @ webpack://cxmooc-too…l/utils/log.ts?:197
notifyStudyMapCourseComplete @ webpack://cxmooc-too…zsgl/course.ts?:160
eval @ webpack://cxmooc-too…/zsgl/course.ts?:54
eval @ webpack://cxmooc-too…/utils/event.ts?:30
callEvent @ webpack://cxmooc-too…/utils/event.ts?:29
eval @ webpack://cxmooc-too…zsgl/course.ts?:194
setInterval
setInterval @ webpack://cxmooc-too…utils/utils.ts?:182
eval @ webpack://cxmooc-too…zsgl/course.ts?:184
eval @ webpack://cxmooc-too…c/zsgl/course.ts?:8
__awaiter @ webpack://cxmooc-too…c/zsgl/course.ts?:4
OperateCard @ webpack://cxmooc-too…zsgl/course.ts?:178
eval @ webpack://cxmooc-too…/zsgl/course.ts?:64
eval @ webpack://cxmooc-too…c/zsgl/course.ts?:8
__awaiter @ webpack://cxmooc-too…c/zsgl/course.ts?:4
eval @ webpack://cxmooc-too…/zsgl/course.ts?:57
23:28:08.639  [debug 23:28:8 ] courseTaskComplete 当前课程任务完成了
23:28:09.091  
23:28:09.092  由于“保留日志”的原因，已阻止console.clear()
23:28:09.092  
23:28:09.092  由于“保留日志”的原因，已阻止console.clear()
23:28:09.092  (索引)toStringlastIndexdotAllflagsglobalhasIndicesignoreCasemultilinesourcestickyunicodeunicodeSets(索引)toStringlastIndexdotAllflagsglobalhasIndicesignoreCasemultilinesourcestickyunicodeunicodeSetsdepƒ0false''falsefalsefalsefalse' 'falsefalsefalseObject
23:28:09.092  由于“保留日志”的原因，已阻止console.clear()
23:28:09.092  Wed Mar 11 2026 23:27:47 GMT+0800 (中国标准时间)
23:28:09.093  由于“保留日志”的原因，已阻止console.clear()
23:28:09.093  {}
23:28:09.093  由于“保留日志”的原因，已阻止console.clear()
