23:32:05.292 9561.4bf2dc71.js:2 div
23:32:05.293 9561.4bf2dc71.js:2 由于“保留日志”的原因，已阻止console.clear()
23:32:05.293 9561.4bf2dc71.js:2 ƒ l(){}
23:32:05.293 9561.4bf2dc71.js:2 由于“保留日志”的原因，已阻止console.clear()
23:32:05.293 9561.4bf2dc71.js:2 (索引)toStringlastIndexdotAllflagsglobalhasIndicesignoreCasemultilinesourcestickyunicodeunicodeSets(索引)toStringlastIndexdotAllflagsglobalhasIndicesignoreCasemultilinesourcestickyunicodeunicodeSetsdepƒ0false''falsefalsefalsefalse' 'falsefalsefalseObject
23:32:05.293 9561.4bf2dc71.js:2 由于“保留日志”的原因，已阻止console.clear()
23:32:05.293 9561.4bf2dc71.js:2 Wed Mar 11 2026 23:31:50 GMT+0800 (中国标准时间)
23:32:05.293 9561.4bf2dc71.js:2 由于“保留日志”的原因，已阻止console.clear()
23:32:05.293 9561.4bf2dc71.js:2 {}
23:32:05.293 9561.4bf2dc71.js:2 由于“保留日志”的原因，已阻止console.clear()
23:32:05.797 9561.4bf2dc71.js:2 div
23:32:05.797 9561.4bf2dc71.js:2 由于“保留日志”的原因，已阻止console.clear()
23:32:05.798 9561.4bf2dc71.js:2 ƒ l(){}
23:32:05.798 9561.4bf2dc71.js:2 由于“保留日志”的原因，已阻止console.clear()
23:32:05.798 9561.4bf2dc71.js:2 (索引)toStringlastIndexdotAllflagsglobalhasIndicesignoreCasemultilinesourcestickyunicodeunicodeSets(索引)toStringlastIndexdotAllflagsglobalhasIndicesignoreCasemultilinesourcestickyunicodeunicodeSetsdepƒ0false''falsefalsefalsefalse' 'falsefalsefalseObject
23:32:05.798 9561.4bf2dc71.js:2 由于“保留日志”的原因，已阻止console.clear()
23:32:05.799 9561.4bf2dc71.js:2 Wed Mar 11 2026 23:31:50 GMT+0800 (中国标准时间)
23:32:05.799 9561.4bf2dc71.js:2 由于“保留日志”的原因，已阻止console.clear()
23:32:05.799 9561.4bf2dc71.js:2 {}
23:32:05.800 9561.4bf2dc71.js:2 由于“保留日志”的原因，已阻止console.clear()
23:32:06.057 log.ts:197  [warn 23:32:6 ] 请注意!最小化可能导致视频无法正常播放!允许切换窗口.
Warn @ log.ts:197
eval @ mooc.ts:52
23:32:06.057 8222.6209a852.chunk.js:1 document.visibilityState:  hidden
23:32:06.057   react-intl-universal key "b698998e" not defined in zh
warningHandler @ 9561.4bf2dc71.js:2
value @ 9561.4bf2dc71.js:2
p @ 9561.4bf2dc71.js:2
value @ 8222.6209a852.chunk.js:1
Le @ 9561.4bf2dc71.js:2
(匿名) @ 9561.4bf2dc71.js:2
pe @ 9561.4bf2dc71.js:2
e.track @ 9561.4bf2dc71.js:2
n @ 9561.4bf2dc71.js:2
Xi @ 9561.4bf2dc71.js:2
$i @ 9561.4bf2dc71.js:2
Cs @ 9561.4bf2dc71.js:2
wc @ 9561.4bf2dc71.js:2
_c @ 9561.4bf2dc71.js:2
dc @ 9561.4bf2dc71.js:2
(匿名) @ 9561.4bf2dc71.js:2
t.unstable_runWithPriority @ 9561.4bf2dc71.js:2
qo @ 9561.4bf2dc71.js:2
Xo @ 9561.4bf2dc71.js:2
$o @ 9561.4bf2dc71.js:2
ic @ 9561.4bf2dc71.js:2
enqueueSetState @ 9561.4bf2dc71.js:2
b.setState @ 9561.4bf2dc71.js:2
e.stopTimer @ 8222.6209a852.chunk.js:1
e.handlePageVisible @ 8222.6209a852.chunk.js:1
23:32:06.057   react-intl-universal key "7c1b3891" not defined in zh
warningHandler @ 9561.4bf2dc71.js:2
value @ 9561.4bf2dc71.js:2
p @ 9561.4bf2dc71.js:2
value @ 8222.6209a852.chunk.js:1
Le @ 9561.4bf2dc71.js:2
(匿名) @ 9561.4bf2dc71.js:2
pe @ 9561.4bf2dc71.js:2
e.track @ 9561.4bf2dc71.js:2
n @ 9561.4bf2dc71.js:2
Xi @ 9561.4bf2dc71.js:2
$i @ 9561.4bf2dc71.js:2
Cs @ 9561.4bf2dc71.js:2
wc @ 9561.4bf2dc71.js:2
_c @ 9561.4bf2dc71.js:2
dc @ 9561.4bf2dc71.js:2
(匿名) @ 9561.4bf2dc71.js:2
t.unstable_runWithPriority @ 9561.4bf2dc71.js:2
qo @ 9561.4bf2dc71.js:2
Xo @ 9561.4bf2dc71.js:2
$o @ 9561.4bf2dc71.js:2
ic @ 9561.4bf2dc71.js:2
enqueueSetState @ 9561.4bf2dc71.js:2
b.setState @ 9561.4bf2dc71.js:2
e.stopTimer @ 8222.6209a852.chunk.js:1
e.handlePageVisible @ 8222.6209a852.chunk.js:1
23:32:06.058   react-intl-universal key "625fb26b" not defined in zh
warningHandler @ 9561.4bf2dc71.js:2
value @ 9561.4bf2dc71.js:2
p @ 9561.4bf2dc71.js:2
value @ 8222.6209a852.chunk.js:1
Le @ 9561.4bf2dc71.js:2
(匿名) @ 9561.4bf2dc71.js:2
pe @ 9561.4bf2dc71.js:2
e.track @ 9561.4bf2dc71.js:2
n @ 9561.4bf2dc71.js:2
Xi @ 9561.4bf2dc71.js:2
$i @ 9561.4bf2dc71.js:2
Cs @ 9561.4bf2dc71.js:2
wc @ 9561.4bf2dc71.js:2
_c @ 9561.4bf2dc71.js:2
dc @ 9561.4bf2dc71.js:2
(匿名) @ 9561.4bf2dc71.js:2
t.unstable_runWithPriority @ 9561.4bf2dc71.js:2
qo @ 9561.4bf2dc71.js:2
Xo @ 9561.4bf2dc71.js:2
$o @ 9561.4bf2dc71.js:2
ic @ 9561.4bf2dc71.js:2
enqueueSetState @ 9561.4bf2dc71.js:2
b.setState @ 9561.4bf2dc71.js:2
e.stopTimer @ 8222.6209a852.chunk.js:1
e.handlePageVisible @ 8222.6209a852.chunk.js:1
23:32:06.058   react-intl-universal key "aa98ad92" not defined in zh
warningHandler @ 9561.4bf2dc71.js:2
value @ 9561.4bf2dc71.js:2
p @ 9561.4bf2dc71.js:2
value @ 8222.6209a852.chunk.js:1
Le @ 9561.4bf2dc71.js:2
(匿名) @ 9561.4bf2dc71.js:2
pe @ 9561.4bf2dc71.js:2
e.track @ 9561.4bf2dc71.js:2
n @ 9561.4bf2dc71.js:2
Xi @ 9561.4bf2dc71.js:2
$i @ 9561.4bf2dc71.js:2
Cs @ 9561.4bf2dc71.js:2
wc @ 9561.4bf2dc71.js:2
_c @ 9561.4bf2dc71.js:2
dc @ 9561.4bf2dc71.js:2
(匿名) @ 9561.4bf2dc71.js:2
t.unstable_runWithPriority @ 9561.4bf2dc71.js:2
qo @ 9561.4bf2dc71.js:2
Xo @ 9561.4bf2dc71.js:2
$o @ 9561.4bf2dc71.js:2
ic @ 9561.4bf2dc71.js:2
enqueueSetState @ 9561.4bf2dc71.js:2
b.setState @ 9561.4bf2dc71.js:2
e.stopTimer @ 8222.6209a852.chunk.js:1
e.handlePageVisible @ 8222.6209a852.chunk.js:1
23:32:06.058   react-intl-universal key "fe033787" not defined in zh
warningHandler @ 9561.4bf2dc71.js:2
value @ 9561.4bf2dc71.js:2
p @ 9561.4bf2dc71.js:2
value @ 8222.6209a852.chunk.js:1
Le @ 9561.4bf2dc71.js:2
(匿名) @ 9561.4bf2dc71.js:2
pe @ 9561.4bf2dc71.js:2
e.track @ 9561.4bf2dc71.js:2
n @ 9561.4bf2dc71.js:2
Xi @ 9561.4bf2dc71.js:2
$i @ 9561.4bf2dc71.js:2
Cs @ 9561.4bf2dc71.js:2
wc @ 9561.4bf2dc71.js:2
_c @ 9561.4bf2dc71.js:2
dc @ 9561.4bf2dc71.js:2
(匿名) @ 9561.4bf2dc71.js:2
t.unstable_runWithPriority @ 9561.4bf2dc71.js:2
qo @ 9561.4bf2dc71.js:2
Xo @ 9561.4bf2dc71.js:2
$o @ 9561.4bf2dc71.js:2
ic @ 9561.4bf2dc71.js:2
enqueueSetState @ 9561.4bf2dc71.js:2
b.setState @ 9561.4bf2dc71.js:2
e.stopTimer @ 8222.6209a852.chunk.js:1
e.handlePageVisible @ 8222.6209a852.chunk.js:1
23:32:06.058   react-intl-universal key "40e20dd4" not defined in zh
warningHandler @ 9561.4bf2dc71.js:2
value @ 9561.4bf2dc71.js:2
p @ 9561.4bf2dc71.js:2
value @ 8222.6209a852.chunk.js:1
Le @ 9561.4bf2dc71.js:2
(匿名) @ 9561.4bf2dc71.js:2
pe @ 9561.4bf2dc71.js:2
e.track @ 9561.4bf2dc71.js:2
n @ 9561.4bf2dc71.js:2
Xi @ 9561.4bf2dc71.js:2
$i @ 9561.4bf2dc71.js:2
Cs @ 9561.4bf2dc71.js:2
wc @ 9561.4bf2dc71.js:2
_c @ 9561.4bf2dc71.js:2
dc @ 9561.4bf2dc71.js:2
(匿名) @ 9561.4bf2dc71.js:2
t.unstable_runWithPriority @ 9561.4bf2dc71.js:2
qo @ 9561.4bf2dc71.js:2
Xo @ 9561.4bf2dc71.js:2
$o @ 9561.4bf2dc71.js:2
ic @ 9561.4bf2dc71.js:2
enqueueSetState @ 9561.4bf2dc71.js:2
b.setState @ 9561.4bf2dc71.js:2
e.stopTimer @ 8222.6209a852.chunk.js:1
e.handlePageVisible @ 8222.6209a852.chunk.js:1
23:32:06.092 已导航到https://zsgl.lzlj.com/
23:32:06.219 log.ts:179 [debug 23:32:6 ] Start document state: loading
23:32:06.219 mooc.ts:8 create mooc
23:32:06.220 log.ts:188 [info 23:32:6 ] 当前平台：zsgl
23:32:06.220 mooc.ts:30 mooc start ZsglCourse {event: {…}, taskList: Array(0), courseDetailData: Array(0), timerManager: TimerManager, taskIndex: 0}
23:32:06.220 log.ts:179 [debug 23:32:6 ] 初始化course课程任务
23:32:06.220 log.ts:179 [debug 23:32:6 ] 当前页面URL: https://zsgl.lzlj.com/#/home/courseDetail/N006221
23:32:06.220 log.ts:179 [debug 23:32:6 ] 当前页面hash: #/home/courseDetail/N006221
23:32:06.220 log.ts:179 [debug 23:32:6 ] 设置HTTP钩子，监听: queryCourseDetail.do
23:32:06.280 webim.min.js:1 navigator.userAgent=mozilla/5.0 (windows nt 10.0; win64; x64) applewebkit/537.36 (khtml, like gecko) chrome/145.0.0.0 safari/537.36 edg/145.0.0.0
23:32:06.280 webim.min.js:1 BROWSER_INFO: type=chrome, ver=145.0.0.0
23:32:07.355 log.ts:179 [debug 23:32:7 ] 拦截到HTTP请求: /znWeb/znPortal/lang/zh.json
23:32:07.357 9561.4bf2dc71.js:2 div
23:32:07.357 9561.4bf2dc71.js:2 由于“保留日志”的原因，已阻止console.clear()
23:32:07.358 9561.4bf2dc71.js:2 ƒ l(){}
23:32:07.358 9561.4bf2dc71.js:2 由于“保留日志”的原因，已阻止console.clear()
23:32:07.358 main.2faaeed8.js:1 0530-1
23:32:07.358 9561.4bf2dc71.js:2 (索引)toStringlastIndexdotAllflagsglobalhasIndicesignoreCasemultilinesourcestickyunicodeunicodeSets(索引)toStringlastIndexdotAllflagsglobalhasIndicesignoreCasemultilinesourcestickyunicodeunicodeSetsdepƒ0false''falsefalsefalsefalse' 'falsefalsefalseObject
23:32:07.358 9561.4bf2dc71.js:2 由于“保留日志”的原因，已阻止console.clear()
23:32:07.370 main.2faaeed8.js:1 showSearch true
23:32:07.384 9561.4bf2dc71.js:2 Wed Mar 11 2026 23:32:07 GMT+0800 (中国标准时间)
23:32:07.384 9561.4bf2dc71.js:2 由于“保留日志”的原因，已阻止console.clear()
23:32:07.385 log.ts:179 [debug 23:32:7 ] 拦截到HTTP请求: /learn/app/clientapi/home/pc/queryHomeChannelModule.do?pageId=SY0010092&sid=5A670D84669445FC9794E23620100D76&os=99
23:32:07.385 log.ts:179 [debug 23:32:7 ] 拦截到HTTP请求: /learn/app/clientapi/home/getPcGlobalManagement.do?pageId=SY0010092&sid=5A670D84669445FC9794E23620100D76&os=99
23:32:07.386 log.ts:179 [debug 23:32:7 ] 拦截到HTTP请求: /learn/app/getGlobalTimestamp.do?os=99&sid=5A670D84669445FC9794E23620100D76
23:32:07.386 9561.4bf2dc71.js:2 {}
23:32:07.387 9561.4bf2dc71.js:2 由于“保留日志”的原因，已阻止console.clear()
23:32:07.414 main.2faaeed8.js:1 showSearch true
23:32:07.416 log.ts:179 [debug 23:32:7 ] 拦截到HTTP请求: /learn/app/clientapi/home/pc/userPermissions.do?os=99&sid=5A670D84669445FC9794E23620100D76
23:32:07.417 log.ts:179 [debug 23:32:7 ] 拦截到HTTP请求: /learn/app/clientapi/home/pc/queryHomeGlobalInfo.do?pageId=SY0010092&sid=5A670D84669445FC9794E23620100D76&os=99
23:32:07.417 log.ts:179 [debug 23:32:7 ] 拦截到HTTP请求: /learn/app/clientapi/message/getMessageListType.do?sid=5A670D84669445FC9794E23620100D76&os=99
23:32:07.432 log.ts:179 [debug 23:32:7 ] document.addEventListener(load)
23:32:07.433 log.ts:179 [debug 23:32:7 ] OperateCard 课程详情数据长度: 0
23:32:07.433 log.ts:197  [warn 23:32:7 ] 课程详情数据为空，等待数据...
Warn @ log.ts:197
eval @ course.ts:181
eval @ course.ts:8
__awaiter @ course.ts:4
OperateCard @ course.ts:178
eval @ course.ts:64
eval @ course.ts:8
__awaiter @ course.ts:4
eval @ course.ts:57
23:32:07.433 mooc.ts:33 mooc初始化完成 ZsglCourse {event: {…}, taskList: Array(0), courseDetailData: Array(0), timerManager: TimerManager, taskIndex: 0}
23:32:07.433 mooc.ts:34 Next() {
        return new Promise((resolve) => {
            if (this.taskList.length > this.taskIndex) {
                resolve(this.taskList[this.taskIndex]);
                return this.taskInd… 'mooc.Next'
23:32:07.434 log.ts:179 [debug 23:32:7 ] runMoocTask 开始执行任务:
23:32:07.616 main.2faaeed8.js:1 --------------- Wed Mar 11 2026 23:32:07 GMT+0800 (中国标准时间)
23:32:07.617 log.ts:179 [debug 23:32:7 ] 拦截到HTTP请求: /learn/app/clientapi/home/pc/queryUserHomeList.do?time=1773243127616&sid=5A670D84669445FC9794E23620100D76&os=99
23:32:07.624 log.ts:179 [debug 23:32:7 ] 拦截到HTTP请求: /learn/app/clientapi/misc/queryVasOperation2NativeList.do?sid=5A670D84669445FC9794E23620100D76&os=99
23:32:07.852 main.2faaeed8.js:1 showSearch true
23:32:07.862 main.2faaeed8.js:1 showSearch true
23:32:07.878 main.2faaeed8.js:1 com.mlearning.paznluzhoulaojiao appId-------
23:32:07.879 log.ts:179 [debug 23:32:7 ] 拦截到HTTP请求: /learn/app/newPersonDetail.do?sid=5A670D84669445FC9794E23620100D76&os=99
23:32:07.880 log.ts:179 [debug 23:32:7 ] 拦截到HTTP请求: /learn-login/queryUserInfoBound.do?os=99&sid=5A670D84669445FC9794E23620100D76
23:32:07.880 log.ts:179 [debug 23:32:7 ] 拦截到HTTP请求: /learn/app/clientapi/knowledgecloud/home/getPermissionStatus.do?sid=5A670D84669445FC9794E23620100D76&os=99
23:32:07.890 9561.4bf2dc71.js:2 div
23:32:07.890 9561.4bf2dc71.js:2 由于“保留日志”的原因，已阻止console.clear()
23:32:07.890 9561.4bf2dc71.js:2 ƒ l(){}
23:32:07.890 9561.4bf2dc71.js:2 由于“保留日志”的原因，已阻止console.clear()
23:32:07.890 9561.4bf2dc71.js:2 (索引)toStringlastIndexdotAllflagsglobalhasIndicesignoreCasemultilinesourcestickyunicodeunicodeSets(索引)toStringlastIndexdotAllflagsglobalhasIndicesignoreCasemultilinesourcestickyunicodeunicodeSetsdepƒ0false''falsefalsefalsefalse' 'falsefalsefalseObject
23:32:07.890 9561.4bf2dc71.js:2 由于“保留日志”的原因，已阻止console.clear()
23:32:07.890 9561.4bf2dc71.js:2 Wed Mar 11 2026 23:32:07 GMT+0800 (中国标准时间)
23:32:07.890 9561.4bf2dc71.js:2 由于“保留日志”的原因，已阻止console.clear()
23:32:07.890 9561.4bf2dc71.js:2 {}
23:32:07.890 9561.4bf2dc71.js:2 由于“保留日志”的原因，已阻止console.clear()
23:32:08.114 main.2faaeed8.js:1 showSearch true
23:32:08.147 9561.4bf2dc71.js:2  react-intl-universal key "7da531ec" not defined in zh
warningHandler @ 9561.4bf2dc71.js:2
value @ 9561.4bf2dc71.js:2
p @ 9561.4bf2dc71.js:2
16504 @ 2269.5c46b420.chunk.js:1
n @ main.2faaeed8.js:1
79181 @ 8222.6209a852.chunk.js:1
n @ main.2faaeed8.js:1
12491 @ 808.d56623c9.chunk.js:1
n @ main.2faaeed8.js:1
Promise.then
(匿名) @ main.2faaeed8.js:1
(匿名) @ 9561.4bf2dc71.js:2
Cs @ 9561.4bf2dc71.js:2
wc @ 9561.4bf2dc71.js:2
_c @ 9561.4bf2dc71.js:2
dc @ 9561.4bf2dc71.js:2
(匿名) @ 9561.4bf2dc71.js:2
t.unstable_runWithPriority @ 9561.4bf2dc71.js:2
qo @ 9561.4bf2dc71.js:2
Xo @ 9561.4bf2dc71.js:2
$o @ 9561.4bf2dc71.js:2
ic @ 9561.4bf2dc71.js:2
enqueueSetState @ 9561.4bf2dc71.js:2
b.setState @ 9561.4bf2dc71.js:2
(匿名) @ main.2faaeed8.js:1
u @ 9561.4bf2dc71.js:2
(匿名) @ 9561.4bf2dc71.js:2
(匿名) @ 9561.4bf2dc71.js:2
r @ 9561.4bf2dc71.js:2
s @ 9561.4bf2dc71.js:2
Promise.then
r @ 9561.4bf2dc71.js:2
s @ 9561.4bf2dc71.js:2
(匿名) @ 9561.4bf2dc71.js:2
(匿名) @ 9561.4bf2dc71.js:2
(匿名) @ main.2faaeed8.js:1
za @ 9561.4bf2dc71.js:2
$i @ 9561.4bf2dc71.js:2
Cs @ 9561.4bf2dc71.js:2
wc @ 9561.4bf2dc71.js:2
_c @ 9561.4bf2dc71.js:2
dc @ 9561.4bf2dc71.js:2
ic @ 9561.4bf2dc71.js:2
Gc @ 9561.4bf2dc71.js:2
(匿名) @ 9561.4bf2dc71.js:2
pc @ 9561.4bf2dc71.js:2
el @ 9561.4bf2dc71.js:2
render @ 9561.4bf2dc71.js:2
(匿名) @ main.2faaeed8.js:1
u @ 9561.4bf2dc71.js:2
(匿名) @ 9561.4bf2dc71.js:2
(匿名) @ 9561.4bf2dc71.js:2
r @ 9561.4bf2dc71.js:2
s @ 9561.4bf2dc71.js:2
Promise.then
r @ 9561.4bf2dc71.js:2
s @ 9561.4bf2dc71.js:2
(匿名) @ 9561.4bf2dc71.js:2
(匿名) @ 9561.4bf2dc71.js:2
(匿名) @ main.2faaeed8.js:1
(匿名) @ main.2faaeed8.js:1
u @ 9561.4bf2dc71.js:2
(匿名) @ 9561.4bf2dc71.js:2
(匿名) @ 9561.4bf2dc71.js:2
r @ 9561.4bf2dc71.js:2
s @ 9561.4bf2dc71.js:2
Promise.then
r @ 9561.4bf2dc71.js:2
s @ 9561.4bf2dc71.js:2
Promise.then
r @ 9561.4bf2dc71.js:2
s @ 9561.4bf2dc71.js:2
(匿名) @ 9561.4bf2dc71.js:2
(匿名) @ 9561.4bf2dc71.js:2
49209 @ main.2faaeed8.js:1
n @ main.2faaeed8.js:1
(匿名) @ main.2faaeed8.js:1
n.O @ main.2faaeed8.js:1
(匿名) @ main.2faaeed8.js:1
(匿名) @ main.2faaeed8.js:1
(匿名) @ main.2faaeed8.js:1
(匿名) @ main.2faaeed8.js:1
23:32:08.147 9561.4bf2dc71.js:2  react-intl-universal key "9516572f" not defined in zh
warningHandler @ 9561.4bf2dc71.js:2
value @ 9561.4bf2dc71.js:2
p @ 9561.4bf2dc71.js:2
16504 @ 2269.5c46b420.chunk.js:1
n @ main.2faaeed8.js:1
79181 @ 8222.6209a852.chunk.js:1
n @ main.2faaeed8.js:1
12491 @ 808.d56623c9.chunk.js:1
n @ main.2faaeed8.js:1
Promise.then
(匿名) @ main.2faaeed8.js:1
(匿名) @ 9561.4bf2dc71.js:2
Cs @ 9561.4bf2dc71.js:2
wc @ 9561.4bf2dc71.js:2
_c @ 9561.4bf2dc71.js:2
dc @ 9561.4bf2dc71.js:2
(匿名) @ 9561.4bf2dc71.js:2
t.unstable_runWithPriority @ 9561.4bf2dc71.js:2
qo @ 9561.4bf2dc71.js:2
Xo @ 9561.4bf2dc71.js:2
$o @ 9561.4bf2dc71.js:2
ic @ 9561.4bf2dc71.js:2
enqueueSetState @ 9561.4bf2dc71.js:2
b.setState @ 9561.4bf2dc71.js:2
(匿名) @ main.2faaeed8.js:1
u @ 9561.4bf2dc71.js:2
(匿名) @ 9561.4bf2dc71.js:2
(匿名) @ 9561.4bf2dc71.js:2
r @ 9561.4bf2dc71.js:2
s @ 9561.4bf2dc71.js:2
Promise.then
r @ 9561.4bf2dc71.js:2
s @ 9561.4bf2dc71.js:2
(匿名) @ 9561.4bf2dc71.js:2
(匿名) @ 9561.4bf2dc71.js:2
(匿名) @ main.2faaeed8.js:1
za @ 9561.4bf2dc71.js:2
$i @ 9561.4bf2dc71.js:2
Cs @ 9561.4bf2dc71.js:2
wc @ 9561.4bf2dc71.js:2
_c @ 9561.4bf2dc71.js:2
dc @ 9561.4bf2dc71.js:2
ic @ 9561.4bf2dc71.js:2
Gc @ 9561.4bf2dc71.js:2
(匿名) @ 9561.4bf2dc71.js:2
pc @ 9561.4bf2dc71.js:2
el @ 9561.4bf2dc71.js:2
render @ 9561.4bf2dc71.js:2
(匿名) @ main.2faaeed8.js:1
u @ 9561.4bf2dc71.js:2
(匿名) @ 9561.4bf2dc71.js:2
(匿名) @ 9561.4bf2dc71.js:2
r @ 9561.4bf2dc71.js:2
s @ 9561.4bf2dc71.js:2
Promise.then
r @ 9561.4bf2dc71.js:2
s @ 9561.4bf2dc71.js:2
(匿名) @ 9561.4bf2dc71.js:2
(匿名) @ 9561.4bf2dc71.js:2
(匿名) @ main.2faaeed8.js:1
(匿名) @ main.2faaeed8.js:1
u @ 9561.4bf2dc71.js:2
(匿名) @ 9561.4bf2dc71.js:2
(匿名) @ 9561.4bf2dc71.js:2
r @ 9561.4bf2dc71.js:2
s @ 9561.4bf2dc71.js:2
Promise.then
r @ 9561.4bf2dc71.js:2
s @ 9561.4bf2dc71.js:2
Promise.then
r @ 9561.4bf2dc71.js:2
s @ 9561.4bf2dc71.js:2
(匿名) @ 9561.4bf2dc71.js:2
(匿名) @ 9561.4bf2dc71.js:2
49209 @ main.2faaeed8.js:1
n @ main.2faaeed8.js:1
(匿名) @ main.2faaeed8.js:1
n.O @ main.2faaeed8.js:1
(匿名) @ main.2faaeed8.js:1
(匿名) @ main.2faaeed8.js:1
(匿名) @ main.2faaeed8.js:1
(匿名) @ main.2faaeed8.js:1
23:32:08.147 9561.4bf2dc71.js:2  react-intl-universal key "c6dd8b8f" not defined in zh
warningHandler @ 9561.4bf2dc71.js:2
value @ 9561.4bf2dc71.js:2
p @ 9561.4bf2dc71.js:2
16504 @ 2269.5c46b420.chunk.js:1
n @ main.2faaeed8.js:1
79181 @ 8222.6209a852.chunk.js:1
n @ main.2faaeed8.js:1
12491 @ 808.d56623c9.chunk.js:1
n @ main.2faaeed8.js:1
Promise.then
(匿名) @ main.2faaeed8.js:1
(匿名) @ 9561.4bf2dc71.js:2
Cs @ 9561.4bf2dc71.js:2
wc @ 9561.4bf2dc71.js:2
_c @ 9561.4bf2dc71.js:2
dc @ 9561.4bf2dc71.js:2
(匿名) @ 9561.4bf2dc71.js:2
t.unstable_runWithPriority @ 9561.4bf2dc71.js:2
qo @ 9561.4bf2dc71.js:2
Xo @ 9561.4bf2dc71.js:2
$o @ 9561.4bf2dc71.js:2
ic @ 9561.4bf2dc71.js:2
enqueueSetState @ 9561.4bf2dc71.js:2
b.setState @ 9561.4bf2dc71.js:2
(匿名) @ main.2faaeed8.js:1
u @ 9561.4bf2dc71.js:2
(匿名) @ 9561.4bf2dc71.js:2
(匿名) @ 9561.4bf2dc71.js:2
r @ 9561.4bf2dc71.js:2
s @ 9561.4bf2dc71.js:2
Promise.then
r @ 9561.4bf2dc71.js:2
s @ 9561.4bf2dc71.js:2
(匿名) @ 9561.4bf2dc71.js:2
(匿名) @ 9561.4bf2dc71.js:2
(匿名) @ main.2faaeed8.js:1
za @ 9561.4bf2dc71.js:2
$i @ 9561.4bf2dc71.js:2
Cs @ 9561.4bf2dc71.js:2
wc @ 9561.4bf2dc71.js:2
_c @ 9561.4bf2dc71.js:2
dc @ 9561.4bf2dc71.js:2
ic @ 9561.4bf2dc71.js:2
Gc @ 9561.4bf2dc71.js:2
(匿名) @ 9561.4bf2dc71.js:2
pc @ 9561.4bf2dc71.js:2
el @ 9561.4bf2dc71.js:2
render @ 9561.4bf2dc71.js:2
(匿名) @ main.2faaeed8.js:1
u @ 9561.4bf2dc71.js:2
(匿名) @ 9561.4bf2dc71.js:2
(匿名) @ 9561.4bf2dc71.js:2
r @ 9561.4bf2dc71.js:2
s @ 9561.4bf2dc71.js:2
Promise.then
r @ 9561.4bf2dc71.js:2
s @ 9561.4bf2dc71.js:2
(匿名) @ 9561.4bf2dc71.js:2
(匿名) @ 9561.4bf2dc71.js:2
(匿名) @ main.2faaeed8.js:1
(匿名) @ main.2faaeed8.js:1
u @ 9561.4bf2dc71.js:2
(匿名) @ 9561.4bf2dc71.js:2
(匿名) @ 9561.4bf2dc71.js:2
r @ 9561.4bf2dc71.js:2
s @ 9561.4bf2dc71.js:2
Promise.then
r @ 9561.4bf2dc71.js:2
s @ 9561.4bf2dc71.js:2
Promise.then
r @ 9561.4bf2dc71.js:2
s @ 9561.4bf2dc71.js:2
(匿名) @ 9561.4bf2dc71.js:2
(匿名) @ 9561.4bf2dc71.js:2
49209 @ main.2faaeed8.js:1
n @ main.2faaeed8.js:1
(匿名) @ main.2faaeed8.js:1
n.O @ main.2faaeed8.js:1
(匿名) @ main.2faaeed8.js:1
(匿名) @ main.2faaeed8.js:1
(匿名) @ main.2faaeed8.js:1
(匿名) @ main.2faaeed8.js:1
23:32:08.147 9561.4bf2dc71.js:2  react-intl-universal key "f56ec717" not defined in zh
warningHandler @ 9561.4bf2dc71.js:2
value @ 9561.4bf2dc71.js:2
p @ 9561.4bf2dc71.js:2
16504 @ 2269.5c46b420.chunk.js:1
n @ main.2faaeed8.js:1
79181 @ 8222.6209a852.chunk.js:1
n @ main.2faaeed8.js:1
12491 @ 808.d56623c9.chunk.js:1
n @ main.2faaeed8.js:1
Promise.then
(匿名) @ main.2faaeed8.js:1
(匿名) @ 9561.4bf2dc71.js:2
Cs @ 9561.4bf2dc71.js:2
wc @ 9561.4bf2dc71.js:2
_c @ 9561.4bf2dc71.js:2
dc @ 9561.4bf2dc71.js:2
(匿名) @ 9561.4bf2dc71.js:2
t.unstable_runWithPriority @ 9561.4bf2dc71.js:2
qo @ 9561.4bf2dc71.js:2
Xo @ 9561.4bf2dc71.js:2
$o @ 9561.4bf2dc71.js:2
ic @ 9561.4bf2dc71.js:2
enqueueSetState @ 9561.4bf2dc71.js:2
b.setState @ 9561.4bf2dc71.js:2
(匿名) @ main.2faaeed8.js:1
u @ 9561.4bf2dc71.js:2
(匿名) @ 9561.4bf2dc71.js:2
(匿名) @ 9561.4bf2dc71.js:2
r @ 9561.4bf2dc71.js:2
s @ 9561.4bf2dc71.js:2
Promise.then
r @ 9561.4bf2dc71.js:2
s @ 9561.4bf2dc71.js:2
(匿名) @ 9561.4bf2dc71.js:2
(匿名) @ 9561.4bf2dc71.js:2
(匿名) @ main.2faaeed8.js:1
za @ 9561.4bf2dc71.js:2
$i @ 9561.4bf2dc71.js:2
Cs @ 9561.4bf2dc71.js:2
wc @ 9561.4bf2dc71.js:2
_c @ 9561.4bf2dc71.js:2
dc @ 9561.4bf2dc71.js:2
ic @ 9561.4bf2dc71.js:2
Gc @ 9561.4bf2dc71.js:2
(匿名) @ 9561.4bf2dc71.js:2
pc @ 9561.4bf2dc71.js:2
el @ 9561.4bf2dc71.js:2
render @ 9561.4bf2dc71.js:2
(匿名) @ main.2faaeed8.js:1
u @ 9561.4bf2dc71.js:2
(匿名) @ 9561.4bf2dc71.js:2
(匿名) @ 9561.4bf2dc71.js:2
r @ 9561.4bf2dc71.js:2
s @ 9561.4bf2dc71.js:2
Promise.then
r @ 9561.4bf2dc71.js:2
s @ 9561.4bf2dc71.js:2
(匿名) @ 9561.4bf2dc71.js:2
(匿名) @ 9561.4bf2dc71.js:2
(匿名) @ main.2faaeed8.js:1
(匿名) @ main.2faaeed8.js:1
u @ 9561.4bf2dc71.js:2
(匿名) @ 9561.4bf2dc71.js:2
(匿名) @ 9561.4bf2dc71.js:2
r @ 9561.4bf2dc71.js:2
s @ 9561.4bf2dc71.js:2
Promise.then
r @ 9561.4bf2dc71.js:2
s @ 9561.4bf2dc71.js:2
Promise.then
r @ 9561.4bf2dc71.js:2
s @ 9561.4bf2dc71.js:2
(匿名) @ 9561.4bf2dc71.js:2
(匿名) @ 9561.4bf2dc71.js:2
49209 @ main.2faaeed8.js:1
n @ main.2faaeed8.js:1
(匿名) @ main.2faaeed8.js:1
n.O @ main.2faaeed8.js:1
(匿名) @ main.2faaeed8.js:1
(匿名) @ main.2faaeed8.js:1
(匿名) @ main.2faaeed8.js:1
(匿名) @ main.2faaeed8.js:1
23:32:08.147 9561.4bf2dc71.js:2  react-intl-universal key "bd875341" not defined in zh
warningHandler @ 9561.4bf2dc71.js:2
value @ 9561.4bf2dc71.js:2
p @ 9561.4bf2dc71.js:2
16504 @ 2269.5c46b420.chunk.js:1
n @ main.2faaeed8.js:1
79181 @ 8222.6209a852.chunk.js:1
n @ main.2faaeed8.js:1
12491 @ 808.d56623c9.chunk.js:1
n @ main.2faaeed8.js:1
Promise.then
(匿名) @ main.2faaeed8.js:1
(匿名) @ 9561.4bf2dc71.js:2
Cs @ 9561.4bf2dc71.js:2
wc @ 9561.4bf2dc71.js:2
_c @ 9561.4bf2dc71.js:2
dc @ 9561.4bf2dc71.js:2
(匿名) @ 9561.4bf2dc71.js:2
t.unstable_runWithPriority @ 9561.4bf2dc71.js:2
qo @ 9561.4bf2dc71.js:2
Xo @ 9561.4bf2dc71.js:2
$o @ 9561.4bf2dc71.js:2
ic @ 9561.4bf2dc71.js:2
enqueueSetState @ 9561.4bf2dc71.js:2
b.setState @ 9561.4bf2dc71.js:2
(匿名) @ main.2faaeed8.js:1
u @ 9561.4bf2dc71.js:2
(匿名) @ 9561.4bf2dc71.js:2
(匿名) @ 9561.4bf2dc71.js:2
r @ 9561.4bf2dc71.js:2
s @ 9561.4bf2dc71.js:2
Promise.then
r @ 9561.4bf2dc71.js:2
s @ 9561.4bf2dc71.js:2
(匿名) @ 9561.4bf2dc71.js:2
(匿名) @ 9561.4bf2dc71.js:2
(匿名) @ main.2faaeed8.js:1
za @ 9561.4bf2dc71.js:2
$i @ 9561.4bf2dc71.js:2
Cs @ 9561.4bf2dc71.js:2
wc @ 9561.4bf2dc71.js:2
_c @ 9561.4bf2dc71.js:2
dc @ 9561.4bf2dc71.js:2
ic @ 9561.4bf2dc71.js:2
Gc @ 9561.4bf2dc71.js:2
(匿名) @ 9561.4bf2dc71.js:2
pc @ 9561.4bf2dc71.js:2
el @ 9561.4bf2dc71.js:2
render @ 9561.4bf2dc71.js:2
(匿名) @ main.2faaeed8.js:1
u @ 9561.4bf2dc71.js:2
(匿名) @ 9561.4bf2dc71.js:2
(匿名) @ 9561.4bf2dc71.js:2
r @ 9561.4bf2dc71.js:2
s @ 9561.4bf2dc71.js:2
Promise.then
r @ 9561.4bf2dc71.js:2
s @ 9561.4bf2dc71.js:2
(匿名) @ 9561.4bf2dc71.js:2
(匿名) @ 9561.4bf2dc71.js:2
(匿名) @ main.2faaeed8.js:1
(匿名) @ main.2faaeed8.js:1
u @ 9561.4bf2dc71.js:2
(匿名) @ 9561.4bf2dc71.js:2
(匿名) @ 9561.4bf2dc71.js:2
r @ 9561.4bf2dc71.js:2
s @ 9561.4bf2dc71.js:2
Promise.then
r @ 9561.4bf2dc71.js:2
s @ 9561.4bf2dc71.js:2
Promise.then
r @ 9561.4bf2dc71.js:2
s @ 9561.4bf2dc71.js:2
(匿名) @ 9561.4bf2dc71.js:2
(匿名) @ 9561.4bf2dc71.js:2
49209 @ main.2faaeed8.js:1
n @ main.2faaeed8.js:1
(匿名) @ main.2faaeed8.js:1
n.O @ main.2faaeed8.js:1
(匿名) @ main.2faaeed8.js:1
(匿名) @ main.2faaeed8.js:1
(匿名) @ main.2faaeed8.js:1
(匿名) @ main.2faaeed8.js:1
23:32:08.164 9561.4bf2dc71.js:2  react-intl-universal key "e2d15efb" not defined in zh
warningHandler @ 9561.4bf2dc71.js:2
value @ 9561.4bf2dc71.js:2
p @ 9561.4bf2dc71.js:2
value @ 808.d56623c9.chunk.js:1
Xi @ 9561.4bf2dc71.js:2
$i @ 9561.4bf2dc71.js:2
Cs @ 9561.4bf2dc71.js:2
wc @ 9561.4bf2dc71.js:2
_c @ 9561.4bf2dc71.js:2
dc @ 9561.4bf2dc71.js:2
(匿名) @ 9561.4bf2dc71.js:2
t.unstable_runWithPriority @ 9561.4bf2dc71.js:2
qo @ 9561.4bf2dc71.js:2
Xo @ 9561.4bf2dc71.js:2
$o @ 9561.4bf2dc71.js:2
fc @ 9561.4bf2dc71.js:2
We @ 9561.4bf2dc71.js:2
Ue @ 9561.4bf2dc71.js:2
He @ 9561.4bf2dc71.js:2
e.reportChanged @ 9561.4bf2dc71.js:2
t.setNewValue @ 9561.4bf2dc71.js:2
e.write @ 9561.4bf2dc71.js:2
set @ 9561.4bf2dc71.js:2
(匿名) @ main.2faaeed8.js:1
u @ 9561.4bf2dc71.js:2
(匿名) @ 9561.4bf2dc71.js:2
(匿名) @ 9561.4bf2dc71.js:2
r @ 9561.4bf2dc71.js:2
s @ 9561.4bf2dc71.js:2
Promise.then
r @ 9561.4bf2dc71.js:2
s @ 9561.4bf2dc71.js:2
(匿名) @ 9561.4bf2dc71.js:2
(匿名) @ 9561.4bf2dc71.js:2
Ee @ 9561.4bf2dc71.js:2
n @ 9561.4bf2dc71.js:2
(匿名) @ main.2faaeed8.js:1
setTimeout
value @ main.2faaeed8.js:1
Ee @ 9561.4bf2dc71.js:2
n @ 9561.4bf2dc71.js:2
(匿名) @ main.2faaeed8.js:1
u @ 9561.4bf2dc71.js:2
(匿名) @ 9561.4bf2dc71.js:2
(匿名) @ 9561.4bf2dc71.js:2
r @ 9561.4bf2dc71.js:2
s @ 9561.4bf2dc71.js:2
(匿名) @ 9561.4bf2dc71.js:2
(匿名) @ 9561.4bf2dc71.js:2
(匿名) @ main.2faaeed8.js:1
Ee @ 9561.4bf2dc71.js:2
n @ 9561.4bf2dc71.js:2
(匿名) @ main.2faaeed8.js:1
u @ 9561.4bf2dc71.js:2
(匿名) @ 9561.4bf2dc71.js:2
(匿名) @ 9561.4bf2dc71.js:2
r @ 9561.4bf2dc71.js:2
s @ 9561.4bf2dc71.js:2
Promise.then
r @ 9561.4bf2dc71.js:2
s @ 9561.4bf2dc71.js:2
Promise.then
r @ 9561.4bf2dc71.js:2
s @ 9561.4bf2dc71.js:2
Promise.then
r @ 9561.4bf2dc71.js:2
s @ 9561.4bf2dc71.js:2
(匿名) @ 9561.4bf2dc71.js:2
(匿名) @ 9561.4bf2dc71.js:2
value @ main.2faaeed8.js:1
F @ 9561.4bf2dc71.js:2
(匿名) @ 9561.4bf2dc71.js:2
Ec @ 9561.4bf2dc71.js:2
t.unstable_runWithPriority @ 9561.4bf2dc71.js:2
qo @ 9561.4bf2dc71.js:2
kc @ 9561.4bf2dc71.js:2
dc @ 9561.4bf2dc71.js:2
ic @ 9561.4bf2dc71.js:2
Gc @ 9561.4bf2dc71.js:2
(匿名) @ 9561.4bf2dc71.js:2
pc @ 9561.4bf2dc71.js:2
el @ 9561.4bf2dc71.js:2
render @ 9561.4bf2dc71.js:2
(匿名) @ main.2faaeed8.js:1
u @ 9561.4bf2dc71.js:2
(匿名) @ 9561.4bf2dc71.js:2
(匿名) @ 9561.4bf2dc71.js:2
r @ 9561.4bf2dc71.js:2
s @ 9561.4bf2dc71.js:2
Promise.then
r @ 9561.4bf2dc71.js:2
s @ 9561.4bf2dc71.js:2
(匿名) @ 9561.4bf2dc71.js:2
(匿名) @ 9561.4bf2dc71.js:2
(匿名) @ main.2faaeed8.js:1
(匿名) @ main.2faaeed8.js:1
u @ 9561.4bf2dc71.js:2
(匿名) @ 9561.4bf2dc71.js:2
(匿名) @ 9561.4bf2dc71.js:2
r @ 9561.4bf2dc71.js:2
s @ 9561.4bf2dc71.js:2
Promise.then
r @ 9561.4bf2dc71.js:2
s @ 9561.4bf2dc71.js:2
Promise.then
r @ 9561.4bf2dc71.js:2
s @ 9561.4bf2dc71.js:2
(匿名) @ 9561.4bf2dc71.js:2
(匿名) @ 9561.4bf2dc71.js:2
49209 @ main.2faaeed8.js:1
n @ main.2faaeed8.js:1
(匿名) @ main.2faaeed8.js:1
n.O @ main.2faaeed8.js:1
(匿名) @ main.2faaeed8.js:1
(匿名) @ main.2faaeed8.js:1
(匿名) @ main.2faaeed8.js:1
(匿名) @ main.2faaeed8.js:1
23:32:08.165 9561.4bf2dc71.js:2  react-intl-universal key "f5444d4a" not defined in zh
warningHandler @ 9561.4bf2dc71.js:2
value @ 9561.4bf2dc71.js:2
p @ 9561.4bf2dc71.js:2
value @ 808.d56623c9.chunk.js:1
Xi @ 9561.4bf2dc71.js:2
$i @ 9561.4bf2dc71.js:2
Cs @ 9561.4bf2dc71.js:2
wc @ 9561.4bf2dc71.js:2
_c @ 9561.4bf2dc71.js:2
dc @ 9561.4bf2dc71.js:2
(匿名) @ 9561.4bf2dc71.js:2
t.unstable_runWithPriority @ 9561.4bf2dc71.js:2
qo @ 9561.4bf2dc71.js:2
Xo @ 9561.4bf2dc71.js:2
$o @ 9561.4bf2dc71.js:2
fc @ 9561.4bf2dc71.js:2
We @ 9561.4bf2dc71.js:2
Ue @ 9561.4bf2dc71.js:2
He @ 9561.4bf2dc71.js:2
e.reportChanged @ 9561.4bf2dc71.js:2
t.setNewValue @ 9561.4bf2dc71.js:2
e.write @ 9561.4bf2dc71.js:2
set @ 9561.4bf2dc71.js:2
(匿名) @ main.2faaeed8.js:1
u @ 9561.4bf2dc71.js:2
(匿名) @ 9561.4bf2dc71.js:2
(匿名) @ 9561.4bf2dc71.js:2
r @ 9561.4bf2dc71.js:2
s @ 9561.4bf2dc71.js:2
Promise.then
r @ 9561.4bf2dc71.js:2
s @ 9561.4bf2dc71.js:2
(匿名) @ 9561.4bf2dc71.js:2
(匿名) @ 9561.4bf2dc71.js:2
Ee @ 9561.4bf2dc71.js:2
n @ 9561.4bf2dc71.js:2
(匿名) @ main.2faaeed8.js:1
setTimeout
value @ main.2faaeed8.js:1
Ee @ 9561.4bf2dc71.js:2
n @ 9561.4bf2dc71.js:2
(匿名) @ main.2faaeed8.js:1
u @ 9561.4bf2dc71.js:2
(匿名) @ 9561.4bf2dc71.js:2
(匿名) @ 9561.4bf2dc71.js:2
r @ 9561.4bf2dc71.js:2
s @ 9561.4bf2dc71.js:2
(匿名) @ 9561.4bf2dc71.js:2
(匿名) @ 9561.4bf2dc71.js:2
(匿名) @ main.2faaeed8.js:1
Ee @ 9561.4bf2dc71.js:2
n @ 9561.4bf2dc71.js:2
(匿名) @ main.2faaeed8.js:1
u @ 9561.4bf2dc71.js:2
(匿名) @ 9561.4bf2dc71.js:2
(匿名) @ 9561.4bf2dc71.js:2
r @ 9561.4bf2dc71.js:2
s @ 9561.4bf2dc71.js:2
Promise.then
r @ 9561.4bf2dc71.js:2
s @ 9561.4bf2dc71.js:2
Promise.then
r @ 9561.4bf2dc71.js:2
s @ 9561.4bf2dc71.js:2
Promise.then
r @ 9561.4bf2dc71.js:2
s @ 9561.4bf2dc71.js:2
(匿名) @ 9561.4bf2dc71.js:2
(匿名) @ 9561.4bf2dc71.js:2
value @ main.2faaeed8.js:1
F @ 9561.4bf2dc71.js:2
(匿名) @ 9561.4bf2dc71.js:2
Ec @ 9561.4bf2dc71.js:2
t.unstable_runWithPriority @ 9561.4bf2dc71.js:2
qo @ 9561.4bf2dc71.js:2
kc @ 9561.4bf2dc71.js:2
dc @ 9561.4bf2dc71.js:2
ic @ 9561.4bf2dc71.js:2
Gc @ 9561.4bf2dc71.js:2
(匿名) @ 9561.4bf2dc71.js:2
pc @ 9561.4bf2dc71.js:2
el @ 9561.4bf2dc71.js:2
render @ 9561.4bf2dc71.js:2
(匿名) @ main.2faaeed8.js:1
u @ 9561.4bf2dc71.js:2
(匿名) @ 9561.4bf2dc71.js:2
(匿名) @ 9561.4bf2dc71.js:2
r @ 9561.4bf2dc71.js:2
s @ 9561.4bf2dc71.js:2
Promise.then
r @ 9561.4bf2dc71.js:2
s @ 9561.4bf2dc71.js:2
(匿名) @ 9561.4bf2dc71.js:2
(匿名) @ 9561.4bf2dc71.js:2
(匿名) @ main.2faaeed8.js:1
(匿名) @ main.2faaeed8.js:1
u @ 9561.4bf2dc71.js:2
(匿名) @ 9561.4bf2dc71.js:2
(匿名) @ 9561.4bf2dc71.js:2
r @ 9561.4bf2dc71.js:2
s @ 9561.4bf2dc71.js:2
Promise.then
r @ 9561.4bf2dc71.js:2
s @ 9561.4bf2dc71.js:2
Promise.then
r @ 9561.4bf2dc71.js:2
s @ 9561.4bf2dc71.js:2
(匿名) @ 9561.4bf2dc71.js:2
(匿名) @ 9561.4bf2dc71.js:2
49209 @ main.2faaeed8.js:1
n @ main.2faaeed8.js:1
(匿名) @ main.2faaeed8.js:1
n.O @ main.2faaeed8.js:1
(匿名) @ main.2faaeed8.js:1
(匿名) @ main.2faaeed8.js:1
(匿名) @ main.2faaeed8.js:1
(匿名) @ main.2faaeed8.js:1
23:32:08.165 9561.4bf2dc71.js:2  react-intl-universal key "1655dd5f" not defined in zh
warningHandler @ 9561.4bf2dc71.js:2
value @ 9561.4bf2dc71.js:2
p @ 9561.4bf2dc71.js:2
value @ 808.d56623c9.chunk.js:1
Xi @ 9561.4bf2dc71.js:2
$i @ 9561.4bf2dc71.js:2
Cs @ 9561.4bf2dc71.js:2
wc @ 9561.4bf2dc71.js:2
_c @ 9561.4bf2dc71.js:2
dc @ 9561.4bf2dc71.js:2
(匿名) @ 9561.4bf2dc71.js:2
t.unstable_runWithPriority @ 9561.4bf2dc71.js:2
qo @ 9561.4bf2dc71.js:2
Xo @ 9561.4bf2dc71.js:2
$o @ 9561.4bf2dc71.js:2
fc @ 9561.4bf2dc71.js:2
We @ 9561.4bf2dc71.js:2
Ue @ 9561.4bf2dc71.js:2
He @ 9561.4bf2dc71.js:2
e.reportChanged @ 9561.4bf2dc71.js:2
t.setNewValue @ 9561.4bf2dc71.js:2
e.write @ 9561.4bf2dc71.js:2
set @ 9561.4bf2dc71.js:2
(匿名) @ main.2faaeed8.js:1
u @ 9561.4bf2dc71.js:2
(匿名) @ 9561.4bf2dc71.js:2
(匿名) @ 9561.4bf2dc71.js:2
r @ 9561.4bf2dc71.js:2
s @ 9561.4bf2dc71.js:2
Promise.then
r @ 9561.4bf2dc71.js:2
s @ 9561.4bf2dc71.js:2
(匿名) @ 9561.4bf2dc71.js:2
(匿名) @ 9561.4bf2dc71.js:2
Ee @ 9561.4bf2dc71.js:2
n @ 9561.4bf2dc71.js:2
(匿名) @ main.2faaeed8.js:1
setTimeout
value @ main.2faaeed8.js:1
Ee @ 9561.4bf2dc71.js:2
n @ 9561.4bf2dc71.js:2
(匿名) @ main.2faaeed8.js:1
u @ 9561.4bf2dc71.js:2
(匿名) @ 9561.4bf2dc71.js:2
(匿名) @ 9561.4bf2dc71.js:2
r @ 9561.4bf2dc71.js:2
s @ 9561.4bf2dc71.js:2
(匿名) @ 9561.4bf2dc71.js:2
(匿名) @ 9561.4bf2dc71.js:2
(匿名) @ main.2faaeed8.js:1
Ee @ 9561.4bf2dc71.js:2
n @ 9561.4bf2dc71.js:2
(匿名) @ main.2faaeed8.js:1
u @ 9561.4bf2dc71.js:2
(匿名) @ 9561.4bf2dc71.js:2
(匿名) @ 9561.4bf2dc71.js:2
r @ 9561.4bf2dc71.js:2
s @ 9561.4bf2dc71.js:2
Promise.then
r @ 9561.4bf2dc71.js:2
s @ 9561.4bf2dc71.js:2
Promise.then
r @ 9561.4bf2dc71.js:2
s @ 9561.4bf2dc71.js:2
Promise.then
r @ 9561.4bf2dc71.js:2
s @ 9561.4bf2dc71.js:2
(匿名) @ 9561.4bf2dc71.js:2
(匿名) @ 9561.4bf2dc71.js:2
value @ main.2faaeed8.js:1
F @ 9561.4bf2dc71.js:2
(匿名) @ 9561.4bf2dc71.js:2
Ec @ 9561.4bf2dc71.js:2
t.unstable_runWithPriority @ 9561.4bf2dc71.js:2
qo @ 9561.4bf2dc71.js:2
kc @ 9561.4bf2dc71.js:2
dc @ 9561.4bf2dc71.js:2
ic @ 9561.4bf2dc71.js:2
Gc @ 9561.4bf2dc71.js:2
(匿名) @ 9561.4bf2dc71.js:2
pc @ 9561.4bf2dc71.js:2
el @ 9561.4bf2dc71.js:2
render @ 9561.4bf2dc71.js:2
(匿名) @ main.2faaeed8.js:1
u @ 9561.4bf2dc71.js:2
(匿名) @ 9561.4bf2dc71.js:2
(匿名) @ 9561.4bf2dc71.js:2
r @ 9561.4bf2dc71.js:2
s @ 9561.4bf2dc71.js:2
Promise.then
r @ 9561.4bf2dc71.js:2
s @ 9561.4bf2dc71.js:2
(匿名) @ 9561.4bf2dc71.js:2
(匿名) @ 9561.4bf2dc71.js:2
(匿名) @ main.2faaeed8.js:1
(匿名) @ main.2faaeed8.js:1
u @ 9561.4bf2dc71.js:2
(匿名) @ 9561.4bf2dc71.js:2
(匿名) @ 9561.4bf2dc71.js:2
r @ 9561.4bf2dc71.js:2
s @ 9561.4bf2dc71.js:2
Promise.then
r @ 9561.4bf2dc71.js:2
s @ 9561.4bf2dc71.js:2
Promise.then
r @ 9561.4bf2dc71.js:2
s @ 9561.4bf2dc71.js:2
(匿名) @ 9561.4bf2dc71.js:2
(匿名) @ 9561.4bf2dc71.js:2
49209 @ main.2faaeed8.js:1
n @ main.2faaeed8.js:1
(匿名) @ main.2faaeed8.js:1
n.O @ main.2faaeed8.js:1
(匿名) @ main.2faaeed8.js:1
(匿名) @ main.2faaeed8.js:1
(匿名) @ main.2faaeed8.js:1
(匿名) @ main.2faaeed8.js:1
23:32:08.165 9561.4bf2dc71.js:2  react-intl-universal key "e7d2e85a" not defined in zh
warningHandler @ 9561.4bf2dc71.js:2
value @ 9561.4bf2dc71.js:2
p @ 9561.4bf2dc71.js:2
value @ 808.d56623c9.chunk.js:1
Xi @ 9561.4bf2dc71.js:2
$i @ 9561.4bf2dc71.js:2
Cs @ 9561.4bf2dc71.js:2
wc @ 9561.4bf2dc71.js:2
_c @ 9561.4bf2dc71.js:2
dc @ 9561.4bf2dc71.js:2
(匿名) @ 9561.4bf2dc71.js:2
t.unstable_runWithPriority @ 9561.4bf2dc71.js:2
qo @ 9561.4bf2dc71.js:2
Xo @ 9561.4bf2dc71.js:2
$o @ 9561.4bf2dc71.js:2
fc @ 9561.4bf2dc71.js:2
We @ 9561.4bf2dc71.js:2
Ue @ 9561.4bf2dc71.js:2
He @ 9561.4bf2dc71.js:2
e.reportChanged @ 9561.4bf2dc71.js:2
t.setNewValue @ 9561.4bf2dc71.js:2
e.write @ 9561.4bf2dc71.js:2
set @ 9561.4bf2dc71.js:2
(匿名) @ main.2faaeed8.js:1
u @ 9561.4bf2dc71.js:2
(匿名) @ 9561.4bf2dc71.js:2
(匿名) @ 9561.4bf2dc71.js:2
r @ 9561.4bf2dc71.js:2
s @ 9561.4bf2dc71.js:2
Promise.then
r @ 9561.4bf2dc71.js:2
s @ 9561.4bf2dc71.js:2
(匿名) @ 9561.4bf2dc71.js:2
(匿名) @ 9561.4bf2dc71.js:2
Ee @ 9561.4bf2dc71.js:2
n @ 9561.4bf2dc71.js:2
(匿名) @ main.2faaeed8.js:1
setTimeout
value @ main.2faaeed8.js:1
Ee @ 9561.4bf2dc71.js:2
n @ 9561.4bf2dc71.js:2
(匿名) @ main.2faaeed8.js:1
u @ 9561.4bf2dc71.js:2
(匿名) @ 9561.4bf2dc71.js:2
(匿名) @ 9561.4bf2dc71.js:2
r @ 9561.4bf2dc71.js:2
s @ 9561.4bf2dc71.js:2
(匿名) @ 9561.4bf2dc71.js:2
(匿名) @ 9561.4bf2dc71.js:2
(匿名) @ main.2faaeed8.js:1
Ee @ 9561.4bf2dc71.js:2
n @ 9561.4bf2dc71.js:2
(匿名) @ main.2faaeed8.js:1
u @ 9561.4bf2dc71.js:2
(匿名) @ 9561.4bf2dc71.js:2
(匿名) @ 9561.4bf2dc71.js:2
r @ 9561.4bf2dc71.js:2
s @ 9561.4bf2dc71.js:2
Promise.then
r @ 9561.4bf2dc71.js:2
s @ 9561.4bf2dc71.js:2
Promise.then
r @ 9561.4bf2dc71.js:2
s @ 9561.4bf2dc71.js:2
Promise.then
r @ 9561.4bf2dc71.js:2
s @ 9561.4bf2dc71.js:2
(匿名) @ 9561.4bf2dc71.js:2
(匿名) @ 9561.4bf2dc71.js:2
value @ main.2faaeed8.js:1
F @ 9561.4bf2dc71.js:2
(匿名) @ 9561.4bf2dc71.js:2
Ec @ 9561.4bf2dc71.js:2
t.unstable_runWithPriority @ 9561.4bf2dc71.js:2
qo @ 9561.4bf2dc71.js:2
kc @ 9561.4bf2dc71.js:2
dc @ 9561.4bf2dc71.js:2
ic @ 9561.4bf2dc71.js:2
Gc @ 9561.4bf2dc71.js:2
(匿名) @ 9561.4bf2dc71.js:2
pc @ 9561.4bf2dc71.js:2
el @ 9561.4bf2dc71.js:2
render @ 9561.4bf2dc71.js:2
(匿名) @ main.2faaeed8.js:1
u @ 9561.4bf2dc71.js:2
(匿名) @ 9561.4bf2dc71.js:2
(匿名) @ 9561.4bf2dc71.js:2
r @ 9561.4bf2dc71.js:2
s @ 9561.4bf2dc71.js:2
Promise.then
r @ 9561.4bf2dc71.js:2
s @ 9561.4bf2dc71.js:2
(匿名) @ 9561.4bf2dc71.js:2
(匿名) @ 9561.4bf2dc71.js:2
(匿名) @ main.2faaeed8.js:1
(匿名) @ main.2faaeed8.js:1
u @ 9561.4bf2dc71.js:2
(匿名) @ 9561.4bf2dc71.js:2
(匿名) @ 9561.4bf2dc71.js:2
r @ 9561.4bf2dc71.js:2
s @ 9561.4bf2dc71.js:2
Promise.then
r @ 9561.4bf2dc71.js:2
s @ 9561.4bf2dc71.js:2
Promise.then
r @ 9561.4bf2dc71.js:2
s @ 9561.4bf2dc71.js:2
(匿名) @ 9561.4bf2dc71.js:2
(匿名) @ 9561.4bf2dc71.js:2
49209 @ main.2faaeed8.js:1
n @ main.2faaeed8.js:1
(匿名) @ main.2faaeed8.js:1
n.O @ main.2faaeed8.js:1
(匿名) @ main.2faaeed8.js:1
(匿名) @ main.2faaeed8.js:1
(匿名) @ main.2faaeed8.js:1
(匿名) @ main.2faaeed8.js:1
23:32:08.169 9561.4bf2dc71.js:2  react-intl-universal key "447595d5" not defined in zh
warningHandler @ 9561.4bf2dc71.js:2
value @ 9561.4bf2dc71.js:2
p @ 9561.4bf2dc71.js:2
(匿名) @ 8222.6209a852.chunk.js:1
hi @ 9561.4bf2dc71.js:2
Cs @ 9561.4bf2dc71.js:2
wc @ 9561.4bf2dc71.js:2
_c @ 9561.4bf2dc71.js:2
dc @ 9561.4bf2dc71.js:2
(匿名) @ 9561.4bf2dc71.js:2
t.unstable_runWithPriority @ 9561.4bf2dc71.js:2
qo @ 9561.4bf2dc71.js:2
Xo @ 9561.4bf2dc71.js:2
$o @ 9561.4bf2dc71.js:2
fc @ 9561.4bf2dc71.js:2
We @ 9561.4bf2dc71.js:2
Ue @ 9561.4bf2dc71.js:2
He @ 9561.4bf2dc71.js:2
e.reportChanged @ 9561.4bf2dc71.js:2
t.setNewValue @ 9561.4bf2dc71.js:2
e.write @ 9561.4bf2dc71.js:2
set @ 9561.4bf2dc71.js:2
(匿名) @ main.2faaeed8.js:1
u @ 9561.4bf2dc71.js:2
(匿名) @ 9561.4bf2dc71.js:2
(匿名) @ 9561.4bf2dc71.js:2
r @ 9561.4bf2dc71.js:2
s @ 9561.4bf2dc71.js:2
Promise.then
r @ 9561.4bf2dc71.js:2
s @ 9561.4bf2dc71.js:2
(匿名) @ 9561.4bf2dc71.js:2
(匿名) @ 9561.4bf2dc71.js:2
Ee @ 9561.4bf2dc71.js:2
n @ 9561.4bf2dc71.js:2
(匿名) @ main.2faaeed8.js:1
setTimeout
value @ main.2faaeed8.js:1
Ee @ 9561.4bf2dc71.js:2
n @ 9561.4bf2dc71.js:2
(匿名) @ main.2faaeed8.js:1
u @ 9561.4bf2dc71.js:2
(匿名) @ 9561.4bf2dc71.js:2
(匿名) @ 9561.4bf2dc71.js:2
r @ 9561.4bf2dc71.js:2
s @ 9561.4bf2dc71.js:2
(匿名) @ 9561.4bf2dc71.js:2
(匿名) @ 9561.4bf2dc71.js:2
(匿名) @ main.2faaeed8.js:1
Ee @ 9561.4bf2dc71.js:2
n @ 9561.4bf2dc71.js:2
(匿名) @ main.2faaeed8.js:1
u @ 9561.4bf2dc71.js:2
(匿名) @ 9561.4bf2dc71.js:2
(匿名) @ 9561.4bf2dc71.js:2
r @ 9561.4bf2dc71.js:2
s @ 9561.4bf2dc71.js:2
Promise.then
r @ 9561.4bf2dc71.js:2
s @ 9561.4bf2dc71.js:2
Promise.then
r @ 9561.4bf2dc71.js:2
s @ 9561.4bf2dc71.js:2
Promise.then
r @ 9561.4bf2dc71.js:2
s @ 9561.4bf2dc71.js:2
(匿名) @ 9561.4bf2dc71.js:2
(匿名) @ 9561.4bf2dc71.js:2
value @ main.2faaeed8.js:1
F @ 9561.4bf2dc71.js:2
(匿名) @ 9561.4bf2dc71.js:2
Ec @ 9561.4bf2dc71.js:2
t.unstable_runWithPriority @ 9561.4bf2dc71.js:2
qo @ 9561.4bf2dc71.js:2
kc @ 9561.4bf2dc71.js:2
dc @ 9561.4bf2dc71.js:2
ic @ 9561.4bf2dc71.js:2
Gc @ 9561.4bf2dc71.js:2
(匿名) @ 9561.4bf2dc71.js:2
pc @ 9561.4bf2dc71.js:2
el @ 9561.4bf2dc71.js:2
render @ 9561.4bf2dc71.js:2
(匿名) @ main.2faaeed8.js:1
u @ 9561.4bf2dc71.js:2
(匿名) @ 9561.4bf2dc71.js:2
(匿名) @ 9561.4bf2dc71.js:2
r @ 9561.4bf2dc71.js:2
s @ 9561.4bf2dc71.js:2
Promise.then
r @ 9561.4bf2dc71.js:2
s @ 9561.4bf2dc71.js:2
(匿名) @ 9561.4bf2dc71.js:2
(匿名) @ 9561.4bf2dc71.js:2
(匿名) @ main.2faaeed8.js:1
(匿名) @ main.2faaeed8.js:1
u @ 9561.4bf2dc71.js:2
(匿名) @ 9561.4bf2dc71.js:2
(匿名) @ 9561.4bf2dc71.js:2
r @ 9561.4bf2dc71.js:2
s @ 9561.4bf2dc71.js:2
Promise.then
r @ 9561.4bf2dc71.js:2
s @ 9561.4bf2dc71.js:2
Promise.then
r @ 9561.4bf2dc71.js:2
s @ 9561.4bf2dc71.js:2
(匿名) @ 9561.4bf2dc71.js:2
(匿名) @ 9561.4bf2dc71.js:2
49209 @ main.2faaeed8.js:1
n @ main.2faaeed8.js:1
(匿名) @ main.2faaeed8.js:1
n.O @ main.2faaeed8.js:1
(匿名) @ main.2faaeed8.js:1
(匿名) @ main.2faaeed8.js:1
(匿名) @ main.2faaeed8.js:1
(匿名) @ main.2faaeed8.js:1
23:32:08.175 main.2faaeed8.js:1 showSearch true
23:32:08.177 9561.4bf2dc71.js:2  react-intl-universal key "e2d15efb" not defined in zh
warningHandler @ 9561.4bf2dc71.js:2
value @ 9561.4bf2dc71.js:2
p @ 9561.4bf2dc71.js:2
value @ 808.d56623c9.chunk.js:1
Xi @ 9561.4bf2dc71.js:2
$i @ 9561.4bf2dc71.js:2
Cs @ 9561.4bf2dc71.js:2
wc @ 9561.4bf2dc71.js:2
_c @ 9561.4bf2dc71.js:2
dc @ 9561.4bf2dc71.js:2
(匿名) @ 9561.4bf2dc71.js:2
t.unstable_runWithPriority @ 9561.4bf2dc71.js:2
qo @ 9561.4bf2dc71.js:2
Xo @ 9561.4bf2dc71.js:2
$o @ 9561.4bf2dc71.js:2
fc @ 9561.4bf2dc71.js:2
We @ 9561.4bf2dc71.js:2
Ue @ 9561.4bf2dc71.js:2
He @ 9561.4bf2dc71.js:2
e.reportChanged @ 9561.4bf2dc71.js:2
t.setNewValue @ 9561.4bf2dc71.js:2
e.write @ 9561.4bf2dc71.js:2
set @ 9561.4bf2dc71.js:2
(匿名) @ main.2faaeed8.js:1
u @ 9561.4bf2dc71.js:2
(匿名) @ 9561.4bf2dc71.js:2
(匿名) @ 9561.4bf2dc71.js:2
r @ 9561.4bf2dc71.js:2
s @ 9561.4bf2dc71.js:2
Promise.then
r @ 9561.4bf2dc71.js:2
s @ 9561.4bf2dc71.js:2
(匿名) @ 9561.4bf2dc71.js:2
(匿名) @ 9561.4bf2dc71.js:2
Ee @ 9561.4bf2dc71.js:2
n @ 9561.4bf2dc71.js:2
(匿名) @ main.2faaeed8.js:1
setTimeout
value @ main.2faaeed8.js:1
Ee @ 9561.4bf2dc71.js:2
n @ 9561.4bf2dc71.js:2
(匿名) @ main.2faaeed8.js:1
u @ 9561.4bf2dc71.js:2
(匿名) @ 9561.4bf2dc71.js:2
(匿名) @ 9561.4bf2dc71.js:2
r @ 9561.4bf2dc71.js:2
s @ 9561.4bf2dc71.js:2
(匿名) @ 9561.4bf2dc71.js:2
(匿名) @ 9561.4bf2dc71.js:2
(匿名) @ main.2faaeed8.js:1
Ee @ 9561.4bf2dc71.js:2
n @ 9561.4bf2dc71.js:2
(匿名) @ main.2faaeed8.js:1
u @ 9561.4bf2dc71.js:2
(匿名) @ 9561.4bf2dc71.js:2
(匿名) @ 9561.4bf2dc71.js:2
r @ 9561.4bf2dc71.js:2
s @ 9561.4bf2dc71.js:2
Promise.then
r @ 9561.4bf2dc71.js:2
s @ 9561.4bf2dc71.js:2
Promise.then
r @ 9561.4bf2dc71.js:2
s @ 9561.4bf2dc71.js:2
Promise.then
r @ 9561.4bf2dc71.js:2
s @ 9561.4bf2dc71.js:2
(匿名) @ 9561.4bf2dc71.js:2
(匿名) @ 9561.4bf2dc71.js:2
value @ main.2faaeed8.js:1
F @ 9561.4bf2dc71.js:2
(匿名) @ 9561.4bf2dc71.js:2
Ec @ 9561.4bf2dc71.js:2
t.unstable_runWithPriority @ 9561.4bf2dc71.js:2
qo @ 9561.4bf2dc71.js:2
kc @ 9561.4bf2dc71.js:2
dc @ 9561.4bf2dc71.js:2
ic @ 9561.4bf2dc71.js:2
Gc @ 9561.4bf2dc71.js:2
(匿名) @ 9561.4bf2dc71.js:2
pc @ 9561.4bf2dc71.js:2
el @ 9561.4bf2dc71.js:2
render @ 9561.4bf2dc71.js:2
(匿名) @ main.2faaeed8.js:1
u @ 9561.4bf2dc71.js:2
(匿名) @ 9561.4bf2dc71.js:2
(匿名) @ 9561.4bf2dc71.js:2
r @ 9561.4bf2dc71.js:2
s @ 9561.4bf2dc71.js:2
Promise.then
r @ 9561.4bf2dc71.js:2
s @ 9561.4bf2dc71.js:2
(匿名) @ 9561.4bf2dc71.js:2
(匿名) @ 9561.4bf2dc71.js:2
(匿名) @ main.2faaeed8.js:1
(匿名) @ main.2faaeed8.js:1
u @ 9561.4bf2dc71.js:2
(匿名) @ 9561.4bf2dc71.js:2
(匿名) @ 9561.4bf2dc71.js:2
r @ 9561.4bf2dc71.js:2
s @ 9561.4bf2dc71.js:2
Promise.then
r @ 9561.4bf2dc71.js:2
s @ 9561.4bf2dc71.js:2
Promise.then
r @ 9561.4bf2dc71.js:2
s @ 9561.4bf2dc71.js:2
(匿名) @ 9561.4bf2dc71.js:2
(匿名) @ 9561.4bf2dc71.js:2
49209 @ main.2faaeed8.js:1
n @ main.2faaeed8.js:1
(匿名) @ main.2faaeed8.js:1
n.O @ main.2faaeed8.js:1
(匿名) @ main.2faaeed8.js:1
(匿名) @ main.2faaeed8.js:1
(匿名) @ main.2faaeed8.js:1
(匿名) @ main.2faaeed8.js:1
23:32:08.177 9561.4bf2dc71.js:2  react-intl-universal key "f5444d4a" not defined in zh
warningHandler @ 9561.4bf2dc71.js:2
value @ 9561.4bf2dc71.js:2
p @ 9561.4bf2dc71.js:2
value @ 808.d56623c9.chunk.js:1
Xi @ 9561.4bf2dc71.js:2
$i @ 9561.4bf2dc71.js:2
Cs @ 9561.4bf2dc71.js:2
wc @ 9561.4bf2dc71.js:2
_c @ 9561.4bf2dc71.js:2
dc @ 9561.4bf2dc71.js:2
(匿名) @ 9561.4bf2dc71.js:2
t.unstable_runWithPriority @ 9561.4bf2dc71.js:2
qo @ 9561.4bf2dc71.js:2
Xo @ 9561.4bf2dc71.js:2
$o @ 9561.4bf2dc71.js:2
fc @ 9561.4bf2dc71.js:2
We @ 9561.4bf2dc71.js:2
Ue @ 9561.4bf2dc71.js:2
He @ 9561.4bf2dc71.js:2
e.reportChanged @ 9561.4bf2dc71.js:2
t.setNewValue @ 9561.4bf2dc71.js:2
e.write @ 9561.4bf2dc71.js:2
set @ 9561.4bf2dc71.js:2
(匿名) @ main.2faaeed8.js:1
u @ 9561.4bf2dc71.js:2
(匿名) @ 9561.4bf2dc71.js:2
(匿名) @ 9561.4bf2dc71.js:2
r @ 9561.4bf2dc71.js:2
s @ 9561.4bf2dc71.js:2
Promise.then
r @ 9561.4bf2dc71.js:2
s @ 9561.4bf2dc71.js:2
(匿名) @ 9561.4bf2dc71.js:2
(匿名) @ 9561.4bf2dc71.js:2
Ee @ 9561.4bf2dc71.js:2
n @ 9561.4bf2dc71.js:2
(匿名) @ main.2faaeed8.js:1
setTimeout
value @ main.2faaeed8.js:1
Ee @ 9561.4bf2dc71.js:2
n @ 9561.4bf2dc71.js:2
(匿名) @ main.2faaeed8.js:1
u @ 9561.4bf2dc71.js:2
(匿名) @ 9561.4bf2dc71.js:2
(匿名) @ 9561.4bf2dc71.js:2
r @ 9561.4bf2dc71.js:2
s @ 9561.4bf2dc71.js:2
(匿名) @ 9561.4bf2dc71.js:2
(匿名) @ 9561.4bf2dc71.js:2
(匿名) @ main.2faaeed8.js:1
Ee @ 9561.4bf2dc71.js:2
n @ 9561.4bf2dc71.js:2
(匿名) @ main.2faaeed8.js:1
u @ 9561.4bf2dc71.js:2
(匿名) @ 9561.4bf2dc71.js:2
(匿名) @ 9561.4bf2dc71.js:2
r @ 9561.4bf2dc71.js:2
s @ 9561.4bf2dc71.js:2
Promise.then
r @ 9561.4bf2dc71.js:2
s @ 9561.4bf2dc71.js:2
Promise.then
r @ 9561.4bf2dc71.js:2
s @ 9561.4bf2dc71.js:2
Promise.then
r @ 9561.4bf2dc71.js:2
s @ 9561.4bf2dc71.js:2
(匿名) @ 9561.4bf2dc71.js:2
(匿名) @ 9561.4bf2dc71.js:2
value @ main.2faaeed8.js:1
F @ 9561.4bf2dc71.js:2
(匿名) @ 9561.4bf2dc71.js:2
Ec @ 9561.4bf2dc71.js:2
t.unstable_runWithPriority @ 9561.4bf2dc71.js:2
qo @ 9561.4bf2dc71.js:2
kc @ 9561.4bf2dc71.js:2
dc @ 9561.4bf2dc71.js:2
ic @ 9561.4bf2dc71.js:2
Gc @ 9561.4bf2dc71.js:2
(匿名) @ 9561.4bf2dc71.js:2
pc @ 9561.4bf2dc71.js:2
el @ 9561.4bf2dc71.js:2
render @ 9561.4bf2dc71.js:2
(匿名) @ main.2faaeed8.js:1
u @ 9561.4bf2dc71.js:2
(匿名) @ 9561.4bf2dc71.js:2
(匿名) @ 9561.4bf2dc71.js:2
r @ 9561.4bf2dc71.js:2
s @ 9561.4bf2dc71.js:2
Promise.then
r @ 9561.4bf2dc71.js:2
s @ 9561.4bf2dc71.js:2
(匿名) @ 9561.4bf2dc71.js:2
(匿名) @ 9561.4bf2dc71.js:2
(匿名) @ main.2faaeed8.js:1
(匿名) @ main.2faaeed8.js:1
u @ 9561.4bf2dc71.js:2
(匿名) @ 9561.4bf2dc71.js:2
(匿名) @ 9561.4bf2dc71.js:2
r @ 9561.4bf2dc71.js:2
s @ 9561.4bf2dc71.js:2
Promise.then
r @ 9561.4bf2dc71.js:2
s @ 9561.4bf2dc71.js:2
Promise.then
r @ 9561.4bf2dc71.js:2
s @ 9561.4bf2dc71.js:2
(匿名) @ 9561.4bf2dc71.js:2
(匿名) @ 9561.4bf2dc71.js:2
49209 @ main.2faaeed8.js:1
n @ main.2faaeed8.js:1
(匿名) @ main.2faaeed8.js:1
n.O @ main.2faaeed8.js:1
(匿名) @ main.2faaeed8.js:1
(匿名) @ main.2faaeed8.js:1
(匿名) @ main.2faaeed8.js:1
(匿名) @ main.2faaeed8.js:1
23:32:08.178 9561.4bf2dc71.js:2  react-intl-universal key "1655dd5f" not defined in zh
warningHandler @ 9561.4bf2dc71.js:2
value @ 9561.4bf2dc71.js:2
p @ 9561.4bf2dc71.js:2
value @ 808.d56623c9.chunk.js:1
Xi @ 9561.4bf2dc71.js:2
$i @ 9561.4bf2dc71.js:2
Cs @ 9561.4bf2dc71.js:2
wc @ 9561.4bf2dc71.js:2
_c @ 9561.4bf2dc71.js:2
dc @ 9561.4bf2dc71.js:2
(匿名) @ 9561.4bf2dc71.js:2
t.unstable_runWithPriority @ 9561.4bf2dc71.js:2
qo @ 9561.4bf2dc71.js:2
Xo @ 9561.4bf2dc71.js:2
$o @ 9561.4bf2dc71.js:2
fc @ 9561.4bf2dc71.js:2
We @ 9561.4bf2dc71.js:2
Ue @ 9561.4bf2dc71.js:2
He @ 9561.4bf2dc71.js:2
e.reportChanged @ 9561.4bf2dc71.js:2
t.setNewValue @ 9561.4bf2dc71.js:2
e.write @ 9561.4bf2dc71.js:2
set @ 9561.4bf2dc71.js:2
(匿名) @ main.2faaeed8.js:1
u @ 9561.4bf2dc71.js:2
(匿名) @ 9561.4bf2dc71.js:2
(匿名) @ 9561.4bf2dc71.js:2
r @ 9561.4bf2dc71.js:2
s @ 9561.4bf2dc71.js:2
Promise.then
r @ 9561.4bf2dc71.js:2
s @ 9561.4bf2dc71.js:2
(匿名) @ 9561.4bf2dc71.js:2
(匿名) @ 9561.4bf2dc71.js:2
Ee @ 9561.4bf2dc71.js:2
n @ 9561.4bf2dc71.js:2
(匿名) @ main.2faaeed8.js:1
setTimeout
value @ main.2faaeed8.js:1
Ee @ 9561.4bf2dc71.js:2
n @ 9561.4bf2dc71.js:2
(匿名) @ main.2faaeed8.js:1
u @ 9561.4bf2dc71.js:2
(匿名) @ 9561.4bf2dc71.js:2
(匿名) @ 9561.4bf2dc71.js:2
r @ 9561.4bf2dc71.js:2
s @ 9561.4bf2dc71.js:2
(匿名) @ 9561.4bf2dc71.js:2
(匿名) @ 9561.4bf2dc71.js:2
(匿名) @ main.2faaeed8.js:1
Ee @ 9561.4bf2dc71.js:2
n @ 9561.4bf2dc71.js:2
(匿名) @ main.2faaeed8.js:1
u @ 9561.4bf2dc71.js:2
(匿名) @ 9561.4bf2dc71.js:2
(匿名) @ 9561.4bf2dc71.js:2
r @ 9561.4bf2dc71.js:2
s @ 9561.4bf2dc71.js:2
Promise.then
r @ 9561.4bf2dc71.js:2
s @ 9561.4bf2dc71.js:2
Promise.then
r @ 9561.4bf2dc71.js:2
s @ 9561.4bf2dc71.js:2
Promise.then
r @ 9561.4bf2dc71.js:2
s @ 9561.4bf2dc71.js:2
(匿名) @ 9561.4bf2dc71.js:2
(匿名) @ 9561.4bf2dc71.js:2
value @ main.2faaeed8.js:1
F @ 9561.4bf2dc71.js:2
(匿名) @ 9561.4bf2dc71.js:2
Ec @ 9561.4bf2dc71.js:2
t.unstable_runWithPriority @ 9561.4bf2dc71.js:2
qo @ 9561.4bf2dc71.js:2
kc @ 9561.4bf2dc71.js:2
dc @ 9561.4bf2dc71.js:2
ic @ 9561.4bf2dc71.js:2
Gc @ 9561.4bf2dc71.js:2
(匿名) @ 9561.4bf2dc71.js:2
pc @ 9561.4bf2dc71.js:2
el @ 9561.4bf2dc71.js:2
render @ 9561.4bf2dc71.js:2
(匿名) @ main.2faaeed8.js:1
u @ 9561.4bf2dc71.js:2
(匿名) @ 9561.4bf2dc71.js:2
(匿名) @ 9561.4bf2dc71.js:2
r @ 9561.4bf2dc71.js:2
s @ 9561.4bf2dc71.js:2
Promise.then
r @ 9561.4bf2dc71.js:2
s @ 9561.4bf2dc71.js:2
(匿名) @ 9561.4bf2dc71.js:2
(匿名) @ 9561.4bf2dc71.js:2
(匿名) @ main.2faaeed8.js:1
(匿名) @ main.2faaeed8.js:1
u @ 9561.4bf2dc71.js:2
(匿名) @ 9561.4bf2dc71.js:2
(匿名) @ 9561.4bf2dc71.js:2
r @ 9561.4bf2dc71.js:2
s @ 9561.4bf2dc71.js:2
Promise.then
r @ 9561.4bf2dc71.js:2
s @ 9561.4bf2dc71.js:2
Promise.then
r @ 9561.4bf2dc71.js:2
s @ 9561.4bf2dc71.js:2
(匿名) @ 9561.4bf2dc71.js:2
(匿名) @ 9561.4bf2dc71.js:2
49209 @ main.2faaeed8.js:1
n @ main.2faaeed8.js:1
(匿名) @ main.2faaeed8.js:1
n.O @ main.2faaeed8.js:1
(匿名) @ main.2faaeed8.js:1
(匿名) @ main.2faaeed8.js:1
(匿名) @ main.2faaeed8.js:1
(匿名) @ main.2faaeed8.js:1
23:32:08.178 9561.4bf2dc71.js:2  react-intl-universal key "e7d2e85a" not defined in zh
warningHandler @ 9561.4bf2dc71.js:2
value @ 9561.4bf2dc71.js:2
p @ 9561.4bf2dc71.js:2
value @ 808.d56623c9.chunk.js:1
Xi @ 9561.4bf2dc71.js:2
$i @ 9561.4bf2dc71.js:2
Cs @ 9561.4bf2dc71.js:2
wc @ 9561.4bf2dc71.js:2
_c @ 9561.4bf2dc71.js:2
dc @ 9561.4bf2dc71.js:2
(匿名) @ 9561.4bf2dc71.js:2
t.unstable_runWithPriority @ 9561.4bf2dc71.js:2
qo @ 9561.4bf2dc71.js:2
Xo @ 9561.4bf2dc71.js:2
$o @ 9561.4bf2dc71.js:2
fc @ 9561.4bf2dc71.js:2
We @ 9561.4bf2dc71.js:2
Ue @ 9561.4bf2dc71.js:2
He @ 9561.4bf2dc71.js:2
e.reportChanged @ 9561.4bf2dc71.js:2
t.setNewValue @ 9561.4bf2dc71.js:2
e.write @ 9561.4bf2dc71.js:2
set @ 9561.4bf2dc71.js:2
(匿名) @ main.2faaeed8.js:1
u @ 9561.4bf2dc71.js:2
(匿名) @ 9561.4bf2dc71.js:2
(匿名) @ 9561.4bf2dc71.js:2
r @ 9561.4bf2dc71.js:2
s @ 9561.4bf2dc71.js:2
Promise.then
r @ 9561.4bf2dc71.js:2
s @ 9561.4bf2dc71.js:2
(匿名) @ 9561.4bf2dc71.js:2
(匿名) @ 9561.4bf2dc71.js:2
Ee @ 9561.4bf2dc71.js:2
n @ 9561.4bf2dc71.js:2
(匿名) @ main.2faaeed8.js:1
setTimeout
value @ main.2faaeed8.js:1
Ee @ 9561.4bf2dc71.js:2
n @ 9561.4bf2dc71.js:2
(匿名) @ main.2faaeed8.js:1
u @ 9561.4bf2dc71.js:2
(匿名) @ 9561.4bf2dc71.js:2
(匿名) @ 9561.4bf2dc71.js:2
r @ 9561.4bf2dc71.js:2
s @ 9561.4bf2dc71.js:2
(匿名) @ 9561.4bf2dc71.js:2
(匿名) @ 9561.4bf2dc71.js:2
(匿名) @ main.2faaeed8.js:1
Ee @ 9561.4bf2dc71.js:2
n @ 9561.4bf2dc71.js:2
(匿名) @ main.2faaeed8.js:1
u @ 9561.4bf2dc71.js:2
(匿名) @ 9561.4bf2dc71.js:2
(匿名) @ 9561.4bf2dc71.js:2
r @ 9561.4bf2dc71.js:2
s @ 9561.4bf2dc71.js:2
Promise.then
r @ 9561.4bf2dc71.js:2
s @ 9561.4bf2dc71.js:2
Promise.then
r @ 9561.4bf2dc71.js:2
s @ 9561.4bf2dc71.js:2
Promise.then
r @ 9561.4bf2dc71.js:2
s @ 9561.4bf2dc71.js:2
(匿名) @ 9561.4bf2dc71.js:2
(匿名) @ 9561.4bf2dc71.js:2
value @ main.2faaeed8.js:1
F @ 9561.4bf2dc71.js:2
(匿名) @ 9561.4bf2dc71.js:2
Ec @ 9561.4bf2dc71.js:2
t.unstable_runWithPriority @ 9561.4bf2dc71.js:2
qo @ 9561.4bf2dc71.js:2
kc @ 9561.4bf2dc71.js:2
dc @ 9561.4bf2dc71.js:2
ic @ 9561.4bf2dc71.js:2
Gc @ 9561.4bf2dc71.js:2
(匿名) @ 9561.4bf2dc71.js:2
pc @ 9561.4bf2dc71.js:2
el @ 9561.4bf2dc71.js:2
render @ 9561.4bf2dc71.js:2
(匿名) @ main.2faaeed8.js:1
u @ 9561.4bf2dc71.js:2
(匿名) @ 9561.4bf2dc71.js:2
(匿名) @ 9561.4bf2dc71.js:2
r @ 9561.4bf2dc71.js:2
s @ 9561.4bf2dc71.js:2
Promise.then
r @ 9561.4bf2dc71.js:2
s @ 9561.4bf2dc71.js:2
(匿名) @ 9561.4bf2dc71.js:2
(匿名) @ 9561.4bf2dc71.js:2
(匿名) @ main.2faaeed8.js:1
(匿名) @ main.2faaeed8.js:1
u @ 9561.4bf2dc71.js:2
(匿名) @ 9561.4bf2dc71.js:2
(匿名) @ 9561.4bf2dc71.js:2
r @ 9561.4bf2dc71.js:2
s @ 9561.4bf2dc71.js:2
Promise.then
r @ 9561.4bf2dc71.js:2
s @ 9561.4bf2dc71.js:2
Promise.then
r @ 9561.4bf2dc71.js:2
s @ 9561.4bf2dc71.js:2
(匿名) @ 9561.4bf2dc71.js:2
(匿名) @ 9561.4bf2dc71.js:2
49209 @ main.2faaeed8.js:1
n @ main.2faaeed8.js:1
(匿名) @ main.2faaeed8.js:1
n.O @ main.2faaeed8.js:1
(匿名) @ main.2faaeed8.js:1
(匿名) @ main.2faaeed8.js:1
(匿名) @ main.2faaeed8.js:1
(匿名) @ main.2faaeed8.js:1
23:32:08.178 9561.4bf2dc71.js:2  react-intl-universal key "447595d5" not defined in zh
warningHandler @ 9561.4bf2dc71.js:2
value @ 9561.4bf2dc71.js:2
p @ 9561.4bf2dc71.js:2
(匿名) @ 8222.6209a852.chunk.js:1
hi @ 9561.4bf2dc71.js:2
Qi @ 9561.4bf2dc71.js:2
Cs @ 9561.4bf2dc71.js:2
wc @ 9561.4bf2dc71.js:2
_c @ 9561.4bf2dc71.js:2
dc @ 9561.4bf2dc71.js:2
(匿名) @ 9561.4bf2dc71.js:2
t.unstable_runWithPriority @ 9561.4bf2dc71.js:2
qo @ 9561.4bf2dc71.js:2
Xo @ 9561.4bf2dc71.js:2
$o @ 9561.4bf2dc71.js:2
fc @ 9561.4bf2dc71.js:2
We @ 9561.4bf2dc71.js:2
Ue @ 9561.4bf2dc71.js:2
He @ 9561.4bf2dc71.js:2
e.reportChanged @ 9561.4bf2dc71.js:2
t.setNewValue @ 9561.4bf2dc71.js:2
e.write @ 9561.4bf2dc71.js:2
set @ 9561.4bf2dc71.js:2
(匿名) @ main.2faaeed8.js:1
u @ 9561.4bf2dc71.js:2
(匿名) @ 9561.4bf2dc71.js:2
(匿名) @ 9561.4bf2dc71.js:2
r @ 9561.4bf2dc71.js:2
s @ 9561.4bf2dc71.js:2
Promise.then
r @ 9561.4bf2dc71.js:2
s @ 9561.4bf2dc71.js:2
(匿名) @ 9561.4bf2dc71.js:2
(匿名) @ 9561.4bf2dc71.js:2
Ee @ 9561.4bf2dc71.js:2
n @ 9561.4bf2dc71.js:2
(匿名) @ main.2faaeed8.js:1
setTimeout
value @ main.2faaeed8.js:1
Ee @ 9561.4bf2dc71.js:2
n @ 9561.4bf2dc71.js:2
(匿名) @ main.2faaeed8.js:1
u @ 9561.4bf2dc71.js:2
(匿名) @ 9561.4bf2dc71.js:2
(匿名) @ 9561.4bf2dc71.js:2
r @ 9561.4bf2dc71.js:2
s @ 9561.4bf2dc71.js:2
(匿名) @ 9561.4bf2dc71.js:2
(匿名) @ 9561.4bf2dc71.js:2
(匿名) @ main.2faaeed8.js:1
Ee @ 9561.4bf2dc71.js:2
n @ 9561.4bf2dc71.js:2
(匿名) @ main.2faaeed8.js:1
u @ 9561.4bf2dc71.js:2
(匿名) @ 9561.4bf2dc71.js:2
(匿名) @ 9561.4bf2dc71.js:2
r @ 9561.4bf2dc71.js:2
s @ 9561.4bf2dc71.js:2
Promise.then
r @ 9561.4bf2dc71.js:2
s @ 9561.4bf2dc71.js:2
Promise.then
r @ 9561.4bf2dc71.js:2
s @ 9561.4bf2dc71.js:2
Promise.then
r @ 9561.4bf2dc71.js:2
s @ 9561.4bf2dc71.js:2
(匿名) @ 9561.4bf2dc71.js:2
(匿名) @ 9561.4bf2dc71.js:2
value @ main.2faaeed8.js:1
F @ 9561.4bf2dc71.js:2
(匿名) @ 9561.4bf2dc71.js:2
Ec @ 9561.4bf2dc71.js:2
t.unstable_runWithPriority @ 9561.4bf2dc71.js:2
qo @ 9561.4bf2dc71.js:2
kc @ 9561.4bf2dc71.js:2
dc @ 9561.4bf2dc71.js:2
ic @ 9561.4bf2dc71.js:2
Gc @ 9561.4bf2dc71.js:2
(匿名) @ 9561.4bf2dc71.js:2
pc @ 9561.4bf2dc71.js:2
el @ 9561.4bf2dc71.js:2
render @ 9561.4bf2dc71.js:2
(匿名) @ main.2faaeed8.js:1
u @ 9561.4bf2dc71.js:2
(匿名) @ 9561.4bf2dc71.js:2
(匿名) @ 9561.4bf2dc71.js:2
r @ 9561.4bf2dc71.js:2
s @ 9561.4bf2dc71.js:2
Promise.then
r @ 9561.4bf2dc71.js:2
s @ 9561.4bf2dc71.js:2
(匿名) @ 9561.4bf2dc71.js:2
(匿名) @ 9561.4bf2dc71.js:2
(匿名) @ main.2faaeed8.js:1
(匿名) @ main.2faaeed8.js:1
u @ 9561.4bf2dc71.js:2
(匿名) @ 9561.4bf2dc71.js:2
(匿名) @ 9561.4bf2dc71.js:2
r @ 9561.4bf2dc71.js:2
s @ 9561.4bf2dc71.js:2
Promise.then
r @ 9561.4bf2dc71.js:2
s @ 9561.4bf2dc71.js:2
Promise.then
r @ 9561.4bf2dc71.js:2
s @ 9561.4bf2dc71.js:2
(匿名) @ 9561.4bf2dc71.js:2
(匿名) @ 9561.4bf2dc71.js:2
49209 @ main.2faaeed8.js:1
n @ main.2faaeed8.js:1
(匿名) @ main.2faaeed8.js:1
n.O @ main.2faaeed8.js:1
(匿名) @ main.2faaeed8.js:1
(匿名) @ main.2faaeed8.js:1
(匿名) @ main.2faaeed8.js:1
(匿名) @ main.2faaeed8.js:1
23:32:08.181 log.ts:179 [debug 23:32:8 ] 拦截到HTTP请求: /learn/app/clientapi/course/queryCourseDetail.do?os=99&sid=5A670D84669445FC9794E23620100D76
23:32:08.182 log.ts:179 [debug 23:32:8 ] 拦截到HTTP请求: /learn/app/clientapi/course/relatedResources.do?courseId=N006221&type=2&sid=5A670D84669445FC9794E23620100D76&os=99
23:32:08.182 log.ts:179 [debug 23:32:8 ] 拦截到HTTP请求: /learn/app/clientapi/course/queryCourseBaseInfo.do?courseId=N006221&sid=5A670D84669445FC9794E23620100D76&os=99
23:32:08.183 log.ts:179 [debug 23:32:8 ] 拦截到HTTP请求: /learn/app/clientapi/user/personDetail.do?searchedUserId=51A0C28038F643F59B89D714776508D3&sid=5A670D84669445FC9794E23620100D76&os=99
23:32:08.394 9561.4bf2dc71.js:2  react-intl-universal key "e2d15efb" not defined in zh
warningHandler @ 9561.4bf2dc71.js:2
value @ 9561.4bf2dc71.js:2
p @ 9561.4bf2dc71.js:2
value @ 808.d56623c9.chunk.js:1
Xi @ 9561.4bf2dc71.js:2
$i @ 9561.4bf2dc71.js:2
Cs @ 9561.4bf2dc71.js:2
wc @ 9561.4bf2dc71.js:2
_c @ 9561.4bf2dc71.js:2
dc @ 9561.4bf2dc71.js:2
(匿名) @ 9561.4bf2dc71.js:2
t.unstable_runWithPriority @ 9561.4bf2dc71.js:2
qo @ 9561.4bf2dc71.js:2
Xo @ 9561.4bf2dc71.js:2
$o @ 9561.4bf2dc71.js:2
ic @ 9561.4bf2dc71.js:2
enqueueSetState @ 9561.4bf2dc71.js:2
b.setState @ 9561.4bf2dc71.js:2
(匿名) @ 808.d56623c9.chunk.js:1
u @ 9561.4bf2dc71.js:2
(匿名) @ 9561.4bf2dc71.js:2
(匿名) @ 9561.4bf2dc71.js:2
r @ 9561.4bf2dc71.js:2
s @ 9561.4bf2dc71.js:2
Promise.then
r @ 9561.4bf2dc71.js:2
s @ 9561.4bf2dc71.js:2
(匿名) @ 9561.4bf2dc71.js:2
(匿名) @ 9561.4bf2dc71.js:2
value @ 808.d56623c9.chunk.js:1
F @ 9561.4bf2dc71.js:2
(匿名) @ 9561.4bf2dc71.js:2
Ec @ 9561.4bf2dc71.js:2
t.unstable_runWithPriority @ 9561.4bf2dc71.js:2
qo @ 9561.4bf2dc71.js:2
kc @ 9561.4bf2dc71.js:2
dc @ 9561.4bf2dc71.js:2
(匿名) @ 9561.4bf2dc71.js:2
t.unstable_runWithPriority @ 9561.4bf2dc71.js:2
qo @ 9561.4bf2dc71.js:2
Xo @ 9561.4bf2dc71.js:2
$o @ 9561.4bf2dc71.js:2
fc @ 9561.4bf2dc71.js:2
We @ 9561.4bf2dc71.js:2
Ue @ 9561.4bf2dc71.js:2
He @ 9561.4bf2dc71.js:2
e.reportChanged @ 9561.4bf2dc71.js:2
t.setNewValue @ 9561.4bf2dc71.js:2
e.write @ 9561.4bf2dc71.js:2
set @ 9561.4bf2dc71.js:2
(匿名) @ main.2faaeed8.js:1
u @ 9561.4bf2dc71.js:2
(匿名) @ 9561.4bf2dc71.js:2
(匿名) @ 9561.4bf2dc71.js:2
r @ 9561.4bf2dc71.js:2
s @ 9561.4bf2dc71.js:2
Promise.then
r @ 9561.4bf2dc71.js:2
s @ 9561.4bf2dc71.js:2
(匿名) @ 9561.4bf2dc71.js:2
(匿名) @ 9561.4bf2dc71.js:2
Ee @ 9561.4bf2dc71.js:2
n @ 9561.4bf2dc71.js:2
(匿名) @ main.2faaeed8.js:1
setTimeout
value @ main.2faaeed8.js:1
Ee @ 9561.4bf2dc71.js:2
n @ 9561.4bf2dc71.js:2
(匿名) @ main.2faaeed8.js:1
u @ 9561.4bf2dc71.js:2
(匿名) @ 9561.4bf2dc71.js:2
(匿名) @ 9561.4bf2dc71.js:2
r @ 9561.4bf2dc71.js:2
s @ 9561.4bf2dc71.js:2
(匿名) @ 9561.4bf2dc71.js:2
(匿名) @ 9561.4bf2dc71.js:2
(匿名) @ main.2faaeed8.js:1
Ee @ 9561.4bf2dc71.js:2
n @ 9561.4bf2dc71.js:2
(匿名) @ main.2faaeed8.js:1
u @ 9561.4bf2dc71.js:2
(匿名) @ 9561.4bf2dc71.js:2
(匿名) @ 9561.4bf2dc71.js:2
r @ 9561.4bf2dc71.js:2
s @ 9561.4bf2dc71.js:2
Promise.then
r @ 9561.4bf2dc71.js:2
s @ 9561.4bf2dc71.js:2
Promise.then
r @ 9561.4bf2dc71.js:2
s @ 9561.4bf2dc71.js:2
Promise.then
r @ 9561.4bf2dc71.js:2
s @ 9561.4bf2dc71.js:2
(匿名) @ 9561.4bf2dc71.js:2
(匿名) @ 9561.4bf2dc71.js:2
value @ main.2faaeed8.js:1
F @ 9561.4bf2dc71.js:2
(匿名) @ 9561.4bf2dc71.js:2
Ec @ 9561.4bf2dc71.js:2
t.unstable_runWithPriority @ 9561.4bf2dc71.js:2
qo @ 9561.4bf2dc71.js:2
kc @ 9561.4bf2dc71.js:2
dc @ 9561.4bf2dc71.js:2
ic @ 9561.4bf2dc71.js:2
Gc @ 9561.4bf2dc71.js:2
(匿名) @ 9561.4bf2dc71.js:2
pc @ 9561.4bf2dc71.js:2
el @ 9561.4bf2dc71.js:2
render @ 9561.4bf2dc71.js:2
(匿名) @ main.2faaeed8.js:1
u @ 9561.4bf2dc71.js:2
(匿名) @ 9561.4bf2dc71.js:2
(匿名) @ 9561.4bf2dc71.js:2
r @ 9561.4bf2dc71.js:2
s @ 9561.4bf2dc71.js:2
Promise.then
r @ 9561.4bf2dc71.js:2
s @ 9561.4bf2dc71.js:2
(匿名) @ 9561.4bf2dc71.js:2
(匿名) @ 9561.4bf2dc71.js:2
(匿名) @ main.2faaeed8.js:1
(匿名) @ main.2faaeed8.js:1
u @ 9561.4bf2dc71.js:2
(匿名) @ 9561.4bf2dc71.js:2
(匿名) @ 9561.4bf2dc71.js:2
r @ 9561.4bf2dc71.js:2
s @ 9561.4bf2dc71.js:2
Promise.then
r @ 9561.4bf2dc71.js:2
s @ 9561.4bf2dc71.js:2
Promise.then
r @ 9561.4bf2dc71.js:2
s @ 9561.4bf2dc71.js:2
(匿名) @ 9561.4bf2dc71.js:2
(匿名) @ 9561.4bf2dc71.js:2
49209 @ main.2faaeed8.js:1
n @ main.2faaeed8.js:1
(匿名) @ main.2faaeed8.js:1
n.O @ main.2faaeed8.js:1
(匿名) @ main.2faaeed8.js:1
(匿名) @ main.2faaeed8.js:1
(匿名) @ main.2faaeed8.js:1
(匿名) @ main.2faaeed8.js:1
23:32:08.395 9561.4bf2dc71.js:2  react-intl-universal key "f5444d4a" not defined in zh
warningHandler @ 9561.4bf2dc71.js:2
value @ 9561.4bf2dc71.js:2
p @ 9561.4bf2dc71.js:2
value @ 808.d56623c9.chunk.js:1
Xi @ 9561.4bf2dc71.js:2
$i @ 9561.4bf2dc71.js:2
Cs @ 9561.4bf2dc71.js:2
wc @ 9561.4bf2dc71.js:2
_c @ 9561.4bf2dc71.js:2
dc @ 9561.4bf2dc71.js:2
(匿名) @ 9561.4bf2dc71.js:2
t.unstable_runWithPriority @ 9561.4bf2dc71.js:2
qo @ 9561.4bf2dc71.js:2
Xo @ 9561.4bf2dc71.js:2
$o @ 9561.4bf2dc71.js:2
ic @ 9561.4bf2dc71.js:2
enqueueSetState @ 9561.4bf2dc71.js:2
b.setState @ 9561.4bf2dc71.js:2
(匿名) @ 808.d56623c9.chunk.js:1
u @ 9561.4bf2dc71.js:2
(匿名) @ 9561.4bf2dc71.js:2
(匿名) @ 9561.4bf2dc71.js:2
r @ 9561.4bf2dc71.js:2
s @ 9561.4bf2dc71.js:2
Promise.then
r @ 9561.4bf2dc71.js:2
s @ 9561.4bf2dc71.js:2
(匿名) @ 9561.4bf2dc71.js:2
(匿名) @ 9561.4bf2dc71.js:2
value @ 808.d56623c9.chunk.js:1
F @ 9561.4bf2dc71.js:2
(匿名) @ 9561.4bf2dc71.js:2
Ec @ 9561.4bf2dc71.js:2
t.unstable_runWithPriority @ 9561.4bf2dc71.js:2
qo @ 9561.4bf2dc71.js:2
kc @ 9561.4bf2dc71.js:2
dc @ 9561.4bf2dc71.js:2
(匿名) @ 9561.4bf2dc71.js:2
t.unstable_runWithPriority @ 9561.4bf2dc71.js:2
qo @ 9561.4bf2dc71.js:2
Xo @ 9561.4bf2dc71.js:2
$o @ 9561.4bf2dc71.js:2
fc @ 9561.4bf2dc71.js:2
We @ 9561.4bf2dc71.js:2
Ue @ 9561.4bf2dc71.js:2
He @ 9561.4bf2dc71.js:2
e.reportChanged @ 9561.4bf2dc71.js:2
t.setNewValue @ 9561.4bf2dc71.js:2
e.write @ 9561.4bf2dc71.js:2
set @ 9561.4bf2dc71.js:2
(匿名) @ main.2faaeed8.js:1
u @ 9561.4bf2dc71.js:2
(匿名) @ 9561.4bf2dc71.js:2
(匿名) @ 9561.4bf2dc71.js:2
r @ 9561.4bf2dc71.js:2
s @ 9561.4bf2dc71.js:2
Promise.then
r @ 9561.4bf2dc71.js:2
s @ 9561.4bf2dc71.js:2
(匿名) @ 9561.4bf2dc71.js:2
(匿名) @ 9561.4bf2dc71.js:2
Ee @ 9561.4bf2dc71.js:2
n @ 9561.4bf2dc71.js:2
(匿名) @ main.2faaeed8.js:1
setTimeout
value @ main.2faaeed8.js:1
Ee @ 9561.4bf2dc71.js:2
n @ 9561.4bf2dc71.js:2
(匿名) @ main.2faaeed8.js:1
u @ 9561.4bf2dc71.js:2
(匿名) @ 9561.4bf2dc71.js:2
(匿名) @ 9561.4bf2dc71.js:2
r @ 9561.4bf2dc71.js:2
s @ 9561.4bf2dc71.js:2
(匿名) @ 9561.4bf2dc71.js:2
(匿名) @ 9561.4bf2dc71.js:2
(匿名) @ main.2faaeed8.js:1
Ee @ 9561.4bf2dc71.js:2
n @ 9561.4bf2dc71.js:2
(匿名) @ main.2faaeed8.js:1
u @ 9561.4bf2dc71.js:2
(匿名) @ 9561.4bf2dc71.js:2
(匿名) @ 9561.4bf2dc71.js:2
r @ 9561.4bf2dc71.js:2
s @ 9561.4bf2dc71.js:2
Promise.then
r @ 9561.4bf2dc71.js:2
s @ 9561.4bf2dc71.js:2
Promise.then
r @ 9561.4bf2dc71.js:2
s @ 9561.4bf2dc71.js:2
Promise.then
r @ 9561.4bf2dc71.js:2
s @ 9561.4bf2dc71.js:2
(匿名) @ 9561.4bf2dc71.js:2
(匿名) @ 9561.4bf2dc71.js:2
value @ main.2faaeed8.js:1
F @ 9561.4bf2dc71.js:2
(匿名) @ 9561.4bf2dc71.js:2
Ec @ 9561.4bf2dc71.js:2
t.unstable_runWithPriority @ 9561.4bf2dc71.js:2
qo @ 9561.4bf2dc71.js:2
kc @ 9561.4bf2dc71.js:2
dc @ 9561.4bf2dc71.js:2
ic @ 9561.4bf2dc71.js:2
Gc @ 9561.4bf2dc71.js:2
(匿名) @ 9561.4bf2dc71.js:2
pc @ 9561.4bf2dc71.js:2
el @ 9561.4bf2dc71.js:2
render @ 9561.4bf2dc71.js:2
(匿名) @ main.2faaeed8.js:1
u @ 9561.4bf2dc71.js:2
(匿名) @ 9561.4bf2dc71.js:2
(匿名) @ 9561.4bf2dc71.js:2
r @ 9561.4bf2dc71.js:2
s @ 9561.4bf2dc71.js:2
Promise.then
r @ 9561.4bf2dc71.js:2
s @ 9561.4bf2dc71.js:2
(匿名) @ 9561.4bf2dc71.js:2
(匿名) @ 9561.4bf2dc71.js:2
(匿名) @ main.2faaeed8.js:1
(匿名) @ main.2faaeed8.js:1
u @ 9561.4bf2dc71.js:2
(匿名) @ 9561.4bf2dc71.js:2
(匿名) @ 9561.4bf2dc71.js:2
r @ 9561.4bf2dc71.js:2
s @ 9561.4bf2dc71.js:2
Promise.then
r @ 9561.4bf2dc71.js:2
s @ 9561.4bf2dc71.js:2
Promise.then
r @ 9561.4bf2dc71.js:2
s @ 9561.4bf2dc71.js:2
(匿名) @ 9561.4bf2dc71.js:2
(匿名) @ 9561.4bf2dc71.js:2
49209 @ main.2faaeed8.js:1
n @ main.2faaeed8.js:1
(匿名) @ main.2faaeed8.js:1
n.O @ main.2faaeed8.js:1
(匿名) @ main.2faaeed8.js:1
(匿名) @ main.2faaeed8.js:1
(匿名) @ main.2faaeed8.js:1
(匿名) @ main.2faaeed8.js:1
23:32:08.396 9561.4bf2dc71.js:2  react-intl-universal key "1655dd5f" not defined in zh
warningHandler @ 9561.4bf2dc71.js:2
value @ 9561.4bf2dc71.js:2
p @ 9561.4bf2dc71.js:2
value @ 808.d56623c9.chunk.js:1
Xi @ 9561.4bf2dc71.js:2
$i @ 9561.4bf2dc71.js:2
Cs @ 9561.4bf2dc71.js:2
wc @ 9561.4bf2dc71.js:2
_c @ 9561.4bf2dc71.js:2
dc @ 9561.4bf2dc71.js:2
(匿名) @ 9561.4bf2dc71.js:2
t.unstable_runWithPriority @ 9561.4bf2dc71.js:2
qo @ 9561.4bf2dc71.js:2
Xo @ 9561.4bf2dc71.js:2
$o @ 9561.4bf2dc71.js:2
ic @ 9561.4bf2dc71.js:2
enqueueSetState @ 9561.4bf2dc71.js:2
b.setState @ 9561.4bf2dc71.js:2
(匿名) @ 808.d56623c9.chunk.js:1
u @ 9561.4bf2dc71.js:2
(匿名) @ 9561.4bf2dc71.js:2
(匿名) @ 9561.4bf2dc71.js:2
r @ 9561.4bf2dc71.js:2
s @ 9561.4bf2dc71.js:2
Promise.then
r @ 9561.4bf2dc71.js:2
s @ 9561.4bf2dc71.js:2
(匿名) @ 9561.4bf2dc71.js:2
(匿名) @ 9561.4bf2dc71.js:2
value @ 808.d56623c9.chunk.js:1
F @ 9561.4bf2dc71.js:2
(匿名) @ 9561.4bf2dc71.js:2
Ec @ 9561.4bf2dc71.js:2
t.unstable_runWithPriority @ 9561.4bf2dc71.js:2
qo @ 9561.4bf2dc71.js:2
kc @ 9561.4bf2dc71.js:2
dc @ 9561.4bf2dc71.js:2
(匿名) @ 9561.4bf2dc71.js:2
t.unstable_runWithPriority @ 9561.4bf2dc71.js:2
qo @ 9561.4bf2dc71.js:2
Xo @ 9561.4bf2dc71.js:2
$o @ 9561.4bf2dc71.js:2
fc @ 9561.4bf2dc71.js:2
We @ 9561.4bf2dc71.js:2
Ue @ 9561.4bf2dc71.js:2
He @ 9561.4bf2dc71.js:2
e.reportChanged @ 9561.4bf2dc71.js:2
t.setNewValue @ 9561.4bf2dc71.js:2
e.write @ 9561.4bf2dc71.js:2
set @ 9561.4bf2dc71.js:2
(匿名) @ main.2faaeed8.js:1
u @ 9561.4bf2dc71.js:2
(匿名) @ 9561.4bf2dc71.js:2
(匿名) @ 9561.4bf2dc71.js:2
r @ 9561.4bf2dc71.js:2
s @ 9561.4bf2dc71.js:2
Promise.then
r @ 9561.4bf2dc71.js:2
s @ 9561.4bf2dc71.js:2
(匿名) @ 9561.4bf2dc71.js:2
(匿名) @ 9561.4bf2dc71.js:2
Ee @ 9561.4bf2dc71.js:2
n @ 9561.4bf2dc71.js:2
(匿名) @ main.2faaeed8.js:1
setTimeout
value @ main.2faaeed8.js:1
Ee @ 9561.4bf2dc71.js:2
n @ 9561.4bf2dc71.js:2
(匿名) @ main.2faaeed8.js:1
u @ 9561.4bf2dc71.js:2
(匿名) @ 9561.4bf2dc71.js:2
(匿名) @ 9561.4bf2dc71.js:2
r @ 9561.4bf2dc71.js:2
s @ 9561.4bf2dc71.js:2
(匿名) @ 9561.4bf2dc71.js:2
(匿名) @ 9561.4bf2dc71.js:2
(匿名) @ main.2faaeed8.js:1
Ee @ 9561.4bf2dc71.js:2
n @ 9561.4bf2dc71.js:2
(匿名) @ main.2faaeed8.js:1
u @ 9561.4bf2dc71.js:2
(匿名) @ 9561.4bf2dc71.js:2
(匿名) @ 9561.4bf2dc71.js:2
r @ 9561.4bf2dc71.js:2
s @ 9561.4bf2dc71.js:2
Promise.then
r @ 9561.4bf2dc71.js:2
s @ 9561.4bf2dc71.js:2
Promise.then
r @ 9561.4bf2dc71.js:2
s @ 9561.4bf2dc71.js:2
Promise.then
r @ 9561.4bf2dc71.js:2
s @ 9561.4bf2dc71.js:2
(匿名) @ 9561.4bf2dc71.js:2
(匿名) @ 9561.4bf2dc71.js:2
value @ main.2faaeed8.js:1
F @ 9561.4bf2dc71.js:2
(匿名) @ 9561.4bf2dc71.js:2
Ec @ 9561.4bf2dc71.js:2
t.unstable_runWithPriority @ 9561.4bf2dc71.js:2
qo @ 9561.4bf2dc71.js:2
kc @ 9561.4bf2dc71.js:2
dc @ 9561.4bf2dc71.js:2
ic @ 9561.4bf2dc71.js:2
Gc @ 9561.4bf2dc71.js:2
(匿名) @ 9561.4bf2dc71.js:2
pc @ 9561.4bf2dc71.js:2
el @ 9561.4bf2dc71.js:2
render @ 9561.4bf2dc71.js:2
(匿名) @ main.2faaeed8.js:1
u @ 9561.4bf2dc71.js:2
(匿名) @ 9561.4bf2dc71.js:2
(匿名) @ 9561.4bf2dc71.js:2
r @ 9561.4bf2dc71.js:2
s @ 9561.4bf2dc71.js:2
Promise.then
r @ 9561.4bf2dc71.js:2
s @ 9561.4bf2dc71.js:2
(匿名) @ 9561.4bf2dc71.js:2
(匿名) @ 9561.4bf2dc71.js:2
(匿名) @ main.2faaeed8.js:1
(匿名) @ main.2faaeed8.js:1
u @ 9561.4bf2dc71.js:2
(匿名) @ 9561.4bf2dc71.js:2
(匿名) @ 9561.4bf2dc71.js:2
r @ 9561.4bf2dc71.js:2
s @ 9561.4bf2dc71.js:2
Promise.then
r @ 9561.4bf2dc71.js:2
s @ 9561.4bf2dc71.js:2
Promise.then
r @ 9561.4bf2dc71.js:2
s @ 9561.4bf2dc71.js:2
(匿名) @ 9561.4bf2dc71.js:2
(匿名) @ 9561.4bf2dc71.js:2
49209 @ main.2faaeed8.js:1
n @ main.2faaeed8.js:1
(匿名) @ main.2faaeed8.js:1
n.O @ main.2faaeed8.js:1
(匿名) @ main.2faaeed8.js:1
(匿名) @ main.2faaeed8.js:1
(匿名) @ main.2faaeed8.js:1
(匿名) @ main.2faaeed8.js:1
23:32:08.396 9561.4bf2dc71.js:2  react-intl-universal key "e7d2e85a" not defined in zh
warningHandler @ 9561.4bf2dc71.js:2
value @ 9561.4bf2dc71.js:2
p @ 9561.4bf2dc71.js:2
value @ 808.d56623c9.chunk.js:1
Xi @ 9561.4bf2dc71.js:2
$i @ 9561.4bf2dc71.js:2
Cs @ 9561.4bf2dc71.js:2
wc @ 9561.4bf2dc71.js:2
_c @ 9561.4bf2dc71.js:2
dc @ 9561.4bf2dc71.js:2
(匿名) @ 9561.4bf2dc71.js:2
t.unstable_runWithPriority @ 9561.4bf2dc71.js:2
qo @ 9561.4bf2dc71.js:2
Xo @ 9561.4bf2dc71.js:2
$o @ 9561.4bf2dc71.js:2
ic @ 9561.4bf2dc71.js:2
enqueueSetState @ 9561.4bf2dc71.js:2
b.setState @ 9561.4bf2dc71.js:2
(匿名) @ 808.d56623c9.chunk.js:1
u @ 9561.4bf2dc71.js:2
(匿名) @ 9561.4bf2dc71.js:2
(匿名) @ 9561.4bf2dc71.js:2
r @ 9561.4bf2dc71.js:2
s @ 9561.4bf2dc71.js:2
Promise.then
r @ 9561.4bf2dc71.js:2
s @ 9561.4bf2dc71.js:2
(匿名) @ 9561.4bf2dc71.js:2
(匿名) @ 9561.4bf2dc71.js:2
value @ 808.d56623c9.chunk.js:1
F @ 9561.4bf2dc71.js:2
(匿名) @ 9561.4bf2dc71.js:2
Ec @ 9561.4bf2dc71.js:2
t.unstable_runWithPriority @ 9561.4bf2dc71.js:2
qo @ 9561.4bf2dc71.js:2
kc @ 9561.4bf2dc71.js:2
dc @ 9561.4bf2dc71.js:2
(匿名) @ 9561.4bf2dc71.js:2
t.unstable_runWithPriority @ 9561.4bf2dc71.js:2
qo @ 9561.4bf2dc71.js:2
Xo @ 9561.4bf2dc71.js:2
$o @ 9561.4bf2dc71.js:2
fc @ 9561.4bf2dc71.js:2
We @ 9561.4bf2dc71.js:2
Ue @ 9561.4bf2dc71.js:2
He @ 9561.4bf2dc71.js:2
e.reportChanged @ 9561.4bf2dc71.js:2
t.setNewValue @ 9561.4bf2dc71.js:2
e.write @ 9561.4bf2dc71.js:2
set @ 9561.4bf2dc71.js:2
(匿名) @ main.2faaeed8.js:1
u @ 9561.4bf2dc71.js:2
(匿名) @ 9561.4bf2dc71.js:2
(匿名) @ 9561.4bf2dc71.js:2
r @ 9561.4bf2dc71.js:2
s @ 9561.4bf2dc71.js:2
Promise.then
r @ 9561.4bf2dc71.js:2
s @ 9561.4bf2dc71.js:2
(匿名) @ 9561.4bf2dc71.js:2
(匿名) @ 9561.4bf2dc71.js:2
Ee @ 9561.4bf2dc71.js:2
n @ 9561.4bf2dc71.js:2
(匿名) @ main.2faaeed8.js:1
setTimeout
value @ main.2faaeed8.js:1
Ee @ 9561.4bf2dc71.js:2
n @ 9561.4bf2dc71.js:2
(匿名) @ main.2faaeed8.js:1
u @ 9561.4bf2dc71.js:2
(匿名) @ 9561.4bf2dc71.js:2
(匿名) @ 9561.4bf2dc71.js:2
r @ 9561.4bf2dc71.js:2
s @ 9561.4bf2dc71.js:2
(匿名) @ 9561.4bf2dc71.js:2
(匿名) @ 9561.4bf2dc71.js:2
(匿名) @ main.2faaeed8.js:1
Ee @ 9561.4bf2dc71.js:2
n @ 9561.4bf2dc71.js:2
(匿名) @ main.2faaeed8.js:1
u @ 9561.4bf2dc71.js:2
(匿名) @ 9561.4bf2dc71.js:2
(匿名) @ 9561.4bf2dc71.js:2
r @ 9561.4bf2dc71.js:2
s @ 9561.4bf2dc71.js:2
Promise.then
r @ 9561.4bf2dc71.js:2
s @ 9561.4bf2dc71.js:2
Promise.then
r @ 9561.4bf2dc71.js:2
s @ 9561.4bf2dc71.js:2
Promise.then
r @ 9561.4bf2dc71.js:2
s @ 9561.4bf2dc71.js:2
(匿名) @ 9561.4bf2dc71.js:2
(匿名) @ 9561.4bf2dc71.js:2
value @ main.2faaeed8.js:1
F @ 9561.4bf2dc71.js:2
(匿名) @ 9561.4bf2dc71.js:2
Ec @ 9561.4bf2dc71.js:2
t.unstable_runWithPriority @ 9561.4bf2dc71.js:2
qo @ 9561.4bf2dc71.js:2
kc @ 9561.4bf2dc71.js:2
dc @ 9561.4bf2dc71.js:2
ic @ 9561.4bf2dc71.js:2
Gc @ 9561.4bf2dc71.js:2
(匿名) @ 9561.4bf2dc71.js:2
pc @ 9561.4bf2dc71.js:2
el @ 9561.4bf2dc71.js:2
render @ 9561.4bf2dc71.js:2
(匿名) @ main.2faaeed8.js:1
u @ 9561.4bf2dc71.js:2
(匿名) @ 9561.4bf2dc71.js:2
(匿名) @ 9561.4bf2dc71.js:2
r @ 9561.4bf2dc71.js:2
s @ 9561.4bf2dc71.js:2
Promise.then
r @ 9561.4bf2dc71.js:2
s @ 9561.4bf2dc71.js:2
(匿名) @ 9561.4bf2dc71.js:2
(匿名) @ 9561.4bf2dc71.js:2
(匿名) @ main.2faaeed8.js:1
(匿名) @ main.2faaeed8.js:1
u @ 9561.4bf2dc71.js:2
(匿名) @ 9561.4bf2dc71.js:2
(匿名) @ 9561.4bf2dc71.js:2
r @ 9561.4bf2dc71.js:2
s @ 9561.4bf2dc71.js:2
Promise.then
r @ 9561.4bf2dc71.js:2
s @ 9561.4bf2dc71.js:2
Promise.then
r @ 9561.4bf2dc71.js:2
s @ 9561.4bf2dc71.js:2
(匿名) @ 9561.4bf2dc71.js:2
(匿名) @ 9561.4bf2dc71.js:2
49209 @ main.2faaeed8.js:1
n @ main.2faaeed8.js:1
(匿名) @ main.2faaeed8.js:1
n.O @ main.2faaeed8.js:1
(匿名) @ main.2faaeed8.js:1
(匿名) @ main.2faaeed8.js:1
(匿名) @ main.2faaeed8.js:1
(匿名) @ main.2faaeed8.js:1
23:32:08.398 9561.4bf2dc71.js:2  react-intl-universal key "447595d5" not defined in zh
warningHandler @ 9561.4bf2dc71.js:2
value @ 9561.4bf2dc71.js:2
p @ 9561.4bf2dc71.js:2
(匿名) @ 8222.6209a852.chunk.js:1
hi @ 9561.4bf2dc71.js:2
Qi @ 9561.4bf2dc71.js:2
Cs @ 9561.4bf2dc71.js:2
wc @ 9561.4bf2dc71.js:2
_c @ 9561.4bf2dc71.js:2
dc @ 9561.4bf2dc71.js:2
(匿名) @ 9561.4bf2dc71.js:2
t.unstable_runWithPriority @ 9561.4bf2dc71.js:2
qo @ 9561.4bf2dc71.js:2
Xo @ 9561.4bf2dc71.js:2
$o @ 9561.4bf2dc71.js:2
ic @ 9561.4bf2dc71.js:2
enqueueSetState @ 9561.4bf2dc71.js:2
b.setState @ 9561.4bf2dc71.js:2
(匿名) @ 808.d56623c9.chunk.js:1
u @ 9561.4bf2dc71.js:2
(匿名) @ 9561.4bf2dc71.js:2
(匿名) @ 9561.4bf2dc71.js:2
r @ 9561.4bf2dc71.js:2
s @ 9561.4bf2dc71.js:2
Promise.then
r @ 9561.4bf2dc71.js:2
s @ 9561.4bf2dc71.js:2
(匿名) @ 9561.4bf2dc71.js:2
(匿名) @ 9561.4bf2dc71.js:2
value @ 808.d56623c9.chunk.js:1
F @ 9561.4bf2dc71.js:2
(匿名) @ 9561.4bf2dc71.js:2
Ec @ 9561.4bf2dc71.js:2
t.unstable_runWithPriority @ 9561.4bf2dc71.js:2
qo @ 9561.4bf2dc71.js:2
kc @ 9561.4bf2dc71.js:2
dc @ 9561.4bf2dc71.js:2
(匿名) @ 9561.4bf2dc71.js:2
t.unstable_runWithPriority @ 9561.4bf2dc71.js:2
qo @ 9561.4bf2dc71.js:2
Xo @ 9561.4bf2dc71.js:2
$o @ 9561.4bf2dc71.js:2
fc @ 9561.4bf2dc71.js:2
We @ 9561.4bf2dc71.js:2
Ue @ 9561.4bf2dc71.js:2
He @ 9561.4bf2dc71.js:2
e.reportChanged @ 9561.4bf2dc71.js:2
t.setNewValue @ 9561.4bf2dc71.js:2
e.write @ 9561.4bf2dc71.js:2
set @ 9561.4bf2dc71.js:2
(匿名) @ main.2faaeed8.js:1
u @ 9561.4bf2dc71.js:2
(匿名) @ 9561.4bf2dc71.js:2
(匿名) @ 9561.4bf2dc71.js:2
r @ 9561.4bf2dc71.js:2
s @ 9561.4bf2dc71.js:2
Promise.then
r @ 9561.4bf2dc71.js:2
s @ 9561.4bf2dc71.js:2
(匿名) @ 9561.4bf2dc71.js:2
(匿名) @ 9561.4bf2dc71.js:2
Ee @ 9561.4bf2dc71.js:2
n @ 9561.4bf2dc71.js:2
(匿名) @ main.2faaeed8.js:1
setTimeout
value @ main.2faaeed8.js:1
Ee @ 9561.4bf2dc71.js:2
n @ 9561.4bf2dc71.js:2
(匿名) @ main.2faaeed8.js:1
u @ 9561.4bf2dc71.js:2
(匿名) @ 9561.4bf2dc71.js:2
(匿名) @ 9561.4bf2dc71.js:2
r @ 9561.4bf2dc71.js:2
s @ 9561.4bf2dc71.js:2
(匿名) @ 9561.4bf2dc71.js:2
(匿名) @ 9561.4bf2dc71.js:2
(匿名) @ main.2faaeed8.js:1
Ee @ 9561.4bf2dc71.js:2
n @ 9561.4bf2dc71.js:2
(匿名) @ main.2faaeed8.js:1
u @ 9561.4bf2dc71.js:2
(匿名) @ 9561.4bf2dc71.js:2
(匿名) @ 9561.4bf2dc71.js:2
r @ 9561.4bf2dc71.js:2
s @ 9561.4bf2dc71.js:2
Promise.then
r @ 9561.4bf2dc71.js:2
s @ 9561.4bf2dc71.js:2
Promise.then
r @ 9561.4bf2dc71.js:2
s @ 9561.4bf2dc71.js:2
Promise.then
r @ 9561.4bf2dc71.js:2
s @ 9561.4bf2dc71.js:2
(匿名) @ 9561.4bf2dc71.js:2
(匿名) @ 9561.4bf2dc71.js:2
value @ main.2faaeed8.js:1
F @ 9561.4bf2dc71.js:2
(匿名) @ 9561.4bf2dc71.js:2
Ec @ 9561.4bf2dc71.js:2
t.unstable_runWithPriority @ 9561.4bf2dc71.js:2
qo @ 9561.4bf2dc71.js:2
kc @ 9561.4bf2dc71.js:2
dc @ 9561.4bf2dc71.js:2
ic @ 9561.4bf2dc71.js:2
Gc @ 9561.4bf2dc71.js:2
(匿名) @ 9561.4bf2dc71.js:2
pc @ 9561.4bf2dc71.js:2
el @ 9561.4bf2dc71.js:2
render @ 9561.4bf2dc71.js:2
(匿名) @ main.2faaeed8.js:1
u @ 9561.4bf2dc71.js:2
(匿名) @ 9561.4bf2dc71.js:2
(匿名) @ 9561.4bf2dc71.js:2
r @ 9561.4bf2dc71.js:2
s @ 9561.4bf2dc71.js:2
Promise.then
r @ 9561.4bf2dc71.js:2
s @ 9561.4bf2dc71.js:2
(匿名) @ 9561.4bf2dc71.js:2
(匿名) @ 9561.4bf2dc71.js:2
(匿名) @ main.2faaeed8.js:1
(匿名) @ main.2faaeed8.js:1
u @ 9561.4bf2dc71.js:2
(匿名) @ 9561.4bf2dc71.js:2
(匿名) @ 9561.4bf2dc71.js:2
r @ 9561.4bf2dc71.js:2
s @ 9561.4bf2dc71.js:2
Promise.then
r @ 9561.4bf2dc71.js:2
s @ 9561.4bf2dc71.js:2
Promise.then
r @ 9561.4bf2dc71.js:2
s @ 9561.4bf2dc71.js:2
(匿名) @ 9561.4bf2dc71.js:2
(匿名) @ 9561.4bf2dc71.js:2
49209 @ main.2faaeed8.js:1
n @ main.2faaeed8.js:1
(匿名) @ main.2faaeed8.js:1
n.O @ main.2faaeed8.js:1
(匿名) @ main.2faaeed8.js:1
(匿名) @ main.2faaeed8.js:1
(匿名) @ main.2faaeed8.js:1
(匿名) @ main.2faaeed8.js:1
23:32:08.407 9561.4bf2dc71.js:2 div
23:32:08.407 9561.4bf2dc71.js:2 由于“保留日志”的原因，已阻止console.clear()
23:32:08.407 9561.4bf2dc71.js:2 ƒ l(){}
23:32:08.407 9561.4bf2dc71.js:2 由于“保留日志”的原因，已阻止console.clear()
23:32:08.407 9561.4bf2dc71.js:2 (索引)toStringlastIndexdotAllflagsglobalhasIndicesignoreCasemultilinesourcestickyunicodeunicodeSets(索引)toStringlastIndexdotAllflagsglobalhasIndicesignoreCasemultilinesourcestickyunicodeunicodeSetsdepƒ0false''falsefalsefalsefalse' 'falsefalsefalseObject
23:32:08.408 9561.4bf2dc71.js:2 由于“保留日志”的原因，已阻止console.clear()
23:32:08.408 9561.4bf2dc71.js:2 Wed Mar 11 2026 23:32:07 GMT+0800 (中国标准时间)
23:32:08.408 9561.4bf2dc71.js:2 由于“保留日志”的原因，已阻止console.clear()
23:32:08.408 9561.4bf2dc71.js:2 {}
23:32:08.408 9561.4bf2dc71.js:2 由于“保留日志”的原因，已阻止console.clear()
23:32:08.410 9561.4bf2dc71.js:2  react-intl-universal key "e2d15efb" not defined in zh
warningHandler @ 9561.4bf2dc71.js:2
value @ 9561.4bf2dc71.js:2
p @ 9561.4bf2dc71.js:2
value @ 808.d56623c9.chunk.js:1
Xi @ 9561.4bf2dc71.js:2
$i @ 9561.4bf2dc71.js:2
Cs @ 9561.4bf2dc71.js:2
wc @ 9561.4bf2dc71.js:2
_c @ 9561.4bf2dc71.js:2
dc @ 9561.4bf2dc71.js:2
(匿名) @ 9561.4bf2dc71.js:2
t.unstable_runWithPriority @ 9561.4bf2dc71.js:2
qo @ 9561.4bf2dc71.js:2
Xo @ 9561.4bf2dc71.js:2
$o @ 9561.4bf2dc71.js:2
ic @ 9561.4bf2dc71.js:2
enqueueSetState @ 9561.4bf2dc71.js:2
b.setState @ 9561.4bf2dc71.js:2
(匿名) @ 808.d56623c9.chunk.js:1
u @ 9561.4bf2dc71.js:2
(匿名) @ 9561.4bf2dc71.js:2
(匿名) @ 9561.4bf2dc71.js:2
r @ 9561.4bf2dc71.js:2
s @ 9561.4bf2dc71.js:2
Promise.then
r @ 9561.4bf2dc71.js:2
s @ 9561.4bf2dc71.js:2
(匿名) @ 9561.4bf2dc71.js:2
(匿名) @ 9561.4bf2dc71.js:2
value @ 808.d56623c9.chunk.js:1
F @ 9561.4bf2dc71.js:2
(匿名) @ 9561.4bf2dc71.js:2
Ec @ 9561.4bf2dc71.js:2
t.unstable_runWithPriority @ 9561.4bf2dc71.js:2
qo @ 9561.4bf2dc71.js:2
kc @ 9561.4bf2dc71.js:2
dc @ 9561.4bf2dc71.js:2
(匿名) @ 9561.4bf2dc71.js:2
t.unstable_runWithPriority @ 9561.4bf2dc71.js:2
qo @ 9561.4bf2dc71.js:2
Xo @ 9561.4bf2dc71.js:2
$o @ 9561.4bf2dc71.js:2
fc @ 9561.4bf2dc71.js:2
We @ 9561.4bf2dc71.js:2
Ue @ 9561.4bf2dc71.js:2
He @ 9561.4bf2dc71.js:2
e.reportChanged @ 9561.4bf2dc71.js:2
t.setNewValue @ 9561.4bf2dc71.js:2
e.write @ 9561.4bf2dc71.js:2
set @ 9561.4bf2dc71.js:2
(匿名) @ main.2faaeed8.js:1
u @ 9561.4bf2dc71.js:2
(匿名) @ 9561.4bf2dc71.js:2
(匿名) @ 9561.4bf2dc71.js:2
r @ 9561.4bf2dc71.js:2
s @ 9561.4bf2dc71.js:2
Promise.then
r @ 9561.4bf2dc71.js:2
s @ 9561.4bf2dc71.js:2
(匿名) @ 9561.4bf2dc71.js:2
(匿名) @ 9561.4bf2dc71.js:2
Ee @ 9561.4bf2dc71.js:2
n @ 9561.4bf2dc71.js:2
(匿名) @ main.2faaeed8.js:1
setTimeout
value @ main.2faaeed8.js:1
Ee @ 9561.4bf2dc71.js:2
n @ 9561.4bf2dc71.js:2
(匿名) @ main.2faaeed8.js:1
u @ 9561.4bf2dc71.js:2
(匿名) @ 9561.4bf2dc71.js:2
(匿名) @ 9561.4bf2dc71.js:2
r @ 9561.4bf2dc71.js:2
s @ 9561.4bf2dc71.js:2
(匿名) @ 9561.4bf2dc71.js:2
(匿名) @ 9561.4bf2dc71.js:2
(匿名) @ main.2faaeed8.js:1
Ee @ 9561.4bf2dc71.js:2
n @ 9561.4bf2dc71.js:2
(匿名) @ main.2faaeed8.js:1
u @ 9561.4bf2dc71.js:2
(匿名) @ 9561.4bf2dc71.js:2
(匿名) @ 9561.4bf2dc71.js:2
r @ 9561.4bf2dc71.js:2
s @ 9561.4bf2dc71.js:2
Promise.then
r @ 9561.4bf2dc71.js:2
s @ 9561.4bf2dc71.js:2
Promise.then
r @ 9561.4bf2dc71.js:2
s @ 9561.4bf2dc71.js:2
Promise.then
r @ 9561.4bf2dc71.js:2
s @ 9561.4bf2dc71.js:2
(匿名) @ 9561.4bf2dc71.js:2
(匿名) @ 9561.4bf2dc71.js:2
value @ main.2faaeed8.js:1
F @ 9561.4bf2dc71.js:2
(匿名) @ 9561.4bf2dc71.js:2
Ec @ 9561.4bf2dc71.js:2
t.unstable_runWithPriority @ 9561.4bf2dc71.js:2
qo @ 9561.4bf2dc71.js:2
kc @ 9561.4bf2dc71.js:2
dc @ 9561.4bf2dc71.js:2
ic @ 9561.4bf2dc71.js:2
Gc @ 9561.4bf2dc71.js:2
(匿名) @ 9561.4bf2dc71.js:2
pc @ 9561.4bf2dc71.js:2
el @ 9561.4bf2dc71.js:2
render @ 9561.4bf2dc71.js:2
(匿名) @ main.2faaeed8.js:1
u @ 9561.4bf2dc71.js:2
(匿名) @ 9561.4bf2dc71.js:2
(匿名) @ 9561.4bf2dc71.js:2
r @ 9561.4bf2dc71.js:2
s @ 9561.4bf2dc71.js:2
Promise.then
r @ 9561.4bf2dc71.js:2
s @ 9561.4bf2dc71.js:2
(匿名) @ 9561.4bf2dc71.js:2
(匿名) @ 9561.4bf2dc71.js:2
(匿名) @ main.2faaeed8.js:1
(匿名) @ main.2faaeed8.js:1
u @ 9561.4bf2dc71.js:2
(匿名) @ 9561.4bf2dc71.js:2
(匿名) @ 9561.4bf2dc71.js:2
r @ 9561.4bf2dc71.js:2
s @ 9561.4bf2dc71.js:2
Promise.then
r @ 9561.4bf2dc71.js:2
s @ 9561.4bf2dc71.js:2
Promise.then
r @ 9561.4bf2dc71.js:2
s @ 9561.4bf2dc71.js:2
(匿名) @ 9561.4bf2dc71.js:2
(匿名) @ 9561.4bf2dc71.js:2
49209 @ main.2faaeed8.js:1
n @ main.2faaeed8.js:1
(匿名) @ main.2faaeed8.js:1
n.O @ main.2faaeed8.js:1
(匿名) @ main.2faaeed8.js:1
(匿名) @ main.2faaeed8.js:1
(匿名) @ main.2faaeed8.js:1
(匿名) @ main.2faaeed8.js:1
23:32:08.411 9561.4bf2dc71.js:2  react-intl-universal key "f5444d4a" not defined in zh
warningHandler @ 9561.4bf2dc71.js:2
value @ 9561.4bf2dc71.js:2
p @ 9561.4bf2dc71.js:2
value @ 808.d56623c9.chunk.js:1
Xi @ 9561.4bf2dc71.js:2
$i @ 9561.4bf2dc71.js:2
Cs @ 9561.4bf2dc71.js:2
wc @ 9561.4bf2dc71.js:2
_c @ 9561.4bf2dc71.js:2
dc @ 9561.4bf2dc71.js:2
(匿名) @ 9561.4bf2dc71.js:2
t.unstable_runWithPriority @ 9561.4bf2dc71.js:2
qo @ 9561.4bf2dc71.js:2
Xo @ 9561.4bf2dc71.js:2
$o @ 9561.4bf2dc71.js:2
ic @ 9561.4bf2dc71.js:2
enqueueSetState @ 9561.4bf2dc71.js:2
b.setState @ 9561.4bf2dc71.js:2
(匿名) @ 808.d56623c9.chunk.js:1
u @ 9561.4bf2dc71.js:2
(匿名) @ 9561.4bf2dc71.js:2
(匿名) @ 9561.4bf2dc71.js:2
r @ 9561.4bf2dc71.js:2
s @ 9561.4bf2dc71.js:2
Promise.then
r @ 9561.4bf2dc71.js:2
s @ 9561.4bf2dc71.js:2
(匿名) @ 9561.4bf2dc71.js:2
(匿名) @ 9561.4bf2dc71.js:2
value @ 808.d56623c9.chunk.js:1
F @ 9561.4bf2dc71.js:2
(匿名) @ 9561.4bf2dc71.js:2
Ec @ 9561.4bf2dc71.js:2
t.unstable_runWithPriority @ 9561.4bf2dc71.js:2
qo @ 9561.4bf2dc71.js:2
kc @ 9561.4bf2dc71.js:2
dc @ 9561.4bf2dc71.js:2
(匿名) @ 9561.4bf2dc71.js:2
t.unstable_runWithPriority @ 9561.4bf2dc71.js:2
qo @ 9561.4bf2dc71.js:2
Xo @ 9561.4bf2dc71.js:2
$o @ 9561.4bf2dc71.js:2
fc @ 9561.4bf2dc71.js:2
We @ 9561.4bf2dc71.js:2
Ue @ 9561.4bf2dc71.js:2
He @ 9561.4bf2dc71.js:2
e.reportChanged @ 9561.4bf2dc71.js:2
t.setNewValue @ 9561.4bf2dc71.js:2
e.write @ 9561.4bf2dc71.js:2
set @ 9561.4bf2dc71.js:2
(匿名) @ main.2faaeed8.js:1
u @ 9561.4bf2dc71.js:2
(匿名) @ 9561.4bf2dc71.js:2
(匿名) @ 9561.4bf2dc71.js:2
r @ 9561.4bf2dc71.js:2
s @ 9561.4bf2dc71.js:2
Promise.then
r @ 9561.4bf2dc71.js:2
s @ 9561.4bf2dc71.js:2
(匿名) @ 9561.4bf2dc71.js:2
(匿名) @ 9561.4bf2dc71.js:2
Ee @ 9561.4bf2dc71.js:2
n @ 9561.4bf2dc71.js:2
(匿名) @ main.2faaeed8.js:1
setTimeout
value @ main.2faaeed8.js:1
Ee @ 9561.4bf2dc71.js:2
n @ 9561.4bf2dc71.js:2
(匿名) @ main.2faaeed8.js:1
u @ 9561.4bf2dc71.js:2
(匿名) @ 9561.4bf2dc71.js:2
(匿名) @ 9561.4bf2dc71.js:2
r @ 9561.4bf2dc71.js:2
s @ 9561.4bf2dc71.js:2
(匿名) @ 9561.4bf2dc71.js:2
(匿名) @ 9561.4bf2dc71.js:2
(匿名) @ main.2faaeed8.js:1
Ee @ 9561.4bf2dc71.js:2
n @ 9561.4bf2dc71.js:2
(匿名) @ main.2faaeed8.js:1
u @ 9561.4bf2dc71.js:2
(匿名) @ 9561.4bf2dc71.js:2
(匿名) @ 9561.4bf2dc71.js:2
r @ 9561.4bf2dc71.js:2
s @ 9561.4bf2dc71.js:2
Promise.then
r @ 9561.4bf2dc71.js:2
s @ 9561.4bf2dc71.js:2
Promise.then
r @ 9561.4bf2dc71.js:2
s @ 9561.4bf2dc71.js:2
Promise.then
r @ 9561.4bf2dc71.js:2
s @ 9561.4bf2dc71.js:2
(匿名) @ 9561.4bf2dc71.js:2
(匿名) @ 9561.4bf2dc71.js:2
value @ main.2faaeed8.js:1
F @ 9561.4bf2dc71.js:2
(匿名) @ 9561.4bf2dc71.js:2
Ec @ 9561.4bf2dc71.js:2
t.unstable_runWithPriority @ 9561.4bf2dc71.js:2
qo @ 9561.4bf2dc71.js:2
kc @ 9561.4bf2dc71.js:2
dc @ 9561.4bf2dc71.js:2
ic @ 9561.4bf2dc71.js:2
Gc @ 9561.4bf2dc71.js:2
(匿名) @ 9561.4bf2dc71.js:2
pc @ 9561.4bf2dc71.js:2
el @ 9561.4bf2dc71.js:2
render @ 9561.4bf2dc71.js:2
(匿名) @ main.2faaeed8.js:1
u @ 9561.4bf2dc71.js:2
(匿名) @ 9561.4bf2dc71.js:2
(匿名) @ 9561.4bf2dc71.js:2
r @ 9561.4bf2dc71.js:2
s @ 9561.4bf2dc71.js:2
Promise.then
r @ 9561.4bf2dc71.js:2
s @ 9561.4bf2dc71.js:2
(匿名) @ 9561.4bf2dc71.js:2
(匿名) @ 9561.4bf2dc71.js:2
(匿名) @ main.2faaeed8.js:1
(匿名) @ main.2faaeed8.js:1
u @ 9561.4bf2dc71.js:2
(匿名) @ 9561.4bf2dc71.js:2
(匿名) @ 9561.4bf2dc71.js:2
r @ 9561.4bf2dc71.js:2
s @ 9561.4bf2dc71.js:2
Promise.then
r @ 9561.4bf2dc71.js:2
s @ 9561.4bf2dc71.js:2
Promise.then
r @ 9561.4bf2dc71.js:2
s @ 9561.4bf2dc71.js:2
(匿名) @ 9561.4bf2dc71.js:2
(匿名) @ 9561.4bf2dc71.js:2
49209 @ main.2faaeed8.js:1
n @ main.2faaeed8.js:1
(匿名) @ main.2faaeed8.js:1
n.O @ main.2faaeed8.js:1
(匿名) @ main.2faaeed8.js:1
(匿名) @ main.2faaeed8.js:1
(匿名) @ main.2faaeed8.js:1
(匿名) @ main.2faaeed8.js:1
23:32:08.411 9561.4bf2dc71.js:2  react-intl-universal key "1655dd5f" not defined in zh
warningHandler @ 9561.4bf2dc71.js:2
value @ 9561.4bf2dc71.js:2
p @ 9561.4bf2dc71.js:2
value @ 808.d56623c9.chunk.js:1
Xi @ 9561.4bf2dc71.js:2
$i @ 9561.4bf2dc71.js:2
Cs @ 9561.4bf2dc71.js:2
wc @ 9561.4bf2dc71.js:2
_c @ 9561.4bf2dc71.js:2
dc @ 9561.4bf2dc71.js:2
(匿名) @ 9561.4bf2dc71.js:2
t.unstable_runWithPriority @ 9561.4bf2dc71.js:2
qo @ 9561.4bf2dc71.js:2
Xo @ 9561.4bf2dc71.js:2
$o @ 9561.4bf2dc71.js:2
ic @ 9561.4bf2dc71.js:2
enqueueSetState @ 9561.4bf2dc71.js:2
b.setState @ 9561.4bf2dc71.js:2
(匿名) @ 808.d56623c9.chunk.js:1
u @ 9561.4bf2dc71.js:2
(匿名) @ 9561.4bf2dc71.js:2
(匿名) @ 9561.4bf2dc71.js:2
r @ 9561.4bf2dc71.js:2
s @ 9561.4bf2dc71.js:2
Promise.then
r @ 9561.4bf2dc71.js:2
s @ 9561.4bf2dc71.js:2
(匿名) @ 9561.4bf2dc71.js:2
(匿名) @ 9561.4bf2dc71.js:2
value @ 808.d56623c9.chunk.js:1
F @ 9561.4bf2dc71.js:2
(匿名) @ 9561.4bf2dc71.js:2
Ec @ 9561.4bf2dc71.js:2
t.unstable_runWithPriority @ 9561.4bf2dc71.js:2
qo @ 9561.4bf2dc71.js:2
kc @ 9561.4bf2dc71.js:2
dc @ 9561.4bf2dc71.js:2
(匿名) @ 9561.4bf2dc71.js:2
t.unstable_runWithPriority @ 9561.4bf2dc71.js:2
qo @ 9561.4bf2dc71.js:2
Xo @ 9561.4bf2dc71.js:2
$o @ 9561.4bf2dc71.js:2
fc @ 9561.4bf2dc71.js:2
We @ 9561.4bf2dc71.js:2
Ue @ 9561.4bf2dc71.js:2
He @ 9561.4bf2dc71.js:2
e.reportChanged @ 9561.4bf2dc71.js:2
t.setNewValue @ 9561.4bf2dc71.js:2
e.write @ 9561.4bf2dc71.js:2
set @ 9561.4bf2dc71.js:2
(匿名) @ main.2faaeed8.js:1
u @ 9561.4bf2dc71.js:2
(匿名) @ 9561.4bf2dc71.js:2
(匿名) @ 9561.4bf2dc71.js:2
r @ 9561.4bf2dc71.js:2
s @ 9561.4bf2dc71.js:2
Promise.then
r @ 9561.4bf2dc71.js:2
s @ 9561.4bf2dc71.js:2
(匿名) @ 9561.4bf2dc71.js:2
(匿名) @ 9561.4bf2dc71.js:2
Ee @ 9561.4bf2dc71.js:2
n @ 9561.4bf2dc71.js:2
(匿名) @ main.2faaeed8.js:1
setTimeout
value @ main.2faaeed8.js:1
Ee @ 9561.4bf2dc71.js:2
n @ 9561.4bf2dc71.js:2
(匿名) @ main.2faaeed8.js:1
u @ 9561.4bf2dc71.js:2
(匿名) @ 9561.4bf2dc71.js:2
(匿名) @ 9561.4bf2dc71.js:2
r @ 9561.4bf2dc71.js:2
s @ 9561.4bf2dc71.js:2
(匿名) @ 9561.4bf2dc71.js:2
(匿名) @ 9561.4bf2dc71.js:2
(匿名) @ main.2faaeed8.js:1
Ee @ 9561.4bf2dc71.js:2
n @ 9561.4bf2dc71.js:2
(匿名) @ main.2faaeed8.js:1
u @ 9561.4bf2dc71.js:2
(匿名) @ 9561.4bf2dc71.js:2
(匿名) @ 9561.4bf2dc71.js:2
r @ 9561.4bf2dc71.js:2
s @ 9561.4bf2dc71.js:2
Promise.then
r @ 9561.4bf2dc71.js:2
s @ 9561.4bf2dc71.js:2
Promise.then
r @ 9561.4bf2dc71.js:2
s @ 9561.4bf2dc71.js:2
Promise.then
r @ 9561.4bf2dc71.js:2
s @ 9561.4bf2dc71.js:2
(匿名) @ 9561.4bf2dc71.js:2
(匿名) @ 9561.4bf2dc71.js:2
value @ main.2faaeed8.js:1
F @ 9561.4bf2dc71.js:2
(匿名) @ 9561.4bf2dc71.js:2
Ec @ 9561.4bf2dc71.js:2
t.unstable_runWithPriority @ 9561.4bf2dc71.js:2
qo @ 9561.4bf2dc71.js:2
kc @ 9561.4bf2dc71.js:2
dc @ 9561.4bf2dc71.js:2
ic @ 9561.4bf2dc71.js:2
Gc @ 9561.4bf2dc71.js:2
(匿名) @ 9561.4bf2dc71.js:2
pc @ 9561.4bf2dc71.js:2
el @ 9561.4bf2dc71.js:2
render @ 9561.4bf2dc71.js:2
(匿名) @ main.2faaeed8.js:1
u @ 9561.4bf2dc71.js:2
(匿名) @ 9561.4bf2dc71.js:2
(匿名) @ 9561.4bf2dc71.js:2
r @ 9561.4bf2dc71.js:2
s @ 9561.4bf2dc71.js:2
Promise.then
r @ 9561.4bf2dc71.js:2
s @ 9561.4bf2dc71.js:2
(匿名) @ 9561.4bf2dc71.js:2
(匿名) @ 9561.4bf2dc71.js:2
(匿名) @ main.2faaeed8.js:1
(匿名) @ main.2faaeed8.js:1
u @ 9561.4bf2dc71.js:2
(匿名) @ 9561.4bf2dc71.js:2
(匿名) @ 9561.4bf2dc71.js:2
r @ 9561.4bf2dc71.js:2
s @ 9561.4bf2dc71.js:2
Promise.then
r @ 9561.4bf2dc71.js:2
s @ 9561.4bf2dc71.js:2
Promise.then
r @ 9561.4bf2dc71.js:2
s @ 9561.4bf2dc71.js:2
(匿名) @ 9561.4bf2dc71.js:2
(匿名) @ 9561.4bf2dc71.js:2
49209 @ main.2faaeed8.js:1
n @ main.2faaeed8.js:1
(匿名) @ main.2faaeed8.js:1
n.O @ main.2faaeed8.js:1
(匿名) @ main.2faaeed8.js:1
(匿名) @ main.2faaeed8.js:1
(匿名) @ main.2faaeed8.js:1
(匿名) @ main.2faaeed8.js:1
23:32:08.411 9561.4bf2dc71.js:2  react-intl-universal key "e7d2e85a" not defined in zh
warningHandler @ 9561.4bf2dc71.js:2
value @ 9561.4bf2dc71.js:2
p @ 9561.4bf2dc71.js:2
value @ 808.d56623c9.chunk.js:1
Xi @ 9561.4bf2dc71.js:2
$i @ 9561.4bf2dc71.js:2
Cs @ 9561.4bf2dc71.js:2
wc @ 9561.4bf2dc71.js:2
_c @ 9561.4bf2dc71.js:2
dc @ 9561.4bf2dc71.js:2
(匿名) @ 9561.4bf2dc71.js:2
t.unstable_runWithPriority @ 9561.4bf2dc71.js:2
qo @ 9561.4bf2dc71.js:2
Xo @ 9561.4bf2dc71.js:2
$o @ 9561.4bf2dc71.js:2
ic @ 9561.4bf2dc71.js:2
enqueueSetState @ 9561.4bf2dc71.js:2
b.setState @ 9561.4bf2dc71.js:2
(匿名) @ 808.d56623c9.chunk.js:1
u @ 9561.4bf2dc71.js:2
(匿名) @ 9561.4bf2dc71.js:2
(匿名) @ 9561.4bf2dc71.js:2
r @ 9561.4bf2dc71.js:2
s @ 9561.4bf2dc71.js:2
Promise.then
r @ 9561.4bf2dc71.js:2
s @ 9561.4bf2dc71.js:2
(匿名) @ 9561.4bf2dc71.js:2
(匿名) @ 9561.4bf2dc71.js:2
value @ 808.d56623c9.chunk.js:1
F @ 9561.4bf2dc71.js:2
(匿名) @ 9561.4bf2dc71.js:2
Ec @ 9561.4bf2dc71.js:2
t.unstable_runWithPriority @ 9561.4bf2dc71.js:2
qo @ 9561.4bf2dc71.js:2
kc @ 9561.4bf2dc71.js:2
dc @ 9561.4bf2dc71.js:2
(匿名) @ 9561.4bf2dc71.js:2
t.unstable_runWithPriority @ 9561.4bf2dc71.js:2
qo @ 9561.4bf2dc71.js:2
Xo @ 9561.4bf2dc71.js:2
$o @ 9561.4bf2dc71.js:2
fc @ 9561.4bf2dc71.js:2
We @ 9561.4bf2dc71.js:2
Ue @ 9561.4bf2dc71.js:2
He @ 9561.4bf2dc71.js:2
e.reportChanged @ 9561.4bf2dc71.js:2
t.setNewValue @ 9561.4bf2dc71.js:2
e.write @ 9561.4bf2dc71.js:2
set @ 9561.4bf2dc71.js:2
(匿名) @ main.2faaeed8.js:1
u @ 9561.4bf2dc71.js:2
(匿名) @ 9561.4bf2dc71.js:2
(匿名) @ 9561.4bf2dc71.js:2
r @ 9561.4bf2dc71.js:2
s @ 9561.4bf2dc71.js:2
Promise.then
r @ 9561.4bf2dc71.js:2
s @ 9561.4bf2dc71.js:2
(匿名) @ 9561.4bf2dc71.js:2
(匿名) @ 9561.4bf2dc71.js:2
Ee @ 9561.4bf2dc71.js:2
n @ 9561.4bf2dc71.js:2
(匿名) @ main.2faaeed8.js:1
setTimeout
value @ main.2faaeed8.js:1
Ee @ 9561.4bf2dc71.js:2
n @ 9561.4bf2dc71.js:2
(匿名) @ main.2faaeed8.js:1
u @ 9561.4bf2dc71.js:2
(匿名) @ 9561.4bf2dc71.js:2
(匿名) @ 9561.4bf2dc71.js:2
r @ 9561.4bf2dc71.js:2
s @ 9561.4bf2dc71.js:2
(匿名) @ 9561.4bf2dc71.js:2
(匿名) @ 9561.4bf2dc71.js:2
(匿名) @ main.2faaeed8.js:1
Ee @ 9561.4bf2dc71.js:2
n @ 9561.4bf2dc71.js:2
(匿名) @ main.2faaeed8.js:1
u @ 9561.4bf2dc71.js:2
(匿名) @ 9561.4bf2dc71.js:2
(匿名) @ 9561.4bf2dc71.js:2
r @ 9561.4bf2dc71.js:2
s @ 9561.4bf2dc71.js:2
Promise.then
r @ 9561.4bf2dc71.js:2
s @ 9561.4bf2dc71.js:2
Promise.then
r @ 9561.4bf2dc71.js:2
s @ 9561.4bf2dc71.js:2
Promise.then
r @ 9561.4bf2dc71.js:2
s @ 9561.4bf2dc71.js:2
(匿名) @ 9561.4bf2dc71.js:2
(匿名) @ 9561.4bf2dc71.js:2
value @ main.2faaeed8.js:1
F @ 9561.4bf2dc71.js:2
(匿名) @ 9561.4bf2dc71.js:2
Ec @ 9561.4bf2dc71.js:2
t.unstable_runWithPriority @ 9561.4bf2dc71.js:2
qo @ 9561.4bf2dc71.js:2
kc @ 9561.4bf2dc71.js:2
dc @ 9561.4bf2dc71.js:2
ic @ 9561.4bf2dc71.js:2
Gc @ 9561.4bf2dc71.js:2
(匿名) @ 9561.4bf2dc71.js:2
pc @ 9561.4bf2dc71.js:2
el @ 9561.4bf2dc71.js:2
render @ 9561.4bf2dc71.js:2
(匿名) @ main.2faaeed8.js:1
u @ 9561.4bf2dc71.js:2
(匿名) @ 9561.4bf2dc71.js:2
(匿名) @ 9561.4bf2dc71.js:2
r @ 9561.4bf2dc71.js:2
s @ 9561.4bf2dc71.js:2
Promise.then
r @ 9561.4bf2dc71.js:2
s @ 9561.4bf2dc71.js:2
(匿名) @ 9561.4bf2dc71.js:2
(匿名) @ 9561.4bf2dc71.js:2
(匿名) @ main.2faaeed8.js:1
(匿名) @ main.2faaeed8.js:1
u @ 9561.4bf2dc71.js:2
(匿名) @ 9561.4bf2dc71.js:2
(匿名) @ 9561.4bf2dc71.js:2
r @ 9561.4bf2dc71.js:2
s @ 9561.4bf2dc71.js:2
Promise.then
r @ 9561.4bf2dc71.js:2
s @ 9561.4bf2dc71.js:2
Promise.then
r @ 9561.4bf2dc71.js:2
s @ 9561.4bf2dc71.js:2
(匿名) @ 9561.4bf2dc71.js:2
(匿名) @ 9561.4bf2dc71.js:2
49209 @ main.2faaeed8.js:1
n @ main.2faaeed8.js:1
(匿名) @ main.2faaeed8.js:1
n.O @ main.2faaeed8.js:1
(匿名) @ main.2faaeed8.js:1
(匿名) @ main.2faaeed8.js:1
(匿名) @ main.2faaeed8.js:1
(匿名) @ main.2faaeed8.js:1
23:32:08.412 9561.4bf2dc71.js:2  react-intl-universal key "447595d5" not defined in zh
warningHandler @ 9561.4bf2dc71.js:2
value @ 9561.4bf2dc71.js:2
p @ 9561.4bf2dc71.js:2
(匿名) @ 8222.6209a852.chunk.js:1
hi @ 9561.4bf2dc71.js:2
Qi @ 9561.4bf2dc71.js:2
Cs @ 9561.4bf2dc71.js:2
wc @ 9561.4bf2dc71.js:2
_c @ 9561.4bf2dc71.js:2
dc @ 9561.4bf2dc71.js:2
(匿名) @ 9561.4bf2dc71.js:2
t.unstable_runWithPriority @ 9561.4bf2dc71.js:2
qo @ 9561.4bf2dc71.js:2
Xo @ 9561.4bf2dc71.js:2
$o @ 9561.4bf2dc71.js:2
ic @ 9561.4bf2dc71.js:2
enqueueSetState @ 9561.4bf2dc71.js:2
b.setState @ 9561.4bf2dc71.js:2
(匿名) @ 808.d56623c9.chunk.js:1
u @ 9561.4bf2dc71.js:2
(匿名) @ 9561.4bf2dc71.js:2
(匿名) @ 9561.4bf2dc71.js:2
r @ 9561.4bf2dc71.js:2
s @ 9561.4bf2dc71.js:2
Promise.then
r @ 9561.4bf2dc71.js:2
s @ 9561.4bf2dc71.js:2
(匿名) @ 9561.4bf2dc71.js:2
(匿名) @ 9561.4bf2dc71.js:2
value @ 808.d56623c9.chunk.js:1
F @ 9561.4bf2dc71.js:2
(匿名) @ 9561.4bf2dc71.js:2
Ec @ 9561.4bf2dc71.js:2
t.unstable_runWithPriority @ 9561.4bf2dc71.js:2
qo @ 9561.4bf2dc71.js:2
kc @ 9561.4bf2dc71.js:2
dc @ 9561.4bf2dc71.js:2
(匿名) @ 9561.4bf2dc71.js:2
t.unstable_runWithPriority @ 9561.4bf2dc71.js:2
qo @ 9561.4bf2dc71.js:2
Xo @ 9561.4bf2dc71.js:2
$o @ 9561.4bf2dc71.js:2
fc @ 9561.4bf2dc71.js:2
We @ 9561.4bf2dc71.js:2
Ue @ 9561.4bf2dc71.js:2
He @ 9561.4bf2dc71.js:2
e.reportChanged @ 9561.4bf2dc71.js:2
t.setNewValue @ 9561.4bf2dc71.js:2
e.write @ 9561.4bf2dc71.js:2
set @ 9561.4bf2dc71.js:2
(匿名) @ main.2faaeed8.js:1
u @ 9561.4bf2dc71.js:2
(匿名) @ 9561.4bf2dc71.js:2
(匿名) @ 9561.4bf2dc71.js:2
r @ 9561.4bf2dc71.js:2
s @ 9561.4bf2dc71.js:2
Promise.then
r @ 9561.4bf2dc71.js:2
s @ 9561.4bf2dc71.js:2
(匿名) @ 9561.4bf2dc71.js:2
(匿名) @ 9561.4bf2dc71.js:2
Ee @ 9561.4bf2dc71.js:2
n @ 9561.4bf2dc71.js:2
(匿名) @ main.2faaeed8.js:1
setTimeout
value @ main.2faaeed8.js:1
Ee @ 9561.4bf2dc71.js:2
n @ 9561.4bf2dc71.js:2
(匿名) @ main.2faaeed8.js:1
u @ 9561.4bf2dc71.js:2
(匿名) @ 9561.4bf2dc71.js:2
(匿名) @ 9561.4bf2dc71.js:2
r @ 9561.4bf2dc71.js:2
s @ 9561.4bf2dc71.js:2
(匿名) @ 9561.4bf2dc71.js:2
(匿名) @ 9561.4bf2dc71.js:2
(匿名) @ main.2faaeed8.js:1
Ee @ 9561.4bf2dc71.js:2
n @ 9561.4bf2dc71.js:2
(匿名) @ main.2faaeed8.js:1
u @ 9561.4bf2dc71.js:2
(匿名) @ 9561.4bf2dc71.js:2
(匿名) @ 9561.4bf2dc71.js:2
r @ 9561.4bf2dc71.js:2
s @ 9561.4bf2dc71.js:2
Promise.then
r @ 9561.4bf2dc71.js:2
s @ 9561.4bf2dc71.js:2
Promise.then
r @ 9561.4bf2dc71.js:2
s @ 9561.4bf2dc71.js:2
Promise.then
r @ 9561.4bf2dc71.js:2
s @ 9561.4bf2dc71.js:2
(匿名) @ 9561.4bf2dc71.js:2
(匿名) @ 9561.4bf2dc71.js:2
value @ main.2faaeed8.js:1
F @ 9561.4bf2dc71.js:2
(匿名) @ 9561.4bf2dc71.js:2
Ec @ 9561.4bf2dc71.js:2
t.unstable_runWithPriority @ 9561.4bf2dc71.js:2
qo @ 9561.4bf2dc71.js:2
kc @ 9561.4bf2dc71.js:2
dc @ 9561.4bf2dc71.js:2
ic @ 9561.4bf2dc71.js:2
Gc @ 9561.4bf2dc71.js:2
(匿名) @ 9561.4bf2dc71.js:2
pc @ 9561.4bf2dc71.js:2
el @ 9561.4bf2dc71.js:2
render @ 9561.4bf2dc71.js:2
(匿名) @ main.2faaeed8.js:1
u @ 9561.4bf2dc71.js:2
(匿名) @ 9561.4bf2dc71.js:2
(匿名) @ 9561.4bf2dc71.js:2
r @ 9561.4bf2dc71.js:2
s @ 9561.4bf2dc71.js:2
Promise.then
r @ 9561.4bf2dc71.js:2
s @ 9561.4bf2dc71.js:2
(匿名) @ 9561.4bf2dc71.js:2
(匿名) @ 9561.4bf2dc71.js:2
(匿名) @ main.2faaeed8.js:1
(匿名) @ main.2faaeed8.js:1
u @ 9561.4bf2dc71.js:2
(匿名) @ 9561.4bf2dc71.js:2
(匿名) @ 9561.4bf2dc71.js:2
r @ 9561.4bf2dc71.js:2
s @ 9561.4bf2dc71.js:2
Promise.then
r @ 9561.4bf2dc71.js:2
s @ 9561.4bf2dc71.js:2
Promise.then
r @ 9561.4bf2dc71.js:2
s @ 9561.4bf2dc71.js:2
(匿名) @ 9561.4bf2dc71.js:2
(匿名) @ 9561.4bf2dc71.js:2
49209 @ main.2faaeed8.js:1
n @ main.2faaeed8.js:1
(匿名) @ main.2faaeed8.js:1
n.O @ main.2faaeed8.js:1
(匿名) @ main.2faaeed8.js:1
(匿名) @ main.2faaeed8.js:1
(匿名) @ main.2faaeed8.js:1
(匿名) @ main.2faaeed8.js:1
23:32:08.415 9561.4bf2dc71.js:2  react-intl-universal key "e2d15efb" not defined in zh
warningHandler @ 9561.4bf2dc71.js:2
value @ 9561.4bf2dc71.js:2
p @ 9561.4bf2dc71.js:2
value @ 808.d56623c9.chunk.js:1
Xi @ 9561.4bf2dc71.js:2
$i @ 9561.4bf2dc71.js:2
Cs @ 9561.4bf2dc71.js:2
wc @ 9561.4bf2dc71.js:2
_c @ 9561.4bf2dc71.js:2
dc @ 9561.4bf2dc71.js:2
(匿名) @ 9561.4bf2dc71.js:2
t.unstable_runWithPriority @ 9561.4bf2dc71.js:2
qo @ 9561.4bf2dc71.js:2
Xo @ 9561.4bf2dc71.js:2
$o @ 9561.4bf2dc71.js:2
ic @ 9561.4bf2dc71.js:2
enqueueSetState @ 9561.4bf2dc71.js:2
b.setState @ 9561.4bf2dc71.js:2
(匿名) @ 808.d56623c9.chunk.js:1
u @ 9561.4bf2dc71.js:2
(匿名) @ 9561.4bf2dc71.js:2
(匿名) @ 9561.4bf2dc71.js:2
r @ 9561.4bf2dc71.js:2
s @ 9561.4bf2dc71.js:2
Promise.then
r @ 9561.4bf2dc71.js:2
s @ 9561.4bf2dc71.js:2
(匿名) @ 9561.4bf2dc71.js:2
(匿名) @ 9561.4bf2dc71.js:2
value @ 808.d56623c9.chunk.js:1
F @ 9561.4bf2dc71.js:2
(匿名) @ 9561.4bf2dc71.js:2
Ec @ 9561.4bf2dc71.js:2
t.unstable_runWithPriority @ 9561.4bf2dc71.js:2
qo @ 9561.4bf2dc71.js:2
kc @ 9561.4bf2dc71.js:2
dc @ 9561.4bf2dc71.js:2
(匿名) @ 9561.4bf2dc71.js:2
t.unstable_runWithPriority @ 9561.4bf2dc71.js:2
qo @ 9561.4bf2dc71.js:2
Xo @ 9561.4bf2dc71.js:2
$o @ 9561.4bf2dc71.js:2
fc @ 9561.4bf2dc71.js:2
We @ 9561.4bf2dc71.js:2
Ue @ 9561.4bf2dc71.js:2
He @ 9561.4bf2dc71.js:2
e.reportChanged @ 9561.4bf2dc71.js:2
t.setNewValue @ 9561.4bf2dc71.js:2
e.write @ 9561.4bf2dc71.js:2
set @ 9561.4bf2dc71.js:2
(匿名) @ main.2faaeed8.js:1
u @ 9561.4bf2dc71.js:2
(匿名) @ 9561.4bf2dc71.js:2
(匿名) @ 9561.4bf2dc71.js:2
r @ 9561.4bf2dc71.js:2
s @ 9561.4bf2dc71.js:2
Promise.then
r @ 9561.4bf2dc71.js:2
s @ 9561.4bf2dc71.js:2
(匿名) @ 9561.4bf2dc71.js:2
(匿名) @ 9561.4bf2dc71.js:2
Ee @ 9561.4bf2dc71.js:2
n @ 9561.4bf2dc71.js:2
(匿名) @ main.2faaeed8.js:1
setTimeout
value @ main.2faaeed8.js:1
Ee @ 9561.4bf2dc71.js:2
n @ 9561.4bf2dc71.js:2
(匿名) @ main.2faaeed8.js:1
u @ 9561.4bf2dc71.js:2
(匿名) @ 9561.4bf2dc71.js:2
(匿名) @ 9561.4bf2dc71.js:2
r @ 9561.4bf2dc71.js:2
s @ 9561.4bf2dc71.js:2
(匿名) @ 9561.4bf2dc71.js:2
(匿名) @ 9561.4bf2dc71.js:2
(匿名) @ main.2faaeed8.js:1
Ee @ 9561.4bf2dc71.js:2
n @ 9561.4bf2dc71.js:2
(匿名) @ main.2faaeed8.js:1
u @ 9561.4bf2dc71.js:2
(匿名) @ 9561.4bf2dc71.js:2
(匿名) @ 9561.4bf2dc71.js:2
r @ 9561.4bf2dc71.js:2
s @ 9561.4bf2dc71.js:2
Promise.then
r @ 9561.4bf2dc71.js:2
s @ 9561.4bf2dc71.js:2
Promise.then
r @ 9561.4bf2dc71.js:2
s @ 9561.4bf2dc71.js:2
Promise.then
r @ 9561.4bf2dc71.js:2
s @ 9561.4bf2dc71.js:2
(匿名) @ 9561.4bf2dc71.js:2
(匿名) @ 9561.4bf2dc71.js:2
value @ main.2faaeed8.js:1
F @ 9561.4bf2dc71.js:2
(匿名) @ 9561.4bf2dc71.js:2
Ec @ 9561.4bf2dc71.js:2
t.unstable_runWithPriority @ 9561.4bf2dc71.js:2
qo @ 9561.4bf2dc71.js:2
kc @ 9561.4bf2dc71.js:2
dc @ 9561.4bf2dc71.js:2
ic @ 9561.4bf2dc71.js:2
Gc @ 9561.4bf2dc71.js:2
(匿名) @ 9561.4bf2dc71.js:2
pc @ 9561.4bf2dc71.js:2
el @ 9561.4bf2dc71.js:2
render @ 9561.4bf2dc71.js:2
(匿名) @ main.2faaeed8.js:1
u @ 9561.4bf2dc71.js:2
(匿名) @ 9561.4bf2dc71.js:2
(匿名) @ 9561.4bf2dc71.js:2
r @ 9561.4bf2dc71.js:2
s @ 9561.4bf2dc71.js:2
Promise.then
r @ 9561.4bf2dc71.js:2
s @ 9561.4bf2dc71.js:2
(匿名) @ 9561.4bf2dc71.js:2
(匿名) @ 9561.4bf2dc71.js:2
(匿名) @ main.2faaeed8.js:1
(匿名) @ main.2faaeed8.js:1
u @ 9561.4bf2dc71.js:2
(匿名) @ 9561.4bf2dc71.js:2
(匿名) @ 9561.4bf2dc71.js:2
r @ 9561.4bf2dc71.js:2
s @ 9561.4bf2dc71.js:2
Promise.then
r @ 9561.4bf2dc71.js:2
s @ 9561.4bf2dc71.js:2
Promise.then
r @ 9561.4bf2dc71.js:2
s @ 9561.4bf2dc71.js:2
(匿名) @ 9561.4bf2dc71.js:2
(匿名) @ 9561.4bf2dc71.js:2
49209 @ main.2faaeed8.js:1
n @ main.2faaeed8.js:1
(匿名) @ main.2faaeed8.js:1
n.O @ main.2faaeed8.js:1
(匿名) @ main.2faaeed8.js:1
(匿名) @ main.2faaeed8.js:1
(匿名) @ main.2faaeed8.js:1
(匿名) @ main.2faaeed8.js:1
23:32:08.415 9561.4bf2dc71.js:2  react-intl-universal key "f5444d4a" not defined in zh
warningHandler @ 9561.4bf2dc71.js:2
value @ 9561.4bf2dc71.js:2
p @ 9561.4bf2dc71.js:2
value @ 808.d56623c9.chunk.js:1
Xi @ 9561.4bf2dc71.js:2
$i @ 9561.4bf2dc71.js:2
Cs @ 9561.4bf2dc71.js:2
wc @ 9561.4bf2dc71.js:2
_c @ 9561.4bf2dc71.js:2
dc @ 9561.4bf2dc71.js:2
(匿名) @ 9561.4bf2dc71.js:2
t.unstable_runWithPriority @ 9561.4bf2dc71.js:2
qo @ 9561.4bf2dc71.js:2
Xo @ 9561.4bf2dc71.js:2
$o @ 9561.4bf2dc71.js:2
ic @ 9561.4bf2dc71.js:2
enqueueSetState @ 9561.4bf2dc71.js:2
b.setState @ 9561.4bf2dc71.js:2
(匿名) @ 808.d56623c9.chunk.js:1
u @ 9561.4bf2dc71.js:2
(匿名) @ 9561.4bf2dc71.js:2
(匿名) @ 9561.4bf2dc71.js:2
r @ 9561.4bf2dc71.js:2
s @ 9561.4bf2dc71.js:2
Promise.then
r @ 9561.4bf2dc71.js:2
s @ 9561.4bf2dc71.js:2
(匿名) @ 9561.4bf2dc71.js:2
(匿名) @ 9561.4bf2dc71.js:2
value @ 808.d56623c9.chunk.js:1
F @ 9561.4bf2dc71.js:2
(匿名) @ 9561.4bf2dc71.js:2
Ec @ 9561.4bf2dc71.js:2
t.unstable_runWithPriority @ 9561.4bf2dc71.js:2
qo @ 9561.4bf2dc71.js:2
kc @ 9561.4bf2dc71.js:2
dc @ 9561.4bf2dc71.js:2
(匿名) @ 9561.4bf2dc71.js:2
t.unstable_runWithPriority @ 9561.4bf2dc71.js:2
qo @ 9561.4bf2dc71.js:2
Xo @ 9561.4bf2dc71.js:2
$o @ 9561.4bf2dc71.js:2
fc @ 9561.4bf2dc71.js:2
We @ 9561.4bf2dc71.js:2
Ue @ 9561.4bf2dc71.js:2
He @ 9561.4bf2dc71.js:2
e.reportChanged @ 9561.4bf2dc71.js:2
t.setNewValue @ 9561.4bf2dc71.js:2
e.write @ 9561.4bf2dc71.js:2
set @ 9561.4bf2dc71.js:2
(匿名) @ main.2faaeed8.js:1
u @ 9561.4bf2dc71.js:2
(匿名) @ 9561.4bf2dc71.js:2
(匿名) @ 9561.4bf2dc71.js:2
r @ 9561.4bf2dc71.js:2
s @ 9561.4bf2dc71.js:2
Promise.then
r @ 9561.4bf2dc71.js:2
s @ 9561.4bf2dc71.js:2
(匿名) @ 9561.4bf2dc71.js:2
(匿名) @ 9561.4bf2dc71.js:2
Ee @ 9561.4bf2dc71.js:2
n @ 9561.4bf2dc71.js:2
(匿名) @ main.2faaeed8.js:1
setTimeout
value @ main.2faaeed8.js:1
Ee @ 9561.4bf2dc71.js:2
n @ 9561.4bf2dc71.js:2
(匿名) @ main.2faaeed8.js:1
u @ 9561.4bf2dc71.js:2
(匿名) @ 9561.4bf2dc71.js:2
(匿名) @ 9561.4bf2dc71.js:2
r @ 9561.4bf2dc71.js:2
s @ 9561.4bf2dc71.js:2
(匿名) @ 9561.4bf2dc71.js:2
(匿名) @ 9561.4bf2dc71.js:2
(匿名) @ main.2faaeed8.js:1
Ee @ 9561.4bf2dc71.js:2
n @ 9561.4bf2dc71.js:2
(匿名) @ main.2faaeed8.js:1
u @ 9561.4bf2dc71.js:2
(匿名) @ 9561.4bf2dc71.js:2
(匿名) @ 9561.4bf2dc71.js:2
r @ 9561.4bf2dc71.js:2
s @ 9561.4bf2dc71.js:2
Promise.then
r @ 9561.4bf2dc71.js:2
s @ 9561.4bf2dc71.js:2
Promise.then
r @ 9561.4bf2dc71.js:2
s @ 9561.4bf2dc71.js:2
Promise.then
r @ 9561.4bf2dc71.js:2
s @ 9561.4bf2dc71.js:2
(匿名) @ 9561.4bf2dc71.js:2
(匿名) @ 9561.4bf2dc71.js:2
value @ main.2faaeed8.js:1
F @ 9561.4bf2dc71.js:2
(匿名) @ 9561.4bf2dc71.js:2
Ec @ 9561.4bf2dc71.js:2
t.unstable_runWithPriority @ 9561.4bf2dc71.js:2
qo @ 9561.4bf2dc71.js:2
kc @ 9561.4bf2dc71.js:2
dc @ 9561.4bf2dc71.js:2
ic @ 9561.4bf2dc71.js:2
Gc @ 9561.4bf2dc71.js:2
(匿名) @ 9561.4bf2dc71.js:2
pc @ 9561.4bf2dc71.js:2
el @ 9561.4bf2dc71.js:2
render @ 9561.4bf2dc71.js:2
(匿名) @ main.2faaeed8.js:1
u @ 9561.4bf2dc71.js:2
(匿名) @ 9561.4bf2dc71.js:2
(匿名) @ 9561.4bf2dc71.js:2
r @ 9561.4bf2dc71.js:2
s @ 9561.4bf2dc71.js:2
Promise.then
r @ 9561.4bf2dc71.js:2
s @ 9561.4bf2dc71.js:2
(匿名) @ 9561.4bf2dc71.js:2
(匿名) @ 9561.4bf2dc71.js:2
(匿名) @ main.2faaeed8.js:1
(匿名) @ main.2faaeed8.js:1
u @ 9561.4bf2dc71.js:2
(匿名) @ 9561.4bf2dc71.js:2
(匿名) @ 9561.4bf2dc71.js:2
r @ 9561.4bf2dc71.js:2
s @ 9561.4bf2dc71.js:2
Promise.then
r @ 9561.4bf2dc71.js:2
s @ 9561.4bf2dc71.js:2
Promise.then
r @ 9561.4bf2dc71.js:2
s @ 9561.4bf2dc71.js:2
(匿名) @ 9561.4bf2dc71.js:2
(匿名) @ 9561.4bf2dc71.js:2
49209 @ main.2faaeed8.js:1
n @ main.2faaeed8.js:1
(匿名) @ main.2faaeed8.js:1
n.O @ main.2faaeed8.js:1
(匿名) @ main.2faaeed8.js:1
(匿名) @ main.2faaeed8.js:1
(匿名) @ main.2faaeed8.js:1
(匿名) @ main.2faaeed8.js:1
23:32:08.416 9561.4bf2dc71.js:2  react-intl-universal key "1655dd5f" not defined in zh
warningHandler @ 9561.4bf2dc71.js:2
value @ 9561.4bf2dc71.js:2
p @ 9561.4bf2dc71.js:2
value @ 808.d56623c9.chunk.js:1
Xi @ 9561.4bf2dc71.js:2
$i @ 9561.4bf2dc71.js:2
Cs @ 9561.4bf2dc71.js:2
wc @ 9561.4bf2dc71.js:2
_c @ 9561.4bf2dc71.js:2
dc @ 9561.4bf2dc71.js:2
(匿名) @ 9561.4bf2dc71.js:2
t.unstable_runWithPriority @ 9561.4bf2dc71.js:2
qo @ 9561.4bf2dc71.js:2
Xo @ 9561.4bf2dc71.js:2
$o @ 9561.4bf2dc71.js:2
ic @ 9561.4bf2dc71.js:2
enqueueSetState @ 9561.4bf2dc71.js:2
b.setState @ 9561.4bf2dc71.js:2
(匿名) @ 808.d56623c9.chunk.js:1
u @ 9561.4bf2dc71.js:2
(匿名) @ 9561.4bf2dc71.js:2
(匿名) @ 9561.4bf2dc71.js:2
r @ 9561.4bf2dc71.js:2
s @ 9561.4bf2dc71.js:2
Promise.then
r @ 9561.4bf2dc71.js:2
s @ 9561.4bf2dc71.js:2
(匿名) @ 9561.4bf2dc71.js:2
(匿名) @ 9561.4bf2dc71.js:2
value @ 808.d56623c9.chunk.js:1
F @ 9561.4bf2dc71.js:2
(匿名) @ 9561.4bf2dc71.js:2
Ec @ 9561.4bf2dc71.js:2
t.unstable_runWithPriority @ 9561.4bf2dc71.js:2
qo @ 9561.4bf2dc71.js:2
kc @ 9561.4bf2dc71.js:2
dc @ 9561.4bf2dc71.js:2
(匿名) @ 9561.4bf2dc71.js:2
t.unstable_runWithPriority @ 9561.4bf2dc71.js:2
qo @ 9561.4bf2dc71.js:2
Xo @ 9561.4bf2dc71.js:2
$o @ 9561.4bf2dc71.js:2
fc @ 9561.4bf2dc71.js:2
We @ 9561.4bf2dc71.js:2
Ue @ 9561.4bf2dc71.js:2
He @ 9561.4bf2dc71.js:2
e.reportChanged @ 9561.4bf2dc71.js:2
t.setNewValue @ 9561.4bf2dc71.js:2
e.write @ 9561.4bf2dc71.js:2
set @ 9561.4bf2dc71.js:2
(匿名) @ main.2faaeed8.js:1
u @ 9561.4bf2dc71.js:2
(匿名) @ 9561.4bf2dc71.js:2
(匿名) @ 9561.4bf2dc71.js:2
r @ 9561.4bf2dc71.js:2
s @ 9561.4bf2dc71.js:2
Promise.then
r @ 9561.4bf2dc71.js:2
s @ 9561.4bf2dc71.js:2
(匿名) @ 9561.4bf2dc71.js:2
(匿名) @ 9561.4bf2dc71.js:2
Ee @ 9561.4bf2dc71.js:2
n @ 9561.4bf2dc71.js:2
(匿名) @ main.2faaeed8.js:1
setTimeout
value @ main.2faaeed8.js:1
Ee @ 9561.4bf2dc71.js:2
n @ 9561.4bf2dc71.js:2
(匿名) @ main.2faaeed8.js:1
u @ 9561.4bf2dc71.js:2
(匿名) @ 9561.4bf2dc71.js:2
(匿名) @ 9561.4bf2dc71.js:2
r @ 9561.4bf2dc71.js:2
s @ 9561.4bf2dc71.js:2
(匿名) @ 9561.4bf2dc71.js:2
(匿名) @ 9561.4bf2dc71.js:2
(匿名) @ main.2faaeed8.js:1
Ee @ 9561.4bf2dc71.js:2
n @ 9561.4bf2dc71.js:2
(匿名) @ main.2faaeed8.js:1
u @ 9561.4bf2dc71.js:2
(匿名) @ 9561.4bf2dc71.js:2
(匿名) @ 9561.4bf2dc71.js:2
r @ 9561.4bf2dc71.js:2
s @ 9561.4bf2dc71.js:2
Promise.then
r @ 9561.4bf2dc71.js:2
s @ 9561.4bf2dc71.js:2
Promise.then
r @ 9561.4bf2dc71.js:2
s @ 9561.4bf2dc71.js:2
Promise.then
r @ 9561.4bf2dc71.js:2
s @ 9561.4bf2dc71.js:2
(匿名) @ 9561.4bf2dc71.js:2
(匿名) @ 9561.4bf2dc71.js:2
value @ main.2faaeed8.js:1
F @ 9561.4bf2dc71.js:2
(匿名) @ 9561.4bf2dc71.js:2
Ec @ 9561.4bf2dc71.js:2
t.unstable_runWithPriority @ 9561.4bf2dc71.js:2
qo @ 9561.4bf2dc71.js:2
kc @ 9561.4bf2dc71.js:2
dc @ 9561.4bf2dc71.js:2
ic @ 9561.4bf2dc71.js:2
Gc @ 9561.4bf2dc71.js:2
(匿名) @ 9561.4bf2dc71.js:2
pc @ 9561.4bf2dc71.js:2
el @ 9561.4bf2dc71.js:2
render @ 9561.4bf2dc71.js:2
(匿名) @ main.2faaeed8.js:1
u @ 9561.4bf2dc71.js:2
(匿名) @ 9561.4bf2dc71.js:2
(匿名) @ 9561.4bf2dc71.js:2
r @ 9561.4bf2dc71.js:2
s @ 9561.4bf2dc71.js:2
Promise.then
r @ 9561.4bf2dc71.js:2
s @ 9561.4bf2dc71.js:2
(匿名) @ 9561.4bf2dc71.js:2
(匿名) @ 9561.4bf2dc71.js:2
(匿名) @ main.2faaeed8.js:1
(匿名) @ main.2faaeed8.js:1
u @ 9561.4bf2dc71.js:2
(匿名) @ 9561.4bf2dc71.js:2
(匿名) @ 9561.4bf2dc71.js:2
r @ 9561.4bf2dc71.js:2
s @ 9561.4bf2dc71.js:2
Promise.then
r @ 9561.4bf2dc71.js:2
s @ 9561.4bf2dc71.js:2
Promise.then
r @ 9561.4bf2dc71.js:2
s @ 9561.4bf2dc71.js:2
(匿名) @ 9561.4bf2dc71.js:2
(匿名) @ 9561.4bf2dc71.js:2
49209 @ main.2faaeed8.js:1
n @ main.2faaeed8.js:1
(匿名) @ main.2faaeed8.js:1
n.O @ main.2faaeed8.js:1
(匿名) @ main.2faaeed8.js:1
(匿名) @ main.2faaeed8.js:1
(匿名) @ main.2faaeed8.js:1
(匿名) @ main.2faaeed8.js:1
23:32:08.416 9561.4bf2dc71.js:2  react-intl-universal key "e7d2e85a" not defined in zh
warningHandler @ 9561.4bf2dc71.js:2
value @ 9561.4bf2dc71.js:2
p @ 9561.4bf2dc71.js:2
value @ 808.d56623c9.chunk.js:1
Xi @ 9561.4bf2dc71.js:2
$i @ 9561.4bf2dc71.js:2
Cs @ 9561.4bf2dc71.js:2
wc @ 9561.4bf2dc71.js:2
_c @ 9561.4bf2dc71.js:2
dc @ 9561.4bf2dc71.js:2
(匿名) @ 9561.4bf2dc71.js:2
t.unstable_runWithPriority @ 9561.4bf2dc71.js:2
qo @ 9561.4bf2dc71.js:2
Xo @ 9561.4bf2dc71.js:2
$o @ 9561.4bf2dc71.js:2
ic @ 9561.4bf2dc71.js:2
enqueueSetState @ 9561.4bf2dc71.js:2
b.setState @ 9561.4bf2dc71.js:2
(匿名) @ 808.d56623c9.chunk.js:1
u @ 9561.4bf2dc71.js:2
(匿名) @ 9561.4bf2dc71.js:2
(匿名) @ 9561.4bf2dc71.js:2
r @ 9561.4bf2dc71.js:2
s @ 9561.4bf2dc71.js:2
Promise.then
r @ 9561.4bf2dc71.js:2
s @ 9561.4bf2dc71.js:2
(匿名) @ 9561.4bf2dc71.js:2
(匿名) @ 9561.4bf2dc71.js:2
value @ 808.d56623c9.chunk.js:1
F @ 9561.4bf2dc71.js:2
(匿名) @ 9561.4bf2dc71.js:2
Ec @ 9561.4bf2dc71.js:2
t.unstable_runWithPriority @ 9561.4bf2dc71.js:2
qo @ 9561.4bf2dc71.js:2
kc @ 9561.4bf2dc71.js:2
dc @ 9561.4bf2dc71.js:2
(匿名) @ 9561.4bf2dc71.js:2
t.unstable_runWithPriority @ 9561.4bf2dc71.js:2
qo @ 9561.4bf2dc71.js:2
Xo @ 9561.4bf2dc71.js:2
$o @ 9561.4bf2dc71.js:2
fc @ 9561.4bf2dc71.js:2
We @ 9561.4bf2dc71.js:2
Ue @ 9561.4bf2dc71.js:2
He @ 9561.4bf2dc71.js:2
e.reportChanged @ 9561.4bf2dc71.js:2
t.setNewValue @ 9561.4bf2dc71.js:2
e.write @ 9561.4bf2dc71.js:2
set @ 9561.4bf2dc71.js:2
(匿名) @ main.2faaeed8.js:1
u @ 9561.4bf2dc71.js:2
(匿名) @ 9561.4bf2dc71.js:2
(匿名) @ 9561.4bf2dc71.js:2
r @ 9561.4bf2dc71.js:2
s @ 9561.4bf2dc71.js:2
Promise.then
r @ 9561.4bf2dc71.js:2
s @ 9561.4bf2dc71.js:2
(匿名) @ 9561.4bf2dc71.js:2
(匿名) @ 9561.4bf2dc71.js:2
Ee @ 9561.4bf2dc71.js:2
n @ 9561.4bf2dc71.js:2
(匿名) @ main.2faaeed8.js:1
setTimeout
value @ main.2faaeed8.js:1
Ee @ 9561.4bf2dc71.js:2
n @ 9561.4bf2dc71.js:2
(匿名) @ main.2faaeed8.js:1
u @ 9561.4bf2dc71.js:2
(匿名) @ 9561.4bf2dc71.js:2
(匿名) @ 9561.4bf2dc71.js:2
r @ 9561.4bf2dc71.js:2
s @ 9561.4bf2dc71.js:2
(匿名) @ 9561.4bf2dc71.js:2
(匿名) @ 9561.4bf2dc71.js:2
(匿名) @ main.2faaeed8.js:1
Ee @ 9561.4bf2dc71.js:2
n @ 9561.4bf2dc71.js:2
(匿名) @ main.2faaeed8.js:1
u @ 9561.4bf2dc71.js:2
(匿名) @ 9561.4bf2dc71.js:2
(匿名) @ 9561.4bf2dc71.js:2
r @ 9561.4bf2dc71.js:2
s @ 9561.4bf2dc71.js:2
Promise.then
r @ 9561.4bf2dc71.js:2
s @ 9561.4bf2dc71.js:2
Promise.then
r @ 9561.4bf2dc71.js:2
s @ 9561.4bf2dc71.js:2
Promise.then
r @ 9561.4bf2dc71.js:2
s @ 9561.4bf2dc71.js:2
(匿名) @ 9561.4bf2dc71.js:2
(匿名) @ 9561.4bf2dc71.js:2
value @ main.2faaeed8.js:1
F @ 9561.4bf2dc71.js:2
(匿名) @ 9561.4bf2dc71.js:2
Ec @ 9561.4bf2dc71.js:2
t.unstable_runWithPriority @ 9561.4bf2dc71.js:2
qo @ 9561.4bf2dc71.js:2
kc @ 9561.4bf2dc71.js:2
dc @ 9561.4bf2dc71.js:2
ic @ 9561.4bf2dc71.js:2
Gc @ 9561.4bf2dc71.js:2
(匿名) @ 9561.4bf2dc71.js:2
pc @ 9561.4bf2dc71.js:2
el @ 9561.4bf2dc71.js:2
render @ 9561.4bf2dc71.js:2
(匿名) @ main.2faaeed8.js:1
u @ 9561.4bf2dc71.js:2
(匿名) @ 9561.4bf2dc71.js:2
(匿名) @ 9561.4bf2dc71.js:2
r @ 9561.4bf2dc71.js:2
s @ 9561.4bf2dc71.js:2
Promise.then
r @ 9561.4bf2dc71.js:2
s @ 9561.4bf2dc71.js:2
(匿名) @ 9561.4bf2dc71.js:2
(匿名) @ 9561.4bf2dc71.js:2
(匿名) @ main.2faaeed8.js:1
(匿名) @ main.2faaeed8.js:1
u @ 9561.4bf2dc71.js:2
(匿名) @ 9561.4bf2dc71.js:2
(匿名) @ 9561.4bf2dc71.js:2
r @ 9561.4bf2dc71.js:2
s @ 9561.4bf2dc71.js:2
Promise.then
r @ 9561.4bf2dc71.js:2
s @ 9561.4bf2dc71.js:2
Promise.then
r @ 9561.4bf2dc71.js:2
s @ 9561.4bf2dc71.js:2
(匿名) @ 9561.4bf2dc71.js:2
(匿名) @ 9561.4bf2dc71.js:2
49209 @ main.2faaeed8.js:1
n @ main.2faaeed8.js:1
(匿名) @ main.2faaeed8.js:1
n.O @ main.2faaeed8.js:1
(匿名) @ main.2faaeed8.js:1
(匿名) @ main.2faaeed8.js:1
(匿名) @ main.2faaeed8.js:1
(匿名) @ main.2faaeed8.js:1
23:32:08.416 9561.4bf2dc71.js:2  react-intl-universal key "447595d5" not defined in zh
warningHandler @ 9561.4bf2dc71.js:2
value @ 9561.4bf2dc71.js:2
p @ 9561.4bf2dc71.js:2
(匿名) @ 8222.6209a852.chunk.js:1
hi @ 9561.4bf2dc71.js:2
Qi @ 9561.4bf2dc71.js:2
Cs @ 9561.4bf2dc71.js:2
wc @ 9561.4bf2dc71.js:2
_c @ 9561.4bf2dc71.js:2
dc @ 9561.4bf2dc71.js:2
(匿名) @ 9561.4bf2dc71.js:2
t.unstable_runWithPriority @ 9561.4bf2dc71.js:2
qo @ 9561.4bf2dc71.js:2
Xo @ 9561.4bf2dc71.js:2
$o @ 9561.4bf2dc71.js:2
ic @ 9561.4bf2dc71.js:2
enqueueSetState @ 9561.4bf2dc71.js:2
b.setState @ 9561.4bf2dc71.js:2
(匿名) @ 808.d56623c9.chunk.js:1
u @ 9561.4bf2dc71.js:2
(匿名) @ 9561.4bf2dc71.js:2
(匿名) @ 9561.4bf2dc71.js:2
r @ 9561.4bf2dc71.js:2
s @ 9561.4bf2dc71.js:2
Promise.then
r @ 9561.4bf2dc71.js:2
s @ 9561.4bf2dc71.js:2
(匿名) @ 9561.4bf2dc71.js:2
(匿名) @ 9561.4bf2dc71.js:2
value @ 808.d56623c9.chunk.js:1
F @ 9561.4bf2dc71.js:2
(匿名) @ 9561.4bf2dc71.js:2
Ec @ 9561.4bf2dc71.js:2
t.unstable_runWithPriority @ 9561.4bf2dc71.js:2
qo @ 9561.4bf2dc71.js:2
kc @ 9561.4bf2dc71.js:2
dc @ 9561.4bf2dc71.js:2
(匿名) @ 9561.4bf2dc71.js:2
t.unstable_runWithPriority @ 9561.4bf2dc71.js:2
qo @ 9561.4bf2dc71.js:2
Xo @ 9561.4bf2dc71.js:2
$o @ 9561.4bf2dc71.js:2
fc @ 9561.4bf2dc71.js:2
We @ 9561.4bf2dc71.js:2
Ue @ 9561.4bf2dc71.js:2
He @ 9561.4bf2dc71.js:2
e.reportChanged @ 9561.4bf2dc71.js:2
t.setNewValue @ 9561.4bf2dc71.js:2
e.write @ 9561.4bf2dc71.js:2
set @ 9561.4bf2dc71.js:2
(匿名) @ main.2faaeed8.js:1
u @ 9561.4bf2dc71.js:2
(匿名) @ 9561.4bf2dc71.js:2
(匿名) @ 9561.4bf2dc71.js:2
r @ 9561.4bf2dc71.js:2
s @ 9561.4bf2dc71.js:2
Promise.then
r @ 9561.4bf2dc71.js:2
s @ 9561.4bf2dc71.js:2
(匿名) @ 9561.4bf2dc71.js:2
(匿名) @ 9561.4bf2dc71.js:2
Ee @ 9561.4bf2dc71.js:2
n @ 9561.4bf2dc71.js:2
(匿名) @ main.2faaeed8.js:1
setTimeout
value @ main.2faaeed8.js:1
Ee @ 9561.4bf2dc71.js:2
n @ 9561.4bf2dc71.js:2
(匿名) @ main.2faaeed8.js:1
u @ 9561.4bf2dc71.js:2
(匿名) @ 9561.4bf2dc71.js:2
(匿名) @ 9561.4bf2dc71.js:2
r @ 9561.4bf2dc71.js:2
s @ 9561.4bf2dc71.js:2
(匿名) @ 9561.4bf2dc71.js:2
(匿名) @ 9561.4bf2dc71.js:2
(匿名) @ main.2faaeed8.js:1
Ee @ 9561.4bf2dc71.js:2
n @ 9561.4bf2dc71.js:2
(匿名) @ main.2faaeed8.js:1
u @ 9561.4bf2dc71.js:2
(匿名) @ 9561.4bf2dc71.js:2
(匿名) @ 9561.4bf2dc71.js:2
r @ 9561.4bf2dc71.js:2
s @ 9561.4bf2dc71.js:2
Promise.then
r @ 9561.4bf2dc71.js:2
s @ 9561.4bf2dc71.js:2
Promise.then
r @ 9561.4bf2dc71.js:2
s @ 9561.4bf2dc71.js:2
Promise.then
r @ 9561.4bf2dc71.js:2
s @ 9561.4bf2dc71.js:2
(匿名) @ 9561.4bf2dc71.js:2
(匿名) @ 9561.4bf2dc71.js:2
value @ main.2faaeed8.js:1
F @ 9561.4bf2dc71.js:2
(匿名) @ 9561.4bf2dc71.js:2
Ec @ 9561.4bf2dc71.js:2
t.unstable_runWithPriority @ 9561.4bf2dc71.js:2
qo @ 9561.4bf2dc71.js:2
kc @ 9561.4bf2dc71.js:2
dc @ 9561.4bf2dc71.js:2
ic @ 9561.4bf2dc71.js:2
Gc @ 9561.4bf2dc71.js:2
(匿名) @ 9561.4bf2dc71.js:2
pc @ 9561.4bf2dc71.js:2
el @ 9561.4bf2dc71.js:2
render @ 9561.4bf2dc71.js:2
(匿名) @ main.2faaeed8.js:1
u @ 9561.4bf2dc71.js:2
(匿名) @ 9561.4bf2dc71.js:2
(匿名) @ 9561.4bf2dc71.js:2
r @ 9561.4bf2dc71.js:2
s @ 9561.4bf2dc71.js:2
Promise.then
r @ 9561.4bf2dc71.js:2
s @ 9561.4bf2dc71.js:2
(匿名) @ 9561.4bf2dc71.js:2
(匿名) @ 9561.4bf2dc71.js:2
(匿名) @ main.2faaeed8.js:1
(匿名) @ main.2faaeed8.js:1
u @ 9561.4bf2dc71.js:2
(匿名) @ 9561.4bf2dc71.js:2
(匿名) @ 9561.4bf2dc71.js:2
r @ 9561.4bf2dc71.js:2
s @ 9561.4bf2dc71.js:2
Promise.then
r @ 9561.4bf2dc71.js:2
s @ 9561.4bf2dc71.js:2
Promise.then
r @ 9561.4bf2dc71.js:2
s @ 9561.4bf2dc71.js:2
(匿名) @ 9561.4bf2dc71.js:2
(匿名) @ 9561.4bf2dc71.js:2
49209 @ main.2faaeed8.js:1
n @ main.2faaeed8.js:1
(匿名) @ main.2faaeed8.js:1
n.O @ main.2faaeed8.js:1
(匿名) @ main.2faaeed8.js:1
(匿名) @ main.2faaeed8.js:1
(匿名) @ main.2faaeed8.js:1
(匿名) @ main.2faaeed8.js:1
23:32:08.419 808.d56623c9.chunk.js:1  Uncaught (in promise) TypeError: Failed to execute 'removeChild' on 'Node': parameter 1 is not of type 'Node'.
    at 808.d56623c9.chunk.js:1:10947
    at u (9561.4bf2dc71.js:2:4080981)
    at Generator._invoke (9561.4bf2dc71.js:2:4080769)
    at Generator.next (9561.4bf2dc71.js:2:4081410)
    at r (9561.4bf2dc71.js:2:5831066)
    at s (9561.4bf2dc71.js:2:5831269)
    at 9561.4bf2dc71.js:2:5831328
    at new Promise (<anonymous>)
    at a.getIsWatermark (9561.4bf2dc71.js:2:5831209)
    at 808.d56623c9.chunk.js:1:11517
(匿名) @ 808.d56623c9.chunk.js:1
u @ 9561.4bf2dc71.js:2
(匿名) @ 9561.4bf2dc71.js:2
(匿名) @ 9561.4bf2dc71.js:2
r @ 9561.4bf2dc71.js:2
s @ 9561.4bf2dc71.js:2
(匿名) @ 9561.4bf2dc71.js:2
(匿名) @ 9561.4bf2dc71.js:2
(匿名) @ 808.d56623c9.chunk.js:1
u @ 9561.4bf2dc71.js:2
(匿名) @ 9561.4bf2dc71.js:2
(匿名) @ 9561.4bf2dc71.js:2
r @ 9561.4bf2dc71.js:2
s @ 9561.4bf2dc71.js:2
Promise.then
r @ 9561.4bf2dc71.js:2
s @ 9561.4bf2dc71.js:2
(匿名) @ 9561.4bf2dc71.js:2
(匿名) @ 9561.4bf2dc71.js:2
value @ 808.d56623c9.chunk.js:1
F @ 9561.4bf2dc71.js:2
(匿名) @ 9561.4bf2dc71.js:2
Ec @ 9561.4bf2dc71.js:2
t.unstable_runWithPriority @ 9561.4bf2dc71.js:2
qo @ 9561.4bf2dc71.js:2
kc @ 9561.4bf2dc71.js:2
dc @ 9561.4bf2dc71.js:2
(匿名) @ 9561.4bf2dc71.js:2
t.unstable_runWithPriority @ 9561.4bf2dc71.js:2
qo @ 9561.4bf2dc71.js:2
Xo @ 9561.4bf2dc71.js:2
$o @ 9561.4bf2dc71.js:2
fc @ 9561.4bf2dc71.js:2
We @ 9561.4bf2dc71.js:2
Ue @ 9561.4bf2dc71.js:2
He @ 9561.4bf2dc71.js:2
e.reportChanged @ 9561.4bf2dc71.js:2
t.setNewValue @ 9561.4bf2dc71.js:2
e.write @ 9561.4bf2dc71.js:2
set @ 9561.4bf2dc71.js:2
(匿名) @ main.2faaeed8.js:1
u @ 9561.4bf2dc71.js:2
(匿名) @ 9561.4bf2dc71.js:2
(匿名) @ 9561.4bf2dc71.js:2
r @ 9561.4bf2dc71.js:2
s @ 9561.4bf2dc71.js:2
Promise.then
r @ 9561.4bf2dc71.js:2
s @ 9561.4bf2dc71.js:2
(匿名) @ 9561.4bf2dc71.js:2
(匿名) @ 9561.4bf2dc71.js:2
Ee @ 9561.4bf2dc71.js:2
n @ 9561.4bf2dc71.js:2
(匿名) @ main.2faaeed8.js:1
setTimeout
value @ main.2faaeed8.js:1
Ee @ 9561.4bf2dc71.js:2
n @ 9561.4bf2dc71.js:2
(匿名) @ main.2faaeed8.js:1
u @ 9561.4bf2dc71.js:2
(匿名) @ 9561.4bf2dc71.js:2
(匿名) @ 9561.4bf2dc71.js:2
r @ 9561.4bf2dc71.js:2
s @ 9561.4bf2dc71.js:2
(匿名) @ 9561.4bf2dc71.js:2
(匿名) @ 9561.4bf2dc71.js:2
(匿名) @ main.2faaeed8.js:1
Ee @ 9561.4bf2dc71.js:2
n @ 9561.4bf2dc71.js:2
(匿名) @ main.2faaeed8.js:1
u @ 9561.4bf2dc71.js:2
(匿名) @ 9561.4bf2dc71.js:2
(匿名) @ 9561.4bf2dc71.js:2
r @ 9561.4bf2dc71.js:2
s @ 9561.4bf2dc71.js:2
Promise.then
r @ 9561.4bf2dc71.js:2
s @ 9561.4bf2dc71.js:2
Promise.then
r @ 9561.4bf2dc71.js:2
s @ 9561.4bf2dc71.js:2
Promise.then
r @ 9561.4bf2dc71.js:2
s @ 9561.4bf2dc71.js:2
(匿名) @ 9561.4bf2dc71.js:2
(匿名) @ 9561.4bf2dc71.js:2
value @ main.2faaeed8.js:1
F @ 9561.4bf2dc71.js:2
(匿名) @ 9561.4bf2dc71.js:2
Ec @ 9561.4bf2dc71.js:2
t.unstable_runWithPriority @ 9561.4bf2dc71.js:2
qo @ 9561.4bf2dc71.js:2
kc @ 9561.4bf2dc71.js:2
dc @ 9561.4bf2dc71.js:2
ic @ 9561.4bf2dc71.js:2
Gc @ 9561.4bf2dc71.js:2
(匿名) @ 9561.4bf2dc71.js:2
pc @ 9561.4bf2dc71.js:2
el @ 9561.4bf2dc71.js:2
render @ 9561.4bf2dc71.js:2
(匿名) @ main.2faaeed8.js:1
u @ 9561.4bf2dc71.js:2
(匿名) @ 9561.4bf2dc71.js:2
(匿名) @ 9561.4bf2dc71.js:2
r @ 9561.4bf2dc71.js:2
s @ 9561.4bf2dc71.js:2
Promise.then
r @ 9561.4bf2dc71.js:2
s @ 9561.4bf2dc71.js:2
(匿名) @ 9561.4bf2dc71.js:2
(匿名) @ 9561.4bf2dc71.js:2
(匿名) @ main.2faaeed8.js:1
(匿名) @ main.2faaeed8.js:1
u @ 9561.4bf2dc71.js:2
(匿名) @ 9561.4bf2dc71.js:2
(匿名) @ 9561.4bf2dc71.js:2
r @ 9561.4bf2dc71.js:2
s @ 9561.4bf2dc71.js:2
Promise.then
r @ 9561.4bf2dc71.js:2
s @ 9561.4bf2dc71.js:2
Promise.then
r @ 9561.4bf2dc71.js:2
s @ 9561.4bf2dc71.js:2
(匿名) @ 9561.4bf2dc71.js:2
(匿名) @ 9561.4bf2dc71.js:2
49209 @ main.2faaeed8.js:1
n @ main.2faaeed8.js:1
(匿名) @ main.2faaeed8.js:1
n.O @ main.2faaeed8.js:1
(匿名) @ main.2faaeed8.js:1
(匿名) @ main.2faaeed8.js:1
(匿名) @ main.2faaeed8.js:1
(匿名) @ main.2faaeed8.js:1
23:32:08.434 log.ts:179 [debug 23:32:8 ] 等待课程数据... 1
23:32:08.650 log.ts:179 [debug 23:32:8 ] 课程详情请求响应: {
    "code": 0,
    "body": {
        "activtiyPrice": 0,
        "advertArr": [],
        "author": "",
        "averageScore": "4.9",
        "bowseNumber": "10311",
        "canComment": "1",
        "canDownload": "0",
        "canFF": "0",
        "canRate": "1",
        "chapters": [],
        "classifyList": [
            {
                "courseId": "",
                "fullName": "企业管理>安全环保",
                "fullPath": "7|6|5|||7|7|6",
                "id": "776",
                "na
23:32:08.650 log.ts:179 [debug 23:32:8 ] 课程详情数据 [{…}]无属性
23:32:08.651 log.ts:179 [debug 23:32:8 ] 拦截到HTTP请求: /learn/app/clientapi/user/isOpenHumanSocietyVas.do?sid=5A670D84669445FC9794E23620100D76&os=99
23:32:08.884 log.ts:179 [debug 23:32:8 ] 拦截到HTTP请求: /learn/app/clientapi/trainingclass/training/item/selectResourceRule.do?resourceId=N006221&resourceType=0&sid=5A670D84669445FC9794E23620100D76&os=99
23:32:08.923 9561.4bf2dc71.js:2 div
23:32:08.923 9561.4bf2dc71.js:2 由于“保留日志”的原因，已阻止console.clear()
23:32:08.923 9561.4bf2dc71.js:2 ƒ l(){}
23:32:08.923 9561.4bf2dc71.js:2 由于“保留日志”的原因，已阻止console.clear()
23:32:08.923 9561.4bf2dc71.js:2 (索引)toStringlastIndexdotAllflagsglobalhasIndicesignoreCasemultilinesourcestickyunicodeunicodeSets(索引)toStringlastIndexdotAllflagsglobalhasIndicesignoreCasemultilinesourcestickyunicodeunicodeSetsdepƒ0false''falsefalsefalsefalse' 'falsefalsefalseObject
23:32:08.923 9561.4bf2dc71.js:2 由于“保留日志”的原因，已阻止console.clear()
23:32:08.923 9561.4bf2dc71.js:2 Wed Mar 11 2026 23:32:07 GMT+0800 (中国标准时间)
23:32:08.923 9561.4bf2dc71.js:2 由于“保留日志”的原因，已阻止console.clear()
23:32:08.923 9561.4bf2dc71.js:2 {}
23:32:08.923 9561.4bf2dc71.js:2 由于“保留日志”的原因，已阻止console.clear()
23:32:08.989 main.2faaeed8.js:1  The provided value 'Middle' is not a valid enum value of type CanvasTextBaseline.
ye @ main.2faaeed8.js:1
e.showWatermark @ 808.d56623c9.chunk.js:1
(匿名) @ 808.d56623c9.chunk.js:1
setTimeout
(匿名) @ 808.d56623c9.chunk.js:1
u @ 9561.4bf2dc71.js:2
(匿名) @ 9561.4bf2dc71.js:2
(匿名) @ 9561.4bf2dc71.js:2
r @ 9561.4bf2dc71.js:2
s @ 9561.4bf2dc71.js:2
(匿名) @ 9561.4bf2dc71.js:2
(匿名) @ 9561.4bf2dc71.js:2
value @ 808.d56623c9.chunk.js:1
F @ 9561.4bf2dc71.js:2
(匿名) @ 9561.4bf2dc71.js:2
Ec @ 9561.4bf2dc71.js:2
t.unstable_runWithPriority @ 9561.4bf2dc71.js:2
qo @ 9561.4bf2dc71.js:2
kc @ 9561.4bf2dc71.js:2
dc @ 9561.4bf2dc71.js:2
(匿名) @ 9561.4bf2dc71.js:2
t.unstable_runWithPriority @ 9561.4bf2dc71.js:2
qo @ 9561.4bf2dc71.js:2
Xo @ 9561.4bf2dc71.js:2
$o @ 9561.4bf2dc71.js:2
fc @ 9561.4bf2dc71.js:2
We @ 9561.4bf2dc71.js:2
Ue @ 9561.4bf2dc71.js:2
He @ 9561.4bf2dc71.js:2
e.reportChanged @ 9561.4bf2dc71.js:2
t.setNewValue @ 9561.4bf2dc71.js:2
e.write @ 9561.4bf2dc71.js:2
set @ 9561.4bf2dc71.js:2
(匿名) @ main.2faaeed8.js:1
u @ 9561.4bf2dc71.js:2
(匿名) @ 9561.4bf2dc71.js:2
(匿名) @ 9561.4bf2dc71.js:2
r @ 9561.4bf2dc71.js:2
s @ 9561.4bf2dc71.js:2
Promise.then
r @ 9561.4bf2dc71.js:2
s @ 9561.4bf2dc71.js:2
(匿名) @ 9561.4bf2dc71.js:2
(匿名) @ 9561.4bf2dc71.js:2
Ee @ 9561.4bf2dc71.js:2
n @ 9561.4bf2dc71.js:2
(匿名) @ main.2faaeed8.js:1
setTimeout
value @ main.2faaeed8.js:1
Ee @ 9561.4bf2dc71.js:2
n @ 9561.4bf2dc71.js:2
(匿名) @ main.2faaeed8.js:1
u @ 9561.4bf2dc71.js:2
(匿名) @ 9561.4bf2dc71.js:2
(匿名) @ 9561.4bf2dc71.js:2
r @ 9561.4bf2dc71.js:2
s @ 9561.4bf2dc71.js:2
(匿名) @ 9561.4bf2dc71.js:2
(匿名) @ 9561.4bf2dc71.js:2
(匿名) @ main.2faaeed8.js:1
Ee @ 9561.4bf2dc71.js:2
n @ 9561.4bf2dc71.js:2
(匿名) @ main.2faaeed8.js:1
u @ 9561.4bf2dc71.js:2
(匿名) @ 9561.4bf2dc71.js:2
(匿名) @ 9561.4bf2dc71.js:2
r @ 9561.4bf2dc71.js:2
s @ 9561.4bf2dc71.js:2
Promise.then
r @ 9561.4bf2dc71.js:2
s @ 9561.4bf2dc71.js:2
Promise.then
r @ 9561.4bf2dc71.js:2
s @ 9561.4bf2dc71.js:2
Promise.then
r @ 9561.4bf2dc71.js:2
s @ 9561.4bf2dc71.js:2
(匿名) @ 9561.4bf2dc71.js:2
(匿名) @ 9561.4bf2dc71.js:2
value @ main.2faaeed8.js:1
F @ 9561.4bf2dc71.js:2
(匿名) @ 9561.4bf2dc71.js:2
Ec @ 9561.4bf2dc71.js:2
t.unstable_runWithPriority @ 9561.4bf2dc71.js:2
qo @ 9561.4bf2dc71.js:2
kc @ 9561.4bf2dc71.js:2
dc @ 9561.4bf2dc71.js:2
ic @ 9561.4bf2dc71.js:2
Gc @ 9561.4bf2dc71.js:2
(匿名) @ 9561.4bf2dc71.js:2
pc @ 9561.4bf2dc71.js:2
el @ 9561.4bf2dc71.js:2
render @ 9561.4bf2dc71.js:2
(匿名) @ main.2faaeed8.js:1
u @ 9561.4bf2dc71.js:2
(匿名) @ 9561.4bf2dc71.js:2
(匿名) @ 9561.4bf2dc71.js:2
r @ 9561.4bf2dc71.js:2
s @ 9561.4bf2dc71.js:2
Promise.then
r @ 9561.4bf2dc71.js:2
s @ 9561.4bf2dc71.js:2
(匿名) @ 9561.4bf2dc71.js:2
(匿名) @ 9561.4bf2dc71.js:2
(匿名) @ main.2faaeed8.js:1
(匿名) @ main.2faaeed8.js:1
u @ 9561.4bf2dc71.js:2
(匿名) @ 9561.4bf2dc71.js:2
(匿名) @ 9561.4bf2dc71.js:2
r @ 9561.4bf2dc71.js:2
s @ 9561.4bf2dc71.js:2
Promise.then
r @ 9561.4bf2dc71.js:2
s @ 9561.4bf2dc71.js:2
Promise.then
r @ 9561.4bf2dc71.js:2
s @ 9561.4bf2dc71.js:2
(匿名) @ 9561.4bf2dc71.js:2
(匿名) @ 9561.4bf2dc71.js:2
49209 @ main.2faaeed8.js:1
n @ main.2faaeed8.js:1
(匿名) @ main.2faaeed8.js:1
n.O @ main.2faaeed8.js:1
(匿名) @ main.2faaeed8.js:1
(匿名) @ main.2faaeed8.js:1
(匿名) @ main.2faaeed8.js:1
(匿名) @ main.2faaeed8.js:1
23:32:09.101 9561.4bf2dc71.js:2  react-intl-universal key "e2d15efb" not defined in zh
warningHandler @ 9561.4bf2dc71.js:2
value @ 9561.4bf2dc71.js:2
p @ 9561.4bf2dc71.js:2
value @ 808.d56623c9.chunk.js:1
Xi @ 9561.4bf2dc71.js:2
$i @ 9561.4bf2dc71.js:2
Cs @ 9561.4bf2dc71.js:2
wc @ 9561.4bf2dc71.js:2
_c @ 9561.4bf2dc71.js:2
dc @ 9561.4bf2dc71.js:2
(匿名) @ 9561.4bf2dc71.js:2
t.unstable_runWithPriority @ 9561.4bf2dc71.js:2
qo @ 9561.4bf2dc71.js:2
Xo @ 9561.4bf2dc71.js:2
$o @ 9561.4bf2dc71.js:2
ic @ 9561.4bf2dc71.js:2
enqueueSetState @ 9561.4bf2dc71.js:2
b.setState @ 9561.4bf2dc71.js:2
(匿名) @ 808.d56623c9.chunk.js:1
u @ 9561.4bf2dc71.js:2
(匿名) @ 9561.4bf2dc71.js:2
(匿名) @ 9561.4bf2dc71.js:2
r @ 9561.4bf2dc71.js:2
s @ 9561.4bf2dc71.js:2
Promise.then
r @ 9561.4bf2dc71.js:2
s @ 9561.4bf2dc71.js:2
Promise.then
r @ 9561.4bf2dc71.js:2
s @ 9561.4bf2dc71.js:2
Promise.then
r @ 9561.4bf2dc71.js:2
s @ 9561.4bf2dc71.js:2
(匿名) @ 9561.4bf2dc71.js:2
(匿名) @ 9561.4bf2dc71.js:2
value @ 808.d56623c9.chunk.js:1
F @ 9561.4bf2dc71.js:2
(匿名) @ 9561.4bf2dc71.js:2
Ec @ 9561.4bf2dc71.js:2
t.unstable_runWithPriority @ 9561.4bf2dc71.js:2
qo @ 9561.4bf2dc71.js:2
kc @ 9561.4bf2dc71.js:2
dc @ 9561.4bf2dc71.js:2
(匿名) @ 9561.4bf2dc71.js:2
t.unstable_runWithPriority @ 9561.4bf2dc71.js:2
qo @ 9561.4bf2dc71.js:2
Xo @ 9561.4bf2dc71.js:2
$o @ 9561.4bf2dc71.js:2
fc @ 9561.4bf2dc71.js:2
We @ 9561.4bf2dc71.js:2
Ue @ 9561.4bf2dc71.js:2
He @ 9561.4bf2dc71.js:2
e.reportChanged @ 9561.4bf2dc71.js:2
t.setNewValue @ 9561.4bf2dc71.js:2
e.write @ 9561.4bf2dc71.js:2
set @ 9561.4bf2dc71.js:2
(匿名) @ main.2faaeed8.js:1
u @ 9561.4bf2dc71.js:2
(匿名) @ 9561.4bf2dc71.js:2
(匿名) @ 9561.4bf2dc71.js:2
r @ 9561.4bf2dc71.js:2
s @ 9561.4bf2dc71.js:2
Promise.then
r @ 9561.4bf2dc71.js:2
s @ 9561.4bf2dc71.js:2
(匿名) @ 9561.4bf2dc71.js:2
(匿名) @ 9561.4bf2dc71.js:2
Ee @ 9561.4bf2dc71.js:2
n @ 9561.4bf2dc71.js:2
(匿名) @ main.2faaeed8.js:1
setTimeout
value @ main.2faaeed8.js:1
Ee @ 9561.4bf2dc71.js:2
n @ 9561.4bf2dc71.js:2
(匿名) @ main.2faaeed8.js:1
u @ 9561.4bf2dc71.js:2
(匿名) @ 9561.4bf2dc71.js:2
(匿名) @ 9561.4bf2dc71.js:2
r @ 9561.4bf2dc71.js:2
s @ 9561.4bf2dc71.js:2
(匿名) @ 9561.4bf2dc71.js:2
(匿名) @ 9561.4bf2dc71.js:2
(匿名) @ main.2faaeed8.js:1
Ee @ 9561.4bf2dc71.js:2
n @ 9561.4bf2dc71.js:2
(匿名) @ main.2faaeed8.js:1
u @ 9561.4bf2dc71.js:2
(匿名) @ 9561.4bf2dc71.js:2
(匿名) @ 9561.4bf2dc71.js:2
r @ 9561.4bf2dc71.js:2
s @ 9561.4bf2dc71.js:2
Promise.then
r @ 9561.4bf2dc71.js:2
s @ 9561.4bf2dc71.js:2
Promise.then
r @ 9561.4bf2dc71.js:2
s @ 9561.4bf2dc71.js:2
Promise.then
r @ 9561.4bf2dc71.js:2
s @ 9561.4bf2dc71.js:2
(匿名) @ 9561.4bf2dc71.js:2
(匿名) @ 9561.4bf2dc71.js:2
value @ main.2faaeed8.js:1
F @ 9561.4bf2dc71.js:2
(匿名) @ 9561.4bf2dc71.js:2
Ec @ 9561.4bf2dc71.js:2
t.unstable_runWithPriority @ 9561.4bf2dc71.js:2
qo @ 9561.4bf2dc71.js:2
kc @ 9561.4bf2dc71.js:2
dc @ 9561.4bf2dc71.js:2
ic @ 9561.4bf2dc71.js:2
Gc @ 9561.4bf2dc71.js:2
(匿名) @ 9561.4bf2dc71.js:2
pc @ 9561.4bf2dc71.js:2
el @ 9561.4bf2dc71.js:2
render @ 9561.4bf2dc71.js:2
(匿名) @ main.2faaeed8.js:1
u @ 9561.4bf2dc71.js:2
(匿名) @ 9561.4bf2dc71.js:2
(匿名) @ 9561.4bf2dc71.js:2
r @ 9561.4bf2dc71.js:2
s @ 9561.4bf2dc71.js:2
Promise.then
r @ 9561.4bf2dc71.js:2
s @ 9561.4bf2dc71.js:2
(匿名) @ 9561.4bf2dc71.js:2
(匿名) @ 9561.4bf2dc71.js:2
(匿名) @ main.2faaeed8.js:1
(匿名) @ main.2faaeed8.js:1
u @ 9561.4bf2dc71.js:2
(匿名) @ 9561.4bf2dc71.js:2
(匿名) @ 9561.4bf2dc71.js:2
r @ 9561.4bf2dc71.js:2
s @ 9561.4bf2dc71.js:2
Promise.then
r @ 9561.4bf2dc71.js:2
s @ 9561.4bf2dc71.js:2
Promise.then
r @ 9561.4bf2dc71.js:2
s @ 9561.4bf2dc71.js:2
(匿名) @ 9561.4bf2dc71.js:2
(匿名) @ 9561.4bf2dc71.js:2
49209 @ main.2faaeed8.js:1
n @ main.2faaeed8.js:1
(匿名) @ main.2faaeed8.js:1
n.O @ main.2faaeed8.js:1
(匿名) @ main.2faaeed8.js:1
(匿名) @ main.2faaeed8.js:1
(匿名) @ main.2faaeed8.js:1
(匿名) @ main.2faaeed8.js:1
23:32:09.101 9561.4bf2dc71.js:2  react-intl-universal key "cb38f75d" not defined in zh
warningHandler @ 9561.4bf2dc71.js:2
value @ 9561.4bf2dc71.js:2
p @ 9561.4bf2dc71.js:2
value @ 808.d56623c9.chunk.js:1
Xi @ 9561.4bf2dc71.js:2
$i @ 9561.4bf2dc71.js:2
Cs @ 9561.4bf2dc71.js:2
wc @ 9561.4bf2dc71.js:2
_c @ 9561.4bf2dc71.js:2
dc @ 9561.4bf2dc71.js:2
(匿名) @ 9561.4bf2dc71.js:2
t.unstable_runWithPriority @ 9561.4bf2dc71.js:2
qo @ 9561.4bf2dc71.js:2
Xo @ 9561.4bf2dc71.js:2
$o @ 9561.4bf2dc71.js:2
ic @ 9561.4bf2dc71.js:2
enqueueSetState @ 9561.4bf2dc71.js:2
b.setState @ 9561.4bf2dc71.js:2
(匿名) @ 808.d56623c9.chunk.js:1
u @ 9561.4bf2dc71.js:2
(匿名) @ 9561.4bf2dc71.js:2
(匿名) @ 9561.4bf2dc71.js:2
r @ 9561.4bf2dc71.js:2
s @ 9561.4bf2dc71.js:2
Promise.then
r @ 9561.4bf2dc71.js:2
s @ 9561.4bf2dc71.js:2
Promise.then
r @ 9561.4bf2dc71.js:2
s @ 9561.4bf2dc71.js:2
Promise.then
r @ 9561.4bf2dc71.js:2
s @ 9561.4bf2dc71.js:2
(匿名) @ 9561.4bf2dc71.js:2
(匿名) @ 9561.4bf2dc71.js:2
value @ 808.d56623c9.chunk.js:1
F @ 9561.4bf2dc71.js:2
(匿名) @ 9561.4bf2dc71.js:2
Ec @ 9561.4bf2dc71.js:2
t.unstable_runWithPriority @ 9561.4bf2dc71.js:2
qo @ 9561.4bf2dc71.js:2
kc @ 9561.4bf2dc71.js:2
dc @ 9561.4bf2dc71.js:2
(匿名) @ 9561.4bf2dc71.js:2
t.unstable_runWithPriority @ 9561.4bf2dc71.js:2
qo @ 9561.4bf2dc71.js:2
Xo @ 9561.4bf2dc71.js:2
$o @ 9561.4bf2dc71.js:2
fc @ 9561.4bf2dc71.js:2
We @ 9561.4bf2dc71.js:2
Ue @ 9561.4bf2dc71.js:2
He @ 9561.4bf2dc71.js:2
e.reportChanged @ 9561.4bf2dc71.js:2
t.setNewValue @ 9561.4bf2dc71.js:2
e.write @ 9561.4bf2dc71.js:2
set @ 9561.4bf2dc71.js:2
(匿名) @ main.2faaeed8.js:1
u @ 9561.4bf2dc71.js:2
(匿名) @ 9561.4bf2dc71.js:2
(匿名) @ 9561.4bf2dc71.js:2
r @ 9561.4bf2dc71.js:2
s @ 9561.4bf2dc71.js:2
Promise.then
r @ 9561.4bf2dc71.js:2
s @ 9561.4bf2dc71.js:2
(匿名) @ 9561.4bf2dc71.js:2
(匿名) @ 9561.4bf2dc71.js:2
Ee @ 9561.4bf2dc71.js:2
n @ 9561.4bf2dc71.js:2
(匿名) @ main.2faaeed8.js:1
setTimeout
value @ main.2faaeed8.js:1
Ee @ 9561.4bf2dc71.js:2
n @ 9561.4bf2dc71.js:2
(匿名) @ main.2faaeed8.js:1
u @ 9561.4bf2dc71.js:2
(匿名) @ 9561.4bf2dc71.js:2
(匿名) @ 9561.4bf2dc71.js:2
r @ 9561.4bf2dc71.js:2
s @ 9561.4bf2dc71.js:2
(匿名) @ 9561.4bf2dc71.js:2
(匿名) @ 9561.4bf2dc71.js:2
(匿名) @ main.2faaeed8.js:1
Ee @ 9561.4bf2dc71.js:2
n @ 9561.4bf2dc71.js:2
(匿名) @ main.2faaeed8.js:1
u @ 9561.4bf2dc71.js:2
(匿名) @ 9561.4bf2dc71.js:2
(匿名) @ 9561.4bf2dc71.js:2
r @ 9561.4bf2dc71.js:2
s @ 9561.4bf2dc71.js:2
Promise.then
r @ 9561.4bf2dc71.js:2
s @ 9561.4bf2dc71.js:2
Promise.then
r @ 9561.4bf2dc71.js:2
s @ 9561.4bf2dc71.js:2
Promise.then
r @ 9561.4bf2dc71.js:2
s @ 9561.4bf2dc71.js:2
(匿名) @ 9561.4bf2dc71.js:2
(匿名) @ 9561.4bf2dc71.js:2
value @ main.2faaeed8.js:1
F @ 9561.4bf2dc71.js:2
(匿名) @ 9561.4bf2dc71.js:2
Ec @ 9561.4bf2dc71.js:2
t.unstable_runWithPriority @ 9561.4bf2dc71.js:2
qo @ 9561.4bf2dc71.js:2
kc @ 9561.4bf2dc71.js:2
dc @ 9561.4bf2dc71.js:2
ic @ 9561.4bf2dc71.js:2
Gc @ 9561.4bf2dc71.js:2
(匿名) @ 9561.4bf2dc71.js:2
pc @ 9561.4bf2dc71.js:2
el @ 9561.4bf2dc71.js:2
render @ 9561.4bf2dc71.js:2
(匿名) @ main.2faaeed8.js:1
u @ 9561.4bf2dc71.js:2
(匿名) @ 9561.4bf2dc71.js:2
(匿名) @ 9561.4bf2dc71.js:2
r @ 9561.4bf2dc71.js:2
s @ 9561.4bf2dc71.js:2
Promise.then
r @ 9561.4bf2dc71.js:2
s @ 9561.4bf2dc71.js:2
(匿名) @ 9561.4bf2dc71.js:2
(匿名) @ 9561.4bf2dc71.js:2
(匿名) @ main.2faaeed8.js:1
(匿名) @ main.2faaeed8.js:1
u @ 9561.4bf2dc71.js:2
(匿名) @ 9561.4bf2dc71.js:2
(匿名) @ 9561.4bf2dc71.js:2
r @ 9561.4bf2dc71.js:2
s @ 9561.4bf2dc71.js:2
Promise.then
r @ 9561.4bf2dc71.js:2
s @ 9561.4bf2dc71.js:2
Promise.then
r @ 9561.4bf2dc71.js:2
s @ 9561.4bf2dc71.js:2
(匿名) @ 9561.4bf2dc71.js:2
(匿名) @ 9561.4bf2dc71.js:2
49209 @ main.2faaeed8.js:1
n @ main.2faaeed8.js:1
(匿名) @ main.2faaeed8.js:1
n.O @ main.2faaeed8.js:1
(匿名) @ main.2faaeed8.js:1
(匿名) @ main.2faaeed8.js:1
(匿名) @ main.2faaeed8.js:1
(匿名) @ main.2faaeed8.js:1
23:32:09.101 9561.4bf2dc71.js:2  react-intl-universal key "f5444d4a" not defined in zh
warningHandler @ 9561.4bf2dc71.js:2
value @ 9561.4bf2dc71.js:2
p @ 9561.4bf2dc71.js:2
value @ 808.d56623c9.chunk.js:1
Xi @ 9561.4bf2dc71.js:2
$i @ 9561.4bf2dc71.js:2
Cs @ 9561.4bf2dc71.js:2
wc @ 9561.4bf2dc71.js:2
_c @ 9561.4bf2dc71.js:2
dc @ 9561.4bf2dc71.js:2
(匿名) @ 9561.4bf2dc71.js:2
t.unstable_runWithPriority @ 9561.4bf2dc71.js:2
qo @ 9561.4bf2dc71.js:2
Xo @ 9561.4bf2dc71.js:2
$o @ 9561.4bf2dc71.js:2
ic @ 9561.4bf2dc71.js:2
enqueueSetState @ 9561.4bf2dc71.js:2
b.setState @ 9561.4bf2dc71.js:2
(匿名) @ 808.d56623c9.chunk.js:1
u @ 9561.4bf2dc71.js:2
(匿名) @ 9561.4bf2dc71.js:2
(匿名) @ 9561.4bf2dc71.js:2
r @ 9561.4bf2dc71.js:2
s @ 9561.4bf2dc71.js:2
Promise.then
r @ 9561.4bf2dc71.js:2
s @ 9561.4bf2dc71.js:2
Promise.then
r @ 9561.4bf2dc71.js:2
s @ 9561.4bf2dc71.js:2
Promise.then
r @ 9561.4bf2dc71.js:2
s @ 9561.4bf2dc71.js:2
(匿名) @ 9561.4bf2dc71.js:2
(匿名) @ 9561.4bf2dc71.js:2
value @ 808.d56623c9.chunk.js:1
F @ 9561.4bf2dc71.js:2
(匿名) @ 9561.4bf2dc71.js:2
Ec @ 9561.4bf2dc71.js:2
t.unstable_runWithPriority @ 9561.4bf2dc71.js:2
qo @ 9561.4bf2dc71.js:2
kc @ 9561.4bf2dc71.js:2
dc @ 9561.4bf2dc71.js:2
(匿名) @ 9561.4bf2dc71.js:2
t.unstable_runWithPriority @ 9561.4bf2dc71.js:2
qo @ 9561.4bf2dc71.js:2
Xo @ 9561.4bf2dc71.js:2
$o @ 9561.4bf2dc71.js:2
fc @ 9561.4bf2dc71.js:2
We @ 9561.4bf2dc71.js:2
Ue @ 9561.4bf2dc71.js:2
He @ 9561.4bf2dc71.js:2
e.reportChanged @ 9561.4bf2dc71.js:2
t.setNewValue @ 9561.4bf2dc71.js:2
e.write @ 9561.4bf2dc71.js:2
set @ 9561.4bf2dc71.js:2
(匿名) @ main.2faaeed8.js:1
u @ 9561.4bf2dc71.js:2
(匿名) @ 9561.4bf2dc71.js:2
(匿名) @ 9561.4bf2dc71.js:2
r @ 9561.4bf2dc71.js:2
s @ 9561.4bf2dc71.js:2
Promise.then
r @ 9561.4bf2dc71.js:2
s @ 9561.4bf2dc71.js:2
(匿名) @ 9561.4bf2dc71.js:2
(匿名) @ 9561.4bf2dc71.js:2
Ee @ 9561.4bf2dc71.js:2
n @ 9561.4bf2dc71.js:2
(匿名) @ main.2faaeed8.js:1
setTimeout
value @ main.2faaeed8.js:1
Ee @ 9561.4bf2dc71.js:2
n @ 9561.4bf2dc71.js:2
(匿名) @ main.2faaeed8.js:1
u @ 9561.4bf2dc71.js:2
(匿名) @ 9561.4bf2dc71.js:2
(匿名) @ 9561.4bf2dc71.js:2
r @ 9561.4bf2dc71.js:2
s @ 9561.4bf2dc71.js:2
(匿名) @ 9561.4bf2dc71.js:2
(匿名) @ 9561.4bf2dc71.js:2
(匿名) @ main.2faaeed8.js:1
Ee @ 9561.4bf2dc71.js:2
n @ 9561.4bf2dc71.js:2
(匿名) @ main.2faaeed8.js:1
u @ 9561.4bf2dc71.js:2
(匿名) @ 9561.4bf2dc71.js:2
(匿名) @ 9561.4bf2dc71.js:2
r @ 9561.4bf2dc71.js:2
s @ 9561.4bf2dc71.js:2
Promise.then
r @ 9561.4bf2dc71.js:2
s @ 9561.4bf2dc71.js:2
Promise.then
r @ 9561.4bf2dc71.js:2
s @ 9561.4bf2dc71.js:2
Promise.then
r @ 9561.4bf2dc71.js:2
s @ 9561.4bf2dc71.js:2
(匿名) @ 9561.4bf2dc71.js:2
(匿名) @ 9561.4bf2dc71.js:2
value @ main.2faaeed8.js:1
F @ 9561.4bf2dc71.js:2
(匿名) @ 9561.4bf2dc71.js:2
Ec @ 9561.4bf2dc71.js:2
t.unstable_runWithPriority @ 9561.4bf2dc71.js:2
qo @ 9561.4bf2dc71.js:2
kc @ 9561.4bf2dc71.js:2
dc @ 9561.4bf2dc71.js:2
ic @ 9561.4bf2dc71.js:2
Gc @ 9561.4bf2dc71.js:2
(匿名) @ 9561.4bf2dc71.js:2
pc @ 9561.4bf2dc71.js:2
el @ 9561.4bf2dc71.js:2
render @ 9561.4bf2dc71.js:2
(匿名) @ main.2faaeed8.js:1
u @ 9561.4bf2dc71.js:2
(匿名) @ 9561.4bf2dc71.js:2
(匿名) @ 9561.4bf2dc71.js:2
r @ 9561.4bf2dc71.js:2
s @ 9561.4bf2dc71.js:2
Promise.then
r @ 9561.4bf2dc71.js:2
s @ 9561.4bf2dc71.js:2
(匿名) @ 9561.4bf2dc71.js:2
(匿名) @ 9561.4bf2dc71.js:2
(匿名) @ main.2faaeed8.js:1
(匿名) @ main.2faaeed8.js:1
u @ 9561.4bf2dc71.js:2
(匿名) @ 9561.4bf2dc71.js:2
(匿名) @ 9561.4bf2dc71.js:2
r @ 9561.4bf2dc71.js:2
s @ 9561.4bf2dc71.js:2
Promise.then
r @ 9561.4bf2dc71.js:2
s @ 9561.4bf2dc71.js:2
Promise.then
r @ 9561.4bf2dc71.js:2
s @ 9561.4bf2dc71.js:2
(匿名) @ 9561.4bf2dc71.js:2
(匿名) @ 9561.4bf2dc71.js:2
49209 @ main.2faaeed8.js:1
n @ main.2faaeed8.js:1
(匿名) @ main.2faaeed8.js:1
n.O @ main.2faaeed8.js:1
(匿名) @ main.2faaeed8.js:1
(匿名) @ main.2faaeed8.js:1
(匿名) @ main.2faaeed8.js:1
(匿名) @ main.2faaeed8.js:1
23:32:09.102 9561.4bf2dc71.js:2  react-intl-universal key "1655dd5f" not defined in zh
warningHandler @ 9561.4bf2dc71.js:2
value @ 9561.4bf2dc71.js:2
p @ 9561.4bf2dc71.js:2
value @ 808.d56623c9.chunk.js:1
Xi @ 9561.4bf2dc71.js:2
$i @ 9561.4bf2dc71.js:2
Cs @ 9561.4bf2dc71.js:2
wc @ 9561.4bf2dc71.js:2
_c @ 9561.4bf2dc71.js:2
dc @ 9561.4bf2dc71.js:2
(匿名) @ 9561.4bf2dc71.js:2
t.unstable_runWithPriority @ 9561.4bf2dc71.js:2
qo @ 9561.4bf2dc71.js:2
Xo @ 9561.4bf2dc71.js:2
$o @ 9561.4bf2dc71.js:2
ic @ 9561.4bf2dc71.js:2
enqueueSetState @ 9561.4bf2dc71.js:2
b.setState @ 9561.4bf2dc71.js:2
(匿名) @ 808.d56623c9.chunk.js:1
u @ 9561.4bf2dc71.js:2
(匿名) @ 9561.4bf2dc71.js:2
(匿名) @ 9561.4bf2dc71.js:2
r @ 9561.4bf2dc71.js:2
s @ 9561.4bf2dc71.js:2
Promise.then
r @ 9561.4bf2dc71.js:2
s @ 9561.4bf2dc71.js:2
Promise.then
r @ 9561.4bf2dc71.js:2
s @ 9561.4bf2dc71.js:2
Promise.then
r @ 9561.4bf2dc71.js:2
s @ 9561.4bf2dc71.js:2
(匿名) @ 9561.4bf2dc71.js:2
(匿名) @ 9561.4bf2dc71.js:2
value @ 808.d56623c9.chunk.js:1
F @ 9561.4bf2dc71.js:2
(匿名) @ 9561.4bf2dc71.js:2
Ec @ 9561.4bf2dc71.js:2
t.unstable_runWithPriority @ 9561.4bf2dc71.js:2
qo @ 9561.4bf2dc71.js:2
kc @ 9561.4bf2dc71.js:2
dc @ 9561.4bf2dc71.js:2
(匿名) @ 9561.4bf2dc71.js:2
t.unstable_runWithPriority @ 9561.4bf2dc71.js:2
qo @ 9561.4bf2dc71.js:2
Xo @ 9561.4bf2dc71.js:2
$o @ 9561.4bf2dc71.js:2
fc @ 9561.4bf2dc71.js:2
We @ 9561.4bf2dc71.js:2
Ue @ 9561.4bf2dc71.js:2
He @ 9561.4bf2dc71.js:2
e.reportChanged @ 9561.4bf2dc71.js:2
t.setNewValue @ 9561.4bf2dc71.js:2
e.write @ 9561.4bf2dc71.js:2
set @ 9561.4bf2dc71.js:2
(匿名) @ main.2faaeed8.js:1
u @ 9561.4bf2dc71.js:2
(匿名) @ 9561.4bf2dc71.js:2
(匿名) @ 9561.4bf2dc71.js:2
r @ 9561.4bf2dc71.js:2
s @ 9561.4bf2dc71.js:2
Promise.then
r @ 9561.4bf2dc71.js:2
s @ 9561.4bf2dc71.js:2
(匿名) @ 9561.4bf2dc71.js:2
(匿名) @ 9561.4bf2dc71.js:2
Ee @ 9561.4bf2dc71.js:2
n @ 9561.4bf2dc71.js:2
(匿名) @ main.2faaeed8.js:1
setTimeout
value @ main.2faaeed8.js:1
Ee @ 9561.4bf2dc71.js:2
n @ 9561.4bf2dc71.js:2
(匿名) @ main.2faaeed8.js:1
u @ 9561.4bf2dc71.js:2
(匿名) @ 9561.4bf2dc71.js:2
(匿名) @ 9561.4bf2dc71.js:2
r @ 9561.4bf2dc71.js:2
s @ 9561.4bf2dc71.js:2
(匿名) @ 9561.4bf2dc71.js:2
(匿名) @ 9561.4bf2dc71.js:2
(匿名) @ main.2faaeed8.js:1
Ee @ 9561.4bf2dc71.js:2
n @ 9561.4bf2dc71.js:2
(匿名) @ main.2faaeed8.js:1
u @ 9561.4bf2dc71.js:2
(匿名) @ 9561.4bf2dc71.js:2
(匿名) @ 9561.4bf2dc71.js:2
r @ 9561.4bf2dc71.js:2
s @ 9561.4bf2dc71.js:2
Promise.then
r @ 9561.4bf2dc71.js:2
s @ 9561.4bf2dc71.js:2
Promise.then
r @ 9561.4bf2dc71.js:2
s @ 9561.4bf2dc71.js:2
Promise.then
r @ 9561.4bf2dc71.js:2
s @ 9561.4bf2dc71.js:2
(匿名) @ 9561.4bf2dc71.js:2
(匿名) @ 9561.4bf2dc71.js:2
value @ main.2faaeed8.js:1
F @ 9561.4bf2dc71.js:2
(匿名) @ 9561.4bf2dc71.js:2
Ec @ 9561.4bf2dc71.js:2
t.unstable_runWithPriority @ 9561.4bf2dc71.js:2
qo @ 9561.4bf2dc71.js:2
kc @ 9561.4bf2dc71.js:2
dc @ 9561.4bf2dc71.js:2
ic @ 9561.4bf2dc71.js:2
Gc @ 9561.4bf2dc71.js:2
(匿名) @ 9561.4bf2dc71.js:2
pc @ 9561.4bf2dc71.js:2
el @ 9561.4bf2dc71.js:2
render @ 9561.4bf2dc71.js:2
(匿名) @ main.2faaeed8.js:1
u @ 9561.4bf2dc71.js:2
(匿名) @ 9561.4bf2dc71.js:2
(匿名) @ 9561.4bf2dc71.js:2
r @ 9561.4bf2dc71.js:2
s @ 9561.4bf2dc71.js:2
Promise.then
r @ 9561.4bf2dc71.js:2
s @ 9561.4bf2dc71.js:2
(匿名) @ 9561.4bf2dc71.js:2
(匿名) @ 9561.4bf2dc71.js:2
(匿名) @ main.2faaeed8.js:1
(匿名) @ main.2faaeed8.js:1
u @ 9561.4bf2dc71.js:2
(匿名) @ 9561.4bf2dc71.js:2
(匿名) @ 9561.4bf2dc71.js:2
r @ 9561.4bf2dc71.js:2
s @ 9561.4bf2dc71.js:2
Promise.then
r @ 9561.4bf2dc71.js:2
s @ 9561.4bf2dc71.js:2
Promise.then
r @ 9561.4bf2dc71.js:2
s @ 9561.4bf2dc71.js:2
(匿名) @ 9561.4bf2dc71.js:2
(匿名) @ 9561.4bf2dc71.js:2
49209 @ main.2faaeed8.js:1
n @ main.2faaeed8.js:1
(匿名) @ main.2faaeed8.js:1
n.O @ main.2faaeed8.js:1
(匿名) @ main.2faaeed8.js:1
(匿名) @ main.2faaeed8.js:1
(匿名) @ main.2faaeed8.js:1
(匿名) @ main.2faaeed8.js:1
23:32:09.102 9561.4bf2dc71.js:2  react-intl-universal key "e7d2e85a" not defined in zh
warningHandler @ 9561.4bf2dc71.js:2
value @ 9561.4bf2dc71.js:2
p @ 9561.4bf2dc71.js:2
value @ 808.d56623c9.chunk.js:1
Xi @ 9561.4bf2dc71.js:2
$i @ 9561.4bf2dc71.js:2
Cs @ 9561.4bf2dc71.js:2
wc @ 9561.4bf2dc71.js:2
_c @ 9561.4bf2dc71.js:2
dc @ 9561.4bf2dc71.js:2
(匿名) @ 9561.4bf2dc71.js:2
t.unstable_runWithPriority @ 9561.4bf2dc71.js:2
qo @ 9561.4bf2dc71.js:2
Xo @ 9561.4bf2dc71.js:2
$o @ 9561.4bf2dc71.js:2
ic @ 9561.4bf2dc71.js:2
enqueueSetState @ 9561.4bf2dc71.js:2
b.setState @ 9561.4bf2dc71.js:2
(匿名) @ 808.d56623c9.chunk.js:1
u @ 9561.4bf2dc71.js:2
(匿名) @ 9561.4bf2dc71.js:2
(匿名) @ 9561.4bf2dc71.js:2
r @ 9561.4bf2dc71.js:2
s @ 9561.4bf2dc71.js:2
Promise.then
r @ 9561.4bf2dc71.js:2
s @ 9561.4bf2dc71.js:2
Promise.then
r @ 9561.4bf2dc71.js:2
s @ 9561.4bf2dc71.js:2
Promise.then
r @ 9561.4bf2dc71.js:2
s @ 9561.4bf2dc71.js:2
(匿名) @ 9561.4bf2dc71.js:2
(匿名) @ 9561.4bf2dc71.js:2
value @ 808.d56623c9.chunk.js:1
F @ 9561.4bf2dc71.js:2
(匿名) @ 9561.4bf2dc71.js:2
Ec @ 9561.4bf2dc71.js:2
t.unstable_runWithPriority @ 9561.4bf2dc71.js:2
qo @ 9561.4bf2dc71.js:2
kc @ 9561.4bf2dc71.js:2
dc @ 9561.4bf2dc71.js:2
(匿名) @ 9561.4bf2dc71.js:2
t.unstable_runWithPriority @ 9561.4bf2dc71.js:2
qo @ 9561.4bf2dc71.js:2
Xo @ 9561.4bf2dc71.js:2
$o @ 9561.4bf2dc71.js:2
fc @ 9561.4bf2dc71.js:2
We @ 9561.4bf2dc71.js:2
Ue @ 9561.4bf2dc71.js:2
He @ 9561.4bf2dc71.js:2
e.reportChanged @ 9561.4bf2dc71.js:2
t.setNewValue @ 9561.4bf2dc71.js:2
e.write @ 9561.4bf2dc71.js:2
set @ 9561.4bf2dc71.js:2
(匿名) @ main.2faaeed8.js:1
u @ 9561.4bf2dc71.js:2
(匿名) @ 9561.4bf2dc71.js:2
(匿名) @ 9561.4bf2dc71.js:2
r @ 9561.4bf2dc71.js:2
s @ 9561.4bf2dc71.js:2
Promise.then
r @ 9561.4bf2dc71.js:2
s @ 9561.4bf2dc71.js:2
(匿名) @ 9561.4bf2dc71.js:2
(匿名) @ 9561.4bf2dc71.js:2
Ee @ 9561.4bf2dc71.js:2
n @ 9561.4bf2dc71.js:2
(匿名) @ main.2faaeed8.js:1
setTimeout
value @ main.2faaeed8.js:1
Ee @ 9561.4bf2dc71.js:2
n @ 9561.4bf2dc71.js:2
(匿名) @ main.2faaeed8.js:1
u @ 9561.4bf2dc71.js:2
(匿名) @ 9561.4bf2dc71.js:2
(匿名) @ 9561.4bf2dc71.js:2
r @ 9561.4bf2dc71.js:2
s @ 9561.4bf2dc71.js:2
(匿名) @ 9561.4bf2dc71.js:2
(匿名) @ 9561.4bf2dc71.js:2
(匿名) @ main.2faaeed8.js:1
Ee @ 9561.4bf2dc71.js:2
n @ 9561.4bf2dc71.js:2
(匿名) @ main.2faaeed8.js:1
u @ 9561.4bf2dc71.js:2
(匿名) @ 9561.4bf2dc71.js:2
(匿名) @ 9561.4bf2dc71.js:2
r @ 9561.4bf2dc71.js:2
s @ 9561.4bf2dc71.js:2
Promise.then
r @ 9561.4bf2dc71.js:2
s @ 9561.4bf2dc71.js:2
Promise.then
r @ 9561.4bf2dc71.js:2
s @ 9561.4bf2dc71.js:2
Promise.then
r @ 9561.4bf2dc71.js:2
s @ 9561.4bf2dc71.js:2
(匿名) @ 9561.4bf2dc71.js:2
(匿名) @ 9561.4bf2dc71.js:2
value @ main.2faaeed8.js:1
F @ 9561.4bf2dc71.js:2
(匿名) @ 9561.4bf2dc71.js:2
Ec @ 9561.4bf2dc71.js:2
t.unstable_runWithPriority @ 9561.4bf2dc71.js:2
qo @ 9561.4bf2dc71.js:2
kc @ 9561.4bf2dc71.js:2
dc @ 9561.4bf2dc71.js:2
ic @ 9561.4bf2dc71.js:2
Gc @ 9561.4bf2dc71.js:2
(匿名) @ 9561.4bf2dc71.js:2
pc @ 9561.4bf2dc71.js:2
el @ 9561.4bf2dc71.js:2
render @ 9561.4bf2dc71.js:2
(匿名) @ main.2faaeed8.js:1
u @ 9561.4bf2dc71.js:2
(匿名) @ 9561.4bf2dc71.js:2
(匿名) @ 9561.4bf2dc71.js:2
r @ 9561.4bf2dc71.js:2
s @ 9561.4bf2dc71.js:2
Promise.then
r @ 9561.4bf2dc71.js:2
s @ 9561.4bf2dc71.js:2
(匿名) @ 9561.4bf2dc71.js:2
(匿名) @ 9561.4bf2dc71.js:2
(匿名) @ main.2faaeed8.js:1
(匿名) @ main.2faaeed8.js:1
u @ 9561.4bf2dc71.js:2
(匿名) @ 9561.4bf2dc71.js:2
(匿名) @ 9561.4bf2dc71.js:2
r @ 9561.4bf2dc71.js:2
s @ 9561.4bf2dc71.js:2
Promise.then
r @ 9561.4bf2dc71.js:2
s @ 9561.4bf2dc71.js:2
Promise.then
r @ 9561.4bf2dc71.js:2
s @ 9561.4bf2dc71.js:2
(匿名) @ 9561.4bf2dc71.js:2
(匿名) @ 9561.4bf2dc71.js:2
49209 @ main.2faaeed8.js:1
n @ main.2faaeed8.js:1
(匿名) @ main.2faaeed8.js:1
n.O @ main.2faaeed8.js:1
(匿名) @ main.2faaeed8.js:1
(匿名) @ main.2faaeed8.js:1
(匿名) @ main.2faaeed8.js:1
(匿名) @ main.2faaeed8.js:1
23:32:09.105 9561.4bf2dc71.js:2  react-intl-universal key "b698998e" not defined in zh
warningHandler @ 9561.4bf2dc71.js:2
value @ 9561.4bf2dc71.js:2
p @ 9561.4bf2dc71.js:2
value @ 8222.6209a852.chunk.js:1
Le @ 9561.4bf2dc71.js:2
(匿名) @ 9561.4bf2dc71.js:2
pe @ 9561.4bf2dc71.js:2
e.track @ 9561.4bf2dc71.js:2
n @ 9561.4bf2dc71.js:2
pe @ 9561.4bf2dc71.js:2
d.render @ 9561.4bf2dc71.js:2
Xi @ 9561.4bf2dc71.js:2
$i @ 9561.4bf2dc71.js:2
Cs @ 9561.4bf2dc71.js:2
wc @ 9561.4bf2dc71.js:2
_c @ 9561.4bf2dc71.js:2
dc @ 9561.4bf2dc71.js:2
(匿名) @ 9561.4bf2dc71.js:2
t.unstable_runWithPriority @ 9561.4bf2dc71.js:2
qo @ 9561.4bf2dc71.js:2
Xo @ 9561.4bf2dc71.js:2
$o @ 9561.4bf2dc71.js:2
ic @ 9561.4bf2dc71.js:2
enqueueSetState @ 9561.4bf2dc71.js:2
b.setState @ 9561.4bf2dc71.js:2
(匿名) @ 808.d56623c9.chunk.js:1
u @ 9561.4bf2dc71.js:2
(匿名) @ 9561.4bf2dc71.js:2
(匿名) @ 9561.4bf2dc71.js:2
r @ 9561.4bf2dc71.js:2
s @ 9561.4bf2dc71.js:2
Promise.then
r @ 9561.4bf2dc71.js:2
s @ 9561.4bf2dc71.js:2
Promise.then
r @ 9561.4bf2dc71.js:2
s @ 9561.4bf2dc71.js:2
Promise.then
r @ 9561.4bf2dc71.js:2
s @ 9561.4bf2dc71.js:2
(匿名) @ 9561.4bf2dc71.js:2
(匿名) @ 9561.4bf2dc71.js:2
value @ 808.d56623c9.chunk.js:1
F @ 9561.4bf2dc71.js:2
(匿名) @ 9561.4bf2dc71.js:2
Ec @ 9561.4bf2dc71.js:2
t.unstable_runWithPriority @ 9561.4bf2dc71.js:2
qo @ 9561.4bf2dc71.js:2
kc @ 9561.4bf2dc71.js:2
dc @ 9561.4bf2dc71.js:2
(匿名) @ 9561.4bf2dc71.js:2
t.unstable_runWithPriority @ 9561.4bf2dc71.js:2
qo @ 9561.4bf2dc71.js:2
Xo @ 9561.4bf2dc71.js:2
$o @ 9561.4bf2dc71.js:2
fc @ 9561.4bf2dc71.js:2
We @ 9561.4bf2dc71.js:2
Ue @ 9561.4bf2dc71.js:2
He @ 9561.4bf2dc71.js:2
e.reportChanged @ 9561.4bf2dc71.js:2
t.setNewValue @ 9561.4bf2dc71.js:2
e.write @ 9561.4bf2dc71.js:2
set @ 9561.4bf2dc71.js:2
(匿名) @ main.2faaeed8.js:1
u @ 9561.4bf2dc71.js:2
(匿名) @ 9561.4bf2dc71.js:2
(匿名) @ 9561.4bf2dc71.js:2
r @ 9561.4bf2dc71.js:2
s @ 9561.4bf2dc71.js:2
Promise.then
r @ 9561.4bf2dc71.js:2
s @ 9561.4bf2dc71.js:2
(匿名) @ 9561.4bf2dc71.js:2
(匿名) @ 9561.4bf2dc71.js:2
Ee @ 9561.4bf2dc71.js:2
n @ 9561.4bf2dc71.js:2
(匿名) @ main.2faaeed8.js:1
setTimeout
value @ main.2faaeed8.js:1
Ee @ 9561.4bf2dc71.js:2
n @ 9561.4bf2dc71.js:2
(匿名) @ main.2faaeed8.js:1
u @ 9561.4bf2dc71.js:2
(匿名) @ 9561.4bf2dc71.js:2
(匿名) @ 9561.4bf2dc71.js:2
r @ 9561.4bf2dc71.js:2
s @ 9561.4bf2dc71.js:2
(匿名) @ 9561.4bf2dc71.js:2
(匿名) @ 9561.4bf2dc71.js:2
(匿名) @ main.2faaeed8.js:1
Ee @ 9561.4bf2dc71.js:2
n @ 9561.4bf2dc71.js:2
(匿名) @ main.2faaeed8.js:1
u @ 9561.4bf2dc71.js:2
(匿名) @ 9561.4bf2dc71.js:2
(匿名) @ 9561.4bf2dc71.js:2
r @ 9561.4bf2dc71.js:2
s @ 9561.4bf2dc71.js:2
Promise.then
r @ 9561.4bf2dc71.js:2
s @ 9561.4bf2dc71.js:2
Promise.then
r @ 9561.4bf2dc71.js:2
s @ 9561.4bf2dc71.js:2
Promise.then
r @ 9561.4bf2dc71.js:2
s @ 9561.4bf2dc71.js:2
(匿名) @ 9561.4bf2dc71.js:2
(匿名) @ 9561.4bf2dc71.js:2
value @ main.2faaeed8.js:1
F @ 9561.4bf2dc71.js:2
(匿名) @ 9561.4bf2dc71.js:2
Ec @ 9561.4bf2dc71.js:2
t.unstable_runWithPriority @ 9561.4bf2dc71.js:2
qo @ 9561.4bf2dc71.js:2
kc @ 9561.4bf2dc71.js:2
dc @ 9561.4bf2dc71.js:2
ic @ 9561.4bf2dc71.js:2
Gc @ 9561.4bf2dc71.js:2
(匿名) @ 9561.4bf2dc71.js:2
pc @ 9561.4bf2dc71.js:2
el @ 9561.4bf2dc71.js:2
render @ 9561.4bf2dc71.js:2
(匿名) @ main.2faaeed8.js:1
u @ 9561.4bf2dc71.js:2
(匿名) @ 9561.4bf2dc71.js:2
(匿名) @ 9561.4bf2dc71.js:2
r @ 9561.4bf2dc71.js:2
s @ 9561.4bf2dc71.js:2
Promise.then
r @ 9561.4bf2dc71.js:2
s @ 9561.4bf2dc71.js:2
(匿名) @ 9561.4bf2dc71.js:2
(匿名) @ 9561.4bf2dc71.js:2
(匿名) @ main.2faaeed8.js:1
(匿名) @ main.2faaeed8.js:1
u @ 9561.4bf2dc71.js:2
(匿名) @ 9561.4bf2dc71.js:2
(匿名) @ 9561.4bf2dc71.js:2
r @ 9561.4bf2dc71.js:2
s @ 9561.4bf2dc71.js:2
Promise.then
r @ 9561.4bf2dc71.js:2
s @ 9561.4bf2dc71.js:2
Promise.then
r @ 9561.4bf2dc71.js:2
s @ 9561.4bf2dc71.js:2
(匿名) @ 9561.4bf2dc71.js:2
(匿名) @ 9561.4bf2dc71.js:2
49209 @ main.2faaeed8.js:1
n @ main.2faaeed8.js:1
(匿名) @ main.2faaeed8.js:1
n.O @ main.2faaeed8.js:1
(匿名) @ main.2faaeed8.js:1
(匿名) @ main.2faaeed8.js:1
(匿名) @ main.2faaeed8.js:1
(匿名) @ main.2faaeed8.js:1
23:32:09.105 9561.4bf2dc71.js:2  react-intl-universal key "7c1b3891" not defined in zh
warningHandler @ 9561.4bf2dc71.js:2
value @ 9561.4bf2dc71.js:2
p @ 9561.4bf2dc71.js:2
value @ 8222.6209a852.chunk.js:1
Le @ 9561.4bf2dc71.js:2
(匿名) @ 9561.4bf2dc71.js:2
pe @ 9561.4bf2dc71.js:2
e.track @ 9561.4bf2dc71.js:2
n @ 9561.4bf2dc71.js:2
pe @ 9561.4bf2dc71.js:2
d.render @ 9561.4bf2dc71.js:2
Xi @ 9561.4bf2dc71.js:2
$i @ 9561.4bf2dc71.js:2
Cs @ 9561.4bf2dc71.js:2
wc @ 9561.4bf2dc71.js:2
_c @ 9561.4bf2dc71.js:2
dc @ 9561.4bf2dc71.js:2
(匿名) @ 9561.4bf2dc71.js:2
t.unstable_runWithPriority @ 9561.4bf2dc71.js:2
qo @ 9561.4bf2dc71.js:2
Xo @ 9561.4bf2dc71.js:2
$o @ 9561.4bf2dc71.js:2
ic @ 9561.4bf2dc71.js:2
enqueueSetState @ 9561.4bf2dc71.js:2
b.setState @ 9561.4bf2dc71.js:2
(匿名) @ 808.d56623c9.chunk.js:1
u @ 9561.4bf2dc71.js:2
(匿名) @ 9561.4bf2dc71.js:2
(匿名) @ 9561.4bf2dc71.js:2
r @ 9561.4bf2dc71.js:2
s @ 9561.4bf2dc71.js:2
Promise.then
r @ 9561.4bf2dc71.js:2
s @ 9561.4bf2dc71.js:2
Promise.then
r @ 9561.4bf2dc71.js:2
s @ 9561.4bf2dc71.js:2
Promise.then
r @ 9561.4bf2dc71.js:2
s @ 9561.4bf2dc71.js:2
(匿名) @ 9561.4bf2dc71.js:2
(匿名) @ 9561.4bf2dc71.js:2
value @ 808.d56623c9.chunk.js:1
F @ 9561.4bf2dc71.js:2
(匿名) @ 9561.4bf2dc71.js:2
Ec @ 9561.4bf2dc71.js:2
t.unstable_runWithPriority @ 9561.4bf2dc71.js:2
qo @ 9561.4bf2dc71.js:2
kc @ 9561.4bf2dc71.js:2
dc @ 9561.4bf2dc71.js:2
(匿名) @ 9561.4bf2dc71.js:2
t.unstable_runWithPriority @ 9561.4bf2dc71.js:2
qo @ 9561.4bf2dc71.js:2
Xo @ 9561.4bf2dc71.js:2
$o @ 9561.4bf2dc71.js:2
fc @ 9561.4bf2dc71.js:2
We @ 9561.4bf2dc71.js:2
Ue @ 9561.4bf2dc71.js:2
He @ 9561.4bf2dc71.js:2
e.reportChanged @ 9561.4bf2dc71.js:2
t.setNewValue @ 9561.4bf2dc71.js:2
e.write @ 9561.4bf2dc71.js:2
set @ 9561.4bf2dc71.js:2
(匿名) @ main.2faaeed8.js:1
u @ 9561.4bf2dc71.js:2
(匿名) @ 9561.4bf2dc71.js:2
(匿名) @ 9561.4bf2dc71.js:2
r @ 9561.4bf2dc71.js:2
s @ 9561.4bf2dc71.js:2
Promise.then
r @ 9561.4bf2dc71.js:2
s @ 9561.4bf2dc71.js:2
(匿名) @ 9561.4bf2dc71.js:2
(匿名) @ 9561.4bf2dc71.js:2
Ee @ 9561.4bf2dc71.js:2
n @ 9561.4bf2dc71.js:2
(匿名) @ main.2faaeed8.js:1
setTimeout
value @ main.2faaeed8.js:1
Ee @ 9561.4bf2dc71.js:2
n @ 9561.4bf2dc71.js:2
(匿名) @ main.2faaeed8.js:1
u @ 9561.4bf2dc71.js:2
(匿名) @ 9561.4bf2dc71.js:2
(匿名) @ 9561.4bf2dc71.js:2
r @ 9561.4bf2dc71.js:2
s @ 9561.4bf2dc71.js:2
(匿名) @ 9561.4bf2dc71.js:2
(匿名) @ 9561.4bf2dc71.js:2
(匿名) @ main.2faaeed8.js:1
Ee @ 9561.4bf2dc71.js:2
n @ 9561.4bf2dc71.js:2
(匿名) @ main.2faaeed8.js:1
u @ 9561.4bf2dc71.js:2
(匿名) @ 9561.4bf2dc71.js:2
(匿名) @ 9561.4bf2dc71.js:2
r @ 9561.4bf2dc71.js:2
s @ 9561.4bf2dc71.js:2
Promise.then
r @ 9561.4bf2dc71.js:2
s @ 9561.4bf2dc71.js:2
Promise.then
r @ 9561.4bf2dc71.js:2
s @ 9561.4bf2dc71.js:2
Promise.then
r @ 9561.4bf2dc71.js:2
s @ 9561.4bf2dc71.js:2
(匿名) @ 9561.4bf2dc71.js:2
(匿名) @ 9561.4bf2dc71.js:2
value @ main.2faaeed8.js:1
F @ 9561.4bf2dc71.js:2
(匿名) @ 9561.4bf2dc71.js:2
Ec @ 9561.4bf2dc71.js:2
t.unstable_runWithPriority @ 9561.4bf2dc71.js:2
qo @ 9561.4bf2dc71.js:2
kc @ 9561.4bf2dc71.js:2
dc @ 9561.4bf2dc71.js:2
ic @ 9561.4bf2dc71.js:2
Gc @ 9561.4bf2dc71.js:2
(匿名) @ 9561.4bf2dc71.js:2
pc @ 9561.4bf2dc71.js:2
el @ 9561.4bf2dc71.js:2
render @ 9561.4bf2dc71.js:2
(匿名) @ main.2faaeed8.js:1
u @ 9561.4bf2dc71.js:2
(匿名) @ 9561.4bf2dc71.js:2
(匿名) @ 9561.4bf2dc71.js:2
r @ 9561.4bf2dc71.js:2
s @ 9561.4bf2dc71.js:2
Promise.then
r @ 9561.4bf2dc71.js:2
s @ 9561.4bf2dc71.js:2
(匿名) @ 9561.4bf2dc71.js:2
(匿名) @ 9561.4bf2dc71.js:2
(匿名) @ main.2faaeed8.js:1
(匿名) @ main.2faaeed8.js:1
u @ 9561.4bf2dc71.js:2
(匿名) @ 9561.4bf2dc71.js:2
(匿名) @ 9561.4bf2dc71.js:2
r @ 9561.4bf2dc71.js:2
s @ 9561.4bf2dc71.js:2
Promise.then
r @ 9561.4bf2dc71.js:2
s @ 9561.4bf2dc71.js:2
Promise.then
r @ 9561.4bf2dc71.js:2
s @ 9561.4bf2dc71.js:2
(匿名) @ 9561.4bf2dc71.js:2
(匿名) @ 9561.4bf2dc71.js:2
49209 @ main.2faaeed8.js:1
n @ main.2faaeed8.js:1
(匿名) @ main.2faaeed8.js:1
n.O @ main.2faaeed8.js:1
(匿名) @ main.2faaeed8.js:1
(匿名) @ main.2faaeed8.js:1
(匿名) @ main.2faaeed8.js:1
(匿名) @ main.2faaeed8.js:1
23:32:09.105 9561.4bf2dc71.js:2  react-intl-universal key "625fb26b" not defined in zh
warningHandler @ 9561.4bf2dc71.js:2
value @ 9561.4bf2dc71.js:2
p @ 9561.4bf2dc71.js:2
value @ 8222.6209a852.chunk.js:1
Le @ 9561.4bf2dc71.js:2
(匿名) @ 9561.4bf2dc71.js:2
pe @ 9561.4bf2dc71.js:2
e.track @ 9561.4bf2dc71.js:2
n @ 9561.4bf2dc71.js:2
pe @ 9561.4bf2dc71.js:2
d.render @ 9561.4bf2dc71.js:2
Xi @ 9561.4bf2dc71.js:2
$i @ 9561.4bf2dc71.js:2
Cs @ 9561.4bf2dc71.js:2
wc @ 9561.4bf2dc71.js:2
_c @ 9561.4bf2dc71.js:2
dc @ 9561.4bf2dc71.js:2
(匿名) @ 9561.4bf2dc71.js:2
t.unstable_runWithPriority @ 9561.4bf2dc71.js:2
qo @ 9561.4bf2dc71.js:2
Xo @ 9561.4bf2dc71.js:2
$o @ 9561.4bf2dc71.js:2
ic @ 9561.4bf2dc71.js:2
enqueueSetState @ 9561.4bf2dc71.js:2
b.setState @ 9561.4bf2dc71.js:2
(匿名) @ 808.d56623c9.chunk.js:1
u @ 9561.4bf2dc71.js:2
(匿名) @ 9561.4bf2dc71.js:2
(匿名) @ 9561.4bf2dc71.js:2
r @ 9561.4bf2dc71.js:2
s @ 9561.4bf2dc71.js:2
Promise.then
r @ 9561.4bf2dc71.js:2
s @ 9561.4bf2dc71.js:2
Promise.then
r @ 9561.4bf2dc71.js:2
s @ 9561.4bf2dc71.js:2
Promise.then
r @ 9561.4bf2dc71.js:2
s @ 9561.4bf2dc71.js:2
(匿名) @ 9561.4bf2dc71.js:2
(匿名) @ 9561.4bf2dc71.js:2
value @ 808.d56623c9.chunk.js:1
F @ 9561.4bf2dc71.js:2
(匿名) @ 9561.4bf2dc71.js:2
Ec @ 9561.4bf2dc71.js:2
t.unstable_runWithPriority @ 9561.4bf2dc71.js:2
qo @ 9561.4bf2dc71.js:2
kc @ 9561.4bf2dc71.js:2
dc @ 9561.4bf2dc71.js:2
(匿名) @ 9561.4bf2dc71.js:2
t.unstable_runWithPriority @ 9561.4bf2dc71.js:2
qo @ 9561.4bf2dc71.js:2
Xo @ 9561.4bf2dc71.js:2
$o @ 9561.4bf2dc71.js:2
fc @ 9561.4bf2dc71.js:2
We @ 9561.4bf2dc71.js:2
Ue @ 9561.4bf2dc71.js:2
He @ 9561.4bf2dc71.js:2
e.reportChanged @ 9561.4bf2dc71.js:2
t.setNewValue @ 9561.4bf2dc71.js:2
e.write @ 9561.4bf2dc71.js:2
set @ 9561.4bf2dc71.js:2
(匿名) @ main.2faaeed8.js:1
u @ 9561.4bf2dc71.js:2
(匿名) @ 9561.4bf2dc71.js:2
(匿名) @ 9561.4bf2dc71.js:2
r @ 9561.4bf2dc71.js:2
s @ 9561.4bf2dc71.js:2
Promise.then
r @ 9561.4bf2dc71.js:2
s @ 9561.4bf2dc71.js:2
(匿名) @ 9561.4bf2dc71.js:2
(匿名) @ 9561.4bf2dc71.js:2
Ee @ 9561.4bf2dc71.js:2
n @ 9561.4bf2dc71.js:2
(匿名) @ main.2faaeed8.js:1
setTimeout
value @ main.2faaeed8.js:1
Ee @ 9561.4bf2dc71.js:2
n @ 9561.4bf2dc71.js:2
(匿名) @ main.2faaeed8.js:1
u @ 9561.4bf2dc71.js:2
(匿名) @ 9561.4bf2dc71.js:2
(匿名) @ 9561.4bf2dc71.js:2
r @ 9561.4bf2dc71.js:2
s @ 9561.4bf2dc71.js:2
(匿名) @ 9561.4bf2dc71.js:2
(匿名) @ 9561.4bf2dc71.js:2
(匿名) @ main.2faaeed8.js:1
Ee @ 9561.4bf2dc71.js:2
n @ 9561.4bf2dc71.js:2
(匿名) @ main.2faaeed8.js:1
u @ 9561.4bf2dc71.js:2
(匿名) @ 9561.4bf2dc71.js:2
(匿名) @ 9561.4bf2dc71.js:2
r @ 9561.4bf2dc71.js:2
s @ 9561.4bf2dc71.js:2
Promise.then
r @ 9561.4bf2dc71.js:2
s @ 9561.4bf2dc71.js:2
Promise.then
r @ 9561.4bf2dc71.js:2
s @ 9561.4bf2dc71.js:2
Promise.then
r @ 9561.4bf2dc71.js:2
s @ 9561.4bf2dc71.js:2
(匿名) @ 9561.4bf2dc71.js:2
(匿名) @ 9561.4bf2dc71.js:2
value @ main.2faaeed8.js:1
F @ 9561.4bf2dc71.js:2
(匿名) @ 9561.4bf2dc71.js:2
Ec @ 9561.4bf2dc71.js:2
t.unstable_runWithPriority @ 9561.4bf2dc71.js:2
qo @ 9561.4bf2dc71.js:2
kc @ 9561.4bf2dc71.js:2
dc @ 9561.4bf2dc71.js:2
ic @ 9561.4bf2dc71.js:2
Gc @ 9561.4bf2dc71.js:2
(匿名) @ 9561.4bf2dc71.js:2
pc @ 9561.4bf2dc71.js:2
el @ 9561.4bf2dc71.js:2
render @ 9561.4bf2dc71.js:2
(匿名) @ main.2faaeed8.js:1
u @ 9561.4bf2dc71.js:2
(匿名) @ 9561.4bf2dc71.js:2
(匿名) @ 9561.4bf2dc71.js:2
r @ 9561.4bf2dc71.js:2
s @ 9561.4bf2dc71.js:2
Promise.then
r @ 9561.4bf2dc71.js:2
s @ 9561.4bf2dc71.js:2
(匿名) @ 9561.4bf2dc71.js:2
(匿名) @ 9561.4bf2dc71.js:2
(匿名) @ main.2faaeed8.js:1
(匿名) @ main.2faaeed8.js:1
u @ 9561.4bf2dc71.js:2
(匿名) @ 9561.4bf2dc71.js:2
(匿名) @ 9561.4bf2dc71.js:2
r @ 9561.4bf2dc71.js:2
s @ 9561.4bf2dc71.js:2
Promise.then
r @ 9561.4bf2dc71.js:2
s @ 9561.4bf2dc71.js:2
Promise.then
r @ 9561.4bf2dc71.js:2
s @ 9561.4bf2dc71.js:2
(匿名) @ 9561.4bf2dc71.js:2
(匿名) @ 9561.4bf2dc71.js:2
49209 @ main.2faaeed8.js:1
n @ main.2faaeed8.js:1
(匿名) @ main.2faaeed8.js:1
n.O @ main.2faaeed8.js:1
(匿名) @ main.2faaeed8.js:1
(匿名) @ main.2faaeed8.js:1
(匿名) @ main.2faaeed8.js:1
(匿名) @ main.2faaeed8.js:1
23:32:09.105 9561.4bf2dc71.js:2  react-intl-universal key "aa98ad92" not defined in zh
warningHandler @ 9561.4bf2dc71.js:2
value @ 9561.4bf2dc71.js:2
p @ 9561.4bf2dc71.js:2
value @ 8222.6209a852.chunk.js:1
Le @ 9561.4bf2dc71.js:2
(匿名) @ 9561.4bf2dc71.js:2
pe @ 9561.4bf2dc71.js:2
e.track @ 9561.4bf2dc71.js:2
n @ 9561.4bf2dc71.js:2
pe @ 9561.4bf2dc71.js:2
d.render @ 9561.4bf2dc71.js:2
Xi @ 9561.4bf2dc71.js:2
$i @ 9561.4bf2dc71.js:2
Cs @ 9561.4bf2dc71.js:2
wc @ 9561.4bf2dc71.js:2
_c @ 9561.4bf2dc71.js:2
dc @ 9561.4bf2dc71.js:2
(匿名) @ 9561.4bf2dc71.js:2
t.unstable_runWithPriority @ 9561.4bf2dc71.js:2
qo @ 9561.4bf2dc71.js:2
Xo @ 9561.4bf2dc71.js:2
$o @ 9561.4bf2dc71.js:2
ic @ 9561.4bf2dc71.js:2
enqueueSetState @ 9561.4bf2dc71.js:2
b.setState @ 9561.4bf2dc71.js:2
(匿名) @ 808.d56623c9.chunk.js:1
u @ 9561.4bf2dc71.js:2
(匿名) @ 9561.4bf2dc71.js:2
(匿名) @ 9561.4bf2dc71.js:2
r @ 9561.4bf2dc71.js:2
s @ 9561.4bf2dc71.js:2
Promise.then
r @ 9561.4bf2dc71.js:2
s @ 9561.4bf2dc71.js:2
Promise.then
r @ 9561.4bf2dc71.js:2
s @ 9561.4bf2dc71.js:2
Promise.then
r @ 9561.4bf2dc71.js:2
s @ 9561.4bf2dc71.js:2
(匿名) @ 9561.4bf2dc71.js:2
(匿名) @ 9561.4bf2dc71.js:2
value @ 808.d56623c9.chunk.js:1
F @ 9561.4bf2dc71.js:2
(匿名) @ 9561.4bf2dc71.js:2
Ec @ 9561.4bf2dc71.js:2
t.unstable_runWithPriority @ 9561.4bf2dc71.js:2
qo @ 9561.4bf2dc71.js:2
kc @ 9561.4bf2dc71.js:2
dc @ 9561.4bf2dc71.js:2
(匿名) @ 9561.4bf2dc71.js:2
t.unstable_runWithPriority @ 9561.4bf2dc71.js:2
qo @ 9561.4bf2dc71.js:2
Xo @ 9561.4bf2dc71.js:2
$o @ 9561.4bf2dc71.js:2
fc @ 9561.4bf2dc71.js:2
We @ 9561.4bf2dc71.js:2
Ue @ 9561.4bf2dc71.js:2
He @ 9561.4bf2dc71.js:2
e.reportChanged @ 9561.4bf2dc71.js:2
t.setNewValue @ 9561.4bf2dc71.js:2
e.write @ 9561.4bf2dc71.js:2
set @ 9561.4bf2dc71.js:2
(匿名) @ main.2faaeed8.js:1
u @ 9561.4bf2dc71.js:2
(匿名) @ 9561.4bf2dc71.js:2
(匿名) @ 9561.4bf2dc71.js:2
r @ 9561.4bf2dc71.js:2
s @ 9561.4bf2dc71.js:2
Promise.then
r @ 9561.4bf2dc71.js:2
s @ 9561.4bf2dc71.js:2
(匿名) @ 9561.4bf2dc71.js:2
(匿名) @ 9561.4bf2dc71.js:2
Ee @ 9561.4bf2dc71.js:2
n @ 9561.4bf2dc71.js:2
(匿名) @ main.2faaeed8.js:1
setTimeout
value @ main.2faaeed8.js:1
Ee @ 9561.4bf2dc71.js:2
n @ 9561.4bf2dc71.js:2
(匿名) @ main.2faaeed8.js:1
u @ 9561.4bf2dc71.js:2
(匿名) @ 9561.4bf2dc71.js:2
(匿名) @ 9561.4bf2dc71.js:2
r @ 9561.4bf2dc71.js:2
s @ 9561.4bf2dc71.js:2
(匿名) @ 9561.4bf2dc71.js:2
(匿名) @ 9561.4bf2dc71.js:2
(匿名) @ main.2faaeed8.js:1
Ee @ 9561.4bf2dc71.js:2
n @ 9561.4bf2dc71.js:2
(匿名) @ main.2faaeed8.js:1
u @ 9561.4bf2dc71.js:2
(匿名) @ 9561.4bf2dc71.js:2
(匿名) @ 9561.4bf2dc71.js:2
r @ 9561.4bf2dc71.js:2
s @ 9561.4bf2dc71.js:2
Promise.then
r @ 9561.4bf2dc71.js:2
s @ 9561.4bf2dc71.js:2
Promise.then
r @ 9561.4bf2dc71.js:2
s @ 9561.4bf2dc71.js:2
Promise.then
r @ 9561.4bf2dc71.js:2
s @ 9561.4bf2dc71.js:2
(匿名) @ 9561.4bf2dc71.js:2
(匿名) @ 9561.4bf2dc71.js:2
value @ main.2faaeed8.js:1
F @ 9561.4bf2dc71.js:2
(匿名) @ 9561.4bf2dc71.js:2
Ec @ 9561.4bf2dc71.js:2
t.unstable_runWithPriority @ 9561.4bf2dc71.js:2
qo @ 9561.4bf2dc71.js:2
kc @ 9561.4bf2dc71.js:2
dc @ 9561.4bf2dc71.js:2
ic @ 9561.4bf2dc71.js:2
Gc @ 9561.4bf2dc71.js:2
(匿名) @ 9561.4bf2dc71.js:2
pc @ 9561.4bf2dc71.js:2
el @ 9561.4bf2dc71.js:2
render @ 9561.4bf2dc71.js:2
(匿名) @ main.2faaeed8.js:1
u @ 9561.4bf2dc71.js:2
(匿名) @ 9561.4bf2dc71.js:2
(匿名) @ 9561.4bf2dc71.js:2
r @ 9561.4bf2dc71.js:2
s @ 9561.4bf2dc71.js:2
Promise.then
r @ 9561.4bf2dc71.js:2
s @ 9561.4bf2dc71.js:2
(匿名) @ 9561.4bf2dc71.js:2
(匿名) @ 9561.4bf2dc71.js:2
(匿名) @ main.2faaeed8.js:1
(匿名) @ main.2faaeed8.js:1
u @ 9561.4bf2dc71.js:2
(匿名) @ 9561.4bf2dc71.js:2
(匿名) @ 9561.4bf2dc71.js:2
r @ 9561.4bf2dc71.js:2
s @ 9561.4bf2dc71.js:2
Promise.then
r @ 9561.4bf2dc71.js:2
s @ 9561.4bf2dc71.js:2
Promise.then
r @ 9561.4bf2dc71.js:2
s @ 9561.4bf2dc71.js:2
(匿名) @ 9561.4bf2dc71.js:2
(匿名) @ 9561.4bf2dc71.js:2
49209 @ main.2faaeed8.js:1
n @ main.2faaeed8.js:1
(匿名) @ main.2faaeed8.js:1
n.O @ main.2faaeed8.js:1
(匿名) @ main.2faaeed8.js:1
(匿名) @ main.2faaeed8.js:1
(匿名) @ main.2faaeed8.js:1
(匿名) @ main.2faaeed8.js:1
23:32:09.106 9561.4bf2dc71.js:2  react-intl-universal key "fe033787" not defined in zh
warningHandler @ 9561.4bf2dc71.js:2
value @ 9561.4bf2dc71.js:2
p @ 9561.4bf2dc71.js:2
value @ 8222.6209a852.chunk.js:1
Le @ 9561.4bf2dc71.js:2
(匿名) @ 9561.4bf2dc71.js:2
pe @ 9561.4bf2dc71.js:2
e.track @ 9561.4bf2dc71.js:2
n @ 9561.4bf2dc71.js:2
pe @ 9561.4bf2dc71.js:2
d.render @ 9561.4bf2dc71.js:2
Xi @ 9561.4bf2dc71.js:2
$i @ 9561.4bf2dc71.js:2
Cs @ 9561.4bf2dc71.js:2
wc @ 9561.4bf2dc71.js:2
_c @ 9561.4bf2dc71.js:2
dc @ 9561.4bf2dc71.js:2
(匿名) @ 9561.4bf2dc71.js:2
t.unstable_runWithPriority @ 9561.4bf2dc71.js:2
qo @ 9561.4bf2dc71.js:2
Xo @ 9561.4bf2dc71.js:2
$o @ 9561.4bf2dc71.js:2
ic @ 9561.4bf2dc71.js:2
enqueueSetState @ 9561.4bf2dc71.js:2
b.setState @ 9561.4bf2dc71.js:2
(匿名) @ 808.d56623c9.chunk.js:1
u @ 9561.4bf2dc71.js:2
(匿名) @ 9561.4bf2dc71.js:2
(匿名) @ 9561.4bf2dc71.js:2
r @ 9561.4bf2dc71.js:2
s @ 9561.4bf2dc71.js:2
Promise.then
r @ 9561.4bf2dc71.js:2
s @ 9561.4bf2dc71.js:2
Promise.then
r @ 9561.4bf2dc71.js:2
s @ 9561.4bf2dc71.js:2
Promise.then
r @ 9561.4bf2dc71.js:2
s @ 9561.4bf2dc71.js:2
(匿名) @ 9561.4bf2dc71.js:2
(匿名) @ 9561.4bf2dc71.js:2
value @ 808.d56623c9.chunk.js:1
F @ 9561.4bf2dc71.js:2
(匿名) @ 9561.4bf2dc71.js:2
Ec @ 9561.4bf2dc71.js:2
t.unstable_runWithPriority @ 9561.4bf2dc71.js:2
qo @ 9561.4bf2dc71.js:2
kc @ 9561.4bf2dc71.js:2
dc @ 9561.4bf2dc71.js:2
(匿名) @ 9561.4bf2dc71.js:2
t.unstable_runWithPriority @ 9561.4bf2dc71.js:2
qo @ 9561.4bf2dc71.js:2
Xo @ 9561.4bf2dc71.js:2
$o @ 9561.4bf2dc71.js:2
fc @ 9561.4bf2dc71.js:2
We @ 9561.4bf2dc71.js:2
Ue @ 9561.4bf2dc71.js:2
He @ 9561.4bf2dc71.js:2
e.reportChanged @ 9561.4bf2dc71.js:2
t.setNewValue @ 9561.4bf2dc71.js:2
e.write @ 9561.4bf2dc71.js:2
set @ 9561.4bf2dc71.js:2
(匿名) @ main.2faaeed8.js:1
u @ 9561.4bf2dc71.js:2
(匿名) @ 9561.4bf2dc71.js:2
(匿名) @ 9561.4bf2dc71.js:2
r @ 9561.4bf2dc71.js:2
s @ 9561.4bf2dc71.js:2
Promise.then
r @ 9561.4bf2dc71.js:2
s @ 9561.4bf2dc71.js:2
(匿名) @ 9561.4bf2dc71.js:2
(匿名) @ 9561.4bf2dc71.js:2
Ee @ 9561.4bf2dc71.js:2
n @ 9561.4bf2dc71.js:2
(匿名) @ main.2faaeed8.js:1
setTimeout
value @ main.2faaeed8.js:1
Ee @ 9561.4bf2dc71.js:2
n @ 9561.4bf2dc71.js:2
(匿名) @ main.2faaeed8.js:1
u @ 9561.4bf2dc71.js:2
(匿名) @ 9561.4bf2dc71.js:2
(匿名) @ 9561.4bf2dc71.js:2
r @ 9561.4bf2dc71.js:2
s @ 9561.4bf2dc71.js:2
(匿名) @ 9561.4bf2dc71.js:2
(匿名) @ 9561.4bf2dc71.js:2
(匿名) @ main.2faaeed8.js:1
Ee @ 9561.4bf2dc71.js:2
n @ 9561.4bf2dc71.js:2
(匿名) @ main.2faaeed8.js:1
u @ 9561.4bf2dc71.js:2
(匿名) @ 9561.4bf2dc71.js:2
(匿名) @ 9561.4bf2dc71.js:2
r @ 9561.4bf2dc71.js:2
s @ 9561.4bf2dc71.js:2
Promise.then
r @ 9561.4bf2dc71.js:2
s @ 9561.4bf2dc71.js:2
Promise.then
r @ 9561.4bf2dc71.js:2
s @ 9561.4bf2dc71.js:2
Promise.then
r @ 9561.4bf2dc71.js:2
s @ 9561.4bf2dc71.js:2
(匿名) @ 9561.4bf2dc71.js:2
(匿名) @ 9561.4bf2dc71.js:2
value @ main.2faaeed8.js:1
F @ 9561.4bf2dc71.js:2
(匿名) @ 9561.4bf2dc71.js:2
Ec @ 9561.4bf2dc71.js:2
t.unstable_runWithPriority @ 9561.4bf2dc71.js:2
qo @ 9561.4bf2dc71.js:2
kc @ 9561.4bf2dc71.js:2
dc @ 9561.4bf2dc71.js:2
ic @ 9561.4bf2dc71.js:2
Gc @ 9561.4bf2dc71.js:2
(匿名) @ 9561.4bf2dc71.js:2
pc @ 9561.4bf2dc71.js:2
el @ 9561.4bf2dc71.js:2
render @ 9561.4bf2dc71.js:2
(匿名) @ main.2faaeed8.js:1
u @ 9561.4bf2dc71.js:2
(匿名) @ 9561.4bf2dc71.js:2
(匿名) @ 9561.4bf2dc71.js:2
r @ 9561.4bf2dc71.js:2
s @ 9561.4bf2dc71.js:2
Promise.then
r @ 9561.4bf2dc71.js:2
s @ 9561.4bf2dc71.js:2
(匿名) @ 9561.4bf2dc71.js:2
(匿名) @ 9561.4bf2dc71.js:2
(匿名) @ main.2faaeed8.js:1
(匿名) @ main.2faaeed8.js:1
u @ 9561.4bf2dc71.js:2
(匿名) @ 9561.4bf2dc71.js:2
(匿名) @ 9561.4bf2dc71.js:2
r @ 9561.4bf2dc71.js:2
s @ 9561.4bf2dc71.js:2
Promise.then
r @ 9561.4bf2dc71.js:2
s @ 9561.4bf2dc71.js:2
Promise.then
r @ 9561.4bf2dc71.js:2
s @ 9561.4bf2dc71.js:2
(匿名) @ 9561.4bf2dc71.js:2
(匿名) @ 9561.4bf2dc71.js:2
49209 @ main.2faaeed8.js:1
n @ main.2faaeed8.js:1
(匿名) @ main.2faaeed8.js:1
n.O @ main.2faaeed8.js:1
(匿名) @ main.2faaeed8.js:1
(匿名) @ main.2faaeed8.js:1
(匿名) @ main.2faaeed8.js:1
(匿名) @ main.2faaeed8.js:1
23:32:09.106 9561.4bf2dc71.js:2  react-intl-universal key "40e20dd4" not defined in zh
warningHandler @ 9561.4bf2dc71.js:2
value @ 9561.4bf2dc71.js:2
p @ 9561.4bf2dc71.js:2
value @ 8222.6209a852.chunk.js:1
Le @ 9561.4bf2dc71.js:2
(匿名) @ 9561.4bf2dc71.js:2
pe @ 9561.4bf2dc71.js:2
e.track @ 9561.4bf2dc71.js:2
n @ 9561.4bf2dc71.js:2
pe @ 9561.4bf2dc71.js:2
d.render @ 9561.4bf2dc71.js:2
Xi @ 9561.4bf2dc71.js:2
$i @ 9561.4bf2dc71.js:2
Cs @ 9561.4bf2dc71.js:2
wc @ 9561.4bf2dc71.js:2
_c @ 9561.4bf2dc71.js:2
dc @ 9561.4bf2dc71.js:2
(匿名) @ 9561.4bf2dc71.js:2
t.unstable_runWithPriority @ 9561.4bf2dc71.js:2
qo @ 9561.4bf2dc71.js:2
Xo @ 9561.4bf2dc71.js:2
$o @ 9561.4bf2dc71.js:2
ic @ 9561.4bf2dc71.js:2
enqueueSetState @ 9561.4bf2dc71.js:2
b.setState @ 9561.4bf2dc71.js:2
(匿名) @ 808.d56623c9.chunk.js:1
u @ 9561.4bf2dc71.js:2
(匿名) @ 9561.4bf2dc71.js:2
(匿名) @ 9561.4bf2dc71.js:2
r @ 9561.4bf2dc71.js:2
s @ 9561.4bf2dc71.js:2
Promise.then
r @ 9561.4bf2dc71.js:2
s @ 9561.4bf2dc71.js:2
Promise.then
r @ 9561.4bf2dc71.js:2
s @ 9561.4bf2dc71.js:2
Promise.then
r @ 9561.4bf2dc71.js:2
s @ 9561.4bf2dc71.js:2
(匿名) @ 9561.4bf2dc71.js:2
(匿名) @ 9561.4bf2dc71.js:2
value @ 808.d56623c9.chunk.js:1
F @ 9561.4bf2dc71.js:2
(匿名) @ 9561.4bf2dc71.js:2
Ec @ 9561.4bf2dc71.js:2
t.unstable_runWithPriority @ 9561.4bf2dc71.js:2
qo @ 9561.4bf2dc71.js:2
kc @ 9561.4bf2dc71.js:2
dc @ 9561.4bf2dc71.js:2
(匿名) @ 9561.4bf2dc71.js:2
t.unstable_runWithPriority @ 9561.4bf2dc71.js:2
qo @ 9561.4bf2dc71.js:2
Xo @ 9561.4bf2dc71.js:2
$o @ 9561.4bf2dc71.js:2
fc @ 9561.4bf2dc71.js:2
We @ 9561.4bf2dc71.js:2
Ue @ 9561.4bf2dc71.js:2
He @ 9561.4bf2dc71.js:2
e.reportChanged @ 9561.4bf2dc71.js:2
t.setNewValue @ 9561.4bf2dc71.js:2
e.write @ 9561.4bf2dc71.js:2
set @ 9561.4bf2dc71.js:2
(匿名) @ main.2faaeed8.js:1
u @ 9561.4bf2dc71.js:2
(匿名) @ 9561.4bf2dc71.js:2
(匿名) @ 9561.4bf2dc71.js:2
r @ 9561.4bf2dc71.js:2
s @ 9561.4bf2dc71.js:2
Promise.then
r @ 9561.4bf2dc71.js:2
s @ 9561.4bf2dc71.js:2
(匿名) @ 9561.4bf2dc71.js:2
(匿名) @ 9561.4bf2dc71.js:2
Ee @ 9561.4bf2dc71.js:2
n @ 9561.4bf2dc71.js:2
(匿名) @ main.2faaeed8.js:1
setTimeout
value @ main.2faaeed8.js:1
Ee @ 9561.4bf2dc71.js:2
n @ 9561.4bf2dc71.js:2
(匿名) @ main.2faaeed8.js:1
u @ 9561.4bf2dc71.js:2
(匿名) @ 9561.4bf2dc71.js:2
(匿名) @ 9561.4bf2dc71.js:2
r @ 9561.4bf2dc71.js:2
s @ 9561.4bf2dc71.js:2
(匿名) @ 9561.4bf2dc71.js:2
(匿名) @ 9561.4bf2dc71.js:2
(匿名) @ main.2faaeed8.js:1
Ee @ 9561.4bf2dc71.js:2
n @ 9561.4bf2dc71.js:2
(匿名) @ main.2faaeed8.js:1
u @ 9561.4bf2dc71.js:2
(匿名) @ 9561.4bf2dc71.js:2
(匿名) @ 9561.4bf2dc71.js:2
r @ 9561.4bf2dc71.js:2
s @ 9561.4bf2dc71.js:2
Promise.then
r @ 9561.4bf2dc71.js:2
s @ 9561.4bf2dc71.js:2
Promise.then
r @ 9561.4bf2dc71.js:2
s @ 9561.4bf2dc71.js:2
Promise.then
r @ 9561.4bf2dc71.js:2
s @ 9561.4bf2dc71.js:2
(匿名) @ 9561.4bf2dc71.js:2
(匿名) @ 9561.4bf2dc71.js:2
value @ main.2faaeed8.js:1
F @ 9561.4bf2dc71.js:2
(匿名) @ 9561.4bf2dc71.js:2
Ec @ 9561.4bf2dc71.js:2
t.unstable_runWithPriority @ 9561.4bf2dc71.js:2
qo @ 9561.4bf2dc71.js:2
kc @ 9561.4bf2dc71.js:2
dc @ 9561.4bf2dc71.js:2
ic @ 9561.4bf2dc71.js:2
Gc @ 9561.4bf2dc71.js:2
(匿名) @ 9561.4bf2dc71.js:2
pc @ 9561.4bf2dc71.js:2
el @ 9561.4bf2dc71.js:2
render @ 9561.4bf2dc71.js:2
(匿名) @ main.2faaeed8.js:1
u @ 9561.4bf2dc71.js:2
(匿名) @ 9561.4bf2dc71.js:2
(匿名) @ 9561.4bf2dc71.js:2
r @ 9561.4bf2dc71.js:2
s @ 9561.4bf2dc71.js:2
Promise.then
r @ 9561.4bf2dc71.js:2
s @ 9561.4bf2dc71.js:2
(匿名) @ 9561.4bf2dc71.js:2
(匿名) @ 9561.4bf2dc71.js:2
(匿名) @ main.2faaeed8.js:1
(匿名) @ main.2faaeed8.js:1
u @ 9561.4bf2dc71.js:2
(匿名) @ 9561.4bf2dc71.js:2
(匿名) @ 9561.4bf2dc71.js:2
r @ 9561.4bf2dc71.js:2
s @ 9561.4bf2dc71.js:2
Promise.then
r @ 9561.4bf2dc71.js:2
s @ 9561.4bf2dc71.js:2
Promise.then
r @ 9561.4bf2dc71.js:2
s @ 9561.4bf2dc71.js:2
(匿名) @ 9561.4bf2dc71.js:2
(匿名) @ 9561.4bf2dc71.js:2
49209 @ main.2faaeed8.js:1
n @ main.2faaeed8.js:1
(匿名) @ main.2faaeed8.js:1
n.O @ main.2faaeed8.js:1
(匿名) @ main.2faaeed8.js:1
(匿名) @ main.2faaeed8.js:1
(匿名) @ main.2faaeed8.js:1
(匿名) @ main.2faaeed8.js:1
23:32:09.110 9561.4bf2dc71.js:2  react-intl-universal key "447595d5" not defined in zh
warningHandler @ 9561.4bf2dc71.js:2
value @ 9561.4bf2dc71.js:2
p @ 9561.4bf2dc71.js:2
(匿名) @ 8222.6209a852.chunk.js:1
hi @ 9561.4bf2dc71.js:2
Qi @ 9561.4bf2dc71.js:2
Cs @ 9561.4bf2dc71.js:2
wc @ 9561.4bf2dc71.js:2
_c @ 9561.4bf2dc71.js:2
dc @ 9561.4bf2dc71.js:2
(匿名) @ 9561.4bf2dc71.js:2
t.unstable_runWithPriority @ 9561.4bf2dc71.js:2
qo @ 9561.4bf2dc71.js:2
Xo @ 9561.4bf2dc71.js:2
$o @ 9561.4bf2dc71.js:2
ic @ 9561.4bf2dc71.js:2
enqueueSetState @ 9561.4bf2dc71.js:2
b.setState @ 9561.4bf2dc71.js:2
(匿名) @ 808.d56623c9.chunk.js:1
u @ 9561.4bf2dc71.js:2
(匿名) @ 9561.4bf2dc71.js:2
(匿名) @ 9561.4bf2dc71.js:2
r @ 9561.4bf2dc71.js:2
s @ 9561.4bf2dc71.js:2
Promise.then
r @ 9561.4bf2dc71.js:2
s @ 9561.4bf2dc71.js:2
Promise.then
r @ 9561.4bf2dc71.js:2
s @ 9561.4bf2dc71.js:2
Promise.then
r @ 9561.4bf2dc71.js:2
s @ 9561.4bf2dc71.js:2
(匿名) @ 9561.4bf2dc71.js:2
(匿名) @ 9561.4bf2dc71.js:2
value @ 808.d56623c9.chunk.js:1
F @ 9561.4bf2dc71.js:2
(匿名) @ 9561.4bf2dc71.js:2
Ec @ 9561.4bf2dc71.js:2
t.unstable_runWithPriority @ 9561.4bf2dc71.js:2
qo @ 9561.4bf2dc71.js:2
kc @ 9561.4bf2dc71.js:2
dc @ 9561.4bf2dc71.js:2
(匿名) @ 9561.4bf2dc71.js:2
t.unstable_runWithPriority @ 9561.4bf2dc71.js:2
qo @ 9561.4bf2dc71.js:2
Xo @ 9561.4bf2dc71.js:2
$o @ 9561.4bf2dc71.js:2
fc @ 9561.4bf2dc71.js:2
We @ 9561.4bf2dc71.js:2
Ue @ 9561.4bf2dc71.js:2
He @ 9561.4bf2dc71.js:2
e.reportChanged @ 9561.4bf2dc71.js:2
t.setNewValue @ 9561.4bf2dc71.js:2
e.write @ 9561.4bf2dc71.js:2
set @ 9561.4bf2dc71.js:2
(匿名) @ main.2faaeed8.js:1
u @ 9561.4bf2dc71.js:2
(匿名) @ 9561.4bf2dc71.js:2
(匿名) @ 9561.4bf2dc71.js:2
r @ 9561.4bf2dc71.js:2
s @ 9561.4bf2dc71.js:2
Promise.then
r @ 9561.4bf2dc71.js:2
s @ 9561.4bf2dc71.js:2
(匿名) @ 9561.4bf2dc71.js:2
(匿名) @ 9561.4bf2dc71.js:2
Ee @ 9561.4bf2dc71.js:2
n @ 9561.4bf2dc71.js:2
(匿名) @ main.2faaeed8.js:1
setTimeout
value @ main.2faaeed8.js:1
Ee @ 9561.4bf2dc71.js:2
n @ 9561.4bf2dc71.js:2
(匿名) @ main.2faaeed8.js:1
u @ 9561.4bf2dc71.js:2
(匿名) @ 9561.4bf2dc71.js:2
(匿名) @ 9561.4bf2dc71.js:2
r @ 9561.4bf2dc71.js:2
s @ 9561.4bf2dc71.js:2
(匿名) @ 9561.4bf2dc71.js:2
(匿名) @ 9561.4bf2dc71.js:2
(匿名) @ main.2faaeed8.js:1
Ee @ 9561.4bf2dc71.js:2
n @ 9561.4bf2dc71.js:2
(匿名) @ main.2faaeed8.js:1
u @ 9561.4bf2dc71.js:2
(匿名) @ 9561.4bf2dc71.js:2
(匿名) @ 9561.4bf2dc71.js:2
r @ 9561.4bf2dc71.js:2
s @ 9561.4bf2dc71.js:2
Promise.then
r @ 9561.4bf2dc71.js:2
s @ 9561.4bf2dc71.js:2
Promise.then
r @ 9561.4bf2dc71.js:2
s @ 9561.4bf2dc71.js:2
Promise.then
r @ 9561.4bf2dc71.js:2
s @ 9561.4bf2dc71.js:2
(匿名) @ 9561.4bf2dc71.js:2
(匿名) @ 9561.4bf2dc71.js:2
value @ main.2faaeed8.js:1
F @ 9561.4bf2dc71.js:2
(匿名) @ 9561.4bf2dc71.js:2
Ec @ 9561.4bf2dc71.js:2
t.unstable_runWithPriority @ 9561.4bf2dc71.js:2
qo @ 9561.4bf2dc71.js:2
kc @ 9561.4bf2dc71.js:2
dc @ 9561.4bf2dc71.js:2
ic @ 9561.4bf2dc71.js:2
Gc @ 9561.4bf2dc71.js:2
(匿名) @ 9561.4bf2dc71.js:2
pc @ 9561.4bf2dc71.js:2
el @ 9561.4bf2dc71.js:2
render @ 9561.4bf2dc71.js:2
(匿名) @ main.2faaeed8.js:1
u @ 9561.4bf2dc71.js:2
(匿名) @ 9561.4bf2dc71.js:2
(匿名) @ 9561.4bf2dc71.js:2
r @ 9561.4bf2dc71.js:2
s @ 9561.4bf2dc71.js:2
Promise.then
r @ 9561.4bf2dc71.js:2
s @ 9561.4bf2dc71.js:2
(匿名) @ 9561.4bf2dc71.js:2
(匿名) @ 9561.4bf2dc71.js:2
(匿名) @ main.2faaeed8.js:1
(匿名) @ main.2faaeed8.js:1
u @ 9561.4bf2dc71.js:2
(匿名) @ 9561.4bf2dc71.js:2
(匿名) @ 9561.4bf2dc71.js:2
r @ 9561.4bf2dc71.js:2
s @ 9561.4bf2dc71.js:2
Promise.then
r @ 9561.4bf2dc71.js:2
s @ 9561.4bf2dc71.js:2
Promise.then
r @ 9561.4bf2dc71.js:2
s @ 9561.4bf2dc71.js:2
(匿名) @ 9561.4bf2dc71.js:2
(匿名) @ 9561.4bf2dc71.js:2
49209 @ main.2faaeed8.js:1
n @ main.2faaeed8.js:1
(匿名) @ main.2faaeed8.js:1
n.O @ main.2faaeed8.js:1
(匿名) @ main.2faaeed8.js:1
(匿名) @ main.2faaeed8.js:1
(匿名) @ main.2faaeed8.js:1
(匿名) @ main.2faaeed8.js:1
23:32:09.116 9561.4bf2dc71.js:2  react-intl-universal key "b698998e" not defined in zh
warningHandler @ 9561.4bf2dc71.js:2
value @ 9561.4bf2dc71.js:2
p @ 9561.4bf2dc71.js:2
value @ 8222.6209a852.chunk.js:1
Le @ 9561.4bf2dc71.js:2
(匿名) @ 9561.4bf2dc71.js:2
pe @ 9561.4bf2dc71.js:2
e.track @ 9561.4bf2dc71.js:2
n @ 9561.4bf2dc71.js:2
Xi @ 9561.4bf2dc71.js:2
$i @ 9561.4bf2dc71.js:2
Cs @ 9561.4bf2dc71.js:2
wc @ 9561.4bf2dc71.js:2
_c @ 9561.4bf2dc71.js:2
dc @ 9561.4bf2dc71.js:2
(匿名) @ 9561.4bf2dc71.js:2
t.unstable_runWithPriority @ 9561.4bf2dc71.js:2
qo @ 9561.4bf2dc71.js:2
Xo @ 9561.4bf2dc71.js:2
$o @ 9561.4bf2dc71.js:2
ic @ 9561.4bf2dc71.js:2
enqueueSetState @ 9561.4bf2dc71.js:2
b.setState @ 9561.4bf2dc71.js:2
(匿名) @ 808.d56623c9.chunk.js:1
u @ 9561.4bf2dc71.js:2
(匿名) @ 9561.4bf2dc71.js:2
(匿名) @ 9561.4bf2dc71.js:2
r @ 9561.4bf2dc71.js:2
s @ 9561.4bf2dc71.js:2
Promise.then
r @ 9561.4bf2dc71.js:2
s @ 9561.4bf2dc71.js:2
Promise.then
r @ 9561.4bf2dc71.js:2
s @ 9561.4bf2dc71.js:2
Promise.then
r @ 9561.4bf2dc71.js:2
s @ 9561.4bf2dc71.js:2
(匿名) @ 9561.4bf2dc71.js:2
(匿名) @ 9561.4bf2dc71.js:2
value @ 808.d56623c9.chunk.js:1
F @ 9561.4bf2dc71.js:2
(匿名) @ 9561.4bf2dc71.js:2
Ec @ 9561.4bf2dc71.js:2
t.unstable_runWithPriority @ 9561.4bf2dc71.js:2
qo @ 9561.4bf2dc71.js:2
kc @ 9561.4bf2dc71.js:2
dc @ 9561.4bf2dc71.js:2
(匿名) @ 9561.4bf2dc71.js:2
t.unstable_runWithPriority @ 9561.4bf2dc71.js:2
qo @ 9561.4bf2dc71.js:2
Xo @ 9561.4bf2dc71.js:2
$o @ 9561.4bf2dc71.js:2
fc @ 9561.4bf2dc71.js:2
We @ 9561.4bf2dc71.js:2
Ue @ 9561.4bf2dc71.js:2
He @ 9561.4bf2dc71.js:2
e.reportChanged @ 9561.4bf2dc71.js:2
t.setNewValue @ 9561.4bf2dc71.js:2
e.write @ 9561.4bf2dc71.js:2
set @ 9561.4bf2dc71.js:2
(匿名) @ main.2faaeed8.js:1
u @ 9561.4bf2dc71.js:2
(匿名) @ 9561.4bf2dc71.js:2
(匿名) @ 9561.4bf2dc71.js:2
r @ 9561.4bf2dc71.js:2
s @ 9561.4bf2dc71.js:2
Promise.then
r @ 9561.4bf2dc71.js:2
s @ 9561.4bf2dc71.js:2
(匿名) @ 9561.4bf2dc71.js:2
(匿名) @ 9561.4bf2dc71.js:2
Ee @ 9561.4bf2dc71.js:2
n @ 9561.4bf2dc71.js:2
(匿名) @ main.2faaeed8.js:1
setTimeout
value @ main.2faaeed8.js:1
Ee @ 9561.4bf2dc71.js:2
n @ 9561.4bf2dc71.js:2
(匿名) @ main.2faaeed8.js:1
u @ 9561.4bf2dc71.js:2
(匿名) @ 9561.4bf2dc71.js:2
(匿名) @ 9561.4bf2dc71.js:2
r @ 9561.4bf2dc71.js:2
s @ 9561.4bf2dc71.js:2
(匿名) @ 9561.4bf2dc71.js:2
(匿名) @ 9561.4bf2dc71.js:2
(匿名) @ main.2faaeed8.js:1
Ee @ 9561.4bf2dc71.js:2
n @ 9561.4bf2dc71.js:2
(匿名) @ main.2faaeed8.js:1
u @ 9561.4bf2dc71.js:2
(匿名) @ 9561.4bf2dc71.js:2
(匿名) @ 9561.4bf2dc71.js:2
r @ 9561.4bf2dc71.js:2
s @ 9561.4bf2dc71.js:2
Promise.then
r @ 9561.4bf2dc71.js:2
s @ 9561.4bf2dc71.js:2
Promise.then
r @ 9561.4bf2dc71.js:2
s @ 9561.4bf2dc71.js:2
Promise.then
r @ 9561.4bf2dc71.js:2
s @ 9561.4bf2dc71.js:2
(匿名) @ 9561.4bf2dc71.js:2
(匿名) @ 9561.4bf2dc71.js:2
value @ main.2faaeed8.js:1
F @ 9561.4bf2dc71.js:2
(匿名) @ 9561.4bf2dc71.js:2
Ec @ 9561.4bf2dc71.js:2
t.unstable_runWithPriority @ 9561.4bf2dc71.js:2
qo @ 9561.4bf2dc71.js:2
kc @ 9561.4bf2dc71.js:2
dc @ 9561.4bf2dc71.js:2
ic @ 9561.4bf2dc71.js:2
Gc @ 9561.4bf2dc71.js:2
(匿名) @ 9561.4bf2dc71.js:2
pc @ 9561.4bf2dc71.js:2
el @ 9561.4bf2dc71.js:2
render @ 9561.4bf2dc71.js:2
(匿名) @ main.2faaeed8.js:1
u @ 9561.4bf2dc71.js:2
(匿名) @ 9561.4bf2dc71.js:2
(匿名) @ 9561.4bf2dc71.js:2
r @ 9561.4bf2dc71.js:2
s @ 9561.4bf2dc71.js:2
Promise.then
r @ 9561.4bf2dc71.js:2
s @ 9561.4bf2dc71.js:2
(匿名) @ 9561.4bf2dc71.js:2
(匿名) @ 9561.4bf2dc71.js:2
(匿名) @ main.2faaeed8.js:1
(匿名) @ main.2faaeed8.js:1
u @ 9561.4bf2dc71.js:2
(匿名) @ 9561.4bf2dc71.js:2
(匿名) @ 9561.4bf2dc71.js:2
r @ 9561.4bf2dc71.js:2
s @ 9561.4bf2dc71.js:2
Promise.then
r @ 9561.4bf2dc71.js:2
s @ 9561.4bf2dc71.js:2
Promise.then
r @ 9561.4bf2dc71.js:2
s @ 9561.4bf2dc71.js:2
(匿名) @ 9561.4bf2dc71.js:2
(匿名) @ 9561.4bf2dc71.js:2
49209 @ main.2faaeed8.js:1
n @ main.2faaeed8.js:1
(匿名) @ main.2faaeed8.js:1
n.O @ main.2faaeed8.js:1
(匿名) @ main.2faaeed8.js:1
(匿名) @ main.2faaeed8.js:1
(匿名) @ main.2faaeed8.js:1
(匿名) @ main.2faaeed8.js:1
23:32:09.116 9561.4bf2dc71.js:2  react-intl-universal key "7c1b3891" not defined in zh
warningHandler @ 9561.4bf2dc71.js:2
value @ 9561.4bf2dc71.js:2
p @ 9561.4bf2dc71.js:2
value @ 8222.6209a852.chunk.js:1
Le @ 9561.4bf2dc71.js:2
(匿名) @ 9561.4bf2dc71.js:2
pe @ 9561.4bf2dc71.js:2
e.track @ 9561.4bf2dc71.js:2
n @ 9561.4bf2dc71.js:2
Xi @ 9561.4bf2dc71.js:2
$i @ 9561.4bf2dc71.js:2
Cs @ 9561.4bf2dc71.js:2
wc @ 9561.4bf2dc71.js:2
_c @ 9561.4bf2dc71.js:2
dc @ 9561.4bf2dc71.js:2
(匿名) @ 9561.4bf2dc71.js:2
t.unstable_runWithPriority @ 9561.4bf2dc71.js:2
qo @ 9561.4bf2dc71.js:2
Xo @ 9561.4bf2dc71.js:2
$o @ 9561.4bf2dc71.js:2
ic @ 9561.4bf2dc71.js:2
enqueueSetState @ 9561.4bf2dc71.js:2
b.setState @ 9561.4bf2dc71.js:2
(匿名) @ 808.d56623c9.chunk.js:1
u @ 9561.4bf2dc71.js:2
(匿名) @ 9561.4bf2dc71.js:2
(匿名) @ 9561.4bf2dc71.js:2
r @ 9561.4bf2dc71.js:2
s @ 9561.4bf2dc71.js:2
Promise.then
r @ 9561.4bf2dc71.js:2
s @ 9561.4bf2dc71.js:2
Promise.then
r @ 9561.4bf2dc71.js:2
s @ 9561.4bf2dc71.js:2
Promise.then
r @ 9561.4bf2dc71.js:2
s @ 9561.4bf2dc71.js:2
(匿名) @ 9561.4bf2dc71.js:2
(匿名) @ 9561.4bf2dc71.js:2
value @ 808.d56623c9.chunk.js:1
F @ 9561.4bf2dc71.js:2
(匿名) @ 9561.4bf2dc71.js:2
Ec @ 9561.4bf2dc71.js:2
t.unstable_runWithPriority @ 9561.4bf2dc71.js:2
qo @ 9561.4bf2dc71.js:2
kc @ 9561.4bf2dc71.js:2
dc @ 9561.4bf2dc71.js:2
(匿名) @ 9561.4bf2dc71.js:2
t.unstable_runWithPriority @ 9561.4bf2dc71.js:2
qo @ 9561.4bf2dc71.js:2
Xo @ 9561.4bf2dc71.js:2
$o @ 9561.4bf2dc71.js:2
fc @ 9561.4bf2dc71.js:2
We @ 9561.4bf2dc71.js:2
Ue @ 9561.4bf2dc71.js:2
He @ 9561.4bf2dc71.js:2
e.reportChanged @ 9561.4bf2dc71.js:2
t.setNewValue @ 9561.4bf2dc71.js:2
e.write @ 9561.4bf2dc71.js:2
set @ 9561.4bf2dc71.js:2
(匿名) @ main.2faaeed8.js:1
u @ 9561.4bf2dc71.js:2
(匿名) @ 9561.4bf2dc71.js:2
(匿名) @ 9561.4bf2dc71.js:2
r @ 9561.4bf2dc71.js:2
s @ 9561.4bf2dc71.js:2
Promise.then
r @ 9561.4bf2dc71.js:2
s @ 9561.4bf2dc71.js:2
(匿名) @ 9561.4bf2dc71.js:2
(匿名) @ 9561.4bf2dc71.js:2
Ee @ 9561.4bf2dc71.js:2
n @ 9561.4bf2dc71.js:2
(匿名) @ main.2faaeed8.js:1
setTimeout
value @ main.2faaeed8.js:1
Ee @ 9561.4bf2dc71.js:2
n @ 9561.4bf2dc71.js:2
(匿名) @ main.2faaeed8.js:1
u @ 9561.4bf2dc71.js:2
(匿名) @ 9561.4bf2dc71.js:2
(匿名) @ 9561.4bf2dc71.js:2
r @ 9561.4bf2dc71.js:2
s @ 9561.4bf2dc71.js:2
(匿名) @ 9561.4bf2dc71.js:2
(匿名) @ 9561.4bf2dc71.js:2
(匿名) @ main.2faaeed8.js:1
Ee @ 9561.4bf2dc71.js:2
n @ 9561.4bf2dc71.js:2
(匿名) @ main.2faaeed8.js:1
u @ 9561.4bf2dc71.js:2
(匿名) @ 9561.4bf2dc71.js:2
(匿名) @ 9561.4bf2dc71.js:2
r @ 9561.4bf2dc71.js:2
s @ 9561.4bf2dc71.js:2
Promise.then
r @ 9561.4bf2dc71.js:2
s @ 9561.4bf2dc71.js:2
Promise.then
r @ 9561.4bf2dc71.js:2
s @ 9561.4bf2dc71.js:2
Promise.then
r @ 9561.4bf2dc71.js:2
s @ 9561.4bf2dc71.js:2
(匿名) @ 9561.4bf2dc71.js:2
(匿名) @ 9561.4bf2dc71.js:2
value @ main.2faaeed8.js:1
F @ 9561.4bf2dc71.js:2
(匿名) @ 9561.4bf2dc71.js:2
Ec @ 9561.4bf2dc71.js:2
t.unstable_runWithPriority @ 9561.4bf2dc71.js:2
qo @ 9561.4bf2dc71.js:2
kc @ 9561.4bf2dc71.js:2
dc @ 9561.4bf2dc71.js:2
ic @ 9561.4bf2dc71.js:2
Gc @ 9561.4bf2dc71.js:2
(匿名) @ 9561.4bf2dc71.js:2
pc @ 9561.4bf2dc71.js:2
el @ 9561.4bf2dc71.js:2
render @ 9561.4bf2dc71.js:2
(匿名) @ main.2faaeed8.js:1
u @ 9561.4bf2dc71.js:2
(匿名) @ 9561.4bf2dc71.js:2
(匿名) @ 9561.4bf2dc71.js:2
r @ 9561.4bf2dc71.js:2
s @ 9561.4bf2dc71.js:2
Promise.then
r @ 9561.4bf2dc71.js:2
s @ 9561.4bf2dc71.js:2
(匿名) @ 9561.4bf2dc71.js:2
(匿名) @ 9561.4bf2dc71.js:2
(匿名) @ main.2faaeed8.js:1
(匿名) @ main.2faaeed8.js:1
u @ 9561.4bf2dc71.js:2
(匿名) @ 9561.4bf2dc71.js:2
(匿名) @ 9561.4bf2dc71.js:2
r @ 9561.4bf2dc71.js:2
s @ 9561.4bf2dc71.js:2
Promise.then
r @ 9561.4bf2dc71.js:2
s @ 9561.4bf2dc71.js:2
Promise.then
r @ 9561.4bf2dc71.js:2
s @ 9561.4bf2dc71.js:2
(匿名) @ 9561.4bf2dc71.js:2
(匿名) @ 9561.4bf2dc71.js:2
49209 @ main.2faaeed8.js:1
n @ main.2faaeed8.js:1
(匿名) @ main.2faaeed8.js:1
n.O @ main.2faaeed8.js:1
(匿名) @ main.2faaeed8.js:1
(匿名) @ main.2faaeed8.js:1
(匿名) @ main.2faaeed8.js:1
(匿名) @ main.2faaeed8.js:1
23:32:09.116 9561.4bf2dc71.js:2  react-intl-universal key "625fb26b" not defined in zh
warningHandler @ 9561.4bf2dc71.js:2
value @ 9561.4bf2dc71.js:2
p @ 9561.4bf2dc71.js:2
value @ 8222.6209a852.chunk.js:1
Le @ 9561.4bf2dc71.js:2
(匿名) @ 9561.4bf2dc71.js:2
pe @ 9561.4bf2dc71.js:2
e.track @ 9561.4bf2dc71.js:2
n @ 9561.4bf2dc71.js:2
Xi @ 9561.4bf2dc71.js:2
$i @ 9561.4bf2dc71.js:2
Cs @ 9561.4bf2dc71.js:2
wc @ 9561.4bf2dc71.js:2
_c @ 9561.4bf2dc71.js:2
dc @ 9561.4bf2dc71.js:2
(匿名) @ 9561.4bf2dc71.js:2
t.unstable_runWithPriority @ 9561.4bf2dc71.js:2
qo @ 9561.4bf2dc71.js:2
Xo @ 9561.4bf2dc71.js:2
$o @ 9561.4bf2dc71.js:2
ic @ 9561.4bf2dc71.js:2
enqueueSetState @ 9561.4bf2dc71.js:2
b.setState @ 9561.4bf2dc71.js:2
(匿名) @ 808.d56623c9.chunk.js:1
u @ 9561.4bf2dc71.js:2
(匿名) @ 9561.4bf2dc71.js:2
(匿名) @ 9561.4bf2dc71.js:2
r @ 9561.4bf2dc71.js:2
s @ 9561.4bf2dc71.js:2
Promise.then
r @ 9561.4bf2dc71.js:2
s @ 9561.4bf2dc71.js:2
Promise.then
r @ 9561.4bf2dc71.js:2
s @ 9561.4bf2dc71.js:2
Promise.then
r @ 9561.4bf2dc71.js:2
s @ 9561.4bf2dc71.js:2
(匿名) @ 9561.4bf2dc71.js:2
(匿名) @ 9561.4bf2dc71.js:2
value @ 808.d56623c9.chunk.js:1
F @ 9561.4bf2dc71.js:2
(匿名) @ 9561.4bf2dc71.js:2
Ec @ 9561.4bf2dc71.js:2
t.unstable_runWithPriority @ 9561.4bf2dc71.js:2
qo @ 9561.4bf2dc71.js:2
kc @ 9561.4bf2dc71.js:2
dc @ 9561.4bf2dc71.js:2
(匿名) @ 9561.4bf2dc71.js:2
t.unstable_runWithPriority @ 9561.4bf2dc71.js:2
qo @ 9561.4bf2dc71.js:2
Xo @ 9561.4bf2dc71.js:2
$o @ 9561.4bf2dc71.js:2
fc @ 9561.4bf2dc71.js:2
We @ 9561.4bf2dc71.js:2
Ue @ 9561.4bf2dc71.js:2
He @ 9561.4bf2dc71.js:2
e.reportChanged @ 9561.4bf2dc71.js:2
t.setNewValue @ 9561.4bf2dc71.js:2
e.write @ 9561.4bf2dc71.js:2
set @ 9561.4bf2dc71.js:2
(匿名) @ main.2faaeed8.js:1
u @ 9561.4bf2dc71.js:2
(匿名) @ 9561.4bf2dc71.js:2
(匿名) @ 9561.4bf2dc71.js:2
r @ 9561.4bf2dc71.js:2
s @ 9561.4bf2dc71.js:2
Promise.then
r @ 9561.4bf2dc71.js:2
s @ 9561.4bf2dc71.js:2
(匿名) @ 9561.4bf2dc71.js:2
(匿名) @ 9561.4bf2dc71.js:2
Ee @ 9561.4bf2dc71.js:2
n @ 9561.4bf2dc71.js:2
(匿名) @ main.2faaeed8.js:1
setTimeout
value @ main.2faaeed8.js:1
Ee @ 9561.4bf2dc71.js:2
n @ 9561.4bf2dc71.js:2
(匿名) @ main.2faaeed8.js:1
u @ 9561.4bf2dc71.js:2
(匿名) @ 9561.4bf2dc71.js:2
(匿名) @ 9561.4bf2dc71.js:2
r @ 9561.4bf2dc71.js:2
s @ 9561.4bf2dc71.js:2
(匿名) @ 9561.4bf2dc71.js:2
(匿名) @ 9561.4bf2dc71.js:2
(匿名) @ main.2faaeed8.js:1
Ee @ 9561.4bf2dc71.js:2
n @ 9561.4bf2dc71.js:2
(匿名) @ main.2faaeed8.js:1
u @ 9561.4bf2dc71.js:2
(匿名) @ 9561.4bf2dc71.js:2
(匿名) @ 9561.4bf2dc71.js:2
r @ 9561.4bf2dc71.js:2
s @ 9561.4bf2dc71.js:2
Promise.then
r @ 9561.4bf2dc71.js:2
s @ 9561.4bf2dc71.js:2
Promise.then
r @ 9561.4bf2dc71.js:2
s @ 9561.4bf2dc71.js:2
Promise.then
r @ 9561.4bf2dc71.js:2
s @ 9561.4bf2dc71.js:2
(匿名) @ 9561.4bf2dc71.js:2
(匿名) @ 9561.4bf2dc71.js:2
value @ main.2faaeed8.js:1
F @ 9561.4bf2dc71.js:2
(匿名) @ 9561.4bf2dc71.js:2
Ec @ 9561.4bf2dc71.js:2
t.unstable_runWithPriority @ 9561.4bf2dc71.js:2
qo @ 9561.4bf2dc71.js:2
kc @ 9561.4bf2dc71.js:2
dc @ 9561.4bf2dc71.js:2
ic @ 9561.4bf2dc71.js:2
Gc @ 9561.4bf2dc71.js:2
(匿名) @ 9561.4bf2dc71.js:2
pc @ 9561.4bf2dc71.js:2
el @ 9561.4bf2dc71.js:2
render @ 9561.4bf2dc71.js:2
(匿名) @ main.2faaeed8.js:1
u @ 9561.4bf2dc71.js:2
(匿名) @ 9561.4bf2dc71.js:2
(匿名) @ 9561.4bf2dc71.js:2
r @ 9561.4bf2dc71.js:2
s @ 9561.4bf2dc71.js:2
Promise.then
r @ 9561.4bf2dc71.js:2
s @ 9561.4bf2dc71.js:2
(匿名) @ 9561.4bf2dc71.js:2
(匿名) @ 9561.4bf2dc71.js:2
(匿名) @ main.2faaeed8.js:1
(匿名) @ main.2faaeed8.js:1
u @ 9561.4bf2dc71.js:2
(匿名) @ 9561.4bf2dc71.js:2
(匿名) @ 9561.4bf2dc71.js:2
r @ 9561.4bf2dc71.js:2
s @ 9561.4bf2dc71.js:2
Promise.then
r @ 9561.4bf2dc71.js:2
s @ 9561.4bf2dc71.js:2
Promise.then
r @ 9561.4bf2dc71.js:2
s @ 9561.4bf2dc71.js:2
(匿名) @ 9561.4bf2dc71.js:2
(匿名) @ 9561.4bf2dc71.js:2
49209 @ main.2faaeed8.js:1
n @ main.2faaeed8.js:1
(匿名) @ main.2faaeed8.js:1
n.O @ main.2faaeed8.js:1
(匿名) @ main.2faaeed8.js:1
(匿名) @ main.2faaeed8.js:1
(匿名) @ main.2faaeed8.js:1
(匿名) @ main.2faaeed8.js:1
23:32:09.117 9561.4bf2dc71.js:2  react-intl-universal key "aa98ad92" not defined in zh
warningHandler @ 9561.4bf2dc71.js:2
value @ 9561.4bf2dc71.js:2
p @ 9561.4bf2dc71.js:2
value @ 8222.6209a852.chunk.js:1
Le @ 9561.4bf2dc71.js:2
(匿名) @ 9561.4bf2dc71.js:2
pe @ 9561.4bf2dc71.js:2
e.track @ 9561.4bf2dc71.js:2
n @ 9561.4bf2dc71.js:2
Xi @ 9561.4bf2dc71.js:2
$i @ 9561.4bf2dc71.js:2
Cs @ 9561.4bf2dc71.js:2
wc @ 9561.4bf2dc71.js:2
_c @ 9561.4bf2dc71.js:2
dc @ 9561.4bf2dc71.js:2
(匿名) @ 9561.4bf2dc71.js:2
t.unstable_runWithPriority @ 9561.4bf2dc71.js:2
qo @ 9561.4bf2dc71.js:2
Xo @ 9561.4bf2dc71.js:2
$o @ 9561.4bf2dc71.js:2
ic @ 9561.4bf2dc71.js:2
enqueueSetState @ 9561.4bf2dc71.js:2
b.setState @ 9561.4bf2dc71.js:2
(匿名) @ 808.d56623c9.chunk.js:1
u @ 9561.4bf2dc71.js:2
(匿名) @ 9561.4bf2dc71.js:2
(匿名) @ 9561.4bf2dc71.js:2
r @ 9561.4bf2dc71.js:2
s @ 9561.4bf2dc71.js:2
Promise.then
r @ 9561.4bf2dc71.js:2
s @ 9561.4bf2dc71.js:2
Promise.then
r @ 9561.4bf2dc71.js:2
s @ 9561.4bf2dc71.js:2
Promise.then
r @ 9561.4bf2dc71.js:2
s @ 9561.4bf2dc71.js:2
(匿名) @ 9561.4bf2dc71.js:2
(匿名) @ 9561.4bf2dc71.js:2
value @ 808.d56623c9.chunk.js:1
F @ 9561.4bf2dc71.js:2
(匿名) @ 9561.4bf2dc71.js:2
Ec @ 9561.4bf2dc71.js:2
t.unstable_runWithPriority @ 9561.4bf2dc71.js:2
qo @ 9561.4bf2dc71.js:2
kc @ 9561.4bf2dc71.js:2
dc @ 9561.4bf2dc71.js:2
(匿名) @ 9561.4bf2dc71.js:2
t.unstable_runWithPriority @ 9561.4bf2dc71.js:2
qo @ 9561.4bf2dc71.js:2
Xo @ 9561.4bf2dc71.js:2
$o @ 9561.4bf2dc71.js:2
fc @ 9561.4bf2dc71.js:2
We @ 9561.4bf2dc71.js:2
Ue @ 9561.4bf2dc71.js:2
He @ 9561.4bf2dc71.js:2
e.reportChanged @ 9561.4bf2dc71.js:2
t.setNewValue @ 9561.4bf2dc71.js:2
e.write @ 9561.4bf2dc71.js:2
set @ 9561.4bf2dc71.js:2
(匿名) @ main.2faaeed8.js:1
u @ 9561.4bf2dc71.js:2
(匿名) @ 9561.4bf2dc71.js:2
(匿名) @ 9561.4bf2dc71.js:2
r @ 9561.4bf2dc71.js:2
s @ 9561.4bf2dc71.js:2
Promise.then
r @ 9561.4bf2dc71.js:2
s @ 9561.4bf2dc71.js:2
(匿名) @ 9561.4bf2dc71.js:2
(匿名) @ 9561.4bf2dc71.js:2
Ee @ 9561.4bf2dc71.js:2
n @ 9561.4bf2dc71.js:2
(匿名) @ main.2faaeed8.js:1
setTimeout
value @ main.2faaeed8.js:1
Ee @ 9561.4bf2dc71.js:2
n @ 9561.4bf2dc71.js:2
(匿名) @ main.2faaeed8.js:1
u @ 9561.4bf2dc71.js:2
(匿名) @ 9561.4bf2dc71.js:2
(匿名) @ 9561.4bf2dc71.js:2
r @ 9561.4bf2dc71.js:2
s @ 9561.4bf2dc71.js:2
(匿名) @ 9561.4bf2dc71.js:2
(匿名) @ 9561.4bf2dc71.js:2
(匿名) @ main.2faaeed8.js:1
Ee @ 9561.4bf2dc71.js:2
n @ 9561.4bf2dc71.js:2
(匿名) @ main.2faaeed8.js:1
u @ 9561.4bf2dc71.js:2
(匿名) @ 9561.4bf2dc71.js:2
(匿名) @ 9561.4bf2dc71.js:2
r @ 9561.4bf2dc71.js:2
s @ 9561.4bf2dc71.js:2
Promise.then
r @ 9561.4bf2dc71.js:2
s @ 9561.4bf2dc71.js:2
Promise.then
r @ 9561.4bf2dc71.js:2
s @ 9561.4bf2dc71.js:2
Promise.then
r @ 9561.4bf2dc71.js:2
s @ 9561.4bf2dc71.js:2
(匿名) @ 9561.4bf2dc71.js:2
(匿名) @ 9561.4bf2dc71.js:2
value @ main.2faaeed8.js:1
F @ 9561.4bf2dc71.js:2
(匿名) @ 9561.4bf2dc71.js:2
Ec @ 9561.4bf2dc71.js:2
t.unstable_runWithPriority @ 9561.4bf2dc71.js:2
qo @ 9561.4bf2dc71.js:2
kc @ 9561.4bf2dc71.js:2
dc @ 9561.4bf2dc71.js:2
ic @ 9561.4bf2dc71.js:2
Gc @ 9561.4bf2dc71.js:2
(匿名) @ 9561.4bf2dc71.js:2
pc @ 9561.4bf2dc71.js:2
el @ 9561.4bf2dc71.js:2
render @ 9561.4bf2dc71.js:2
(匿名) @ main.2faaeed8.js:1
u @ 9561.4bf2dc71.js:2
(匿名) @ 9561.4bf2dc71.js:2
(匿名) @ 9561.4bf2dc71.js:2
r @ 9561.4bf2dc71.js:2
s @ 9561.4bf2dc71.js:2
Promise.then
r @ 9561.4bf2dc71.js:2
s @ 9561.4bf2dc71.js:2
(匿名) @ 9561.4bf2dc71.js:2
(匿名) @ 9561.4bf2dc71.js:2
(匿名) @ main.2faaeed8.js:1
(匿名) @ main.2faaeed8.js:1
u @ 9561.4bf2dc71.js:2
(匿名) @ 9561.4bf2dc71.js:2
(匿名) @ 9561.4bf2dc71.js:2
r @ 9561.4bf2dc71.js:2
s @ 9561.4bf2dc71.js:2
Promise.then
r @ 9561.4bf2dc71.js:2
s @ 9561.4bf2dc71.js:2
Promise.then
r @ 9561.4bf2dc71.js:2
s @ 9561.4bf2dc71.js:2
(匿名) @ 9561.4bf2dc71.js:2
(匿名) @ 9561.4bf2dc71.js:2
49209 @ main.2faaeed8.js:1
n @ main.2faaeed8.js:1
(匿名) @ main.2faaeed8.js:1
n.O @ main.2faaeed8.js:1
(匿名) @ main.2faaeed8.js:1
(匿名) @ main.2faaeed8.js:1
(匿名) @ main.2faaeed8.js:1
(匿名) @ main.2faaeed8.js:1
23:32:09.117 9561.4bf2dc71.js:2  react-intl-universal key "fe033787" not defined in zh
warningHandler @ 9561.4bf2dc71.js:2
value @ 9561.4bf2dc71.js:2
p @ 9561.4bf2dc71.js:2
value @ 8222.6209a852.chunk.js:1
Le @ 9561.4bf2dc71.js:2
(匿名) @ 9561.4bf2dc71.js:2
pe @ 9561.4bf2dc71.js:2
e.track @ 9561.4bf2dc71.js:2
n @ 9561.4bf2dc71.js:2
Xi @ 9561.4bf2dc71.js:2
$i @ 9561.4bf2dc71.js:2
Cs @ 9561.4bf2dc71.js:2
wc @ 9561.4bf2dc71.js:2
_c @ 9561.4bf2dc71.js:2
dc @ 9561.4bf2dc71.js:2
(匿名) @ 9561.4bf2dc71.js:2
t.unstable_runWithPriority @ 9561.4bf2dc71.js:2
qo @ 9561.4bf2dc71.js:2
Xo @ 9561.4bf2dc71.js:2
$o @ 9561.4bf2dc71.js:2
ic @ 9561.4bf2dc71.js:2
enqueueSetState @ 9561.4bf2dc71.js:2
b.setState @ 9561.4bf2dc71.js:2
(匿名) @ 808.d56623c9.chunk.js:1
u @ 9561.4bf2dc71.js:2
(匿名) @ 9561.4bf2dc71.js:2
(匿名) @ 9561.4bf2dc71.js:2
r @ 9561.4bf2dc71.js:2
s @ 9561.4bf2dc71.js:2
Promise.then
r @ 9561.4bf2dc71.js:2
s @ 9561.4bf2dc71.js:2
Promise.then
r @ 9561.4bf2dc71.js:2
s @ 9561.4bf2dc71.js:2
Promise.then
r @ 9561.4bf2dc71.js:2
s @ 9561.4bf2dc71.js:2
(匿名) @ 9561.4bf2dc71.js:2
(匿名) @ 9561.4bf2dc71.js:2
value @ 808.d56623c9.chunk.js:1
F @ 9561.4bf2dc71.js:2
(匿名) @ 9561.4bf2dc71.js:2
Ec @ 9561.4bf2dc71.js:2
t.unstable_runWithPriority @ 9561.4bf2dc71.js:2
qo @ 9561.4bf2dc71.js:2
kc @ 9561.4bf2dc71.js:2
dc @ 9561.4bf2dc71.js:2
(匿名) @ 9561.4bf2dc71.js:2
t.unstable_runWithPriority @ 9561.4bf2dc71.js:2
qo @ 9561.4bf2dc71.js:2
Xo @ 9561.4bf2dc71.js:2
$o @ 9561.4bf2dc71.js:2
fc @ 9561.4bf2dc71.js:2
We @ 9561.4bf2dc71.js:2
Ue @ 9561.4bf2dc71.js:2
He @ 9561.4bf2dc71.js:2
e.reportChanged @ 9561.4bf2dc71.js:2
t.setNewValue @ 9561.4bf2dc71.js:2
e.write @ 9561.4bf2dc71.js:2
set @ 9561.4bf2dc71.js:2
(匿名) @ main.2faaeed8.js:1
u @ 9561.4bf2dc71.js:2
(匿名) @ 9561.4bf2dc71.js:2
(匿名) @ 9561.4bf2dc71.js:2
r @ 9561.4bf2dc71.js:2
s @ 9561.4bf2dc71.js:2
Promise.then
r @ 9561.4bf2dc71.js:2
s @ 9561.4bf2dc71.js:2
(匿名) @ 9561.4bf2dc71.js:2
(匿名) @ 9561.4bf2dc71.js:2
Ee @ 9561.4bf2dc71.js:2
n @ 9561.4bf2dc71.js:2
(匿名) @ main.2faaeed8.js:1
setTimeout
value @ main.2faaeed8.js:1
Ee @ 9561.4bf2dc71.js:2
n @ 9561.4bf2dc71.js:2
(匿名) @ main.2faaeed8.js:1
u @ 9561.4bf2dc71.js:2
(匿名) @ 9561.4bf2dc71.js:2
(匿名) @ 9561.4bf2dc71.js:2
r @ 9561.4bf2dc71.js:2
s @ 9561.4bf2dc71.js:2
(匿名) @ 9561.4bf2dc71.js:2
(匿名) @ 9561.4bf2dc71.js:2
(匿名) @ main.2faaeed8.js:1
Ee @ 9561.4bf2dc71.js:2
n @ 9561.4bf2dc71.js:2
(匿名) @ main.2faaeed8.js:1
u @ 9561.4bf2dc71.js:2
(匿名) @ 9561.4bf2dc71.js:2
(匿名) @ 9561.4bf2dc71.js:2
r @ 9561.4bf2dc71.js:2
s @ 9561.4bf2dc71.js:2
Promise.then
r @ 9561.4bf2dc71.js:2
s @ 9561.4bf2dc71.js:2
Promise.then
r @ 9561.4bf2dc71.js:2
s @ 9561.4bf2dc71.js:2
Promise.then
r @ 9561.4bf2dc71.js:2
s @ 9561.4bf2dc71.js:2
(匿名) @ 9561.4bf2dc71.js:2
(匿名) @ 9561.4bf2dc71.js:2
value @ main.2faaeed8.js:1
F @ 9561.4bf2dc71.js:2
(匿名) @ 9561.4bf2dc71.js:2
Ec @ 9561.4bf2dc71.js:2
t.unstable_runWithPriority @ 9561.4bf2dc71.js:2
qo @ 9561.4bf2dc71.js:2
kc @ 9561.4bf2dc71.js:2
dc @ 9561.4bf2dc71.js:2
ic @ 9561.4bf2dc71.js:2
Gc @ 9561.4bf2dc71.js:2
(匿名) @ 9561.4bf2dc71.js:2
pc @ 9561.4bf2dc71.js:2
el @ 9561.4bf2dc71.js:2
render @ 9561.4bf2dc71.js:2
(匿名) @ main.2faaeed8.js:1
u @ 9561.4bf2dc71.js:2
(匿名) @ 9561.4bf2dc71.js:2
(匿名) @ 9561.4bf2dc71.js:2
r @ 9561.4bf2dc71.js:2
s @ 9561.4bf2dc71.js:2
Promise.then
r @ 9561.4bf2dc71.js:2
s @ 9561.4bf2dc71.js:2
(匿名) @ 9561.4bf2dc71.js:2
(匿名) @ 9561.4bf2dc71.js:2
(匿名) @ main.2faaeed8.js:1
(匿名) @ main.2faaeed8.js:1
u @ 9561.4bf2dc71.js:2
(匿名) @ 9561.4bf2dc71.js:2
(匿名) @ 9561.4bf2dc71.js:2
r @ 9561.4bf2dc71.js:2
s @ 9561.4bf2dc71.js:2
Promise.then
r @ 9561.4bf2dc71.js:2
s @ 9561.4bf2dc71.js:2
Promise.then
r @ 9561.4bf2dc71.js:2
s @ 9561.4bf2dc71.js:2
(匿名) @ 9561.4bf2dc71.js:2
(匿名) @ 9561.4bf2dc71.js:2
49209 @ main.2faaeed8.js:1
n @ main.2faaeed8.js:1
(匿名) @ main.2faaeed8.js:1
n.O @ main.2faaeed8.js:1
(匿名) @ main.2faaeed8.js:1
(匿名) @ main.2faaeed8.js:1
(匿名) @ main.2faaeed8.js:1
(匿名) @ main.2faaeed8.js:1
23:32:09.117 9561.4bf2dc71.js:2  react-intl-universal key "40e20dd4" not defined in zh
warningHandler @ 9561.4bf2dc71.js:2
value @ 9561.4bf2dc71.js:2
p @ 9561.4bf2dc71.js:2
value @ 8222.6209a852.chunk.js:1
Le @ 9561.4bf2dc71.js:2
(匿名) @ 9561.4bf2dc71.js:2
pe @ 9561.4bf2dc71.js:2
e.track @ 9561.4bf2dc71.js:2
n @ 9561.4bf2dc71.js:2
Xi @ 9561.4bf2dc71.js:2
$i @ 9561.4bf2dc71.js:2
Cs @ 9561.4bf2dc71.js:2
wc @ 9561.4bf2dc71.js:2
_c @ 9561.4bf2dc71.js:2
dc @ 9561.4bf2dc71.js:2
(匿名) @ 9561.4bf2dc71.js:2
t.unstable_runWithPriority @ 9561.4bf2dc71.js:2
qo @ 9561.4bf2dc71.js:2
Xo @ 9561.4bf2dc71.js:2
$o @ 9561.4bf2dc71.js:2
ic @ 9561.4bf2dc71.js:2
enqueueSetState @ 9561.4bf2dc71.js:2
b.setState @ 9561.4bf2dc71.js:2
(匿名) @ 808.d56623c9.chunk.js:1
u @ 9561.4bf2dc71.js:2
(匿名) @ 9561.4bf2dc71.js:2
(匿名) @ 9561.4bf2dc71.js:2
r @ 9561.4bf2dc71.js:2
s @ 9561.4bf2dc71.js:2
Promise.then
r @ 9561.4bf2dc71.js:2
s @ 9561.4bf2dc71.js:2
Promise.then
r @ 9561.4bf2dc71.js:2
s @ 9561.4bf2dc71.js:2
Promise.then
r @ 9561.4bf2dc71.js:2
s @ 9561.4bf2dc71.js:2
(匿名) @ 9561.4bf2dc71.js:2
(匿名) @ 9561.4bf2dc71.js:2
value @ 808.d56623c9.chunk.js:1
F @ 9561.4bf2dc71.js:2
(匿名) @ 9561.4bf2dc71.js:2
Ec @ 9561.4bf2dc71.js:2
t.unstable_runWithPriority @ 9561.4bf2dc71.js:2
qo @ 9561.4bf2dc71.js:2
kc @ 9561.4bf2dc71.js:2
dc @ 9561.4bf2dc71.js:2
(匿名) @ 9561.4bf2dc71.js:2
t.unstable_runWithPriority @ 9561.4bf2dc71.js:2
qo @ 9561.4bf2dc71.js:2
Xo @ 9561.4bf2dc71.js:2
$o @ 9561.4bf2dc71.js:2
fc @ 9561.4bf2dc71.js:2
We @ 9561.4bf2dc71.js:2
Ue @ 9561.4bf2dc71.js:2
He @ 9561.4bf2dc71.js:2
e.reportChanged @ 9561.4bf2dc71.js:2
t.setNewValue @ 9561.4bf2dc71.js:2
e.write @ 9561.4bf2dc71.js:2
set @ 9561.4bf2dc71.js:2
(匿名) @ main.2faaeed8.js:1
u @ 9561.4bf2dc71.js:2
(匿名) @ 9561.4bf2dc71.js:2
(匿名) @ 9561.4bf2dc71.js:2
r @ 9561.4bf2dc71.js:2
s @ 9561.4bf2dc71.js:2
Promise.then
r @ 9561.4bf2dc71.js:2
s @ 9561.4bf2dc71.js:2
(匿名) @ 9561.4bf2dc71.js:2
(匿名) @ 9561.4bf2dc71.js:2
Ee @ 9561.4bf2dc71.js:2
n @ 9561.4bf2dc71.js:2
(匿名) @ main.2faaeed8.js:1
setTimeout
value @ main.2faaeed8.js:1
Ee @ 9561.4bf2dc71.js:2
n @ 9561.4bf2dc71.js:2
(匿名) @ main.2faaeed8.js:1
u @ 9561.4bf2dc71.js:2
(匿名) @ 9561.4bf2dc71.js:2
(匿名) @ 9561.4bf2dc71.js:2
r @ 9561.4bf2dc71.js:2
s @ 9561.4bf2dc71.js:2
(匿名) @ 9561.4bf2dc71.js:2
(匿名) @ 9561.4bf2dc71.js:2
(匿名) @ main.2faaeed8.js:1
Ee @ 9561.4bf2dc71.js:2
n @ 9561.4bf2dc71.js:2
(匿名) @ main.2faaeed8.js:1
u @ 9561.4bf2dc71.js:2
(匿名) @ 9561.4bf2dc71.js:2
(匿名) @ 9561.4bf2dc71.js:2
r @ 9561.4bf2dc71.js:2
s @ 9561.4bf2dc71.js:2
Promise.then
r @ 9561.4bf2dc71.js:2
s @ 9561.4bf2dc71.js:2
Promise.then
r @ 9561.4bf2dc71.js:2
s @ 9561.4bf2dc71.js:2
Promise.then
r @ 9561.4bf2dc71.js:2
s @ 9561.4bf2dc71.js:2
(匿名) @ 9561.4bf2dc71.js:2
(匿名) @ 9561.4bf2dc71.js:2
value @ main.2faaeed8.js:1
F @ 9561.4bf2dc71.js:2
(匿名) @ 9561.4bf2dc71.js:2
Ec @ 9561.4bf2dc71.js:2
t.unstable_runWithPriority @ 9561.4bf2dc71.js:2
qo @ 9561.4bf2dc71.js:2
kc @ 9561.4bf2dc71.js:2
dc @ 9561.4bf2dc71.js:2
ic @ 9561.4bf2dc71.js:2
Gc @ 9561.4bf2dc71.js:2
(匿名) @ 9561.4bf2dc71.js:2
pc @ 9561.4bf2dc71.js:2
el @ 9561.4bf2dc71.js:2
render @ 9561.4bf2dc71.js:2
(匿名) @ main.2faaeed8.js:1
u @ 9561.4bf2dc71.js:2
(匿名) @ 9561.4bf2dc71.js:2
(匿名) @ 9561.4bf2dc71.js:2
r @ 9561.4bf2dc71.js:2
s @ 9561.4bf2dc71.js:2
Promise.then
r @ 9561.4bf2dc71.js:2
s @ 9561.4bf2dc71.js:2
(匿名) @ 9561.4bf2dc71.js:2
(匿名) @ 9561.4bf2dc71.js:2
(匿名) @ main.2faaeed8.js:1
(匿名) @ main.2faaeed8.js:1
u @ 9561.4bf2dc71.js:2
(匿名) @ 9561.4bf2dc71.js:2
(匿名) @ 9561.4bf2dc71.js:2
r @ 9561.4bf2dc71.js:2
s @ 9561.4bf2dc71.js:2
Promise.then
r @ 9561.4bf2dc71.js:2
s @ 9561.4bf2dc71.js:2
Promise.then
r @ 9561.4bf2dc71.js:2
s @ 9561.4bf2dc71.js:2
(匿名) @ 9561.4bf2dc71.js:2
(匿名) @ 9561.4bf2dc71.js:2
49209 @ main.2faaeed8.js:1
n @ main.2faaeed8.js:1
(匿名) @ main.2faaeed8.js:1
n.O @ main.2faaeed8.js:1
(匿名) @ main.2faaeed8.js:1
(匿名) @ main.2faaeed8.js:1
(匿名) @ main.2faaeed8.js:1
(匿名) @ main.2faaeed8.js:1
23:32:09.119 9561.4bf2dc71.js:2  react-intl-universal key "b698998e" not defined in zh
warningHandler @ 9561.4bf2dc71.js:2
value @ 9561.4bf2dc71.js:2
p @ 9561.4bf2dc71.js:2
value @ 8222.6209a852.chunk.js:1
Le @ 9561.4bf2dc71.js:2
(匿名) @ 9561.4bf2dc71.js:2
pe @ 9561.4bf2dc71.js:2
e.track @ 9561.4bf2dc71.js:2
n @ 9561.4bf2dc71.js:2
Xi @ 9561.4bf2dc71.js:2
$i @ 9561.4bf2dc71.js:2
Cs @ 9561.4bf2dc71.js:2
wc @ 9561.4bf2dc71.js:2
_c @ 9561.4bf2dc71.js:2
dc @ 9561.4bf2dc71.js:2
(匿名) @ 9561.4bf2dc71.js:2
t.unstable_runWithPriority @ 9561.4bf2dc71.js:2
qo @ 9561.4bf2dc71.js:2
Xo @ 9561.4bf2dc71.js:2
$o @ 9561.4bf2dc71.js:2
ic @ 9561.4bf2dc71.js:2
enqueueSetState @ 9561.4bf2dc71.js:2
b.setState @ 9561.4bf2dc71.js:2
(匿名) @ 808.d56623c9.chunk.js:1
u @ 9561.4bf2dc71.js:2
(匿名) @ 9561.4bf2dc71.js:2
(匿名) @ 9561.4bf2dc71.js:2
r @ 9561.4bf2dc71.js:2
s @ 9561.4bf2dc71.js:2
Promise.then
r @ 9561.4bf2dc71.js:2
s @ 9561.4bf2dc71.js:2
Promise.then
r @ 9561.4bf2dc71.js:2
s @ 9561.4bf2dc71.js:2
Promise.then
r @ 9561.4bf2dc71.js:2
s @ 9561.4bf2dc71.js:2
(匿名) @ 9561.4bf2dc71.js:2
(匿名) @ 9561.4bf2dc71.js:2
value @ 808.d56623c9.chunk.js:1
F @ 9561.4bf2dc71.js:2
(匿名) @ 9561.4bf2dc71.js:2
Ec @ 9561.4bf2dc71.js:2
t.unstable_runWithPriority @ 9561.4bf2dc71.js:2
qo @ 9561.4bf2dc71.js:2
kc @ 9561.4bf2dc71.js:2
dc @ 9561.4bf2dc71.js:2
(匿名) @ 9561.4bf2dc71.js:2
t.unstable_runWithPriority @ 9561.4bf2dc71.js:2
qo @ 9561.4bf2dc71.js:2
Xo @ 9561.4bf2dc71.js:2
$o @ 9561.4bf2dc71.js:2
fc @ 9561.4bf2dc71.js:2
We @ 9561.4bf2dc71.js:2
Ue @ 9561.4bf2dc71.js:2
He @ 9561.4bf2dc71.js:2
e.reportChanged @ 9561.4bf2dc71.js:2
t.setNewValue @ 9561.4bf2dc71.js:2
e.write @ 9561.4bf2dc71.js:2
set @ 9561.4bf2dc71.js:2
(匿名) @ main.2faaeed8.js:1
u @ 9561.4bf2dc71.js:2
(匿名) @ 9561.4bf2dc71.js:2
(匿名) @ 9561.4bf2dc71.js:2
r @ 9561.4bf2dc71.js:2
s @ 9561.4bf2dc71.js:2
Promise.then
r @ 9561.4bf2dc71.js:2
s @ 9561.4bf2dc71.js:2
(匿名) @ 9561.4bf2dc71.js:2
(匿名) @ 9561.4bf2dc71.js:2
Ee @ 9561.4bf2dc71.js:2
n @ 9561.4bf2dc71.js:2
(匿名) @ main.2faaeed8.js:1
setTimeout
value @ main.2faaeed8.js:1
Ee @ 9561.4bf2dc71.js:2
n @ 9561.4bf2dc71.js:2
(匿名) @ main.2faaeed8.js:1
u @ 9561.4bf2dc71.js:2
(匿名) @ 9561.4bf2dc71.js:2
(匿名) @ 9561.4bf2dc71.js:2
r @ 9561.4bf2dc71.js:2
s @ 9561.4bf2dc71.js:2
(匿名) @ 9561.4bf2dc71.js:2
(匿名) @ 9561.4bf2dc71.js:2
(匿名) @ main.2faaeed8.js:1
Ee @ 9561.4bf2dc71.js:2
n @ 9561.4bf2dc71.js:2
(匿名) @ main.2faaeed8.js:1
u @ 9561.4bf2dc71.js:2
(匿名) @ 9561.4bf2dc71.js:2
(匿名) @ 9561.4bf2dc71.js:2
r @ 9561.4bf2dc71.js:2
s @ 9561.4bf2dc71.js:2
Promise.then
r @ 9561.4bf2dc71.js:2
s @ 9561.4bf2dc71.js:2
Promise.then
r @ 9561.4bf2dc71.js:2
s @ 9561.4bf2dc71.js:2
Promise.then
r @ 9561.4bf2dc71.js:2
s @ 9561.4bf2dc71.js:2
(匿名) @ 9561.4bf2dc71.js:2
(匿名) @ 9561.4bf2dc71.js:2
value @ main.2faaeed8.js:1
F @ 9561.4bf2dc71.js:2
(匿名) @ 9561.4bf2dc71.js:2
Ec @ 9561.4bf2dc71.js:2
t.unstable_runWithPriority @ 9561.4bf2dc71.js:2
qo @ 9561.4bf2dc71.js:2
kc @ 9561.4bf2dc71.js:2
dc @ 9561.4bf2dc71.js:2
ic @ 9561.4bf2dc71.js:2
Gc @ 9561.4bf2dc71.js:2
(匿名) @ 9561.4bf2dc71.js:2
pc @ 9561.4bf2dc71.js:2
el @ 9561.4bf2dc71.js:2
render @ 9561.4bf2dc71.js:2
(匿名) @ main.2faaeed8.js:1
u @ 9561.4bf2dc71.js:2
(匿名) @ 9561.4bf2dc71.js:2
(匿名) @ 9561.4bf2dc71.js:2
r @ 9561.4bf2dc71.js:2
s @ 9561.4bf2dc71.js:2
Promise.then
r @ 9561.4bf2dc71.js:2
s @ 9561.4bf2dc71.js:2
(匿名) @ 9561.4bf2dc71.js:2
(匿名) @ 9561.4bf2dc71.js:2
(匿名) @ main.2faaeed8.js:1
(匿名) @ main.2faaeed8.js:1
u @ 9561.4bf2dc71.js:2
(匿名) @ 9561.4bf2dc71.js:2
(匿名) @ 9561.4bf2dc71.js:2
r @ 9561.4bf2dc71.js:2
s @ 9561.4bf2dc71.js:2
Promise.then
r @ 9561.4bf2dc71.js:2
s @ 9561.4bf2dc71.js:2
Promise.then
r @ 9561.4bf2dc71.js:2
s @ 9561.4bf2dc71.js:2
(匿名) @ 9561.4bf2dc71.js:2
(匿名) @ 9561.4bf2dc71.js:2
49209 @ main.2faaeed8.js:1
n @ main.2faaeed8.js:1
(匿名) @ main.2faaeed8.js:1
n.O @ main.2faaeed8.js:1
(匿名) @ main.2faaeed8.js:1
(匿名) @ main.2faaeed8.js:1
(匿名) @ main.2faaeed8.js:1
(匿名) @ main.2faaeed8.js:1
23:32:09.119 9561.4bf2dc71.js:2  react-intl-universal key "7c1b3891" not defined in zh
warningHandler @ 9561.4bf2dc71.js:2
value @ 9561.4bf2dc71.js:2
p @ 9561.4bf2dc71.js:2
value @ 8222.6209a852.chunk.js:1
Le @ 9561.4bf2dc71.js:2
(匿名) @ 9561.4bf2dc71.js:2
pe @ 9561.4bf2dc71.js:2
e.track @ 9561.4bf2dc71.js:2
n @ 9561.4bf2dc71.js:2
Xi @ 9561.4bf2dc71.js:2
$i @ 9561.4bf2dc71.js:2
Cs @ 9561.4bf2dc71.js:2
wc @ 9561.4bf2dc71.js:2
_c @ 9561.4bf2dc71.js:2
dc @ 9561.4bf2dc71.js:2
(匿名) @ 9561.4bf2dc71.js:2
t.unstable_runWithPriority @ 9561.4bf2dc71.js:2
qo @ 9561.4bf2dc71.js:2
Xo @ 9561.4bf2dc71.js:2
$o @ 9561.4bf2dc71.js:2
ic @ 9561.4bf2dc71.js:2
enqueueSetState @ 9561.4bf2dc71.js:2
b.setState @ 9561.4bf2dc71.js:2
(匿名) @ 808.d56623c9.chunk.js:1
u @ 9561.4bf2dc71.js:2
(匿名) @ 9561.4bf2dc71.js:2
(匿名) @ 9561.4bf2dc71.js:2
r @ 9561.4bf2dc71.js:2
s @ 9561.4bf2dc71.js:2
Promise.then
r @ 9561.4bf2dc71.js:2
s @ 9561.4bf2dc71.js:2
Promise.then
r @ 9561.4bf2dc71.js:2
s @ 9561.4bf2dc71.js:2
Promise.then
r @ 9561.4bf2dc71.js:2
s @ 9561.4bf2dc71.js:2
(匿名) @ 9561.4bf2dc71.js:2
(匿名) @ 9561.4bf2dc71.js:2
value @ 808.d56623c9.chunk.js:1
F @ 9561.4bf2dc71.js:2
(匿名) @ 9561.4bf2dc71.js:2
Ec @ 9561.4bf2dc71.js:2
t.unstable_runWithPriority @ 9561.4bf2dc71.js:2
qo @ 9561.4bf2dc71.js:2
kc @ 9561.4bf2dc71.js:2
dc @ 9561.4bf2dc71.js:2
(匿名) @ 9561.4bf2dc71.js:2
t.unstable_runWithPriority @ 9561.4bf2dc71.js:2
qo @ 9561.4bf2dc71.js:2
Xo @ 9561.4bf2dc71.js:2
$o @ 9561.4bf2dc71.js:2
fc @ 9561.4bf2dc71.js:2
We @ 9561.4bf2dc71.js:2
Ue @ 9561.4bf2dc71.js:2
He @ 9561.4bf2dc71.js:2
e.reportChanged @ 9561.4bf2dc71.js:2
t.setNewValue @ 9561.4bf2dc71.js:2
e.write @ 9561.4bf2dc71.js:2
set @ 9561.4bf2dc71.js:2
(匿名) @ main.2faaeed8.js:1
u @ 9561.4bf2dc71.js:2
(匿名) @ 9561.4bf2dc71.js:2
(匿名) @ 9561.4bf2dc71.js:2
r @ 9561.4bf2dc71.js:2
s @ 9561.4bf2dc71.js:2
Promise.then
r @ 9561.4bf2dc71.js:2
s @ 9561.4bf2dc71.js:2
(匿名) @ 9561.4bf2dc71.js:2
(匿名) @ 9561.4bf2dc71.js:2
Ee @ 9561.4bf2dc71.js:2
n @ 9561.4bf2dc71.js:2
(匿名) @ main.2faaeed8.js:1
setTimeout
value @ main.2faaeed8.js:1
Ee @ 9561.4bf2dc71.js:2
n @ 9561.4bf2dc71.js:2
(匿名) @ main.2faaeed8.js:1
u @ 9561.4bf2dc71.js:2
(匿名) @ 9561.4bf2dc71.js:2
(匿名) @ 9561.4bf2dc71.js:2
r @ 9561.4bf2dc71.js:2
s @ 9561.4bf2dc71.js:2
(匿名) @ 9561.4bf2dc71.js:2
(匿名) @ 9561.4bf2dc71.js:2
(匿名) @ main.2faaeed8.js:1
Ee @ 9561.4bf2dc71.js:2
n @ 9561.4bf2dc71.js:2
(匿名) @ main.2faaeed8.js:1
u @ 9561.4bf2dc71.js:2
(匿名) @ 9561.4bf2dc71.js:2
(匿名) @ 9561.4bf2dc71.js:2
r @ 9561.4bf2dc71.js:2
s @ 9561.4bf2dc71.js:2
Promise.then
r @ 9561.4bf2dc71.js:2
s @ 9561.4bf2dc71.js:2
Promise.then
r @ 9561.4bf2dc71.js:2
s @ 9561.4bf2dc71.js:2
Promise.then
r @ 9561.4bf2dc71.js:2
s @ 9561.4bf2dc71.js:2
(匿名) @ 9561.4bf2dc71.js:2
(匿名) @ 9561.4bf2dc71.js:2
value @ main.2faaeed8.js:1
F @ 9561.4bf2dc71.js:2
(匿名) @ 9561.4bf2dc71.js:2
Ec @ 9561.4bf2dc71.js:2
t.unstable_runWithPriority @ 9561.4bf2dc71.js:2
qo @ 9561.4bf2dc71.js:2
kc @ 9561.4bf2dc71.js:2
dc @ 9561.4bf2dc71.js:2
ic @ 9561.4bf2dc71.js:2
Gc @ 9561.4bf2dc71.js:2
(匿名) @ 9561.4bf2dc71.js:2
pc @ 9561.4bf2dc71.js:2
el @ 9561.4bf2dc71.js:2
render @ 9561.4bf2dc71.js:2
(匿名) @ main.2faaeed8.js:1
u @ 9561.4bf2dc71.js:2
(匿名) @ 9561.4bf2dc71.js:2
(匿名) @ 9561.4bf2dc71.js:2
r @ 9561.4bf2dc71.js:2
s @ 9561.4bf2dc71.js:2
Promise.then
r @ 9561.4bf2dc71.js:2
s @ 9561.4bf2dc71.js:2
(匿名) @ 9561.4bf2dc71.js:2
(匿名) @ 9561.4bf2dc71.js:2
(匿名) @ main.2faaeed8.js:1
(匿名) @ main.2faaeed8.js:1
u @ 9561.4bf2dc71.js:2
(匿名) @ 9561.4bf2dc71.js:2
(匿名) @ 9561.4bf2dc71.js:2
r @ 9561.4bf2dc71.js:2
s @ 9561.4bf2dc71.js:2
Promise.then
r @ 9561.4bf2dc71.js:2
s @ 9561.4bf2dc71.js:2
Promise.then
r @ 9561.4bf2dc71.js:2
s @ 9561.4bf2dc71.js:2
(匿名) @ 9561.4bf2dc71.js:2
(匿名) @ 9561.4bf2dc71.js:2
49209 @ main.2faaeed8.js:1
n @ main.2faaeed8.js:1
(匿名) @ main.2faaeed8.js:1
n.O @ main.2faaeed8.js:1
(匿名) @ main.2faaeed8.js:1
(匿名) @ main.2faaeed8.js:1
(匿名) @ main.2faaeed8.js:1
(匿名) @ main.2faaeed8.js:1
23:32:09.119 9561.4bf2dc71.js:2  react-intl-universal key "625fb26b" not defined in zh
warningHandler @ 9561.4bf2dc71.js:2
value @ 9561.4bf2dc71.js:2
p @ 9561.4bf2dc71.js:2
value @ 8222.6209a852.chunk.js:1
Le @ 9561.4bf2dc71.js:2
(匿名) @ 9561.4bf2dc71.js:2
pe @ 9561.4bf2dc71.js:2
e.track @ 9561.4bf2dc71.js:2
n @ 9561.4bf2dc71.js:2
Xi @ 9561.4bf2dc71.js:2
$i @ 9561.4bf2dc71.js:2
Cs @ 9561.4bf2dc71.js:2
wc @ 9561.4bf2dc71.js:2
_c @ 9561.4bf2dc71.js:2
dc @ 9561.4bf2dc71.js:2
(匿名) @ 9561.4bf2dc71.js:2
t.unstable_runWithPriority @ 9561.4bf2dc71.js:2
qo @ 9561.4bf2dc71.js:2
Xo @ 9561.4bf2dc71.js:2
$o @ 9561.4bf2dc71.js:2
ic @ 9561.4bf2dc71.js:2
enqueueSetState @ 9561.4bf2dc71.js:2
b.setState @ 9561.4bf2dc71.js:2
(匿名) @ 808.d56623c9.chunk.js:1
u @ 9561.4bf2dc71.js:2
(匿名) @ 9561.4bf2dc71.js:2
(匿名) @ 9561.4bf2dc71.js:2
r @ 9561.4bf2dc71.js:2
s @ 9561.4bf2dc71.js:2
Promise.then
r @ 9561.4bf2dc71.js:2
s @ 9561.4bf2dc71.js:2
Promise.then
r @ 9561.4bf2dc71.js:2
s @ 9561.4bf2dc71.js:2
Promise.then
r @ 9561.4bf2dc71.js:2
s @ 9561.4bf2dc71.js:2
(匿名) @ 9561.4bf2dc71.js:2
(匿名) @ 9561.4bf2dc71.js:2
value @ 808.d56623c9.chunk.js:1
F @ 9561.4bf2dc71.js:2
(匿名) @ 9561.4bf2dc71.js:2
Ec @ 9561.4bf2dc71.js:2
t.unstable_runWithPriority @ 9561.4bf2dc71.js:2
qo @ 9561.4bf2dc71.js:2
kc @ 9561.4bf2dc71.js:2
dc @ 9561.4bf2dc71.js:2
(匿名) @ 9561.4bf2dc71.js:2
t.unstable_runWithPriority @ 9561.4bf2dc71.js:2
qo @ 9561.4bf2dc71.js:2
Xo @ 9561.4bf2dc71.js:2
$o @ 9561.4bf2dc71.js:2
fc @ 9561.4bf2dc71.js:2
We @ 9561.4bf2dc71.js:2
Ue @ 9561.4bf2dc71.js:2
He @ 9561.4bf2dc71.js:2
e.reportChanged @ 9561.4bf2dc71.js:2
t.setNewValue @ 9561.4bf2dc71.js:2
e.write @ 9561.4bf2dc71.js:2
set @ 9561.4bf2dc71.js:2
(匿名) @ main.2faaeed8.js:1
u @ 9561.4bf2dc71.js:2
(匿名) @ 9561.4bf2dc71.js:2
(匿名) @ 9561.4bf2dc71.js:2
r @ 9561.4bf2dc71.js:2
s @ 9561.4bf2dc71.js:2
Promise.then
r @ 9561.4bf2dc71.js:2
s @ 9561.4bf2dc71.js:2
(匿名) @ 9561.4bf2dc71.js:2
(匿名) @ 9561.4bf2dc71.js:2
Ee @ 9561.4bf2dc71.js:2
n @ 9561.4bf2dc71.js:2
(匿名) @ main.2faaeed8.js:1
setTimeout
value @ main.2faaeed8.js:1
Ee @ 9561.4bf2dc71.js:2
n @ 9561.4bf2dc71.js:2
(匿名) @ main.2faaeed8.js:1
u @ 9561.4bf2dc71.js:2
(匿名) @ 9561.4bf2dc71.js:2
(匿名) @ 9561.4bf2dc71.js:2
r @ 9561.4bf2dc71.js:2
s @ 9561.4bf2dc71.js:2
(匿名) @ 9561.4bf2dc71.js:2
(匿名) @ 9561.4bf2dc71.js:2
(匿名) @ main.2faaeed8.js:1
Ee @ 9561.4bf2dc71.js:2
n @ 9561.4bf2dc71.js:2
(匿名) @ main.2faaeed8.js:1
u @ 9561.4bf2dc71.js:2
(匿名) @ 9561.4bf2dc71.js:2
(匿名) @ 9561.4bf2dc71.js:2
r @ 9561.4bf2dc71.js:2
s @ 9561.4bf2dc71.js:2
Promise.then
r @ 9561.4bf2dc71.js:2
s @ 9561.4bf2dc71.js:2
Promise.then
r @ 9561.4bf2dc71.js:2
s @ 9561.4bf2dc71.js:2
Promise.then
r @ 9561.4bf2dc71.js:2
s @ 9561.4bf2dc71.js:2
(匿名) @ 9561.4bf2dc71.js:2
(匿名) @ 9561.4bf2dc71.js:2
value @ main.2faaeed8.js:1
F @ 9561.4bf2dc71.js:2
(匿名) @ 9561.4bf2dc71.js:2
Ec @ 9561.4bf2dc71.js:2
t.unstable_runWithPriority @ 9561.4bf2dc71.js:2
qo @ 9561.4bf2dc71.js:2
kc @ 9561.4bf2dc71.js:2
dc @ 9561.4bf2dc71.js:2
ic @ 9561.4bf2dc71.js:2
Gc @ 9561.4bf2dc71.js:2
(匿名) @ 9561.4bf2dc71.js:2
pc @ 9561.4bf2dc71.js:2
el @ 9561.4bf2dc71.js:2
render @ 9561.4bf2dc71.js:2
(匿名) @ main.2faaeed8.js:1
u @ 9561.4bf2dc71.js:2
(匿名) @ 9561.4bf2dc71.js:2
(匿名) @ 9561.4bf2dc71.js:2
r @ 9561.4bf2dc71.js:2
s @ 9561.4bf2dc71.js:2
Promise.then
r @ 9561.4bf2dc71.js:2
s @ 9561.4bf2dc71.js:2
(匿名) @ 9561.4bf2dc71.js:2
(匿名) @ 9561.4bf2dc71.js:2
(匿名) @ main.2faaeed8.js:1
(匿名) @ main.2faaeed8.js:1
u @ 9561.4bf2dc71.js:2
(匿名) @ 9561.4bf2dc71.js:2
(匿名) @ 9561.4bf2dc71.js:2
r @ 9561.4bf2dc71.js:2
s @ 9561.4bf2dc71.js:2
Promise.then
r @ 9561.4bf2dc71.js:2
s @ 9561.4bf2dc71.js:2
Promise.then
r @ 9561.4bf2dc71.js:2
s @ 9561.4bf2dc71.js:2
(匿名) @ 9561.4bf2dc71.js:2
(匿名) @ 9561.4bf2dc71.js:2
49209 @ main.2faaeed8.js:1
n @ main.2faaeed8.js:1
(匿名) @ main.2faaeed8.js:1
n.O @ main.2faaeed8.js:1
(匿名) @ main.2faaeed8.js:1
(匿名) @ main.2faaeed8.js:1
(匿名) @ main.2faaeed8.js:1
(匿名) @ main.2faaeed8.js:1
23:32:09.119 9561.4bf2dc71.js:2  react-intl-universal key "aa98ad92" not defined in zh
warningHandler @ 9561.4bf2dc71.js:2
value @ 9561.4bf2dc71.js:2
p @ 9561.4bf2dc71.js:2
value @ 8222.6209a852.chunk.js:1
Le @ 9561.4bf2dc71.js:2
(匿名) @ 9561.4bf2dc71.js:2
pe @ 9561.4bf2dc71.js:2
e.track @ 9561.4bf2dc71.js:2
n @ 9561.4bf2dc71.js:2
Xi @ 9561.4bf2dc71.js:2
$i @ 9561.4bf2dc71.js:2
Cs @ 9561.4bf2dc71.js:2
wc @ 9561.4bf2dc71.js:2
_c @ 9561.4bf2dc71.js:2
dc @ 9561.4bf2dc71.js:2
(匿名) @ 9561.4bf2dc71.js:2
t.unstable_runWithPriority @ 9561.4bf2dc71.js:2
qo @ 9561.4bf2dc71.js:2
Xo @ 9561.4bf2dc71.js:2
$o @ 9561.4bf2dc71.js:2
ic @ 9561.4bf2dc71.js:2
enqueueSetState @ 9561.4bf2dc71.js:2
b.setState @ 9561.4bf2dc71.js:2
(匿名) @ 808.d56623c9.chunk.js:1
u @ 9561.4bf2dc71.js:2
(匿名) @ 9561.4bf2dc71.js:2
(匿名) @ 9561.4bf2dc71.js:2
r @ 9561.4bf2dc71.js:2
s @ 9561.4bf2dc71.js:2
Promise.then
r @ 9561.4bf2dc71.js:2
s @ 9561.4bf2dc71.js:2
Promise.then
r @ 9561.4bf2dc71.js:2
s @ 9561.4bf2dc71.js:2
Promise.then
r @ 9561.4bf2dc71.js:2
s @ 9561.4bf2dc71.js:2
(匿名) @ 9561.4bf2dc71.js:2
(匿名) @ 9561.4bf2dc71.js:2
value @ 808.d56623c9.chunk.js:1
F @ 9561.4bf2dc71.js:2
(匿名) @ 9561.4bf2dc71.js:2
Ec @ 9561.4bf2dc71.js:2
t.unstable_runWithPriority @ 9561.4bf2dc71.js:2
qo @ 9561.4bf2dc71.js:2
kc @ 9561.4bf2dc71.js:2
dc @ 9561.4bf2dc71.js:2
(匿名) @ 9561.4bf2dc71.js:2
t.unstable_runWithPriority @ 9561.4bf2dc71.js:2
qo @ 9561.4bf2dc71.js:2
Xo @ 9561.4bf2dc71.js:2
$o @ 9561.4bf2dc71.js:2
fc @ 9561.4bf2dc71.js:2
We @ 9561.4bf2dc71.js:2
Ue @ 9561.4bf2dc71.js:2
He @ 9561.4bf2dc71.js:2
e.reportChanged @ 9561.4bf2dc71.js:2
t.setNewValue @ 9561.4bf2dc71.js:2
e.write @ 9561.4bf2dc71.js:2
set @ 9561.4bf2dc71.js:2
(匿名) @ main.2faaeed8.js:1
u @ 9561.4bf2dc71.js:2
(匿名) @ 9561.4bf2dc71.js:2
(匿名) @ 9561.4bf2dc71.js:2
r @ 9561.4bf2dc71.js:2
s @ 9561.4bf2dc71.js:2
Promise.then
r @ 9561.4bf2dc71.js:2
s @ 9561.4bf2dc71.js:2
(匿名) @ 9561.4bf2dc71.js:2
(匿名) @ 9561.4bf2dc71.js:2
Ee @ 9561.4bf2dc71.js:2
n @ 9561.4bf2dc71.js:2
(匿名) @ main.2faaeed8.js:1
setTimeout
value @ main.2faaeed8.js:1
Ee @ 9561.4bf2dc71.js:2
n @ 9561.4bf2dc71.js:2
(匿名) @ main.2faaeed8.js:1
u @ 9561.4bf2dc71.js:2
(匿名) @ 9561.4bf2dc71.js:2
(匿名) @ 9561.4bf2dc71.js:2
r @ 9561.4bf2dc71.js:2
s @ 9561.4bf2dc71.js:2
(匿名) @ 9561.4bf2dc71.js:2
(匿名) @ 9561.4bf2dc71.js:2
(匿名) @ main.2faaeed8.js:1
Ee @ 9561.4bf2dc71.js:2
n @ 9561.4bf2dc71.js:2
(匿名) @ main.2faaeed8.js:1
u @ 9561.4bf2dc71.js:2
(匿名) @ 9561.4bf2dc71.js:2
(匿名) @ 9561.4bf2dc71.js:2
r @ 9561.4bf2dc71.js:2
s @ 9561.4bf2dc71.js:2
Promise.then
r @ 9561.4bf2dc71.js:2
s @ 9561.4bf2dc71.js:2
Promise.then
r @ 9561.4bf2dc71.js:2
s @ 9561.4bf2dc71.js:2
Promise.then
r @ 9561.4bf2dc71.js:2
s @ 9561.4bf2dc71.js:2
(匿名) @ 9561.4bf2dc71.js:2
(匿名) @ 9561.4bf2dc71.js:2
value @ main.2faaeed8.js:1
F @ 9561.4bf2dc71.js:2
(匿名) @ 9561.4bf2dc71.js:2
Ec @ 9561.4bf2dc71.js:2
t.unstable_runWithPriority @ 9561.4bf2dc71.js:2
qo @ 9561.4bf2dc71.js:2
kc @ 9561.4bf2dc71.js:2
dc @ 9561.4bf2dc71.js:2
ic @ 9561.4bf2dc71.js:2
Gc @ 9561.4bf2dc71.js:2
(匿名) @ 9561.4bf2dc71.js:2
pc @ 9561.4bf2dc71.js:2
el @ 9561.4bf2dc71.js:2
render @ 9561.4bf2dc71.js:2
(匿名) @ main.2faaeed8.js:1
u @ 9561.4bf2dc71.js:2
(匿名) @ 9561.4bf2dc71.js:2
(匿名) @ 9561.4bf2dc71.js:2
r @ 9561.4bf2dc71.js:2
s @ 9561.4bf2dc71.js:2
Promise.then
r @ 9561.4bf2dc71.js:2
s @ 9561.4bf2dc71.js:2
(匿名) @ 9561.4bf2dc71.js:2
(匿名) @ 9561.4bf2dc71.js:2
(匿名) @ main.2faaeed8.js:1
(匿名) @ main.2faaeed8.js:1
u @ 9561.4bf2dc71.js:2
(匿名) @ 9561.4bf2dc71.js:2
(匿名) @ 9561.4bf2dc71.js:2
r @ 9561.4bf2dc71.js:2
s @ 9561.4bf2dc71.js:2
Promise.then
r @ 9561.4bf2dc71.js:2
s @ 9561.4bf2dc71.js:2
Promise.then
r @ 9561.4bf2dc71.js:2
s @ 9561.4bf2dc71.js:2
(匿名) @ 9561.4bf2dc71.js:2
(匿名) @ 9561.4bf2dc71.js:2
49209 @ main.2faaeed8.js:1
n @ main.2faaeed8.js:1
(匿名) @ main.2faaeed8.js:1
n.O @ main.2faaeed8.js:1
(匿名) @ main.2faaeed8.js:1
(匿名) @ main.2faaeed8.js:1
(匿名) @ main.2faaeed8.js:1
(匿名) @ main.2faaeed8.js:1
23:32:09.119 9561.4bf2dc71.js:2  react-intl-universal key "fe033787" not defined in zh
warningHandler @ 9561.4bf2dc71.js:2
value @ 9561.4bf2dc71.js:2
p @ 9561.4bf2dc71.js:2
value @ 8222.6209a852.chunk.js:1
Le @ 9561.4bf2dc71.js:2
(匿名) @ 9561.4bf2dc71.js:2
pe @ 9561.4bf2dc71.js:2
e.track @ 9561.4bf2dc71.js:2
n @ 9561.4bf2dc71.js:2
Xi @ 9561.4bf2dc71.js:2
$i @ 9561.4bf2dc71.js:2
Cs @ 9561.4bf2dc71.js:2
wc @ 9561.4bf2dc71.js:2
_c @ 9561.4bf2dc71.js:2
dc @ 9561.4bf2dc71.js:2
(匿名) @ 9561.4bf2dc71.js:2
t.unstable_runWithPriority @ 9561.4bf2dc71.js:2
qo @ 9561.4bf2dc71.js:2
Xo @ 9561.4bf2dc71.js:2
$o @ 9561.4bf2dc71.js:2
ic @ 9561.4bf2dc71.js:2
enqueueSetState @ 9561.4bf2dc71.js:2
b.setState @ 9561.4bf2dc71.js:2
(匿名) @ 808.d56623c9.chunk.js:1
u @ 9561.4bf2dc71.js:2
(匿名) @ 9561.4bf2dc71.js:2
(匿名) @ 9561.4bf2dc71.js:2
r @ 9561.4bf2dc71.js:2
s @ 9561.4bf2dc71.js:2
Promise.then
r @ 9561.4bf2dc71.js:2
s @ 9561.4bf2dc71.js:2
Promise.then
r @ 9561.4bf2dc71.js:2
s @ 9561.4bf2dc71.js:2
Promise.then
r @ 9561.4bf2dc71.js:2
s @ 9561.4bf2dc71.js:2
(匿名) @ 9561.4bf2dc71.js:2
(匿名) @ 9561.4bf2dc71.js:2
value @ 808.d56623c9.chunk.js:1
F @ 9561.4bf2dc71.js:2
(匿名) @ 9561.4bf2dc71.js:2
Ec @ 9561.4bf2dc71.js:2
t.unstable_runWithPriority @ 9561.4bf2dc71.js:2
qo @ 9561.4bf2dc71.js:2
kc @ 9561.4bf2dc71.js:2
dc @ 9561.4bf2dc71.js:2
(匿名) @ 9561.4bf2dc71.js:2
t.unstable_runWithPriority @ 9561.4bf2dc71.js:2
qo @ 9561.4bf2dc71.js:2
Xo @ 9561.4bf2dc71.js:2
$o @ 9561.4bf2dc71.js:2
fc @ 9561.4bf2dc71.js:2
We @ 9561.4bf2dc71.js:2
Ue @ 9561.4bf2dc71.js:2
He @ 9561.4bf2dc71.js:2
e.reportChanged @ 9561.4bf2dc71.js:2
t.setNewValue @ 9561.4bf2dc71.js:2
e.write @ 9561.4bf2dc71.js:2
set @ 9561.4bf2dc71.js:2
(匿名) @ main.2faaeed8.js:1
u @ 9561.4bf2dc71.js:2
(匿名) @ 9561.4bf2dc71.js:2
(匿名) @ 9561.4bf2dc71.js:2
r @ 9561.4bf2dc71.js:2
s @ 9561.4bf2dc71.js:2
Promise.then
r @ 9561.4bf2dc71.js:2
s @ 9561.4bf2dc71.js:2
(匿名) @ 9561.4bf2dc71.js:2
(匿名) @ 9561.4bf2dc71.js:2
Ee @ 9561.4bf2dc71.js:2
n @ 9561.4bf2dc71.js:2
(匿名) @ main.2faaeed8.js:1
setTimeout
value @ main.2faaeed8.js:1
Ee @ 9561.4bf2dc71.js:2
n @ 9561.4bf2dc71.js:2
(匿名) @ main.2faaeed8.js:1
u @ 9561.4bf2dc71.js:2
(匿名) @ 9561.4bf2dc71.js:2
(匿名) @ 9561.4bf2dc71.js:2
r @ 9561.4bf2dc71.js:2
s @ 9561.4bf2dc71.js:2
(匿名) @ 9561.4bf2dc71.js:2
(匿名) @ 9561.4bf2dc71.js:2
(匿名) @ main.2faaeed8.js:1
Ee @ 9561.4bf2dc71.js:2
n @ 9561.4bf2dc71.js:2
(匿名) @ main.2faaeed8.js:1
u @ 9561.4bf2dc71.js:2
(匿名) @ 9561.4bf2dc71.js:2
(匿名) @ 9561.4bf2dc71.js:2
r @ 9561.4bf2dc71.js:2
s @ 9561.4bf2dc71.js:2
Promise.then
r @ 9561.4bf2dc71.js:2
s @ 9561.4bf2dc71.js:2
Promise.then
r @ 9561.4bf2dc71.js:2
s @ 9561.4bf2dc71.js:2
Promise.then
r @ 9561.4bf2dc71.js:2
s @ 9561.4bf2dc71.js:2
(匿名) @ 9561.4bf2dc71.js:2
(匿名) @ 9561.4bf2dc71.js:2
value @ main.2faaeed8.js:1
F @ 9561.4bf2dc71.js:2
(匿名) @ 9561.4bf2dc71.js:2
Ec @ 9561.4bf2dc71.js:2
t.unstable_runWithPriority @ 9561.4bf2dc71.js:2
qo @ 9561.4bf2dc71.js:2
kc @ 9561.4bf2dc71.js:2
dc @ 9561.4bf2dc71.js:2
ic @ 9561.4bf2dc71.js:2
Gc @ 9561.4bf2dc71.js:2
(匿名) @ 9561.4bf2dc71.js:2
pc @ 9561.4bf2dc71.js:2
el @ 9561.4bf2dc71.js:2
render @ 9561.4bf2dc71.js:2
(匿名) @ main.2faaeed8.js:1
u @ 9561.4bf2dc71.js:2
(匿名) @ 9561.4bf2dc71.js:2
(匿名) @ 9561.4bf2dc71.js:2
r @ 9561.4bf2dc71.js:2
s @ 9561.4bf2dc71.js:2
Promise.then
r @ 9561.4bf2dc71.js:2
s @ 9561.4bf2dc71.js:2
(匿名) @ 9561.4bf2dc71.js:2
(匿名) @ 9561.4bf2dc71.js:2
(匿名) @ main.2faaeed8.js:1
(匿名) @ main.2faaeed8.js:1
u @ 9561.4bf2dc71.js:2
(匿名) @ 9561.4bf2dc71.js:2
(匿名) @ 9561.4bf2dc71.js:2
r @ 9561.4bf2dc71.js:2
s @ 9561.4bf2dc71.js:2
Promise.then
r @ 9561.4bf2dc71.js:2
s @ 9561.4bf2dc71.js:2
Promise.then
r @ 9561.4bf2dc71.js:2
s @ 9561.4bf2dc71.js:2
(匿名) @ 9561.4bf2dc71.js:2
(匿名) @ 9561.4bf2dc71.js:2
49209 @ main.2faaeed8.js:1
n @ main.2faaeed8.js:1
(匿名) @ main.2faaeed8.js:1
n.O @ main.2faaeed8.js:1
(匿名) @ main.2faaeed8.js:1
(匿名) @ main.2faaeed8.js:1
(匿名) @ main.2faaeed8.js:1
(匿名) @ main.2faaeed8.js:1
23:32:09.120 9561.4bf2dc71.js:2  react-intl-universal key "40e20dd4" not defined in zh
warningHandler @ 9561.4bf2dc71.js:2
value @ 9561.4bf2dc71.js:2
p @ 9561.4bf2dc71.js:2
value @ 8222.6209a852.chunk.js:1
Le @ 9561.4bf2dc71.js:2
(匿名) @ 9561.4bf2dc71.js:2
pe @ 9561.4bf2dc71.js:2
e.track @ 9561.4bf2dc71.js:2
n @ 9561.4bf2dc71.js:2
Xi @ 9561.4bf2dc71.js:2
$i @ 9561.4bf2dc71.js:2
Cs @ 9561.4bf2dc71.js:2
wc @ 9561.4bf2dc71.js:2
_c @ 9561.4bf2dc71.js:2
dc @ 9561.4bf2dc71.js:2
(匿名) @ 9561.4bf2dc71.js:2
t.unstable_runWithPriority @ 9561.4bf2dc71.js:2
qo @ 9561.4bf2dc71.js:2
Xo @ 9561.4bf2dc71.js:2
$o @ 9561.4bf2dc71.js:2
ic @ 9561.4bf2dc71.js:2
enqueueSetState @ 9561.4bf2dc71.js:2
b.setState @ 9561.4bf2dc71.js:2
(匿名) @ 808.d56623c9.chunk.js:1
u @ 9561.4bf2dc71.js:2
(匿名) @ 9561.4bf2dc71.js:2
(匿名) @ 9561.4bf2dc71.js:2
r @ 9561.4bf2dc71.js:2
s @ 9561.4bf2dc71.js:2
Promise.then
r @ 9561.4bf2dc71.js:2
s @ 9561.4bf2dc71.js:2
Promise.then
r @ 9561.4bf2dc71.js:2
s @ 9561.4bf2dc71.js:2
Promise.then
r @ 9561.4bf2dc71.js:2
s @ 9561.4bf2dc71.js:2
(匿名) @ 9561.4bf2dc71.js:2
(匿名) @ 9561.4bf2dc71.js:2
value @ 808.d56623c9.chunk.js:1
F @ 9561.4bf2dc71.js:2
(匿名) @ 9561.4bf2dc71.js:2
Ec @ 9561.4bf2dc71.js:2
t.unstable_runWithPriority @ 9561.4bf2dc71.js:2
qo @ 9561.4bf2dc71.js:2
kc @ 9561.4bf2dc71.js:2
dc @ 9561.4bf2dc71.js:2
(匿名) @ 9561.4bf2dc71.js:2
t.unstable_runWithPriority @ 9561.4bf2dc71.js:2
qo @ 9561.4bf2dc71.js:2
Xo @ 9561.4bf2dc71.js:2
$o @ 9561.4bf2dc71.js:2
fc @ 9561.4bf2dc71.js:2
We @ 9561.4bf2dc71.js:2
Ue @ 9561.4bf2dc71.js:2
He @ 9561.4bf2dc71.js:2
e.reportChanged @ 9561.4bf2dc71.js:2
t.setNewValue @ 9561.4bf2dc71.js:2
e.write @ 9561.4bf2dc71.js:2
set @ 9561.4bf2dc71.js:2
(匿名) @ main.2faaeed8.js:1
u @ 9561.4bf2dc71.js:2
(匿名) @ 9561.4bf2dc71.js:2
(匿名) @ 9561.4bf2dc71.js:2
r @ 9561.4bf2dc71.js:2
s @ 9561.4bf2dc71.js:2
Promise.then
r @ 9561.4bf2dc71.js:2
s @ 9561.4bf2dc71.js:2
(匿名) @ 9561.4bf2dc71.js:2
(匿名) @ 9561.4bf2dc71.js:2
Ee @ 9561.4bf2dc71.js:2
n @ 9561.4bf2dc71.js:2
(匿名) @ main.2faaeed8.js:1
setTimeout
value @ main.2faaeed8.js:1
Ee @ 9561.4bf2dc71.js:2
n @ 9561.4bf2dc71.js:2
(匿名) @ main.2faaeed8.js:1
u @ 9561.4bf2dc71.js:2
(匿名) @ 9561.4bf2dc71.js:2
(匿名) @ 9561.4bf2dc71.js:2
r @ 9561.4bf2dc71.js:2
s @ 9561.4bf2dc71.js:2
(匿名) @ 9561.4bf2dc71.js:2
(匿名) @ 9561.4bf2dc71.js:2
(匿名) @ main.2faaeed8.js:1
Ee @ 9561.4bf2dc71.js:2
n @ 9561.4bf2dc71.js:2
(匿名) @ main.2faaeed8.js:1
u @ 9561.4bf2dc71.js:2
(匿名) @ 9561.4bf2dc71.js:2
(匿名) @ 9561.4bf2dc71.js:2
r @ 9561.4bf2dc71.js:2
s @ 9561.4bf2dc71.js:2
Promise.then
r @ 9561.4bf2dc71.js:2
s @ 9561.4bf2dc71.js:2
Promise.then
r @ 9561.4bf2dc71.js:2
s @ 9561.4bf2dc71.js:2
Promise.then
r @ 9561.4bf2dc71.js:2
s @ 9561.4bf2dc71.js:2
(匿名) @ 9561.4bf2dc71.js:2
(匿名) @ 9561.4bf2dc71.js:2
value @ main.2faaeed8.js:1
F @ 9561.4bf2dc71.js:2
(匿名) @ 9561.4bf2dc71.js:2
Ec @ 9561.4bf2dc71.js:2
t.unstable_runWithPriority @ 9561.4bf2dc71.js:2
qo @ 9561.4bf2dc71.js:2
kc @ 9561.4bf2dc71.js:2
dc @ 9561.4bf2dc71.js:2
ic @ 9561.4bf2dc71.js:2
Gc @ 9561.4bf2dc71.js:2
(匿名) @ 9561.4bf2dc71.js:2
pc @ 9561.4bf2dc71.js:2
el @ 9561.4bf2dc71.js:2
render @ 9561.4bf2dc71.js:2
(匿名) @ main.2faaeed8.js:1
u @ 9561.4bf2dc71.js:2
(匿名) @ 9561.4bf2dc71.js:2
(匿名) @ 9561.4bf2dc71.js:2
r @ 9561.4bf2dc71.js:2
s @ 9561.4bf2dc71.js:2
Promise.then
r @ 9561.4bf2dc71.js:2
s @ 9561.4bf2dc71.js:2
(匿名) @ 9561.4bf2dc71.js:2
(匿名) @ 9561.4bf2dc71.js:2
(匿名) @ main.2faaeed8.js:1
(匿名) @ main.2faaeed8.js:1
u @ 9561.4bf2dc71.js:2
(匿名) @ 9561.4bf2dc71.js:2
(匿名) @ 9561.4bf2dc71.js:2
r @ 9561.4bf2dc71.js:2
s @ 9561.4bf2dc71.js:2
Promise.then
r @ 9561.4bf2dc71.js:2
s @ 9561.4bf2dc71.js:2
Promise.then
r @ 9561.4bf2dc71.js:2
s @ 9561.4bf2dc71.js:2
(匿名) @ 9561.4bf2dc71.js:2
(匿名) @ 9561.4bf2dc71.js:2
49209 @ main.2faaeed8.js:1
n @ main.2faaeed8.js:1
(匿名) @ main.2faaeed8.js:1
n.O @ main.2faaeed8.js:1
(匿名) @ main.2faaeed8.js:1
(匿名) @ main.2faaeed8.js:1
(匿名) @ main.2faaeed8.js:1
(匿名) @ main.2faaeed8.js:1
23:32:09.122 log.ts:179 [debug 23:32:9 ] 拦截到HTTP请求: /learn/app/clientapi/course/commenthead.do?os=99&sid=5A670D84669445FC9794E23620100D76
23:32:09.122 log.ts:179 [debug 23:32:9 ] 拦截到HTTP请求: /learn/app/clientapi/course/comment.do?os=99&sid=5A670D84669445FC9794E23620100D76
23:32:09.123 log.ts:179 [debug 23:32:9 ] 拦截到HTTP请求: /learn/app/clientapi/course/play/queryStatus.do?courseWareId=AC44D49E8C3041EA9D9676E50025E380&courseId=N006221&bizType=0&bizId=&sid=5A670D84669445FC9794E23620100D76&os=99
23:32:09.123 log.ts:179 [debug 23:32:9 ] 拦截到HTTP请求: /learn/app/clientapi/course/uploadCourseLearnStatus.do?os=99&sid=5A670D84669445FC9794E23620100D76
23:32:09.124 log.ts:179 [debug 23:32:9 ] 拦截到HTTP请求: /learn/app/getGlobalTimestamp.do?os=99&sid=5A670D84669445FC9794E23620100D76
23:32:09.124 log.ts:179 [debug 23:32:9 ] 拦截到HTTP请求: /learn/app/clientapi/misc/queryVasOperation2NativeList.do?os=99&sid=5A670D84669445FC9794E23620100D76
23:32:09.349 9561.4bf2dc71.js:2  react-intl-universal key "b698998e" not defined in zh
warningHandler @ 9561.4bf2dc71.js:2
value @ 9561.4bf2dc71.js:2
p @ 9561.4bf2dc71.js:2
value @ 8222.6209a852.chunk.js:1
Le @ 9561.4bf2dc71.js:2
(匿名) @ 9561.4bf2dc71.js:2
pe @ 9561.4bf2dc71.js:2
e.track @ 9561.4bf2dc71.js:2
n @ 9561.4bf2dc71.js:2
Xi @ 9561.4bf2dc71.js:2
$i @ 9561.4bf2dc71.js:2
Cs @ 9561.4bf2dc71.js:2
wc @ 9561.4bf2dc71.js:2
_c @ 9561.4bf2dc71.js:2
dc @ 9561.4bf2dc71.js:2
(匿名) @ 9561.4bf2dc71.js:2
t.unstable_runWithPriority @ 9561.4bf2dc71.js:2
qo @ 9561.4bf2dc71.js:2
Xo @ 9561.4bf2dc71.js:2
$o @ 9561.4bf2dc71.js:2
ic @ 9561.4bf2dc71.js:2
enqueueSetState @ 9561.4bf2dc71.js:2
b.setState @ 9561.4bf2dc71.js:2
(匿名) @ 8222.6209a852.chunk.js:1
u @ 9561.4bf2dc71.js:2
(匿名) @ 9561.4bf2dc71.js:2
(匿名) @ 9561.4bf2dc71.js:2
r @ 9561.4bf2dc71.js:2
s @ 9561.4bf2dc71.js:2
Promise.then
r @ 9561.4bf2dc71.js:2
s @ 9561.4bf2dc71.js:2
(匿名) @ 9561.4bf2dc71.js:2
(匿名) @ 9561.4bf2dc71.js:2
e.initCourse @ 8222.6209a852.chunk.js:1
(匿名) @ 8222.6209a852.chunk.js:1
ka @ 9561.4bf2dc71.js:2
xa @ 9561.4bf2dc71.js:2
Ec @ 9561.4bf2dc71.js:2
t.unstable_runWithPriority @ 9561.4bf2dc71.js:2
qo @ 9561.4bf2dc71.js:2
kc @ 9561.4bf2dc71.js:2
dc @ 9561.4bf2dc71.js:2
(匿名) @ 9561.4bf2dc71.js:2
t.unstable_runWithPriority @ 9561.4bf2dc71.js:2
qo @ 9561.4bf2dc71.js:2
Xo @ 9561.4bf2dc71.js:2
$o @ 9561.4bf2dc71.js:2
ic @ 9561.4bf2dc71.js:2
enqueueSetState @ 9561.4bf2dc71.js:2
b.setState @ 9561.4bf2dc71.js:2
(匿名) @ 808.d56623c9.chunk.js:1
u @ 9561.4bf2dc71.js:2
(匿名) @ 9561.4bf2dc71.js:2
(匿名) @ 9561.4bf2dc71.js:2
r @ 9561.4bf2dc71.js:2
s @ 9561.4bf2dc71.js:2
Promise.then
r @ 9561.4bf2dc71.js:2
s @ 9561.4bf2dc71.js:2
Promise.then
r @ 9561.4bf2dc71.js:2
s @ 9561.4bf2dc71.js:2
Promise.then
r @ 9561.4bf2dc71.js:2
s @ 9561.4bf2dc71.js:2
(匿名) @ 9561.4bf2dc71.js:2
(匿名) @ 9561.4bf2dc71.js:2
value @ 808.d56623c9.chunk.js:1
F @ 9561.4bf2dc71.js:2
(匿名) @ 9561.4bf2dc71.js:2
Ec @ 9561.4bf2dc71.js:2
t.unstable_runWithPriority @ 9561.4bf2dc71.js:2
qo @ 9561.4bf2dc71.js:2
kc @ 9561.4bf2dc71.js:2
dc @ 9561.4bf2dc71.js:2
(匿名) @ 9561.4bf2dc71.js:2
t.unstable_runWithPriority @ 9561.4bf2dc71.js:2
qo @ 9561.4bf2dc71.js:2
Xo @ 9561.4bf2dc71.js:2
$o @ 9561.4bf2dc71.js:2
fc @ 9561.4bf2dc71.js:2
We @ 9561.4bf2dc71.js:2
Ue @ 9561.4bf2dc71.js:2
He @ 9561.4bf2dc71.js:2
e.reportChanged @ 9561.4bf2dc71.js:2
t.setNewValue @ 9561.4bf2dc71.js:2
e.write @ 9561.4bf2dc71.js:2
set @ 9561.4bf2dc71.js:2
(匿名) @ main.2faaeed8.js:1
u @ 9561.4bf2dc71.js:2
(匿名) @ 9561.4bf2dc71.js:2
(匿名) @ 9561.4bf2dc71.js:2
r @ 9561.4bf2dc71.js:2
s @ 9561.4bf2dc71.js:2
Promise.then
r @ 9561.4bf2dc71.js:2
s @ 9561.4bf2dc71.js:2
(匿名) @ 9561.4bf2dc71.js:2
(匿名) @ 9561.4bf2dc71.js:2
Ee @ 9561.4bf2dc71.js:2
n @ 9561.4bf2dc71.js:2
(匿名) @ main.2faaeed8.js:1
setTimeout
value @ main.2faaeed8.js:1
Ee @ 9561.4bf2dc71.js:2
n @ 9561.4bf2dc71.js:2
(匿名) @ main.2faaeed8.js:1
u @ 9561.4bf2dc71.js:2
(匿名) @ 9561.4bf2dc71.js:2
(匿名) @ 9561.4bf2dc71.js:2
r @ 9561.4bf2dc71.js:2
s @ 9561.4bf2dc71.js:2
(匿名) @ 9561.4bf2dc71.js:2
(匿名) @ 9561.4bf2dc71.js:2
(匿名) @ main.2faaeed8.js:1
Ee @ 9561.4bf2dc71.js:2
n @ 9561.4bf2dc71.js:2
(匿名) @ main.2faaeed8.js:1
u @ 9561.4bf2dc71.js:2
(匿名) @ 9561.4bf2dc71.js:2
(匿名) @ 9561.4bf2dc71.js:2
r @ 9561.4bf2dc71.js:2
s @ 9561.4bf2dc71.js:2
Promise.then
r @ 9561.4bf2dc71.js:2
s @ 9561.4bf2dc71.js:2
Promise.then
r @ 9561.4bf2dc71.js:2
s @ 9561.4bf2dc71.js:2
Promise.then
r @ 9561.4bf2dc71.js:2
s @ 9561.4bf2dc71.js:2
(匿名) @ 9561.4bf2dc71.js:2
(匿名) @ 9561.4bf2dc71.js:2
value @ main.2faaeed8.js:1
F @ 9561.4bf2dc71.js:2
(匿名) @ 9561.4bf2dc71.js:2
Ec @ 9561.4bf2dc71.js:2
t.unstable_runWithPriority @ 9561.4bf2dc71.js:2
qo @ 9561.4bf2dc71.js:2
kc @ 9561.4bf2dc71.js:2
dc @ 9561.4bf2dc71.js:2
ic @ 9561.4bf2dc71.js:2
Gc @ 9561.4bf2dc71.js:2
(匿名) @ 9561.4bf2dc71.js:2
pc @ 9561.4bf2dc71.js:2
el @ 9561.4bf2dc71.js:2
render @ 9561.4bf2dc71.js:2
(匿名) @ main.2faaeed8.js:1
u @ 9561.4bf2dc71.js:2
(匿名) @ 9561.4bf2dc71.js:2
(匿名) @ 9561.4bf2dc71.js:2
r @ 9561.4bf2dc71.js:2
s @ 9561.4bf2dc71.js:2
Promise.then
r @ 9561.4bf2dc71.js:2
s @ 9561.4bf2dc71.js:2
(匿名) @ 9561.4bf2dc71.js:2
(匿名) @ 9561.4bf2dc71.js:2
(匿名) @ main.2faaeed8.js:1
(匿名) @ main.2faaeed8.js:1
u @ 9561.4bf2dc71.js:2
(匿名) @ 9561.4bf2dc71.js:2
(匿名) @ 9561.4bf2dc71.js:2
r @ 9561.4bf2dc71.js:2
s @ 9561.4bf2dc71.js:2
Promise.then
r @ 9561.4bf2dc71.js:2
s @ 9561.4bf2dc71.js:2
Promise.then
r @ 9561.4bf2dc71.js:2
s @ 9561.4bf2dc71.js:2
(匿名) @ 9561.4bf2dc71.js:2
(匿名) @ 9561.4bf2dc71.js:2
49209 @ main.2faaeed8.js:1
n @ main.2faaeed8.js:1
(匿名) @ main.2faaeed8.js:1
n.O @ main.2faaeed8.js:1
(匿名) @ main.2faaeed8.js:1
(匿名) @ main.2faaeed8.js:1
(匿名) @ main.2faaeed8.js:1
(匿名) @ main.2faaeed8.js:1
23:32:09.350 9561.4bf2dc71.js:2  react-intl-universal key "7c1b3891" not defined in zh
warningHandler @ 9561.4bf2dc71.js:2
value @ 9561.4bf2dc71.js:2
p @ 9561.4bf2dc71.js:2
value @ 8222.6209a852.chunk.js:1
Le @ 9561.4bf2dc71.js:2
(匿名) @ 9561.4bf2dc71.js:2
pe @ 9561.4bf2dc71.js:2
e.track @ 9561.4bf2dc71.js:2
n @ 9561.4bf2dc71.js:2
Xi @ 9561.4bf2dc71.js:2
$i @ 9561.4bf2dc71.js:2
Cs @ 9561.4bf2dc71.js:2
wc @ 9561.4bf2dc71.js:2
_c @ 9561.4bf2dc71.js:2
dc @ 9561.4bf2dc71.js:2
(匿名) @ 9561.4bf2dc71.js:2
t.unstable_runWithPriority @ 9561.4bf2dc71.js:2
qo @ 9561.4bf2dc71.js:2
Xo @ 9561.4bf2dc71.js:2
$o @ 9561.4bf2dc71.js:2
ic @ 9561.4bf2dc71.js:2
enqueueSetState @ 9561.4bf2dc71.js:2
b.setState @ 9561.4bf2dc71.js:2
(匿名) @ 8222.6209a852.chunk.js:1
u @ 9561.4bf2dc71.js:2
(匿名) @ 9561.4bf2dc71.js:2
(匿名) @ 9561.4bf2dc71.js:2
r @ 9561.4bf2dc71.js:2
s @ 9561.4bf2dc71.js:2
Promise.then
r @ 9561.4bf2dc71.js:2
s @ 9561.4bf2dc71.js:2
(匿名) @ 9561.4bf2dc71.js:2
(匿名) @ 9561.4bf2dc71.js:2
e.initCourse @ 8222.6209a852.chunk.js:1
(匿名) @ 8222.6209a852.chunk.js:1
ka @ 9561.4bf2dc71.js:2
xa @ 9561.4bf2dc71.js:2
Ec @ 9561.4bf2dc71.js:2
t.unstable_runWithPriority @ 9561.4bf2dc71.js:2
qo @ 9561.4bf2dc71.js:2
kc @ 9561.4bf2dc71.js:2
dc @ 9561.4bf2dc71.js:2
(匿名) @ 9561.4bf2dc71.js:2
t.unstable_runWithPriority @ 9561.4bf2dc71.js:2
qo @ 9561.4bf2dc71.js:2
Xo @ 9561.4bf2dc71.js:2
$o @ 9561.4bf2dc71.js:2
ic @ 9561.4bf2dc71.js:2
enqueueSetState @ 9561.4bf2dc71.js:2
b.setState @ 9561.4bf2dc71.js:2
(匿名) @ 808.d56623c9.chunk.js:1
u @ 9561.4bf2dc71.js:2
(匿名) @ 9561.4bf2dc71.js:2
(匿名) @ 9561.4bf2dc71.js:2
r @ 9561.4bf2dc71.js:2
s @ 9561.4bf2dc71.js:2
Promise.then
r @ 9561.4bf2dc71.js:2
s @ 9561.4bf2dc71.js:2
Promise.then
r @ 9561.4bf2dc71.js:2
s @ 9561.4bf2dc71.js:2
Promise.then
r @ 9561.4bf2dc71.js:2
s @ 9561.4bf2dc71.js:2
(匿名) @ 9561.4bf2dc71.js:2
(匿名) @ 9561.4bf2dc71.js:2
value @ 808.d56623c9.chunk.js:1
F @ 9561.4bf2dc71.js:2
(匿名) @ 9561.4bf2dc71.js:2
Ec @ 9561.4bf2dc71.js:2
t.unstable_runWithPriority @ 9561.4bf2dc71.js:2
qo @ 9561.4bf2dc71.js:2
kc @ 9561.4bf2dc71.js:2
dc @ 9561.4bf2dc71.js:2
(匿名) @ 9561.4bf2dc71.js:2
t.unstable_runWithPriority @ 9561.4bf2dc71.js:2
qo @ 9561.4bf2dc71.js:2
Xo @ 9561.4bf2dc71.js:2
$o @ 9561.4bf2dc71.js:2
fc @ 9561.4bf2dc71.js:2
We @ 9561.4bf2dc71.js:2
Ue @ 9561.4bf2dc71.js:2
He @ 9561.4bf2dc71.js:2
e.reportChanged @ 9561.4bf2dc71.js:2
t.setNewValue @ 9561.4bf2dc71.js:2
e.write @ 9561.4bf2dc71.js:2
set @ 9561.4bf2dc71.js:2
(匿名) @ main.2faaeed8.js:1
u @ 9561.4bf2dc71.js:2
(匿名) @ 9561.4bf2dc71.js:2
(匿名) @ 9561.4bf2dc71.js:2
r @ 9561.4bf2dc71.js:2
s @ 9561.4bf2dc71.js:2
Promise.then
r @ 9561.4bf2dc71.js:2
s @ 9561.4bf2dc71.js:2
(匿名) @ 9561.4bf2dc71.js:2
(匿名) @ 9561.4bf2dc71.js:2
Ee @ 9561.4bf2dc71.js:2
n @ 9561.4bf2dc71.js:2
(匿名) @ main.2faaeed8.js:1
setTimeout
value @ main.2faaeed8.js:1
Ee @ 9561.4bf2dc71.js:2
n @ 9561.4bf2dc71.js:2
(匿名) @ main.2faaeed8.js:1
u @ 9561.4bf2dc71.js:2
(匿名) @ 9561.4bf2dc71.js:2
(匿名) @ 9561.4bf2dc71.js:2
r @ 9561.4bf2dc71.js:2
s @ 9561.4bf2dc71.js:2
(匿名) @ 9561.4bf2dc71.js:2
(匿名) @ 9561.4bf2dc71.js:2
(匿名) @ main.2faaeed8.js:1
Ee @ 9561.4bf2dc71.js:2
n @ 9561.4bf2dc71.js:2
(匿名) @ main.2faaeed8.js:1
u @ 9561.4bf2dc71.js:2
(匿名) @ 9561.4bf2dc71.js:2
(匿名) @ 9561.4bf2dc71.js:2
r @ 9561.4bf2dc71.js:2
s @ 9561.4bf2dc71.js:2
Promise.then
r @ 9561.4bf2dc71.js:2
s @ 9561.4bf2dc71.js:2
Promise.then
r @ 9561.4bf2dc71.js:2
s @ 9561.4bf2dc71.js:2
Promise.then
r @ 9561.4bf2dc71.js:2
s @ 9561.4bf2dc71.js:2
(匿名) @ 9561.4bf2dc71.js:2
(匿名) @ 9561.4bf2dc71.js:2
value @ main.2faaeed8.js:1
F @ 9561.4bf2dc71.js:2
(匿名) @ 9561.4bf2dc71.js:2
Ec @ 9561.4bf2dc71.js:2
t.unstable_runWithPriority @ 9561.4bf2dc71.js:2
qo @ 9561.4bf2dc71.js:2
kc @ 9561.4bf2dc71.js:2
dc @ 9561.4bf2dc71.js:2
ic @ 9561.4bf2dc71.js:2
Gc @ 9561.4bf2dc71.js:2
(匿名) @ 9561.4bf2dc71.js:2
pc @ 9561.4bf2dc71.js:2
el @ 9561.4bf2dc71.js:2
render @ 9561.4bf2dc71.js:2
(匿名) @ main.2faaeed8.js:1
u @ 9561.4bf2dc71.js:2
(匿名) @ 9561.4bf2dc71.js:2
(匿名) @ 9561.4bf2dc71.js:2
r @ 9561.4bf2dc71.js:2
s @ 9561.4bf2dc71.js:2
Promise.then
r @ 9561.4bf2dc71.js:2
s @ 9561.4bf2dc71.js:2
(匿名) @ 9561.4bf2dc71.js:2
(匿名) @ 9561.4bf2dc71.js:2
(匿名) @ main.2faaeed8.js:1
(匿名) @ main.2faaeed8.js:1
u @ 9561.4bf2dc71.js:2
(匿名) @ 9561.4bf2dc71.js:2
(匿名) @ 9561.4bf2dc71.js:2
r @ 9561.4bf2dc71.js:2
s @ 9561.4bf2dc71.js:2
Promise.then
r @ 9561.4bf2dc71.js:2
s @ 9561.4bf2dc71.js:2
Promise.then
r @ 9561.4bf2dc71.js:2
s @ 9561.4bf2dc71.js:2
(匿名) @ 9561.4bf2dc71.js:2
(匿名) @ 9561.4bf2dc71.js:2
49209 @ main.2faaeed8.js:1
n @ main.2faaeed8.js:1
(匿名) @ main.2faaeed8.js:1
n.O @ main.2faaeed8.js:1
(匿名) @ main.2faaeed8.js:1
(匿名) @ main.2faaeed8.js:1
(匿名) @ main.2faaeed8.js:1
(匿名) @ main.2faaeed8.js:1
23:32:09.350 9561.4bf2dc71.js:2  react-intl-universal key "625fb26b" not defined in zh
warningHandler @ 9561.4bf2dc71.js:2
value @ 9561.4bf2dc71.js:2
p @ 9561.4bf2dc71.js:2
value @ 8222.6209a852.chunk.js:1
Le @ 9561.4bf2dc71.js:2
(匿名) @ 9561.4bf2dc71.js:2
pe @ 9561.4bf2dc71.js:2
e.track @ 9561.4bf2dc71.js:2
n @ 9561.4bf2dc71.js:2
Xi @ 9561.4bf2dc71.js:2
$i @ 9561.4bf2dc71.js:2
Cs @ 9561.4bf2dc71.js:2
wc @ 9561.4bf2dc71.js:2
_c @ 9561.4bf2dc71.js:2
dc @ 9561.4bf2dc71.js:2
(匿名) @ 9561.4bf2dc71.js:2
t.unstable_runWithPriority @ 9561.4bf2dc71.js:2
qo @ 9561.4bf2dc71.js:2
Xo @ 9561.4bf2dc71.js:2
$o @ 9561.4bf2dc71.js:2
ic @ 9561.4bf2dc71.js:2
enqueueSetState @ 9561.4bf2dc71.js:2
b.setState @ 9561.4bf2dc71.js:2
(匿名) @ 8222.6209a852.chunk.js:1
u @ 9561.4bf2dc71.js:2
(匿名) @ 9561.4bf2dc71.js:2
(匿名) @ 9561.4bf2dc71.js:2
r @ 9561.4bf2dc71.js:2
s @ 9561.4bf2dc71.js:2
Promise.then
r @ 9561.4bf2dc71.js:2
s @ 9561.4bf2dc71.js:2
(匿名) @ 9561.4bf2dc71.js:2
(匿名) @ 9561.4bf2dc71.js:2
e.initCourse @ 8222.6209a852.chunk.js:1
(匿名) @ 8222.6209a852.chunk.js:1
ka @ 9561.4bf2dc71.js:2
xa @ 9561.4bf2dc71.js:2
Ec @ 9561.4bf2dc71.js:2
t.unstable_runWithPriority @ 9561.4bf2dc71.js:2
qo @ 9561.4bf2dc71.js:2
kc @ 9561.4bf2dc71.js:2
dc @ 9561.4bf2dc71.js:2
(匿名) @ 9561.4bf2dc71.js:2
t.unstable_runWithPriority @ 9561.4bf2dc71.js:2
qo @ 9561.4bf2dc71.js:2
Xo @ 9561.4bf2dc71.js:2
$o @ 9561.4bf2dc71.js:2
ic @ 9561.4bf2dc71.js:2
enqueueSetState @ 9561.4bf2dc71.js:2
b.setState @ 9561.4bf2dc71.js:2
(匿名) @ 808.d56623c9.chunk.js:1
u @ 9561.4bf2dc71.js:2
(匿名) @ 9561.4bf2dc71.js:2
(匿名) @ 9561.4bf2dc71.js:2
r @ 9561.4bf2dc71.js:2
s @ 9561.4bf2dc71.js:2
Promise.then
r @ 9561.4bf2dc71.js:2
s @ 9561.4bf2dc71.js:2
Promise.then
r @ 9561.4bf2dc71.js:2
s @ 9561.4bf2dc71.js:2
Promise.then
r @ 9561.4bf2dc71.js:2
s @ 9561.4bf2dc71.js:2
(匿名) @ 9561.4bf2dc71.js:2
(匿名) @ 9561.4bf2dc71.js:2
value @ 808.d56623c9.chunk.js:1
F @ 9561.4bf2dc71.js:2
(匿名) @ 9561.4bf2dc71.js:2
Ec @ 9561.4bf2dc71.js:2
t.unstable_runWithPriority @ 9561.4bf2dc71.js:2
qo @ 9561.4bf2dc71.js:2
kc @ 9561.4bf2dc71.js:2
dc @ 9561.4bf2dc71.js:2
(匿名) @ 9561.4bf2dc71.js:2
t.unstable_runWithPriority @ 9561.4bf2dc71.js:2
qo @ 9561.4bf2dc71.js:2
Xo @ 9561.4bf2dc71.js:2
$o @ 9561.4bf2dc71.js:2
fc @ 9561.4bf2dc71.js:2
We @ 9561.4bf2dc71.js:2
Ue @ 9561.4bf2dc71.js:2
He @ 9561.4bf2dc71.js:2
e.reportChanged @ 9561.4bf2dc71.js:2
t.setNewValue @ 9561.4bf2dc71.js:2
e.write @ 9561.4bf2dc71.js:2
set @ 9561.4bf2dc71.js:2
(匿名) @ main.2faaeed8.js:1
u @ 9561.4bf2dc71.js:2
(匿名) @ 9561.4bf2dc71.js:2
(匿名) @ 9561.4bf2dc71.js:2
r @ 9561.4bf2dc71.js:2
s @ 9561.4bf2dc71.js:2
Promise.then
r @ 9561.4bf2dc71.js:2
s @ 9561.4bf2dc71.js:2
(匿名) @ 9561.4bf2dc71.js:2
(匿名) @ 9561.4bf2dc71.js:2
Ee @ 9561.4bf2dc71.js:2
n @ 9561.4bf2dc71.js:2
(匿名) @ main.2faaeed8.js:1
setTimeout
value @ main.2faaeed8.js:1
Ee @ 9561.4bf2dc71.js:2
n @ 9561.4bf2dc71.js:2
(匿名) @ main.2faaeed8.js:1
u @ 9561.4bf2dc71.js:2
(匿名) @ 9561.4bf2dc71.js:2
(匿名) @ 9561.4bf2dc71.js:2
r @ 9561.4bf2dc71.js:2
s @ 9561.4bf2dc71.js:2
(匿名) @ 9561.4bf2dc71.js:2
(匿名) @ 9561.4bf2dc71.js:2
(匿名) @ main.2faaeed8.js:1
Ee @ 9561.4bf2dc71.js:2
n @ 9561.4bf2dc71.js:2
(匿名) @ main.2faaeed8.js:1
u @ 9561.4bf2dc71.js:2
(匿名) @ 9561.4bf2dc71.js:2
(匿名) @ 9561.4bf2dc71.js:2
r @ 9561.4bf2dc71.js:2
s @ 9561.4bf2dc71.js:2
Promise.then
r @ 9561.4bf2dc71.js:2
s @ 9561.4bf2dc71.js:2
Promise.then
r @ 9561.4bf2dc71.js:2
s @ 9561.4bf2dc71.js:2
Promise.then
r @ 9561.4bf2dc71.js:2
s @ 9561.4bf2dc71.js:2
(匿名) @ 9561.4bf2dc71.js:2
(匿名) @ 9561.4bf2dc71.js:2
value @ main.2faaeed8.js:1
F @ 9561.4bf2dc71.js:2
(匿名) @ 9561.4bf2dc71.js:2
Ec @ 9561.4bf2dc71.js:2
t.unstable_runWithPriority @ 9561.4bf2dc71.js:2
qo @ 9561.4bf2dc71.js:2
kc @ 9561.4bf2dc71.js:2
dc @ 9561.4bf2dc71.js:2
ic @ 9561.4bf2dc71.js:2
Gc @ 9561.4bf2dc71.js:2
(匿名) @ 9561.4bf2dc71.js:2
pc @ 9561.4bf2dc71.js:2
el @ 9561.4bf2dc71.js:2
render @ 9561.4bf2dc71.js:2
(匿名) @ main.2faaeed8.js:1
u @ 9561.4bf2dc71.js:2
(匿名) @ 9561.4bf2dc71.js:2
(匿名) @ 9561.4bf2dc71.js:2
r @ 9561.4bf2dc71.js:2
s @ 9561.4bf2dc71.js:2
Promise.then
r @ 9561.4bf2dc71.js:2
s @ 9561.4bf2dc71.js:2
(匿名) @ 9561.4bf2dc71.js:2
(匿名) @ 9561.4bf2dc71.js:2
(匿名) @ main.2faaeed8.js:1
(匿名) @ main.2faaeed8.js:1
u @ 9561.4bf2dc71.js:2
(匿名) @ 9561.4bf2dc71.js:2
(匿名) @ 9561.4bf2dc71.js:2
r @ 9561.4bf2dc71.js:2
s @ 9561.4bf2dc71.js:2
Promise.then
r @ 9561.4bf2dc71.js:2
s @ 9561.4bf2dc71.js:2
Promise.then
r @ 9561.4bf2dc71.js:2
s @ 9561.4bf2dc71.js:2
(匿名) @ 9561.4bf2dc71.js:2
(匿名) @ 9561.4bf2dc71.js:2
49209 @ main.2faaeed8.js:1
n @ main.2faaeed8.js:1
(匿名) @ main.2faaeed8.js:1
n.O @ main.2faaeed8.js:1
(匿名) @ main.2faaeed8.js:1
(匿名) @ main.2faaeed8.js:1
(匿名) @ main.2faaeed8.js:1
(匿名) @ main.2faaeed8.js:1
23:32:09.350 9561.4bf2dc71.js:2  react-intl-universal key "aa98ad92" not defined in zh
warningHandler @ 9561.4bf2dc71.js:2
value @ 9561.4bf2dc71.js:2
p @ 9561.4bf2dc71.js:2
value @ 8222.6209a852.chunk.js:1
Le @ 9561.4bf2dc71.js:2
(匿名) @ 9561.4bf2dc71.js:2
pe @ 9561.4bf2dc71.js:2
e.track @ 9561.4bf2dc71.js:2
n @ 9561.4bf2dc71.js:2
Xi @ 9561.4bf2dc71.js:2
$i @ 9561.4bf2dc71.js:2
Cs @ 9561.4bf2dc71.js:2
wc @ 9561.4bf2dc71.js:2
_c @ 9561.4bf2dc71.js:2
dc @ 9561.4bf2dc71.js:2
(匿名) @ 9561.4bf2dc71.js:2
t.unstable_runWithPriority @ 9561.4bf2dc71.js:2
qo @ 9561.4bf2dc71.js:2
Xo @ 9561.4bf2dc71.js:2
$o @ 9561.4bf2dc71.js:2
ic @ 9561.4bf2dc71.js:2
enqueueSetState @ 9561.4bf2dc71.js:2
b.setState @ 9561.4bf2dc71.js:2
(匿名) @ 8222.6209a852.chunk.js:1
u @ 9561.4bf2dc71.js:2
(匿名) @ 9561.4bf2dc71.js:2
(匿名) @ 9561.4bf2dc71.js:2
r @ 9561.4bf2dc71.js:2
s @ 9561.4bf2dc71.js:2
Promise.then
r @ 9561.4bf2dc71.js:2
s @ 9561.4bf2dc71.js:2
(匿名) @ 9561.4bf2dc71.js:2
(匿名) @ 9561.4bf2dc71.js:2
e.initCourse @ 8222.6209a852.chunk.js:1
(匿名) @ 8222.6209a852.chunk.js:1
ka @ 9561.4bf2dc71.js:2
xa @ 9561.4bf2dc71.js:2
Ec @ 9561.4bf2dc71.js:2
t.unstable_runWithPriority @ 9561.4bf2dc71.js:2
qo @ 9561.4bf2dc71.js:2
kc @ 9561.4bf2dc71.js:2
dc @ 9561.4bf2dc71.js:2
(匿名) @ 9561.4bf2dc71.js:2
t.unstable_runWithPriority @ 9561.4bf2dc71.js:2
qo @ 9561.4bf2dc71.js:2
Xo @ 9561.4bf2dc71.js:2
$o @ 9561.4bf2dc71.js:2
ic @ 9561.4bf2dc71.js:2
enqueueSetState @ 9561.4bf2dc71.js:2
b.setState @ 9561.4bf2dc71.js:2
(匿名) @ 808.d56623c9.chunk.js:1
u @ 9561.4bf2dc71.js:2
(匿名) @ 9561.4bf2dc71.js:2
(匿名) @ 9561.4bf2dc71.js:2
r @ 9561.4bf2dc71.js:2
s @ 9561.4bf2dc71.js:2
Promise.then
r @ 9561.4bf2dc71.js:2
s @ 9561.4bf2dc71.js:2
Promise.then
r @ 9561.4bf2dc71.js:2
s @ 9561.4bf2dc71.js:2
Promise.then
r @ 9561.4bf2dc71.js:2
s @ 9561.4bf2dc71.js:2
(匿名) @ 9561.4bf2dc71.js:2
(匿名) @ 9561.4bf2dc71.js:2
value @ 808.d56623c9.chunk.js:1
F @ 9561.4bf2dc71.js:2
(匿名) @ 9561.4bf2dc71.js:2
Ec @ 9561.4bf2dc71.js:2
t.unstable_runWithPriority @ 9561.4bf2dc71.js:2
qo @ 9561.4bf2dc71.js:2
kc @ 9561.4bf2dc71.js:2
dc @ 9561.4bf2dc71.js:2
(匿名) @ 9561.4bf2dc71.js:2
t.unstable_runWithPriority @ 9561.4bf2dc71.js:2
qo @ 9561.4bf2dc71.js:2
Xo @ 9561.4bf2dc71.js:2
$o @ 9561.4bf2dc71.js:2
fc @ 9561.4bf2dc71.js:2
We @ 9561.4bf2dc71.js:2
Ue @ 9561.4bf2dc71.js:2
He @ 9561.4bf2dc71.js:2
e.reportChanged @ 9561.4bf2dc71.js:2
t.setNewValue @ 9561.4bf2dc71.js:2
e.write @ 9561.4bf2dc71.js:2
set @ 9561.4bf2dc71.js:2
(匿名) @ main.2faaeed8.js:1
u @ 9561.4bf2dc71.js:2
(匿名) @ 9561.4bf2dc71.js:2
(匿名) @ 9561.4bf2dc71.js:2
r @ 9561.4bf2dc71.js:2
s @ 9561.4bf2dc71.js:2
Promise.then
r @ 9561.4bf2dc71.js:2
s @ 9561.4bf2dc71.js:2
(匿名) @ 9561.4bf2dc71.js:2
(匿名) @ 9561.4bf2dc71.js:2
Ee @ 9561.4bf2dc71.js:2
n @ 9561.4bf2dc71.js:2
(匿名) @ main.2faaeed8.js:1
setTimeout
value @ main.2faaeed8.js:1
Ee @ 9561.4bf2dc71.js:2
n @ 9561.4bf2dc71.js:2
(匿名) @ main.2faaeed8.js:1
u @ 9561.4bf2dc71.js:2
(匿名) @ 9561.4bf2dc71.js:2
(匿名) @ 9561.4bf2dc71.js:2
r @ 9561.4bf2dc71.js:2
s @ 9561.4bf2dc71.js:2
(匿名) @ 9561.4bf2dc71.js:2
(匿名) @ 9561.4bf2dc71.js:2
(匿名) @ main.2faaeed8.js:1
Ee @ 9561.4bf2dc71.js:2
n @ 9561.4bf2dc71.js:2
(匿名) @ main.2faaeed8.js:1
u @ 9561.4bf2dc71.js:2
(匿名) @ 9561.4bf2dc71.js:2
(匿名) @ 9561.4bf2dc71.js:2
r @ 9561.4bf2dc71.js:2
s @ 9561.4bf2dc71.js:2
Promise.then
r @ 9561.4bf2dc71.js:2
s @ 9561.4bf2dc71.js:2
Promise.then
r @ 9561.4bf2dc71.js:2
s @ 9561.4bf2dc71.js:2
Promise.then
r @ 9561.4bf2dc71.js:2
s @ 9561.4bf2dc71.js:2
(匿名) @ 9561.4bf2dc71.js:2
(匿名) @ 9561.4bf2dc71.js:2
value @ main.2faaeed8.js:1
F @ 9561.4bf2dc71.js:2
(匿名) @ 9561.4bf2dc71.js:2
Ec @ 9561.4bf2dc71.js:2
t.unstable_runWithPriority @ 9561.4bf2dc71.js:2
qo @ 9561.4bf2dc71.js:2
kc @ 9561.4bf2dc71.js:2
dc @ 9561.4bf2dc71.js:2
ic @ 9561.4bf2dc71.js:2
Gc @ 9561.4bf2dc71.js:2
(匿名) @ 9561.4bf2dc71.js:2
pc @ 9561.4bf2dc71.js:2
el @ 9561.4bf2dc71.js:2
render @ 9561.4bf2dc71.js:2
(匿名) @ main.2faaeed8.js:1
u @ 9561.4bf2dc71.js:2
(匿名) @ 9561.4bf2dc71.js:2
(匿名) @ 9561.4bf2dc71.js:2
r @ 9561.4bf2dc71.js:2
s @ 9561.4bf2dc71.js:2
Promise.then
r @ 9561.4bf2dc71.js:2
s @ 9561.4bf2dc71.js:2
(匿名) @ 9561.4bf2dc71.js:2
(匿名) @ 9561.4bf2dc71.js:2
(匿名) @ main.2faaeed8.js:1
(匿名) @ main.2faaeed8.js:1
u @ 9561.4bf2dc71.js:2
(匿名) @ 9561.4bf2dc71.js:2
(匿名) @ 9561.4bf2dc71.js:2
r @ 9561.4bf2dc71.js:2
s @ 9561.4bf2dc71.js:2
Promise.then
r @ 9561.4bf2dc71.js:2
s @ 9561.4bf2dc71.js:2
Promise.then
r @ 9561.4bf2dc71.js:2
s @ 9561.4bf2dc71.js:2
(匿名) @ 9561.4bf2dc71.js:2
(匿名) @ 9561.4bf2dc71.js:2
49209 @ main.2faaeed8.js:1
n @ main.2faaeed8.js:1
(匿名) @ main.2faaeed8.js:1
n.O @ main.2faaeed8.js:1
(匿名) @ main.2faaeed8.js:1
(匿名) @ main.2faaeed8.js:1
(匿名) @ main.2faaeed8.js:1
(匿名) @ main.2faaeed8.js:1
23:32:09.350 9561.4bf2dc71.js:2  react-intl-universal key "fe033787" not defined in zh
warningHandler @ 9561.4bf2dc71.js:2
value @ 9561.4bf2dc71.js:2
p @ 9561.4bf2dc71.js:2
value @ 8222.6209a852.chunk.js:1
Le @ 9561.4bf2dc71.js:2
(匿名) @ 9561.4bf2dc71.js:2
pe @ 9561.4bf2dc71.js:2
e.track @ 9561.4bf2dc71.js:2
n @ 9561.4bf2dc71.js:2
Xi @ 9561.4bf2dc71.js:2
$i @ 9561.4bf2dc71.js:2
Cs @ 9561.4bf2dc71.js:2
wc @ 9561.4bf2dc71.js:2
_c @ 9561.4bf2dc71.js:2
dc @ 9561.4bf2dc71.js:2
(匿名) @ 9561.4bf2dc71.js:2
t.unstable_runWithPriority @ 9561.4bf2dc71.js:2
qo @ 9561.4bf2dc71.js:2
Xo @ 9561.4bf2dc71.js:2
$o @ 9561.4bf2dc71.js:2
ic @ 9561.4bf2dc71.js:2
enqueueSetState @ 9561.4bf2dc71.js:2
b.setState @ 9561.4bf2dc71.js:2
(匿名) @ 8222.6209a852.chunk.js:1
u @ 9561.4bf2dc71.js:2
(匿名) @ 9561.4bf2dc71.js:2
(匿名) @ 9561.4bf2dc71.js:2
r @ 9561.4bf2dc71.js:2
s @ 9561.4bf2dc71.js:2
Promise.then
r @ 9561.4bf2dc71.js:2
s @ 9561.4bf2dc71.js:2
(匿名) @ 9561.4bf2dc71.js:2
(匿名) @ 9561.4bf2dc71.js:2
e.initCourse @ 8222.6209a852.chunk.js:1
(匿名) @ 8222.6209a852.chunk.js:1
ka @ 9561.4bf2dc71.js:2
xa @ 9561.4bf2dc71.js:2
Ec @ 9561.4bf2dc71.js:2
t.unstable_runWithPriority @ 9561.4bf2dc71.js:2
qo @ 9561.4bf2dc71.js:2
kc @ 9561.4bf2dc71.js:2
dc @ 9561.4bf2dc71.js:2
(匿名) @ 9561.4bf2dc71.js:2
t.unstable_runWithPriority @ 9561.4bf2dc71.js:2
qo @ 9561.4bf2dc71.js:2
Xo @ 9561.4bf2dc71.js:2
$o @ 9561.4bf2dc71.js:2
ic @ 9561.4bf2dc71.js:2
enqueueSetState @ 9561.4bf2dc71.js:2
b.setState @ 9561.4bf2dc71.js:2
(匿名) @ 808.d56623c9.chunk.js:1
u @ 9561.4bf2dc71.js:2
(匿名) @ 9561.4bf2dc71.js:2
(匿名) @ 9561.4bf2dc71.js:2
r @ 9561.4bf2dc71.js:2
s @ 9561.4bf2dc71.js:2
Promise.then
r @ 9561.4bf2dc71.js:2
s @ 9561.4bf2dc71.js:2
Promise.then
r @ 9561.4bf2dc71.js:2
s @ 9561.4bf2dc71.js:2
Promise.then
r @ 9561.4bf2dc71.js:2
s @ 9561.4bf2dc71.js:2
(匿名) @ 9561.4bf2dc71.js:2
(匿名) @ 9561.4bf2dc71.js:2
value @ 808.d56623c9.chunk.js:1
F @ 9561.4bf2dc71.js:2
(匿名) @ 9561.4bf2dc71.js:2
Ec @ 9561.4bf2dc71.js:2
t.unstable_runWithPriority @ 9561.4bf2dc71.js:2
qo @ 9561.4bf2dc71.js:2
kc @ 9561.4bf2dc71.js:2
dc @ 9561.4bf2dc71.js:2
(匿名) @ 9561.4bf2dc71.js:2
t.unstable_runWithPriority @ 9561.4bf2dc71.js:2
qo @ 9561.4bf2dc71.js:2
Xo @ 9561.4bf2dc71.js:2
$o @ 9561.4bf2dc71.js:2
fc @ 9561.4bf2dc71.js:2
We @ 9561.4bf2dc71.js:2
Ue @ 9561.4bf2dc71.js:2
He @ 9561.4bf2dc71.js:2
e.reportChanged @ 9561.4bf2dc71.js:2
t.setNewValue @ 9561.4bf2dc71.js:2
e.write @ 9561.4bf2dc71.js:2
set @ 9561.4bf2dc71.js:2
(匿名) @ main.2faaeed8.js:1
u @ 9561.4bf2dc71.js:2
(匿名) @ 9561.4bf2dc71.js:2
(匿名) @ 9561.4bf2dc71.js:2
r @ 9561.4bf2dc71.js:2
s @ 9561.4bf2dc71.js:2
Promise.then
r @ 9561.4bf2dc71.js:2
s @ 9561.4bf2dc71.js:2
(匿名) @ 9561.4bf2dc71.js:2
(匿名) @ 9561.4bf2dc71.js:2
Ee @ 9561.4bf2dc71.js:2
n @ 9561.4bf2dc71.js:2
(匿名) @ main.2faaeed8.js:1
setTimeout
value @ main.2faaeed8.js:1
Ee @ 9561.4bf2dc71.js:2
n @ 9561.4bf2dc71.js:2
(匿名) @ main.2faaeed8.js:1
u @ 9561.4bf2dc71.js:2
(匿名) @ 9561.4bf2dc71.js:2
(匿名) @ 9561.4bf2dc71.js:2
r @ 9561.4bf2dc71.js:2
s @ 9561.4bf2dc71.js:2
(匿名) @ 9561.4bf2dc71.js:2
(匿名) @ 9561.4bf2dc71.js:2
(匿名) @ main.2faaeed8.js:1
Ee @ 9561.4bf2dc71.js:2
n @ 9561.4bf2dc71.js:2
(匿名) @ main.2faaeed8.js:1
u @ 9561.4bf2dc71.js:2
(匿名) @ 9561.4bf2dc71.js:2
(匿名) @ 9561.4bf2dc71.js:2
r @ 9561.4bf2dc71.js:2
s @ 9561.4bf2dc71.js:2
Promise.then
r @ 9561.4bf2dc71.js:2
s @ 9561.4bf2dc71.js:2
Promise.then
r @ 9561.4bf2dc71.js:2
s @ 9561.4bf2dc71.js:2
Promise.then
r @ 9561.4bf2dc71.js:2
s @ 9561.4bf2dc71.js:2
(匿名) @ 9561.4bf2dc71.js:2
(匿名) @ 9561.4bf2dc71.js:2
value @ main.2faaeed8.js:1
F @ 9561.4bf2dc71.js:2
(匿名) @ 9561.4bf2dc71.js:2
Ec @ 9561.4bf2dc71.js:2
t.unstable_runWithPriority @ 9561.4bf2dc71.js:2
qo @ 9561.4bf2dc71.js:2
kc @ 9561.4bf2dc71.js:2
dc @ 9561.4bf2dc71.js:2
ic @ 9561.4bf2dc71.js:2
Gc @ 9561.4bf2dc71.js:2
(匿名) @ 9561.4bf2dc71.js:2
pc @ 9561.4bf2dc71.js:2
el @ 9561.4bf2dc71.js:2
render @ 9561.4bf2dc71.js:2
(匿名) @ main.2faaeed8.js:1
u @ 9561.4bf2dc71.js:2
(匿名) @ 9561.4bf2dc71.js:2
(匿名) @ 9561.4bf2dc71.js:2
r @ 9561.4bf2dc71.js:2
s @ 9561.4bf2dc71.js:2
Promise.then
r @ 9561.4bf2dc71.js:2
s @ 9561.4bf2dc71.js:2
(匿名) @ 9561.4bf2dc71.js:2
(匿名) @ 9561.4bf2dc71.js:2
(匿名) @ main.2faaeed8.js:1
(匿名) @ main.2faaeed8.js:1
u @ 9561.4bf2dc71.js:2
(匿名) @ 9561.4bf2dc71.js:2
(匿名) @ 9561.4bf2dc71.js:2
r @ 9561.4bf2dc71.js:2
s @ 9561.4bf2dc71.js:2
Promise.then
r @ 9561.4bf2dc71.js:2
s @ 9561.4bf2dc71.js:2
Promise.then
r @ 9561.4bf2dc71.js:2
s @ 9561.4bf2dc71.js:2
(匿名) @ 9561.4bf2dc71.js:2
(匿名) @ 9561.4bf2dc71.js:2
49209 @ main.2faaeed8.js:1
n @ main.2faaeed8.js:1
(匿名) @ main.2faaeed8.js:1
n.O @ main.2faaeed8.js:1
(匿名) @ main.2faaeed8.js:1
(匿名) @ main.2faaeed8.js:1
(匿名) @ main.2faaeed8.js:1
(匿名) @ main.2faaeed8.js:1
23:32:09.350 9561.4bf2dc71.js:2  react-intl-universal key "40e20dd4" not defined in zh
warningHandler @ 9561.4bf2dc71.js:2
value @ 9561.4bf2dc71.js:2
p @ 9561.4bf2dc71.js:2
value @ 8222.6209a852.chunk.js:1
Le @ 9561.4bf2dc71.js:2
(匿名) @ 9561.4bf2dc71.js:2
pe @ 9561.4bf2dc71.js:2
e.track @ 9561.4bf2dc71.js:2
n @ 9561.4bf2dc71.js:2
Xi @ 9561.4bf2dc71.js:2
$i @ 9561.4bf2dc71.js:2
Cs @ 9561.4bf2dc71.js:2
wc @ 9561.4bf2dc71.js:2
_c @ 9561.4bf2dc71.js:2
dc @ 9561.4bf2dc71.js:2
(匿名) @ 9561.4bf2dc71.js:2
t.unstable_runWithPriority @ 9561.4bf2dc71.js:2
qo @ 9561.4bf2dc71.js:2
Xo @ 9561.4bf2dc71.js:2
$o @ 9561.4bf2dc71.js:2
ic @ 9561.4bf2dc71.js:2
enqueueSetState @ 9561.4bf2dc71.js:2
b.setState @ 9561.4bf2dc71.js:2
(匿名) @ 8222.6209a852.chunk.js:1
u @ 9561.4bf2dc71.js:2
(匿名) @ 9561.4bf2dc71.js:2
(匿名) @ 9561.4bf2dc71.js:2
r @ 9561.4bf2dc71.js:2
s @ 9561.4bf2dc71.js:2
Promise.then
r @ 9561.4bf2dc71.js:2
s @ 9561.4bf2dc71.js:2
(匿名) @ 9561.4bf2dc71.js:2
(匿名) @ 9561.4bf2dc71.js:2
e.initCourse @ 8222.6209a852.chunk.js:1
(匿名) @ 8222.6209a852.chunk.js:1
ka @ 9561.4bf2dc71.js:2
xa @ 9561.4bf2dc71.js:2
Ec @ 9561.4bf2dc71.js:2
t.unstable_runWithPriority @ 9561.4bf2dc71.js:2
qo @ 9561.4bf2dc71.js:2
kc @ 9561.4bf2dc71.js:2
dc @ 9561.4bf2dc71.js:2
(匿名) @ 9561.4bf2dc71.js:2
t.unstable_runWithPriority @ 9561.4bf2dc71.js:2
qo @ 9561.4bf2dc71.js:2
Xo @ 9561.4bf2dc71.js:2
$o @ 9561.4bf2dc71.js:2
ic @ 9561.4bf2dc71.js:2
enqueueSetState @ 9561.4bf2dc71.js:2
b.setState @ 9561.4bf2dc71.js:2
(匿名) @ 808.d56623c9.chunk.js:1
u @ 9561.4bf2dc71.js:2
(匿名) @ 9561.4bf2dc71.js:2
(匿名) @ 9561.4bf2dc71.js:2
r @ 9561.4bf2dc71.js:2
s @ 9561.4bf2dc71.js:2
Promise.then
r @ 9561.4bf2dc71.js:2
s @ 9561.4bf2dc71.js:2
Promise.then
r @ 9561.4bf2dc71.js:2
s @ 9561.4bf2dc71.js:2
Promise.then
r @ 9561.4bf2dc71.js:2
s @ 9561.4bf2dc71.js:2
(匿名) @ 9561.4bf2dc71.js:2
(匿名) @ 9561.4bf2dc71.js:2
value @ 808.d56623c9.chunk.js:1
F @ 9561.4bf2dc71.js:2
(匿名) @ 9561.4bf2dc71.js:2
Ec @ 9561.4bf2dc71.js:2
t.unstable_runWithPriority @ 9561.4bf2dc71.js:2
qo @ 9561.4bf2dc71.js:2
kc @ 9561.4bf2dc71.js:2
dc @ 9561.4bf2dc71.js:2
(匿名) @ 9561.4bf2dc71.js:2
t.unstable_runWithPriority @ 9561.4bf2dc71.js:2
qo @ 9561.4bf2dc71.js:2
Xo @ 9561.4bf2dc71.js:2
$o @ 9561.4bf2dc71.js:2
fc @ 9561.4bf2dc71.js:2
We @ 9561.4bf2dc71.js:2
Ue @ 9561.4bf2dc71.js:2
He @ 9561.4bf2dc71.js:2
e.reportChanged @ 9561.4bf2dc71.js:2
t.setNewValue @ 9561.4bf2dc71.js:2
e.write @ 9561.4bf2dc71.js:2
set @ 9561.4bf2dc71.js:2
(匿名) @ main.2faaeed8.js:1
u @ 9561.4bf2dc71.js:2
(匿名) @ 9561.4bf2dc71.js:2
(匿名) @ 9561.4bf2dc71.js:2
r @ 9561.4bf2dc71.js:2
s @ 9561.4bf2dc71.js:2
Promise.then
r @ 9561.4bf2dc71.js:2
s @ 9561.4bf2dc71.js:2
(匿名) @ 9561.4bf2dc71.js:2
(匿名) @ 9561.4bf2dc71.js:2
Ee @ 9561.4bf2dc71.js:2
n @ 9561.4bf2dc71.js:2
(匿名) @ main.2faaeed8.js:1
setTimeout
value @ main.2faaeed8.js:1
Ee @ 9561.4bf2dc71.js:2
n @ 9561.4bf2dc71.js:2
(匿名) @ main.2faaeed8.js:1
u @ 9561.4bf2dc71.js:2
(匿名) @ 9561.4bf2dc71.js:2
(匿名) @ 9561.4bf2dc71.js:2
r @ 9561.4bf2dc71.js:2
s @ 9561.4bf2dc71.js:2
(匿名) @ 9561.4bf2dc71.js:2
(匿名) @ 9561.4bf2dc71.js:2
(匿名) @ main.2faaeed8.js:1
Ee @ 9561.4bf2dc71.js:2
n @ 9561.4bf2dc71.js:2
(匿名) @ main.2faaeed8.js:1
u @ 9561.4bf2dc71.js:2
(匿名) @ 9561.4bf2dc71.js:2
(匿名) @ 9561.4bf2dc71.js:2
r @ 9561.4bf2dc71.js:2
s @ 9561.4bf2dc71.js:2
Promise.then
r @ 9561.4bf2dc71.js:2
s @ 9561.4bf2dc71.js:2
Promise.then
r @ 9561.4bf2dc71.js:2
s @ 9561.4bf2dc71.js:2
Promise.then
r @ 9561.4bf2dc71.js:2
s @ 9561.4bf2dc71.js:2
(匿名) @ 9561.4bf2dc71.js:2
(匿名) @ 9561.4bf2dc71.js:2
value @ main.2faaeed8.js:1
F @ 9561.4bf2dc71.js:2
(匿名) @ 9561.4bf2dc71.js:2
Ec @ 9561.4bf2dc71.js:2
t.unstable_runWithPriority @ 9561.4bf2dc71.js:2
qo @ 9561.4bf2dc71.js:2
kc @ 9561.4bf2dc71.js:2
dc @ 9561.4bf2dc71.js:2
ic @ 9561.4bf2dc71.js:2
Gc @ 9561.4bf2dc71.js:2
(匿名) @ 9561.4bf2dc71.js:2
pc @ 9561.4bf2dc71.js:2
el @ 9561.4bf2dc71.js:2
render @ 9561.4bf2dc71.js:2
(匿名) @ main.2faaeed8.js:1
u @ 9561.4bf2dc71.js:2
(匿名) @ 9561.4bf2dc71.js:2
(匿名) @ 9561.4bf2dc71.js:2
r @ 9561.4bf2dc71.js:2
s @ 9561.4bf2dc71.js:2
Promise.then
r @ 9561.4bf2dc71.js:2
s @ 9561.4bf2dc71.js:2
(匿名) @ 9561.4bf2dc71.js:2
(匿名) @ 9561.4bf2dc71.js:2
(匿名) @ main.2faaeed8.js:1
(匿名) @ main.2faaeed8.js:1
u @ 9561.4bf2dc71.js:2
(匿名) @ 9561.4bf2dc71.js:2
(匿名) @ 9561.4bf2dc71.js:2
r @ 9561.4bf2dc71.js:2
s @ 9561.4bf2dc71.js:2
Promise.then
r @ 9561.4bf2dc71.js:2
s @ 9561.4bf2dc71.js:2
Promise.then
r @ 9561.4bf2dc71.js:2
s @ 9561.4bf2dc71.js:2
(匿名) @ 9561.4bf2dc71.js:2
(匿名) @ 9561.4bf2dc71.js:2
49209 @ main.2faaeed8.js:1
n @ main.2faaeed8.js:1
(匿名) @ main.2faaeed8.js:1
n.O @ main.2faaeed8.js:1
(匿名) @ main.2faaeed8.js:1
(匿名) @ main.2faaeed8.js:1
(匿名) @ main.2faaeed8.js:1
(匿名) @ main.2faaeed8.js:1
23:32:09.391 9561.4bf2dc71.js:2  react-intl-universal key "b698998e" not defined in zh
warningHandler @ 9561.4bf2dc71.js:2
value @ 9561.4bf2dc71.js:2
p @ 9561.4bf2dc71.js:2
value @ 8222.6209a852.chunk.js:1
Le @ 9561.4bf2dc71.js:2
(匿名) @ 9561.4bf2dc71.js:2
pe @ 9561.4bf2dc71.js:2
e.track @ 9561.4bf2dc71.js:2
n @ 9561.4bf2dc71.js:2
Xi @ 9561.4bf2dc71.js:2
$i @ 9561.4bf2dc71.js:2
Cs @ 9561.4bf2dc71.js:2
wc @ 9561.4bf2dc71.js:2
_c @ 9561.4bf2dc71.js:2
dc @ 9561.4bf2dc71.js:2
(匿名) @ 9561.4bf2dc71.js:2
t.unstable_runWithPriority @ 9561.4bf2dc71.js:2
qo @ 9561.4bf2dc71.js:2
Xo @ 9561.4bf2dc71.js:2
$o @ 9561.4bf2dc71.js:2
ic @ 9561.4bf2dc71.js:2
enqueueSetState @ 9561.4bf2dc71.js:2
b.setState @ 9561.4bf2dc71.js:2
(匿名) @ 8222.6209a852.chunk.js:1
u @ 9561.4bf2dc71.js:2
(匿名) @ 9561.4bf2dc71.js:2
(匿名) @ 9561.4bf2dc71.js:2
r @ 9561.4bf2dc71.js:2
s @ 9561.4bf2dc71.js:2
Promise.then
r @ 9561.4bf2dc71.js:2
s @ 9561.4bf2dc71.js:2
(匿名) @ 9561.4bf2dc71.js:2
(匿名) @ 9561.4bf2dc71.js:2
(匿名) @ 8222.6209a852.chunk.js:1
e.initCourse @ 8222.6209a852.chunk.js:1
(匿名) @ 8222.6209a852.chunk.js:1
ka @ 9561.4bf2dc71.js:2
xa @ 9561.4bf2dc71.js:2
Ec @ 9561.4bf2dc71.js:2
t.unstable_runWithPriority @ 9561.4bf2dc71.js:2
qo @ 9561.4bf2dc71.js:2
kc @ 9561.4bf2dc71.js:2
dc @ 9561.4bf2dc71.js:2
(匿名) @ 9561.4bf2dc71.js:2
t.unstable_runWithPriority @ 9561.4bf2dc71.js:2
qo @ 9561.4bf2dc71.js:2
Xo @ 9561.4bf2dc71.js:2
$o @ 9561.4bf2dc71.js:2
ic @ 9561.4bf2dc71.js:2
enqueueSetState @ 9561.4bf2dc71.js:2
b.setState @ 9561.4bf2dc71.js:2
(匿名) @ 808.d56623c9.chunk.js:1
u @ 9561.4bf2dc71.js:2
(匿名) @ 9561.4bf2dc71.js:2
(匿名) @ 9561.4bf2dc71.js:2
r @ 9561.4bf2dc71.js:2
s @ 9561.4bf2dc71.js:2
Promise.then
r @ 9561.4bf2dc71.js:2
s @ 9561.4bf2dc71.js:2
Promise.then
r @ 9561.4bf2dc71.js:2
s @ 9561.4bf2dc71.js:2
Promise.then
r @ 9561.4bf2dc71.js:2
s @ 9561.4bf2dc71.js:2
(匿名) @ 9561.4bf2dc71.js:2
(匿名) @ 9561.4bf2dc71.js:2
value @ 808.d56623c9.chunk.js:1
F @ 9561.4bf2dc71.js:2
(匿名) @ 9561.4bf2dc71.js:2
Ec @ 9561.4bf2dc71.js:2
t.unstable_runWithPriority @ 9561.4bf2dc71.js:2
qo @ 9561.4bf2dc71.js:2
kc @ 9561.4bf2dc71.js:2
dc @ 9561.4bf2dc71.js:2
(匿名) @ 9561.4bf2dc71.js:2
t.unstable_runWithPriority @ 9561.4bf2dc71.js:2
qo @ 9561.4bf2dc71.js:2
Xo @ 9561.4bf2dc71.js:2
$o @ 9561.4bf2dc71.js:2
fc @ 9561.4bf2dc71.js:2
We @ 9561.4bf2dc71.js:2
Ue @ 9561.4bf2dc71.js:2
He @ 9561.4bf2dc71.js:2
e.reportChanged @ 9561.4bf2dc71.js:2
t.setNewValue @ 9561.4bf2dc71.js:2
e.write @ 9561.4bf2dc71.js:2
set @ 9561.4bf2dc71.js:2
(匿名) @ main.2faaeed8.js:1
u @ 9561.4bf2dc71.js:2
(匿名) @ 9561.4bf2dc71.js:2
(匿名) @ 9561.4bf2dc71.js:2
r @ 9561.4bf2dc71.js:2
s @ 9561.4bf2dc71.js:2
Promise.then
r @ 9561.4bf2dc71.js:2
s @ 9561.4bf2dc71.js:2
(匿名) @ 9561.4bf2dc71.js:2
(匿名) @ 9561.4bf2dc71.js:2
Ee @ 9561.4bf2dc71.js:2
n @ 9561.4bf2dc71.js:2
(匿名) @ main.2faaeed8.js:1
setTimeout
value @ main.2faaeed8.js:1
Ee @ 9561.4bf2dc71.js:2
n @ 9561.4bf2dc71.js:2
(匿名) @ main.2faaeed8.js:1
u @ 9561.4bf2dc71.js:2
(匿名) @ 9561.4bf2dc71.js:2
(匿名) @ 9561.4bf2dc71.js:2
r @ 9561.4bf2dc71.js:2
s @ 9561.4bf2dc71.js:2
(匿名) @ 9561.4bf2dc71.js:2
(匿名) @ 9561.4bf2dc71.js:2
(匿名) @ main.2faaeed8.js:1
Ee @ 9561.4bf2dc71.js:2
n @ 9561.4bf2dc71.js:2
(匿名) @ main.2faaeed8.js:1
u @ 9561.4bf2dc71.js:2
(匿名) @ 9561.4bf2dc71.js:2
(匿名) @ 9561.4bf2dc71.js:2
r @ 9561.4bf2dc71.js:2
s @ 9561.4bf2dc71.js:2
Promise.then
r @ 9561.4bf2dc71.js:2
s @ 9561.4bf2dc71.js:2
Promise.then
r @ 9561.4bf2dc71.js:2
s @ 9561.4bf2dc71.js:2
Promise.then
r @ 9561.4bf2dc71.js:2
s @ 9561.4bf2dc71.js:2
(匿名) @ 9561.4bf2dc71.js:2
(匿名) @ 9561.4bf2dc71.js:2
value @ main.2faaeed8.js:1
F @ 9561.4bf2dc71.js:2
(匿名) @ 9561.4bf2dc71.js:2
Ec @ 9561.4bf2dc71.js:2
t.unstable_runWithPriority @ 9561.4bf2dc71.js:2
qo @ 9561.4bf2dc71.js:2
kc @ 9561.4bf2dc71.js:2
dc @ 9561.4bf2dc71.js:2
ic @ 9561.4bf2dc71.js:2
Gc @ 9561.4bf2dc71.js:2
(匿名) @ 9561.4bf2dc71.js:2
pc @ 9561.4bf2dc71.js:2
el @ 9561.4bf2dc71.js:2
render @ 9561.4bf2dc71.js:2
(匿名) @ main.2faaeed8.js:1
u @ 9561.4bf2dc71.js:2
(匿名) @ 9561.4bf2dc71.js:2
(匿名) @ 9561.4bf2dc71.js:2
r @ 9561.4bf2dc71.js:2
s @ 9561.4bf2dc71.js:2
Promise.then
r @ 9561.4bf2dc71.js:2
s @ 9561.4bf2dc71.js:2
(匿名) @ 9561.4bf2dc71.js:2
(匿名) @ 9561.4bf2dc71.js:2
(匿名) @ main.2faaeed8.js:1
(匿名) @ main.2faaeed8.js:1
u @ 9561.4bf2dc71.js:2
(匿名) @ 9561.4bf2dc71.js:2
(匿名) @ 9561.4bf2dc71.js:2
r @ 9561.4bf2dc71.js:2
s @ 9561.4bf2dc71.js:2
Promise.then
r @ 9561.4bf2dc71.js:2
s @ 9561.4bf2dc71.js:2
Promise.then
r @ 9561.4bf2dc71.js:2
s @ 9561.4bf2dc71.js:2
(匿名) @ 9561.4bf2dc71.js:2
(匿名) @ 9561.4bf2dc71.js:2
49209 @ main.2faaeed8.js:1
n @ main.2faaeed8.js:1
(匿名) @ main.2faaeed8.js:1
n.O @ main.2faaeed8.js:1
(匿名) @ main.2faaeed8.js:1
(匿名) @ main.2faaeed8.js:1
(匿名) @ main.2faaeed8.js:1
(匿名) @ main.2faaeed8.js:1
23:32:09.391 9561.4bf2dc71.js:2  react-intl-universal key "7c1b3891" not defined in zh
warningHandler @ 9561.4bf2dc71.js:2
value @ 9561.4bf2dc71.js:2
p @ 9561.4bf2dc71.js:2
value @ 8222.6209a852.chunk.js:1
Le @ 9561.4bf2dc71.js:2
(匿名) @ 9561.4bf2dc71.js:2
pe @ 9561.4bf2dc71.js:2
e.track @ 9561.4bf2dc71.js:2
n @ 9561.4bf2dc71.js:2
Xi @ 9561.4bf2dc71.js:2
$i @ 9561.4bf2dc71.js:2
Cs @ 9561.4bf2dc71.js:2
wc @ 9561.4bf2dc71.js:2
_c @ 9561.4bf2dc71.js:2
dc @ 9561.4bf2dc71.js:2
(匿名) @ 9561.4bf2dc71.js:2
t.unstable_runWithPriority @ 9561.4bf2dc71.js:2
qo @ 9561.4bf2dc71.js:2
Xo @ 9561.4bf2dc71.js:2
$o @ 9561.4bf2dc71.js:2
ic @ 9561.4bf2dc71.js:2
enqueueSetState @ 9561.4bf2dc71.js:2
b.setState @ 9561.4bf2dc71.js:2
(匿名) @ 8222.6209a852.chunk.js:1
u @ 9561.4bf2dc71.js:2
(匿名) @ 9561.4bf2dc71.js:2
(匿名) @ 9561.4bf2dc71.js:2
r @ 9561.4bf2dc71.js:2
s @ 9561.4bf2dc71.js:2
Promise.then
r @ 9561.4bf2dc71.js:2
s @ 9561.4bf2dc71.js:2
(匿名) @ 9561.4bf2dc71.js:2
(匿名) @ 9561.4bf2dc71.js:2
(匿名) @ 8222.6209a852.chunk.js:1
e.initCourse @ 8222.6209a852.chunk.js:1
(匿名) @ 8222.6209a852.chunk.js:1
ka @ 9561.4bf2dc71.js:2
xa @ 9561.4bf2dc71.js:2
Ec @ 9561.4bf2dc71.js:2
t.unstable_runWithPriority @ 9561.4bf2dc71.js:2
qo @ 9561.4bf2dc71.js:2
kc @ 9561.4bf2dc71.js:2
dc @ 9561.4bf2dc71.js:2
(匿名) @ 9561.4bf2dc71.js:2
t.unstable_runWithPriority @ 9561.4bf2dc71.js:2
qo @ 9561.4bf2dc71.js:2
Xo @ 9561.4bf2dc71.js:2
$o @ 9561.4bf2dc71.js:2
ic @ 9561.4bf2dc71.js:2
enqueueSetState @ 9561.4bf2dc71.js:2
b.setState @ 9561.4bf2dc71.js:2
(匿名) @ 808.d56623c9.chunk.js:1
u @ 9561.4bf2dc71.js:2
(匿名) @ 9561.4bf2dc71.js:2
(匿名) @ 9561.4bf2dc71.js:2
r @ 9561.4bf2dc71.js:2
s @ 9561.4bf2dc71.js:2
Promise.then
r @ 9561.4bf2dc71.js:2
s @ 9561.4bf2dc71.js:2
Promise.then
r @ 9561.4bf2dc71.js:2
s @ 9561.4bf2dc71.js:2
Promise.then
r @ 9561.4bf2dc71.js:2
s @ 9561.4bf2dc71.js:2
(匿名) @ 9561.4bf2dc71.js:2
(匿名) @ 9561.4bf2dc71.js:2
value @ 808.d56623c9.chunk.js:1
F @ 9561.4bf2dc71.js:2
(匿名) @ 9561.4bf2dc71.js:2
Ec @ 9561.4bf2dc71.js:2
t.unstable_runWithPriority @ 9561.4bf2dc71.js:2
qo @ 9561.4bf2dc71.js:2
kc @ 9561.4bf2dc71.js:2
dc @ 9561.4bf2dc71.js:2
(匿名) @ 9561.4bf2dc71.js:2
t.unstable_runWithPriority @ 9561.4bf2dc71.js:2
qo @ 9561.4bf2dc71.js:2
Xo @ 9561.4bf2dc71.js:2
$o @ 9561.4bf2dc71.js:2
fc @ 9561.4bf2dc71.js:2
We @ 9561.4bf2dc71.js:2
Ue @ 9561.4bf2dc71.js:2
He @ 9561.4bf2dc71.js:2
e.reportChanged @ 9561.4bf2dc71.js:2
t.setNewValue @ 9561.4bf2dc71.js:2
e.write @ 9561.4bf2dc71.js:2
set @ 9561.4bf2dc71.js:2
(匿名) @ main.2faaeed8.js:1
u @ 9561.4bf2dc71.js:2
(匿名) @ 9561.4bf2dc71.js:2
(匿名) @ 9561.4bf2dc71.js:2
r @ 9561.4bf2dc71.js:2
s @ 9561.4bf2dc71.js:2
Promise.then
r @ 9561.4bf2dc71.js:2
s @ 9561.4bf2dc71.js:2
(匿名) @ 9561.4bf2dc71.js:2
(匿名) @ 9561.4bf2dc71.js:2
Ee @ 9561.4bf2dc71.js:2
n @ 9561.4bf2dc71.js:2
(匿名) @ main.2faaeed8.js:1
setTimeout
value @ main.2faaeed8.js:1
Ee @ 9561.4bf2dc71.js:2
n @ 9561.4bf2dc71.js:2
(匿名) @ main.2faaeed8.js:1
u @ 9561.4bf2dc71.js:2
(匿名) @ 9561.4bf2dc71.js:2
(匿名) @ 9561.4bf2dc71.js:2
r @ 9561.4bf2dc71.js:2
s @ 9561.4bf2dc71.js:2
(匿名) @ 9561.4bf2dc71.js:2
(匿名) @ 9561.4bf2dc71.js:2
(匿名) @ main.2faaeed8.js:1
Ee @ 9561.4bf2dc71.js:2
n @ 9561.4bf2dc71.js:2
(匿名) @ main.2faaeed8.js:1
u @ 9561.4bf2dc71.js:2
(匿名) @ 9561.4bf2dc71.js:2
(匿名) @ 9561.4bf2dc71.js:2
r @ 9561.4bf2dc71.js:2
s @ 9561.4bf2dc71.js:2
Promise.then
r @ 9561.4bf2dc71.js:2
s @ 9561.4bf2dc71.js:2
Promise.then
r @ 9561.4bf2dc71.js:2
s @ 9561.4bf2dc71.js:2
Promise.then
r @ 9561.4bf2dc71.js:2
s @ 9561.4bf2dc71.js:2
(匿名) @ 9561.4bf2dc71.js:2
(匿名) @ 9561.4bf2dc71.js:2
value @ main.2faaeed8.js:1
F @ 9561.4bf2dc71.js:2
(匿名) @ 9561.4bf2dc71.js:2
Ec @ 9561.4bf2dc71.js:2
t.unstable_runWithPriority @ 9561.4bf2dc71.js:2
qo @ 9561.4bf2dc71.js:2
kc @ 9561.4bf2dc71.js:2
dc @ 9561.4bf2dc71.js:2
ic @ 9561.4bf2dc71.js:2
Gc @ 9561.4bf2dc71.js:2
(匿名) @ 9561.4bf2dc71.js:2
pc @ 9561.4bf2dc71.js:2
el @ 9561.4bf2dc71.js:2
render @ 9561.4bf2dc71.js:2
(匿名) @ main.2faaeed8.js:1
u @ 9561.4bf2dc71.js:2
(匿名) @ 9561.4bf2dc71.js:2
(匿名) @ 9561.4bf2dc71.js:2
r @ 9561.4bf2dc71.js:2
s @ 9561.4bf2dc71.js:2
Promise.then
r @ 9561.4bf2dc71.js:2
s @ 9561.4bf2dc71.js:2
(匿名) @ 9561.4bf2dc71.js:2
(匿名) @ 9561.4bf2dc71.js:2
(匿名) @ main.2faaeed8.js:1
(匿名) @ main.2faaeed8.js:1
u @ 9561.4bf2dc71.js:2
(匿名) @ 9561.4bf2dc71.js:2
(匿名) @ 9561.4bf2dc71.js:2
r @ 9561.4bf2dc71.js:2
s @ 9561.4bf2dc71.js:2
Promise.then
r @ 9561.4bf2dc71.js:2
s @ 9561.4bf2dc71.js:2
Promise.then
r @ 9561.4bf2dc71.js:2
s @ 9561.4bf2dc71.js:2
(匿名) @ 9561.4bf2dc71.js:2
(匿名) @ 9561.4bf2dc71.js:2
49209 @ main.2faaeed8.js:1
n @ main.2faaeed8.js:1
(匿名) @ main.2faaeed8.js:1
n.O @ main.2faaeed8.js:1
(匿名) @ main.2faaeed8.js:1
(匿名) @ main.2faaeed8.js:1
(匿名) @ main.2faaeed8.js:1
(匿名) @ main.2faaeed8.js:1
23:32:09.392 9561.4bf2dc71.js:2  react-intl-universal key "625fb26b" not defined in zh
warningHandler @ 9561.4bf2dc71.js:2
value @ 9561.4bf2dc71.js:2
p @ 9561.4bf2dc71.js:2
value @ 8222.6209a852.chunk.js:1
Le @ 9561.4bf2dc71.js:2
(匿名) @ 9561.4bf2dc71.js:2
pe @ 9561.4bf2dc71.js:2
e.track @ 9561.4bf2dc71.js:2
n @ 9561.4bf2dc71.js:2
Xi @ 9561.4bf2dc71.js:2
$i @ 9561.4bf2dc71.js:2
Cs @ 9561.4bf2dc71.js:2
wc @ 9561.4bf2dc71.js:2
_c @ 9561.4bf2dc71.js:2
dc @ 9561.4bf2dc71.js:2
(匿名) @ 9561.4bf2dc71.js:2
t.unstable_runWithPriority @ 9561.4bf2dc71.js:2
qo @ 9561.4bf2dc71.js:2
Xo @ 9561.4bf2dc71.js:2
$o @ 9561.4bf2dc71.js:2
ic @ 9561.4bf2dc71.js:2
enqueueSetState @ 9561.4bf2dc71.js:2
b.setState @ 9561.4bf2dc71.js:2
(匿名) @ 8222.6209a852.chunk.js:1
u @ 9561.4bf2dc71.js:2
(匿名) @ 9561.4bf2dc71.js:2
(匿名) @ 9561.4bf2dc71.js:2
r @ 9561.4bf2dc71.js:2
s @ 9561.4bf2dc71.js:2
Promise.then
r @ 9561.4bf2dc71.js:2
s @ 9561.4bf2dc71.js:2
(匿名) @ 9561.4bf2dc71.js:2
(匿名) @ 9561.4bf2dc71.js:2
(匿名) @ 8222.6209a852.chunk.js:1
e.initCourse @ 8222.6209a852.chunk.js:1
(匿名) @ 8222.6209a852.chunk.js:1
ka @ 9561.4bf2dc71.js:2
xa @ 9561.4bf2dc71.js:2
Ec @ 9561.4bf2dc71.js:2
t.unstable_runWithPriority @ 9561.4bf2dc71.js:2
qo @ 9561.4bf2dc71.js:2
kc @ 9561.4bf2dc71.js:2
dc @ 9561.4bf2dc71.js:2
(匿名) @ 9561.4bf2dc71.js:2
t.unstable_runWithPriority @ 9561.4bf2dc71.js:2
qo @ 9561.4bf2dc71.js:2
Xo @ 9561.4bf2dc71.js:2
$o @ 9561.4bf2dc71.js:2
ic @ 9561.4bf2dc71.js:2
enqueueSetState @ 9561.4bf2dc71.js:2
b.setState @ 9561.4bf2dc71.js:2
(匿名) @ 808.d56623c9.chunk.js:1
u @ 9561.4bf2dc71.js:2
(匿名) @ 9561.4bf2dc71.js:2
(匿名) @ 9561.4bf2dc71.js:2
r @ 9561.4bf2dc71.js:2
s @ 9561.4bf2dc71.js:2
Promise.then
r @ 9561.4bf2dc71.js:2
s @ 9561.4bf2dc71.js:2
Promise.then
r @ 9561.4bf2dc71.js:2
s @ 9561.4bf2dc71.js:2
Promise.then
r @ 9561.4bf2dc71.js:2
s @ 9561.4bf2dc71.js:2
(匿名) @ 9561.4bf2dc71.js:2
(匿名) @ 9561.4bf2dc71.js:2
value @ 808.d56623c9.chunk.js:1
F @ 9561.4bf2dc71.js:2
(匿名) @ 9561.4bf2dc71.js:2
Ec @ 9561.4bf2dc71.js:2
t.unstable_runWithPriority @ 9561.4bf2dc71.js:2
qo @ 9561.4bf2dc71.js:2
kc @ 9561.4bf2dc71.js:2
dc @ 9561.4bf2dc71.js:2
(匿名) @ 9561.4bf2dc71.js:2
t.unstable_runWithPriority @ 9561.4bf2dc71.js:2
qo @ 9561.4bf2dc71.js:2
Xo @ 9561.4bf2dc71.js:2
$o @ 9561.4bf2dc71.js:2
fc @ 9561.4bf2dc71.js:2
We @ 9561.4bf2dc71.js:2
Ue @ 9561.4bf2dc71.js:2
He @ 9561.4bf2dc71.js:2
e.reportChanged @ 9561.4bf2dc71.js:2
t.setNewValue @ 9561.4bf2dc71.js:2
e.write @ 9561.4bf2dc71.js:2
set @ 9561.4bf2dc71.js:2
(匿名) @ main.2faaeed8.js:1
u @ 9561.4bf2dc71.js:2
(匿名) @ 9561.4bf2dc71.js:2
(匿名) @ 9561.4bf2dc71.js:2
r @ 9561.4bf2dc71.js:2
s @ 9561.4bf2dc71.js:2
Promise.then
r @ 9561.4bf2dc71.js:2
s @ 9561.4bf2dc71.js:2
(匿名) @ 9561.4bf2dc71.js:2
(匿名) @ 9561.4bf2dc71.js:2
Ee @ 9561.4bf2dc71.js:2
n @ 9561.4bf2dc71.js:2
(匿名) @ main.2faaeed8.js:1
setTimeout
value @ main.2faaeed8.js:1
Ee @ 9561.4bf2dc71.js:2
n @ 9561.4bf2dc71.js:2
(匿名) @ main.2faaeed8.js:1
u @ 9561.4bf2dc71.js:2
(匿名) @ 9561.4bf2dc71.js:2
(匿名) @ 9561.4bf2dc71.js:2
r @ 9561.4bf2dc71.js:2
s @ 9561.4bf2dc71.js:2
(匿名) @ 9561.4bf2dc71.js:2
(匿名) @ 9561.4bf2dc71.js:2
(匿名) @ main.2faaeed8.js:1
Ee @ 9561.4bf2dc71.js:2
n @ 9561.4bf2dc71.js:2
(匿名) @ main.2faaeed8.js:1
u @ 9561.4bf2dc71.js:2
(匿名) @ 9561.4bf2dc71.js:2
(匿名) @ 9561.4bf2dc71.js:2
r @ 9561.4bf2dc71.js:2
s @ 9561.4bf2dc71.js:2
Promise.then
r @ 9561.4bf2dc71.js:2
s @ 9561.4bf2dc71.js:2
Promise.then
r @ 9561.4bf2dc71.js:2
s @ 9561.4bf2dc71.js:2
Promise.then
r @ 9561.4bf2dc71.js:2
s @ 9561.4bf2dc71.js:2
(匿名) @ 9561.4bf2dc71.js:2
(匿名) @ 9561.4bf2dc71.js:2
value @ main.2faaeed8.js:1
F @ 9561.4bf2dc71.js:2
(匿名) @ 9561.4bf2dc71.js:2
Ec @ 9561.4bf2dc71.js:2
t.unstable_runWithPriority @ 9561.4bf2dc71.js:2
qo @ 9561.4bf2dc71.js:2
kc @ 9561.4bf2dc71.js:2
dc @ 9561.4bf2dc71.js:2
ic @ 9561.4bf2dc71.js:2
Gc @ 9561.4bf2dc71.js:2
(匿名) @ 9561.4bf2dc71.js:2
pc @ 9561.4bf2dc71.js:2
el @ 9561.4bf2dc71.js:2
render @ 9561.4bf2dc71.js:2
(匿名) @ main.2faaeed8.js:1
u @ 9561.4bf2dc71.js:2
(匿名) @ 9561.4bf2dc71.js:2
(匿名) @ 9561.4bf2dc71.js:2
r @ 9561.4bf2dc71.js:2
s @ 9561.4bf2dc71.js:2
Promise.then
r @ 9561.4bf2dc71.js:2
s @ 9561.4bf2dc71.js:2
(匿名) @ 9561.4bf2dc71.js:2
(匿名) @ 9561.4bf2dc71.js:2
(匿名) @ main.2faaeed8.js:1
(匿名) @ main.2faaeed8.js:1
u @ 9561.4bf2dc71.js:2
(匿名) @ 9561.4bf2dc71.js:2
(匿名) @ 9561.4bf2dc71.js:2
r @ 9561.4bf2dc71.js:2
s @ 9561.4bf2dc71.js:2
Promise.then
r @ 9561.4bf2dc71.js:2
s @ 9561.4bf2dc71.js:2
Promise.then
r @ 9561.4bf2dc71.js:2
s @ 9561.4bf2dc71.js:2
(匿名) @ 9561.4bf2dc71.js:2
(匿名) @ 9561.4bf2dc71.js:2
49209 @ main.2faaeed8.js:1
n @ main.2faaeed8.js:1
(匿名) @ main.2faaeed8.js:1
n.O @ main.2faaeed8.js:1
(匿名) @ main.2faaeed8.js:1
(匿名) @ main.2faaeed8.js:1
(匿名) @ main.2faaeed8.js:1
(匿名) @ main.2faaeed8.js:1
23:32:09.392 9561.4bf2dc71.js:2  react-intl-universal key "aa98ad92" not defined in zh
warningHandler @ 9561.4bf2dc71.js:2
value @ 9561.4bf2dc71.js:2
p @ 9561.4bf2dc71.js:2
value @ 8222.6209a852.chunk.js:1
Le @ 9561.4bf2dc71.js:2
(匿名) @ 9561.4bf2dc71.js:2
pe @ 9561.4bf2dc71.js:2
e.track @ 9561.4bf2dc71.js:2
n @ 9561.4bf2dc71.js:2
Xi @ 9561.4bf2dc71.js:2
$i @ 9561.4bf2dc71.js:2
Cs @ 9561.4bf2dc71.js:2
wc @ 9561.4bf2dc71.js:2
_c @ 9561.4bf2dc71.js:2
dc @ 9561.4bf2dc71.js:2
(匿名) @ 9561.4bf2dc71.js:2
t.unstable_runWithPriority @ 9561.4bf2dc71.js:2
qo @ 9561.4bf2dc71.js:2
Xo @ 9561.4bf2dc71.js:2
$o @ 9561.4bf2dc71.js:2
ic @ 9561.4bf2dc71.js:2
enqueueSetState @ 9561.4bf2dc71.js:2
b.setState @ 9561.4bf2dc71.js:2
(匿名) @ 8222.6209a852.chunk.js:1
u @ 9561.4bf2dc71.js:2
(匿名) @ 9561.4bf2dc71.js:2
(匿名) @ 9561.4bf2dc71.js:2
r @ 9561.4bf2dc71.js:2
s @ 9561.4bf2dc71.js:2
Promise.then
r @ 9561.4bf2dc71.js:2
s @ 9561.4bf2dc71.js:2
(匿名) @ 9561.4bf2dc71.js:2
(匿名) @ 9561.4bf2dc71.js:2
(匿名) @ 8222.6209a852.chunk.js:1
e.initCourse @ 8222.6209a852.chunk.js:1
(匿名) @ 8222.6209a852.chunk.js:1
ka @ 9561.4bf2dc71.js:2
xa @ 9561.4bf2dc71.js:2
Ec @ 9561.4bf2dc71.js:2
t.unstable_runWithPriority @ 9561.4bf2dc71.js:2
qo @ 9561.4bf2dc71.js:2
kc @ 9561.4bf2dc71.js:2
dc @ 9561.4bf2dc71.js:2
(匿名) @ 9561.4bf2dc71.js:2
t.unstable_runWithPriority @ 9561.4bf2dc71.js:2
qo @ 9561.4bf2dc71.js:2
Xo @ 9561.4bf2dc71.js:2
$o @ 9561.4bf2dc71.js:2
ic @ 9561.4bf2dc71.js:2
enqueueSetState @ 9561.4bf2dc71.js:2
b.setState @ 9561.4bf2dc71.js:2
(匿名) @ 808.d56623c9.chunk.js:1
u @ 9561.4bf2dc71.js:2
(匿名) @ 9561.4bf2dc71.js:2
(匿名) @ 9561.4bf2dc71.js:2
r @ 9561.4bf2dc71.js:2
s @ 9561.4bf2dc71.js:2
Promise.then
r @ 9561.4bf2dc71.js:2
s @ 9561.4bf2dc71.js:2
Promise.then
r @ 9561.4bf2dc71.js:2
s @ 9561.4bf2dc71.js:2
Promise.then
r @ 9561.4bf2dc71.js:2
s @ 9561.4bf2dc71.js:2
(匿名) @ 9561.4bf2dc71.js:2
(匿名) @ 9561.4bf2dc71.js:2
value @ 808.d56623c9.chunk.js:1
F @ 9561.4bf2dc71.js:2
(匿名) @ 9561.4bf2dc71.js:2
Ec @ 9561.4bf2dc71.js:2
t.unstable_runWithPriority @ 9561.4bf2dc71.js:2
qo @ 9561.4bf2dc71.js:2
kc @ 9561.4bf2dc71.js:2
dc @ 9561.4bf2dc71.js:2
(匿名) @ 9561.4bf2dc71.js:2
t.unstable_runWithPriority @ 9561.4bf2dc71.js:2
qo @ 9561.4bf2dc71.js:2
Xo @ 9561.4bf2dc71.js:2
$o @ 9561.4bf2dc71.js:2
fc @ 9561.4bf2dc71.js:2
We @ 9561.4bf2dc71.js:2
Ue @ 9561.4bf2dc71.js:2
He @ 9561.4bf2dc71.js:2
e.reportChanged @ 9561.4bf2dc71.js:2
t.setNewValue @ 9561.4bf2dc71.js:2
e.write @ 9561.4bf2dc71.js:2
set @ 9561.4bf2dc71.js:2
(匿名) @ main.2faaeed8.js:1
u @ 9561.4bf2dc71.js:2
(匿名) @ 9561.4bf2dc71.js:2
(匿名) @ 9561.4bf2dc71.js:2
r @ 9561.4bf2dc71.js:2
s @ 9561.4bf2dc71.js:2
Promise.then
r @ 9561.4bf2dc71.js:2
s @ 9561.4bf2dc71.js:2
(匿名) @ 9561.4bf2dc71.js:2
(匿名) @ 9561.4bf2dc71.js:2
Ee @ 9561.4bf2dc71.js:2
n @ 9561.4bf2dc71.js:2
(匿名) @ main.2faaeed8.js:1
setTimeout
value @ main.2faaeed8.js:1
Ee @ 9561.4bf2dc71.js:2
n @ 9561.4bf2dc71.js:2
(匿名) @ main.2faaeed8.js:1
u @ 9561.4bf2dc71.js:2
(匿名) @ 9561.4bf2dc71.js:2
(匿名) @ 9561.4bf2dc71.js:2
r @ 9561.4bf2dc71.js:2
s @ 9561.4bf2dc71.js:2
(匿名) @ 9561.4bf2dc71.js:2
(匿名) @ 9561.4bf2dc71.js:2
(匿名) @ main.2faaeed8.js:1
Ee @ 9561.4bf2dc71.js:2
n @ 9561.4bf2dc71.js:2
(匿名) @ main.2faaeed8.js:1
u @ 9561.4bf2dc71.js:2
(匿名) @ 9561.4bf2dc71.js:2
(匿名) @ 9561.4bf2dc71.js:2
r @ 9561.4bf2dc71.js:2
s @ 9561.4bf2dc71.js:2
Promise.then
r @ 9561.4bf2dc71.js:2
s @ 9561.4bf2dc71.js:2
Promise.then
r @ 9561.4bf2dc71.js:2
s @ 9561.4bf2dc71.js:2
Promise.then
r @ 9561.4bf2dc71.js:2
s @ 9561.4bf2dc71.js:2
(匿名) @ 9561.4bf2dc71.js:2
(匿名) @ 9561.4bf2dc71.js:2
value @ main.2faaeed8.js:1
F @ 9561.4bf2dc71.js:2
(匿名) @ 9561.4bf2dc71.js:2
Ec @ 9561.4bf2dc71.js:2
t.unstable_runWithPriority @ 9561.4bf2dc71.js:2
qo @ 9561.4bf2dc71.js:2
kc @ 9561.4bf2dc71.js:2
dc @ 9561.4bf2dc71.js:2
ic @ 9561.4bf2dc71.js:2
Gc @ 9561.4bf2dc71.js:2
(匿名) @ 9561.4bf2dc71.js:2
pc @ 9561.4bf2dc71.js:2
el @ 9561.4bf2dc71.js:2
render @ 9561.4bf2dc71.js:2
(匿名) @ main.2faaeed8.js:1
u @ 9561.4bf2dc71.js:2
(匿名) @ 9561.4bf2dc71.js:2
(匿名) @ 9561.4bf2dc71.js:2
r @ 9561.4bf2dc71.js:2
s @ 9561.4bf2dc71.js:2
Promise.then
r @ 9561.4bf2dc71.js:2
s @ 9561.4bf2dc71.js:2
(匿名) @ 9561.4bf2dc71.js:2
(匿名) @ 9561.4bf2dc71.js:2
(匿名) @ main.2faaeed8.js:1
(匿名) @ main.2faaeed8.js:1
u @ 9561.4bf2dc71.js:2
(匿名) @ 9561.4bf2dc71.js:2
(匿名) @ 9561.4bf2dc71.js:2
r @ 9561.4bf2dc71.js:2
s @ 9561.4bf2dc71.js:2
Promise.then
r @ 9561.4bf2dc71.js:2
s @ 9561.4bf2dc71.js:2
Promise.then
r @ 9561.4bf2dc71.js:2
s @ 9561.4bf2dc71.js:2
(匿名) @ 9561.4bf2dc71.js:2
(匿名) @ 9561.4bf2dc71.js:2
49209 @ main.2faaeed8.js:1
n @ main.2faaeed8.js:1
(匿名) @ main.2faaeed8.js:1
n.O @ main.2faaeed8.js:1
(匿名) @ main.2faaeed8.js:1
(匿名) @ main.2faaeed8.js:1
(匿名) @ main.2faaeed8.js:1
(匿名) @ main.2faaeed8.js:1
23:32:09.392 9561.4bf2dc71.js:2  react-intl-universal key "fe033787" not defined in zh
warningHandler @ 9561.4bf2dc71.js:2
value @ 9561.4bf2dc71.js:2
p @ 9561.4bf2dc71.js:2
value @ 8222.6209a852.chunk.js:1
Le @ 9561.4bf2dc71.js:2
(匿名) @ 9561.4bf2dc71.js:2
pe @ 9561.4bf2dc71.js:2
e.track @ 9561.4bf2dc71.js:2
n @ 9561.4bf2dc71.js:2
Xi @ 9561.4bf2dc71.js:2
$i @ 9561.4bf2dc71.js:2
Cs @ 9561.4bf2dc71.js:2
wc @ 9561.4bf2dc71.js:2
_c @ 9561.4bf2dc71.js:2
dc @ 9561.4bf2dc71.js:2
(匿名) @ 9561.4bf2dc71.js:2
t.unstable_runWithPriority @ 9561.4bf2dc71.js:2
qo @ 9561.4bf2dc71.js:2
Xo @ 9561.4bf2dc71.js:2
$o @ 9561.4bf2dc71.js:2
ic @ 9561.4bf2dc71.js:2
enqueueSetState @ 9561.4bf2dc71.js:2
b.setState @ 9561.4bf2dc71.js:2
(匿名) @ 8222.6209a852.chunk.js:1
u @ 9561.4bf2dc71.js:2
(匿名) @ 9561.4bf2dc71.js:2
(匿名) @ 9561.4bf2dc71.js:2
r @ 9561.4bf2dc71.js:2
s @ 9561.4bf2dc71.js:2
Promise.then
r @ 9561.4bf2dc71.js:2
s @ 9561.4bf2dc71.js:2
(匿名) @ 9561.4bf2dc71.js:2
(匿名) @ 9561.4bf2dc71.js:2
(匿名) @ 8222.6209a852.chunk.js:1
e.initCourse @ 8222.6209a852.chunk.js:1
(匿名) @ 8222.6209a852.chunk.js:1
ka @ 9561.4bf2dc71.js:2
xa @ 9561.4bf2dc71.js:2
Ec @ 9561.4bf2dc71.js:2
t.unstable_runWithPriority @ 9561.4bf2dc71.js:2
qo @ 9561.4bf2dc71.js:2
kc @ 9561.4bf2dc71.js:2
dc @ 9561.4bf2dc71.js:2
(匿名) @ 9561.4bf2dc71.js:2
t.unstable_runWithPriority @ 9561.4bf2dc71.js:2
qo @ 9561.4bf2dc71.js:2
Xo @ 9561.4bf2dc71.js:2
$o @ 9561.4bf2dc71.js:2
ic @ 9561.4bf2dc71.js:2
enqueueSetState @ 9561.4bf2dc71.js:2
b.setState @ 9561.4bf2dc71.js:2
(匿名) @ 808.d56623c9.chunk.js:1
u @ 9561.4bf2dc71.js:2
(匿名) @ 9561.4bf2dc71.js:2
(匿名) @ 9561.4bf2dc71.js:2
r @ 9561.4bf2dc71.js:2
s @ 9561.4bf2dc71.js:2
Promise.then
r @ 9561.4bf2dc71.js:2
s @ 9561.4bf2dc71.js:2
Promise.then
r @ 9561.4bf2dc71.js:2
s @ 9561.4bf2dc71.js:2
Promise.then
r @ 9561.4bf2dc71.js:2
s @ 9561.4bf2dc71.js:2
(匿名) @ 9561.4bf2dc71.js:2
(匿名) @ 9561.4bf2dc71.js:2
value @ 808.d56623c9.chunk.js:1
F @ 9561.4bf2dc71.js:2
(匿名) @ 9561.4bf2dc71.js:2
Ec @ 9561.4bf2dc71.js:2
t.unstable_runWithPriority @ 9561.4bf2dc71.js:2
qo @ 9561.4bf2dc71.js:2
kc @ 9561.4bf2dc71.js:2
dc @ 9561.4bf2dc71.js:2
(匿名) @ 9561.4bf2dc71.js:2
t.unstable_runWithPriority @ 9561.4bf2dc71.js:2
qo @ 9561.4bf2dc71.js:2
Xo @ 9561.4bf2dc71.js:2
$o @ 9561.4bf2dc71.js:2
fc @ 9561.4bf2dc71.js:2
We @ 9561.4bf2dc71.js:2
Ue @ 9561.4bf2dc71.js:2
He @ 9561.4bf2dc71.js:2
e.reportChanged @ 9561.4bf2dc71.js:2
t.setNewValue @ 9561.4bf2dc71.js:2
e.write @ 9561.4bf2dc71.js:2
set @ 9561.4bf2dc71.js:2
(匿名) @ main.2faaeed8.js:1
u @ 9561.4bf2dc71.js:2
(匿名) @ 9561.4bf2dc71.js:2
(匿名) @ 9561.4bf2dc71.js:2
r @ 9561.4bf2dc71.js:2
s @ 9561.4bf2dc71.js:2
Promise.then
r @ 9561.4bf2dc71.js:2
s @ 9561.4bf2dc71.js:2
(匿名) @ 9561.4bf2dc71.js:2
(匿名) @ 9561.4bf2dc71.js:2
Ee @ 9561.4bf2dc71.js:2
n @ 9561.4bf2dc71.js:2
(匿名) @ main.2faaeed8.js:1
setTimeout
value @ main.2faaeed8.js:1
Ee @ 9561.4bf2dc71.js:2
n @ 9561.4bf2dc71.js:2
(匿名) @ main.2faaeed8.js:1
u @ 9561.4bf2dc71.js:2
(匿名) @ 9561.4bf2dc71.js:2
(匿名) @ 9561.4bf2dc71.js:2
r @ 9561.4bf2dc71.js:2
s @ 9561.4bf2dc71.js:2
(匿名) @ 9561.4bf2dc71.js:2
(匿名) @ 9561.4bf2dc71.js:2
(匿名) @ main.2faaeed8.js:1
Ee @ 9561.4bf2dc71.js:2
n @ 9561.4bf2dc71.js:2
(匿名) @ main.2faaeed8.js:1
u @ 9561.4bf2dc71.js:2
(匿名) @ 9561.4bf2dc71.js:2
(匿名) @ 9561.4bf2dc71.js:2
r @ 9561.4bf2dc71.js:2
s @ 9561.4bf2dc71.js:2
Promise.then
r @ 9561.4bf2dc71.js:2
s @ 9561.4bf2dc71.js:2
Promise.then
r @ 9561.4bf2dc71.js:2
s @ 9561.4bf2dc71.js:2
Promise.then
r @ 9561.4bf2dc71.js:2
s @ 9561.4bf2dc71.js:2
(匿名) @ 9561.4bf2dc71.js:2
(匿名) @ 9561.4bf2dc71.js:2
value @ main.2faaeed8.js:1
F @ 9561.4bf2dc71.js:2
(匿名) @ 9561.4bf2dc71.js:2
Ec @ 9561.4bf2dc71.js:2
t.unstable_runWithPriority @ 9561.4bf2dc71.js:2
qo @ 9561.4bf2dc71.js:2
kc @ 9561.4bf2dc71.js:2
dc @ 9561.4bf2dc71.js:2
ic @ 9561.4bf2dc71.js:2
Gc @ 9561.4bf2dc71.js:2
(匿名) @ 9561.4bf2dc71.js:2
pc @ 9561.4bf2dc71.js:2
el @ 9561.4bf2dc71.js:2
render @ 9561.4bf2dc71.js:2
(匿名) @ main.2faaeed8.js:1
u @ 9561.4bf2dc71.js:2
(匿名) @ 9561.4bf2dc71.js:2
(匿名) @ 9561.4bf2dc71.js:2
r @ 9561.4bf2dc71.js:2
s @ 9561.4bf2dc71.js:2
Promise.then
r @ 9561.4bf2dc71.js:2
s @ 9561.4bf2dc71.js:2
(匿名) @ 9561.4bf2dc71.js:2
(匿名) @ 9561.4bf2dc71.js:2
(匿名) @ main.2faaeed8.js:1
(匿名) @ main.2faaeed8.js:1
u @ 9561.4bf2dc71.js:2
(匿名) @ 9561.4bf2dc71.js:2
(匿名) @ 9561.4bf2dc71.js:2
r @ 9561.4bf2dc71.js:2
s @ 9561.4bf2dc71.js:2
Promise.then
r @ 9561.4bf2dc71.js:2
s @ 9561.4bf2dc71.js:2
Promise.then
r @ 9561.4bf2dc71.js:2
s @ 9561.4bf2dc71.js:2
(匿名) @ 9561.4bf2dc71.js:2
(匿名) @ 9561.4bf2dc71.js:2
49209 @ main.2faaeed8.js:1
n @ main.2faaeed8.js:1
(匿名) @ main.2faaeed8.js:1
n.O @ main.2faaeed8.js:1
(匿名) @ main.2faaeed8.js:1
(匿名) @ main.2faaeed8.js:1
(匿名) @ main.2faaeed8.js:1
(匿名) @ main.2faaeed8.js:1
23:32:09.392 9561.4bf2dc71.js:2  react-intl-universal key "40e20dd4" not defined in zh
warningHandler @ 9561.4bf2dc71.js:2
value @ 9561.4bf2dc71.js:2
p @ 9561.4bf2dc71.js:2
value @ 8222.6209a852.chunk.js:1
Le @ 9561.4bf2dc71.js:2
(匿名) @ 9561.4bf2dc71.js:2
pe @ 9561.4bf2dc71.js:2
e.track @ 9561.4bf2dc71.js:2
n @ 9561.4bf2dc71.js:2
Xi @ 9561.4bf2dc71.js:2
$i @ 9561.4bf2dc71.js:2
Cs @ 9561.4bf2dc71.js:2
wc @ 9561.4bf2dc71.js:2
_c @ 9561.4bf2dc71.js:2
dc @ 9561.4bf2dc71.js:2
(匿名) @ 9561.4bf2dc71.js:2
t.unstable_runWithPriority @ 9561.4bf2dc71.js:2
qo @ 9561.4bf2dc71.js:2
Xo @ 9561.4bf2dc71.js:2
$o @ 9561.4bf2dc71.js:2
ic @ 9561.4bf2dc71.js:2
enqueueSetState @ 9561.4bf2dc71.js:2
b.setState @ 9561.4bf2dc71.js:2
(匿名) @ 8222.6209a852.chunk.js:1
u @ 9561.4bf2dc71.js:2
(匿名) @ 9561.4bf2dc71.js:2
(匿名) @ 9561.4bf2dc71.js:2
r @ 9561.4bf2dc71.js:2
s @ 9561.4bf2dc71.js:2
Promise.then
r @ 9561.4bf2dc71.js:2
s @ 9561.4bf2dc71.js:2
(匿名) @ 9561.4bf2dc71.js:2
(匿名) @ 9561.4bf2dc71.js:2
(匿名) @ 8222.6209a852.chunk.js:1
e.initCourse @ 8222.6209a852.chunk.js:1
(匿名) @ 8222.6209a852.chunk.js:1
ka @ 9561.4bf2dc71.js:2
xa @ 9561.4bf2dc71.js:2
Ec @ 9561.4bf2dc71.js:2
t.unstable_runWithPriority @ 9561.4bf2dc71.js:2
qo @ 9561.4bf2dc71.js:2
kc @ 9561.4bf2dc71.js:2
dc @ 9561.4bf2dc71.js:2
(匿名) @ 9561.4bf2dc71.js:2
t.unstable_runWithPriority @ 9561.4bf2dc71.js:2
qo @ 9561.4bf2dc71.js:2
Xo @ 9561.4bf2dc71.js:2
$o @ 9561.4bf2dc71.js:2
ic @ 9561.4bf2dc71.js:2
enqueueSetState @ 9561.4bf2dc71.js:2
b.setState @ 9561.4bf2dc71.js:2
(匿名) @ 808.d56623c9.chunk.js:1
u @ 9561.4bf2dc71.js:2
(匿名) @ 9561.4bf2dc71.js:2
(匿名) @ 9561.4bf2dc71.js:2
r @ 9561.4bf2dc71.js:2
s @ 9561.4bf2dc71.js:2
Promise.then
r @ 9561.4bf2dc71.js:2
s @ 9561.4bf2dc71.js:2
Promise.then
r @ 9561.4bf2dc71.js:2
s @ 9561.4bf2dc71.js:2
Promise.then
r @ 9561.4bf2dc71.js:2
s @ 9561.4bf2dc71.js:2
(匿名) @ 9561.4bf2dc71.js:2
(匿名) @ 9561.4bf2dc71.js:2
value @ 808.d56623c9.chunk.js:1
F @ 9561.4bf2dc71.js:2
(匿名) @ 9561.4bf2dc71.js:2
Ec @ 9561.4bf2dc71.js:2
t.unstable_runWithPriority @ 9561.4bf2dc71.js:2
qo @ 9561.4bf2dc71.js:2
kc @ 9561.4bf2dc71.js:2
dc @ 9561.4bf2dc71.js:2
(匿名) @ 9561.4bf2dc71.js:2
t.unstable_runWithPriority @ 9561.4bf2dc71.js:2
qo @ 9561.4bf2dc71.js:2
Xo @ 9561.4bf2dc71.js:2
$o @ 9561.4bf2dc71.js:2
fc @ 9561.4bf2dc71.js:2
We @ 9561.4bf2dc71.js:2
Ue @ 9561.4bf2dc71.js:2
He @ 9561.4bf2dc71.js:2
e.reportChanged @ 9561.4bf2dc71.js:2
t.setNewValue @ 9561.4bf2dc71.js:2
e.write @ 9561.4bf2dc71.js:2
set @ 9561.4bf2dc71.js:2
(匿名) @ main.2faaeed8.js:1
u @ 9561.4bf2dc71.js:2
(匿名) @ 9561.4bf2dc71.js:2
(匿名) @ 9561.4bf2dc71.js:2
r @ 9561.4bf2dc71.js:2
s @ 9561.4bf2dc71.js:2
Promise.then
r @ 9561.4bf2dc71.js:2
s @ 9561.4bf2dc71.js:2
(匿名) @ 9561.4bf2dc71.js:2
(匿名) @ 9561.4bf2dc71.js:2
Ee @ 9561.4bf2dc71.js:2
n @ 9561.4bf2dc71.js:2
(匿名) @ main.2faaeed8.js:1
setTimeout
value @ main.2faaeed8.js:1
Ee @ 9561.4bf2dc71.js:2
n @ 9561.4bf2dc71.js:2
(匿名) @ main.2faaeed8.js:1
u @ 9561.4bf2dc71.js:2
(匿名) @ 9561.4bf2dc71.js:2
(匿名) @ 9561.4bf2dc71.js:2
r @ 9561.4bf2dc71.js:2
s @ 9561.4bf2dc71.js:2
(匿名) @ 9561.4bf2dc71.js:2
(匿名) @ 9561.4bf2dc71.js:2
(匿名) @ main.2faaeed8.js:1
Ee @ 9561.4bf2dc71.js:2
n @ 9561.4bf2dc71.js:2
(匿名) @ main.2faaeed8.js:1
u @ 9561.4bf2dc71.js:2
(匿名) @ 9561.4bf2dc71.js:2
(匿名) @ 9561.4bf2dc71.js:2
r @ 9561.4bf2dc71.js:2
s @ 9561.4bf2dc71.js:2
Promise.then
r @ 9561.4bf2dc71.js:2
s @ 9561.4bf2dc71.js:2
Promise.then
r @ 9561.4bf2dc71.js:2
s @ 9561.4bf2dc71.js:2
Promise.then
r @ 9561.4bf2dc71.js:2
s @ 9561.4bf2dc71.js:2
(匿名) @ 9561.4bf2dc71.js:2
(匿名) @ 9561.4bf2dc71.js:2
value @ main.2faaeed8.js:1
F @ 9561.4bf2dc71.js:2
(匿名) @ 9561.4bf2dc71.js:2
Ec @ 9561.4bf2dc71.js:2
t.unstable_runWithPriority @ 9561.4bf2dc71.js:2
qo @ 9561.4bf2dc71.js:2
kc @ 9561.4bf2dc71.js:2
dc @ 9561.4bf2dc71.js:2
ic @ 9561.4bf2dc71.js:2
Gc @ 9561.4bf2dc71.js:2
(匿名) @ 9561.4bf2dc71.js:2
pc @ 9561.4bf2dc71.js:2
el @ 9561.4bf2dc71.js:2
render @ 9561.4bf2dc71.js:2
(匿名) @ main.2faaeed8.js:1
u @ 9561.4bf2dc71.js:2
(匿名) @ 9561.4bf2dc71.js:2
(匿名) @ 9561.4bf2dc71.js:2
r @ 9561.4bf2dc71.js:2
s @ 9561.4bf2dc71.js:2
Promise.then
r @ 9561.4bf2dc71.js:2
s @ 9561.4bf2dc71.js:2
(匿名) @ 9561.4bf2dc71.js:2
(匿名) @ 9561.4bf2dc71.js:2
(匿名) @ main.2faaeed8.js:1
(匿名) @ main.2faaeed8.js:1
u @ 9561.4bf2dc71.js:2
(匿名) @ 9561.4bf2dc71.js:2
(匿名) @ 9561.4bf2dc71.js:2
r @ 9561.4bf2dc71.js:2
s @ 9561.4bf2dc71.js:2
Promise.then
r @ 9561.4bf2dc71.js:2
s @ 9561.4bf2dc71.js:2
Promise.then
r @ 9561.4bf2dc71.js:2
s @ 9561.4bf2dc71.js:2
(匿名) @ 9561.4bf2dc71.js:2
(匿名) @ 9561.4bf2dc71.js:2
49209 @ main.2faaeed8.js:1
n @ main.2faaeed8.js:1
(匿名) @ main.2faaeed8.js:1
n.O @ main.2faaeed8.js:1
(匿名) @ main.2faaeed8.js:1
(匿名) @ main.2faaeed8.js:1
(匿名) @ main.2faaeed8.js:1
(匿名) @ main.2faaeed8.js:1
23:32:09.440 9561.4bf2dc71.js:2 div
23:32:09.440 9561.4bf2dc71.js:2 由于“保留日志”的原因，已阻止console.clear()
23:32:09.441 9561.4bf2dc71.js:2 ƒ l(){}
23:32:09.441 9561.4bf2dc71.js:2 由于“保留日志”的原因，已阻止console.clear()
23:32:09.441 9561.4bf2dc71.js:2 (索引)toStringlastIndexdotAllflagsglobalhasIndicesignoreCasemultilinesourcestickyunicodeunicodeSets(索引)toStringlastIndexdotAllflagsglobalhasIndicesignoreCasemultilinesourcestickyunicodeunicodeSetsdepƒ0false''falsefalsefalsefalse' 'falsefalsefalseObject
23:32:09.441 9561.4bf2dc71.js:2 由于“保留日志”的原因，已阻止console.clear()
23:32:09.441 9561.4bf2dc71.js:2 Wed Mar 11 2026 23:32:07 GMT+0800 (中国标准时间)
23:32:09.441 9561.4bf2dc71.js:2 由于“保留日志”的原因，已阻止console.clear()
23:32:09.441 9561.4bf2dc71.js:2 {}
23:32:09.441 9561.4bf2dc71.js:2 由于“保留日志”的原因，已阻止console.clear()
23:32:09.441 log.ts:179 [debug 23:32:9 ] 等待课程数据... 2
23:32:09.957 9561.4bf2dc71.js:2 div
23:32:09.957 9561.4bf2dc71.js:2 由于“保留日志”的原因，已阻止console.clear()
23:32:09.957 9561.4bf2dc71.js:2 ƒ l(){}
23:32:09.957 9561.4bf2dc71.js:2 由于“保留日志”的原因，已阻止console.clear()
23:32:09.957 9561.4bf2dc71.js:2 (索引)toStringlastIndexdotAllflagsglobalhasIndicesignoreCasemultilinesourcestickyunicodeunicodeSets(索引)toStringlastIndexdotAllflagsglobalhasIndicesignoreCasemultilinesourcestickyunicodeunicodeSetsdepƒ0false''falsefalsefalsefalse' 'falsefalsefalseObject
23:32:09.957 9561.4bf2dc71.js:2 由于“保留日志”的原因，已阻止console.clear()
23:32:09.957 9561.4bf2dc71.js:2 Wed Mar 11 2026 23:32:07 GMT+0800 (中国标准时间)
23:32:09.957 9561.4bf2dc71.js:2 由于“保留日志”的原因，已阻止console.clear()
23:32:09.957 9561.4bf2dc71.js:2 {}
23:32:09.958 9561.4bf2dc71.js:2 由于“保留日志”的原因，已阻止console.clear()
23:32:09.958 log.ts:179 [debug 23:32:9 ] 寻找taskDiv 泸州老窖生态环境保护宣传手册202508
23:32:09.958 log.ts:179 [debug 23:32:9 ] 构建任务 1: 泸州老窖生态环境保护宣传手册202508 类型: knowledge
23:32:09.958 factory.ts:33 创建课程任务: knowledge
23:32:09.958 log.ts:179 [debug 23:32:9 ] 寻找 taskDiv 泸州老窖生态环境保护宣传手册202508
23:32:09.958 log.ts:179 [debug 23:32:9 ] 开始初始化 knowledge 任务 span.jss204无属性
23:32:09.959 log.ts:179 [debug 23:32:9 ] 任务 1 初始化完成
23:32:09.959 log.ts:197  [warn 23:32:9 ] runMoocTask reload true ZsglCourse {event: {…}, taskList: Array(1), courseDetailData: Array(1), timerManager: TimerManager, taskIndex: 0}无属性
Warn @ log.ts:197
eval @ mooc.ts:62
eval @ event.ts:30
callEvent @ event.ts:29
eval @ course.ts:220
fulfilled @ course.ts:5
Promise.then
step @ course.ts:7
eval @ course.ts:8
__awaiter @ course.ts:4
eval @ course.ts:207
setInterval
setInterval @ utils.ts:182
eval @ course.ts:207
eval @ course.ts:8
__awaiter @ course.ts:4
processCourseData @ course.ts:204
eval @ course.ts:189
setInterval
setInterval @ utils.ts:182
eval @ course.ts:184
eval @ course.ts:8
__awaiter @ course.ts:4
OperateCard @ course.ts:178
eval @ course.ts:64
eval @ course.ts:8
__awaiter @ course.ts:4
eval @ course.ts:57
23:32:09.959 log.ts:179 [debug 23:32:9 ] runTask 开始执行任务: false
23:32:09.959 log.ts:179 [debug 23:32:9 ] runTask 开始执行任务:
23:32:09.959 log.ts:179 [debug 23:32:9 ] 开始点击任务按钮 span.jss204无属性
23:32:09.960 9561.4bf2dc71.js:2  react-intl-universal key "e2d15efb" not defined in zh
warningHandler @ 9561.4bf2dc71.js:2
value @ 9561.4bf2dc71.js:2
p @ 9561.4bf2dc71.js:2
value @ 808.d56623c9.chunk.js:1
Xi @ 9561.4bf2dc71.js:2
$i @ 9561.4bf2dc71.js:2
Cs @ 9561.4bf2dc71.js:2
wc @ 9561.4bf2dc71.js:2
_c @ 9561.4bf2dc71.js:2
dc @ 9561.4bf2dc71.js:2
(匿名) @ 9561.4bf2dc71.js:2
t.unstable_runWithPriority @ 9561.4bf2dc71.js:2
qo @ 9561.4bf2dc71.js:2
Xo @ 9561.4bf2dc71.js:2
$o @ 9561.4bf2dc71.js:2
se @ 9561.4bf2dc71.js:2
Tn @ 9561.4bf2dc71.js:2
eval @ knowledge.ts:45
eval @ knowledge.ts:8
__awaiter @ knowledge.ts:4
eval @ knowledge.ts:43
eval @ knowledge.ts:43
eval @ knowledge.ts:8
__awaiter @ knowledge.ts:4
Start @ knowledge.ts:42
eval @ mooc.ts:134
fulfilled @ mooc.ts:5
Promise.then
step @ mooc.ts:7
eval @ mooc.ts:8
__awaiter @ mooc.ts:4
runTask @ mooc.ts:115
eval @ mooc.ts:64
eval @ event.ts:30
callEvent @ event.ts:29
eval @ course.ts:220
fulfilled @ course.ts:5
Promise.then
step @ course.ts:7
eval @ course.ts:8
__awaiter @ course.ts:4
eval @ course.ts:207
setInterval
setInterval @ utils.ts:182
eval @ course.ts:207
eval @ course.ts:8
__awaiter @ course.ts:4
processCourseData @ course.ts:204
eval @ course.ts:189
setInterval
setInterval @ utils.ts:182
eval @ course.ts:184
eval @ course.ts:8
__awaiter @ course.ts:4
OperateCard @ course.ts:178
eval @ course.ts:64
eval @ course.ts:8
__awaiter @ course.ts:4
eval @ course.ts:57
23:32:09.960 9561.4bf2dc71.js:2  react-intl-universal key "cb38f75d" not defined in zh
warningHandler @ 9561.4bf2dc71.js:2
value @ 9561.4bf2dc71.js:2
p @ 9561.4bf2dc71.js:2
value @ 808.d56623c9.chunk.js:1
Xi @ 9561.4bf2dc71.js:2
$i @ 9561.4bf2dc71.js:2
Cs @ 9561.4bf2dc71.js:2
wc @ 9561.4bf2dc71.js:2
_c @ 9561.4bf2dc71.js:2
dc @ 9561.4bf2dc71.js:2
(匿名) @ 9561.4bf2dc71.js:2
t.unstable_runWithPriority @ 9561.4bf2dc71.js:2
qo @ 9561.4bf2dc71.js:2
Xo @ 9561.4bf2dc71.js:2
$o @ 9561.4bf2dc71.js:2
se @ 9561.4bf2dc71.js:2
Tn @ 9561.4bf2dc71.js:2
eval @ knowledge.ts:45
eval @ knowledge.ts:8
__awaiter @ knowledge.ts:4
eval @ knowledge.ts:43
eval @ knowledge.ts:43
eval @ knowledge.ts:8
__awaiter @ knowledge.ts:4
Start @ knowledge.ts:42
eval @ mooc.ts:134
fulfilled @ mooc.ts:5
Promise.then
step @ mooc.ts:7
eval @ mooc.ts:8
__awaiter @ mooc.ts:4
runTask @ mooc.ts:115
eval @ mooc.ts:64
eval @ event.ts:30
callEvent @ event.ts:29
eval @ course.ts:220
fulfilled @ course.ts:5
Promise.then
step @ course.ts:7
eval @ course.ts:8
__awaiter @ course.ts:4
eval @ course.ts:207
setInterval
setInterval @ utils.ts:182
eval @ course.ts:207
eval @ course.ts:8
__awaiter @ course.ts:4
processCourseData @ course.ts:204
eval @ course.ts:189
setInterval
setInterval @ utils.ts:182
eval @ course.ts:184
eval @ course.ts:8
__awaiter @ course.ts:4
OperateCard @ course.ts:178
eval @ course.ts:64
eval @ course.ts:8
__awaiter @ course.ts:4
eval @ course.ts:57
23:32:09.960 9561.4bf2dc71.js:2  react-intl-universal key "f5444d4a" not defined in zh
warningHandler @ 9561.4bf2dc71.js:2
value @ 9561.4bf2dc71.js:2
p @ 9561.4bf2dc71.js:2
value @ 808.d56623c9.chunk.js:1
Xi @ 9561.4bf2dc71.js:2
$i @ 9561.4bf2dc71.js:2
Cs @ 9561.4bf2dc71.js:2
wc @ 9561.4bf2dc71.js:2
_c @ 9561.4bf2dc71.js:2
dc @ 9561.4bf2dc71.js:2
(匿名) @ 9561.4bf2dc71.js:2
t.unstable_runWithPriority @ 9561.4bf2dc71.js:2
qo @ 9561.4bf2dc71.js:2
Xo @ 9561.4bf2dc71.js:2
$o @ 9561.4bf2dc71.js:2
se @ 9561.4bf2dc71.js:2
Tn @ 9561.4bf2dc71.js:2
eval @ knowledge.ts:45
eval @ knowledge.ts:8
__awaiter @ knowledge.ts:4
eval @ knowledge.ts:43
eval @ knowledge.ts:43
eval @ knowledge.ts:8
__awaiter @ knowledge.ts:4
Start @ knowledge.ts:42
eval @ mooc.ts:134
fulfilled @ mooc.ts:5
Promise.then
step @ mooc.ts:7
eval @ mooc.ts:8
__awaiter @ mooc.ts:4
runTask @ mooc.ts:115
eval @ mooc.ts:64
eval @ event.ts:30
callEvent @ event.ts:29
eval @ course.ts:220
fulfilled @ course.ts:5
Promise.then
step @ course.ts:7
eval @ course.ts:8
__awaiter @ course.ts:4
eval @ course.ts:207
setInterval
setInterval @ utils.ts:182
eval @ course.ts:207
eval @ course.ts:8
__awaiter @ course.ts:4
processCourseData @ course.ts:204
eval @ course.ts:189
setInterval
setInterval @ utils.ts:182
eval @ course.ts:184
eval @ course.ts:8
__awaiter @ course.ts:4
OperateCard @ course.ts:178
eval @ course.ts:64
eval @ course.ts:8
__awaiter @ course.ts:4
eval @ course.ts:57
23:32:09.960 9561.4bf2dc71.js:2  react-intl-universal key "1655dd5f" not defined in zh
warningHandler @ 9561.4bf2dc71.js:2
value @ 9561.4bf2dc71.js:2
p @ 9561.4bf2dc71.js:2
value @ 808.d56623c9.chunk.js:1
Xi @ 9561.4bf2dc71.js:2
$i @ 9561.4bf2dc71.js:2
Cs @ 9561.4bf2dc71.js:2
wc @ 9561.4bf2dc71.js:2
_c @ 9561.4bf2dc71.js:2
dc @ 9561.4bf2dc71.js:2
(匿名) @ 9561.4bf2dc71.js:2
t.unstable_runWithPriority @ 9561.4bf2dc71.js:2
qo @ 9561.4bf2dc71.js:2
Xo @ 9561.4bf2dc71.js:2
$o @ 9561.4bf2dc71.js:2
se @ 9561.4bf2dc71.js:2
Tn @ 9561.4bf2dc71.js:2
eval @ knowledge.ts:45
eval @ knowledge.ts:8
__awaiter @ knowledge.ts:4
eval @ knowledge.ts:43
eval @ knowledge.ts:43
eval @ knowledge.ts:8
__awaiter @ knowledge.ts:4
Start @ knowledge.ts:42
eval @ mooc.ts:134
fulfilled @ mooc.ts:5
Promise.then
step @ mooc.ts:7
eval @ mooc.ts:8
__awaiter @ mooc.ts:4
runTask @ mooc.ts:115
eval @ mooc.ts:64
eval @ event.ts:30
callEvent @ event.ts:29
eval @ course.ts:220
fulfilled @ course.ts:5
Promise.then
step @ course.ts:7
eval @ course.ts:8
__awaiter @ course.ts:4
eval @ course.ts:207
setInterval
setInterval @ utils.ts:182
eval @ course.ts:207
eval @ course.ts:8
__awaiter @ course.ts:4
processCourseData @ course.ts:204
eval @ course.ts:189
setInterval
setInterval @ utils.ts:182
eval @ course.ts:184
eval @ course.ts:8
__awaiter @ course.ts:4
OperateCard @ course.ts:178
eval @ course.ts:64
eval @ course.ts:8
__awaiter @ course.ts:4
eval @ course.ts:57
23:32:09.960 9561.4bf2dc71.js:2  react-intl-universal key "e7d2e85a" not defined in zh
warningHandler @ 9561.4bf2dc71.js:2
value @ 9561.4bf2dc71.js:2
p @ 9561.4bf2dc71.js:2
value @ 808.d56623c9.chunk.js:1
Xi @ 9561.4bf2dc71.js:2
$i @ 9561.4bf2dc71.js:2
Cs @ 9561.4bf2dc71.js:2
wc @ 9561.4bf2dc71.js:2
_c @ 9561.4bf2dc71.js:2
dc @ 9561.4bf2dc71.js:2
(匿名) @ 9561.4bf2dc71.js:2
t.unstable_runWithPriority @ 9561.4bf2dc71.js:2
qo @ 9561.4bf2dc71.js:2
Xo @ 9561.4bf2dc71.js:2
$o @ 9561.4bf2dc71.js:2
se @ 9561.4bf2dc71.js:2
Tn @ 9561.4bf2dc71.js:2
eval @ knowledge.ts:45
eval @ knowledge.ts:8
__awaiter @ knowledge.ts:4
eval @ knowledge.ts:43
eval @ knowledge.ts:43
eval @ knowledge.ts:8
__awaiter @ knowledge.ts:4
Start @ knowledge.ts:42
eval @ mooc.ts:134
fulfilled @ mooc.ts:5
Promise.then
step @ mooc.ts:7
eval @ mooc.ts:8
__awaiter @ mooc.ts:4
runTask @ mooc.ts:115
eval @ mooc.ts:64
eval @ event.ts:30
callEvent @ event.ts:29
eval @ course.ts:220
fulfilled @ course.ts:5
Promise.then
step @ course.ts:7
eval @ course.ts:8
__awaiter @ course.ts:4
eval @ course.ts:207
setInterval
setInterval @ utils.ts:182
eval @ course.ts:207
eval @ course.ts:8
__awaiter @ course.ts:4
processCourseData @ course.ts:204
eval @ course.ts:189
setInterval
setInterval @ utils.ts:182
eval @ course.ts:184
eval @ course.ts:8
__awaiter @ course.ts:4
OperateCard @ course.ts:178
eval @ course.ts:64
eval @ course.ts:8
__awaiter @ course.ts:4
eval @ course.ts:57
23:32:09.961 9561.4bf2dc71.js:2  react-intl-universal key "447595d5" not defined in zh
warningHandler @ 9561.4bf2dc71.js:2
value @ 9561.4bf2dc71.js:2
p @ 9561.4bf2dc71.js:2
(匿名) @ 8222.6209a852.chunk.js:1
hi @ 9561.4bf2dc71.js:2
Qi @ 9561.4bf2dc71.js:2
Cs @ 9561.4bf2dc71.js:2
wc @ 9561.4bf2dc71.js:2
_c @ 9561.4bf2dc71.js:2
dc @ 9561.4bf2dc71.js:2
(匿名) @ 9561.4bf2dc71.js:2
t.unstable_runWithPriority @ 9561.4bf2dc71.js:2
qo @ 9561.4bf2dc71.js:2
Xo @ 9561.4bf2dc71.js:2
$o @ 9561.4bf2dc71.js:2
se @ 9561.4bf2dc71.js:2
Tn @ 9561.4bf2dc71.js:2
eval @ knowledge.ts:45
eval @ knowledge.ts:8
__awaiter @ knowledge.ts:4
eval @ knowledge.ts:43
eval @ knowledge.ts:43
eval @ knowledge.ts:8
__awaiter @ knowledge.ts:4
Start @ knowledge.ts:42
eval @ mooc.ts:134
fulfilled @ mooc.ts:5
Promise.then
step @ mooc.ts:7
eval @ mooc.ts:8
__awaiter @ mooc.ts:4
runTask @ mooc.ts:115
eval @ mooc.ts:64
eval @ event.ts:30
callEvent @ event.ts:29
eval @ course.ts:220
fulfilled @ course.ts:5
Promise.then
step @ course.ts:7
eval @ course.ts:8
__awaiter @ course.ts:4
eval @ course.ts:207
setInterval
setInterval @ utils.ts:182
eval @ course.ts:207
eval @ course.ts:8
__awaiter @ course.ts:4
processCourseData @ course.ts:204
eval @ course.ts:189
setInterval
setInterval @ utils.ts:182
eval @ course.ts:184
eval @ course.ts:8
__awaiter @ course.ts:4
OperateCard @ course.ts:178
eval @ course.ts:64
eval @ course.ts:8
__awaiter @ course.ts:4
eval @ course.ts:57
23:32:10.471 9561.4bf2dc71.js:2 div
23:32:10.472 9561.4bf2dc71.js:2 由于“保留日志”的原因，已阻止console.clear()
23:32:10.472 9561.4bf2dc71.js:2 ƒ l(){}
23:32:10.472 9561.4bf2dc71.js:2 由于“保留日志”的原因，已阻止console.clear()
23:32:10.472 9561.4bf2dc71.js:2 (索引)toStringlastIndexdotAllflagsglobalhasIndicesignoreCasemultilinesourcestickyunicodeunicodeSets(索引)toStringlastIndexdotAllflagsglobalhasIndicesignoreCasemultilinesourcestickyunicodeunicodeSetsdepƒ0false''falsefalsefalsefalse' 'falsefalsefalseObject
23:32:10.473 9561.4bf2dc71.js:2 由于“保留日志”的原因，已阻止console.clear()
23:32:10.473 9561.4bf2dc71.js:2 Wed Mar 11 2026 23:32:07 GMT+0800 (中国标准时间)
23:32:10.474 9561.4bf2dc71.js:2 由于“保留日志”的原因，已阻止console.clear()
23:32:10.474 9561.4bf2dc71.js:2 {}
23:32:10.474 9561.4bf2dc71.js:2 由于“保留日志”的原因，已阻止console.clear()
23:32:10.475 log.ts:179 [debug 23:32:10 ] [开始按钮查找] 第 1 次尝试
23:32:10.479 log.ts:179 [debug 23:32:10 ] 拦截到HTTP请求: /learn/app/clientapi/knowledgecloud/members/hasPageViewAuth.do?knowledgePageId=9c4a573d72164476b93b7620ee225810&sid=5A670D84669445FC9794E23620100D76&os=99
23:32:10.797 9561.4bf2dc71.js:2  react-intl-universal key "b698998e" not defined in zh
warningHandler @ 9561.4bf2dc71.js:2
value @ 9561.4bf2dc71.js:2
p @ 9561.4bf2dc71.js:2
value @ 8222.6209a852.chunk.js:1
Le @ 9561.4bf2dc71.js:2
(匿名) @ 9561.4bf2dc71.js:2
pe @ 9561.4bf2dc71.js:2
e.track @ 9561.4bf2dc71.js:2
n @ 9561.4bf2dc71.js:2
Xi @ 9561.4bf2dc71.js:2
$i @ 9561.4bf2dc71.js:2
Cs @ 9561.4bf2dc71.js:2
wc @ 9561.4bf2dc71.js:2
_c @ 9561.4bf2dc71.js:2
dc @ 9561.4bf2dc71.js:2
(匿名) @ 9561.4bf2dc71.js:2
t.unstable_runWithPriority @ 9561.4bf2dc71.js:2
qo @ 9561.4bf2dc71.js:2
Xo @ 9561.4bf2dc71.js:2
$o @ 9561.4bf2dc71.js:2
ic @ 9561.4bf2dc71.js:2
enqueueSetState @ 9561.4bf2dc71.js:2
b.setState @ 9561.4bf2dc71.js:2
(匿名) @ 8222.6209a852.chunk.js:1
u @ 9561.4bf2dc71.js:2
(匿名) @ 9561.4bf2dc71.js:2
(匿名) @ 9561.4bf2dc71.js:2
r @ 9561.4bf2dc71.js:2
s @ 9561.4bf2dc71.js:2
Promise.then
r @ 9561.4bf2dc71.js:2
s @ 9561.4bf2dc71.js:2
(匿名) @ 9561.4bf2dc71.js:2
(匿名) @ 9561.4bf2dc71.js:2
onClick @ 2269.5c46b420.chunk.js:1
m @ 9561.4bf2dc71.js:2
w @ 9561.4bf2dc71.js:2
(匿名) @ 9561.4bf2dc71.js:2
E @ 9561.4bf2dc71.js:2
C @ 9561.4bf2dc71.js:2
S @ 9561.4bf2dc71.js:2
D @ 9561.4bf2dc71.js:2
kn @ 9561.4bf2dc71.js:2
le @ 9561.4bf2dc71.js:2
Dn @ 9561.4bf2dc71.js:2
zn @ 9561.4bf2dc71.js:2
An @ 9561.4bf2dc71.js:2
t.unstable_runWithPriority @ 9561.4bf2dc71.js:2
qo @ 9561.4bf2dc71.js:2
se @ 9561.4bf2dc71.js:2
Tn @ 9561.4bf2dc71.js:2
eval @ knowledge.ts:76
setInterval
setInterval @ utils.ts:182
eval @ knowledge.ts:64
waitForStartButton @ knowledge.ts:62
eval @ knowledge.ts:46
eval @ knowledge.ts:8
__awaiter @ knowledge.ts:4
eval @ knowledge.ts:43
eval @ knowledge.ts:43
eval @ knowledge.ts:8
__awaiter @ knowledge.ts:4
Start @ knowledge.ts:42
eval @ mooc.ts:134
fulfilled @ mooc.ts:5
Promise.then
step @ mooc.ts:7
eval @ mooc.ts:8
__awaiter @ mooc.ts:4
runTask @ mooc.ts:115
eval @ mooc.ts:64
eval @ event.ts:30
callEvent @ event.ts:29
eval @ course.ts:220
fulfilled @ course.ts:5
Promise.then
step @ course.ts:7
eval @ course.ts:8
__awaiter @ course.ts:4
eval @ course.ts:207
setInterval
setInterval @ utils.ts:182
eval @ course.ts:207
eval @ course.ts:8
__awaiter @ course.ts:4
processCourseData @ course.ts:204
eval @ course.ts:189
setInterval
setInterval @ utils.ts:182
eval @ course.ts:184
eval @ course.ts:8
__awaiter @ course.ts:4
OperateCard @ course.ts:178
eval @ course.ts:64
eval @ course.ts:8
__awaiter @ course.ts:4
eval @ course.ts:57
23:32:10.797 9561.4bf2dc71.js:2  react-intl-universal key "7c1b3891" not defined in zh
warningHandler @ 9561.4bf2dc71.js:2
value @ 9561.4bf2dc71.js:2
p @ 9561.4bf2dc71.js:2
value @ 8222.6209a852.chunk.js:1
Le @ 9561.4bf2dc71.js:2
(匿名) @ 9561.4bf2dc71.js:2
pe @ 9561.4bf2dc71.js:2
e.track @ 9561.4bf2dc71.js:2
n @ 9561.4bf2dc71.js:2
Xi @ 9561.4bf2dc71.js:2
$i @ 9561.4bf2dc71.js:2
Cs @ 9561.4bf2dc71.js:2
wc @ 9561.4bf2dc71.js:2
_c @ 9561.4bf2dc71.js:2
dc @ 9561.4bf2dc71.js:2
(匿名) @ 9561.4bf2dc71.js:2
t.unstable_runWithPriority @ 9561.4bf2dc71.js:2
qo @ 9561.4bf2dc71.js:2
Xo @ 9561.4bf2dc71.js:2
$o @ 9561.4bf2dc71.js:2
ic @ 9561.4bf2dc71.js:2
enqueueSetState @ 9561.4bf2dc71.js:2
b.setState @ 9561.4bf2dc71.js:2
(匿名) @ 8222.6209a852.chunk.js:1
u @ 9561.4bf2dc71.js:2
(匿名) @ 9561.4bf2dc71.js:2
(匿名) @ 9561.4bf2dc71.js:2
r @ 9561.4bf2dc71.js:2
s @ 9561.4bf2dc71.js:2
Promise.then
r @ 9561.4bf2dc71.js:2
s @ 9561.4bf2dc71.js:2
(匿名) @ 9561.4bf2dc71.js:2
(匿名) @ 9561.4bf2dc71.js:2
onClick @ 2269.5c46b420.chunk.js:1
m @ 9561.4bf2dc71.js:2
w @ 9561.4bf2dc71.js:2
(匿名) @ 9561.4bf2dc71.js:2
E @ 9561.4bf2dc71.js:2
C @ 9561.4bf2dc71.js:2
S @ 9561.4bf2dc71.js:2
D @ 9561.4bf2dc71.js:2
kn @ 9561.4bf2dc71.js:2
le @ 9561.4bf2dc71.js:2
Dn @ 9561.4bf2dc71.js:2
zn @ 9561.4bf2dc71.js:2
An @ 9561.4bf2dc71.js:2
t.unstable_runWithPriority @ 9561.4bf2dc71.js:2
qo @ 9561.4bf2dc71.js:2
se @ 9561.4bf2dc71.js:2
Tn @ 9561.4bf2dc71.js:2
eval @ knowledge.ts:76
setInterval
setInterval @ utils.ts:182
eval @ knowledge.ts:64
waitForStartButton @ knowledge.ts:62
eval @ knowledge.ts:46
eval @ knowledge.ts:8
__awaiter @ knowledge.ts:4
eval @ knowledge.ts:43
eval @ knowledge.ts:43
eval @ knowledge.ts:8
__awaiter @ knowledge.ts:4
Start @ knowledge.ts:42
eval @ mooc.ts:134
fulfilled @ mooc.ts:5
Promise.then
step @ mooc.ts:7
eval @ mooc.ts:8
__awaiter @ mooc.ts:4
runTask @ mooc.ts:115
eval @ mooc.ts:64
eval @ event.ts:30
callEvent @ event.ts:29
eval @ course.ts:220
fulfilled @ course.ts:5
Promise.then
step @ course.ts:7
eval @ course.ts:8
__awaiter @ course.ts:4
eval @ course.ts:207
setInterval
setInterval @ utils.ts:182
eval @ course.ts:207
eval @ course.ts:8
__awaiter @ course.ts:4
processCourseData @ course.ts:204
eval @ course.ts:189
setInterval
setInterval @ utils.ts:182
eval @ course.ts:184
eval @ course.ts:8
__awaiter @ course.ts:4
OperateCard @ course.ts:178
eval @ course.ts:64
eval @ course.ts:8
__awaiter @ course.ts:4
eval @ course.ts:57
23:32:10.797 9561.4bf2dc71.js:2  react-intl-universal key "625fb26b" not defined in zh
warningHandler @ 9561.4bf2dc71.js:2
value @ 9561.4bf2dc71.js:2
p @ 9561.4bf2dc71.js:2
value @ 8222.6209a852.chunk.js:1
Le @ 9561.4bf2dc71.js:2
(匿名) @ 9561.4bf2dc71.js:2
pe @ 9561.4bf2dc71.js:2
e.track @ 9561.4bf2dc71.js:2
n @ 9561.4bf2dc71.js:2
Xi @ 9561.4bf2dc71.js:2
$i @ 9561.4bf2dc71.js:2
Cs @ 9561.4bf2dc71.js:2
wc @ 9561.4bf2dc71.js:2
_c @ 9561.4bf2dc71.js:2
dc @ 9561.4bf2dc71.js:2
(匿名) @ 9561.4bf2dc71.js:2
t.unstable_runWithPriority @ 9561.4bf2dc71.js:2
qo @ 9561.4bf2dc71.js:2
Xo @ 9561.4bf2dc71.js:2
$o @ 9561.4bf2dc71.js:2
ic @ 9561.4bf2dc71.js:2
enqueueSetState @ 9561.4bf2dc71.js:2
b.setState @ 9561.4bf2dc71.js:2
(匿名) @ 8222.6209a852.chunk.js:1
u @ 9561.4bf2dc71.js:2
(匿名) @ 9561.4bf2dc71.js:2
(匿名) @ 9561.4bf2dc71.js:2
r @ 9561.4bf2dc71.js:2
s @ 9561.4bf2dc71.js:2
Promise.then
r @ 9561.4bf2dc71.js:2
s @ 9561.4bf2dc71.js:2
(匿名) @ 9561.4bf2dc71.js:2
(匿名) @ 9561.4bf2dc71.js:2
onClick @ 2269.5c46b420.chunk.js:1
m @ 9561.4bf2dc71.js:2
w @ 9561.4bf2dc71.js:2
(匿名) @ 9561.4bf2dc71.js:2
E @ 9561.4bf2dc71.js:2
C @ 9561.4bf2dc71.js:2
S @ 9561.4bf2dc71.js:2
D @ 9561.4bf2dc71.js:2
kn @ 9561.4bf2dc71.js:2
le @ 9561.4bf2dc71.js:2
Dn @ 9561.4bf2dc71.js:2
zn @ 9561.4bf2dc71.js:2
An @ 9561.4bf2dc71.js:2
t.unstable_runWithPriority @ 9561.4bf2dc71.js:2
qo @ 9561.4bf2dc71.js:2
se @ 9561.4bf2dc71.js:2
Tn @ 9561.4bf2dc71.js:2
eval @ knowledge.ts:76
setInterval
setInterval @ utils.ts:182
eval @ knowledge.ts:64
waitForStartButton @ knowledge.ts:62
eval @ knowledge.ts:46
eval @ knowledge.ts:8
__awaiter @ knowledge.ts:4
eval @ knowledge.ts:43
eval @ knowledge.ts:43
eval @ knowledge.ts:8
__awaiter @ knowledge.ts:4
Start @ knowledge.ts:42
eval @ mooc.ts:134
fulfilled @ mooc.ts:5
Promise.then
step @ mooc.ts:7
eval @ mooc.ts:8
__awaiter @ mooc.ts:4
runTask @ mooc.ts:115
eval @ mooc.ts:64
eval @ event.ts:30
callEvent @ event.ts:29
eval @ course.ts:220
fulfilled @ course.ts:5
Promise.then
step @ course.ts:7
eval @ course.ts:8
__awaiter @ course.ts:4
eval @ course.ts:207
setInterval
setInterval @ utils.ts:182
eval @ course.ts:207
eval @ course.ts:8
__awaiter @ course.ts:4
processCourseData @ course.ts:204
eval @ course.ts:189
setInterval
setInterval @ utils.ts:182
eval @ course.ts:184
eval @ course.ts:8
__awaiter @ course.ts:4
OperateCard @ course.ts:178
eval @ course.ts:64
eval @ course.ts:8
__awaiter @ course.ts:4
eval @ course.ts:57
23:32:10.797 9561.4bf2dc71.js:2  react-intl-universal key "aa98ad92" not defined in zh
warningHandler @ 9561.4bf2dc71.js:2
value @ 9561.4bf2dc71.js:2
p @ 9561.4bf2dc71.js:2
value @ 8222.6209a852.chunk.js:1
Le @ 9561.4bf2dc71.js:2
(匿名) @ 9561.4bf2dc71.js:2
pe @ 9561.4bf2dc71.js:2
e.track @ 9561.4bf2dc71.js:2
n @ 9561.4bf2dc71.js:2
Xi @ 9561.4bf2dc71.js:2
$i @ 9561.4bf2dc71.js:2
Cs @ 9561.4bf2dc71.js:2
wc @ 9561.4bf2dc71.js:2
_c @ 9561.4bf2dc71.js:2
dc @ 9561.4bf2dc71.js:2
(匿名) @ 9561.4bf2dc71.js:2
t.unstable_runWithPriority @ 9561.4bf2dc71.js:2
qo @ 9561.4bf2dc71.js:2
Xo @ 9561.4bf2dc71.js:2
$o @ 9561.4bf2dc71.js:2
ic @ 9561.4bf2dc71.js:2
enqueueSetState @ 9561.4bf2dc71.js:2
b.setState @ 9561.4bf2dc71.js:2
(匿名) @ 8222.6209a852.chunk.js:1
u @ 9561.4bf2dc71.js:2
(匿名) @ 9561.4bf2dc71.js:2
(匿名) @ 9561.4bf2dc71.js:2
r @ 9561.4bf2dc71.js:2
s @ 9561.4bf2dc71.js:2
Promise.then
r @ 9561.4bf2dc71.js:2
s @ 9561.4bf2dc71.js:2
(匿名) @ 9561.4bf2dc71.js:2
(匿名) @ 9561.4bf2dc71.js:2
onClick @ 2269.5c46b420.chunk.js:1
m @ 9561.4bf2dc71.js:2
w @ 9561.4bf2dc71.js:2
(匿名) @ 9561.4bf2dc71.js:2
E @ 9561.4bf2dc71.js:2
C @ 9561.4bf2dc71.js:2
S @ 9561.4bf2dc71.js:2
D @ 9561.4bf2dc71.js:2
kn @ 9561.4bf2dc71.js:2
le @ 9561.4bf2dc71.js:2
Dn @ 9561.4bf2dc71.js:2
zn @ 9561.4bf2dc71.js:2
An @ 9561.4bf2dc71.js:2
t.unstable_runWithPriority @ 9561.4bf2dc71.js:2
qo @ 9561.4bf2dc71.js:2
se @ 9561.4bf2dc71.js:2
Tn @ 9561.4bf2dc71.js:2
eval @ knowledge.ts:76
setInterval
setInterval @ utils.ts:182
eval @ knowledge.ts:64
waitForStartButton @ knowledge.ts:62
eval @ knowledge.ts:46
eval @ knowledge.ts:8
__awaiter @ knowledge.ts:4
eval @ knowledge.ts:43
eval @ knowledge.ts:43
eval @ knowledge.ts:8
__awaiter @ knowledge.ts:4
Start @ knowledge.ts:42
eval @ mooc.ts:134
fulfilled @ mooc.ts:5
Promise.then
step @ mooc.ts:7
eval @ mooc.ts:8
__awaiter @ mooc.ts:4
runTask @ mooc.ts:115
eval @ mooc.ts:64
eval @ event.ts:30
callEvent @ event.ts:29
eval @ course.ts:220
fulfilled @ course.ts:5
Promise.then
step @ course.ts:7
eval @ course.ts:8
__awaiter @ course.ts:4
eval @ course.ts:207
setInterval
setInterval @ utils.ts:182
eval @ course.ts:207
eval @ course.ts:8
__awaiter @ course.ts:4
processCourseData @ course.ts:204
eval @ course.ts:189
setInterval
setInterval @ utils.ts:182
eval @ course.ts:184
eval @ course.ts:8
__awaiter @ course.ts:4
OperateCard @ course.ts:178
eval @ course.ts:64
eval @ course.ts:8
__awaiter @ course.ts:4
eval @ course.ts:57
23:32:10.797 9561.4bf2dc71.js:2  react-intl-universal key "fe033787" not defined in zh
warningHandler @ 9561.4bf2dc71.js:2
value @ 9561.4bf2dc71.js:2
p @ 9561.4bf2dc71.js:2
value @ 8222.6209a852.chunk.js:1
Le @ 9561.4bf2dc71.js:2
(匿名) @ 9561.4bf2dc71.js:2
pe @ 9561.4bf2dc71.js:2
e.track @ 9561.4bf2dc71.js:2
n @ 9561.4bf2dc71.js:2
Xi @ 9561.4bf2dc71.js:2
$i @ 9561.4bf2dc71.js:2
Cs @ 9561.4bf2dc71.js:2
wc @ 9561.4bf2dc71.js:2
_c @ 9561.4bf2dc71.js:2
dc @ 9561.4bf2dc71.js:2
(匿名) @ 9561.4bf2dc71.js:2
t.unstable_runWithPriority @ 9561.4bf2dc71.js:2
qo @ 9561.4bf2dc71.js:2
Xo @ 9561.4bf2dc71.js:2
$o @ 9561.4bf2dc71.js:2
ic @ 9561.4bf2dc71.js:2
enqueueSetState @ 9561.4bf2dc71.js:2
b.setState @ 9561.4bf2dc71.js:2
(匿名) @ 8222.6209a852.chunk.js:1
u @ 9561.4bf2dc71.js:2
(匿名) @ 9561.4bf2dc71.js:2
(匿名) @ 9561.4bf2dc71.js:2
r @ 9561.4bf2dc71.js:2
s @ 9561.4bf2dc71.js:2
Promise.then
r @ 9561.4bf2dc71.js:2
s @ 9561.4bf2dc71.js:2
(匿名) @ 9561.4bf2dc71.js:2
(匿名) @ 9561.4bf2dc71.js:2
onClick @ 2269.5c46b420.chunk.js:1
m @ 9561.4bf2dc71.js:2
w @ 9561.4bf2dc71.js:2
(匿名) @ 9561.4bf2dc71.js:2
E @ 9561.4bf2dc71.js:2
C @ 9561.4bf2dc71.js:2
S @ 9561.4bf2dc71.js:2
D @ 9561.4bf2dc71.js:2
kn @ 9561.4bf2dc71.js:2
le @ 9561.4bf2dc71.js:2
Dn @ 9561.4bf2dc71.js:2
zn @ 9561.4bf2dc71.js:2
An @ 9561.4bf2dc71.js:2
t.unstable_runWithPriority @ 9561.4bf2dc71.js:2
qo @ 9561.4bf2dc71.js:2
se @ 9561.4bf2dc71.js:2
Tn @ 9561.4bf2dc71.js:2
eval @ knowledge.ts:76
setInterval
setInterval @ utils.ts:182
eval @ knowledge.ts:64
waitForStartButton @ knowledge.ts:62
eval @ knowledge.ts:46
eval @ knowledge.ts:8
__awaiter @ knowledge.ts:4
eval @ knowledge.ts:43
eval @ knowledge.ts:43
eval @ knowledge.ts:8
__awaiter @ knowledge.ts:4
Start @ knowledge.ts:42
eval @ mooc.ts:134
fulfilled @ mooc.ts:5
Promise.then
step @ mooc.ts:7
eval @ mooc.ts:8
__awaiter @ mooc.ts:4
runTask @ mooc.ts:115
eval @ mooc.ts:64
eval @ event.ts:30
callEvent @ event.ts:29
eval @ course.ts:220
fulfilled @ course.ts:5
Promise.then
step @ course.ts:7
eval @ course.ts:8
__awaiter @ course.ts:4
eval @ course.ts:207
setInterval
setInterval @ utils.ts:182
eval @ course.ts:207
eval @ course.ts:8
__awaiter @ course.ts:4
processCourseData @ course.ts:204
eval @ course.ts:189
setInterval
setInterval @ utils.ts:182
eval @ course.ts:184
eval @ course.ts:8
__awaiter @ course.ts:4
OperateCard @ course.ts:178
eval @ course.ts:64
eval @ course.ts:8
__awaiter @ course.ts:4
eval @ course.ts:57
23:32:10.797 9561.4bf2dc71.js:2  react-intl-universal key "40e20dd4" not defined in zh
warningHandler @ 9561.4bf2dc71.js:2
value @ 9561.4bf2dc71.js:2
p @ 9561.4bf2dc71.js:2
value @ 8222.6209a852.chunk.js:1
Le @ 9561.4bf2dc71.js:2
(匿名) @ 9561.4bf2dc71.js:2
pe @ 9561.4bf2dc71.js:2
e.track @ 9561.4bf2dc71.js:2
n @ 9561.4bf2dc71.js:2
Xi @ 9561.4bf2dc71.js:2
$i @ 9561.4bf2dc71.js:2
Cs @ 9561.4bf2dc71.js:2
wc @ 9561.4bf2dc71.js:2
_c @ 9561.4bf2dc71.js:2
dc @ 9561.4bf2dc71.js:2
(匿名) @ 9561.4bf2dc71.js:2
t.unstable_runWithPriority @ 9561.4bf2dc71.js:2
qo @ 9561.4bf2dc71.js:2
Xo @ 9561.4bf2dc71.js:2
$o @ 9561.4bf2dc71.js:2
ic @ 9561.4bf2dc71.js:2
enqueueSetState @ 9561.4bf2dc71.js:2
b.setState @ 9561.4bf2dc71.js:2
(匿名) @ 8222.6209a852.chunk.js:1
u @ 9561.4bf2dc71.js:2
(匿名) @ 9561.4bf2dc71.js:2
(匿名) @ 9561.4bf2dc71.js:2
r @ 9561.4bf2dc71.js:2
s @ 9561.4bf2dc71.js:2
Promise.then
r @ 9561.4bf2dc71.js:2
s @ 9561.4bf2dc71.js:2
(匿名) @ 9561.4bf2dc71.js:2
(匿名) @ 9561.4bf2dc71.js:2
onClick @ 2269.5c46b420.chunk.js:1
m @ 9561.4bf2dc71.js:2
w @ 9561.4bf2dc71.js:2
(匿名) @ 9561.4bf2dc71.js:2
E @ 9561.4bf2dc71.js:2
C @ 9561.4bf2dc71.js:2
S @ 9561.4bf2dc71.js:2
D @ 9561.4bf2dc71.js:2
kn @ 9561.4bf2dc71.js:2
le @ 9561.4bf2dc71.js:2
Dn @ 9561.4bf2dc71.js:2
zn @ 9561.4bf2dc71.js:2
An @ 9561.4bf2dc71.js:2
t.unstable_runWithPriority @ 9561.4bf2dc71.js:2
qo @ 9561.4bf2dc71.js:2
se @ 9561.4bf2dc71.js:2
Tn @ 9561.4bf2dc71.js:2
eval @ knowledge.ts:76
setInterval
setInterval @ utils.ts:182
eval @ knowledge.ts:64
waitForStartButton @ knowledge.ts:62
eval @ knowledge.ts:46
eval @ knowledge.ts:8
__awaiter @ knowledge.ts:4
eval @ knowledge.ts:43
eval @ knowledge.ts:43
eval @ knowledge.ts:8
__awaiter @ knowledge.ts:4
Start @ knowledge.ts:42
eval @ mooc.ts:134
fulfilled @ mooc.ts:5
Promise.then
step @ mooc.ts:7
eval @ mooc.ts:8
__awaiter @ mooc.ts:4
runTask @ mooc.ts:115
eval @ mooc.ts:64
eval @ event.ts:30
callEvent @ event.ts:29
eval @ course.ts:220
fulfilled @ course.ts:5
Promise.then
step @ course.ts:7
eval @ course.ts:8
__awaiter @ course.ts:4
eval @ course.ts:207
setInterval
setInterval @ utils.ts:182
eval @ course.ts:207
eval @ course.ts:8
__awaiter @ course.ts:4
processCourseData @ course.ts:204
eval @ course.ts:189
setInterval
setInterval @ utils.ts:182
eval @ course.ts:184
eval @ course.ts:8
__awaiter @ course.ts:4
OperateCard @ course.ts:178
eval @ course.ts:64
eval @ course.ts:8
__awaiter @ course.ts:4
eval @ course.ts:57
23:32:10.798 9561.4bf2dc71.js:2  react-intl-universal key "b698998e" not defined in zh
warningHandler @ 9561.4bf2dc71.js:2
value @ 9561.4bf2dc71.js:2
p @ 9561.4bf2dc71.js:2
value @ 8222.6209a852.chunk.js:1
Le @ 9561.4bf2dc71.js:2
(匿名) @ 9561.4bf2dc71.js:2
pe @ 9561.4bf2dc71.js:2
e.track @ 9561.4bf2dc71.js:2
n @ 9561.4bf2dc71.js:2
Xi @ 9561.4bf2dc71.js:2
$i @ 9561.4bf2dc71.js:2
Cs @ 9561.4bf2dc71.js:2
wc @ 9561.4bf2dc71.js:2
_c @ 9561.4bf2dc71.js:2
dc @ 9561.4bf2dc71.js:2
(匿名) @ 9561.4bf2dc71.js:2
t.unstable_runWithPriority @ 9561.4bf2dc71.js:2
qo @ 9561.4bf2dc71.js:2
Xo @ 9561.4bf2dc71.js:2
$o @ 9561.4bf2dc71.js:2
ic @ 9561.4bf2dc71.js:2
enqueueSetState @ 9561.4bf2dc71.js:2
b.setState @ 9561.4bf2dc71.js:2
e.handleFullScreen @ 8222.6209a852.chunk.js:1
(匿名) @ 8222.6209a852.chunk.js:1
u @ 9561.4bf2dc71.js:2
(匿名) @ 9561.4bf2dc71.js:2
(匿名) @ 9561.4bf2dc71.js:2
r @ 9561.4bf2dc71.js:2
s @ 9561.4bf2dc71.js:2
Promise.then
r @ 9561.4bf2dc71.js:2
s @ 9561.4bf2dc71.js:2
(匿名) @ 9561.4bf2dc71.js:2
(匿名) @ 9561.4bf2dc71.js:2
onClick @ 2269.5c46b420.chunk.js:1
m @ 9561.4bf2dc71.js:2
w @ 9561.4bf2dc71.js:2
(匿名) @ 9561.4bf2dc71.js:2
E @ 9561.4bf2dc71.js:2
C @ 9561.4bf2dc71.js:2
S @ 9561.4bf2dc71.js:2
D @ 9561.4bf2dc71.js:2
kn @ 9561.4bf2dc71.js:2
le @ 9561.4bf2dc71.js:2
Dn @ 9561.4bf2dc71.js:2
zn @ 9561.4bf2dc71.js:2
An @ 9561.4bf2dc71.js:2
t.unstable_runWithPriority @ 9561.4bf2dc71.js:2
qo @ 9561.4bf2dc71.js:2
se @ 9561.4bf2dc71.js:2
Tn @ 9561.4bf2dc71.js:2
eval @ knowledge.ts:76
setInterval
setInterval @ utils.ts:182
eval @ knowledge.ts:64
waitForStartButton @ knowledge.ts:62
eval @ knowledge.ts:46
eval @ knowledge.ts:8
__awaiter @ knowledge.ts:4
eval @ knowledge.ts:43
eval @ knowledge.ts:43
eval @ knowledge.ts:8
__awaiter @ knowledge.ts:4
Start @ knowledge.ts:42
eval @ mooc.ts:134
fulfilled @ mooc.ts:5
Promise.then
step @ mooc.ts:7
eval @ mooc.ts:8
__awaiter @ mooc.ts:4
runTask @ mooc.ts:115
eval @ mooc.ts:64
eval @ event.ts:30
callEvent @ event.ts:29
eval @ course.ts:220
fulfilled @ course.ts:5
Promise.then
step @ course.ts:7
eval @ course.ts:8
__awaiter @ course.ts:4
eval @ course.ts:207
setInterval
setInterval @ utils.ts:182
eval @ course.ts:207
eval @ course.ts:8
__awaiter @ course.ts:4
processCourseData @ course.ts:204
eval @ course.ts:189
setInterval
setInterval @ utils.ts:182
eval @ course.ts:184
eval @ course.ts:8
__awaiter @ course.ts:4
OperateCard @ course.ts:178
eval @ course.ts:64
eval @ course.ts:8
__awaiter @ course.ts:4
eval @ course.ts:57
23:32:10.798 9561.4bf2dc71.js:2  react-intl-universal key "7c1b3891" not defined in zh
warningHandler @ 9561.4bf2dc71.js:2
value @ 9561.4bf2dc71.js:2
p @ 9561.4bf2dc71.js:2
value @ 8222.6209a852.chunk.js:1
Le @ 9561.4bf2dc71.js:2
(匿名) @ 9561.4bf2dc71.js:2
pe @ 9561.4bf2dc71.js:2
e.track @ 9561.4bf2dc71.js:2
n @ 9561.4bf2dc71.js:2
Xi @ 9561.4bf2dc71.js:2
$i @ 9561.4bf2dc71.js:2
Cs @ 9561.4bf2dc71.js:2
wc @ 9561.4bf2dc71.js:2
_c @ 9561.4bf2dc71.js:2
dc @ 9561.4bf2dc71.js:2
(匿名) @ 9561.4bf2dc71.js:2
t.unstable_runWithPriority @ 9561.4bf2dc71.js:2
qo @ 9561.4bf2dc71.js:2
Xo @ 9561.4bf2dc71.js:2
$o @ 9561.4bf2dc71.js:2
ic @ 9561.4bf2dc71.js:2
enqueueSetState @ 9561.4bf2dc71.js:2
b.setState @ 9561.4bf2dc71.js:2
e.handleFullScreen @ 8222.6209a852.chunk.js:1
(匿名) @ 8222.6209a852.chunk.js:1
u @ 9561.4bf2dc71.js:2
(匿名) @ 9561.4bf2dc71.js:2
(匿名) @ 9561.4bf2dc71.js:2
r @ 9561.4bf2dc71.js:2
s @ 9561.4bf2dc71.js:2
Promise.then
r @ 9561.4bf2dc71.js:2
s @ 9561.4bf2dc71.js:2
(匿名) @ 9561.4bf2dc71.js:2
(匿名) @ 9561.4bf2dc71.js:2
onClick @ 2269.5c46b420.chunk.js:1
m @ 9561.4bf2dc71.js:2
w @ 9561.4bf2dc71.js:2
(匿名) @ 9561.4bf2dc71.js:2
E @ 9561.4bf2dc71.js:2
C @ 9561.4bf2dc71.js:2
S @ 9561.4bf2dc71.js:2
D @ 9561.4bf2dc71.js:2
kn @ 9561.4bf2dc71.js:2
le @ 9561.4bf2dc71.js:2
Dn @ 9561.4bf2dc71.js:2
zn @ 9561.4bf2dc71.js:2
An @ 9561.4bf2dc71.js:2
t.unstable_runWithPriority @ 9561.4bf2dc71.js:2
qo @ 9561.4bf2dc71.js:2
se @ 9561.4bf2dc71.js:2
Tn @ 9561.4bf2dc71.js:2
eval @ knowledge.ts:76
setInterval
setInterval @ utils.ts:182
eval @ knowledge.ts:64
waitForStartButton @ knowledge.ts:62
eval @ knowledge.ts:46
eval @ knowledge.ts:8
__awaiter @ knowledge.ts:4
eval @ knowledge.ts:43
eval @ knowledge.ts:43
eval @ knowledge.ts:8
__awaiter @ knowledge.ts:4
Start @ knowledge.ts:42
eval @ mooc.ts:134
fulfilled @ mooc.ts:5
Promise.then
step @ mooc.ts:7
eval @ mooc.ts:8
__awaiter @ mooc.ts:4
runTask @ mooc.ts:115
eval @ mooc.ts:64
eval @ event.ts:30
callEvent @ event.ts:29
eval @ course.ts:220
fulfilled @ course.ts:5
Promise.then
step @ course.ts:7
eval @ course.ts:8
__awaiter @ course.ts:4
eval @ course.ts:207
setInterval
setInterval @ utils.ts:182
eval @ course.ts:207
eval @ course.ts:8
__awaiter @ course.ts:4
processCourseData @ course.ts:204
eval @ course.ts:189
setInterval
setInterval @ utils.ts:182
eval @ course.ts:184
eval @ course.ts:8
__awaiter @ course.ts:4
OperateCard @ course.ts:178
eval @ course.ts:64
eval @ course.ts:8
__awaiter @ course.ts:4
eval @ course.ts:57
23:32:10.798 9561.4bf2dc71.js:2  react-intl-universal key "625fb26b" not defined in zh
warningHandler @ 9561.4bf2dc71.js:2
value @ 9561.4bf2dc71.js:2
p @ 9561.4bf2dc71.js:2
value @ 8222.6209a852.chunk.js:1
Le @ 9561.4bf2dc71.js:2
(匿名) @ 9561.4bf2dc71.js:2
pe @ 9561.4bf2dc71.js:2
e.track @ 9561.4bf2dc71.js:2
n @ 9561.4bf2dc71.js:2
Xi @ 9561.4bf2dc71.js:2
$i @ 9561.4bf2dc71.js:2
Cs @ 9561.4bf2dc71.js:2
wc @ 9561.4bf2dc71.js:2
_c @ 9561.4bf2dc71.js:2
dc @ 9561.4bf2dc71.js:2
(匿名) @ 9561.4bf2dc71.js:2
t.unstable_runWithPriority @ 9561.4bf2dc71.js:2
qo @ 9561.4bf2dc71.js:2
Xo @ 9561.4bf2dc71.js:2
$o @ 9561.4bf2dc71.js:2
ic @ 9561.4bf2dc71.js:2
enqueueSetState @ 9561.4bf2dc71.js:2
b.setState @ 9561.4bf2dc71.js:2
e.handleFullScreen @ 8222.6209a852.chunk.js:1
(匿名) @ 8222.6209a852.chunk.js:1
u @ 9561.4bf2dc71.js:2
(匿名) @ 9561.4bf2dc71.js:2
(匿名) @ 9561.4bf2dc71.js:2
r @ 9561.4bf2dc71.js:2
s @ 9561.4bf2dc71.js:2
Promise.then
r @ 9561.4bf2dc71.js:2
s @ 9561.4bf2dc71.js:2
(匿名) @ 9561.4bf2dc71.js:2
(匿名) @ 9561.4bf2dc71.js:2
onClick @ 2269.5c46b420.chunk.js:1
m @ 9561.4bf2dc71.js:2
w @ 9561.4bf2dc71.js:2
(匿名) @ 9561.4bf2dc71.js:2
E @ 9561.4bf2dc71.js:2
C @ 9561.4bf2dc71.js:2
S @ 9561.4bf2dc71.js:2
D @ 9561.4bf2dc71.js:2
kn @ 9561.4bf2dc71.js:2
le @ 9561.4bf2dc71.js:2
Dn @ 9561.4bf2dc71.js:2
zn @ 9561.4bf2dc71.js:2
An @ 9561.4bf2dc71.js:2
t.unstable_runWithPriority @ 9561.4bf2dc71.js:2
qo @ 9561.4bf2dc71.js:2
se @ 9561.4bf2dc71.js:2
Tn @ 9561.4bf2dc71.js:2
eval @ knowledge.ts:76
setInterval
setInterval @ utils.ts:182
eval @ knowledge.ts:64
waitForStartButton @ knowledge.ts:62
eval @ knowledge.ts:46
eval @ knowledge.ts:8
__awaiter @ knowledge.ts:4
eval @ knowledge.ts:43
eval @ knowledge.ts:43
eval @ knowledge.ts:8
__awaiter @ knowledge.ts:4
Start @ knowledge.ts:42
eval @ mooc.ts:134
fulfilled @ mooc.ts:5
Promise.then
step @ mooc.ts:7
eval @ mooc.ts:8
__awaiter @ mooc.ts:4
runTask @ mooc.ts:115
eval @ mooc.ts:64
eval @ event.ts:30
callEvent @ event.ts:29
eval @ course.ts:220
fulfilled @ course.ts:5
Promise.then
step @ course.ts:7
eval @ course.ts:8
__awaiter @ course.ts:4
eval @ course.ts:207
setInterval
setInterval @ utils.ts:182
eval @ course.ts:207
eval @ course.ts:8
__awaiter @ course.ts:4
processCourseData @ course.ts:204
eval @ course.ts:189
setInterval
setInterval @ utils.ts:182
eval @ course.ts:184
eval @ course.ts:8
__awaiter @ course.ts:4
OperateCard @ course.ts:178
eval @ course.ts:64
eval @ course.ts:8
__awaiter @ course.ts:4
eval @ course.ts:57
23:32:10.798 9561.4bf2dc71.js:2  react-intl-universal key "aa98ad92" not defined in zh
warningHandler @ 9561.4bf2dc71.js:2
value @ 9561.4bf2dc71.js:2
p @ 9561.4bf2dc71.js:2
value @ 8222.6209a852.chunk.js:1
Le @ 9561.4bf2dc71.js:2
(匿名) @ 9561.4bf2dc71.js:2
pe @ 9561.4bf2dc71.js:2
e.track @ 9561.4bf2dc71.js:2
n @ 9561.4bf2dc71.js:2
Xi @ 9561.4bf2dc71.js:2
$i @ 9561.4bf2dc71.js:2
Cs @ 9561.4bf2dc71.js:2
wc @ 9561.4bf2dc71.js:2
_c @ 9561.4bf2dc71.js:2
dc @ 9561.4bf2dc71.js:2
(匿名) @ 9561.4bf2dc71.js:2
t.unstable_runWithPriority @ 9561.4bf2dc71.js:2
qo @ 9561.4bf2dc71.js:2
Xo @ 9561.4bf2dc71.js:2
$o @ 9561.4bf2dc71.js:2
ic @ 9561.4bf2dc71.js:2
enqueueSetState @ 9561.4bf2dc71.js:2
b.setState @ 9561.4bf2dc71.js:2
e.handleFullScreen @ 8222.6209a852.chunk.js:1
(匿名) @ 8222.6209a852.chunk.js:1
u @ 9561.4bf2dc71.js:2
(匿名) @ 9561.4bf2dc71.js:2
(匿名) @ 9561.4bf2dc71.js:2
r @ 9561.4bf2dc71.js:2
s @ 9561.4bf2dc71.js:2
Promise.then
r @ 9561.4bf2dc71.js:2
s @ 9561.4bf2dc71.js:2
(匿名) @ 9561.4bf2dc71.js:2
(匿名) @ 9561.4bf2dc71.js:2
onClick @ 2269.5c46b420.chunk.js:1
m @ 9561.4bf2dc71.js:2
w @ 9561.4bf2dc71.js:2
(匿名) @ 9561.4bf2dc71.js:2
E @ 9561.4bf2dc71.js:2
C @ 9561.4bf2dc71.js:2
S @ 9561.4bf2dc71.js:2
D @ 9561.4bf2dc71.js:2
kn @ 9561.4bf2dc71.js:2
le @ 9561.4bf2dc71.js:2
Dn @ 9561.4bf2dc71.js:2
zn @ 9561.4bf2dc71.js:2
An @ 9561.4bf2dc71.js:2
t.unstable_runWithPriority @ 9561.4bf2dc71.js:2
qo @ 9561.4bf2dc71.js:2
se @ 9561.4bf2dc71.js:2
Tn @ 9561.4bf2dc71.js:2
eval @ knowledge.ts:76
setInterval
setInterval @ utils.ts:182
eval @ knowledge.ts:64
waitForStartButton @ knowledge.ts:62
eval @ knowledge.ts:46
eval @ knowledge.ts:8
__awaiter @ knowledge.ts:4
eval @ knowledge.ts:43
eval @ knowledge.ts:43
eval @ knowledge.ts:8
__awaiter @ knowledge.ts:4
Start @ knowledge.ts:42
eval @ mooc.ts:134
fulfilled @ mooc.ts:5
Promise.then
step @ mooc.ts:7
eval @ mooc.ts:8
__awaiter @ mooc.ts:4
runTask @ mooc.ts:115
eval @ mooc.ts:64
eval @ event.ts:30
callEvent @ event.ts:29
eval @ course.ts:220
fulfilled @ course.ts:5
Promise.then
step @ course.ts:7
eval @ course.ts:8
__awaiter @ course.ts:4
eval @ course.ts:207
setInterval
setInterval @ utils.ts:182
eval @ course.ts:207
eval @ course.ts:8
__awaiter @ course.ts:4
processCourseData @ course.ts:204
eval @ course.ts:189
setInterval
setInterval @ utils.ts:182
eval @ course.ts:184
eval @ course.ts:8
__awaiter @ course.ts:4
OperateCard @ course.ts:178
eval @ course.ts:64
eval @ course.ts:8
__awaiter @ course.ts:4
eval @ course.ts:57
23:32:10.799 9561.4bf2dc71.js:2  react-intl-universal key "fe033787" not defined in zh
warningHandler @ 9561.4bf2dc71.js:2
value @ 9561.4bf2dc71.js:2
p @ 9561.4bf2dc71.js:2
value @ 8222.6209a852.chunk.js:1
Le @ 9561.4bf2dc71.js:2
(匿名) @ 9561.4bf2dc71.js:2
pe @ 9561.4bf2dc71.js:2
e.track @ 9561.4bf2dc71.js:2
n @ 9561.4bf2dc71.js:2
Xi @ 9561.4bf2dc71.js:2
$i @ 9561.4bf2dc71.js:2
Cs @ 9561.4bf2dc71.js:2
wc @ 9561.4bf2dc71.js:2
_c @ 9561.4bf2dc71.js:2
dc @ 9561.4bf2dc71.js:2
(匿名) @ 9561.4bf2dc71.js:2
t.unstable_runWithPriority @ 9561.4bf2dc71.js:2
qo @ 9561.4bf2dc71.js:2
Xo @ 9561.4bf2dc71.js:2
$o @ 9561.4bf2dc71.js:2
ic @ 9561.4bf2dc71.js:2
enqueueSetState @ 9561.4bf2dc71.js:2
b.setState @ 9561.4bf2dc71.js:2
e.handleFullScreen @ 8222.6209a852.chunk.js:1
(匿名) @ 8222.6209a852.chunk.js:1
u @ 9561.4bf2dc71.js:2
(匿名) @ 9561.4bf2dc71.js:2
(匿名) @ 9561.4bf2dc71.js:2
r @ 9561.4bf2dc71.js:2
s @ 9561.4bf2dc71.js:2
Promise.then
r @ 9561.4bf2dc71.js:2
s @ 9561.4bf2dc71.js:2
(匿名) @ 9561.4bf2dc71.js:2
(匿名) @ 9561.4bf2dc71.js:2
onClick @ 2269.5c46b420.chunk.js:1
m @ 9561.4bf2dc71.js:2
w @ 9561.4bf2dc71.js:2
(匿名) @ 9561.4bf2dc71.js:2
E @ 9561.4bf2dc71.js:2
C @ 9561.4bf2dc71.js:2
S @ 9561.4bf2dc71.js:2
D @ 9561.4bf2dc71.js:2
kn @ 9561.4bf2dc71.js:2
le @ 9561.4bf2dc71.js:2
Dn @ 9561.4bf2dc71.js:2
zn @ 9561.4bf2dc71.js:2
An @ 9561.4bf2dc71.js:2
t.unstable_runWithPriority @ 9561.4bf2dc71.js:2
qo @ 9561.4bf2dc71.js:2
se @ 9561.4bf2dc71.js:2
Tn @ 9561.4bf2dc71.js:2
eval @ knowledge.ts:76
setInterval
setInterval @ utils.ts:182
eval @ knowledge.ts:64
waitForStartButton @ knowledge.ts:62
eval @ knowledge.ts:46
eval @ knowledge.ts:8
__awaiter @ knowledge.ts:4
eval @ knowledge.ts:43
eval @ knowledge.ts:43
eval @ knowledge.ts:8
__awaiter @ knowledge.ts:4
Start @ knowledge.ts:42
eval @ mooc.ts:134
fulfilled @ mooc.ts:5
Promise.then
step @ mooc.ts:7
eval @ mooc.ts:8
__awaiter @ mooc.ts:4
runTask @ mooc.ts:115
eval @ mooc.ts:64
eval @ event.ts:30
callEvent @ event.ts:29
eval @ course.ts:220
fulfilled @ course.ts:5
Promise.then
step @ course.ts:7
eval @ course.ts:8
__awaiter @ course.ts:4
eval @ course.ts:207
setInterval
setInterval @ utils.ts:182
eval @ course.ts:207
eval @ course.ts:8
__awaiter @ course.ts:4
processCourseData @ course.ts:204
eval @ course.ts:189
setInterval
setInterval @ utils.ts:182
eval @ course.ts:184
eval @ course.ts:8
__awaiter @ course.ts:4
OperateCard @ course.ts:178
eval @ course.ts:64
eval @ course.ts:8
__awaiter @ course.ts:4
eval @ course.ts:57
23:32:10.799 9561.4bf2dc71.js:2  react-intl-universal key "40e20dd4" not defined in zh
warningHandler @ 9561.4bf2dc71.js:2
value @ 9561.4bf2dc71.js:2
p @ 9561.4bf2dc71.js:2
value @ 8222.6209a852.chunk.js:1
Le @ 9561.4bf2dc71.js:2
(匿名) @ 9561.4bf2dc71.js:2
pe @ 9561.4bf2dc71.js:2
e.track @ 9561.4bf2dc71.js:2
n @ 9561.4bf2dc71.js:2
Xi @ 9561.4bf2dc71.js:2
$i @ 9561.4bf2dc71.js:2
Cs @ 9561.4bf2dc71.js:2
wc @ 9561.4bf2dc71.js:2
_c @ 9561.4bf2dc71.js:2
dc @ 9561.4bf2dc71.js:2
(匿名) @ 9561.4bf2dc71.js:2
t.unstable_runWithPriority @ 9561.4bf2dc71.js:2
qo @ 9561.4bf2dc71.js:2
Xo @ 9561.4bf2dc71.js:2
$o @ 9561.4bf2dc71.js:2
ic @ 9561.4bf2dc71.js:2
enqueueSetState @ 9561.4bf2dc71.js:2
b.setState @ 9561.4bf2dc71.js:2
e.handleFullScreen @ 8222.6209a852.chunk.js:1
(匿名) @ 8222.6209a852.chunk.js:1
u @ 9561.4bf2dc71.js:2
(匿名) @ 9561.4bf2dc71.js:2
(匿名) @ 9561.4bf2dc71.js:2
r @ 9561.4bf2dc71.js:2
s @ 9561.4bf2dc71.js:2
Promise.then
r @ 9561.4bf2dc71.js:2
s @ 9561.4bf2dc71.js:2
(匿名) @ 9561.4bf2dc71.js:2
(匿名) @ 9561.4bf2dc71.js:2
onClick @ 2269.5c46b420.chunk.js:1
m @ 9561.4bf2dc71.js:2
w @ 9561.4bf2dc71.js:2
(匿名) @ 9561.4bf2dc71.js:2
E @ 9561.4bf2dc71.js:2
C @ 9561.4bf2dc71.js:2
S @ 9561.4bf2dc71.js:2
D @ 9561.4bf2dc71.js:2
kn @ 9561.4bf2dc71.js:2
le @ 9561.4bf2dc71.js:2
Dn @ 9561.4bf2dc71.js:2
zn @ 9561.4bf2dc71.js:2
An @ 9561.4bf2dc71.js:2
t.unstable_runWithPriority @ 9561.4bf2dc71.js:2
qo @ 9561.4bf2dc71.js:2
se @ 9561.4bf2dc71.js:2
Tn @ 9561.4bf2dc71.js:2
eval @ knowledge.ts:76
setInterval
setInterval @ utils.ts:182
eval @ knowledge.ts:64
waitForStartButton @ knowledge.ts:62
eval @ knowledge.ts:46
eval @ knowledge.ts:8
__awaiter @ knowledge.ts:4
eval @ knowledge.ts:43
eval @ knowledge.ts:43
eval @ knowledge.ts:8
__awaiter @ knowledge.ts:4
Start @ knowledge.ts:42
eval @ mooc.ts:134
fulfilled @ mooc.ts:5
Promise.then
step @ mooc.ts:7
eval @ mooc.ts:8
__awaiter @ mooc.ts:4
runTask @ mooc.ts:115
eval @ mooc.ts:64
eval @ event.ts:30
callEvent @ event.ts:29
eval @ course.ts:220
fulfilled @ course.ts:5
Promise.then
step @ course.ts:7
eval @ course.ts:8
__awaiter @ course.ts:4
eval @ course.ts:207
setInterval
setInterval @ utils.ts:182
eval @ course.ts:207
eval @ course.ts:8
__awaiter @ course.ts:4
processCourseData @ course.ts:204
eval @ course.ts:189
setInterval
setInterval @ utils.ts:182
eval @ course.ts:184
eval @ course.ts:8
__awaiter @ course.ts:4
OperateCard @ course.ts:178
eval @ course.ts:64
eval @ course.ts:8
__awaiter @ course.ts:4
eval @ course.ts:57
23:32:10.956 9561.4bf2dc71.js:2  react-intl-universal key "b698998e" not defined in zh
warningHandler @ 9561.4bf2dc71.js:2
value @ 9561.4bf2dc71.js:2
p @ 9561.4bf2dc71.js:2
value @ 8222.6209a852.chunk.js:1
Le @ 9561.4bf2dc71.js:2
(匿名) @ 9561.4bf2dc71.js:2
pe @ 9561.4bf2dc71.js:2
e.track @ 9561.4bf2dc71.js:2
n @ 9561.4bf2dc71.js:2
Xi @ 9561.4bf2dc71.js:2
$i @ 9561.4bf2dc71.js:2
Cs @ 9561.4bf2dc71.js:2
wc @ 9561.4bf2dc71.js:2
_c @ 9561.4bf2dc71.js:2
dc @ 9561.4bf2dc71.js:2
(匿名) @ 9561.4bf2dc71.js:2
t.unstable_runWithPriority @ 9561.4bf2dc71.js:2
qo @ 9561.4bf2dc71.js:2
Xo @ 9561.4bf2dc71.js:2
$o @ 9561.4bf2dc71.js:2
ic @ 9561.4bf2dc71.js:2
enqueueSetState @ 9561.4bf2dc71.js:2
b.setState @ 9561.4bf2dc71.js:2
e.playOrPause @ 8222.6209a852.chunk.js:1
(匿名) @ 8222.6209a852.chunk.js:1
setTimeout
e.listenCutScreen @ 8222.6209a852.chunk.js:1
(匿名) @ 8222.6209a852.chunk.js:1
u @ 9561.4bf2dc71.js:2
(匿名) @ 9561.4bf2dc71.js:2
(匿名) @ 9561.4bf2dc71.js:2
r @ 9561.4bf2dc71.js:2
s @ 9561.4bf2dc71.js:2
Promise.then
r @ 9561.4bf2dc71.js:2
s @ 9561.4bf2dc71.js:2
(匿名) @ 9561.4bf2dc71.js:2
(匿名) @ 9561.4bf2dc71.js:2
(匿名) @ 8222.6209a852.chunk.js:1
ka @ 9561.4bf2dc71.js:2
xa @ 9561.4bf2dc71.js:2
Ec @ 9561.4bf2dc71.js:2
t.unstable_runWithPriority @ 9561.4bf2dc71.js:2
qo @ 9561.4bf2dc71.js:2
kc @ 9561.4bf2dc71.js:2
dc @ 9561.4bf2dc71.js:2
(匿名) @ 9561.4bf2dc71.js:2
t.unstable_runWithPriority @ 9561.4bf2dc71.js:2
qo @ 9561.4bf2dc71.js:2
Xo @ 9561.4bf2dc71.js:2
$o @ 9561.4bf2dc71.js:2
ic @ 9561.4bf2dc71.js:2
enqueueSetState @ 9561.4bf2dc71.js:2
b.setState @ 9561.4bf2dc71.js:2
(匿名) @ 808.d56623c9.chunk.js:1
u @ 9561.4bf2dc71.js:2
(匿名) @ 9561.4bf2dc71.js:2
(匿名) @ 9561.4bf2dc71.js:2
r @ 9561.4bf2dc71.js:2
s @ 9561.4bf2dc71.js:2
Promise.then
r @ 9561.4bf2dc71.js:2
s @ 9561.4bf2dc71.js:2
Promise.then
r @ 9561.4bf2dc71.js:2
s @ 9561.4bf2dc71.js:2
Promise.then
r @ 9561.4bf2dc71.js:2
s @ 9561.4bf2dc71.js:2
(匿名) @ 9561.4bf2dc71.js:2
(匿名) @ 9561.4bf2dc71.js:2
value @ 808.d56623c9.chunk.js:1
F @ 9561.4bf2dc71.js:2
(匿名) @ 9561.4bf2dc71.js:2
Ec @ 9561.4bf2dc71.js:2
t.unstable_runWithPriority @ 9561.4bf2dc71.js:2
qo @ 9561.4bf2dc71.js:2
kc @ 9561.4bf2dc71.js:2
dc @ 9561.4bf2dc71.js:2
(匿名) @ 9561.4bf2dc71.js:2
t.unstable_runWithPriority @ 9561.4bf2dc71.js:2
qo @ 9561.4bf2dc71.js:2
Xo @ 9561.4bf2dc71.js:2
$o @ 9561.4bf2dc71.js:2
fc @ 9561.4bf2dc71.js:2
We @ 9561.4bf2dc71.js:2
Ue @ 9561.4bf2dc71.js:2
He @ 9561.4bf2dc71.js:2
e.reportChanged @ 9561.4bf2dc71.js:2
t.setNewValue @ 9561.4bf2dc71.js:2
e.write @ 9561.4bf2dc71.js:2
set @ 9561.4bf2dc71.js:2
(匿名) @ main.2faaeed8.js:1
u @ 9561.4bf2dc71.js:2
(匿名) @ 9561.4bf2dc71.js:2
(匿名) @ 9561.4bf2dc71.js:2
r @ 9561.4bf2dc71.js:2
s @ 9561.4bf2dc71.js:2
Promise.then
r @ 9561.4bf2dc71.js:2
s @ 9561.4bf2dc71.js:2
(匿名) @ 9561.4bf2dc71.js:2
(匿名) @ 9561.4bf2dc71.js:2
Ee @ 9561.4bf2dc71.js:2
n @ 9561.4bf2dc71.js:2
(匿名) @ main.2faaeed8.js:1
setTimeout
value @ main.2faaeed8.js:1
Ee @ 9561.4bf2dc71.js:2
n @ 9561.4bf2dc71.js:2
(匿名) @ main.2faaeed8.js:1
u @ 9561.4bf2dc71.js:2
(匿名) @ 9561.4bf2dc71.js:2
(匿名) @ 9561.4bf2dc71.js:2
r @ 9561.4bf2dc71.js:2
s @ 9561.4bf2dc71.js:2
(匿名) @ 9561.4bf2dc71.js:2
(匿名) @ 9561.4bf2dc71.js:2
(匿名) @ main.2faaeed8.js:1
Ee @ 9561.4bf2dc71.js:2
n @ 9561.4bf2dc71.js:2
(匿名) @ main.2faaeed8.js:1
u @ 9561.4bf2dc71.js:2
(匿名) @ 9561.4bf2dc71.js:2
(匿名) @ 9561.4bf2dc71.js:2
r @ 9561.4bf2dc71.js:2
s @ 9561.4bf2dc71.js:2
Promise.then
r @ 9561.4bf2dc71.js:2
s @ 9561.4bf2dc71.js:2
Promise.then
r @ 9561.4bf2dc71.js:2
s @ 9561.4bf2dc71.js:2
Promise.then
r @ 9561.4bf2dc71.js:2
s @ 9561.4bf2dc71.js:2
(匿名) @ 9561.4bf2dc71.js:2
(匿名) @ 9561.4bf2dc71.js:2
value @ main.2faaeed8.js:1
F @ 9561.4bf2dc71.js:2
(匿名) @ 9561.4bf2dc71.js:2
Ec @ 9561.4bf2dc71.js:2
t.unstable_runWithPriority @ 9561.4bf2dc71.js:2
qo @ 9561.4bf2dc71.js:2
kc @ 9561.4bf2dc71.js:2
dc @ 9561.4bf2dc71.js:2
ic @ 9561.4bf2dc71.js:2
Gc @ 9561.4bf2dc71.js:2
(匿名) @ 9561.4bf2dc71.js:2
pc @ 9561.4bf2dc71.js:2
el @ 9561.4bf2dc71.js:2
render @ 9561.4bf2dc71.js:2
(匿名) @ main.2faaeed8.js:1
u @ 9561.4bf2dc71.js:2
(匿名) @ 9561.4bf2dc71.js:2
(匿名) @ 9561.4bf2dc71.js:2
r @ 9561.4bf2dc71.js:2
s @ 9561.4bf2dc71.js:2
Promise.then
r @ 9561.4bf2dc71.js:2
s @ 9561.4bf2dc71.js:2
(匿名) @ 9561.4bf2dc71.js:2
(匿名) @ 9561.4bf2dc71.js:2
(匿名) @ main.2faaeed8.js:1
(匿名) @ main.2faaeed8.js:1
u @ 9561.4bf2dc71.js:2
(匿名) @ 9561.4bf2dc71.js:2
(匿名) @ 9561.4bf2dc71.js:2
r @ 9561.4bf2dc71.js:2
s @ 9561.4bf2dc71.js:2
Promise.then
r @ 9561.4bf2dc71.js:2
s @ 9561.4bf2dc71.js:2
Promise.then
r @ 9561.4bf2dc71.js:2
s @ 9561.4bf2dc71.js:2
(匿名) @ 9561.4bf2dc71.js:2
(匿名) @ 9561.4bf2dc71.js:2
49209 @ main.2faaeed8.js:1
n @ main.2faaeed8.js:1
(匿名) @ main.2faaeed8.js:1
n.O @ main.2faaeed8.js:1
(匿名) @ main.2faaeed8.js:1
(匿名) @ main.2faaeed8.js:1
(匿名) @ main.2faaeed8.js:1
(匿名) @ main.2faaeed8.js:1
23:32:10.956 9561.4bf2dc71.js:2  react-intl-universal key "7c1b3891" not defined in zh
warningHandler @ 9561.4bf2dc71.js:2
value @ 9561.4bf2dc71.js:2
p @ 9561.4bf2dc71.js:2
value @ 8222.6209a852.chunk.js:1
Le @ 9561.4bf2dc71.js:2
(匿名) @ 9561.4bf2dc71.js:2
pe @ 9561.4bf2dc71.js:2
e.track @ 9561.4bf2dc71.js:2
n @ 9561.4bf2dc71.js:2
Xi @ 9561.4bf2dc71.js:2
$i @ 9561.4bf2dc71.js:2
Cs @ 9561.4bf2dc71.js:2
wc @ 9561.4bf2dc71.js:2
_c @ 9561.4bf2dc71.js:2
dc @ 9561.4bf2dc71.js:2
(匿名) @ 9561.4bf2dc71.js:2
t.unstable_runWithPriority @ 9561.4bf2dc71.js:2
qo @ 9561.4bf2dc71.js:2
Xo @ 9561.4bf2dc71.js:2
$o @ 9561.4bf2dc71.js:2
ic @ 9561.4bf2dc71.js:2
enqueueSetState @ 9561.4bf2dc71.js:2
b.setState @ 9561.4bf2dc71.js:2
e.playOrPause @ 8222.6209a852.chunk.js:1
(匿名) @ 8222.6209a852.chunk.js:1
setTimeout
e.listenCutScreen @ 8222.6209a852.chunk.js:1
(匿名) @ 8222.6209a852.chunk.js:1
u @ 9561.4bf2dc71.js:2
(匿名) @ 9561.4bf2dc71.js:2
(匿名) @ 9561.4bf2dc71.js:2
r @ 9561.4bf2dc71.js:2
s @ 9561.4bf2dc71.js:2
Promise.then
r @ 9561.4bf2dc71.js:2
s @ 9561.4bf2dc71.js:2
(匿名) @ 9561.4bf2dc71.js:2
(匿名) @ 9561.4bf2dc71.js:2
(匿名) @ 8222.6209a852.chunk.js:1
ka @ 9561.4bf2dc71.js:2
xa @ 9561.4bf2dc71.js:2
Ec @ 9561.4bf2dc71.js:2
t.unstable_runWithPriority @ 9561.4bf2dc71.js:2
qo @ 9561.4bf2dc71.js:2
kc @ 9561.4bf2dc71.js:2
dc @ 9561.4bf2dc71.js:2
(匿名) @ 9561.4bf2dc71.js:2
t.unstable_runWithPriority @ 9561.4bf2dc71.js:2
qo @ 9561.4bf2dc71.js:2
Xo @ 9561.4bf2dc71.js:2
$o @ 9561.4bf2dc71.js:2
ic @ 9561.4bf2dc71.js:2
enqueueSetState @ 9561.4bf2dc71.js:2
b.setState @ 9561.4bf2dc71.js:2
(匿名) @ 808.d56623c9.chunk.js:1
u @ 9561.4bf2dc71.js:2
(匿名) @ 9561.4bf2dc71.js:2
(匿名) @ 9561.4bf2dc71.js:2
r @ 9561.4bf2dc71.js:2
s @ 9561.4bf2dc71.js:2
Promise.then
r @ 9561.4bf2dc71.js:2
s @ 9561.4bf2dc71.js:2
Promise.then
r @ 9561.4bf2dc71.js:2
s @ 9561.4bf2dc71.js:2
Promise.then
r @ 9561.4bf2dc71.js:2
s @ 9561.4bf2dc71.js:2
(匿名) @ 9561.4bf2dc71.js:2
(匿名) @ 9561.4bf2dc71.js:2
value @ 808.d56623c9.chunk.js:1
F @ 9561.4bf2dc71.js:2
(匿名) @ 9561.4bf2dc71.js:2
Ec @ 9561.4bf2dc71.js:2
t.unstable_runWithPriority @ 9561.4bf2dc71.js:2
qo @ 9561.4bf2dc71.js:2
kc @ 9561.4bf2dc71.js:2
dc @ 9561.4bf2dc71.js:2
(匿名) @ 9561.4bf2dc71.js:2
t.unstable_runWithPriority @ 9561.4bf2dc71.js:2
qo @ 9561.4bf2dc71.js:2
Xo @ 9561.4bf2dc71.js:2
$o @ 9561.4bf2dc71.js:2
fc @ 9561.4bf2dc71.js:2
We @ 9561.4bf2dc71.js:2
Ue @ 9561.4bf2dc71.js:2
He @ 9561.4bf2dc71.js:2
e.reportChanged @ 9561.4bf2dc71.js:2
t.setNewValue @ 9561.4bf2dc71.js:2
e.write @ 9561.4bf2dc71.js:2
set @ 9561.4bf2dc71.js:2
(匿名) @ main.2faaeed8.js:1
u @ 9561.4bf2dc71.js:2
(匿名) @ 9561.4bf2dc71.js:2
(匿名) @ 9561.4bf2dc71.js:2
r @ 9561.4bf2dc71.js:2
s @ 9561.4bf2dc71.js:2
Promise.then
r @ 9561.4bf2dc71.js:2
s @ 9561.4bf2dc71.js:2
(匿名) @ 9561.4bf2dc71.js:2
(匿名) @ 9561.4bf2dc71.js:2
Ee @ 9561.4bf2dc71.js:2
n @ 9561.4bf2dc71.js:2
(匿名) @ main.2faaeed8.js:1
setTimeout
value @ main.2faaeed8.js:1
Ee @ 9561.4bf2dc71.js:2
n @ 9561.4bf2dc71.js:2
(匿名) @ main.2faaeed8.js:1
u @ 9561.4bf2dc71.js:2
(匿名) @ 9561.4bf2dc71.js:2
(匿名) @ 9561.4bf2dc71.js:2
r @ 9561.4bf2dc71.js:2
s @ 9561.4bf2dc71.js:2
(匿名) @ 9561.4bf2dc71.js:2
(匿名) @ 9561.4bf2dc71.js:2
(匿名) @ main.2faaeed8.js:1
Ee @ 9561.4bf2dc71.js:2
n @ 9561.4bf2dc71.js:2
(匿名) @ main.2faaeed8.js:1
u @ 9561.4bf2dc71.js:2
(匿名) @ 9561.4bf2dc71.js:2
(匿名) @ 9561.4bf2dc71.js:2
r @ 9561.4bf2dc71.js:2
s @ 9561.4bf2dc71.js:2
Promise.then
r @ 9561.4bf2dc71.js:2
s @ 9561.4bf2dc71.js:2
Promise.then
r @ 9561.4bf2dc71.js:2
s @ 9561.4bf2dc71.js:2
Promise.then
r @ 9561.4bf2dc71.js:2
s @ 9561.4bf2dc71.js:2
(匿名) @ 9561.4bf2dc71.js:2
(匿名) @ 9561.4bf2dc71.js:2
value @ main.2faaeed8.js:1
F @ 9561.4bf2dc71.js:2
(匿名) @ 9561.4bf2dc71.js:2
Ec @ 9561.4bf2dc71.js:2
t.unstable_runWithPriority @ 9561.4bf2dc71.js:2
qo @ 9561.4bf2dc71.js:2
kc @ 9561.4bf2dc71.js:2
dc @ 9561.4bf2dc71.js:2
ic @ 9561.4bf2dc71.js:2
Gc @ 9561.4bf2dc71.js:2
(匿名) @ 9561.4bf2dc71.js:2
pc @ 9561.4bf2dc71.js:2
el @ 9561.4bf2dc71.js:2
render @ 9561.4bf2dc71.js:2
(匿名) @ main.2faaeed8.js:1
u @ 9561.4bf2dc71.js:2
(匿名) @ 9561.4bf2dc71.js:2
(匿名) @ 9561.4bf2dc71.js:2
r @ 9561.4bf2dc71.js:2
s @ 9561.4bf2dc71.js:2
Promise.then
r @ 9561.4bf2dc71.js:2
s @ 9561.4bf2dc71.js:2
(匿名) @ 9561.4bf2dc71.js:2
(匿名) @ 9561.4bf2dc71.js:2
(匿名) @ main.2faaeed8.js:1
(匿名) @ main.2faaeed8.js:1
u @ 9561.4bf2dc71.js:2
(匿名) @ 9561.4bf2dc71.js:2
(匿名) @ 9561.4bf2dc71.js:2
r @ 9561.4bf2dc71.js:2
s @ 9561.4bf2dc71.js:2
Promise.then
r @ 9561.4bf2dc71.js:2
s @ 9561.4bf2dc71.js:2
Promise.then
r @ 9561.4bf2dc71.js:2
s @ 9561.4bf2dc71.js:2
(匿名) @ 9561.4bf2dc71.js:2
(匿名) @ 9561.4bf2dc71.js:2
49209 @ main.2faaeed8.js:1
n @ main.2faaeed8.js:1
(匿名) @ main.2faaeed8.js:1
n.O @ main.2faaeed8.js:1
(匿名) @ main.2faaeed8.js:1
(匿名) @ main.2faaeed8.js:1
(匿名) @ main.2faaeed8.js:1
(匿名) @ main.2faaeed8.js:1
23:32:10.957 9561.4bf2dc71.js:2  react-intl-universal key "625fb26b" not defined in zh
warningHandler @ 9561.4bf2dc71.js:2
value @ 9561.4bf2dc71.js:2
p @ 9561.4bf2dc71.js:2
value @ 8222.6209a852.chunk.js:1
Le @ 9561.4bf2dc71.js:2
(匿名) @ 9561.4bf2dc71.js:2
pe @ 9561.4bf2dc71.js:2
e.track @ 9561.4bf2dc71.js:2
n @ 9561.4bf2dc71.js:2
Xi @ 9561.4bf2dc71.js:2
$i @ 9561.4bf2dc71.js:2
Cs @ 9561.4bf2dc71.js:2
wc @ 9561.4bf2dc71.js:2
_c @ 9561.4bf2dc71.js:2
dc @ 9561.4bf2dc71.js:2
(匿名) @ 9561.4bf2dc71.js:2
t.unstable_runWithPriority @ 9561.4bf2dc71.js:2
qo @ 9561.4bf2dc71.js:2
Xo @ 9561.4bf2dc71.js:2
$o @ 9561.4bf2dc71.js:2
ic @ 9561.4bf2dc71.js:2
enqueueSetState @ 9561.4bf2dc71.js:2
b.setState @ 9561.4bf2dc71.js:2
e.playOrPause @ 8222.6209a852.chunk.js:1
(匿名) @ 8222.6209a852.chunk.js:1
setTimeout
e.listenCutScreen @ 8222.6209a852.chunk.js:1
(匿名) @ 8222.6209a852.chunk.js:1
u @ 9561.4bf2dc71.js:2
(匿名) @ 9561.4bf2dc71.js:2
(匿名) @ 9561.4bf2dc71.js:2
r @ 9561.4bf2dc71.js:2
s @ 9561.4bf2dc71.js:2
Promise.then
r @ 9561.4bf2dc71.js:2
s @ 9561.4bf2dc71.js:2
(匿名) @ 9561.4bf2dc71.js:2
(匿名) @ 9561.4bf2dc71.js:2
(匿名) @ 8222.6209a852.chunk.js:1
ka @ 9561.4bf2dc71.js:2
xa @ 9561.4bf2dc71.js:2
Ec @ 9561.4bf2dc71.js:2
t.unstable_runWithPriority @ 9561.4bf2dc71.js:2
qo @ 9561.4bf2dc71.js:2
kc @ 9561.4bf2dc71.js:2
dc @ 9561.4bf2dc71.js:2
(匿名) @ 9561.4bf2dc71.js:2
t.unstable_runWithPriority @ 9561.4bf2dc71.js:2
qo @ 9561.4bf2dc71.js:2
Xo @ 9561.4bf2dc71.js:2
$o @ 9561.4bf2dc71.js:2
ic @ 9561.4bf2dc71.js:2
enqueueSetState @ 9561.4bf2dc71.js:2
b.setState @ 9561.4bf2dc71.js:2
(匿名) @ 808.d56623c9.chunk.js:1
u @ 9561.4bf2dc71.js:2
(匿名) @ 9561.4bf2dc71.js:2
(匿名) @ 9561.4bf2dc71.js:2
r @ 9561.4bf2dc71.js:2
s @ 9561.4bf2dc71.js:2
Promise.then
r @ 9561.4bf2dc71.js:2
s @ 9561.4bf2dc71.js:2
Promise.then
r @ 9561.4bf2dc71.js:2
s @ 9561.4bf2dc71.js:2
Promise.then
r @ 9561.4bf2dc71.js:2
s @ 9561.4bf2dc71.js:2
(匿名) @ 9561.4bf2dc71.js:2
(匿名) @ 9561.4bf2dc71.js:2
value @ 808.d56623c9.chunk.js:1
F @ 9561.4bf2dc71.js:2
(匿名) @ 9561.4bf2dc71.js:2
Ec @ 9561.4bf2dc71.js:2
t.unstable_runWithPriority @ 9561.4bf2dc71.js:2
qo @ 9561.4bf2dc71.js:2
kc @ 9561.4bf2dc71.js:2
dc @ 9561.4bf2dc71.js:2
(匿名) @ 9561.4bf2dc71.js:2
t.unstable_runWithPriority @ 9561.4bf2dc71.js:2
qo @ 9561.4bf2dc71.js:2
Xo @ 9561.4bf2dc71.js:2
$o @ 9561.4bf2dc71.js:2
fc @ 9561.4bf2dc71.js:2
We @ 9561.4bf2dc71.js:2
Ue @ 9561.4bf2dc71.js:2
He @ 9561.4bf2dc71.js:2
e.reportChanged @ 9561.4bf2dc71.js:2
t.setNewValue @ 9561.4bf2dc71.js:2
e.write @ 9561.4bf2dc71.js:2
set @ 9561.4bf2dc71.js:2
(匿名) @ main.2faaeed8.js:1
u @ 9561.4bf2dc71.js:2
(匿名) @ 9561.4bf2dc71.js:2
(匿名) @ 9561.4bf2dc71.js:2
r @ 9561.4bf2dc71.js:2
s @ 9561.4bf2dc71.js:2
Promise.then
r @ 9561.4bf2dc71.js:2
s @ 9561.4bf2dc71.js:2
(匿名) @ 9561.4bf2dc71.js:2
(匿名) @ 9561.4bf2dc71.js:2
Ee @ 9561.4bf2dc71.js:2
n @ 9561.4bf2dc71.js:2
(匿名) @ main.2faaeed8.js:1
setTimeout
value @ main.2faaeed8.js:1
Ee @ 9561.4bf2dc71.js:2
n @ 9561.4bf2dc71.js:2
(匿名) @ main.2faaeed8.js:1
u @ 9561.4bf2dc71.js:2
(匿名) @ 9561.4bf2dc71.js:2
(匿名) @ 9561.4bf2dc71.js:2
r @ 9561.4bf2dc71.js:2
s @ 9561.4bf2dc71.js:2
(匿名) @ 9561.4bf2dc71.js:2
(匿名) @ 9561.4bf2dc71.js:2
(匿名) @ main.2faaeed8.js:1
Ee @ 9561.4bf2dc71.js:2
n @ 9561.4bf2dc71.js:2
(匿名) @ main.2faaeed8.js:1
u @ 9561.4bf2dc71.js:2
(匿名) @ 9561.4bf2dc71.js:2
(匿名) @ 9561.4bf2dc71.js:2
r @ 9561.4bf2dc71.js:2
s @ 9561.4bf2dc71.js:2
Promise.then
r @ 9561.4bf2dc71.js:2
s @ 9561.4bf2dc71.js:2
Promise.then
r @ 9561.4bf2dc71.js:2
s @ 9561.4bf2dc71.js:2
Promise.then
r @ 9561.4bf2dc71.js:2
s @ 9561.4bf2dc71.js:2
(匿名) @ 9561.4bf2dc71.js:2
(匿名) @ 9561.4bf2dc71.js:2
value @ main.2faaeed8.js:1
F @ 9561.4bf2dc71.js:2
(匿名) @ 9561.4bf2dc71.js:2
Ec @ 9561.4bf2dc71.js:2
t.unstable_runWithPriority @ 9561.4bf2dc71.js:2
qo @ 9561.4bf2dc71.js:2
kc @ 9561.4bf2dc71.js:2
dc @ 9561.4bf2dc71.js:2
ic @ 9561.4bf2dc71.js:2
Gc @ 9561.4bf2dc71.js:2
(匿名) @ 9561.4bf2dc71.js:2
pc @ 9561.4bf2dc71.js:2
el @ 9561.4bf2dc71.js:2
render @ 9561.4bf2dc71.js:2
(匿名) @ main.2faaeed8.js:1
u @ 9561.4bf2dc71.js:2
(匿名) @ 9561.4bf2dc71.js:2
(匿名) @ 9561.4bf2dc71.js:2
r @ 9561.4bf2dc71.js:2
s @ 9561.4bf2dc71.js:2
Promise.then
r @ 9561.4bf2dc71.js:2
s @ 9561.4bf2dc71.js:2
(匿名) @ 9561.4bf2dc71.js:2
(匿名) @ 9561.4bf2dc71.js:2
(匿名) @ main.2faaeed8.js:1
(匿名) @ main.2faaeed8.js:1
u @ 9561.4bf2dc71.js:2
(匿名) @ 9561.4bf2dc71.js:2
(匿名) @ 9561.4bf2dc71.js:2
r @ 9561.4bf2dc71.js:2
s @ 9561.4bf2dc71.js:2
Promise.then
r @ 9561.4bf2dc71.js:2
s @ 9561.4bf2dc71.js:2
Promise.then
r @ 9561.4bf2dc71.js:2
s @ 9561.4bf2dc71.js:2
(匿名) @ 9561.4bf2dc71.js:2
(匿名) @ 9561.4bf2dc71.js:2
49209 @ main.2faaeed8.js:1
n @ main.2faaeed8.js:1
(匿名) @ main.2faaeed8.js:1
n.O @ main.2faaeed8.js:1
(匿名) @ main.2faaeed8.js:1
(匿名) @ main.2faaeed8.js:1
(匿名) @ main.2faaeed8.js:1
(匿名) @ main.2faaeed8.js:1
23:32:10.957 9561.4bf2dc71.js:2  react-intl-universal key "aa98ad92" not defined in zh
warningHandler @ 9561.4bf2dc71.js:2
value @ 9561.4bf2dc71.js:2
p @ 9561.4bf2dc71.js:2
value @ 8222.6209a852.chunk.js:1
Le @ 9561.4bf2dc71.js:2
(匿名) @ 9561.4bf2dc71.js:2
pe @ 9561.4bf2dc71.js:2
e.track @ 9561.4bf2dc71.js:2
n @ 9561.4bf2dc71.js:2
Xi @ 9561.4bf2dc71.js:2
$i @ 9561.4bf2dc71.js:2
Cs @ 9561.4bf2dc71.js:2
wc @ 9561.4bf2dc71.js:2
_c @ 9561.4bf2dc71.js:2
dc @ 9561.4bf2dc71.js:2
(匿名) @ 9561.4bf2dc71.js:2
t.unstable_runWithPriority @ 9561.4bf2dc71.js:2
qo @ 9561.4bf2dc71.js:2
Xo @ 9561.4bf2dc71.js:2
$o @ 9561.4bf2dc71.js:2
ic @ 9561.4bf2dc71.js:2
enqueueSetState @ 9561.4bf2dc71.js:2
b.setState @ 9561.4bf2dc71.js:2
e.playOrPause @ 8222.6209a852.chunk.js:1
(匿名) @ 8222.6209a852.chunk.js:1
setTimeout
e.listenCutScreen @ 8222.6209a852.chunk.js:1
(匿名) @ 8222.6209a852.chunk.js:1
u @ 9561.4bf2dc71.js:2
(匿名) @ 9561.4bf2dc71.js:2
(匿名) @ 9561.4bf2dc71.js:2
r @ 9561.4bf2dc71.js:2
s @ 9561.4bf2dc71.js:2
Promise.then
r @ 9561.4bf2dc71.js:2
s @ 9561.4bf2dc71.js:2
(匿名) @ 9561.4bf2dc71.js:2
(匿名) @ 9561.4bf2dc71.js:2
(匿名) @ 8222.6209a852.chunk.js:1
ka @ 9561.4bf2dc71.js:2
xa @ 9561.4bf2dc71.js:2
Ec @ 9561.4bf2dc71.js:2
t.unstable_runWithPriority @ 9561.4bf2dc71.js:2
qo @ 9561.4bf2dc71.js:2
kc @ 9561.4bf2dc71.js:2
dc @ 9561.4bf2dc71.js:2
(匿名) @ 9561.4bf2dc71.js:2
t.unstable_runWithPriority @ 9561.4bf2dc71.js:2
qo @ 9561.4bf2dc71.js:2
Xo @ 9561.4bf2dc71.js:2
$o @ 9561.4bf2dc71.js:2
ic @ 9561.4bf2dc71.js:2
enqueueSetState @ 9561.4bf2dc71.js:2
b.setState @ 9561.4bf2dc71.js:2
(匿名) @ 808.d56623c9.chunk.js:1
u @ 9561.4bf2dc71.js:2
(匿名) @ 9561.4bf2dc71.js:2
(匿名) @ 9561.4bf2dc71.js:2
r @ 9561.4bf2dc71.js:2
s @ 9561.4bf2dc71.js:2
Promise.then
r @ 9561.4bf2dc71.js:2
s @ 9561.4bf2dc71.js:2
Promise.then
r @ 9561.4bf2dc71.js:2
s @ 9561.4bf2dc71.js:2
Promise.then
r @ 9561.4bf2dc71.js:2
s @ 9561.4bf2dc71.js:2
(匿名) @ 9561.4bf2dc71.js:2
(匿名) @ 9561.4bf2dc71.js:2
value @ 808.d56623c9.chunk.js:1
F @ 9561.4bf2dc71.js:2
(匿名) @ 9561.4bf2dc71.js:2
Ec @ 9561.4bf2dc71.js:2
t.unstable_runWithPriority @ 9561.4bf2dc71.js:2
qo @ 9561.4bf2dc71.js:2
kc @ 9561.4bf2dc71.js:2
dc @ 9561.4bf2dc71.js:2
(匿名) @ 9561.4bf2dc71.js:2
t.unstable_runWithPriority @ 9561.4bf2dc71.js:2
qo @ 9561.4bf2dc71.js:2
Xo @ 9561.4bf2dc71.js:2
$o @ 9561.4bf2dc71.js:2
fc @ 9561.4bf2dc71.js:2
We @ 9561.4bf2dc71.js:2
Ue @ 9561.4bf2dc71.js:2
He @ 9561.4bf2dc71.js:2
e.reportChanged @ 9561.4bf2dc71.js:2
t.setNewValue @ 9561.4bf2dc71.js:2
e.write @ 9561.4bf2dc71.js:2
set @ 9561.4bf2dc71.js:2
(匿名) @ main.2faaeed8.js:1
u @ 9561.4bf2dc71.js:2
(匿名) @ 9561.4bf2dc71.js:2
(匿名) @ 9561.4bf2dc71.js:2
r @ 9561.4bf2dc71.js:2
s @ 9561.4bf2dc71.js:2
Promise.then
r @ 9561.4bf2dc71.js:2
s @ 9561.4bf2dc71.js:2
(匿名) @ 9561.4bf2dc71.js:2
(匿名) @ 9561.4bf2dc71.js:2
Ee @ 9561.4bf2dc71.js:2
n @ 9561.4bf2dc71.js:2
(匿名) @ main.2faaeed8.js:1
setTimeout
value @ main.2faaeed8.js:1
Ee @ 9561.4bf2dc71.js:2
n @ 9561.4bf2dc71.js:2
(匿名) @ main.2faaeed8.js:1
u @ 9561.4bf2dc71.js:2
(匿名) @ 9561.4bf2dc71.js:2
(匿名) @ 9561.4bf2dc71.js:2
r @ 9561.4bf2dc71.js:2
s @ 9561.4bf2dc71.js:2
(匿名) @ 9561.4bf2dc71.js:2
(匿名) @ 9561.4bf2dc71.js:2
(匿名) @ main.2faaeed8.js:1
Ee @ 9561.4bf2dc71.js:2
n @ 9561.4bf2dc71.js:2
(匿名) @ main.2faaeed8.js:1
u @ 9561.4bf2dc71.js:2
(匿名) @ 9561.4bf2dc71.js:2
(匿名) @ 9561.4bf2dc71.js:2
r @ 9561.4bf2dc71.js:2
s @ 9561.4bf2dc71.js:2
Promise.then
r @ 9561.4bf2dc71.js:2
s @ 9561.4bf2dc71.js:2
Promise.then
r @ 9561.4bf2dc71.js:2
s @ 9561.4bf2dc71.js:2
Promise.then
r @ 9561.4bf2dc71.js:2
s @ 9561.4bf2dc71.js:2
(匿名) @ 9561.4bf2dc71.js:2
(匿名) @ 9561.4bf2dc71.js:2
value @ main.2faaeed8.js:1
F @ 9561.4bf2dc71.js:2
(匿名) @ 9561.4bf2dc71.js:2
Ec @ 9561.4bf2dc71.js:2
t.unstable_runWithPriority @ 9561.4bf2dc71.js:2
qo @ 9561.4bf2dc71.js:2
kc @ 9561.4bf2dc71.js:2
dc @ 9561.4bf2dc71.js:2
ic @ 9561.4bf2dc71.js:2
Gc @ 9561.4bf2dc71.js:2
(匿名) @ 9561.4bf2dc71.js:2
pc @ 9561.4bf2dc71.js:2
el @ 9561.4bf2dc71.js:2
render @ 9561.4bf2dc71.js:2
(匿名) @ main.2faaeed8.js:1
u @ 9561.4bf2dc71.js:2
(匿名) @ 9561.4bf2dc71.js:2
(匿名) @ 9561.4bf2dc71.js:2
r @ 9561.4bf2dc71.js:2
s @ 9561.4bf2dc71.js:2
Promise.then
r @ 9561.4bf2dc71.js:2
s @ 9561.4bf2dc71.js:2
(匿名) @ 9561.4bf2dc71.js:2
(匿名) @ 9561.4bf2dc71.js:2
(匿名) @ main.2faaeed8.js:1
(匿名) @ main.2faaeed8.js:1
u @ 9561.4bf2dc71.js:2
(匿名) @ 9561.4bf2dc71.js:2
(匿名) @ 9561.4bf2dc71.js:2
r @ 9561.4bf2dc71.js:2
s @ 9561.4bf2dc71.js:2
Promise.then
r @ 9561.4bf2dc71.js:2
s @ 9561.4bf2dc71.js:2
Promise.then
r @ 9561.4bf2dc71.js:2
s @ 9561.4bf2dc71.js:2
(匿名) @ 9561.4bf2dc71.js:2
(匿名) @ 9561.4bf2dc71.js:2
49209 @ main.2faaeed8.js:1
n @ main.2faaeed8.js:1
(匿名) @ main.2faaeed8.js:1
n.O @ main.2faaeed8.js:1
(匿名) @ main.2faaeed8.js:1
(匿名) @ main.2faaeed8.js:1
(匿名) @ main.2faaeed8.js:1
(匿名) @ main.2faaeed8.js:1
23:32:10.957 9561.4bf2dc71.js:2  react-intl-universal key "fe033787" not defined in zh
warningHandler @ 9561.4bf2dc71.js:2
value @ 9561.4bf2dc71.js:2
p @ 9561.4bf2dc71.js:2
value @ 8222.6209a852.chunk.js:1
Le @ 9561.4bf2dc71.js:2
(匿名) @ 9561.4bf2dc71.js:2
pe @ 9561.4bf2dc71.js:2
e.track @ 9561.4bf2dc71.js:2
n @ 9561.4bf2dc71.js:2
Xi @ 9561.4bf2dc71.js:2
$i @ 9561.4bf2dc71.js:2
Cs @ 9561.4bf2dc71.js:2
wc @ 9561.4bf2dc71.js:2
_c @ 9561.4bf2dc71.js:2
dc @ 9561.4bf2dc71.js:2
(匿名) @ 9561.4bf2dc71.js:2
t.unstable_runWithPriority @ 9561.4bf2dc71.js:2
qo @ 9561.4bf2dc71.js:2
Xo @ 9561.4bf2dc71.js:2
$o @ 9561.4bf2dc71.js:2
ic @ 9561.4bf2dc71.js:2
enqueueSetState @ 9561.4bf2dc71.js:2
b.setState @ 9561.4bf2dc71.js:2
e.playOrPause @ 8222.6209a852.chunk.js:1
(匿名) @ 8222.6209a852.chunk.js:1
setTimeout
e.listenCutScreen @ 8222.6209a852.chunk.js:1
(匿名) @ 8222.6209a852.chunk.js:1
u @ 9561.4bf2dc71.js:2
(匿名) @ 9561.4bf2dc71.js:2
(匿名) @ 9561.4bf2dc71.js:2
r @ 9561.4bf2dc71.js:2
s @ 9561.4bf2dc71.js:2
Promise.then
r @ 9561.4bf2dc71.js:2
s @ 9561.4bf2dc71.js:2
(匿名) @ 9561.4bf2dc71.js:2
(匿名) @ 9561.4bf2dc71.js:2
(匿名) @ 8222.6209a852.chunk.js:1
ka @ 9561.4bf2dc71.js:2
xa @ 9561.4bf2dc71.js:2
Ec @ 9561.4bf2dc71.js:2
t.unstable_runWithPriority @ 9561.4bf2dc71.js:2
qo @ 9561.4bf2dc71.js:2
kc @ 9561.4bf2dc71.js:2
dc @ 9561.4bf2dc71.js:2
(匿名) @ 9561.4bf2dc71.js:2
t.unstable_runWithPriority @ 9561.4bf2dc71.js:2
qo @ 9561.4bf2dc71.js:2
Xo @ 9561.4bf2dc71.js:2
$o @ 9561.4bf2dc71.js:2
ic @ 9561.4bf2dc71.js:2
enqueueSetState @ 9561.4bf2dc71.js:2
b.setState @ 9561.4bf2dc71.js:2
(匿名) @ 808.d56623c9.chunk.js:1
u @ 9561.4bf2dc71.js:2
(匿名) @ 9561.4bf2dc71.js:2
(匿名) @ 9561.4bf2dc71.js:2
r @ 9561.4bf2dc71.js:2
s @ 9561.4bf2dc71.js:2
Promise.then
r @ 9561.4bf2dc71.js:2
s @ 9561.4bf2dc71.js:2
Promise.then
r @ 9561.4bf2dc71.js:2
s @ 9561.4bf2dc71.js:2
Promise.then
r @ 9561.4bf2dc71.js:2
s @ 9561.4bf2dc71.js:2
(匿名) @ 9561.4bf2dc71.js:2
(匿名) @ 9561.4bf2dc71.js:2
value @ 808.d56623c9.chunk.js:1
F @ 9561.4bf2dc71.js:2
(匿名) @ 9561.4bf2dc71.js:2
Ec @ 9561.4bf2dc71.js:2
t.unstable_runWithPriority @ 9561.4bf2dc71.js:2
qo @ 9561.4bf2dc71.js:2
kc @ 9561.4bf2dc71.js:2
dc @ 9561.4bf2dc71.js:2
(匿名) @ 9561.4bf2dc71.js:2
t.unstable_runWithPriority @ 9561.4bf2dc71.js:2
qo @ 9561.4bf2dc71.js:2
Xo @ 9561.4bf2dc71.js:2
$o @ 9561.4bf2dc71.js:2
fc @ 9561.4bf2dc71.js:2
We @ 9561.4bf2dc71.js:2
Ue @ 9561.4bf2dc71.js:2
He @ 9561.4bf2dc71.js:2
e.reportChanged @ 9561.4bf2dc71.js:2
t.setNewValue @ 9561.4bf2dc71.js:2
e.write @ 9561.4bf2dc71.js:2
set @ 9561.4bf2dc71.js:2
(匿名) @ main.2faaeed8.js:1
u @ 9561.4bf2dc71.js:2
(匿名) @ 9561.4bf2dc71.js:2
(匿名) @ 9561.4bf2dc71.js:2
r @ 9561.4bf2dc71.js:2
s @ 9561.4bf2dc71.js:2
Promise.then
r @ 9561.4bf2dc71.js:2
s @ 9561.4bf2dc71.js:2
(匿名) @ 9561.4bf2dc71.js:2
(匿名) @ 9561.4bf2dc71.js:2
Ee @ 9561.4bf2dc71.js:2
n @ 9561.4bf2dc71.js:2
(匿名) @ main.2faaeed8.js:1
setTimeout
value @ main.2faaeed8.js:1
Ee @ 9561.4bf2dc71.js:2
n @ 9561.4bf2dc71.js:2
(匿名) @ main.2faaeed8.js:1
u @ 9561.4bf2dc71.js:2
(匿名) @ 9561.4bf2dc71.js:2
(匿名) @ 9561.4bf2dc71.js:2
r @ 9561.4bf2dc71.js:2
s @ 9561.4bf2dc71.js:2
(匿名) @ 9561.4bf2dc71.js:2
(匿名) @ 9561.4bf2dc71.js:2
(匿名) @ main.2faaeed8.js:1
Ee @ 9561.4bf2dc71.js:2
n @ 9561.4bf2dc71.js:2
(匿名) @ main.2faaeed8.js:1
u @ 9561.4bf2dc71.js:2
(匿名) @ 9561.4bf2dc71.js:2
(匿名) @ 9561.4bf2dc71.js:2
r @ 9561.4bf2dc71.js:2
s @ 9561.4bf2dc71.js:2
Promise.then
r @ 9561.4bf2dc71.js:2
s @ 9561.4bf2dc71.js:2
Promise.then
r @ 9561.4bf2dc71.js:2
s @ 9561.4bf2dc71.js:2
Promise.then
r @ 9561.4bf2dc71.js:2
s @ 9561.4bf2dc71.js:2
(匿名) @ 9561.4bf2dc71.js:2
(匿名) @ 9561.4bf2dc71.js:2
value @ main.2faaeed8.js:1
F @ 9561.4bf2dc71.js:2
(匿名) @ 9561.4bf2dc71.js:2
Ec @ 9561.4bf2dc71.js:2
t.unstable_runWithPriority @ 9561.4bf2dc71.js:2
qo @ 9561.4bf2dc71.js:2
kc @ 9561.4bf2dc71.js:2
dc @ 9561.4bf2dc71.js:2
ic @ 9561.4bf2dc71.js:2
Gc @ 9561.4bf2dc71.js:2
(匿名) @ 9561.4bf2dc71.js:2
pc @ 9561.4bf2dc71.js:2
el @ 9561.4bf2dc71.js:2
render @ 9561.4bf2dc71.js:2
(匿名) @ main.2faaeed8.js:1
u @ 9561.4bf2dc71.js:2
(匿名) @ 9561.4bf2dc71.js:2
(匿名) @ 9561.4bf2dc71.js:2
r @ 9561.4bf2dc71.js:2
s @ 9561.4bf2dc71.js:2
Promise.then
r @ 9561.4bf2dc71.js:2
s @ 9561.4bf2dc71.js:2
(匿名) @ 9561.4bf2dc71.js:2
(匿名) @ 9561.4bf2dc71.js:2
(匿名) @ main.2faaeed8.js:1
(匿名) @ main.2faaeed8.js:1
u @ 9561.4bf2dc71.js:2
(匿名) @ 9561.4bf2dc71.js:2
(匿名) @ 9561.4bf2dc71.js:2
r @ 9561.4bf2dc71.js:2
s @ 9561.4bf2dc71.js:2
Promise.then
r @ 9561.4bf2dc71.js:2
s @ 9561.4bf2dc71.js:2
Promise.then
r @ 9561.4bf2dc71.js:2
s @ 9561.4bf2dc71.js:2
(匿名) @ 9561.4bf2dc71.js:2
(匿名) @ 9561.4bf2dc71.js:2
49209 @ main.2faaeed8.js:1
n @ main.2faaeed8.js:1
(匿名) @ main.2faaeed8.js:1
n.O @ main.2faaeed8.js:1
(匿名) @ main.2faaeed8.js:1
(匿名) @ main.2faaeed8.js:1
(匿名) @ main.2faaeed8.js:1
(匿名) @ main.2faaeed8.js:1
23:32:10.957 9561.4bf2dc71.js:2  react-intl-universal key "40e20dd4" not defined in zh
warningHandler @ 9561.4bf2dc71.js:2
value @ 9561.4bf2dc71.js:2
p @ 9561.4bf2dc71.js:2
value @ 8222.6209a852.chunk.js:1
Le @ 9561.4bf2dc71.js:2
(匿名) @ 9561.4bf2dc71.js:2
pe @ 9561.4bf2dc71.js:2
e.track @ 9561.4bf2dc71.js:2
n @ 9561.4bf2dc71.js:2
Xi @ 9561.4bf2dc71.js:2
$i @ 9561.4bf2dc71.js:2
Cs @ 9561.4bf2dc71.js:2
wc @ 9561.4bf2dc71.js:2
_c @ 9561.4bf2dc71.js:2
dc @ 9561.4bf2dc71.js:2
(匿名) @ 9561.4bf2dc71.js:2
t.unstable_runWithPriority @ 9561.4bf2dc71.js:2
qo @ 9561.4bf2dc71.js:2
Xo @ 9561.4bf2dc71.js:2
$o @ 9561.4bf2dc71.js:2
ic @ 9561.4bf2dc71.js:2
enqueueSetState @ 9561.4bf2dc71.js:2
b.setState @ 9561.4bf2dc71.js:2
e.playOrPause @ 8222.6209a852.chunk.js:1
(匿名) @ 8222.6209a852.chunk.js:1
setTimeout
e.listenCutScreen @ 8222.6209a852.chunk.js:1
(匿名) @ 8222.6209a852.chunk.js:1
u @ 9561.4bf2dc71.js:2
(匿名) @ 9561.4bf2dc71.js:2
(匿名) @ 9561.4bf2dc71.js:2
r @ 9561.4bf2dc71.js:2
s @ 9561.4bf2dc71.js:2
Promise.then
r @ 9561.4bf2dc71.js:2
s @ 9561.4bf2dc71.js:2
(匿名) @ 9561.4bf2dc71.js:2
(匿名) @ 9561.4bf2dc71.js:2
(匿名) @ 8222.6209a852.chunk.js:1
ka @ 9561.4bf2dc71.js:2
xa @ 9561.4bf2dc71.js:2
Ec @ 9561.4bf2dc71.js:2
t.unstable_runWithPriority @ 9561.4bf2dc71.js:2
qo @ 9561.4bf2dc71.js:2
kc @ 9561.4bf2dc71.js:2
dc @ 9561.4bf2dc71.js:2
(匿名) @ 9561.4bf2dc71.js:2
t.unstable_runWithPriority @ 9561.4bf2dc71.js:2
qo @ 9561.4bf2dc71.js:2
Xo @ 9561.4bf2dc71.js:2
$o @ 9561.4bf2dc71.js:2
ic @ 9561.4bf2dc71.js:2
enqueueSetState @ 9561.4bf2dc71.js:2
b.setState @ 9561.4bf2dc71.js:2
(匿名) @ 808.d56623c9.chunk.js:1
u @ 9561.4bf2dc71.js:2
(匿名) @ 9561.4bf2dc71.js:2
(匿名) @ 9561.4bf2dc71.js:2
r @ 9561.4bf2dc71.js:2
s @ 9561.4bf2dc71.js:2
Promise.then
r @ 9561.4bf2dc71.js:2
s @ 9561.4bf2dc71.js:2
Promise.then
r @ 9561.4bf2dc71.js:2
s @ 9561.4bf2dc71.js:2
Promise.then
r @ 9561.4bf2dc71.js:2
s @ 9561.4bf2dc71.js:2
(匿名) @ 9561.4bf2dc71.js:2
(匿名) @ 9561.4bf2dc71.js:2
value @ 808.d56623c9.chunk.js:1
F @ 9561.4bf2dc71.js:2
(匿名) @ 9561.4bf2dc71.js:2
Ec @ 9561.4bf2dc71.js:2
t.unstable_runWithPriority @ 9561.4bf2dc71.js:2
qo @ 9561.4bf2dc71.js:2
kc @ 9561.4bf2dc71.js:2
dc @ 9561.4bf2dc71.js:2
(匿名) @ 9561.4bf2dc71.js:2
t.unstable_runWithPriority @ 9561.4bf2dc71.js:2
qo @ 9561.4bf2dc71.js:2
Xo @ 9561.4bf2dc71.js:2
$o @ 9561.4bf2dc71.js:2
fc @ 9561.4bf2dc71.js:2
We @ 9561.4bf2dc71.js:2
Ue @ 9561.4bf2dc71.js:2
He @ 9561.4bf2dc71.js:2
e.reportChanged @ 9561.4bf2dc71.js:2
t.setNewValue @ 9561.4bf2dc71.js:2
e.write @ 9561.4bf2dc71.js:2
set @ 9561.4bf2dc71.js:2
(匿名) @ main.2faaeed8.js:1
u @ 9561.4bf2dc71.js:2
(匿名) @ 9561.4bf2dc71.js:2
(匿名) @ 9561.4bf2dc71.js:2
r @ 9561.4bf2dc71.js:2
s @ 9561.4bf2dc71.js:2
Promise.then
r @ 9561.4bf2dc71.js:2
s @ 9561.4bf2dc71.js:2
(匿名) @ 9561.4bf2dc71.js:2
(匿名) @ 9561.4bf2dc71.js:2
Ee @ 9561.4bf2dc71.js:2
n @ 9561.4bf2dc71.js:2
(匿名) @ main.2faaeed8.js:1
setTimeout
value @ main.2faaeed8.js:1
Ee @ 9561.4bf2dc71.js:2
n @ 9561.4bf2dc71.js:2
(匿名) @ main.2faaeed8.js:1
u @ 9561.4bf2dc71.js:2
(匿名) @ 9561.4bf2dc71.js:2
(匿名) @ 9561.4bf2dc71.js:2
r @ 9561.4bf2dc71.js:2
s @ 9561.4bf2dc71.js:2
(匿名) @ 9561.4bf2dc71.js:2
(匿名) @ 9561.4bf2dc71.js:2
(匿名) @ main.2faaeed8.js:1
Ee @ 9561.4bf2dc71.js:2
n @ 9561.4bf2dc71.js:2
(匿名) @ main.2faaeed8.js:1
u @ 9561.4bf2dc71.js:2
(匿名) @ 9561.4bf2dc71.js:2
(匿名) @ 9561.4bf2dc71.js:2
r @ 9561.4bf2dc71.js:2
s @ 9561.4bf2dc71.js:2
Promise.then
r @ 9561.4bf2dc71.js:2
s @ 9561.4bf2dc71.js:2
Promise.then
r @ 9561.4bf2dc71.js:2
s @ 9561.4bf2dc71.js:2
Promise.then
r @ 9561.4bf2dc71.js:2
s @ 9561.4bf2dc71.js:2
(匿名) @ 9561.4bf2dc71.js:2
(匿名) @ 9561.4bf2dc71.js:2
value @ main.2faaeed8.js:1
F @ 9561.4bf2dc71.js:2
(匿名) @ 9561.4bf2dc71.js:2
Ec @ 9561.4bf2dc71.js:2
t.unstable_runWithPriority @ 9561.4bf2dc71.js:2
qo @ 9561.4bf2dc71.js:2
kc @ 9561.4bf2dc71.js:2
dc @ 9561.4bf2dc71.js:2
ic @ 9561.4bf2dc71.js:2
Gc @ 9561.4bf2dc71.js:2
(匿名) @ 9561.4bf2dc71.js:2
pc @ 9561.4bf2dc71.js:2
el @ 9561.4bf2dc71.js:2
render @ 9561.4bf2dc71.js:2
(匿名) @ main.2faaeed8.js:1
u @ 9561.4bf2dc71.js:2
(匿名) @ 9561.4bf2dc71.js:2
(匿名) @ 9561.4bf2dc71.js:2
r @ 9561.4bf2dc71.js:2
s @ 9561.4bf2dc71.js:2
Promise.then
r @ 9561.4bf2dc71.js:2
s @ 9561.4bf2dc71.js:2
(匿名) @ 9561.4bf2dc71.js:2
(匿名) @ 9561.4bf2dc71.js:2
(匿名) @ main.2faaeed8.js:1
(匿名) @ main.2faaeed8.js:1
u @ 9561.4bf2dc71.js:2
(匿名) @ 9561.4bf2dc71.js:2
(匿名) @ 9561.4bf2dc71.js:2
r @ 9561.4bf2dc71.js:2
s @ 9561.4bf2dc71.js:2
Promise.then
r @ 9561.4bf2dc71.js:2
s @ 9561.4bf2dc71.js:2
Promise.then
r @ 9561.4bf2dc71.js:2
s @ 9561.4bf2dc71.js:2
(匿名) @ 9561.4bf2dc71.js:2
(匿名) @ 9561.4bf2dc71.js:2
49209 @ main.2faaeed8.js:1
n @ main.2faaeed8.js:1
(匿名) @ main.2faaeed8.js:1
n.O @ main.2faaeed8.js:1
(匿名) @ main.2faaeed8.js:1
(匿名) @ main.2faaeed8.js:1
(匿名) @ main.2faaeed8.js:1
(匿名) @ main.2faaeed8.js:1
23:32:10.958 8222.6209a852.chunk.js:1 commonFull true
23:32:10.958 8222.6209a852.chunk.js:1 window.outerWidth 1920
23:32:10.958 8222.6209a852.chunk.js:1 screen.availWidth 1920
23:32:10.958 8222.6209a852.chunk.js:1 windowF11Full false
23:32:10.958 8222.6209a852.chunk.js:1 isFullScreen true
23:32:10.981 VM3678 log.ts:14 [debug 23:32:10 ] Start document state: loading
23:32:10.982 VM3681 mooc.ts:8 create mooc
23:32:10.982 VM3680 mooc.ts:30 mooc start null
23:32:10.983 9561.4bf2dc71.js:2 div
23:32:10.983 9561.4bf2dc71.js:2 由于“保留日志”的原因，已阻止console.clear()
23:32:10.983 9561.4bf2dc71.js:2 ƒ l(){}
23:32:10.983 9561.4bf2dc71.js:2 由于“保留日志”的原因，已阻止console.clear()
23:32:10.983 9561.4bf2dc71.js:2 (索引)toStringlastIndexdotAllflagsglobalhasIndicesignoreCasemultilinesourcestickyunicodeunicodeSets(索引)toStringlastIndexdotAllflagsglobalhasIndicesignoreCasemultilinesourcestickyunicodeunicodeSetsdepƒ0false''falsefalsefalsefalse' 'falsefalsefalseObject
23:32:10.983 9561.4bf2dc71.js:2 由于“保留日志”的原因，已阻止console.clear()
23:32:10.983 9561.4bf2dc71.js:2 Wed Mar 11 2026 23:32:07 GMT+0800 (中国标准时间)
23:32:10.983 9561.4bf2dc71.js:2 由于“保留日志”的原因，已阻止console.clear()
23:32:10.983 9561.4bf2dc71.js:2 {}
23:32:10.983 9561.4bf2dc71.js:2 由于“保留日志”的原因，已阻止console.clear()
23:32:10.984 log.ts:179 [debug 23:32:10 ] [iframe 查找] 第 1 次尝试
23:32:10.984 9561.4bf2dc71.js:2  react-intl-universal key "b698998e" not defined in zh
warningHandler @ 9561.4bf2dc71.js:2
value @ 9561.4bf2dc71.js:2
p @ 9561.4bf2dc71.js:2
value @ 8222.6209a852.chunk.js:1
Le @ 9561.4bf2dc71.js:2
(匿名) @ 9561.4bf2dc71.js:2
pe @ 9561.4bf2dc71.js:2
e.track @ 9561.4bf2dc71.js:2
n @ 9561.4bf2dc71.js:2
Xi @ 9561.4bf2dc71.js:2
$i @ 9561.4bf2dc71.js:2
Cs @ 9561.4bf2dc71.js:2
wc @ 9561.4bf2dc71.js:2
_c @ 9561.4bf2dc71.js:2
dc @ 9561.4bf2dc71.js:2
(匿名) @ 9561.4bf2dc71.js:2
t.unstable_runWithPriority @ 9561.4bf2dc71.js:2
qo @ 9561.4bf2dc71.js:2
Xo @ 9561.4bf2dc71.js:2
$o @ 9561.4bf2dc71.js:2
se @ 9561.4bf2dc71.js:2
Tn @ 9561.4bf2dc71.js:2
eval @ knowledge.ts:123
eval @ knowledge.ts:8
__awaiter @ knowledge.ts:4
waitAndExit @ knowledge.ts:113
eval @ knowledge.ts:48
fulfilled @ knowledge.ts:5
Promise.then
step @ knowledge.ts:7
fulfilled @ knowledge.ts:5
Promise.then
step @ knowledge.ts:7
eval @ knowledge.ts:8
__awaiter @ knowledge.ts:4
eval @ knowledge.ts:43
eval @ knowledge.ts:43
eval @ knowledge.ts:8
__awaiter @ knowledge.ts:4
Start @ knowledge.ts:42
eval @ mooc.ts:134
fulfilled @ mooc.ts:5
Promise.then
step @ mooc.ts:7
eval @ mooc.ts:8
__awaiter @ mooc.ts:4
runTask @ mooc.ts:115
eval @ mooc.ts:64
eval @ event.ts:30
callEvent @ event.ts:29
eval @ course.ts:220
fulfilled @ course.ts:5
Promise.then
step @ course.ts:7
eval @ course.ts:8
__awaiter @ course.ts:4
eval @ course.ts:207
setInterval
setInterval @ utils.ts:182
eval @ course.ts:207
eval @ course.ts:8
__awaiter @ course.ts:4
processCourseData @ course.ts:204
eval @ course.ts:189
setInterval
setInterval @ utils.ts:182
eval @ course.ts:184
eval @ course.ts:8
__awaiter @ course.ts:4
OperateCard @ course.ts:178
eval @ course.ts:64
eval @ course.ts:8
__awaiter @ course.ts:4
eval @ course.ts:57
23:32:10.985 9561.4bf2dc71.js:2  react-intl-universal key "7c1b3891" not defined in zh
warningHandler @ 9561.4bf2dc71.js:2
value @ 9561.4bf2dc71.js:2
p @ 9561.4bf2dc71.js:2
value @ 8222.6209a852.chunk.js:1
Le @ 9561.4bf2dc71.js:2
(匿名) @ 9561.4bf2dc71.js:2
pe @ 9561.4bf2dc71.js:2
e.track @ 9561.4bf2dc71.js:2
n @ 9561.4bf2dc71.js:2
Xi @ 9561.4bf2dc71.js:2
$i @ 9561.4bf2dc71.js:2
Cs @ 9561.4bf2dc71.js:2
wc @ 9561.4bf2dc71.js:2
_c @ 9561.4bf2dc71.js:2
dc @ 9561.4bf2dc71.js:2
(匿名) @ 9561.4bf2dc71.js:2
t.unstable_runWithPriority @ 9561.4bf2dc71.js:2
qo @ 9561.4bf2dc71.js:2
Xo @ 9561.4bf2dc71.js:2
$o @ 9561.4bf2dc71.js:2
se @ 9561.4bf2dc71.js:2
Tn @ 9561.4bf2dc71.js:2
eval @ knowledge.ts:123
eval @ knowledge.ts:8
__awaiter @ knowledge.ts:4
waitAndExit @ knowledge.ts:113
eval @ knowledge.ts:48
fulfilled @ knowledge.ts:5
Promise.then
step @ knowledge.ts:7
fulfilled @ knowledge.ts:5
Promise.then
step @ knowledge.ts:7
eval @ knowledge.ts:8
__awaiter @ knowledge.ts:4
eval @ knowledge.ts:43
eval @ knowledge.ts:43
eval @ knowledge.ts:8
__awaiter @ knowledge.ts:4
Start @ knowledge.ts:42
eval @ mooc.ts:134
fulfilled @ mooc.ts:5
Promise.then
step @ mooc.ts:7
eval @ mooc.ts:8
__awaiter @ mooc.ts:4
runTask @ mooc.ts:115
eval @ mooc.ts:64
eval @ event.ts:30
callEvent @ event.ts:29
eval @ course.ts:220
fulfilled @ course.ts:5
Promise.then
step @ course.ts:7
eval @ course.ts:8
__awaiter @ course.ts:4
eval @ course.ts:207
setInterval
setInterval @ utils.ts:182
eval @ course.ts:207
eval @ course.ts:8
__awaiter @ course.ts:4
processCourseData @ course.ts:204
eval @ course.ts:189
setInterval
setInterval @ utils.ts:182
eval @ course.ts:184
eval @ course.ts:8
__awaiter @ course.ts:4
OperateCard @ course.ts:178
eval @ course.ts:64
eval @ course.ts:8
__awaiter @ course.ts:4
eval @ course.ts:57
23:32:10.985 9561.4bf2dc71.js:2  react-intl-universal key "625fb26b" not defined in zh
warningHandler @ 9561.4bf2dc71.js:2
value @ 9561.4bf2dc71.js:2
p @ 9561.4bf2dc71.js:2
value @ 8222.6209a852.chunk.js:1
Le @ 9561.4bf2dc71.js:2
(匿名) @ 9561.4bf2dc71.js:2
pe @ 9561.4bf2dc71.js:2
e.track @ 9561.4bf2dc71.js:2
n @ 9561.4bf2dc71.js:2
Xi @ 9561.4bf2dc71.js:2
$i @ 9561.4bf2dc71.js:2
Cs @ 9561.4bf2dc71.js:2
wc @ 9561.4bf2dc71.js:2
_c @ 9561.4bf2dc71.js:2
dc @ 9561.4bf2dc71.js:2
(匿名) @ 9561.4bf2dc71.js:2
t.unstable_runWithPriority @ 9561.4bf2dc71.js:2
qo @ 9561.4bf2dc71.js:2
Xo @ 9561.4bf2dc71.js:2
$o @ 9561.4bf2dc71.js:2
se @ 9561.4bf2dc71.js:2
Tn @ 9561.4bf2dc71.js:2
eval @ knowledge.ts:123
eval @ knowledge.ts:8
__awaiter @ knowledge.ts:4
waitAndExit @ knowledge.ts:113
eval @ knowledge.ts:48
fulfilled @ knowledge.ts:5
Promise.then
step @ knowledge.ts:7
fulfilled @ knowledge.ts:5
Promise.then
step @ knowledge.ts:7
eval @ knowledge.ts:8
__awaiter @ knowledge.ts:4
eval @ knowledge.ts:43
eval @ knowledge.ts:43
eval @ knowledge.ts:8
__awaiter @ knowledge.ts:4
Start @ knowledge.ts:42
eval @ mooc.ts:134
fulfilled @ mooc.ts:5
Promise.then
step @ mooc.ts:7
eval @ mooc.ts:8
__awaiter @ mooc.ts:4
runTask @ mooc.ts:115
eval @ mooc.ts:64
eval @ event.ts:30
callEvent @ event.ts:29
eval @ course.ts:220
fulfilled @ course.ts:5
Promise.then
step @ course.ts:7
eval @ course.ts:8
__awaiter @ course.ts:4
eval @ course.ts:207
setInterval
setInterval @ utils.ts:182
eval @ course.ts:207
eval @ course.ts:8
__awaiter @ course.ts:4
processCourseData @ course.ts:204
eval @ course.ts:189
setInterval
setInterval @ utils.ts:182
eval @ course.ts:184
eval @ course.ts:8
__awaiter @ course.ts:4
OperateCard @ course.ts:178
eval @ course.ts:64
eval @ course.ts:8
__awaiter @ course.ts:4
eval @ course.ts:57
23:32:10.985 9561.4bf2dc71.js:2  react-intl-universal key "aa98ad92" not defined in zh
warningHandler @ 9561.4bf2dc71.js:2
value @ 9561.4bf2dc71.js:2
p @ 9561.4bf2dc71.js:2
value @ 8222.6209a852.chunk.js:1
Le @ 9561.4bf2dc71.js:2
(匿名) @ 9561.4bf2dc71.js:2
pe @ 9561.4bf2dc71.js:2
e.track @ 9561.4bf2dc71.js:2
n @ 9561.4bf2dc71.js:2
Xi @ 9561.4bf2dc71.js:2
$i @ 9561.4bf2dc71.js:2
Cs @ 9561.4bf2dc71.js:2
wc @ 9561.4bf2dc71.js:2
_c @ 9561.4bf2dc71.js:2
dc @ 9561.4bf2dc71.js:2
(匿名) @ 9561.4bf2dc71.js:2
t.unstable_runWithPriority @ 9561.4bf2dc71.js:2
qo @ 9561.4bf2dc71.js:2
Xo @ 9561.4bf2dc71.js:2
$o @ 9561.4bf2dc71.js:2
se @ 9561.4bf2dc71.js:2
Tn @ 9561.4bf2dc71.js:2
eval @ knowledge.ts:123
eval @ knowledge.ts:8
__awaiter @ knowledge.ts:4
waitAndExit @ knowledge.ts:113
eval @ knowledge.ts:48
fulfilled @ knowledge.ts:5
Promise.then
step @ knowledge.ts:7
fulfilled @ knowledge.ts:5
Promise.then
step @ knowledge.ts:7
eval @ knowledge.ts:8
__awaiter @ knowledge.ts:4
eval @ knowledge.ts:43
eval @ knowledge.ts:43
eval @ knowledge.ts:8
__awaiter @ knowledge.ts:4
Start @ knowledge.ts:42
eval @ mooc.ts:134
fulfilled @ mooc.ts:5
Promise.then
step @ mooc.ts:7
eval @ mooc.ts:8
__awaiter @ mooc.ts:4
runTask @ mooc.ts:115
eval @ mooc.ts:64
eval @ event.ts:30
callEvent @ event.ts:29
eval @ course.ts:220
fulfilled @ course.ts:5
Promise.then
step @ course.ts:7
eval @ course.ts:8
__awaiter @ course.ts:4
eval @ course.ts:207
setInterval
setInterval @ utils.ts:182
eval @ course.ts:207
eval @ course.ts:8
__awaiter @ course.ts:4
processCourseData @ course.ts:204
eval @ course.ts:189
setInterval
setInterval @ utils.ts:182
eval @ course.ts:184
eval @ course.ts:8
__awaiter @ course.ts:4
OperateCard @ course.ts:178
eval @ course.ts:64
eval @ course.ts:8
__awaiter @ course.ts:4
eval @ course.ts:57
23:32:10.985 9561.4bf2dc71.js:2  react-intl-universal key "fe033787" not defined in zh
warningHandler @ 9561.4bf2dc71.js:2
value @ 9561.4bf2dc71.js:2
p @ 9561.4bf2dc71.js:2
value @ 8222.6209a852.chunk.js:1
Le @ 9561.4bf2dc71.js:2
(匿名) @ 9561.4bf2dc71.js:2
pe @ 9561.4bf2dc71.js:2
e.track @ 9561.4bf2dc71.js:2
n @ 9561.4bf2dc71.js:2
Xi @ 9561.4bf2dc71.js:2
$i @ 9561.4bf2dc71.js:2
Cs @ 9561.4bf2dc71.js:2
wc @ 9561.4bf2dc71.js:2
_c @ 9561.4bf2dc71.js:2
dc @ 9561.4bf2dc71.js:2
(匿名) @ 9561.4bf2dc71.js:2
t.unstable_runWithPriority @ 9561.4bf2dc71.js:2
qo @ 9561.4bf2dc71.js:2
Xo @ 9561.4bf2dc71.js:2
$o @ 9561.4bf2dc71.js:2
se @ 9561.4bf2dc71.js:2
Tn @ 9561.4bf2dc71.js:2
eval @ knowledge.ts:123
eval @ knowledge.ts:8
__awaiter @ knowledge.ts:4
waitAndExit @ knowledge.ts:113
eval @ knowledge.ts:48
fulfilled @ knowledge.ts:5
Promise.then
step @ knowledge.ts:7
fulfilled @ knowledge.ts:5
Promise.then
step @ knowledge.ts:7
eval @ knowledge.ts:8
__awaiter @ knowledge.ts:4
eval @ knowledge.ts:43
eval @ knowledge.ts:43
eval @ knowledge.ts:8
__awaiter @ knowledge.ts:4
Start @ knowledge.ts:42
eval @ mooc.ts:134
fulfilled @ mooc.ts:5
Promise.then
step @ mooc.ts:7
eval @ mooc.ts:8
__awaiter @ mooc.ts:4
runTask @ mooc.ts:115
eval @ mooc.ts:64
eval @ event.ts:30
callEvent @ event.ts:29
eval @ course.ts:220
fulfilled @ course.ts:5
Promise.then
step @ course.ts:7
eval @ course.ts:8
__awaiter @ course.ts:4
eval @ course.ts:207
setInterval
setInterval @ utils.ts:182
eval @ course.ts:207
eval @ course.ts:8
__awaiter @ course.ts:4
processCourseData @ course.ts:204
eval @ course.ts:189
setInterval
setInterval @ utils.ts:182
eval @ course.ts:184
eval @ course.ts:8
__awaiter @ course.ts:4
OperateCard @ course.ts:178
eval @ course.ts:64
eval @ course.ts:8
__awaiter @ course.ts:4
eval @ course.ts:57
23:32:10.985 9561.4bf2dc71.js:2  react-intl-universal key "40e20dd4" not defined in zh
warningHandler @ 9561.4bf2dc71.js:2
value @ 9561.4bf2dc71.js:2
p @ 9561.4bf2dc71.js:2
value @ 8222.6209a852.chunk.js:1
Le @ 9561.4bf2dc71.js:2
(匿名) @ 9561.4bf2dc71.js:2
pe @ 9561.4bf2dc71.js:2
e.track @ 9561.4bf2dc71.js:2
n @ 9561.4bf2dc71.js:2
Xi @ 9561.4bf2dc71.js:2
$i @ 9561.4bf2dc71.js:2
Cs @ 9561.4bf2dc71.js:2
wc @ 9561.4bf2dc71.js:2
_c @ 9561.4bf2dc71.js:2
dc @ 9561.4bf2dc71.js:2
(匿名) @ 9561.4bf2dc71.js:2
t.unstable_runWithPriority @ 9561.4bf2dc71.js:2
qo @ 9561.4bf2dc71.js:2
Xo @ 9561.4bf2dc71.js:2
$o @ 9561.4bf2dc71.js:2
se @ 9561.4bf2dc71.js:2
Tn @ 9561.4bf2dc71.js:2
eval @ knowledge.ts:123
eval @ knowledge.ts:8
__awaiter @ knowledge.ts:4
waitAndExit @ knowledge.ts:113
eval @ knowledge.ts:48
fulfilled @ knowledge.ts:5
Promise.then
step @ knowledge.ts:7
fulfilled @ knowledge.ts:5
Promise.then
step @ knowledge.ts:7
eval @ knowledge.ts:8
__awaiter @ knowledge.ts:4
eval @ knowledge.ts:43
eval @ knowledge.ts:43
eval @ knowledge.ts:8
__awaiter @ knowledge.ts:4
Start @ knowledge.ts:42
eval @ mooc.ts:134
fulfilled @ mooc.ts:5
Promise.then
step @ mooc.ts:7
eval @ mooc.ts:8
__awaiter @ mooc.ts:4
runTask @ mooc.ts:115
eval @ mooc.ts:64
eval @ event.ts:30
callEvent @ event.ts:29
eval @ course.ts:220
fulfilled @ course.ts:5
Promise.then
step @ course.ts:7
eval @ course.ts:8
__awaiter @ course.ts:4
eval @ course.ts:207
setInterval
setInterval @ utils.ts:182
eval @ course.ts:207
eval @ course.ts:8
__awaiter @ course.ts:4
processCourseData @ course.ts:204
eval @ course.ts:189
setInterval
setInterval @ utils.ts:182
eval @ course.ts:184
eval @ course.ts:8
__awaiter @ course.ts:4
OperateCard @ course.ts:178
eval @ course.ts:64
eval @ course.ts:8
__awaiter @ course.ts:4
eval @ course.ts:57
23:32:11.486 9561.4bf2dc71.js:2 div
23:32:11.487 9561.4bf2dc71.js:2 由于“保留日志”的原因，已阻止console.clear()
23:32:11.487 9561.4bf2dc71.js:2 ƒ l(){}
23:32:11.487  由于“保留日志”的原因，已阻止console.clear()
23:32:11.488  (索引)toStringlastIndexdotAllflagsglobalhasIndicesignoreCasemultilinesourcestickyunicodeunicodeSets(索引)toStringlastIndexdotAllflagsglobalhasIndicesignoreCasemultilinesourcestickyunicodeunicodeSetsdepƒ0false''falsefalsefalsefalse' 'falsefalsefalseObject
23:32:11.488  由于“保留日志”的原因，已阻止console.clear()
23:32:11.488  Wed Mar 11 2026 23:32:07 GMT+0800 (中国标准时间)
23:32:11.489  由于“保留日志”的原因，已阻止console.clear()
23:32:11.489  {}
23:32:11.490  由于“保留日志”的原因，已阻止console.clear()
23:32:11.612 main.2faaeed8.js:1  Uncaught 
ye @ main.2faaeed8.js:1
(匿名) @ 8222.6209a852.chunk.js:1
setTimeout
(匿名) @ 8222.6209a852.chunk.js:1
u @ 9561.4bf2dc71.js:2
(匿名) @ 9561.4bf2dc71.js:2
(匿名) @ 9561.4bf2dc71.js:2
r @ 9561.4bf2dc71.js:2
s @ 9561.4bf2dc71.js:2
Promise.then
r @ 9561.4bf2dc71.js:2
s @ 9561.4bf2dc71.js:2
(匿名) @ 9561.4bf2dc71.js:2
(匿名) @ 9561.4bf2dc71.js:2
onClick @ 2269.5c46b420.chunk.js:1
m @ 9561.4bf2dc71.js:2
w @ 9561.4bf2dc71.js:2
(匿名) @ 9561.4bf2dc71.js:2
E @ 9561.4bf2dc71.js:2
C @ 9561.4bf2dc71.js:2
S @ 9561.4bf2dc71.js:2
D @ 9561.4bf2dc71.js:2
kn @ 9561.4bf2dc71.js:2
le @ 9561.4bf2dc71.js:2
Dn @ 9561.4bf2dc71.js:2
zn @ 9561.4bf2dc71.js:2
An @ 9561.4bf2dc71.js:2
t.unstable_runWithPriority @ 9561.4bf2dc71.js:2
qo @ 9561.4bf2dc71.js:2
se @ 9561.4bf2dc71.js:2
Tn @ 9561.4bf2dc71.js:2
eval @ webpack://cxmooc-too…gl/knowledge.ts?:76
setInterval
setInterval @ webpack://cxmooc-too…utils/utils.ts?:182
eval @ webpack://cxmooc-too…gl/knowledge.ts?:64
waitForStartButton @ webpack://cxmooc-too…gl/knowledge.ts?:62
eval @ webpack://cxmooc-too…gl/knowledge.ts?:46
eval @ webpack://cxmooc-too…sgl/knowledge.ts?:8
__awaiter @ webpack://cxmooc-too…sgl/knowledge.ts?:4
eval @ webpack://cxmooc-too…gl/knowledge.ts?:43
eval @ webpack://cxmooc-too…gl/knowledge.ts?:43
eval @ webpack://cxmooc-too…sgl/knowledge.ts?:8
__awaiter @ webpack://cxmooc-too…sgl/knowledge.ts?:4
Start @ webpack://cxmooc-too…gl/knowledge.ts?:42
eval @ webpack://cxmooc-too…c/mooc/mooc.ts?:134
fulfilled @ webpack://cxmooc-too…src/mooc/mooc.ts?:5
Promise.then
step @ webpack://cxmooc-too…src/mooc/mooc.ts?:7
eval @ webpack://cxmooc-too…src/mooc/mooc.ts?:8
__awaiter @ webpack://cxmooc-too…src/mooc/mooc.ts?:4
runTask @ webpack://cxmooc-too…c/mooc/mooc.ts?:115
eval @ webpack://cxmooc-too…rc/mooc/mooc.ts?:64
eval @ webpack://cxmooc-too…/utils/event.ts?:30
callEvent @ webpack://cxmooc-too…/utils/event.ts?:29
eval @ webpack://cxmooc-too…zsgl/course.ts?:220
fulfilled @ webpack://cxmooc-too…c/zsgl/course.ts?:5
Promise.then
step @ webpack://cxmooc-too…c/zsgl/course.ts?:7
eval @ webpack://cxmooc-too…c/zsgl/course.ts?:8
__awaiter @ webpack://cxmooc-too…c/zsgl/course.ts?:4
eval @ webpack://cxmooc-too…zsgl/course.ts?:207
setInterval
setInterval @ webpack://cxmooc-too…utils/utils.ts?:182
eval @ webpack://cxmooc-too…zsgl/course.ts?:207
eval @ webpack://cxmooc-too…c/zsgl/course.ts?:8
__awaiter @ webpack://cxmooc-too…c/zsgl/course.ts?:4
processCourseData @ webpack://cxmooc-too…zsgl/course.ts?:204
eval @ webpack://cxmooc-too…zsgl/course.ts?:189
setInterval
setInterval @ webpack://cxmooc-too…utils/utils.ts?:182
eval @ webpack://cxmooc-too…zsgl/course.ts?:184
eval @ webpack://cxmooc-too…c/zsgl/course.ts?:8
__awaiter @ webpack://cxmooc-too…c/zsgl/course.ts?:4
OperateCard @ webpack://cxmooc-too…zsgl/course.ts?:178
eval @ webpack://cxmooc-too…/zsgl/course.ts?:64
eval @ webpack://cxmooc-too…c/zsgl/course.ts?:8
__awaiter @ webpack://cxmooc-too…c/zsgl/course.ts?:4
eval @ webpack://cxmooc-too…/zsgl/course.ts?:57
23:32:12.005  
23:32:12.006  由于“保留日志”的原因，已阻止console.clear()
23:32:12.006  
23:32:12.006  由于“保留日志”的原因，已阻止console.clear()
23:32:12.006  (索引)toStringlastIndexdotAllflagsglobalhasIndicesignoreCasemultilinesourcestickyunicodeunicodeSets(索引)toStringlastIndexdotAllflagsglobalhasIndicesignoreCasemultilinesourcestickyunicodeunicodeSetsdepƒ0false''falsefalsefalsefalse' 'falsefalsefalseObject
23:32:12.007  由于“保留日志”的原因，已阻止console.clear()
23:32:12.007  Wed Mar 11 2026 23:32:07 GMT+0800 (中国标准时间)
23:32:12.007  由于“保留日志”的原因，已阻止console.clear()
23:32:12.007  {}
23:32:12.008  由于“保留日志”的原因，已阻止console.clear()
23:32:12.510  
23:32:12.510  由于“保留日志”的原因，已阻止console.clear()
23:32:12.510  
23:32:12.511  由于“保留日志”的原因，已阻止console.clear()
23:32:12.511  (索引)toStringlastIndexdotAllflagsglobalhasIndicesignoreCasemultilinesourcestickyunicodeunicodeSets(索引)toStringlastIndexdotAllflagsglobalhasIndicesignoreCasemultilinesourcestickyunicodeunicodeSetsdepƒ0false''falsefalsefalsefalse' 'falsefalsefalseObject
23:32:12.511  由于“保留日志”的原因，已阻止console.clear()
23:32:12.511  Wed Mar 11 2026 23:32:07 GMT+0800 (中国标准时间)
23:32:12.512  由于“保留日志”的原因，已阻止console.clear()
23:32:12.512  {}
23:32:12.512  由于“保留日志”的原因，已阻止console.clear()
23:32:13.028  
23:32:13.029  由于“保留日志”的原因，已阻止console.clear()
23:32:13.029  
23:32:13.029  由于“保留日志”的原因，已阻止console.clear()
23:32:13.029  (索引)toStringlastIndexdotAllflagsglobalhasIndicesignoreCasemultilinesourcestickyunicodeunicodeSets(索引)toStringlastIndexdotAllflagsglobalhasIndicesignoreCasemultilinesourcestickyunicodeunicodeSetsdepƒ0false''falsefalsefalsefalse' 'falsefalsefalseObject
23:32:13.030  由于“保留日志”的原因，已阻止console.clear()
23:32:13.031  Wed Mar 11 2026 23:32:07 GMT+0800 (中国标准时间)
23:32:13.031  由于“保留日志”的原因，已阻止console.clear()
23:32:13.031  {}
23:32:13.031  由于“保留日志”的原因，已阻止console.clear()
23:32:13.547  
23:32:13.547  由于“保留日志”的原因，已阻止console.clear()
23:32:13.547  
23:32:13.547  由于“保留日志”的原因，已阻止console.clear()
23:32:13.547  (索引)toStringlastIndexdotAllflagsglobalhasIndicesignoreCasemultilinesourcestickyunicodeunicodeSets(索引)toStringlastIndexdotAllflagsglobalhasIndicesignoreCasemultilinesourcestickyunicodeunicodeSetsdepƒ0false''falsefalsefalsefalse' 'falsefalsefalseObject
23:32:13.547  由于“保留日志”的原因，已阻止console.clear()
23:32:13.547  Wed Mar 11 2026 23:32:07 GMT+0800 (中国标准时间)
23:32:13.547  由于“保留日志”的原因，已阻止console.clear()
23:32:13.547  {}
23:32:13.547  由于“保留日志”的原因，已阻止console.clear()
23:32:14.060  
23:32:14.060  由于“保留日志”的原因，已阻止console.clear()
23:32:14.061  
23:32:14.061  由于“保留日志”的原因，已阻止console.clear()
23:32:14.061  (索引)toStringlastIndexdotAllflagsglobalhasIndicesignoreCasemultilinesourcestickyunicodeunicodeSets(索引)toStringlastIndexdotAllflagsglobalhasIndicesignoreCasemultilinesourcestickyunicodeunicodeSetsdepƒ0false''falsefalsefalsefalse' 'falsefalsefalseObject
23:32:14.062  由于“保留日志”的原因，已阻止console.clear()
23:32:14.062  Wed Mar 11 2026 23:32:07 GMT+0800 (中国标准时间)
23:32:14.063  由于“保留日志”的原因，已阻止console.clear()
23:32:14.063  {}
23:32:14.063  由于“保留日志”的原因，已阻止console.clear()
23:32:14.576  
23:32:14.577  由于“保留日志”的原因，已阻止console.clear()
23:32:14.577  
23:32:14.577  由于“保留日志”的原因，已阻止console.clear()
23:32:14.577  (索引)toStringlastIndexdotAllflagsglobalhasIndicesignoreCasemultilinesourcestickyunicodeunicodeSets(索引)toStringlastIndexdotAllflagsglobalhasIndicesignoreCasemultilinesourcestickyunicodeunicodeSetsdepƒ0false''falsefalsefalsefalse' 'falsefalsefalseObject
23:32:14.578  由于“保留日志”的原因，已阻止console.clear()
23:32:14.578  Wed Mar 11 2026 23:32:07 GMT+0800 (中国标准时间)
23:32:14.578  由于“保留日志”的原因，已阻止console.clear()
23:32:14.579  {}
23:32:14.579  由于“保留日志”的原因，已阻止console.clear()
23:32:15.094  
23:32:15.094  由于“保留日志”的原因，已阻止console.clear()
23:32:15.094  
23:32:15.095  由于“保留日志”的原因，已阻止console.clear()
23:32:15.095  (索引)toStringlastIndexdotAllflagsglobalhasIndicesignoreCasemultilinesourcestickyunicodeunicodeSets(索引)toStringlastIndexdotAllflagsglobalhasIndicesignoreCasemultilinesourcestickyunicodeunicodeSetsdepƒ0false''falsefalsefalsefalse' 'falsefalsefalseObject
23:32:15.095  由于“保留日志”的原因，已阻止console.clear()
23:32:15.096  Wed Mar 11 2026 23:32:07 GMT+0800 (中国标准时间)
23:32:15.098  由于“保留日志”的原因，已阻止console.clear()
23:32:15.098  {}
23:32:15.099  由于“保留日志”的原因，已阻止console.clear()
23:32:15.608  
23:32:15.609  由于“保留日志”的原因，已阻止console.clear()
23:32:15.609  
23:32:15.609  由于“保留日志”的原因，已阻止console.clear()
23:32:15.609  (索引)toStringlastIndexdotAllflagsglobalhasIndicesignoreCasemultilinesourcestickyunicodeunicodeSets(索引)toStringlastIndexdotAllflagsglobalhasIndicesignoreCasemultilinesourcestickyunicodeunicodeSetsdepƒ0false''falsefalsefalsefalse' 'falsefalsefalseObject
23:32:15.610  由于“保留日志”的原因，已阻止console.clear()
23:32:15.610  Wed Mar 11 2026 23:32:07 GMT+0800 (中国标准时间)
23:32:15.611  由于“保留日志”的原因，已阻止console.clear()
23:32:15.611  {}
23:32:15.611  由于“保留日志”的原因，已阻止console.clear()
23:32:16.127  
23:32:16.127  由于“保留日志”的原因，已阻止console.clear()
23:32:16.127  
23:32:16.127  由于“保留日志”的原因，已阻止console.clear()
23:32:16.127  (索引)toStringlastIndexdotAllflagsglobalhasIndicesignoreCasemultilinesourcestickyunicodeunicodeSets(索引)toStringlastIndexdotAllflagsglobalhasIndicesignoreCasemultilinesourcestickyunicodeunicodeSetsdepƒ0false''falsefalsefalsefalse' 'falsefalsefalseObject
23:32:16.127  由于“保留日志”的原因，已阻止console.clear()
23:32:16.127  Wed Mar 11 2026 23:32:07 GMT+0800 (中国标准时间)
23:32:16.127  由于“保留日志”的原因，已阻止console.clear()
23:32:16.127  {}
23:32:16.127  由于“保留日志”的原因，已阻止console.clear()
23:32:16.642  
23:32:16.643  由于“保留日志”的原因，已阻止console.clear()
23:32:16.643  
23:32:16.643  由于“保留日志”的原因，已阻止console.clear()
23:32:16.643  (索引)toStringlastIndexdotAllflagsglobalhasIndicesignoreCasemultilinesourcestickyunicodeunicodeSets(索引)toStringlastIndexdotAllflagsglobalhasIndicesignoreCasemultilinesourcestickyunicodeunicodeSetsdepƒ0false''falsefalsefalsefalse' 'falsefalsefalseObject
23:32:16.643  由于“保留日志”的原因，已阻止console.clear()
23:32:16.643  Wed Mar 11 2026 23:32:07 GMT+0800 (中国标准时间)
23:32:16.644  由于“保留日志”的原因，已阻止console.clear()
23:32:16.644  {}
23:32:16.644  由于“保留日志”的原因，已阻止console.clear()
23:32:17.160  
23:32:17.161  由于“保留日志”的原因，已阻止console.clear()
23:32:17.161  
23:32:17.161  由于“保留日志”的原因，已阻止console.clear()
23:32:17.162  (索引)toStringlastIndexdotAllflagsglobalhasIndicesignoreCasemultilinesourcestickyunicodeunicodeSets(索引)toStringlastIndexdotAllflagsglobalhasIndicesignoreCasemultilinesourcestickyunicodeunicodeSetsdepƒ0false''falsefalsefalsefalse' 'falsefalsefalseObject
23:32:17.162  由于“保留日志”的原因，已阻止console.clear()
23:32:17.163  Wed Mar 11 2026 23:32:07 GMT+0800 (中国标准时间)
23:32:17.163  由于“保留日志”的原因，已阻止console.clear()
23:32:17.163  {}
23:32:17.164  由于“保留日志”的原因，已阻止console.clear()
23:32:17.675  
23:32:17.675  由于“保留日志”的原因，已阻止console.clear()
23:32:17.676  
23:32:17.676  由于“保留日志”的原因，已阻止console.clear()
23:32:17.676  (索引)toStringlastIndexdotAllflagsglobalhasIndicesignoreCasemultilinesourcestickyunicodeunicodeSets(索引)toStringlastIndexdotAllflagsglobalhasIndicesignoreCasemultilinesourcestickyunicodeunicodeSetsdepƒ0false''falsefalsefalsefalse' 'falsefalsefalseObject
23:32:17.676  由于“保留日志”的原因，已阻止console.clear()
23:32:17.677  Wed Mar 11 2026 23:32:07 GMT+0800 (中国标准时间)
23:32:17.677  由于“保留日志”的原因，已阻止console.clear()
23:32:17.677  {}
23:32:17.678  由于“保留日志”的原因，已阻止console.clear()
23:32:18.189  
23:32:18.190  由于“保留日志”的原因，已阻止console.clear()
23:32:18.190  
23:32:18.190  由于“保留日志”的原因，已阻止console.clear()
23:32:18.190  (索引)toStringlastIndexdotAllflagsglobalhasIndicesignoreCasemultilinesourcestickyunicodeunicodeSets(索引)toStringlastIndexdotAllflagsglobalhasIndicesignoreCasemultilinesourcestickyunicodeunicodeSetsdepƒ0false''falsefalsefalsefalse' 'falsefalsefalseObject
23:32:18.191  由于“保留日志”的原因，已阻止console.clear()
23:32:18.191  Wed Mar 11 2026 23:32:07 GMT+0800 (中国标准时间)
23:32:18.191  由于“保留日志”的原因，已阻止console.clear()
23:32:18.192  {}
23:32:18.192  由于“保留日志”的原因，已阻止console.clear()
23:32:18.693  
23:32:18.694  由于“保留日志”的原因，已阻止console.clear()
23:32:18.694  
23:32:18.694  由于“保留日志”的原因，已阻止console.clear()
23:32:18.694  (索引)toStringlastIndexdotAllflagsglobalhasIndicesignoreCasemultilinesourcestickyunicodeunicodeSets(索引)toStringlastIndexdotAllflagsglobalhasIndicesignoreCasemultilinesourcestickyunicodeunicodeSetsdepƒ0false''falsefalsefalsefalse' 'falsefalsefalseObject
23:32:18.695  由于“保留日志”的原因，已阻止console.clear()
23:32:18.695  Wed Mar 11 2026 23:32:07 GMT+0800 (中国标准时间)
23:32:18.695  由于“保留日志”的原因，已阻止console.clear()
23:32:18.696  {}
23:32:18.696  由于“保留日志”的原因，已阻止console.clear()
23:32:19.210  
23:32:19.211  由于“保留日志”的原因，已阻止console.clear()
23:32:19.211  
23:32:19.211  由于“保留日志”的原因，已阻止console.clear()
23:32:19.211  (索引)toStringlastIndexdotAllflagsglobalhasIndicesignoreCasemultilinesourcestickyunicodeunicodeSets(索引)toStringlastIndexdotAllflagsglobalhasIndicesignoreCasemultilinesourcestickyunicodeunicodeSetsdepƒ0false''falsefalsefalsefalse' 'falsefalsefalseObject
23:32:19.212  由于“保留日志”的原因，已阻止console.clear()
23:32:19.212  Wed Mar 11 2026 23:32:07 GMT+0800 (中国标准时间)
23:32:19.212  由于“保留日志”的原因，已阻止console.clear()
23:32:19.212  {}
23:32:19.213  由于“保留日志”的原因，已阻止console.clear()
23:32:19.725  
23:32:19.725  由于“保留日志”的原因，已阻止console.clear()
23:32:19.726  
23:32:19.726  由于“保留日志”的原因，已阻止console.clear()
23:32:19.726  (索引)toStringlastIndexdotAllflagsglobalhasIndicesignoreCasemultilinesourcestickyunicodeunicodeSets(索引)toStringlastIndexdotAllflagsglobalhasIndicesignoreCasemultilinesourcestickyunicodeunicodeSetsdepƒ0false''falsefalsefalsefalse' 'falsefalsefalseObject
23:32:19.726  由于“保留日志”的原因，已阻止console.clear()
23:32:19.726  Wed Mar 11 2026 23:32:07 GMT+0800 (中国标准时间)
23:32:19.727  由于“保留日志”的原因，已阻止console.clear()
23:32:19.727  {}
23:32:19.727  由于“保留日志”的原因，已阻止console.clear()
23:32:20.230  
23:32:20.231  由于“保留日志”的原因，已阻止console.clear()
23:32:20.231  
23:32:20.231  由于“保留日志”的原因，已阻止console.clear()
23:32:20.231  (索引)toStringlastIndexdotAllflagsglobalhasIndicesignoreCasemultilinesourcestickyunicodeunicodeSets(索引)toStringlastIndexdotAllflagsglobalhasIndicesignoreCasemultilinesourcestickyunicodeunicodeSetsdepƒ0false''falsefalsefalsefalse' 'falsefalsefalseObject
23:32:20.232  由于“保留日志”的原因，已阻止console.clear()
23:32:20.233  Wed Mar 11 2026 23:32:07 GMT+0800 (中国标准时间)
23:32:20.233  由于“保留日志”的原因，已阻止console.clear()
23:32:20.233  {}
23:32:20.233  由于“保留日志”的原因，已阻止console.clear()
23:32:20.745  
23:32:20.746  由于“保留日志”的原因，已阻止console.clear()
23:32:20.746  
23:32:20.746  由于“保留日志”的原因，已阻止console.clear()
23:32:20.746  (索引)toStringlastIndexdotAllflagsglobalhasIndicesignoreCasemultilinesourcestickyunicodeunicodeSets(索引)toStringlastIndexdotAllflagsglobalhasIndicesignoreCasemultilinesourcestickyunicodeunicodeSetsdepƒ0false''falsefalsefalsefalse' 'falsefalsefalseObject
23:32:20.747  由于“保留日志”的原因，已阻止console.clear()
23:32:20.747  Wed Mar 11 2026 23:32:07 GMT+0800 (中国标准时间)
23:32:20.747  由于“保留日志”的原因，已阻止console.clear()
23:32:20.747  {}
23:32:20.747  由于“保留日志”的原因，已阻止console.clear()
23:32:21.260  
23:32:21.260  由于“保留日志”的原因，已阻止console.clear()
23:32:21.260  
23:32:21.260  由于“保留日志”的原因，已阻止console.clear()
23:32:21.260  (索引)toStringlastIndexdotAllflagsglobalhasIndicesignoreCasemultilinesourcestickyunicodeunicodeSets(索引)toStringlastIndexdotAllflagsglobalhasIndicesignoreCasemultilinesourcestickyunicodeunicodeSetsdepƒ0false''falsefalsefalsefalse' 'falsefalsefalseObject
23:32:21.260  由于“保留日志”的原因，已阻止console.clear()
23:32:21.261  Wed Mar 11 2026 23:32:07 GMT+0800 (中国标准时间)
23:32:21.261  由于“保留日志”的原因，已阻止console.clear()
23:32:21.261  {}
23:32:21.261  由于“保留日志”的原因，已阻止console.clear()
23:32:21.770  
23:32:21.770  由于“保留日志”的原因，已阻止console.clear()
23:32:21.770  
23:32:21.771  由于“保留日志”的原因，已阻止console.clear()
23:32:21.771  (索引)toStringlastIndexdotAllflagsglobalhasIndicesignoreCasemultilinesourcestickyunicodeunicodeSets(索引)toStringlastIndexdotAllflagsglobalhasIndicesignoreCasemultilinesourcestickyunicodeunicodeSetsdepƒ0false''falsefalsefalsefalse' 'falsefalsefalseObject
23:32:21.771  由于“保留日志”的原因，已阻止console.clear()
23:32:21.771  Wed Mar 11 2026 23:32:07 GMT+0800 (中国标准时间)
23:32:21.772  由于“保留日志”的原因，已阻止console.clear()
23:32:21.772  {}
23:32:21.772  由于“保留日志”的原因，已阻止console.clear()
23:32:22.287  
23:32:22.287  由于“保留日志”的原因，已阻止console.clear()
23:32:22.287  
23:32:22.288  由于“保留日志”的原因，已阻止console.clear()
23:32:22.288  (索引)toStringlastIndexdotAllflagsglobalhasIndicesignoreCasemultilinesourcestickyunicodeunicodeSets(索引)toStringlastIndexdotAllflagsglobalhasIndicesignoreCasemultilinesourcestickyunicodeunicodeSetsdepƒ0false''falsefalsefalsefalse' 'falsefalsefalseObject
23:32:22.288  由于“保留日志”的原因，已阻止console.clear()
23:32:22.288  Wed Mar 11 2026 23:32:07 GMT+0800 (中国标准时间)
23:32:22.289  由于“保留日志”的原因，已阻止console.clear()
23:32:22.289  {}
23:32:22.289  由于“保留日志”的原因，已阻止console.clear()
23:32:22.806  
23:32:22.807  由于“保留日志”的原因，已阻止console.clear()
23:32:22.807  
23:32:22.807  由于“保留日志”的原因，已阻止console.clear()
23:32:22.807  (索引)toStringlastIndexdotAllflagsglobalhasIndicesignoreCasemultilinesourcestickyunicodeunicodeSets(索引)toStringlastIndexdotAllflagsglobalhasIndicesignoreCasemultilinesourcestickyunicodeunicodeSetsdepƒ0false''falsefalsefalsefalse' 'falsefalsefalseObject
23:32:22.807  由于“保留日志”的原因，已阻止console.clear()
23:32:22.808  Wed Mar 11 2026 23:32:07 GMT+0800 (中国标准时间)
23:32:22.808  由于“保留日志”的原因，已阻止console.clear()
23:32:22.809  {}
23:32:22.809  由于“保留日志”的原因，已阻止console.clear()
23:32:23.320  
23:32:23.321  由于“保留日志”的原因，已阻止console.clear()
23:32:23.321  
23:32:23.321  由于“保留日志”的原因，已阻止console.clear()
23:32:23.322  (索引)toStringlastIndexdotAllflagsglobalhasIndicesignoreCasemultilinesourcestickyunicodeunicodeSets(索引)toStringlastIndexdotAllflagsglobalhasIndicesignoreCasemultilinesourcestickyunicodeunicodeSetsdepƒ0false''falsefalsefalsefalse' 'falsefalsefalseObject
23:32:23.322  由于“保留日志”的原因，已阻止console.clear()
23:32:23.322  Wed Mar 11 2026 23:32:07 GMT+0800 (中国标准时间)
23:32:23.323  由于“保留日志”的原因，已阻止console.clear()
23:32:23.323  {}
23:32:23.324  由于“保留日志”的原因，已阻止console.clear()
23:32:23.834  
23:32:23.835  由于“保留日志”的原因，已阻止console.clear()
23:32:23.835  
23:32:23.835  由于“保留日志”的原因，已阻止console.clear()
23:32:23.835  (索引)toStringlastIndexdotAllflagsglobalhasIndicesignoreCasemultilinesourcestickyunicodeunicodeSets(索引)toStringlastIndexdotAllflagsglobalhasIndicesignoreCasemultilinesourcestickyunicodeunicodeSetsdepƒ0false''falsefalsefalsefalse' 'falsefalsefalseObject
23:32:23.836  由于“保留日志”的原因，已阻止console.clear()
23:32:23.836  Wed Mar 11 2026 23:32:07 GMT+0800 (中国标准时间)
23:32:23.836  由于“保留日志”的原因，已阻止console.clear()
23:32:23.837  {}
23:32:23.837  由于“保留日志”的原因，已阻止console.clear()
23:32:24.345  
23:32:24.346  由于“保留日志”的原因，已阻止console.clear()
23:32:24.346  
23:32:24.346  由于“保留日志”的原因，已阻止console.clear()
23:32:24.346  (索引)toStringlastIndexdotAllflagsglobalhasIndicesignoreCasemultilinesourcestickyunicodeunicodeSets(索引)toStringlastIndexdotAllflagsglobalhasIndicesignoreCasemultilinesourcestickyunicodeunicodeSetsdepƒ0false''falsefalsefalsefalse' 'falsefalsefalseObject
23:32:24.347  由于“保留日志”的原因，已阻止console.clear()
23:32:24.347  Wed Mar 11 2026 23:32:07 GMT+0800 (中国标准时间)
23:32:24.347  由于“保留日志”的原因，已阻止console.clear()
23:32:24.347  {}
23:32:24.348  由于“保留日志”的原因，已阻止console.clear()
23:32:24.860  
23:32:24.861  由于“保留日志”的原因，已阻止console.clear()
23:32:24.861  
23:32:24.861  由于“保留日志”的原因，已阻止console.clear()
23:32:24.861  (索引)toStringlastIndexdotAllflagsglobalhasIndicesignoreCasemultilinesourcestickyunicodeunicodeSets(索引)toStringlastIndexdotAllflagsglobalhasIndicesignoreCasemultilinesourcestickyunicodeunicodeSetsdepƒ0false''falsefalsefalsefalse' 'falsefalsefalseObject
23:32:24.862  由于“保留日志”的原因，已阻止console.clear()
23:32:24.862  Wed Mar 11 2026 23:32:07 GMT+0800 (中国标准时间)
23:32:24.863  由于“保留日志”的原因，已阻止console.clear()
23:32:24.863  {}
23:32:24.863  由于“保留日志”的原因，已阻止console.clear()
23:32:25.374  
23:32:25.375  由于“保留日志”的原因，已阻止console.clear()
23:32:25.375  
23:32:25.375  由于“保留日志”的原因，已阻止console.clear()
23:32:25.375  (索引)toStringlastIndexdotAllflagsglobalhasIndicesignoreCasemultilinesourcestickyunicodeunicodeSets(索引)toStringlastIndexdotAllflagsglobalhasIndicesignoreCasemultilinesourcestickyunicodeunicodeSetsdepƒ0false''falsefalsefalsefalse' 'falsefalsefalseObject
23:32:25.376  由于“保留日志”的原因，已阻止console.clear()
23:32:25.376  Wed Mar 11 2026 23:32:07 GMT+0800 (中国标准时间)
23:32:25.377  由于“保留日志”的原因，已阻止console.clear()
23:32:25.377  {}
23:32:25.377  由于“保留日志”的原因，已阻止console.clear()
23:32:25.892  
23:32:25.892  由于“保留日志”的原因，已阻止console.clear()
23:32:25.892  
23:32:25.893  由于“保留日志”的原因，已阻止console.clear()
23:32:25.893  (索引)toStringlastIndexdotAllflagsglobalhasIndicesignoreCasemultilinesourcestickyunicodeunicodeSets(索引)toStringlastIndexdotAllflagsglobalhasIndicesignoreCasemultilinesourcestickyunicodeunicodeSetsdepƒ0false''falsefalsefalsefalse' 'falsefalsefalseObject
23:32:25.894  由于“保留日志”的原因，已阻止console.clear()
23:32:25.894  Wed Mar 11 2026 23:32:07 GMT+0800 (中国标准时间)
23:32:25.894  由于“保留日志”的原因，已阻止console.clear()
23:32:25.895  {}
23:32:25.895  由于“保留日志”的原因，已阻止console.clear()
23:32:25.935   react-intl-universal key "b698998e" not defined in zh
warningHandler @ 9561.4bf2dc71.js:2
value @ 9561.4bf2dc71.js:2
p @ 9561.4bf2dc71.js:2
value @ 8222.6209a852.chunk.js:1
Le @ 9561.4bf2dc71.js:2
(匿名) @ 9561.4bf2dc71.js:2
pe @ 9561.4bf2dc71.js:2
e.track @ 9561.4bf2dc71.js:2
n @ 9561.4bf2dc71.js:2
Xi @ 9561.4bf2dc71.js:2
$i @ 9561.4bf2dc71.js:2
Cs @ 9561.4bf2dc71.js:2
wc @ 9561.4bf2dc71.js:2
_c @ 9561.4bf2dc71.js:2
dc @ 9561.4bf2dc71.js:2
(匿名) @ 9561.4bf2dc71.js:2
t.unstable_runWithPriority @ 9561.4bf2dc71.js:2
qo @ 9561.4bf2dc71.js:2
Xo @ 9561.4bf2dc71.js:2
$o @ 9561.4bf2dc71.js:2
ic @ 9561.4bf2dc71.js:2
enqueueSetState @ 9561.4bf2dc71.js:2
b.setState @ 9561.4bf2dc71.js:2
e.playOrPause @ 8222.6209a852.chunk.js:1
window.onblur @ 8222.6209a852.chunk.js:1
23:32:25.935   react-intl-universal key "7c1b3891" not defined in zh
warningHandler @ 9561.4bf2dc71.js:2
value @ 9561.4bf2dc71.js:2
p @ 9561.4bf2dc71.js:2
value @ 8222.6209a852.chunk.js:1
Le @ 9561.4bf2dc71.js:2
(匿名) @ 9561.4bf2dc71.js:2
pe @ 9561.4bf2dc71.js:2
e.track @ 9561.4bf2dc71.js:2
n @ 9561.4bf2dc71.js:2
Xi @ 9561.4bf2dc71.js:2
$i @ 9561.4bf2dc71.js:2
Cs @ 9561.4bf2dc71.js:2
wc @ 9561.4bf2dc71.js:2
_c @ 9561.4bf2dc71.js:2
dc @ 9561.4bf2dc71.js:2
(匿名) @ 9561.4bf2dc71.js:2
t.unstable_runWithPriority @ 9561.4bf2dc71.js:2
qo @ 9561.4bf2dc71.js:2
Xo @ 9561.4bf2dc71.js:2
$o @ 9561.4bf2dc71.js:2
ic @ 9561.4bf2dc71.js:2
enqueueSetState @ 9561.4bf2dc71.js:2
b.setState @ 9561.4bf2dc71.js:2
e.playOrPause @ 8222.6209a852.chunk.js:1
window.onblur @ 8222.6209a852.chunk.js:1
23:32:25.935   react-intl-universal key "625fb26b" not defined in zh
warningHandler @ 9561.4bf2dc71.js:2
value @ 9561.4bf2dc71.js:2
p @ 9561.4bf2dc71.js:2
value @ 8222.6209a852.chunk.js:1
Le @ 9561.4bf2dc71.js:2
(匿名) @ 9561.4bf2dc71.js:2
pe @ 9561.4bf2dc71.js:2
e.track @ 9561.4bf2dc71.js:2
n @ 9561.4bf2dc71.js:2
Xi @ 9561.4bf2dc71.js:2
$i @ 9561.4bf2dc71.js:2
Cs @ 9561.4bf2dc71.js:2
wc @ 9561.4bf2dc71.js:2
_c @ 9561.4bf2dc71.js:2
dc @ 9561.4bf2dc71.js:2
(匿名) @ 9561.4bf2dc71.js:2
t.unstable_runWithPriority @ 9561.4bf2dc71.js:2
qo @ 9561.4bf2dc71.js:2
Xo @ 9561.4bf2dc71.js:2
$o @ 9561.4bf2dc71.js:2
ic @ 9561.4bf2dc71.js:2
enqueueSetState @ 9561.4bf2dc71.js:2
b.setState @ 9561.4bf2dc71.js:2
e.playOrPause @ 8222.6209a852.chunk.js:1
window.onblur @ 8222.6209a852.chunk.js:1
23:32:25.935   react-intl-universal key "aa98ad92" not defined in zh
warningHandler @ 9561.4bf2dc71.js:2
value @ 9561.4bf2dc71.js:2
p @ 9561.4bf2dc71.js:2
value @ 8222.6209a852.chunk.js:1
Le @ 9561.4bf2dc71.js:2
(匿名) @ 9561.4bf2dc71.js:2
pe @ 9561.4bf2dc71.js:2
e.track @ 9561.4bf2dc71.js:2
n @ 9561.4bf2dc71.js:2
Xi @ 9561.4bf2dc71.js:2
$i @ 9561.4bf2dc71.js:2
Cs @ 9561.4bf2dc71.js:2
wc @ 9561.4bf2dc71.js:2
_c @ 9561.4bf2dc71.js:2
dc @ 9561.4bf2dc71.js:2
(匿名) @ 9561.4bf2dc71.js:2
t.unstable_runWithPriority @ 9561.4bf2dc71.js:2
qo @ 9561.4bf2dc71.js:2
Xo @ 9561.4bf2dc71.js:2
$o @ 9561.4bf2dc71.js:2
ic @ 9561.4bf2dc71.js:2
enqueueSetState @ 9561.4bf2dc71.js:2
b.setState @ 9561.4bf2dc71.js:2
e.playOrPause @ 8222.6209a852.chunk.js:1
window.onblur @ 8222.6209a852.chunk.js:1
23:32:25.935   react-intl-universal key "fe033787" not defined in zh
warningHandler @ 9561.4bf2dc71.js:2
value @ 9561.4bf2dc71.js:2
p @ 9561.4bf2dc71.js:2
value @ 8222.6209a852.chunk.js:1
Le @ 9561.4bf2dc71.js:2
(匿名) @ 9561.4bf2dc71.js:2
pe @ 9561.4bf2dc71.js:2
e.track @ 9561.4bf2dc71.js:2
n @ 9561.4bf2dc71.js:2
Xi @ 9561.4bf2dc71.js:2
$i @ 9561.4bf2dc71.js:2
Cs @ 9561.4bf2dc71.js:2
wc @ 9561.4bf2dc71.js:2
_c @ 9561.4bf2dc71.js:2
dc @ 9561.4bf2dc71.js:2
(匿名) @ 9561.4bf2dc71.js:2
t.unstable_runWithPriority @ 9561.4bf2dc71.js:2
qo @ 9561.4bf2dc71.js:2
Xo @ 9561.4bf2dc71.js:2
$o @ 9561.4bf2dc71.js:2
ic @ 9561.4bf2dc71.js:2
enqueueSetState @ 9561.4bf2dc71.js:2
b.setState @ 9561.4bf2dc71.js:2
e.playOrPause @ 8222.6209a852.chunk.js:1
window.onblur @ 8222.6209a852.chunk.js:1
23:32:25.936   react-intl-universal key "40e20dd4" not defined in zh
warningHandler @ 9561.4bf2dc71.js:2
value @ 9561.4bf2dc71.js:2
p @ 9561.4bf2dc71.js:2
value @ 8222.6209a852.chunk.js:1
Le @ 9561.4bf2dc71.js:2
(匿名) @ 9561.4bf2dc71.js:2
pe @ 9561.4bf2dc71.js:2
e.track @ 9561.4bf2dc71.js:2
n @ 9561.4bf2dc71.js:2
Xi @ 9561.4bf2dc71.js:2
$i @ 9561.4bf2dc71.js:2
Cs @ 9561.4bf2dc71.js:2
wc @ 9561.4bf2dc71.js:2
_c @ 9561.4bf2dc71.js:2
dc @ 9561.4bf2dc71.js:2
(匿名) @ 9561.4bf2dc71.js:2
t.unstable_runWithPriority @ 9561.4bf2dc71.js:2
qo @ 9561.4bf2dc71.js:2
Xo @ 9561.4bf2dc71.js:2
$o @ 9561.4bf2dc71.js:2
ic @ 9561.4bf2dc71.js:2
enqueueSetState @ 9561.4bf2dc71.js:2
b.setState @ 9561.4bf2dc71.js:2
e.playOrPause @ 8222.6209a852.chunk.js:1
window.onblur @ 8222.6209a852.chunk.js:1
23:32:25.936  commonFull true
23:32:25.936  window.outerWidth 1920
23:32:25.936  screen.availWidth 1920
23:32:25.936  windowF11Full false
23:32:25.936  isFullScreen true
23:32:26.410  
23:32:26.410  由于“保留日志”的原因，已阻止console.clear()
23:32:26.411  
23:32:26.411  由于“保留日志”的原因，已阻止console.clear()
23:32:26.411  (索引)toStringlastIndexdotAllflagsglobalhasIndicesignoreCasemultilinesourcestickyunicodeunicodeSets(索引)toStringlastIndexdotAllflagsglobalhasIndicesignoreCasemultilinesourcestickyunicodeunicodeSetsdepƒ0false''falsefalsefalsefalse' 'falsefalsefalseObject
23:32:26.411  由于“保留日志”的原因，已阻止console.clear()
23:32:26.412  Wed Mar 11 2026 23:32:07 GMT+0800 (中国标准时间)
23:32:26.412  由于“保留日志”的原因，已阻止console.clear()
23:32:26.413  {}
23:32:26.413  由于“保留日志”的原因，已阻止console.clear()
23:32:26.927  
23:32:26.927  由于“保留日志”的原因，已阻止console.clear()
23:32:26.928  
23:32:26.928  由于“保留日志”的原因，已阻止console.clear()
23:32:26.928  (索引)toStringlastIndexdotAllflagsglobalhasIndicesignoreCasemultilinesourcestickyunicodeunicodeSets(索引)toStringlastIndexdotAllflagsglobalhasIndicesignoreCasemultilinesourcestickyunicodeunicodeSetsdepƒ0false''falsefalsefalsefalse' 'falsefalsefalseObject
23:32:26.929  由于“保留日志”的原因，已阻止console.clear()
23:32:26.930  Wed Mar 11 2026 23:32:07 GMT+0800 (中国标准时间)
23:32:26.931  由于“保留日志”的原因，已阻止console.clear()
23:32:26.932  {}
23:32:26.932  由于“保留日志”的原因，已阻止console.clear()
23:32:27.444  
23:32:27.444  由于“保留日志”的原因，已阻止console.clear()
23:32:27.446  
23:32:27.446  由于“保留日志”的原因，已阻止console.clear()
23:32:27.446  (索引)toStringlastIndexdotAllflagsglobalhasIndicesignoreCasemultilinesourcestickyunicodeunicodeSets(索引)toStringlastIndexdotAllflagsglobalhasIndicesignoreCasemultilinesourcestickyunicodeunicodeSetsdepƒ0false''falsefalsefalsefalse' 'falsefalsefalseObject
23:32:27.446  由于“保留日志”的原因，已阻止console.clear()
23:32:27.446  Wed Mar 11 2026 23:32:07 GMT+0800 (中国标准时间)
23:32:27.446  由于“保留日志”的原因，已阻止console.clear()
23:32:27.446  {}
23:32:27.446  由于“保留日志”的原因，已阻止console.clear()
23:32:27.958  
23:32:27.958  由于“保留日志”的原因，已阻止console.clear()
23:32:27.958  
23:32:27.958  由于“保留日志”的原因，已阻止console.clear()
23:32:27.958  (索引)toStringlastIndexdotAllflagsglobalhasIndicesignoreCasemultilinesourcestickyunicodeunicodeSets(索引)toStringlastIndexdotAllflagsglobalhasIndicesignoreCasemultilinesourcestickyunicodeunicodeSetsdepƒ0false''falsefalsefalsefalse' 'falsefalsefalseObject
23:32:27.958  由于“保留日志”的原因，已阻止console.clear()
23:32:27.959  Wed Mar 11 2026 23:32:07 GMT+0800 (中国标准时间)
23:32:27.959  由于“保留日志”的原因，已阻止console.clear()
23:32:27.959  {}
23:32:27.959  由于“保留日志”的原因，已阻止console.clear()
23:32:28.474  
23:32:28.474  由于“保留日志”的原因，已阻止console.clear()
23:32:28.474  
23:32:28.474  由于“保留日志”的原因，已阻止console.clear()
23:32:28.474  (索引)toStringlastIndexdotAllflagsglobalhasIndicesignoreCasemultilinesourcestickyunicodeunicodeSets(索引)toStringlastIndexdotAllflagsglobalhasIndicesignoreCasemultilinesourcestickyunicodeunicodeSetsdepƒ0false''falsefalsefalsefalse' 'falsefalsefalseObject
23:32:28.474  由于“保留日志”的原因，已阻止console.clear()
23:32:28.474  Wed Mar 11 2026 23:32:07 GMT+0800 (中国标准时间)
23:32:28.474  由于“保留日志”的原因，已阻止console.clear()
23:32:28.474  {}
23:32:28.474  由于“保留日志”的原因，已阻止console.clear()
23:32:28.991  
23:32:28.992  由于“保留日志”的原因，已阻止console.clear()
23:32:28.992  
23:32:28.992  由于“保留日志”的原因，已阻止console.clear()
23:32:28.993  (索引)toStringlastIndexdotAllflagsglobalhasIndicesignoreCasemultilinesourcestickyunicodeunicodeSets(索引)toStringlastIndexdotAllflagsglobalhasIndicesignoreCasemultilinesourcestickyunicodeunicodeSetsdepƒ0false''falsefalsefalsefalse' 'falsefalsefalseObject
23:32:28.993  由于“保留日志”的原因，已阻止console.clear()
23:32:28.993  Wed Mar 11 2026 23:32:07 GMT+0800 (中国标准时间)
23:32:28.994  由于“保留日志”的原因，已阻止console.clear()
23:32:28.994  {}
23:32:28.994  由于“保留日志”的原因，已阻止console.clear()
23:32:29.506  
23:32:29.506  由于“保留日志”的原因，已阻止console.clear()
23:32:29.506  
23:32:29.506  由于“保留日志”的原因，已阻止console.clear()
23:32:29.506  (索引)toStringlastIndexdotAllflagsglobalhasIndicesignoreCasemultilinesourcestickyunicodeunicodeSets(索引)toStringlastIndexdotAllflagsglobalhasIndicesignoreCasemultilinesourcestickyunicodeunicodeSetsdepƒ0false''falsefalsefalsefalse' 'falsefalsefalseObject
23:32:29.506  由于“保留日志”的原因，已阻止console.clear()
23:32:29.506  Wed Mar 11 2026 23:32:07 GMT+0800 (中国标准时间)
23:32:29.507  由于“保留日志”的原因，已阻止console.clear()
23:32:29.507  {}
23:32:29.507  由于“保留日志”的原因，已阻止console.clear()
23:32:30.010  
23:32:30.011  由于“保留日志”的原因，已阻止console.clear()
23:32:30.011  
23:32:30.011  由于“保留日志”的原因，已阻止console.clear()
23:32:30.011  (索引)toStringlastIndexdotAllflagsglobalhasIndicesignoreCasemultilinesourcestickyunicodeunicodeSets(索引)toStringlastIndexdotAllflagsglobalhasIndicesignoreCasemultilinesourcestickyunicodeunicodeSetsdepƒ0false''falsefalsefalsefalse' 'falsefalsefalseObject
23:32:30.012  由于“保留日志”的原因，已阻止console.clear()
23:32:30.012  Wed Mar 11 2026 23:32:07 GMT+0800 (中国标准时间)
23:32:30.012  由于“保留日志”的原因，已阻止console.clear()
23:32:30.012  {}
23:32:30.012  由于“保留日志”的原因，已阻止console.clear()
23:32:30.516  
23:32:30.516  由于“保留日志”的原因，已阻止console.clear()
23:32:30.516  
23:32:30.517  由于“保留日志”的原因，已阻止console.clear()
23:32:30.517  (索引)toStringlastIndexdotAllflagsglobalhasIndicesignoreCasemultilinesourcestickyunicodeunicodeSets(索引)toStringlastIndexdotAllflagsglobalhasIndicesignoreCasemultilinesourcestickyunicodeunicodeSetsdepƒ0false''falsefalsefalsefalse' 'falsefalsefalseObject
23:32:30.517  由于“保留日志”的原因，已阻止console.clear()
23:32:30.517  Wed Mar 11 2026 23:32:07 GMT+0800 (中国标准时间)
23:32:30.517  由于“保留日志”的原因，已阻止console.clear()
23:32:30.517  {}
23:32:30.517  由于“保留日志”的原因，已阻止console.clear()
23:32:31.031  
23:32:31.032  由于“保留日志”的原因，已阻止console.clear()
23:32:31.032  
23:32:31.032  由于“保留日志”的原因，已阻止console.clear()
23:32:31.032  (索引)toStringlastIndexdotAllflagsglobalhasIndicesignoreCasemultilinesourcestickyunicodeunicodeSets(索引)toStringlastIndexdotAllflagsglobalhasIndicesignoreCasemultilinesourcestickyunicodeunicodeSetsdepƒ0false''falsefalsefalsefalse' 'falsefalsefalseObject
23:32:31.033  由于“保留日志”的原因，已阻止console.clear()
23:32:31.034  Wed Mar 11 2026 23:32:07 GMT+0800 (中国标准时间)
23:32:31.034  由于“保留日志”的原因，已阻止console.clear()
23:32:31.034  {}
23:32:31.035  由于“保留日志”的原因，已阻止console.clear()
23:32:31.547  
23:32:31.548  由于“保留日志”的原因，已阻止console.clear()
23:32:31.548  
23:32:31.549  由于“保留日志”的原因，已阻止console.clear()
23:32:31.549  (索引)toStringlastIndexdotAllflagsglobalhasIndicesignoreCasemultilinesourcestickyunicodeunicodeSets(索引)toStringlastIndexdotAllflagsglobalhasIndicesignoreCasemultilinesourcestickyunicodeunicodeSetsdepƒ0false''falsefalsefalsefalse' 'falsefalsefalseObject
23:32:31.550  由于“保留日志”的原因，已阻止console.clear()
23:32:31.550  Wed Mar 11 2026 23:32:07 GMT+0800 (中国标准时间)
23:32:31.550  由于“保留日志”的原因，已阻止console.clear()
23:32:31.551  {}
23:32:31.551  由于“保留日志”的原因，已阻止console.clear()
23:32:32.062  
23:32:32.062  由于“保留日志”的原因，已阻止console.clear()
23:32:32.062  
23:32:32.062  由于“保留日志”的原因，已阻止console.clear()
23:32:32.062  (索引)toStringlastIndexdotAllflagsglobalhasIndicesignoreCasemultilinesourcestickyunicodeunicodeSets(索引)toStringlastIndexdotAllflagsglobalhasIndicesignoreCasemultilinesourcestickyunicodeunicodeSetsdepƒ0false''falsefalsefalsefalse' 'falsefalsefalseObject
23:32:32.062  由于“保留日志”的原因，已阻止console.clear()
23:32:32.062  Wed Mar 11 2026 23:32:07 GMT+0800 (中国标准时间)
23:32:32.062  由于“保留日志”的原因，已阻止console.clear()
23:32:32.062  {}
23:32:32.063  由于“保留日志”的原因，已阻止console.clear()
23:32:32.577  
23:32:32.578  由于“保留日志”的原因，已阻止console.clear()
23:32:32.578  
23:32:32.578  由于“保留日志”的原因，已阻止console.clear()
23:32:32.579  (索引)toStringlastIndexdotAllflagsglobalhasIndicesignoreCasemultilinesourcestickyunicodeunicodeSets(索引)toStringlastIndexdotAllflagsglobalhasIndicesignoreCasemultilinesourcestickyunicodeunicodeSetsdepƒ0false''falsefalsefalsefalse' 'falsefalsefalseObject
23:32:32.579  由于“保留日志”的原因，已阻止console.clear()
23:32:32.579  Wed Mar 11 2026 23:32:07 GMT+0800 (中国标准时间)
23:32:32.580  由于“保留日志”的原因，已阻止console.clear()
23:32:32.580  {}
23:32:32.580  由于“保留日志”的原因，已阻止console.clear()
23:32:33.093  
23:32:33.093  由于“保留日志”的原因，已阻止console.clear()
23:32:33.093  
23:32:33.093  由于“保留日志”的原因，已阻止console.clear()
23:32:33.093  (索引)toStringlastIndexdotAllflagsglobalhasIndicesignoreCasemultilinesourcestickyunicodeunicodeSets(索引)toStringlastIndexdotAllflagsglobalhasIndicesignoreCasemultilinesourcestickyunicodeunicodeSetsdepƒ0false''falsefalsefalsefalse' 'falsefalsefalseObject
23:32:33.093  由于“保留日志”的原因，已阻止console.clear()
23:32:33.093  Wed Mar 11 2026 23:32:07 GMT+0800 (中国标准时间)
23:32:33.093  由于“保留日志”的原因，已阻止console.clear()
23:32:33.094  {}
23:32:33.094  由于“保留日志”的原因，已阻止console.clear()
23:32:33.611  
23:32:33.611  由于“保留日志”的原因，已阻止console.clear()
23:32:33.611  
23:32:33.612  由于“保留日志”的原因，已阻止console.clear()
23:32:33.612  (索引)toStringlastIndexdotAllflagsglobalhasIndicesignoreCasemultilinesourcestickyunicodeunicodeSets(索引)toStringlastIndexdotAllflagsglobalhasIndicesignoreCasemultilinesourcestickyunicodeunicodeSetsdepƒ0false''falsefalsefalsefalse' 'falsefalsefalseObject
23:32:33.612  由于“保留日志”的原因，已阻止console.clear()
23:32:33.612  Wed Mar 11 2026 23:32:07 GMT+0800 (中国标准时间)
23:32:33.612  由于“保留日志”的原因，已阻止console.clear()
23:32:33.613  {}
23:32:33.613  由于“保留日志”的原因，已阻止console.clear()
23:32:34.130  
23:32:34.130  由于“保留日志”的原因，已阻止console.clear()
23:32:34.130  
23:32:34.131  由于“保留日志”的原因，已阻止console.clear()
23:32:34.131  (索引)toStringlastIndexdotAllflagsglobalhasIndicesignoreCasemultilinesourcestickyunicodeunicodeSets(索引)toStringlastIndexdotAllflagsglobalhasIndicesignoreCasemultilinesourcestickyunicodeunicodeSetsdepƒ0false''falsefalsefalsefalse' 'falsefalsefalseObject
23:32:34.132  由于“保留日志”的原因，已阻止console.clear()
23:32:34.132  Wed Mar 11 2026 23:32:07 GMT+0800 (中国标准时间)
23:32:34.132  由于“保留日志”的原因，已阻止console.clear()
23:32:34.133  {}
23:32:34.133  由于“保留日志”的原因，已阻止console.clear()
23:32:34.647  
23:32:34.647  由于“保留日志”的原因，已阻止console.clear()
23:32:34.647  
23:32:34.648  由于“保留日志”的原因，已阻止console.clear()
23:32:34.648  (索引)toStringlastIndexdotAllflagsglobalhasIndicesignoreCasemultilinesourcestickyunicodeunicodeSets(索引)toStringlastIndexdotAllflagsglobalhasIndicesignoreCasemultilinesourcestickyunicodeunicodeSetsdepƒ0false''falsefalsefalsefalse' 'falsefalsefalseObject
23:32:34.649  由于“保留日志”的原因，已阻止console.clear()
23:32:34.649  Wed Mar 11 2026 23:32:07 GMT+0800 (中国标准时间)
23:32:34.649  由于“保留日志”的原因，已阻止console.clear()
23:32:34.650  {}
23:32:34.650  由于“保留日志”的原因，已阻止console.clear()
23:32:35.165  
23:32:35.165  由于“保留日志”的原因，已阻止console.clear()
23:32:35.165  
23:32:35.165  由于“保留日志”的原因，已阻止console.clear()
23:32:35.166  (索引)toStringlastIndexdotAllflagsglobalhasIndicesignoreCasemultilinesourcestickyunicodeunicodeSets(索引)toStringlastIndexdotAllflagsglobalhasIndicesignoreCasemultilinesourcestickyunicodeunicodeSetsdepƒ0false''falsefalsefalsefalse' 'falsefalsefalseObject
23:32:35.166  由于“保留日志”的原因，已阻止console.clear()
23:32:35.166  Wed Mar 11 2026 23:32:07 GMT+0800 (中国标准时间)
23:32:35.166  由于“保留日志”的原因，已阻止console.clear()
23:32:35.167  {}
23:32:35.167  由于“保留日志”的原因，已阻止console.clear()
23:32:35.684  
23:32:35.684  由于“保留日志”的原因，已阻止console.clear()
23:32:35.684  
23:32:35.684  由于“保留日志”的原因，已阻止console.clear()
23:32:35.685  (索引)toStringlastIndexdotAllflagsglobalhasIndicesignoreCasemultilinesourcestickyunicodeunicodeSets(索引)toStringlastIndexdotAllflagsglobalhasIndicesignoreCasemultilinesourcestickyunicodeunicodeSetsdepƒ0false''falsefalsefalsefalse' 'falsefalsefalseObject
23:32:35.685  由于“保留日志”的原因，已阻止console.clear()
23:32:35.685  Wed Mar 11 2026 23:32:07 GMT+0800 (中国标准时间)
23:32:35.685  由于“保留日志”的原因，已阻止console.clear()
23:32:35.685  {}
23:32:35.686  由于“保留日志”的原因，已阻止console.clear()
23:32:36.201  
23:32:36.201  由于“保留日志”的原因，已阻止console.clear()
23:32:36.201  
23:32:36.201  由于“保留日志”的原因，已阻止console.clear()
23:32:36.202  (索引)toStringlastIndexdotAllflagsglobalhasIndicesignoreCasemultilinesourcestickyunicodeunicodeSets(索引)toStringlastIndexdotAllflagsglobalhasIndicesignoreCasemultilinesourcestickyunicodeunicodeSetsdepƒ0false''falsefalsefalsefalse' 'falsefalsefalseObject
23:32:36.202  由于“保留日志”的原因，已阻止console.clear()
23:32:36.203  Wed Mar 11 2026 23:32:07 GMT+0800 (中国标准时间)
23:32:36.204  由于“保留日志”的原因，已阻止console.clear()
23:32:36.204  {}
23:32:36.204  由于“保留日志”的原因，已阻止console.clear()
23:32:36.716  
23:32:36.716  由于“保留日志”的原因，已阻止console.clear()
23:32:36.716  
23:32:36.716  由于“保留日志”的原因，已阻止console.clear()
23:32:36.716  (索引)toStringlastIndexdotAllflagsglobalhasIndicesignoreCasemultilinesourcestickyunicodeunicodeSets(索引)toStringlastIndexdotAllflagsglobalhasIndicesignoreCasemultilinesourcestickyunicodeunicodeSetsdepƒ0false''falsefalsefalsefalse' 'falsefalsefalseObject
23:32:36.716  由于“保留日志”的原因，已阻止console.clear()
23:32:36.716  Wed Mar 11 2026 23:32:07 GMT+0800 (中国标准时间)
23:32:36.716  由于“保留日志”的原因，已阻止console.clear()
23:32:36.716  {}
23:32:36.716  由于“保留日志”的原因，已阻止console.clear()
23:32:37.222  
23:32:37.222  由于“保留日志”的原因，已阻止console.clear()
23:32:37.222  
23:32:37.222  由于“保留日志”的原因，已阻止console.clear()
23:32:37.222  (索引)toStringlastIndexdotAllflagsglobalhasIndicesignoreCasemultilinesourcestickyunicodeunicodeSets(索引)toStringlastIndexdotAllflagsglobalhasIndicesignoreCasemultilinesourcestickyunicodeunicodeSetsdepƒ0false''falsefalsefalsefalse' 'falsefalsefalseObject
23:32:37.222  由于“保留日志”的原因，已阻止console.clear()
23:32:37.222  Wed Mar 11 2026 23:32:07 GMT+0800 (中国标准时间)
23:32:37.222  由于“保留日志”的原因，已阻止console.clear()
23:32:37.222  {}
23:32:37.222  由于“保留日志”的原因，已阻止console.clear()
23:32:37.739  
23:32:37.740  由于“保留日志”的原因，已阻止console.clear()
23:32:37.740  
23:32:37.740  由于“保留日志”的原因，已阻止console.clear()
23:32:37.740  (索引)toStringlastIndexdotAllflagsglobalhasIndicesignoreCasemultilinesourcestickyunicodeunicodeSets(索引)toStringlastIndexdotAllflagsglobalhasIndicesignoreCasemultilinesourcestickyunicodeunicodeSetsdepƒ0false''falsefalsefalsefalse' 'falsefalsefalseObject
23:32:37.741  由于“保留日志”的原因，已阻止console.clear()
23:32:37.741  Wed Mar 11 2026 23:32:07 GMT+0800 (中国标准时间)
23:32:37.741  由于“保留日志”的原因，已阻止console.clear()
23:32:37.741  {}
23:32:37.742  由于“保留日志”的原因，已阻止console.clear()
23:32:38.254  
23:32:38.254  由于“保留日志”的原因，已阻止console.clear()
23:32:38.254  
23:32:38.255  由于“保留日志”的原因，已阻止console.clear()
23:32:38.255  (索引)toStringlastIndexdotAllflagsglobalhasIndicesignoreCasemultilinesourcestickyunicodeunicodeSets(索引)toStringlastIndexdotAllflagsglobalhasIndicesignoreCasemultilinesourcestickyunicodeunicodeSetsdepƒ0false''falsefalsefalsefalse' 'falsefalsefalseObject
23:32:38.255  由于“保留日志”的原因，已阻止console.clear()
23:32:38.255  Wed Mar 11 2026 23:32:07 GMT+0800 (中国标准时间)
23:32:38.256  由于“保留日志”的原因，已阻止console.clear()
23:32:38.256  {}
23:32:38.256  由于“保留日志”的原因，已阻止console.clear()
23:32:38.757  
23:32:38.758  由于“保留日志”的原因，已阻止console.clear()
23:32:38.758  
23:32:38.758  由于“保留日志”的原因，已阻止console.clear()
23:32:38.758  (索引)toStringlastIndexdotAllflagsglobalhasIndicesignoreCasemultilinesourcestickyunicodeunicodeSets(索引)toStringlastIndexdotAllflagsglobalhasIndicesignoreCasemultilinesourcestickyunicodeunicodeSetsdepƒ0false''falsefalsefalsefalse' 'falsefalsefalseObject
23:32:38.758  由于“保留日志”的原因，已阻止console.clear()
23:32:38.758  Wed Mar 11 2026 23:32:07 GMT+0800 (中国标准时间)
23:32:38.758  由于“保留日志”的原因，已阻止console.clear()
23:32:38.759  {}
23:32:38.759  由于“保留日志”的原因，已阻止console.clear()
23:32:39.262  
23:32:39.263  由于“保留日志”的原因，已阻止console.clear()
23:32:39.263  
23:32:39.263  由于“保留日志”的原因，已阻止console.clear()
23:32:39.264  (索引)toStringlastIndexdotAllflagsglobalhasIndicesignoreCasemultilinesourcestickyunicodeunicodeSets(索引)toStringlastIndexdotAllflagsglobalhasIndicesignoreCasemultilinesourcestickyunicodeunicodeSetsdepƒ0false''falsefalsefalsefalse' 'falsefalsefalseObject
23:32:39.264  由于“保留日志”的原因，已阻止console.clear()
23:32:39.264  Wed Mar 11 2026 23:32:07 GMT+0800 (中国标准时间)
23:32:39.265  由于“保留日志”的原因，已阻止console.clear()
23:32:39.265  {}
23:32:39.265  由于“保留日志”的原因，已阻止console.clear()
23:32:39.779  
23:32:39.780  由于“保留日志”的原因，已阻止console.clear()
23:32:39.780  
23:32:39.780  由于“保留日志”的原因，已阻止console.clear()
23:32:39.780  (索引)toStringlastIndexdotAllflagsglobalhasIndicesignoreCasemultilinesourcestickyunicodeunicodeSets(索引)toStringlastIndexdotAllflagsglobalhasIndicesignoreCasemultilinesourcestickyunicodeunicodeSetsdepƒ0false''falsefalsefalsefalse' 'falsefalsefalseObject
23:32:39.781  由于“保留日志”的原因，已阻止console.clear()
23:32:39.781  Wed Mar 11 2026 23:32:07 GMT+0800 (中国标准时间)
23:32:39.782  由于“保留日志”的原因，已阻止console.clear()
23:32:39.782  {}
23:32:39.782  由于“保留日志”的原因，已阻止console.clear()
23:32:40.297  
23:32:40.298  由于“保留日志”的原因，已阻止console.clear()
23:32:40.298  
23:32:40.298  由于“保留日志”的原因，已阻止console.clear()
23:32:40.298  (索引)toStringlastIndexdotAllflagsglobalhasIndicesignoreCasemultilinesourcestickyunicodeunicodeSets(索引)toStringlastIndexdotAllflagsglobalhasIndicesignoreCasemultilinesourcestickyunicodeunicodeSetsdepƒ0false''falsefalsefalsefalse' 'falsefalsefalseObject
23:32:40.299  由于“保留日志”的原因，已阻止console.clear()
23:32:40.299  Wed Mar 11 2026 23:32:07 GMT+0800 (中国标准时间)
23:32:40.299  由于“保留日志”的原因，已阻止console.clear()
23:32:40.299  {}
23:32:40.299  由于“保留日志”的原因，已阻止console.clear()
23:32:40.810  
23:32:40.810  由于“保留日志”的原因，已阻止console.clear()
23:32:40.811  
23:32:40.811  由于“保留日志”的原因，已阻止console.clear()
23:32:40.811  (索引)toStringlastIndexdotAllflagsglobalhasIndicesignoreCasemultilinesourcestickyunicodeunicodeSets(索引)toStringlastIndexdotAllflagsglobalhasIndicesignoreCasemultilinesourcestickyunicodeunicodeSetsdepƒ0false''falsefalsefalsefalse' 'falsefalsefalseObject
23:32:40.811  由于“保留日志”的原因，已阻止console.clear()
23:32:40.811  Wed Mar 11 2026 23:32:07 GMT+0800 (中国标准时间)
23:32:40.812  由于“保留日志”的原因，已阻止console.clear()
23:32:40.812  {}
23:32:40.812  由于“保留日志”的原因，已阻止console.clear()
23:32:41.327  
23:32:41.327  由于“保留日志”的原因，已阻止console.clear()
23:32:41.327  
23:32:41.327  由于“保留日志”的原因，已阻止console.clear()
23:32:41.327  (索引)toStringlastIndexdotAllflagsglobalhasIndicesignoreCasemultilinesourcestickyunicodeunicodeSets(索引)toStringlastIndexdotAllflagsglobalhasIndicesignoreCasemultilinesourcestickyunicodeunicodeSetsdepƒ0false''falsefalsefalsefalse' 'falsefalsefalseObject
23:32:41.327  由于“保留日志”的原因，已阻止console.clear()
23:32:41.328  Wed Mar 11 2026 23:32:07 GMT+0800 (中国标准时间)
23:32:41.328  由于“保留日志”的原因，已阻止console.clear()
23:32:41.328  {}
23:32:41.328  由于“保留日志”的原因，已阻止console.clear()
23:32:41.844  
23:32:41.845  由于“保留日志”的原因，已阻止console.clear()
23:32:41.845  
23:32:41.845  由于“保留日志”的原因，已阻止console.clear()
23:32:41.845  (索引)toStringlastIndexdotAllflagsglobalhasIndicesignoreCasemultilinesourcestickyunicodeunicodeSets(索引)toStringlastIndexdotAllflagsglobalhasIndicesignoreCasemultilinesourcestickyunicodeunicodeSetsdepƒ0false''falsefalsefalsefalse' 'falsefalsefalseObject
23:32:41.846  由于“保留日志”的原因，已阻止console.clear()
23:32:41.846  Wed Mar 11 2026 23:32:07 GMT+0800 (中国标准时间)
23:32:41.846  由于“保留日志”的原因，已阻止console.clear()
23:32:41.847  {}
23:32:41.847  由于“保留日志”的原因，已阻止console.clear()
23:32:42.356  
23:32:42.357  由于“保留日志”的原因，已阻止console.clear()
23:32:42.357  
23:32:42.357  由于“保留日志”的原因，已阻止console.clear()
23:32:42.357  (索引)toStringlastIndexdotAllflagsglobalhasIndicesignoreCasemultilinesourcestickyunicodeunicodeSets(索引)toStringlastIndexdotAllflagsglobalhasIndicesignoreCasemultilinesourcestickyunicodeunicodeSetsdepƒ0false''falsefalsefalsefalse' 'falsefalsefalseObject
23:32:42.357  由于“保留日志”的原因，已阻止console.clear()
23:32:42.357  Wed Mar 11 2026 23:32:07 GMT+0800 (中国标准时间)
23:32:42.357  由于“保留日志”的原因，已阻止console.clear()
23:32:42.357  {}
23:32:42.357  由于“保留日志”的原因，已阻止console.clear()
23:32:42.862  
23:32:42.862  由于“保留日志”的原因，已阻止console.clear()
23:32:42.862  
23:32:42.862  由于“保留日志”的原因，已阻止console.clear()
23:32:42.862  (索引)toStringlastIndexdotAllflagsglobalhasIndicesignoreCasemultilinesourcestickyunicodeunicodeSets(索引)toStringlastIndexdotAllflagsglobalhasIndicesignoreCasemultilinesourcestickyunicodeunicodeSetsdepƒ0false''falsefalsefalsefalse' 'falsefalsefalseObject
23:32:42.862  由于“保留日志”的原因，已阻止console.clear()
23:32:42.862  Wed Mar 11 2026 23:32:07 GMT+0800 (中国标准时间)
23:32:42.863  由于“保留日志”的原因，已阻止console.clear()
23:32:42.863  {}
23:32:42.863  由于“保留日志”的原因，已阻止console.clear()
23:32:43.365  
23:32:43.365  由于“保留日志”的原因，已阻止console.clear()
23:32:43.365  
23:32:43.365  由于“保留日志”的原因，已阻止console.clear()
23:32:43.365  (索引)toStringlastIndexdotAllflagsglobalhasIndicesignoreCasemultilinesourcestickyunicodeunicodeSets(索引)toStringlastIndexdotAllflagsglobalhasIndicesignoreCasemultilinesourcestickyunicodeunicodeSetsdepƒ0false''falsefalsefalsefalse' 'falsefalsefalseObject
23:32:43.365  由于“保留日志”的原因，已阻止console.clear()
23:32:43.365  Wed Mar 11 2026 23:32:07 GMT+0800 (中国标准时间)
23:32:43.366  由于“保留日志”的原因，已阻止console.clear()
23:32:43.366  {}
23:32:43.366  由于“保留日志”的原因，已阻止console.clear()
23:32:43.881  
23:32:43.881  由于“保留日志”的原因，已阻止console.clear()
23:32:43.882  
23:32:43.882  由于“保留日志”的原因，已阻止console.clear()
23:32:43.882  (索引)toStringlastIndexdotAllflagsglobalhasIndicesignoreCasemultilinesourcestickyunicodeunicodeSets(索引)toStringlastIndexdotAllflagsglobalhasIndicesignoreCasemultilinesourcestickyunicodeunicodeSetsdepƒ0false''falsefalsefalsefalse' 'falsefalsefalseObject
23:32:43.882  由于“保留日志”的原因，已阻止console.clear()
23:32:43.882  Wed Mar 11 2026 23:32:07 GMT+0800 (中国标准时间)
23:32:43.882  由于“保留日志”的原因，已阻止console.clear()
23:32:43.882  {}
23:32:43.883  由于“保留日志”的原因，已阻止console.clear()
23:32:44.392  
23:32:44.392  由于“保留日志”的原因，已阻止console.clear()
23:32:44.392  
23:32:44.392  由于“保留日志”的原因，已阻止console.clear()
23:32:44.392  (索引)toStringlastIndexdotAllflagsglobalhasIndicesignoreCasemultilinesourcestickyunicodeunicodeSets(索引)toStringlastIndexdotAllflagsglobalhasIndicesignoreCasemultilinesourcestickyunicodeunicodeSetsdepƒ0false''falsefalsefalsefalse' 'falsefalsefalseObject
23:32:44.392  由于“保留日志”的原因，已阻止console.clear()
23:32:44.393  Wed Mar 11 2026 23:32:07 GMT+0800 (中国标准时间)
23:32:44.393  由于“保留日志”的原因，已阻止console.clear()
23:32:44.393  {}
23:32:44.393  由于“保留日志”的原因，已阻止console.clear()
23:32:44.894  
23:32:44.895  由于“保留日志”的原因，已阻止console.clear()
23:32:44.895  
23:32:44.895  由于“保留日志”的原因，已阻止console.clear()
23:32:44.895  (索引)toStringlastIndexdotAllflagsglobalhasIndicesignoreCasemultilinesourcestickyunicodeunicodeSets(索引)toStringlastIndexdotAllflagsglobalhasIndicesignoreCasemultilinesourcestickyunicodeunicodeSetsdepƒ0false''falsefalsefalsefalse' 'falsefalsefalseObject
23:32:44.896  由于“保留日志”的原因，已阻止console.clear()
23:32:44.896  Wed Mar 11 2026 23:32:07 GMT+0800 (中国标准时间)
23:32:44.896  由于“保留日志”的原因，已阻止console.clear()
23:32:44.896  {}
23:32:44.897  由于“保留日志”的原因，已阻止console.clear()
23:32:45.412  
23:32:45.413  由于“保留日志”的原因，已阻止console.clear()
23:32:45.413  
23:32:45.414  由于“保留日志”的原因，已阻止console.clear()
23:32:45.414  (索引)toStringlastIndexdotAllflagsglobalhasIndicesignoreCasemultilinesourcestickyunicodeunicodeSets(索引)toStringlastIndexdotAllflagsglobalhasIndicesignoreCasemultilinesourcestickyunicodeunicodeSetsdepƒ0false''falsefalsefalsefalse' 'falsefalsefalseObject
23:32:45.414  由于“保留日志”的原因，已阻止console.clear()
23:32:45.415  Wed Mar 11 2026 23:32:07 GMT+0800 (中国标准时间)
23:32:45.415  由于“保留日志”的原因，已阻止console.clear()
23:32:45.416  {}
23:32:45.416  由于“保留日志”的原因，已阻止console.clear()
23:32:45.917  
23:32:45.917  由于“保留日志”的原因，已阻止console.clear()
23:32:45.917  
23:32:45.918  由于“保留日志”的原因，已阻止console.clear()
23:32:45.918  (索引)toStringlastIndexdotAllflagsglobalhasIndicesignoreCasemultilinesourcestickyunicodeunicodeSets(索引)toStringlastIndexdotAllflagsglobalhasIndicesignoreCasemultilinesourcestickyunicodeunicodeSetsdepƒ0false''falsefalsefalsefalse' 'falsefalsefalseObject
23:32:45.918  由于“保留日志”的原因，已阻止console.clear()
23:32:45.918  Wed Mar 11 2026 23:32:07 GMT+0800 (中国标准时间)
23:32:45.918  由于“保留日志”的原因，已阻止console.clear()
23:32:45.918  {}
23:32:45.918  由于“保留日志”的原因，已阻止console.clear()
23:32:46.420  
23:32:46.420  由于“保留日志”的原因，已阻止console.clear()
23:32:46.420  
23:32:46.420  由于“保留日志”的原因，已阻止console.clear()
23:32:46.420  (索引)toStringlastIndexdotAllflagsglobalhasIndicesignoreCasemultilinesourcestickyunicodeunicodeSets(索引)toStringlastIndexdotAllflagsglobalhasIndicesignoreCasemultilinesourcestickyunicodeunicodeSetsdepƒ0false''falsefalsefalsefalse' 'falsefalsefalseObject
23:32:46.420  由于“保留日志”的原因，已阻止console.clear()
23:32:46.420  Wed Mar 11 2026 23:32:07 GMT+0800 (中国标准时间)
23:32:46.420  由于“保留日志”的原因，已阻止console.clear()
23:32:46.421  {}
23:32:46.421  由于“保留日志”的原因，已阻止console.clear()
23:32:46.921  
23:32:46.922  由于“保留日志”的原因，已阻止console.clear()
23:32:46.922  
23:32:46.922  由于“保留日志”的原因，已阻止console.clear()
23:32:46.922  (索引)toStringlastIndexdotAllflagsglobalhasIndicesignoreCasemultilinesourcestickyunicodeunicodeSets(索引)toStringlastIndexdotAllflagsglobalhasIndicesignoreCasemultilinesourcestickyunicodeunicodeSetsdepƒ0false''falsefalsefalsefalse' 'falsefalsefalseObject
23:32:46.922  由于“保留日志”的原因，已阻止console.clear()
23:32:46.922  Wed Mar 11 2026 23:32:07 GMT+0800 (中国标准时间)
23:32:46.923  由于“保留日志”的原因，已阻止console.clear()
23:32:46.923  {}
23:32:46.923  由于“保留日志”的原因，已阻止console.clear()
23:32:47.438  
23:32:47.438  由于“保留日志”的原因，已阻止console.clear()
23:32:47.439  
23:32:47.439  由于“保留日志”的原因，已阻止console.clear()
23:32:47.439  (索引)toStringlastIndexdotAllflagsglobalhasIndicesignoreCasemultilinesourcestickyunicodeunicodeSets(索引)toStringlastIndexdotAllflagsglobalhasIndicesignoreCasemultilinesourcestickyunicodeunicodeSetsdepƒ0false''falsefalsefalsefalse' 'falsefalsefalseObject
23:32:47.440  由于“保留日志”的原因，已阻止console.clear()
23:32:47.440  Wed Mar 11 2026 23:32:07 GMT+0800 (中国标准时间)
23:32:47.441  由于“保留日志”的原因，已阻止console.clear()
23:32:47.441  {}
23:32:47.441  由于“保留日志”的原因，已阻止console.clear()
23:32:47.955  
23:32:47.955  由于“保留日志”的原因，已阻止console.clear()
23:32:47.956  
23:32:47.956  由于“保留日志”的原因，已阻止console.clear()
23:32:47.956  (索引)toStringlastIndexdotAllflagsglobalhasIndicesignoreCasemultilinesourcestickyunicodeunicodeSets(索引)toStringlastIndexdotAllflagsglobalhasIndicesignoreCasemultilinesourcestickyunicodeunicodeSetsdepƒ0false''falsefalsefalsefalse' 'falsefalsefalseObject
23:32:47.956  由于“保留日志”的原因，已阻止console.clear()
23:32:47.956  Wed Mar 11 2026 23:32:07 GMT+0800 (中国标准时间)
23:32:47.957  由于“保留日志”的原因，已阻止console.clear()
23:32:47.957  {}
23:32:47.957  由于“保留日志”的原因，已阻止console.clear()
23:32:48.468  
23:32:48.469  由于“保留日志”的原因，已阻止console.clear()
23:32:48.469  
23:32:48.469  由于“保留日志”的原因，已阻止console.clear()
23:32:48.469  (索引)toStringlastIndexdotAllflagsglobalhasIndicesignoreCasemultilinesourcestickyunicodeunicodeSets(索引)toStringlastIndexdotAllflagsglobalhasIndicesignoreCasemultilinesourcestickyunicodeunicodeSetsdepƒ0false''falsefalsefalsefalse' 'falsefalsefalseObject
23:32:48.469  由于“保留日志”的原因，已阻止console.clear()
23:32:48.470  Wed Mar 11 2026 23:32:07 GMT+0800 (中国标准时间)
23:32:48.470  由于“保留日志”的原因，已阻止console.clear()
23:32:48.470  {}
23:32:48.471  由于“保留日志”的原因，已阻止console.clear()
23:32:48.982  
23:32:48.983  由于“保留日志”的原因，已阻止console.clear()
23:32:48.983  
23:32:48.983  由于“保留日志”的原因，已阻止console.clear()
23:32:48.983  (索引)toStringlastIndexdotAllflagsglobalhasIndicesignoreCasemultilinesourcestickyunicodeunicodeSets(索引)toStringlastIndexdotAllflagsglobalhasIndicesignoreCasemultilinesourcestickyunicodeunicodeSetsdepƒ0false''falsefalsefalsefalse' 'falsefalsefalseObject
23:32:48.983  由于“保留日志”的原因，已阻止console.clear()
23:32:48.983  Wed Mar 11 2026 23:32:07 GMT+0800 (中国标准时间)
23:32:48.983  由于“保留日志”的原因，已阻止console.clear()
23:32:48.983  {}
23:32:48.983  由于“保留日志”的原因，已阻止console.clear()
23:32:49.496  
23:32:49.496  由于“保留日志”的原因，已阻止console.clear()
23:32:49.496  
23:32:49.496  由于“保留日志”的原因，已阻止console.clear()
23:32:49.496  (索引)toStringlastIndexdotAllflagsglobalhasIndicesignoreCasemultilinesourcestickyunicodeunicodeSets(索引)toStringlastIndexdotAllflagsglobalhasIndicesignoreCasemultilinesourcestickyunicodeunicodeSetsdepƒ0false''falsefalsefalsefalse' 'falsefalsefalseObject
23:32:49.497  由于“保留日志”的原因，已阻止console.clear()
23:32:49.497  Wed Mar 11 2026 23:32:07 GMT+0800 (中国标准时间)
23:32:49.497  由于“保留日志”的原因，已阻止console.clear()
23:32:49.497  {}
23:32:49.497  由于“保留日志”的原因，已阻止console.clear()
23:32:50.011  
23:32:50.011  由于“保留日志”的原因，已阻止console.clear()
23:32:50.011  
23:32:50.011  由于“保留日志”的原因，已阻止console.clear()
23:32:50.011  (索引)toStringlastIndexdotAllflagsglobalhasIndicesignoreCasemultilinesourcestickyunicodeunicodeSets(索引)toStringlastIndexdotAllflagsglobalhasIndicesignoreCasemultilinesourcestickyunicodeunicodeSetsdepƒ0false''falsefalsefalsefalse' 'falsefalsefalseObject
23:32:50.011  由于“保留日志”的原因，已阻止console.clear()
23:32:50.012  Wed Mar 11 2026 23:32:07 GMT+0800 (中国标准时间)
23:32:50.012  由于“保留日志”的原因，已阻止console.clear()
23:32:50.012  {}
23:32:50.012  由于“保留日志”的原因，已阻止console.clear()
23:32:50.526  
23:32:50.526  由于“保留日志”的原因，已阻止console.clear()
23:32:50.527  
23:32:50.527  由于“保留日志”的原因，已阻止console.clear()
23:32:50.527  (索引)toStringlastIndexdotAllflagsglobalhasIndicesignoreCasemultilinesourcestickyunicodeunicodeSets(索引)toStringlastIndexdotAllflagsglobalhasIndicesignoreCasemultilinesourcestickyunicodeunicodeSetsdepƒ0false''falsefalsefalsefalse' 'falsefalsefalseObject
23:32:50.527  由于“保留日志”的原因，已阻止console.clear()
23:32:50.527  Wed Mar 11 2026 23:32:07 GMT+0800 (中国标准时间)
23:32:50.528  由于“保留日志”的原因，已阻止console.clear()
23:32:50.528  {}
23:32:50.529  由于“保留日志”的原因，已阻止console.clear()
23:32:51.039  
23:32:51.039  由于“保留日志”的原因，已阻止console.clear()
23:32:51.039  
23:32:51.039  由于“保留日志”的原因，已阻止console.clear()
23:32:51.039  (索引)toStringlastIndexdotAllflagsglobalhasIndicesignoreCasemultilinesourcestickyunicodeunicodeSets(索引)toStringlastIndexdotAllflagsglobalhasIndicesignoreCasemultilinesourcestickyunicodeunicodeSetsdepƒ0false''falsefalsefalsefalse' 'falsefalsefalseObject
23:32:51.039  由于“保留日志”的原因，已阻止console.clear()
23:32:51.039  Wed Mar 11 2026 23:32:07 GMT+0800 (中国标准时间)
23:32:51.040  由于“保留日志”的原因，已阻止console.clear()
23:32:51.040  {}
23:32:51.040  由于“保留日志”的原因，已阻止console.clear()
23:32:51.555  
23:32:51.555  由于“保留日志”的原因，已阻止console.clear()
23:32:51.555  
23:32:51.555  由于“保留日志”的原因，已阻止console.clear()
23:32:51.555  (索引)toStringlastIndexdotAllflagsglobalhasIndicesignoreCasemultilinesourcestickyunicodeunicodeSets(索引)toStringlastIndexdotAllflagsglobalhasIndicesignoreCasemultilinesourcestickyunicodeunicodeSetsdepƒ0false''falsefalsefalsefalse' 'falsefalsefalseObject
23:32:51.555  由于“保留日志”的原因，已阻止console.clear()
23:32:51.555  Wed Mar 11 2026 23:32:07 GMT+0800 (中国标准时间)
23:32:51.556  由于“保留日志”的原因，已阻止console.clear()
23:32:51.556  {}
23:32:51.556  由于“保留日志”的原因，已阻止console.clear()
23:32:52.070  
23:32:52.071  由于“保留日志”的原因，已阻止console.clear()
23:32:52.071  
23:32:52.071  由于“保留日志”的原因，已阻止console.clear()
23:32:52.072  (索引)toStringlastIndexdotAllflagsglobalhasIndicesignoreCasemultilinesourcestickyunicodeunicodeSets(索引)toStringlastIndexdotAllflagsglobalhasIndicesignoreCasemultilinesourcestickyunicodeunicodeSetsdepƒ0false''falsefalsefalsefalse' 'falsefalsefalseObject
23:32:52.072  由于“保留日志”的原因，已阻止console.clear()
23:32:52.072  Wed Mar 11 2026 23:32:07 GMT+0800 (中国标准时间)
23:32:52.073  由于“保留日志”的原因，已阻止console.clear()
23:32:52.073  {}
23:32:52.073  由于“保留日志”的原因，已阻止console.clear()
23:32:52.585  
23:32:52.586  由于“保留日志”的原因，已阻止console.clear()
23:32:52.586  
23:32:52.586  由于“保留日志”的原因，已阻止console.clear()
23:32:52.586  (索引)toStringlastIndexdotAllflagsglobalhasIndicesignoreCasemultilinesourcestickyunicodeunicodeSets(索引)toStringlastIndexdotAllflagsglobalhasIndicesignoreCasemultilinesourcestickyunicodeunicodeSetsdepƒ0false''falsefalsefalsefalse' 'falsefalsefalseObject
23:32:52.587  由于“保留日志”的原因，已阻止console.clear()
23:32:52.587  Wed Mar 11 2026 23:32:07 GMT+0800 (中国标准时间)
23:32:52.588  由于“保留日志”的原因，已阻止console.clear()
23:32:52.588  {}
23:32:52.589  由于“保留日志”的原因，已阻止console.clear()
23:32:53.099  
23:32:53.099  由于“保留日志”的原因，已阻止console.clear()
23:32:53.099  
23:32:53.099  由于“保留日志”的原因，已阻止console.clear()
23:32:53.099  (索引)toStringlastIndexdotAllflagsglobalhasIndicesignoreCasemultilinesourcestickyunicodeunicodeSets(索引)toStringlastIndexdotAllflagsglobalhasIndicesignoreCasemultilinesourcestickyunicodeunicodeSetsdepƒ0false''falsefalsefalsefalse' 'falsefalsefalseObject
23:32:53.100  由于“保留日志”的原因，已阻止console.clear()
23:32:53.100  Wed Mar 11 2026 23:32:07 GMT+0800 (中国标准时间)
23:32:53.100  由于“保留日志”的原因，已阻止console.clear()
23:32:53.100  {}
23:32:53.100  由于“保留日志”的原因，已阻止console.clear()
23:32:53.614  
23:32:53.615  由于“保留日志”的原因，已阻止console.clear()
23:32:53.615  
23:32:53.616  由于“保留日志”的原因，已阻止console.clear()
23:32:53.616  (索引)toStringlastIndexdotAllflagsglobalhasIndicesignoreCasemultilinesourcestickyunicodeunicodeSets(索引)toStringlastIndexdotAllflagsglobalhasIndicesignoreCasemultilinesourcestickyunicodeunicodeSetsdepƒ0false''falsefalsefalsefalse' 'falsefalsefalseObject
23:32:53.616  由于“保留日志”的原因，已阻止console.clear()
23:32:53.617  Wed Mar 11 2026 23:32:07 GMT+0800 (中国标准时间)
23:32:53.617  由于“保留日志”的原因，已阻止console.clear()
23:32:53.617  {}
23:32:53.618  由于“保留日志”的原因，已阻止console.clear()
23:32:54.132  
23:32:54.133  由于“保留日志”的原因，已阻止console.clear()
23:32:54.133  
23:32:54.134  由于“保留日志”的原因，已阻止console.clear()
23:32:54.134  (索引)toStringlastIndexdotAllflagsglobalhasIndicesignoreCasemultilinesourcestickyunicodeunicodeSets(索引)toStringlastIndexdotAllflagsglobalhasIndicesignoreCasemultilinesourcestickyunicodeunicodeSetsdepƒ0false''falsefalsefalsefalse' 'falsefalsefalseObject
23:32:54.134  由于“保留日志”的原因，已阻止console.clear()
23:32:54.135  Wed Mar 11 2026 23:32:07 GMT+0800 (中国标准时间)
23:32:54.135  由于“保留日志”的原因，已阻止console.clear()
23:32:54.136  {}
23:32:54.136  由于“保留日志”的原因，已阻止console.clear()
23:32:54.639  
23:32:54.639  由于“保留日志”的原因，已阻止console.clear()
23:32:54.639  
23:32:54.639  由于“保留日志”的原因，已阻止console.clear()
23:32:54.640  (索引)toStringlastIndexdotAllflagsglobalhasIndicesignoreCasemultilinesourcestickyunicodeunicodeSets(索引)toStringlastIndexdotAllflagsglobalhasIndicesignoreCasemultilinesourcestickyunicodeunicodeSetsdepƒ0false''falsefalsefalsefalse' 'falsefalsefalseObject
23:32:54.640  由于“保留日志”的原因，已阻止console.clear()
23:32:54.640  Wed Mar 11 2026 23:32:07 GMT+0800 (中国标准时间)
23:32:54.640  由于“保留日志”的原因，已阻止console.clear()
23:32:54.641  {}
23:32:54.641  由于“保留日志”的原因，已阻止console.clear()
23:32:55.148  
23:32:55.148  由于“保留日志”的原因，已阻止console.clear()
23:32:55.148  
23:32:55.148  由于“保留日志”的原因，已阻止console.clear()
23:32:55.148  (索引)toStringlastIndexdotAllflagsglobalhasIndicesignoreCasemultilinesourcestickyunicodeunicodeSets(索引)toStringlastIndexdotAllflagsglobalhasIndicesignoreCasemultilinesourcestickyunicodeunicodeSetsdepƒ0false''falsefalsefalsefalse' 'falsefalsefalseObject
23:32:55.148  由于“保留日志”的原因，已阻止console.clear()
23:32:55.148  Wed Mar 11 2026 23:32:07 GMT+0800 (中国标准时间)
23:32:55.148  由于“保留日志”的原因，已阻止console.clear()
23:32:55.148  {}
23:32:55.148  由于“保留日志”的原因，已阻止console.clear()
23:32:55.653  
23:32:55.653  由于“保留日志”的原因，已阻止console.clear()
23:32:55.653  
23:32:55.653  由于“保留日志”的原因，已阻止console.clear()
23:32:55.653  (索引)toStringlastIndexdotAllflagsglobalhasIndicesignoreCasemultilinesourcestickyunicodeunicodeSets(索引)toStringlastIndexdotAllflagsglobalhasIndicesignoreCasemultilinesourcestickyunicodeunicodeSetsdepƒ0false''falsefalsefalsefalse' 'falsefalsefalseObject
23:32:55.653  由于“保留日志”的原因，已阻止console.clear()
23:32:55.653  Wed Mar 11 2026 23:32:07 GMT+0800 (中国标准时间)
23:32:55.653  由于“保留日志”的原因，已阻止console.clear()
23:32:55.653  {}
23:32:55.653  由于“保留日志”的原因，已阻止console.clear()
